#  3D Slicer output. SPACE=LPS

mtllib brachiocephalic trunk.mtl

v -8.028984069824219 -27.731895446777344 -88.72901916503906
v -7.341015338897705 -27.819252014160156 -88.81507873535156
v -6.566071510314941 -27.872323989868164 -88.86165618896484
v -5.752038955688477 -27.89394760131836 -88.89110565185547
v -4.9248456954956055 -27.895009994506836 -88.9117431640625
v -4.103446006774902 -27.88553237915039 -88.92204284667969
v -3.310716152191162 -27.873838424682617 -88.91380310058594
v -2.5868892669677734 -27.867889404296875 -88.87462615966797
v -2.0003795623779297 -27.872180938720703 -88.78814697265625
v -1.61513090133667 -27.880525588989258 -88.62136840820312
v -8.360183715820312 -27.1216983795166 -89.05647277832031
v -7.656610012054443 -27.240074157714844 -89.25765991210938
v -6.908023357391357 -27.295970916748047 -89.33929443359375
v -6.114816665649414 -27.31875228881836 -89.3674087524414
v -5.303740501403809 -27.327537536621094 -89.3667221069336
v -4.497087001800537 -27.337038040161133 -89.3450927734375
v -3.7087321281433105 -27.350378036499023 -89.29344177246094
v -2.95255184173584 -27.37848663330078 -89.19570922851562
v -2.2675275802612305 -27.44367218017578 -89.0359878540039
v -1.7074108123779297 -27.545093536376953 -88.77944946289062
v -8.843612670898438 -26.56918716430664 -88.93379211425781
v -8.334552764892578 -26.41260528564453 -89.37492370605469
v -7.807815074920654 -26.54645538330078 -89.51057434082031
v -7.105123996734619 -26.608169555664062 -89.6017074584961
v -6.342744827270508 -26.63564682006836 -89.62532043457031
v -5.557036399841309 -26.65199089050293 -89.60277557373047
v -4.771482944488525 -26.680015563964844 -89.55192565917969
v -4.015111923217773 -26.73124122619629 -89.4784927368164
v -3.2723069190979004 -26.761436462402344 -89.34505462646484
v -2.5322914123535156 -26.834964752197266 -89.14379119873047
v -1.863861083984375 -26.999164581298828 -88.87104034423828
v -9.011495590209961 -25.79125213623047 -89.0224838256836
v -8.474504470825195 -25.810504913330078 -89.39273834228516
v -7.862198352813721 -25.81414031982422 -89.61357116699219
v -7.1860551834106445 -25.854755401611328 -89.69802856445312
v -6.457281112670898 -25.888490676879883 -89.70470428466797
v -5.707240104675293 -25.91390609741211 -89.65225219726562
v -4.944717884063721 -25.949932098388672 -89.55978393554688
v -4.18926477432251 -26.035953521728516 -89.4522476196289
v -3.5614728927612305 -26.19776725769043 -89.36100006103516
v -2.814936637878418 -26.05394172668457 -89.0749740600586
v -2.0340561866760254 -26.33017349243164 -88.8238525390625
v -9.14602279663086 -25.030540466308594 -89.01134490966797
v -8.552861213684082 -25.04400062561035 -89.3996810913086
v -7.896280288696289 -25.051366806030273 -89.6115493774414
v -7.199513912200928 -25.06821060180664 -89.68677520751953
v -6.485557556152344 -25.10833740234375 -89.66384887695312
v -5.784952640533447 -25.166833877563477 -89.58305358886719
v -5.069339275360107 -25.194704055786133 -89.43756103515625
v -4.307997226715088 -25.262975692749023 -89.26227569580078
v -3.478264808654785 -25.453018188476562 -89.08931732177734
v -9.322571754455566 -24.14008331298828 -89.03427124023438
v -8.605003356933594 -24.221420288085938 -89.40738677978516
v -7.901978492736816 -24.241912841796875 -89.58995819091797
v -7.182323932647705 -24.25910186767578 -89.63150024414062
v -6.462764739990234 -24.304603576660156 -89.56439971923828
v -5.767571926116943 -24.400150299072266 -89.43042755126953
v -5.206239223480225 -24.567890167236328 -89.31526184082031
v -4.457342624664307 -24.403358459472656 -88.98571014404297
v -3.6907076835632324 -24.647653579711914 -88.79814147949219
v -10.423290252685547 -23.195480346679688 -88.6398696899414
v -9.833240509033203 -23.471092224121094 -88.92467498779297
v -9.168195724487305 -23.257709503173828 -89.34799194335938
v -8.600354194641113 -23.381757736206055 -89.48272705078125
v -7.886290550231934 -23.417938232421875 -89.58904266357422
v -7.151353359222412 -23.43947982788086 -89.58293914794922
v -6.428062915802002 -23.488117218017578 -89.46662902832031
v -5.722916126251221 -23.590028762817383 -89.26280975341797
v -4.981100559234619 -23.777807235717773 -88.99559020996094
v -10.526859283447266 -22.529172897338867 -88.90045166015625
v -9.973394393920898 -22.614383697509766 -89.19666290283203
v -9.299505233764648 -22.624313354492188 -89.43195343017578
v -8.588933944702148 -22.596572875976562 -89.58110809326172
v -7.860112190246582 -22.608196258544922 -89.61719512939453
v -7.1152448654174805 -22.626161575317383 -89.56119537353516
v -6.394219398498535 -22.675777435302734 -89.40296173095703
v -5.712747573852539 -22.77709197998047 -89.15264129638672
v -5.060410499572754 -22.927356719970703 -88.83651733398438
v -10.620570182800293 -21.856414794921875 -88.98384094238281
v -10.059547424316406 -21.86688232421875 -89.34383392333984
v -9.375083923339844 -21.86741828918457 -89.54986572265625
v -8.619236946105957 -21.84309959411621 -89.6505355834961
v -7.843351364135742 -21.821285247802734 -89.654541015625
v -7.080662250518799 -21.826541900634766 -89.56260681152344
v -6.357979774475098 -21.87415313720703 -89.37446594238281
v -5.692398548126221 -21.979976654052734 -89.09481048583984
v -5.079495906829834 -22.143125534057617 -88.74713897705078
v -10.67854118347168 -21.12938117980957 -89.00001525878906
v -10.11105728149414 -21.113813400268555 -89.4101333618164
v -9.41718864440918 -21.094465255737305 -89.63043212890625
v -8.641349792480469 -21.065902709960938 -89.71260070800781
v -7.837271690368652 -21.038223266601562 -89.69078063964844
v -7.052671909332275 -21.03487205505371 -89.5767593383789
v -6.321620941162109 -21.079301834106445 -89.37114715576172
v -5.661332607269287 -21.187841415405273 -89.07646179199219
v -5.0681352615356445 -21.362377166748047 -88.71109008789062
v -10.697973251342773 -20.364093780517578 -88.97747039794922
v -10.131072998046875 -20.334075927734375 -89.42920684814453
v -9.43443775177002 -20.30298614501953 -89.67605590820312
v -8.650886535644531 -20.27042007446289 -89.76123809814453
v -7.83308744430542 -20.243406295776367 -89.72702026367188
v -7.032787799835205 -20.24024772644043 -89.59842681884766
v -6.290161609649658 -20.28424835205078 -89.38312530517578
v -5.626261234283447 -20.393741607666016 -89.08363342285156
v -5.039191246032715 -20.573389053344727 -88.7130355834961
v -10.691237449645996 -19.595659255981445 -88.90880584716797
v -10.130346298217773 -19.542430877685547 -89.40174102783203
v -9.43615436553955 -19.498395919799805 -89.68765258789062
v -8.653688430786133 -19.462371826171875 -89.793701171875
v -7.833147048950195 -19.437658309936523 -89.76150512695312
v -7.025015354156494 -19.438194274902344 -89.62562561035156
v -6.271684169769287 -19.484722137451172 -89.40433502197266
v -5.598294734954834 -19.5950984954834 -89.10472869873047
v -5.006694793701172 -19.775306701660156 -88.73703002929688
v -10.682988166809082 -18.880939483642578 -88.76598358154297
v -10.13125228881836 -18.765640258789062 -89.29569244384766
v -9.43608283996582 -18.696998596191406 -89.64332580566406
v -8.659255981445312 -18.65530014038086 -89.79499816894531
v -7.845616340637207 -18.632389068603516 -89.78462219238281
v -7.0388078689575195 -18.635536193847656 -89.6524429321289
v -6.27824068069458 -18.683731079101562 -89.42848205566406
v -5.59232234954834 -18.794845581054688 -89.1299057006836
v -4.9884796142578125 -18.973434448242188 -88.7685775756836
v -10.70803451538086 -18.37590980529785 -88.54133605957031
v -10.181415557861328 -18.01694679260254 -89.03480529785156
v -9.448945999145508 -17.909347534179688 -89.49764251708984
v -8.673942565917969 -17.864715576171875 -89.7317123413086
v -7.875943183898926 -17.847204208374023 -89.77188110351562
v -7.084167003631592 -17.85190200805664 -89.6630859375
v -6.3242316246032715 -17.893564224243164 -89.44355010986328
v -5.624401569366455 -18.001449584960938 -89.14661407470703
v -5.003249645233154 -18.1788330078125 -88.79314422607422
v -9.469103813171387 -17.10672378540039 -89.20211791992188
v -8.69194221496582 -17.09854507446289 -89.56466674804688
v -7.914996147155762 -17.096782684326172 -89.68280792236328
v -7.159614562988281 -17.122650146484375 -89.62993621826172
v -6.425058841705322 -17.142749786376953 -89.43157196044922
v -5.708837509155273 -17.221927642822266 -89.13318634033203
v -5.063331127166748 -17.40757179260254 -88.79154205322266
v -9.253299713134766 -16.323959350585938 -88.91265869140625
v -8.676183700561523 -16.372644424438477 -89.28695678710938
v -7.952535152435303 -16.39154052734375 -89.48123931884766
v -7.209134101867676 -16.437875747680664 -89.48966979980469
v -6.599998474121094 -16.562641143798828 -89.39910888671875
v -5.87383508682251 -16.416656494140625 -89.05292510986328
v -5.158042907714844 -16.674243927001953 -88.72772216796875
v -8.66384506225586 -15.726280212402344 -88.86848449707031
v -7.995235919952393 -15.759730339050293 -89.14749145507812
v -7.271552085876465 -15.79585075378418 -89.217529296875
v -6.473696231842041 -15.89616584777832 -89.11060333251953
v -8.499156951904297 -15.24960994720459 -88.47415924072266
v -8.032047271728516 -15.246665954589844 -88.68854522705078
v -7.375240325927734 -15.251803398132324 -88.80535125732422
v -6.688737869262695 -15.299022674560547 -88.79405975341797
v -8.244096755981445 -28.008710861206055 -88.11492919921875
v -7.622838020324707 -28.144763946533203 -88.10783386230469
v -6.874632835388184 -28.243350982666016 -88.12702178955078
v -6.076669692993164 -28.302156448364258 -88.16089630126953
v -5.255019664764404 -28.323768615722656 -88.20510864257812
v -4.425013065338135 -28.314638137817383 -88.25630187988281
v -3.605020046234131 -28.281665802001953 -88.31024169921875
v -2.8305530548095703 -28.22939109802246 -88.36421966552734
v -2.161705493927002 -28.15496826171875 -88.40988159179688
v -1.742112636566162 -28.070449829101562 -88.46332550048828
v -8.504605293273926 -27.65798568725586 -88.55949401855469
v -1.437830924987793 -27.990304946899414 -88.27613830566406
v -8.823680877685547 -27.30712890625 -88.48690032958984
v -1.30462646484375 -27.68510627746582 -88.36650848388672
v -9.142721176147461 -26.893733978271484 -88.1710433959961
v -9.240221977233887 -26.324928283691406 -88.54915618896484
v -1.3117551803588867 -27.184284210205078 -88.46015930175781
v -9.4193696975708 -25.766063690185547 -88.4676742553711
v -1.420152187347412 -26.567184448242188 -88.48064422607422
v -2.0750999450683594 -25.552427291870117 -88.54366302490234
v -1.5590906143188477 -25.990629196166992 -88.41670989990234
v -9.632539749145508 -25.0734920501709 -88.3810043334961
v -2.744781970977783 -25.320112228393555 -88.7662124633789
v -9.943246841430664 -24.412738800048828 -88.27808380126953
v -3.00900936126709 -24.775278091430664 -88.59783172607422
v -10.726261138916016 -23.514795303344727 -87.90634155273438
v -10.348546981811523 -23.906517028808594 -88.11058044433594
v -3.6791443824768066 -23.863256454467773 -88.39641571044922
v -3.1881213188171387 -24.2344970703125 -88.37570190429688
v -10.78176498413086 -22.990489959716797 -88.3935546875
v -4.278290271759033 -23.64324378967285 -88.59657287597656
v -10.922563552856445 -22.50080108642578 -88.41804504394531
v -4.431366920471191 -23.055898666381836 -88.48403930664062
v -11.033641815185547 -21.862459182739258 -88.40023040771484
v -4.499566555023193 -22.336078643798828 -88.37310791015625
v -11.095881462097168 -21.145761489868164 -88.35899353027344
v -4.518628120422363 -21.583986282348633 -88.31478118896484
v -11.110305786132812 -20.389997482299805 -88.29784393310547
v -4.505479335784912 -20.80866050720215 -88.30501556396484
v -11.087632179260254 -19.639408111572266 -88.2034683227539
v -4.475760459899902 -20.01436996459961 -88.32771301269531
v -11.036324501037598 -18.946086883544922 -88.06304931640625
v -4.449665546417236 -19.20963478088379 -88.36475372314453
v -10.921716690063477 -18.296659469604492 -87.904052734375
v -4.449796676635742 -18.408525466918945 -88.3984375
v -10.525739669799805 -17.804956436157227 -88.4713363647461
v -10.090934753417969 -17.36912727355957 -88.81790161132812
v -9.828435897827148 -16.789472579956055 -88.66249084472656
v -4.494965076446533 -17.631637573242188 -88.41163635253906
v -9.614860534667969 -16.208351135253906 -88.33587646484375
v -4.591178894042969 -16.912353515625 -88.38798522949219
v -9.184514999389648 -15.868293762207031 -88.58528137207031
v -5.179882049560547 -15.952897071838379 -88.4836196899414
v -4.713952541351318 -16.34300994873047 -88.32420349121094
v -8.934712409973145 -15.467226028442383 -88.35235595703125
v -5.778467655181885 -15.7506103515625 -88.76571655273438
v -8.667671203613281 -15.068281173706055 -87.94235229492188
v -6.037962436676025 -15.328132629394531 -88.61400604248047
v -8.129274368286133 -14.892292022705078 -88.08822631835938
v -7.484865188598633 -14.823829650878906 -88.21369171142578
v -6.78708553314209 -14.849149703979492 -88.26580047607422
v -6.244182586669922 -14.958405494689941 -88.3138656616211
v -8.386087417602539 -28.064369201660156 -87.5942611694336
v -7.8179240226745605 -28.245437622070312 -87.26764678955078
v -7.04272985458374 -28.394210815429688 -87.21916198730469
v -6.260550022125244 -28.502296447753906 -87.24044799804688
v -5.462992191314697 -28.565143585205078 -87.29473114013672
v -4.652750492095947 -28.582048416137695 -87.3721694946289
v -3.8353443145751953 -28.554153442382812 -87.46040344238281
v -3.026139736175537 -28.484285354614258 -87.5625228881836
v -2.278923988342285 -28.373504638671875 -87.69641876220703
v -1.602780818939209 -28.179645538330078 -87.81848907470703
v -8.668065071105957 -27.790058135986328 -88.04008483886719
v -1.0774970054626465 -27.86605453491211 -87.7396011352539
v -8.646858215332031 -27.854692459106445 -87.35767364501953
v -8.220672607421875 -28.095256805419922 -86.92825317382812
v -0.522923469543457 -27.59429168701172 -87.0404052734375
v -0.1895427703857422 -27.5550479888916 -86.40445709228516
v -8.945465087890625 -27.457475662231445 -87.74784088134766
v -0.8755922317504883 -27.386165618896484 -87.86258697509766
v -9.134471893310547 -27.012479782104492 -87.1126937866211
v -8.819473266601562 -27.550708770751953 -86.99691772460938
v -8.451568603515625 -27.81805992126465 -86.5615463256836
v -0.43648481369018555 -26.995431900024414 -87.26909637451172
v -0.12998580932617188 -27.170026779174805 -86.55689239501953
v -9.416699409484863 -26.394975662231445 -87.84797668457031
v -0.8812069892883301 -26.771318435668945 -87.94975280761719
v -0.47649145126342773 -26.300132751464844 -87.32345581054688
v -0.09264945983886719 -26.575637817382812 -86.63742065429688
v -9.673845291137695 -25.77977180480957 -87.65705108642578
v -1.0181665420532227 -26.08853530883789 -87.96016693115234
v -1.7411351203918457 -24.966943740844727 -88.0715560913086
v -1.3384103775024414 -25.446533203125 -88.0026626586914
v -0.6294727325439453 -25.451171875 -87.28900909423828
v -0.11172294616699219 -25.852441787719727 -86.59191131591797
v -9.949911117553711 -25.1558780670166 -87.513427734375
v -2.3378372192382812 -24.854385375976562 -88.34266662597656
v -1.865983009338379 -24.360668182373047 -87.83626556396484
v -1.1255145072937012 -24.690664291381836 -87.50114440917969
v -0.4923582077026367 -24.724817276000977 -86.92962646484375
v -0.1178741455078125 -25.085712432861328 -86.46724700927734
v -10.264205932617188 -24.595510482788086 -87.37110137939453
v -2.5823354721069336 -24.24468994140625 -88.12324523925781
v -10.887765884399414 -23.654376983642578 -86.98287963867188
v -10.591018676757812 -24.114513397216797 -87.18780517578125
v -3.3098697662353516 -23.29460334777832 -87.95074462890625
v -2.936387062072754 -23.701847076416016 -87.9874038696289
v -2.109825611114502 -23.60174560546875 -87.60456085205078
v -1.3048171997070312 -23.868417739868164 -87.30712890625
v -0.6386280059814453 -24.09450912475586 -86.88800811767578
v -0.1335620880126953 -24.35563850402832 -86.34651184082031
v -10.996711730957031 -23.08177947998047 -87.75341033935547
v -3.839242458343506 -23.183368682861328 -88.17485809326172
v -3.3447265625 -22.72231674194336 -87.76103973388672
v -2.6698946952819824 -22.984493255615234 -87.5802993774414
v -1.958000659942627 -22.91530418395996 -87.29949951171875
v -1.3945817947387695 -23.141395568847656 -87.12749481201172
v -0.7457613945007324 -23.368526458740234 -86.7837905883789
v -0.19567012786865234 -23.633920669555664 -86.27933502197266
v -11.178815841674805 -22.52984046936035 -87.65506744384766
v -3.929877281188965 -22.53044891357422 -88.02867889404297
v -3.412485122680664 -22.039175033569336 -87.63557434082031
v -2.7894020080566406 -22.230661392211914 -87.41058349609375
v -2.114284038543701 -22.34994125366211 -87.21256256103516
v -1.4475584030151367 -22.459102630615234 -86.99413299560547
v -0.8160233497619629 -22.64418601989746 -86.69052124023438
v -0.2502322196960449 -22.8940372467041 -86.22215270996094
v -11.300600051879883 -21.878862380981445 -87.56599426269531
v -3.9785385131835938 -21.81951904296875 -87.94078826904297
v -3.447890281677246 -21.312368392944336 -87.57553100585938
v -2.8560757637023926 -21.512210845947266 -87.32322692871094
v -2.206432819366455 -21.654438018798828 -87.12554931640625
v -1.528489589691162 -21.766817092895508 -86.91787719726562
v -0.8727908134460449 -21.913124084472656 -86.6241455078125
v -0.29157400131225586 -22.139907836914062 -86.17752075195312
v -11.362409591674805 -21.15848159790039 -87.48271942138672
v -3.9879679679870605 -21.067737579345703 -87.90966033935547
v -3.4479260444641113 -20.547914505004883 -87.56473541259766
v -2.884387969970703 -20.769237518310547 -87.28816986083984
v -2.2646546363830566 -20.9235782623291 -87.07637786865234
v -1.5979409217834473 -21.028995513916016 -86.86820983886719
v -0.9306907653808594 -21.153236389160156 -86.57974243164062
v -0.3294706344604492 -21.360624313354492 -86.14013671875
v -11.36786937713623 -20.401752471923828 -87.39738464355469
v -3.969109058380127 -20.284425735473633 -87.92091369628906
v -3.4273743629455566 -19.75295639038086 -87.58228302001953
v -2.8798818588256836 -19.995880126953125 -87.28084564208984
v -2.301502227783203 -20.186328887939453 -87.05436706542969
v -1.670396327972412 -20.27578353881836 -86.84070587158203
v -1.0002970695495605 -20.358741760253906 -86.55204772949219
v -0.37719011306762695 -20.544767379760742 -86.10431671142578
v -11.323308944702148 -19.644451141357422 -87.29206085205078
v -3.941929340362549 -19.4803466796875 -87.95459747314453
v -3.413987159729004 -18.94261932373047 -87.60635375976562
v -2.8663039207458496 -19.194625854492188 -87.27828979492188
v -2.2851109504699707 -19.418716430664062 -87.01583862304688
v -1.783907413482666 -19.642602920532227 -86.83887481689453
v -1.109766960144043 -19.490455627441406 -86.52275085449219
v -0.4593849182128906 -19.735599517822266 -86.10458374023438
v -11.227285385131836 -18.906604766845703 -87.14893341064453
v -3.9321303367614746 -18.671751022338867 -87.99018859863281
v -3.437376022338867 -18.140125274658203 -87.61566162109375
v -2.887094020843506 -18.38909339904785 -87.26337432861328
v -2.2906899452209473 -18.61221694946289 -86.95625305175781
v -1.5953779220581055 -18.837011337280273 -86.64840698242188
v -11.074054718017578 -18.182897567749023 -86.9565200805664
v -3.964245319366455 -17.88010597229004 -88.00830841064453
v -10.73721694946289 -17.656814575195312 -87.7219009399414
v -10.326517105102539 -17.202354431152344 -88.26122283935547
v -3.518402576446533 -17.370689392089844 -87.5912857055664
v -2.965116500854492 -17.61021614074707 -87.21431732177734
v -2.386307716369629 -17.83373260498047 -86.87824249267578
v -1.780235767364502 -18.01506233215332 -86.55479431152344
v -10.098064422607422 -16.621578216552734 -87.92922973632812
v -4.055988788604736 -17.131196975708008 -87.9934310913086
v -3.668677806854248 -16.657745361328125 -87.52090454101562
v -3.108668327331543 -16.8795108795166 -87.11528778076172
v -2.5277256965637207 -17.101001739501953 -86.73095703125
v -1.9554495811462402 -17.33919334411621 -86.40556335449219
v -9.839021682739258 -16.02295684814453 -87.42351531982422
v -4.2221784591674805 -16.452396392822266 -87.94002532958984
v -9.379363059997559 -15.721237182617188 -88.038330078125
v -4.919886589050293 -15.49072265625 -87.99591064453125
v -4.540836811065674 -15.887414932250977 -87.935791015625
v -3.885531425476074 -15.943157196044922 -87.33272552490234
v -3.3223986625671387 -16.291404724121094 -87.02438354492188
v -2.7429580688476562 -16.347610473632812 -86.47132873535156
v -2.1129608154296875 -16.70486831665039 -86.11915588378906
v -9.116888046264648 -15.311574935913086 -87.72323608398438
v -5.434167385101318 -15.384090423583984 -88.31291198730469
v -9.478306770324707 -15.551304817199707 -87.3904037475586
v -5.0881266593933105 -15.080320358276367 -87.70698547363281
v -4.433035850524902 -15.343236923217773 -87.35145568847656
v -3.8327693939208984 -15.419017791748047 -86.81571960449219
v -3.2832860946655273 -15.742790222167969 -86.54365539550781
v -8.86852741241455 -14.975845336914062 -87.30850219726562
v -5.6929826736450195 -14.965415000915527 -88.03043365478516
v -8.352697372436523 -14.665865898132324 -87.26272583007812
v -7.659018039703369 -14.49878215789795 -87.46452331542969
v -6.887650489807129 -14.446759223937988 -87.48340606689453
v -6.048858165740967 -14.586723327636719 -87.54035949707031
v -9.259414672851562 -15.196561813354492 -86.92405700683594
v -5.356299877166748 -14.724027633666992 -87.37491607666016
v -4.7513604164123535 -14.815532684326172 -86.92485809326172
v -4.091787338256836 -15.002608299255371 -86.51451110839844
v -3.523874282836914 -15.209555625915527 -86.18141174316406
v -7.088744640350342 -28.331708908081055 -86.17115020751953
v -6.3112616539001465 -28.484416961669922 -86.20044708251953
v -5.548548698425293 -28.59615135192871 -86.26991271972656
v -4.774653911590576 -28.654502868652344 -86.36669158935547
v -4.002177715301514 -28.659461975097656 -86.49547576904297
v -3.205716609954834 -28.595829010009766 -86.59004211425781
v -2.3903965950012207 -28.47609519958496 -86.73622131347656
v -1.7442941665649414 -28.331661224365234 -87.01164245605469
v -0.9855985641479492 -28.04785919189453 -86.7449951171875
v -0.41069984436035156 -27.80868911743164 -86.47796630859375
v -7.739746570587158 -28.22059440612793 -86.45523071289062
v -0.22090673446655273 -27.684402465820312 -86.05030059814453
v -0.8400201797485352 -27.987110137939453 -85.69099426269531
v -0.4921078681945801 -27.888334274291992 -86.08283996582031
v -7.969009876251221 -28.022050857543945 -86.13128662109375
v -0.04662275314331055 -27.27626609802246 -85.82469940185547
v -9.082555770874023 -26.769268035888672 -85.90526580810547
v -8.618152618408203 -27.361011505126953 -86.02397918701172
v -8.143890380859375 -27.732908248901367 -85.78048706054688
v -0.7231473922729492 -27.775632858276367 -84.9978256225586
v -0.3525853157043457 -27.63751792907715 -85.44857025146484
v -9.481679916381836 -26.354290008544922 -86.84009552001953
v 0.06413459777832031 -26.800668716430664 -86.03382110595703
v -9.789884567260742 -25.749052047729492 -86.6302490234375
v 0.12362003326416016 -26.20732879638672 -85.88691711425781
v -10.094297409057617 -25.179183959960938 -86.50402069091797
v 0.1621723175048828 -25.4608154296875 -85.7766342163086
v -10.387802124023438 -24.677383422851562 -86.36028289794922
v 0.18477439880371094 -24.70624542236328 -85.69183349609375
v -10.936677932739258 -23.71790313720703 -85.86318969726562
v -10.667121887207031 -24.21039390563965 -86.11316680908203
v -11.13138198852539 -23.145341873168945 -86.79798126220703
v 0.18541812896728516 -23.965585708618164 -85.6265640258789
v -11.316204071044922 -22.557031631469727 -86.64173126220703
v 0.17232894897460938 -23.220561981201172 -85.5804443359375
v -11.439132690429688 -21.89011573791504 -86.51241302490234
v 0.15957355499267578 -22.46079444885254 -85.54927825927734
v -11.49803352355957 -21.16044807434082 -86.40743255615234
v 0.14526844024658203 -21.68031883239746 -85.51921844482422
v -11.496103286743164 -20.39346694946289 -86.31278991699219
v 0.12204647064208984 -20.8653564453125 -85.47500610351562
v -11.438739776611328 -19.615436553955078 -86.20059967041016
v 0.08537769317626953 -19.959306716918945 -85.38288116455078
v -0.508725643157959 -18.99764633178711 -86.03229522705078
v -0.11202096939086914 -19.26466178894043 -85.61744689941406
v -11.329340934753418 -18.838537216186523 -86.02760314941406
v -0.9416818618774414 -18.714988708496094 -86.2862777709961
v -0.5615115165710449 -18.352401733398438 -85.81527709960938
v -0.1491546630859375 -18.675350189208984 -85.4095458984375
v -11.162817001342773 -18.018186569213867 -85.70503234863281
v -1.1164665222167969 -18.059385299682617 -86.10004425048828
v -10.868597030639648 -17.49445152282715 -86.79065704345703
v -10.52706241607666 -17.060672760009766 -87.46273040771484
v -0.6573915481567383 -17.849863052368164 -85.48542022705078
v -0.27625560760498047 -18.102275848388672 -85.14183044433594
v -10.326218605041504 -16.5311222076416 -87.00004577636719
v -1.4697551727294922 -17.524253845214844 -86.10298156738281
v -10.889518737792969 -17.214500427246094 -85.84430694580078
v -10.658907890319824 -16.955280303955078 -86.6562271118164
v -10.141611099243164 -16.047513961791992 -86.30321502685547
v -1.5918374061584473 -16.999542236328125 -85.79841613769531
v -2.2199034690856934 -16.093015670776367 -85.56255340576172
v -1.7717599868774414 -16.520130157470703 -85.48721313476562
v -10.83940315246582 -16.885555267333984 -85.08819580078125
v -10.567892074584961 -16.570770263671875 -85.90343475341797
v -9.701908111572266 -15.574348449707031 -86.57756805419922
v -2.745795249938965 -15.793216705322266 -85.96370697021484
v -9.426617622375488 -15.117359161376953 -85.87593078613281
v -3.023350238800049 -15.383899688720703 -85.79181671142578
v -8.849382400512695 -14.735710144042969 -86.40098571777344
v -8.30029296875 -14.375293731689453 -86.4178466796875
v -7.873046398162842 -14.29537582397461 -86.76963806152344
v -7.155299186706543 -14.07327651977539 -86.53907775878906
v -6.1637163162231445 -14.085901260375977 -86.46469116210938
v -5.228030681610107 -14.372455596923828 -86.44058227539062
v -4.350125789642334 -14.580070495605469 -85.9390640258789
v -3.7056922912597656 -14.830387115478516 -85.68603515625
v -3.2632827758789062 -15.047300338745117 -85.54996490478516
v -7.118260860443115 -13.688814163208008 -85.55030822753906
v -6.5036773681640625 -13.723182678222656 -85.75336456298828
v -7.043945789337158 -13.444269180297852 -84.84169006347656
v -6.588590145111084 -13.456308364868164 -85.00629425048828
v -6.859767436981201 -28.179502487182617 -85.24581909179688
v -6.238007545471191 -28.274261474609375 -85.09262084960938
v -5.534243583679199 -28.435754776000977 -85.22865295410156
v -4.807841777801514 -28.53456687927246 -85.33790588378906
v -4.060959815979004 -28.577768325805664 -85.4910659790039
v -3.4162282943725586 -28.58016586303711 -85.73890686035156
v -2.568697929382324 -28.418350219726562 -85.5606460571289
v -1.618802547454834 -28.260791778564453 -85.94902038574219
v -7.412612438201904 -28.13593101501465 -85.69160461425781
v -1.224076747894287 -27.992271423339844 -85.00946044921875
v -7.053422927856445 -27.948497772216797 -84.87239837646484
v -6.456303596496582 -28.005050659179688 -84.50950622558594
v -2.373182773590088 -28.111970901489258 -84.43584442138672
v -1.8472671508789062 -28.16476821899414 -84.98489379882812
v -7.638204097747803 -27.852737426757812 -85.3033447265625
v -0.9832859039306641 -27.6857852935791 -84.46502685546875
v -9.01639461517334 -26.51568603515625 -84.81178283691406
v -8.512699127197266 -26.956892013549805 -84.85923767089844
v -7.8797221183776855 -27.419424057006836 -84.85370635986328
v -0.5178213119506836 -27.35515785217285 -84.52629089355469
v -0.12902021408081055 -27.173614501953125 -85.06244659423828
v -7.257950305938721 -27.65449333190918 -84.54387664794922
v -6.658065319061279 -27.680349349975586 -84.08683776855469
v -2.2269845008850098 -27.769638061523438 -83.72066497802734
v -1.6198039054870605 -27.799856185913086 -84.18811798095703
v -9.463703155517578 -26.217578887939453 -85.71277618408203
v 0.08220672607421875 -26.63298797607422 -85.19916534423828
v -9.371376037597656 -26.101612091064453 -84.64130401611328
v -9.798336029052734 -25.649856567382812 -85.39676666259766
v 0.20613670349121094 -25.83238983154297 -84.99229431152344
v -9.574090957641602 -25.753461837768555 -84.2758560180664
v -10.142385482788086 -25.120389938354492 -85.58658599853516
v 0.29664039611816406 -25.072479248046875 -84.91275787353516
v -10.35963249206543 -24.728382110595703 -85.2225112915039
v 0.36106109619140625 -24.348365783691406 -84.86919403076172
v -10.90802001953125 -23.73082733154297 -84.61078643798828
v -10.636674880981445 -24.2452392578125 -84.89547729492188
v -11.172151565551758 -23.175716400146484 -85.63953399658203
v 0.3991365432739258 -23.618305206298828 -84.79637145996094
v -11.356186866760254 -22.566627502441406 -85.45269012451172
v 0.4311561584472656 -22.866439819335938 -84.7616195678711
v -11.478447914123535 -21.886980056762695 -85.30715942382812
v 0.4500865936279297 -22.102964401245117 -84.73220825195312
v -11.536526679992676 -21.147632598876953 -85.19847869873047
v 0.4501819610595703 -21.3203067779541 -84.68910217285156
v -11.534940719604492 -20.370887756347656 -85.1065444946289
v 0.4286766052246094 -20.53277587890625 -84.62482452392578
v -11.48184585571289 -19.58451271057129 -84.993896484375
v 0.3976583480834961 -19.877887725830078 -84.48993682861328
v -11.389314651489258 -18.824981689453125 -84.80857849121094
v 0.1913309097290039 -19.19511604309082 -84.779052734375
v -11.296998977661133 -18.231201171875 -84.49329376220703
v 0.0392913818359375 -18.464052200317383 -84.62348937988281
v -0.4961848258972168 -17.616403579711914 -84.63726043701172
v -0.13304948806762695 -17.997848510742188 -84.45999145507812
v -11.098289489746094 -17.504405975341797 -84.61654663085938
v -1.0501742362976074 -17.36912727355957 -85.39302825927734
v -10.90589714050293 -16.85363006591797 -84.09793853759766
v -1.3544678688049316 -16.75119400024414 -84.9703598022461
v -10.632122039794922 -16.411447525024414 -84.78736877441406
v -10.347557067871094 -16.087352752685547 -85.37227630615234
v -2.064812183380127 -15.735542297363281 -84.59667205810547
v -1.6998648643493652 -16.232097625732422 -84.73926544189453
v -9.957683563232422 -15.583109855651855 -85.33599853515625
v -2.5373339653015137 -15.541923522949219 -85.26519775390625
v -9.595071792602539 -15.034473419189453 -84.6866226196289
v -2.859807014465332 -15.138459205627441 -85.04573822021484
v -9.091997146606445 -14.65049934387207 -85.18421173095703
v -8.51494026184082 -14.287018775939941 -85.5404281616211
v -7.822751998901367 -14.005147933959961 -85.85601806640625
v -5.394148826599121 -13.91547966003418 -85.53211212158203
v -4.560351371765137 -14.13983154296875 -85.01754760742188
v -3.798508644104004 -14.495336532592773 -84.86671447753906
v -3.2506704330444336 -14.810705184936523 -84.89452362060547
v -7.5469136238098145 -13.621115684509277 -84.95918273925781
v -5.928695201873779 -13.73291015625 -85.58670043945312
v -5.541253089904785 -13.60059928894043 -84.9038314819336
v -4.973912239074707 -13.746416091918945 -84.54547882080078
v -7.249927520751953 -13.350272178649902 -84.19292449951172
v -6.058800220489502 -13.504552841186523 -85.04287719726562
v -6.674540042877197 -13.272798538208008 -84.21062469482422
v -6.118452548980713 -13.311206817626953 -84.30988311767578
v -5.693817138671875 -13.404523849487305 -84.4106674194336
v -5.239248275756836 -13.484012603759766 -84.07611846923828
v -5.453252792358398 -28.150440216064453 -84.30511474609375
v -4.79806661605835 -28.259981155395508 -84.38995361328125
v -4.087483882904053 -28.337717056274414 -84.52842712402344
v -3.258061408996582 -28.3383731842041 -84.72183227539062
v -5.916786193847656 -28.026317596435547 -84.21287536621094
v -2.8589367866516113 -27.93777084350586 -83.79859924316406
v -5.446779727935791 -27.81376838684082 -83.63197326660156
v -4.8159003257751465 -27.88485336303711 -83.60794067382812
v -4.112052917480469 -27.972471237182617 -83.69770050048828
v -3.5170435905456543 -28.071487426757812 -83.912353515625
v -6.024622917175293 -27.74692726135254 -83.77975463867188
v -2.552151679992676 -27.552568435668945 -83.25088500976562
v -8.479452133178711 -26.57642364501953 -83.77498626708984
v -7.817399501800537 -26.937007904052734 -83.81553649902344
v -7.02359676361084 -27.25598907470703 -83.7164306640625
v -6.148934364318848 -27.36017608642578 -83.31317901611328
v -1.848137378692627 -27.314985275268555 -83.26591491699219
v -1.085805892944336 -27.324295043945312 -83.81824493408203
v -0.6014108657836914 -26.865232467651367 -83.72562408447266
v -0.17484426498413086 -26.7967586517334 -84.38629150390625
v -5.579531192779541 -27.494060516357422 -83.21792602539062
v -4.96065616607666 -27.4681453704834 -83.02074432373047
v -4.187476634979248 -27.509212493896484 -82.9965591430664
v -3.3253073692321777 -27.60659408569336 -83.1784439086914
v -8.991230010986328 -26.313161849975586 -84.0127944946289
v 0.013327598571777344 -26.17877769470215 -84.2275619506836
v -0.6433248519897461 -26.385629653930664 -83.10810089111328
v -0.28259754180908203 -26.439464569091797 -83.70899200439453
v -9.204303741455078 -26.012670516967773 -83.68541717529297
v 0.14352798461914062 -25.388086318969727 -83.93051147460938
v -9.44366455078125 -25.619720458984375 -83.32351684570312
v -0.6845355033874512 -26.014446258544922 -82.64636993408203
v -0.2747058868408203 -25.90367889404297 -83.23368072509766
v -9.926187515258789 -25.270366668701172 -84.38194274902344
v 0.3308534622192383 -24.709558486938477 -84.1522216796875
v -10.245013236999512 -24.730121612548828 -83.93440246582031
v 0.39741992950439453 -24.07335090637207 -83.92650604248047
v -10.839271545410156 -23.69365692138672 -83.30924987792969
v -10.55337142944336 -24.220489501953125 -83.59172821044922
v -11.145294189453125 -23.171281814575195 -84.36954498291016
v 0.4907846450805664 -23.323226928710938 -83.86070251464844
v -11.329793930053711 -22.550403594970703 -84.17549133300781
v 0.562739372253418 -22.590625762939453 -83.8473892211914
v -11.452674865722656 -21.862865447998047 -84.0317153930664
v 0.5927801132202148 -21.849609375 -83.7765121459961
v -11.514592170715332 -21.119165420532227 -83.93257141113281
v 0.5897283554077148 -21.07996940612793 -83.71868133544922
v -11.521995544433594 -20.34292221069336 -83.85284423828125
v 0.5414485931396484 -20.328819274902344 -83.67828369140625
v -11.484408378601074 -19.56491470336914 -83.7554931640625
v 0.4180908203125 -19.603288650512695 -83.71696472167969
v -11.412739753723145 -18.82520866394043 -83.61701965332031
v 0.23539066314697266 -18.888914108276367 -83.77269744873047
v -11.297130584716797 -18.109344482421875 -83.49357604980469
v 0.03936290740966797 -18.27471160888672 -83.80729675292969
v -0.5221962928771973 -17.457008361816406 -83.52928161621094
v -0.2070784568786621 -17.828155517578125 -83.79783630371094
v -11.13694953918457 -17.412174224853516 -83.28422546386719
v -0.8998751640319824 -17.091094970703125 -84.24293518066406
v -10.94205379486084 -16.77532196044922 -82.93045043945312
v -1.2711405754089355 -16.545629501342773 -83.8479995727539
v -10.672176361083984 -16.297090530395508 -83.69194030761719
v -10.353649139404297 -15.908217430114746 -84.42157745361328
v -1.9908905029296875 -15.485167503356934 -83.67298126220703
v -1.645207405090332 -15.976631164550781 -83.69678497314453
v -10.027074813842773 -15.400123596191406 -84.00775909423828
v -2.402341365814209 -15.290987014770508 -84.41078186035156
v -9.685909271240234 -14.901220321655273 -83.51032257080078
v -2.753138542175293 -14.9245023727417 -84.17743682861328
v -9.293329238891602 -14.615667343139648 -84.16183471679688
v -8.770132064819336 -14.187467575073242 -84.30957794189453
v -8.147835731506348 -13.87796401977539 -84.84050750732422
v -3.789794445037842 -14.175712585449219 -83.63639831542969
v -3.1786561012268066 -14.582109451293945 -83.88683319091797
v -7.817685604095459 -13.536060333251953 -84.14192199707031
v -4.43350076675415 -13.875627517700195 -83.9754867553711
v -8.660638809204102 -13.8657808303833 -83.21342468261719
v -8.309852600097656 -13.766622543334961 -83.96682739257812
v -7.489478588104248 -13.294219970703125 -83.45809936523438
v -4.721307754516602 -13.619720458984375 -83.60557556152344
v -6.849026679992676 -13.137853622436523 -83.2022476196289
v -6.161713600158691 -13.156390190124512 -83.38336944580078
v -5.542361736297607 -13.283944129943848 -83.52519989013672
v -5.009710788726807 -13.417947769165039 -83.29566955566406
v -8.497917175292969 -13.604772567749023 -82.42977142333984
v -8.054733276367188 -13.476419448852539 -83.11935424804688
v -8.290457725524902 -26.36501693725586 -82.88337707519531
v -7.809114456176758 -26.555204391479492 -82.921142578125
v -7.098817825317383 -26.752328872680664 -82.86212921142578
v -6.2743425369262695 -26.89897918701172 -82.71312713623047
v -5.376327037811279 -27.042484283447266 -82.59754180908203
v -4.429364204406738 -27.021848678588867 -82.41031646728516
v -3.5478711128234863 -27.042139053344727 -82.44396209716797
v -2.5886058807373047 -27.0505428314209 -82.63309478759766
v -1.839601993560791 -26.817548751831055 -82.63687133789062
v -1.1978983879089355 -26.783418655395508 -83.02204132080078
v -8.749055862426758 -26.23734474182129 -83.22807312011719
v -1.053774356842041 -26.257801055908203 -82.5201416015625
v -8.437812805175781 -26.109838485717773 -82.39326477050781
v -7.870364189147949 -26.246225357055664 -82.18799591064453
v -7.198572158813477 -26.366127014160156 -82.09785461425781
v -6.423664093017578 -26.458560943603516 -82.01225280761719
v -5.5855631828308105 -26.524089813232422 -81.92302703857422
v -4.714930057525635 -26.54939842224121 -81.84379577636719
v -3.8421630859375 -26.54404640197754 -81.82727813720703
v -2.967524528503418 -26.527332305908203 -81.92771911621094
v -2.128756046295166 -26.46700096130371 -82.11708068847656
v -1.5220046043395996 -26.45500946044922 -82.39433288574219
v -8.94814682006836 -25.907230377197266 -82.73372650146484
v -0.9464621543884277 -25.94590187072754 -82.28981018066406
v -9.119844436645508 -25.490915298461914 -81.99810028076172
v -0.6671428680419922 -25.558340072631836 -82.24319458007812
v -0.13222694396972656 -25.31093406677246 -82.94570922851562
v -8.60038948059082 -25.829362869262695 -81.89167022705078
v -8.039379119873047 -25.943326950073242 -81.5451431274414
v -7.340633869171143 -26.042688369750977 -81.37557983398438
v -6.583702564239502 -26.099849700927734 -81.29829406738281
v -5.78385591506958 -26.124679565429688 -81.25114440917969
v -4.9600958824157715 -26.126611709594727 -81.22032165527344
v -4.129695892333984 -26.112163543701172 -81.22539520263672
v -3.2958388328552246 -26.081789016723633 -81.29585266113281
v -2.4398326873779297 -26.02568817138672 -81.47174835205078
v -1.4792203903198242 -25.945926666259766 -81.88323974609375
v -9.76005744934082 -25.145553588867188 -82.96195983886719
v 0.14507770538330078 -24.67838478088379 -83.11195373535156
v -0.6132960319519043 -24.976932525634766 -81.5671157836914
v -0.24298429489135742 -25.001203536987305 -82.32036590576172
v -10.117996215820312 -24.64127540588379 -82.59281158447266
v 0.2964019775390625 -23.797380447387695 -82.74356842041016
v -10.761510848999023 -23.601795196533203 -82.04368591308594
v -10.457110404968262 -24.13089370727539 -82.27996826171875
v -0.5699634552001953 -24.597942352294922 -81.0720443725586
v -0.1497030258178711 -24.447227478027344 -81.87328338623047
v -11.08197021484375 -23.12677001953125 -83.07857513427734
v 0.4960298538208008 -23.055112838745117 -83.02997589111328
v -11.26669692993164 -22.501934051513672 -82.89199829101562
v 0.5459308624267578 -22.438753128051758 -82.82768249511719
v -11.391997337341309 -21.813058853149414 -82.75989532470703
v 0.579071044921875 -21.69061851501465 -82.7225112915039
v -11.462461471557617 -21.07608413696289 -82.67959594726562
v 0.558781623840332 -20.92668914794922 -82.67341613769531
v -11.48332405090332 -20.314538955688477 -82.6107406616211
v 0.47011375427246094 -20.170318603515625 -82.6724624633789
v -11.462807655334473 -19.546581268310547 -82.52899169921875
v 0.3093242645263672 -19.425046920776367 -82.7023696899414
v -11.403560638427734 -18.78756332397461 -82.43270874023438
v 0.09462833404541016 -18.679702758789062 -82.76870727539062
v -0.261843204498291 -18.501461029052734 -81.47926330566406
v -0.057125091552734375 -18.73509979248047 -81.84871673583984
v -11.301982879638672 -18.050039291381836 -82.29156494140625
v -0.0655055046081543 -18.125593185424805 -83.16299438476562
v -0.533604621887207 -17.58512306213379 -82.54749298095703
v -0.28477907180786133 -17.83047866821289 -82.92526245117188
v -0.38503408432006836 -18.00438117980957 -81.97978973388672
v -0.13740062713623047 -18.270719528198242 -82.37285614013672
v -11.157358169555664 -17.350160598754883 -82.06153869628906
v -0.8675098419189453 -17.090534210205078 -82.78121948242188
v -10.970842361450195 -16.70029067993164 -81.75098419189453
v -1.2811779975891113 -16.383384704589844 -82.4005126953125
v -10.709595680236816 -16.19873046875 -82.54341125488281
v -10.397124290466309 -15.774226188659668 -83.27178955078125
v -1.9658803939819336 -15.30255126953125 -82.92827606201172
v -1.669907569885254 -15.705144882202148 -82.6993179321289
v -10.097635269165039 -15.27414321899414 -82.81730651855469
v -2.2971749305725098 -15.104496002197266 -83.5162353515625
v -2.1591901779174805 -15.022743225097656 -82.59532928466797
v -1.7979145050048828 -15.361261367797852 -82.02884674072266
v -9.780550003051758 -14.78581428527832 -82.3220443725586
v -2.6044130325317383 -14.780569076538086 -83.1610107421875
v -9.24791145324707 -14.357698440551758 -83.06976318359375
v -3.518807888031006 -14.029729843139648 -82.14923858642578
v -2.938199043273926 -14.443910598754883 -82.47020721435547
v -2.386188507080078 -14.75933837890625 -82.20561981201172
v -2.008545398712158 -15.009498596191406 -81.60621643066406
v -8.962583541870117 -13.915395736694336 -82.18330383300781
v -4.161882400512695 -13.803302764892578 -82.9849624633789
v -8.625602722167969 -13.559341430664062 -81.49345397949219
v -4.557943344116211 -13.525128364562988 -82.65331268310547
v -8.069562911987305 -13.32082748413086 -81.92474365234375
v -7.384860515594482 -13.140678405761719 -82.35225677490234
v -6.706833839416504 -12.996554374694824 -82.11166381835938
v -6.184732913970947 -13.02499771118164 -82.32952117919922
v -5.579793453216553 -13.132583618164062 -82.4569320678711
v -5.022025108337402 -13.30472183227539 -82.52025604248047
v -8.997762680053711 -25.201522827148438 -80.693359375
v -8.351314544677734 -25.57866668701172 -80.87989807128906
v -7.522928714752197 -25.737714767456055 -80.63285827636719
v -6.749427318572998 -25.798404693603516 -80.55313110351562
v -5.969691276550293 -25.80718994140625 -80.53901672363281
v -5.18115758895874 -25.786638259887695 -80.54752349853516
v -4.385244846343994 -25.752365112304688 -80.5792236328125
v -3.601515293121338 -25.71653175354004 -80.6637954711914
v -2.8150320053100586 -25.64618682861328 -80.77690124511719
v -1.9905328750610352 -25.533462524414062 -80.9902572631836
v -1.2134313583374023 -25.331640243530273 -81.30058288574219
v -9.595966339111328 -24.98438262939453 -81.63040161132812
v -1.0132074356079102 -24.86685562133789 -80.79261779785156
v -9.995615005493164 -24.490558624267578 -81.26121520996094
v -0.842738151550293 -24.45856285095215 -80.40924072265625
v -10.702919960021973 -23.45669174194336 -80.91453552246094
v -10.37405776977539 -23.971675872802734 -81.01722717285156
v -0.37539005279541016 -24.162555694580078 -80.90927124023438
v 0.02810955047607422 -23.83978271484375 -81.61548614501953
v -11.006677627563477 -23.040903091430664 -81.84562683105469
v 0.29261112213134766 -23.14629554748535 -81.9095230102539
v -11.186349868774414 -22.419750213623047 -81.64817810058594
v 0.3986835479736328 -22.33812713623047 -81.73530578613281
v -11.319053649902344 -21.73345184326172 -81.54975891113281
v 0.42874813079833984 -21.582067489624023 -81.64802551269531
v -11.400568008422852 -21.026742935180664 -81.49345397949219
v 0.38683414459228516 -20.827341079711914 -81.62025451660156
v -11.433148384094238 -20.296669006347656 -81.39179229736328
v 0.27146339416503906 -20.083023071289062 -81.62727355957031
v -11.432350158691406 -19.531095504760742 -81.30794525146484
v 0.0783681869506836 -19.347454071044922 -81.59908294677734
v -0.4076361656188965 -18.828821182250977 -80.56903839111328
v -0.1697063446044922 -19.04528045654297 -81.03378295898438
v -11.392820358276367 -18.764066696166992 -81.21623992919922
v -0.4790186882019043 -18.30691146850586 -81.08795166015625
v -11.31020736694336 -18.015623092651367 -81.07471466064453
v -0.6827712059020996 -17.755937576293945 -81.3986587524414
v -11.18171215057373 -17.297672271728516 -80.85697174072266
v -0.9872674942016602 -17.10442352294922 -81.27735137939453
v -11.005460739135742 -16.612184524536133 -80.57353973388672
v -1.1853337287902832 -16.586017608642578 -80.99651336669922
v -10.748124122619629 -16.10579490661621 -81.4120864868164
v -10.45069694519043 -15.670943260192871 -82.13382720947266
v -10.18470573425293 -15.186834335327148 -81.6879653930664
v -1.4383912086486816 -15.939164161682129 -81.29497528076172
v -9.928905487060547 -14.739108085632324 -81.15833282470703
v -1.6573667526245117 -15.395700454711914 -80.90850830078125
v -9.474336624145508 -14.318704605102539 -81.69864654541016
v -3.4083127975463867 -13.894712448120117 -80.88314056396484
v -2.876615524291992 -14.253807067871094 -81.05026245117188
v -2.3079514503479004 -14.67338752746582 -81.11103057861328
v -1.8660187721252441 -15.035379409790039 -80.66925048828125
v -9.15020751953125 -13.885664939880371 -81.02489471435547
v -3.997504711151123 -13.698017120361328 -81.83570861816406
v -8.754110336303711 -13.505517959594727 -80.3744888305664
v -4.473674297332764 -13.425148010253906 -81.62300109863281
v -8.173095703125 -13.251614570617676 -80.76911926269531
v -7.528269290924072 -13.063430786132812 -81.07276916503906
v -6.844985485076904 -12.948263168334961 -81.1920166015625
v -6.186580657958984 -12.934911727905273 -81.23382568359375
v -5.567216873168945 -13.029253005981445 -81.34281158447266
v -4.9903154373168945 -13.19989013671875 -81.47186279296875
v -8.947157859802246 -24.96869659423828 -79.6267318725586
v -8.37451171875 -25.245655059814453 -79.74102020263672
v -7.667601108551025 -25.440942764282227 -79.77149963378906
v -6.9008588790893555 -25.525951385498047 -79.74834442138672
v -6.131172180175781 -25.540328979492188 -79.7732162475586
v -5.38029670715332 -25.518333435058594 -79.83589172363281
v -4.624080657958984 -25.461971282958984 -79.87529754638672
v -3.8379907608032227 -25.40185546875 -79.96723175048828
v -3.1653642654418945 -25.390743255615234 -80.18745422363281
v -2.4222493171691895 -25.184654235839844 -80.14236450195312
v -1.6275644302368164 -25.07805824279785 -80.50647735595703
v -9.474563598632812 -24.78826141357422 -80.3812026977539
v -1.3347148895263672 -24.681209564208984 -80.10444641113281
v -9.339570999145508 -24.660051345825195 -79.38190460205078
v -2.3691177368164062 -24.768674850463867 -79.35516357421875
v -1.865386962890625 -24.828041076660156 -79.86587524414062
v -9.851956367492676 -24.274433135986328 -79.78008270263672
v -1.1262774467468262 -24.385107040405273 -79.90428924560547
v -10.675537109375 -23.297929763793945 -80.0844955444336
v -10.37844467163086 -23.710704803466797 -79.97100830078125
v -0.7755279541015625 -23.94074249267578 -79.91241455078125
v -0.14088153839111328 -23.576831817626953 -80.82954406738281
v -9.498167037963867 -24.4384765625 -79.03671264648438
v -2.30867862701416 -24.459897994995117 -78.75495910644531
v -1.6283273696899414 -24.37601089477539 -79.3429946899414
v -10.926604270935059 -22.935020446777344 -80.7211685180664
v 0.07271766662597656 -22.91860580444336 -80.81230163574219
v -10.802804946899414 -22.90860366821289 -79.70226287841797
v -10.493696212768555 -23.345111846923828 -79.2618179321289
v -0.6809115409851074 -23.297632217407227 -79.32456970214844
v -0.3147602081298828 -23.329853057861328 -80.10246276855469
v -11.089515686035156 -22.30160140991211 -80.3594970703125
v 0.16241073608398438 -22.22127914428711 -80.6978988647461
v -10.901904106140137 -22.498512268066406 -79.23099517822266
v -10.642587661743164 -22.92751121520996 -78.73676300048828
v -0.5638003349304199 -22.670162200927734 -79.04117584228516
v -0.21175146102905273 -22.78486442565918 -79.90104675292969
v -11.265873908996582 -21.605609893798828 -80.57777404785156
v 0.1771688461303711 -21.495460510253906 -80.6319808959961
v -0.48775672912597656 -21.99814224243164 -78.90811920166016
v -0.14458894729614258 -22.118080139160156 -79.76192474365234
v -11.324846267700195 -21.029340744018555 -80.31551361083984
v 0.1234292984008789 -20.764995574951172 -80.62816619873047
v -0.4626631736755371 -21.299278259277344 -78.89881134033203
v -0.13463497161865234 -21.410572052001953 -79.71538543701172
v -11.384367942810059 -20.29149627685547 -80.17135620117188
v 0.011968612670898438 -20.075298309326172 -80.6563949584961
v -0.48477649688720703 -20.589279174804688 -78.99967193603516
v -0.1801133155822754 -20.701969146728516 -79.75505828857422
v -11.41064167022705 -19.523239135742188 -80.08441925048828
v -0.11755228042602539 -19.57126808166504 -80.63953399658203
v -0.5457401275634766 -19.231903076171875 -79.71446990966797
v -0.33191442489624023 -19.42050552368164 -80.15785217285156
v -0.5266785621643066 -19.867813110351562 -79.25445556640625
v -0.2590656280517578 -20.035945892333984 -79.87777709960938
v -11.3966703414917 -18.750560760498047 -79.99763488769531
v -0.672304630279541 -18.574737548828125 -80.01731872558594
v -11.33836555480957 -17.98589324951172 -79.86652374267578
v -0.8855700492858887 -17.839122772216797 -80.01819610595703
v -11.230194091796875 -17.235219955444336 -79.65782165527344
v -1.0563135147094727 -17.15993881225586 -79.95742797851562
v -11.060035705566406 -16.456520080566406 -79.30984497070312
v -1.210343837738037 -16.5074462890625 -79.94922637939453
v -10.78225326538086 -15.9815673828125 -80.34255981445312
v -10.510563850402832 -15.583038330078125 -81.07391357421875
v -10.29200553894043 -15.139495849609375 -80.65479278564453
v -1.379561424255371 -15.887045860290527 -79.91500854492188
v -10.763824462890625 -15.720415115356445 -79.42291259765625
v -10.561859130859375 -15.498649597167969 -80.21690368652344
v -10.095441818237305 -14.766204833984375 -80.22380828857422
v -1.5845179557800293 -15.358805656433105 -79.80155944824219
v -9.690439224243164 -14.299750328063965 -80.36735534667969
v -3.364419937133789 -13.7664794921875 -79.76177215576172
v -2.8457283973693848 -14.097142219543457 -79.78973388671875
v -2.3304104804992676 -14.489830017089844 -79.84870910644531
v -1.8915891647338867 -14.909589767456055 -79.81285095214844
v -10.700345039367676 -15.386438369750977 -78.73603820800781
v -10.430049896240234 -15.129863739013672 -79.58930969238281
v -9.276700019836426 -13.805496215820312 -79.86793518066406
v -3.9052367210388184 -13.593017578125 -80.71285247802734
v -8.873176574707031 -13.440858840942383 -79.26258087158203
v -4.39143180847168 -13.338315963745117 -80.528564453125
v -8.279884338378906 -13.197267532348633 -79.5846939086914
v -7.619285583496094 -13.01225471496582 -79.8635482788086
v -6.92363977432251 -12.901294708251953 -80.01861572265625
v -6.214439868927002 -12.8809814453125 -80.07770538330078
v -5.517828464508057 -12.962997436523438 -80.12958526611328
v -4.905605316162109 -13.12563419342041 -80.2968978881836
v -8.417510986328125 -24.967754364013672 -78.73085021972656
v -7.743585109710693 -25.16657066345215 -78.83647918701172
v -7.017838954925537 -25.26742172241211 -78.88774871826172
v -6.262266635894775 -25.29548454284668 -78.95526885986328
v -5.5126190185546875 -25.279342651367188 -79.06757354736328
v -4.881751537322998 -25.268054962158203 -79.2501449584961
v -4.110419750213623 -25.105403900146484 -79.10106658935547
v -3.1734704971313477 -25.046789169311523 -79.43336486816406
v -8.946084976196289 -24.795377731323242 -78.90560150146484
v -2.875196933746338 -24.666547775268555 -78.71021270751953
v -4.011821746826172 -24.769628524780273 -78.18382263183594
v -3.487253189086914 -24.81876564025879 -78.65859985351562
v -9.187912940979004 -24.553335189819336 -78.61091613769531
v -2.658522129058838 -24.366437911987305 -78.2204818725586
v -9.528446197509766 -24.182283401489258 -78.3932876586914
v -2.069699764251709 -24.05194091796875 -78.25736999511719
v -1.2957453727722168 -23.744583129882812 -78.83373260498047
v -3.9116501808166504 -24.510787963867188 -77.51033782958984
v -3.3151745796203613 -24.494098663330078 -77.94803619384766
v -10.079360008239746 -23.773252487182617 -78.89572143554688
v -1.0746240615844727 -23.142873764038086 -78.45233917236328
v -10.295343399047852 -23.333751678466797 -78.29216003417969
v -0.9302735328674316 -22.51025390625 -78.19766998291016
v -10.789764404296875 -22.429645538330078 -78.14765930175781
v -10.484480857849121 -22.951519012451172 -77.8936767578125
v -11.11135482788086 -21.820663452148438 -79.35317993164062
v -0.8215188980102539 -21.837162017822266 -78.11405181884766
v -11.255777359008789 -21.035898208618164 -79.07367706298828
v -0.7667064666748047 -21.15369987487793 -78.1488037109375
v -11.355042457580566 -20.282543182373047 -78.94218444824219
v -0.7698774337768555 -20.415603637695312 -78.27064514160156
v -11.414003372192383 -19.51644515991211 -78.86394500732422
v -0.7826328277587891 -19.500123977661133 -78.66729736328125
v -11.43399429321289 -18.73326301574707 -78.78803253173828
v -0.9037256240844727 -18.655872344970703 -78.71498107910156
v -11.408817291259766 -17.942832946777344 -78.68194580078125
v -1.0042428970336914 -17.895244598388672 -78.72074127197266
v -11.332094192504883 -17.185365676879883 -78.5146713256836
v -1.0903358459472656 -17.172574996948242 -78.7160873413086
v -11.246013641357422 -16.601551055908203 -78.23345184326172
v -1.1864900588989258 -16.483760833740234 -78.71406555175781
v -11.01369857788086 -15.935587882995605 -78.3083724975586
v -1.3251304626464844 -15.85191535949707 -78.69342803955078
v -10.808002471923828 -15.296530723571777 -77.82089233398438
v -1.5439987182617188 -15.295004844665527 -78.66893768310547
v -10.457205772399902 -14.896202087402344 -78.5214614868164
v -10.0938081741333 -14.572858810424805 -79.3478775024414
v -9.720563888549805 -14.087224006652832 -79.17198181152344
v -3.385293483734131 -13.647377014160156 -78.96472930908203
v -2.8696775436401367 -13.919377326965332 -78.57276916503906
v -2.3176193237304688 -14.348149299621582 -78.58890533447266
v -1.873624324798584 -14.801883697509766 -78.6452865600586
v -9.354984283447266 -13.691115379333496 -78.8421630859375
v -3.8286685943603516 -13.503456115722656 -79.6746826171875
v -9.708714485168457 -13.89927864074707 -78.32889556884766
v -3.700745105743408 -13.452482223510742 -78.72543334960938
v -3.209567070007324 -13.637399673461914 -78.13007354736328
v -9.017694473266602 -13.39724063873291 -78.36620330810547
v -4.255890846252441 -13.28277587890625 -79.41326141357422
v -8.41773796081543 -13.127935409545898 -78.31573486328125
v -7.687735557556152 -12.954748153686523 -78.64952087402344
v -6.969034671783447 -12.855029106140137 -78.80077362060547
v -6.233513355255127 -12.835025787353516 -78.85032653808594
v -5.48626184463501 -12.908077239990234 -78.8547134399414
v -4.69745397567749 -13.08903694152832 -78.86940002441406
v -9.41774845123291 -13.578963279724121 -77.89604187011719
v -4.02604341506958 -13.279617309570312 -78.4365463256836
v -3.542160987854004 -13.424814224243164 -77.80521392822266
v -8.259367942810059 -24.795639038085938 -77.90489196777344
v -7.77890682220459 -24.923383712768555 -77.9718017578125
v -7.1051836013793945 -25.01727294921875 -78.02330017089844
v -6.369197368621826 -25.054502487182617 -78.11126708984375
v -5.628561973571777 -25.0490779876709 -78.25542449951172
v -4.814326763153076 -24.996423721313477 -78.426513671875
v -8.721578598022461 -24.70595932006836 -78.21571350097656
v -4.497802257537842 -24.67561912536621 -77.58659362792969
v -8.423603057861328 -24.578784942626953 -77.42416381835938
v -7.85137414932251 -24.688995361328125 -77.23461151123047
v -7.195067405700684 -24.769760131835938 -77.20272064208984
v -6.465470790863037 -24.807048797607422 -77.2671890258789
v -5.720806121826172 -24.809932708740234 -77.43202209472656
v -5.116987228393555 -24.81694221496582 -77.6873779296875
v -8.958137512207031 -24.411178588867188 -77.7518081665039
v -4.233300685882568 -24.4077205657959 -76.99760437011719
v -9.15728759765625 -24.014986038208008 -76.96311950683594
v -3.5608887672424316 -24.177371978759766 -76.96418762207031
v -2.781391143798828 -24.094736099243164 -77.53704071044922
v -2.25297212600708 -23.682165145874023 -77.35443115234375
v -1.6542911529541016 -23.503219604492188 -77.9327392578125
v -8.603227615356445 -24.324058532714844 -76.90696716308594
v -8.027482032775879 -24.428855895996094 -76.5645980834961
v -7.326769828796387 -24.51703643798828 -76.42047882080078
v -6.582736968994141 -24.554134368896484 -76.42967224121094
v -5.804204940795898 -24.548768997192383 -76.57150268554688
v -4.965579509735107 -24.5241756439209 -76.8804931640625
v -9.828340530395508 -23.691904067993164 -77.72418975830078
v -1.4345765113830566 -22.958587646484375 -77.61539459228516
v -2.298092842102051 -23.325098037719727 -76.66755676269531
v -1.8846750259399414 -23.288654327392578 -77.24403381347656
v -10.149979591369629 -23.240745544433594 -77.27745056152344
v -1.3026237487792969 -22.28914451599121 -77.2774887084961
v -10.767817497253418 -22.230100631713867 -76.9112777709961
v -10.466170310974121 -22.775672912597656 -77.05162048339844
v -2.280902862548828 -23.019254684448242 -76.1581802368164
v -1.8452167510986328 -22.85909652709961 -76.74125671386719
v -11.044370651245117 -21.703683853149414 -77.98450469970703
v -1.0616064071655273 -21.62909507751465 -77.46074676513672
v -11.224746704101562 -20.994234085083008 -77.82108306884766
v -1.0503172874450684 -21.037519454956055 -77.3355484008789
v -11.358046531677246 -20.268356323242188 -77.71591186523438
v -1.0208606719970703 -20.266616821289062 -77.37545013427734
v -11.457836151123047 -19.505096435546875 -77.64457702636719
v -1.0173559188842773 -19.460094451904297 -77.45590209960938
v -11.528348922729492 -18.69143295288086 -77.57926940917969
v -1.0367155075073242 -18.68079948425293 -77.46971130371094
v -11.540735244750977 -17.8408145904541 -77.54074096679688
v -1.0555028915405273 -17.922996520996094 -77.46017456054688
v -11.467540740966797 -17.06434440612793 -77.5173568725586
v -1.0819435119628906 -17.1811580657959 -77.45952606201172
v -11.32960319519043 -16.394556045532227 -77.4166488647461
v -1.143348217010498 -16.473506927490234 -77.46662139892578
v -11.15073013305664 -15.74866771697998 -77.14374542236328
v -1.2725234031677246 -15.823137283325195 -77.4666976928711
v -10.93350601196289 -15.13068675994873 -76.75724029541016
v -1.497054100036621 -15.240371704101562 -77.44255065917969
v -10.555517196655273 -14.72984504699707 -77.43732452392578
v -10.109556198120117 -14.315641403198242 -78.18519592285156
v -2.2926926612854004 -14.199722290039062 -77.21458435058594
v -1.8314123153686523 -14.714336395263672 -77.36766815185547
v -9.861242294311523 -13.868570327758789 -77.4643325805664
v -2.7824759483337402 -13.831114768981934 -77.54215240478516
v -9.535479545593262 -13.471853256225586 -76.88304901123047
v -3.053009510040283 -13.612163543701172 -77.208251953125
v -8.919405937194824 -13.195490837097168 -77.34912872314453
v -8.278310775756836 -12.934732437133789 -77.23392486572266
v -7.713603973388672 -12.849485397338867 -77.49004364013672
v -6.993448734283447 -12.779987335205078 -77.59674072265625
v -6.240212917327881 -12.774443626403809 -77.61283874511719
v -5.484473705291748 -12.844276428222656 -77.58941650390625
v -4.729139804840088 -12.993764877319336 -77.54463195800781
v -3.9632558822631836 -13.219940185546875 -77.427978515625
v -3.3671140670776367 -13.420462608337402 -76.96880340576172
v -9.043145179748535 -23.757625579833984 -75.59703826904297
v -8.35866928100586 -24.10498809814453 -75.83816528320312
v -7.513260841369629 -24.2551326751709 -75.61431884765625
v -6.7371368408203125 -24.304628372192383 -75.58357238769531
v -5.954849720001221 -24.29263687133789 -75.68782806396484
v -5.161774158477783 -24.241710662841797 -75.91552734375
v -4.290378093719482 -24.11878204345703 -76.1895751953125
v -3.5760998725891113 -23.841524124145508 -76.12907409667969
v -2.9024124145507812 -23.71255111694336 -76.60247802734375
v -9.654962539672852 -23.541664123535156 -76.51260375976562
v -2.689528465270996 -23.279094696044922 -75.98068237304688
v -10.068405151367188 -23.105789184570312 -76.18282318115234
v -2.5261998176574707 -22.911155700683594 -75.53813934326172
v -10.74514389038086 -22.13641357421875 -75.70182800292969
v -10.430538177490234 -22.64624786376953 -75.92720031738281
v -2.0991921424865723 -22.636127471923828 -75.90187072753906
v -1.696336269378662 -22.343576431274414 -76.4190673828125
v -11.021173477172852 -21.616018295288086 -76.73511505126953
v -1.411449909210205 -21.712244033813477 -76.55330657958984
v -11.225223541259766 -20.963239669799805 -76.58981323242188
v -1.2995123863220215 -20.92452049255371 -76.34300231933594
v -11.396408081054688 -20.262300491333008 -76.48693084716797
v -1.2066006660461426 -20.160282135009766 -76.3113784790039
v -11.556636810302734 -19.490886688232422 -76.3980484008789
v -1.1418819427490234 -19.423568725585938 -76.31248474121094
v -11.722623825073242 -18.591344833374023 -76.29920959472656
v -1.09940767288208 -18.692123413085938 -76.24382019042969
v -12.106359481811523 -18.596315383911133 -74.81002807617188
v -11.914205551147461 -18.818496704101562 -75.26805877685547
v -11.740577697753906 -17.550350189208984 -76.48235321044922
v -1.0627508163452148 -17.936622619628906 -76.20136260986328
v -12.202215194702148 -18.165992736816406 -74.8770523071289
v -11.994194984436035 -18.145620346069336 -75.54180145263672
v -11.577963829040527 -16.81705665588379 -76.75788879394531
v -1.0522723197937012 -17.185890197753906 -76.19430541992188
v -11.487520217895508 -16.222179412841797 -76.42791748046875
v -1.096200942993164 -16.467666625976562 -76.20376586914062
v -11.296689987182617 -15.548300743103027 -76.07807159423828
v -1.220548152923584 -15.80362319946289 -76.20025634765625
v -11.063182830810547 -14.932764053344727 -75.70011138916016
v -1.439988613128662 -15.20341682434082 -76.15062713623047
v -10.686373710632324 -14.572393417358398 -76.35787963867188
v -10.288106918334961 -14.217292785644531 -76.97586059570312
v -2.0920157432556152 -14.209615707397461 -75.73661804199219
v -1.7498373985290527 -14.665401458740234 -76.0174560546875
v -10.019826889038086 -13.776504516601562 -76.44401550292969
v -2.5791287422180176 -13.860487937927246 -76.56856536865234
v -9.736442565917969 -13.379192352294922 -75.86650848388672
v -2.938401699066162 -13.582765579223633 -76.25492095947266
v -9.159493446350098 -13.075506210327148 -76.1630630493164
v -8.476888656616211 -12.832379341125488 -76.36356353759766
v -7.773983478546143 -12.698638916015625 -76.46724700927734
v -7.028377056121826 -12.646746635437012 -76.46183013916016
v -6.238389015197754 -12.666058540344238 -76.38965606689453
v -5.468988418579102 -12.758600234985352 -76.3399887084961
v -4.732537269592285 -12.907421112060547 -76.29768371582031
v -4.033493995666504 -13.107156753540039 -76.25534057617188
v -3.4160256385803223 -13.336908340454102 -76.18953704833984
v -9.01986312866211 -23.580657958984375 -74.38079833984375
v -8.397769927978516 -23.83747100830078 -74.583740234375
v -7.677066326141357 -24.007678985595703 -74.66960906982422
v -6.9097161293029785 -24.071073532104492 -74.69253540039062
v -6.129968166351318 -24.053966522216797 -74.78778839111328
v -5.3421735763549805 -23.98878288269043 -75.00404357910156
v -4.668402671813965 -23.93081283569336 -75.33660888671875
v -3.947460651397705 -23.66013526916504 -75.29022216796875
v -3.2378792762756348 -23.495996475219727 -75.69992065429688
v -9.575950622558594 -23.38793182373047 -75.3030776977539
v -2.956223487854004 -23.12985610961914 -75.27271270751953
v -3.8623452186584473 -23.278427124023438 -74.3929672241211
v -3.4226298332214355 -23.296213150024414 -75.00476837158203
v -10.018074035644531 -22.99869155883789 -75.01510620117188
v -2.7600765228271484 -22.8569393157959 -75.03242492675781
v -10.716163635253906 -22.096038818359375 -74.47074890136719
v -10.392427444458008 -22.573078155517578 -74.73247528076172
v -2.435576915740967 -22.462892532348633 -74.91348266601562
v -1.8756389617919922 -22.111427307128906 -75.6829833984375
v -3.7433743476867676 -22.975276947021484 -73.72211456298828
v -3.1660079956054688 -22.87873077392578 -74.42207336425781
v -11.013185501098633 -21.573293685913086 -75.50594329833984
v -1.6538619995117188 -21.490013122558594 -75.47481536865234
v -2.3085832595825195 -21.94877815246582 -74.0997314453125
v -2.0206809043884277 -21.903514862060547 -74.89250183105469
v -11.245322227478027 -20.957279205322266 -75.35648345947266
v -1.486372947692871 -20.74397850036621 -75.1303482055664
v -2.1949172019958496 -21.59252166748047 -73.53195190429688
v -1.888883113861084 -21.40876007080078 -74.33902740478516
v -11.463356018066406 -20.282245635986328 -75.23212432861328
v -1.2920022010803223 -20.011890411376953 -75.39352416992188
v -11.714553833007812 -19.520998001098633 -75.06114959716797
v -1.2199878692626953 -19.42365264892578 -75.14892578125
v -12.183773040771484 -18.81220245361328 -74.02572631835938
v -11.96795654296875 -19.16637420654297 -74.41307067871094
v -12.265384674072266 -18.392681121826172 -74.40658569335938
v -1.1276721954345703 -18.690692901611328 -75.00568389892578
v -12.35346794128418 -17.924976348876953 -74.27680969238281
v -1.053786277770996 -17.932498931884766 -74.94083404541016
v -12.176108360290527 -17.717397689819336 -75.05931854248047
v -11.982929229736328 -17.50227165222168 -75.66108703613281
v -11.824584007263184 -16.851579666137695 -75.81405639648438
v -1.0224699974060059 -17.18130111694336 -74.92630004882812
v -12.290180206298828 -17.30661392211914 -74.49516296386719
v -12.094867706298828 -17.211151123046875 -75.19054412841797
v -11.697423934936523 -15.989458084106445 -75.25306701660156
v -1.057422161102295 -16.460968017578125 -74.92572784423828
v -12.358724594116211 -16.88959503173828 -73.94527435302734
v -12.095392227172852 -16.655790328979492 -74.70924377441406
v -11.403632164001465 -15.301704406738281 -75.15220642089844
v -1.175546646118164 -15.790009498596191 -74.90394592285156
v -11.217927932739258 -14.707732200622559 -74.53121185302734
v -1.3810396194458008 -15.181482315063477 -74.82734680175781
v -10.798418045043945 -14.382637023925781 -75.34233093261719
v -10.429155349731445 -14.089345932006836 -75.95245361328125
v -1.99432373046875 -14.18968391418457 -74.43859100341797
v -1.6596674919128418 -14.646005630493164 -74.66781616210938
v -10.187995910644531 -13.67795467376709 -75.48152923583984
v -2.4532079696655273 -13.841283798217773 -75.40775299072266
v -10.81448745727539 -14.087057113647461 -74.42623138427734
v -10.532176971435547 -13.95672607421875 -75.12870788574219
v -9.954559326171875 -13.324678421020508 -75.01678466796875
v -2.886784076690674 -13.531208038330078 -75.19176483154297
v -9.47319221496582 -12.992752075195312 -75.1266098022461
v -8.71725082397461 -12.624418258666992 -75.22216796875
v -7.919418811798096 -12.50157356262207 -75.52749633789062
v -7.153153419494629 -12.453926086425781 -75.51326751708984
v -6.252467632293701 -12.459826469421387 -75.15052795410156
v -5.434370040893555 -12.616634368896484 -75.08773803710938
v -4.703247547149658 -12.803804397583008 -75.04924774169922
v -4.027056694030762 -13.018321990966797 -75.0490951538086
v -3.413987159729004 -13.260162353515625 -75.08747100830078
v -10.748577117919922 -13.757431030273438 -73.72169494628906
v -10.38473892211914 -13.587295532226562 -74.471435546875
v -8.615673065185547 -12.23304271697998 -74.20978546142578
v -8.016550064086914 -12.229454040527344 -74.62532043457031
v -7.318258285522461 -12.215768814086914 -74.72721099853516
v -6.60632848739624 -12.228452682495117 -74.55211639404297
v -8.528148651123047 -11.958909034729004 -73.52886199951172
v -8.045804977416992 -11.94211196899414 -73.7979507446289
v -7.418322563171387 -11.95383071899414 -73.95313262939453
v -6.779539585113525 -11.994719505310059 -73.93333435058594
v -9.025753021240234 -23.45694351196289 -73.262939453125
v -8.445941925048828 -23.66166114807129 -73.45821380615234
v -7.78043270111084 -23.801708221435547 -73.61652374267578
v -7.073032855987549 -23.86760711669922 -73.75598907470703
v -6.332838535308838 -23.843502044677734 -73.86016845703125
v -5.5388689041137695 -23.751724243164062 -74.04064178466797
v -4.6570539474487305 -23.61199951171875 -74.40933227539062
v -9.53969955444336 -23.27703285217285 -74.12826538085938
v -4.30903434753418 -23.209917068481445 -73.57872009277344
v -9.970104217529297 -22.9342098236084 -73.8382339477539
v -4.0190815925598145 -22.857152938842773 -72.94357299804688
v -10.663402557373047 -22.082435607910156 -73.19862365722656
v -10.327434539794922 -22.543441772460938 -73.49601745605469
v -3.4189820289611816 -22.619915008544922 -73.30158233642578
v -2.8193235397338867 -22.340213775634766 -73.77639770507812
v -11.005520820617676 -21.56219482421875 -74.26410675048828
v -2.5689244270324707 -21.88656234741211 -73.1869125366211
v -11.269950866699219 -20.97856903076172 -74.10823822021484
v -2.3168444633483887 -21.451234817504883 -72.7432632446289
v -1.9617438316345215 -21.17432403564453 -73.34625244140625
v -1.6870737075805664 -20.85388946533203 -74.00943756103516
v -11.524665832519531 -20.364988327026367 -73.94916534423828
v -1.4438152313232422 -20.180070877075195 -74.21009063720703
v -11.780524253845215 -19.815040588378906 -73.68633270263672
v -1.2801527976989746 -19.4002742767334 -73.92230987548828
v -12.259149551391602 -18.89165687561035 -73.0908203125
v -12.029516220092773 -19.350278854370117 -73.36620330810547
v -12.359464645385742 -18.413711547851562 -73.73950958251953
v -1.1480212211608887 -18.65130615234375 -73.76541137695312
v -12.482357025146484 -18.011390686035156 -73.4500503540039
v -1.0510563850402832 -17.900062561035156 -73.69945526123047
v -12.495243072509766 -17.423999786376953 -73.50334167480469
v -1.0094165802001953 -17.160724639892578 -73.6716079711914
v -12.499165534973145 -16.734302520751953 -73.07106018066406
v -1.038968563079834 -16.445255279541016 -73.64635467529297
v -12.262272834777832 -16.34170913696289 -73.74687194824219
v -11.987900733947754 -16.01015281677246 -74.29370880126953
v -11.701226234436035 -15.367639541625977 -74.1904067993164
v -1.1492490768432617 -15.771663665771484 -73.60260009765625
v -11.53155517578125 -14.76382064819336 -73.53221893310547
v -1.3427495956420898 -15.160107612609863 -73.51219177246094
v -1.954495906829834 -14.162242889404297 -73.1698226928711
v -1.6133546829223633 -14.622712135314941 -73.3626937866211
v -11.162698745727539 -14.18445110321045 -73.41922760009766
v -2.3885130882263184 -13.805782318115234 -74.20337677001953
v -10.886466979980469 -13.635528564453125 -72.89093017578125
v -2.8539419174194336 -13.47806453704834 -74.01313781738281
v -10.462749481201172 -13.339960098266602 -73.44982147216797
v -9.925115585327148 -13.026941299438477 -74.09191131591797
v -9.255385398864746 -12.580156326293945 -74.25514221191406
v -5.356156826019287 -12.385595321655273 -73.81484985351562
v -4.64702844619751 -12.651610374450684 -73.77410888671875
v -3.991580009460449 -12.917530059814453 -73.79566192626953
v -3.3911943435668945 -13.188135147094727 -73.87786865234375
v -9.030162811279297 -12.17806339263916 -73.49384307861328
v -5.988419055938721 -12.243043899536133 -74.11888122558594
v -8.722329139709473 -11.850857734680176 -72.84168243408203
v -6.182074546813965 -12.045896530151367 -73.69537353515625
v -8.127856254577637 -11.723506927490234 -72.96573638916016
v -7.484638690948486 -11.707555770874023 -73.11653137207031
v -6.836283206939697 -11.764324188232422 -73.18717956542969
v -6.345570087432861 -11.857950210571289 -73.23898315429688
v -9.037327766418457 -23.355697631835938 -72.26886749267578
v -8.509349822998047 -23.522972106933594 -72.43488311767578
v -7.885909080505371 -23.628890991210938 -72.58560180664062
v -7.183194160461426 -23.674047470092773 -72.76313781738281
v -6.5691351890563965 -23.693012237548828 -73.05778503417969
v -5.819213390350342 -23.534643173217773 -72.95661926269531
v -5.015063285827637 -23.415863037109375 -73.35514068603516
v -9.507298469543457 -23.202621459960938 -73.02528381347656
v -4.631400108337402 -23.082351684570312 -72.7120590209961
v -9.451543807983398 -23.1480712890625 -72.07199096679688
v -5.670976638793945 -23.238218307495117 -71.92623138427734
v -5.209600925445557 -23.25261878967285 -72.52735137939453
v -9.886466979980469 -22.906696319580078 -72.7047348022461
v -4.335939884185791 -22.771644592285156 -72.16358184814453
v -10.604596138000488 -22.051525115966797 -71.91337585449219
v -10.168540954589844 -22.55519676208496 -72.11585998535156
v -3.7440061569213867 -22.445510864257812 -72.2027587890625
v -3.0882716178894043 -22.1766357421875 -72.74749755859375
v -9.729647636413574 -22.922765731811523 -71.80404663085938
v -5.523717403411865 -23.003387451171875 -71.18522644042969
v -4.972577095031738 -22.942806243896484 -71.75331115722656
v -10.99134635925293 -21.562408447265625 -73.00804138183594
v -2.7616024017333984 -21.72591781616211 -72.24674224853516
v -11.287128448486328 -21.014572143554688 -72.85343170166016
v -2.449202537536621 -21.2496395111084 -71.79046630859375
v -2.0485520362854004 -20.971012115478516 -72.42141723632812
v -1.7255663871765137 -20.63033676147461 -73.15162658691406
v -11.562049865722656 -20.46293067932129 -72.68409729003906
v -1.5123844146728516 -19.996631622314453 -72.95238494873047
v -11.827766418457031 -19.933307647705078 -72.47901916503906
v -1.334846019744873 -19.292808532714844 -72.69359588623047
v -12.330425262451172 -18.908859252929688 -72.0279312133789
v -12.086713790893555 -19.42168426513672 -72.25719451904297
v -12.453699111938477 -18.412567138671875 -72.83493041992188
v -1.178443431854248 -18.556488037109375 -72.57057189941406
v -12.587785720825195 -17.87257194519043 -72.61363983154297
v -1.0698199272155762 -17.836009979248047 -72.52117156982422
v -12.653648376464844 -17.23947525024414 -72.325439453125
v -1.0282635688781738 -17.122100830078125 -72.4420166015625
v -12.637388229370117 -16.486621856689453 -71.86515808105469
v -1.0517597198486328 -16.408288955688477 -72.38700866699219
v -12.383138656616211 -16.074634552001953 -72.81566619873047
v -12.092411041259766 -15.730786323547363 -73.47732543945312
v -11.895251274108887 -15.137743949890137 -73.06068420410156
v -1.1550188064575195 -15.735876083374023 -72.3284912109375
v -12.430953979492188 -15.712345123291016 -71.91551208496094
v -12.205564498901367 -15.523731231689453 -72.66632080078125
v -11.63935661315918 -14.483308792114258 -72.48355865478516
v -1.3437509536743164 -15.127730369567871 -72.23503112792969
v -1.958775520324707 -14.139437675476074 -71.91539764404297
v -1.6143560409545898 -14.594877243041992 -72.0956039428711
v -12.412654876708984 -15.322422981262207 -71.22344970703125
v -12.11857795715332 -15.046000480651855 -71.9887924194336
v -11.261356353759766 -13.93536376953125 -72.4249267578125
v -2.3630261421203613 -13.77096176147461 -72.96417236328125
v -11.054205894470215 -13.49642276763916 -71.92020416259766
v -2.8347253799438477 -13.430285453796387 -72.77088165283203
v -10.59877872467041 -13.164413452148438 -72.47257232666016
v -10.182738304138184 -12.926471710205078 -73.06331634521484
v -9.669912338256836 -12.510501861572266 -73.15559387207031
v -5.111300945281982 -12.204146385192871 -72.7935791015625
v -4.568111896514893 -12.430488586425781 -72.45574951171875
v -3.9403796195983887 -12.786316871643066 -72.48310089111328
v -3.3621788024902344 -13.112759590148926 -72.60574340820312
v -9.265888214111328 -12.064945220947266 -72.63847351074219
v -5.612516403198242 -12.120210647583008 -73.30131530761719
v -9.708952903747559 -12.259828567504883 -72.22038269042969
v -5.314004421234131 -11.993873596191406 -72.4416732788086
v -4.821312427520752 -12.129521369934082 -71.9437026977539
v -8.93256664276123 -11.782873153686523 -72.09083557128906
v -5.84033727645874 -11.900615692138672 -72.87296295166016
v -8.308124542236328 -11.57275390625 -71.9265365600586
v -7.566595077514648 -11.507856369018555 -72.1567153930664
v -6.859135627746582 -11.548805236816406 -72.25479125976562
v -6.144881248474121 -11.688089370727539 -72.32791900634766
v -9.390830993652344 -11.947429656982422 -71.702880859375
v -5.550563335418701 -11.805068969726562 -72.09892272949219
v -5.087780952453613 -11.891258239746094 -71.58462524414062
v -8.557832717895508 -23.37636947631836 -71.45244598388672
v -8.042037963867188 -23.4921932220459 -71.76177978515625
v -7.334625720977783 -23.4652156829834 -71.64722442626953
v -6.473493576049805 -23.45473861694336 -72.06676483154297
v -9.067880630493164 -23.262001037597656 -71.54975891113281
v -6.092250347137451 -23.16800308227539 -71.16462707519531
v -7.171487808227539 -23.229873657226562 -70.59017181396484
v -6.699252128601074 -23.28575897216797 -71.11869812011719
v -9.337496757507324 -23.08107566833496 -71.25560760498047
v -5.785167217254639 -22.92211151123047 -70.54927825927734
v -10.558938980102539 -21.997570037841797 -70.65109252929688
v -10.092222213745117 -22.424888610839844 -70.81771850585938
v -9.662591934204102 -22.800086975097656 -71.00406646728516
v -5.145764350891113 -22.69680404663086 -70.59524536132812
v -4.365372657775879 -22.49697494506836 -71.21482849121094
v -3.7659764289855957 -22.163761138916016 -71.26602172851562
v -3.281223773956299 -21.983600616455078 -71.76136016845703
v -7.045102119445801 -23.034488677978516 -69.83383178710938
v -6.451249122619629 -23.02516746520996 -70.26092529296875
v -10.975181579589844 -21.555959701538086 -71.75304412841797
v -2.9328107833862305 -21.53172492980957 -71.25732421875
v -11.298906326293945 -21.040868759155273 -71.60602569580078
v -2.5782108306884766 -20.97359848022461 -70.65895080566406
v -2.132844924926758 -20.74265480041504 -71.4706802368164
v -1.7984628677368164 -20.43987464904785 -72.1560287475586
v -11.593282699584961 -20.51056671142578 -71.4508056640625
v -1.601409912109375 -19.853485107421875 -71.82571411132812
v -2.1358489990234375 -20.409881591796875 -70.61119079589844
v -1.8741965293884277 -20.27838134765625 -71.3168716430664
v -11.87380599975586 -19.97576904296875 -71.28280639648438
v -1.419663429260254 -19.11956024169922 -71.40525817871094
v -12.398934364318848 -18.914735794067383 -70.87844848632812
v -12.145030975341797 -19.443965911865234 -71.09859466552734
v -2.08737850189209 -20.056236267089844 -69.93873596191406
v -1.7855048179626465 -19.812847137451172 -70.6887435913086
v -12.540292739868164 -18.374526977539062 -71.78108215332031
v -1.2083768844604492 -18.386877059936523 -71.61876678466797
v -12.695085525512695 -17.79613494873047 -71.49707794189453
v -1.1382341384887695 -17.783367156982422 -71.37081146240234
v -12.7791166305542 -17.175901412963867 -71.15135192871094
v -1.087939739227295 -17.050861358642578 -71.24385833740234
v -12.800180435180664 -16.64016342163086 -70.745849609375
v -1.102447509765625 -16.33724021911621 -71.18228912353516
v -12.661552429199219 -15.93639850616455 -70.80009460449219
v -1.2023448944091797 -15.679132461547852 -71.11846923828125
v -12.51014518737793 -15.233671188354492 -70.33241271972656
v -1.3909101486206055 -15.087532997131348 -71.0205078125
v -12.217020988464355 -14.79954719543457 -70.98064422607422
v -11.905884742736816 -14.482963562011719 -71.52534484863281
v -1.9982576370239258 -14.139402389526367 -70.68622589111328
v -1.6599535942077637 -14.57322883605957 -70.88069915771484
v -11.540699005126953 -13.944172859191895 -71.46656036376953
v -2.3668527603149414 -13.749706268310547 -71.7062759399414
v -11.246109008789062 -13.370203971862793 -70.89107513427734
v -2.826535701751709 -13.396739959716797 -71.485595703125
v -10.761869430541992 -13.00767707824707 -71.42745971679688
v -10.198068618774414 -12.648666381835938 -72.09270477294922
v -3.8787841796875 -12.620294570922852 -71.04625701904297
v -3.327488899230957 -13.039266586303711 -71.26983642578125
v -9.917152404785156 -12.2208833694458 -71.32011413574219
v -4.382979869842529 -12.287735939025879 -71.36428833007812
v -9.526193618774414 -11.872518539428711 -70.61813354492188
v -4.6158552169799805 -12.046205520629883 -71.01951599121094
v -8.844304084777832 -11.623716354370117 -71.02584838867188
v -8.179473876953125 -11.410665512084961 -70.83930969238281
v -7.618200778961182 -11.360347747802734 -71.08497619628906
v -6.917285919189453 -11.372637748718262 -71.19659423828125
v -6.195402145385742 -11.478662490844727 -71.22394561767578
v -5.468249320983887 -11.669135093688965 -71.17698669433594
v -4.902124404907227 -11.832523345947266 -70.77972412109375
v -8.408379554748535 -23.266828536987305 -70.67276000976562
v -7.895874977111816 -23.330307006835938 -70.8657455444336
v -8.857833862304688 -23.207496643066406 -70.88203430175781
v -7.606685161590576 -23.132156372070312 -70.0103759765625
v -8.557844161987305 -23.111021041870117 -70.17444610595703
v -8.111392974853516 -23.183727264404297 -70.19561767578125
v -9.107864379882812 -22.989749908447266 -70.42186737060547
v -7.347893714904785 -22.940563201904297 -69.33956146240234
v -10.530603408813477 -21.953189849853516 -69.40231323242188
v -10.002994537353516 -22.32571792602539 -69.55127716064453
v -9.363818168640137 -22.688138961791992 -69.76119995117188
v -6.645596027374268 -22.784364700317383 -69.12200927734375
v -5.750453472137451 -22.6715087890625 -69.61677551269531
v -5.056214332580566 -22.432876586914062 -69.68452453613281
v -4.62186336517334 -22.360551834106445 -70.20957946777344
v -4.029273986816406 -22.053062438964844 -70.30048370361328
v -3.447413444519043 -21.805500030517578 -70.81478118896484
v -8.725142478942871 -22.913921356201172 -69.65076446533203
v -8.038270950317383 -22.97492027282715 -69.4528579711914
v -10.965835571289062 -21.542346954345703 -70.50613403320312
v -3.1345486640930176 -21.383094787597656 -70.25810241699219
v -3.92075777053833 -21.735549926757812 -69.30713653564453
v -3.582632541656494 -21.669710159301758 -69.99481201171875
v -11.317777633666992 -21.0502986907959 -70.36426544189453
v -2.898383140563965 -20.924699783325195 -69.54032897949219
v -3.78187894821167 -21.482254028320312 -68.6092758178711
v -3.4137845039367676 -21.333086013793945 -69.248046875
v -11.636066436767578 -20.52549171447754 -70.2224349975586
v -2.4382829666137695 -20.464874267578125 -69.73381042480469
v -11.93399429321289 -19.987070083618164 -70.08766174316406
v -2.253592014312744 -19.92044448852539 -69.10408020019531
v -12.464273452758789 -18.959606170654297 -69.68948364257812
v -12.211692810058594 -19.46219253540039 -69.93152618408203
v -1.8885374069213867 -19.566082000732422 -69.68677520751953
v -1.6108512878417969 -19.21933937072754 -70.30616760253906
v -12.618494033813477 -18.373321533203125 -70.60184478759766
v -1.3788938522338867 -18.510854721069336 -70.47882080078125
v -12.782585144042969 -17.79440689086914 -70.28594970703125
v -1.2550115585327148 -17.678403854370117 -70.20427703857422
v -12.870634078979492 -17.17760467529297 -69.98218536376953
v -1.1841654777526855 -16.918479919433594 -70.12039184570312
v -12.856674194335938 -16.510820388793945 -69.76982116699219
v -1.1915802955627441 -16.237079620361328 -70.08926391601562
v -12.75019645690918 -15.79791259765625 -69.54875946044922
v -1.2975096702575684 -15.61746597290039 -69.99984741210938
v -12.575197219848633 -15.084505081176758 -69.26025390625
v -1.483619213104248 -15.053415298461914 -69.89627838134766
v -12.28986930847168 -14.611196517944336 -70.03955841064453
v -11.955940246582031 -14.244699478149414 -70.69820404052734
v -2.060866355895996 -14.194750785827637 -69.48745727539062
v -1.741635799407959 -14.579713821411133 -69.7412109375
v -11.675369262695312 -13.718069076538086 -70.3631591796875
v -2.391350269317627 -13.764238357543945 -70.43418884277344
v -11.430919647216797 -13.253486633300781 -69.88113403320312
v -2.8221487998962402 -13.400483131408691 -70.15373229980469
v -10.974634170532227 -12.897086143493652 -70.31425476074219
v -10.449457168579102 -12.54996109008789 -70.86982727050781
v -3.6682963371276855 -12.604129791259766 -69.53197479248047
v -3.2680273056030273 -13.006937026977539 -69.87319946289062
v -10.109102249145508 -12.153339385986328 -70.22480010986328
v -4.156005382537842 -12.276053428649902 -70.3707504272461
v -9.705745697021484 -11.827516555786133 -69.46552276611328
v -4.498279094696045 -11.974453926086426 -70.0680160522461
v -9.04085636138916 -11.587345123291016 -69.71328735351562
v -8.341753005981445 -11.395370483398438 -69.88292694091797
v -7.660055160522461 -11.28293228149414 -69.9685287475586
v -6.9692254066467285 -11.26498031616211 -70.05863189697266
v -6.25687837600708 -11.33688735961914 -70.09262084960938
v -5.566501617431641 -11.496663093566895 -70.07865905761719
v -4.960191249847412 -11.714935302734375 -70.01628875732422
v -10.528349876403809 -21.92974090576172 -68.1585693359375
v -9.974420547485352 -22.249555587768555 -68.2958984375
v -9.3052978515625 -22.507476806640625 -68.4347152709961
v -8.45528793334961 -22.71369743347168 -68.59870910644531
v -7.380795478820801 -22.723220825195312 -68.43769073486328
v -6.589412689208984 -22.56523323059082 -68.11344146728516
v -5.958878993988037 -22.48184585571289 -68.43414306640625
v -5.248808860778809 -22.314464569091797 -68.78128051757812
v -4.546952247619629 -22.094715118408203 -69.25079345703125
v -10.973072052001953 -21.532154083251953 -69.26074981689453
v -4.214382171630859 -21.736408233642578 -68.40656280517578
v -11.358510971069336 -21.051942825317383 -69.11754608154297
v -3.9124011993408203 -21.4057559967041 -67.80296325683594
v -3.496241569519043 -21.155988693237305 -68.26473236083984
v -3.1380295753479004 -20.917438507080078 -68.71429443359375
v -11.710988998413086 -20.520591735839844 -68.99703979492188
v -2.7399182319641113 -20.405197143554688 -68.62369537353516
v -12.02186393737793 -19.98379135131836 -68.95271301269531
v -2.431011199951172 -19.62851333618164 -67.96943664550781
v -12.515521049499512 -19.089008331298828 -68.5040283203125
v -12.28431510925293 -19.508861541748047 -68.83636474609375
v -2.003204822540283 -19.29640769958496 -68.79375457763672
v -1.679372787475586 -18.95284652709961 -69.50298309326172
v -12.681997299194336 -18.45097541809082 -69.33158874511719
v -1.5192031860351562 -18.262184143066406 -69.30488586425781
v -2.0590901374816895 -18.8746337890625 -67.97294616699219
v -1.7846226692199707 -18.72495460510254 -68.71601104736328
v -12.847434997558594 -17.85651397705078 -68.997802734375
v -1.4126896858215332 -17.44482421875 -69.01496887207031
v -2.052009105682373 -18.386829376220703 -67.37411499023438
v -1.7421841621398926 -18.14899444580078 -68.21353912353516
v -12.928522109985352 -17.170726776123047 -68.7786865234375
v -1.2844204902648926 -16.721582412719727 -69.27413940429688
v -12.908660888671875 -16.449928283691406 -68.59031677246094
v -1.3326168060302734 -16.171634674072266 -69.09072875976562
v -12.803459167480469 -15.705227851867676 -68.36593627929688
v -1.440727710723877 -15.564167022705078 -68.98937225341797
v -12.619614601135254 -14.898061752319336 -68.03653717041016
v -1.6104817390441895 -15.041375160217285 -68.90323638916016
v -12.334418296813965 -14.410078048706055 -69.07848358154297
v -12.03470230102539 -14.048075675964355 -69.7848129272461
v -2.129685878753662 -14.356851577758789 -68.31100463867188
v -1.842331886291504 -14.650630950927734 -68.70376586914062
v -11.791586875915527 -13.569068908691406 -69.45629119873047
v -2.426767349243164 -13.855039596557617 -69.11548614501953
v -12.297904968261719 -14.090669631958008 -68.21041107177734
v -12.079668045043945 -13.87978744506836 -69.01039123535156
v -11.59522533416748 -13.244211196899414 -69.21222686767578
v -2.821826934814453 -13.46484375 -68.75785827636719
v -11.24730110168457 -12.833189964294434 -69.03934478759766
v -10.652053833007812 -12.461555480957031 -69.75353240966797
v -3.5874128341674805 -12.582647323608398 -68.21487426757812
v -3.2124876976013184 -13.016616821289062 -68.48011016845703
v -12.232565879821777 -13.73251724243164 -67.51483917236328
v -11.864376068115234 -13.401639938354492 -68.44295501708984
v -10.285198211669922 -12.086450576782227 -69.16030883789062
v -4.036915302276611 -12.230420112609863 -69.19891357421875
v -11.046981811523438 -12.398457527160645 -68.03451538085938
v -10.755359649658203 -12.343049049377441 -68.8232421875
v -9.909820556640625 -11.809003829956055 -68.50868225097656
v -4.464232921600342 -11.89737319946289 -69.00894165039062
v -9.220731735229492 -11.555301666259766 -68.36174011230469
v -8.44770622253418 -11.37887191772461 -68.65642547607422
v -7.724940776824951 -11.264920234680176 -68.78978729248047
v -7.008504867553711 -11.224007606506348 -68.85730743408203
v -6.297183036804199 -11.268102645874023 -68.89530181884766
v -5.612063407897949 -11.401355743408203 -68.91483306884766
v -4.990065097808838 -11.616373062133789 -68.93627166748047
v -10.867571830749512 -12.111425399780273 -67.33524322509766
v -10.460149765014648 -12.013900756835938 -68.0419921875
v -10.541879653930664 -21.92782211303711 -66.91524505615234
v -9.974920272827148 -22.21330451965332 -67.06356048583984
v -9.317922592163086 -22.41152572631836 -67.18730926513672
v -8.55313491821289 -22.52989959716797 -67.2927474975586
v -7.6941728591918945 -22.552669525146484 -67.33390808105469
v -6.853830814361572 -22.47224998474121 -67.30728149414062
v -6.115376949310303 -22.342336654663086 -67.40581512451172
v -5.434393882751465 -22.187721252441406 -67.70164489746094
v -4.789245128631592 -21.987974166870117 -68.07994842529297
v -11.002885818481445 -21.53266716003418 -68.00621032714844
v -4.397296905517578 -21.6616268157959 -67.40875244140625
v -11.435508728027344 -21.050060272216797 -67.8463363647461
v -4.0567755699157715 -21.31289291381836 -66.83307647705078
v -3.6087751388549805 -21.02041244506836 -67.31937408447266
v -3.188908100128174 -20.715951919555664 -67.87639617919922
v -11.855030059814453 -20.473194122314453 -67.76065826416016
v -2.900099754333496 -20.174896240234375 -67.4600601196289
v -12.171304702758789 -20.292150497436523 -66.3397216796875
v -11.938226699829102 -20.557998657226562 -66.7142105102539
v -12.1312255859375 -19.946563720703125 -68.12175750732422
v -2.7187585830688477 -19.65395164489746 -66.98375701904297
v -12.523805618286133 -19.32604217529297 -67.49839782714844
v -12.336624145507812 -19.634246826171875 -67.84244537353516
v -12.373149871826172 -19.805383682250977 -66.89643859863281
v -12.14348030090332 -20.1256160736084 -67.2665023803711
v -12.72233772277832 -18.675983428955078 -67.84523010253906
v -2.41166353225708 -18.979717254638672 -66.95350646972656
v -12.906074523925781 -17.91628646850586 -67.67471313476562
v -2.232527732849121 -18.1063175201416 -66.51374816894531
v -1.8697738647460938 -17.778169631958008 -67.37808227539062
v -1.6213774681091309 -17.488014221191406 -68.0429458618164
v -12.973678588867188 -17.17820167541504 -67.53608703613281
v -1.4847159385681152 -16.829978942871094 -68.3111572265625
v -1.9507169723510742 -17.29701805114746 -66.82525634765625
v -1.707625389099121 -17.21271324157715 -67.54562377929688
v -12.95003890991211 -16.428936004638672 -67.39086151123047
v -1.5266656875610352 -16.112995147705078 -68.16150665283203
v -1.9775748252868652 -16.624927520751953 -66.55223846435547
v -1.7119646072387695 -16.673887252807617 -67.4081802368164
v -12.863361358642578 -15.69012451171875 -67.19711303710938
v -1.6209125518798828 -15.508258819580078 -68.11973571777344
v -2.007150650024414 -15.900171279907227 -66.54590606689453
v -1.7565727233886719 -16.018068313598633 -67.32707977294922
v -12.772011756896973 -15.097749710083008 -66.90509796142578
v -1.7415046691894531 -15.061426162719727 -68.1500244140625
v -2.1757960319519043 -14.65562629699707 -67.30133056640625
v -1.9435644149780273 -14.859115600585938 -67.75665283203125
v -2.077662944793701 -15.213346481323242 -66.793212890625
v -1.8344402313232422 -15.400135040283203 -67.41657257080078
v -12.553930282592773 -14.362668991088867 -67.03529357910156
v -2.4653077125549316 -14.105379104614258 -67.57766723632812
v -12.362564086914062 -13.687539100646973 -66.55647277832031
v -2.8511643409729004 -13.533997535705566 -67.34371185302734
v -11.999940872192383 -13.22690200805664 -67.2052001953125
v -11.549997329711914 -12.808847427368164 -67.76737213134766
v -3.554964065551758 -12.562906265258789 -66.93058013916016
v -3.1963348388671875 -13.024723052978516 -67.13626861572266
v -11.295580863952637 -12.378168106079102 -67.093505859375
v -3.9860963821411133 -12.185680389404297 -67.98892974853516
v -10.987114906311035 -12.021517753601074 -66.49974822998047
v -4.4513702392578125 -11.841297149658203 -67.8314208984375
v -10.451936721801758 -11.815094947814941 -66.90250396728516
v -9.76601791381836 -11.626708984375 -67.36946105957031
v -9.044456481933594 -11.414885520935059 -67.16655731201172
v -8.46596908569336 -11.332917213439941 -67.418212890625
v -7.752895355224609 -11.252128601074219 -67.54901885986328
v -7.026934623718262 -11.218870162963867 -67.60910034179688
v -6.31258487701416 -11.252689361572266 -67.64305114746094
v -5.629289150238037 -11.36629581451416 -67.67879486083984
v -5.001437664031982 -11.564183235168457 -67.73502349853516
v -10.554826736450195 -21.936357498168945 -65.67623138427734
v -9.981179237365723 -22.197187423706055 -65.84663391113281
v -9.336423873901367 -22.36446189880371 -65.98514556884766
v -8.613454818725586 -22.441268920898438 -66.1025619506836
v -7.8293561935424805 -22.438026428222656 -66.20975494384766
v -7.0494771003723145 -22.3701114654541 -66.31935119628906
v -6.303536891937256 -22.241390228271484 -66.41929626464844
v -5.596137046813965 -22.075546264648438 -66.6378402709961
v -4.9590229988098145 -21.888208389282227 -67.01244354248047
v -11.048925399780273 -21.54810333251953 -66.72904968261719
v -4.544246196746826 -21.57219696044922 -66.40560150146484
v -11.554503440856934 -21.057188034057617 -66.47659301757812
v -4.222047328948975 -21.230243682861328 -65.85647583007812
v -12.188577651977539 -20.416772842407227 -65.40081024169922
v -11.89516830444336 -20.764850616455078 -65.77442169189453
v -3.76894474029541 -20.90400505065918 -66.2887191772461
v -3.321540355682373 -20.553768157958984 -66.87191009521484
v -12.378978729248047 -19.99294662475586 -66.05918884277344
v -3.0678749084472656 -20.020282745361328 -66.45469665527344
v -12.591398239135742 -19.4124698638916 -66.45763397216797
v -2.8318405151367188 -19.408512115478516 -66.1163330078125
v -12.822604179382324 -18.678390502929688 -66.46469116210938
v -2.6149868965148926 -18.72652816772461 -65.86681365966797
v -12.962686538696289 -17.94348907470703 -66.3906478881836
v -2.4988889694213867 -18.140804290771484 -65.59993743896484
v -13.013708114624023 -17.189334869384766 -66.30935668945312
v -2.286505699157715 -17.3978214263916 -65.7863998413086
v -12.995171546936035 -16.42259407043457 -66.2179946899414
v -2.240157127380371 -16.523313522338867 -65.64201354980469
v -12.930989265441895 -15.678131103515625 -66.10126495361328
v -2.2544145584106445 -15.731453895568848 -65.7376480102539
v -12.819063186645508 -14.945137023925781 -66.00200653076172
v -2.358269691467285 -14.879953384399414 -66.14494323730469
v -12.665975570678711 -14.224004745483398 -65.81451416015625
v -2.6249289512634277 -14.16015625 -66.10977172851562
v -12.485218048095703 -13.566446304321289 -65.47664642333984
v -2.901732921600342 -13.555002212524414 -65.98873138427734
v -12.142634391784668 -13.121390342712402 -66.13609313964844
v -11.743270874023438 -12.726438522338867 -66.68506622314453
v -3.542804718017578 -12.547599792480469 -65.65544128417969
v -3.199923038482666 -13.019454956054688 -65.83274841308594
v -11.466383934020996 -12.297725677490234 -66.12628936767578
v -3.9621591567993164 -12.156176567077637 -66.74156188964844
v -11.14393424987793 -11.917055130004883 -65.54519653320312
v -4.440820217132568 -11.81633472442627 -66.58588409423828
v -10.584676742553711 -11.683034896850586 -65.87654113769531
v -9.930574417114258 -11.494552612304688 -66.15169525146484
v -9.20144271850586 -11.342573165893555 -66.26190185546875
v -8.470666885375977 -11.245489120483398 -66.28379821777344
v -7.74761438369751 -11.2044095993042 -66.33049011230469
v -7.015776634216309 -11.20408821105957 -66.35040283203125
v -6.301259994506836 -11.254131317138672 -66.3644027709961
v -5.622565746307373 -11.366772651672363 -66.39968872070312
v -4.997074604034424 -11.55242919921875 -66.4715576171875
v -10.557746887207031 -21.932815551757812 -64.4698715209961
v -9.985566139221191 -22.17023468017578 -64.64370727539062
v -9.351789474487305 -22.324275970458984 -64.80640411376953
v -8.658397674560547 -22.38370132446289 -64.94998931884766
v -7.90630578994751 -22.356868743896484 -65.08800506591797
v -7.134056091308594 -22.26932144165039 -65.2762222290039
v -6.506907939910889 -22.1796875 -65.56636810302734
v -5.764329433441162 -21.957265853881836 -65.49243927001953
v -5.089414119720459 -21.78281593322754 -65.99430084228516
v -11.069679260253906 -21.59576416015625 -65.44780731201172
v -4.667770862579346 -21.47119140625 -65.48213958740234
v -5.508577823638916 -21.68189239501953 -64.44541931152344
v -5.134785175323486 -21.65011215209961 -65.14312744140625
v -11.509454727172852 -21.241151809692383 -65.086669921875
v -4.398536682128906 -21.21404457092285 -65.19649505615234
v -12.197149276733398 -20.47252655029297 -64.35314178466797
v -11.873102188110352 -20.887136459350586 -64.66808319091797
v -4.038333892822266 -20.806753158569336 -65.0665283203125
v -3.485429286956787 -20.409870147705078 -65.8489990234375
v -5.3032755851745605 -21.430313110351562 -63.70140075683594
v -4.771161079406738 -21.27572250366211 -64.48806762695312
v -12.45427131652832 -19.959794998168945 -65.26947021484375
v -3.2265067100524902 -19.845367431640625 -65.46470642089844
v -3.8730740547180176 -20.30516815185547 -64.17850494384766
v -3.596615791320801 -20.240222930908203 -64.98382568359375
v -12.697458267211914 -19.36827850341797 -65.25676727294922
v -3.0072689056396484 -19.155406951904297 -65.013427734375
v -3.764510154724121 -19.932483673095703 -63.61553192138672
v -3.4525394439697266 -19.753372192382812 -64.39281463623047
v -12.892162322998047 -18.691635131835938 -65.20740509033203
v -2.744591236114502 -18.511795043945312 -65.08350372314453
v -13.012897491455078 -17.962491989135742 -65.1552963256836
v -2.6390910148620605 -17.92868423461914 -64.84474182128906
v -13.06511116027832 -17.18848991394043 -65.115966796875
v -2.518129348754883 -17.162250518798828 -64.72503662109375
v -13.062310218811035 -16.387474060058594 -65.08563995361328
v -2.4567604064941406 -16.368091583251953 -64.68616485595703
v -13.012957572937012 -15.584981918334961 -65.04344940185547
v -2.4652481079101562 -15.587472915649414 -64.77027893066406
v -12.921083450317383 -14.80313491821289 -64.9332046508789
v -2.561652660369873 -14.838207244873047 -64.837646484375
v -12.786590576171875 -14.065563201904297 -64.71378326416016
v -2.7303338050842285 -14.156365394592285 -64.80121612548828
v -12.606239318847656 -13.39072036743164 -64.40509796142578
v -2.946484088897705 -13.545549392700195 -64.70767974853516
v -12.26865005493164 -12.990533828735352 -65.10143280029297
v -11.895394325256348 -12.626481056213379 -65.66959381103516
v -3.545105457305908 -12.54110336303711 -64.3984603881836
v -3.2146453857421875 -13.005268096923828 -64.5712661743164
v -11.62356185913086 -12.198055267333984 -65.16490936279297
v -3.9490342140197754 -12.145519256591797 -65.47355651855469
v -11.326921463012695 -11.808061599731445 -64.60277557373047
v -4.427933692932129 -11.817848205566406 -65.3078842163086
v -10.772932052612305 -11.552751541137695 -64.90348815917969
v -10.118352890014648 -11.344135284423828 -65.12531280517578
v -9.360051155090332 -11.185741424560547 -65.22018432617188
v -8.544551849365234 -11.101770401000977 -65.2239990234375
v -7.744050025939941 -11.087560653686523 -65.16792297363281
v -6.985187530517578 -11.13576889038086 -65.11943817138672
v -6.265842914581299 -11.229181289672852 -65.08617401123047
v -5.594325065612793 -11.36939525604248 -65.10398864746094
v -4.978787899017334 -11.562097549438477 -65.17951965332031
v -10.564613342285156 -21.890926361083984 -63.35784912109375
v -9.99908447265625 -22.10235595703125 -63.45695495605469
v -9.363019943237305 -22.252595901489258 -63.632774353027344
v -8.704090118408203 -22.31745719909668 -63.83659362792969
v -7.99410343170166 -22.282421112060547 -63.9801025390625
v -7.212769985198975 -22.168624877929688 -64.15962219238281
v -6.351590156555176 -21.995317459106445 -64.51263427734375
v -11.051726341247559 -21.640277862548828 -64.24415588378906
v -5.880272388458252 -21.680641174316406 -63.558082580566406
v -11.461771011352539 -21.31490707397461 -63.91529083251953
v -5.535697937011719 -21.354747772216797 -62.88665771484375
v -12.16590404510498 -20.49880027770996 -63.16181182861328
v -11.813092231750488 -20.946216583251953 -63.502197265625
v -4.954540729522705 -21.07293701171875 -63.282127380371094
v -4.37624454498291 -20.737707138061523 -63.819427490234375
v -12.495875358581543 -19.96809196472168 -64.1653823852539
v -4.129135608673096 -20.259130477905273 -63.238372802734375
v -12.75320053100586 -19.375587463378906 -64.05742645263672
v -3.9025068283081055 -19.772220611572266 -62.8228759765625
v -3.5464882850646973 -19.48887062072754 -63.461036682128906
v -3.2543420791625977 -19.194305419921875 -64.05879974365234
v -12.94851303100586 -18.707334518432617 -63.98700714111328
v -2.9865264892578125 -18.556034088134766 -64.15645599365234
v -13.080430030822754 -17.966901779174805 -63.9508056640625
v -2.8262734413146973 -17.756128311157227 -63.836212158203125
v -13.158345222473145 -17.15584945678711 -63.94599914550781
v -2.697432041168213 -16.97978973388672 -63.717803955078125
v -13.177990913391113 -16.293275833129883 -63.990631103515625
v -2.624237537384033 -16.236949920654297 -63.69987487792969
v -13.144386291503906 -15.436673164367676 -63.99749755859375
v -2.6252031326293945 -15.513062477111816 -63.66840362548828
v -13.066827774047852 -14.616548538208008 -63.861351013183594
v -2.6879310607910156 -14.797246932983398 -63.638458251953125
v -12.92724609375 -13.852691650390625 -63.65100860595703
v -2.811908721923828 -14.125383377075195 -63.585548400878906
v -12.738502502441406 -13.122737884521484 -63.280677795410156
v -2.9969215393066406 -13.518452644348145 -63.49906921386719
v -12.371313095092773 -12.803983688354492 -64.12239074707031
v -12.025952339172363 -12.504827499389648 -64.71687316894531
v -3.564739227294922 -12.554920196533203 -63.17352294921875
v -3.2468438148498535 -12.992572784423828 -63.365020751953125
v -11.786365509033203 -12.096571922302246 -64.26521301269531
v -3.944516181945801 -12.154984474182129 -64.20379638671875
v -12.396133422851562 -12.495052337646484 -63.26519012451172
v -12.125598907470703 -12.371789932250977 -63.93882751464844
v -11.546075820922852 -11.747407913208008 -63.82122039794922
v -4.4136881828308105 -11.837852478027344 -64.01603698730469
v -11.000812530517578 -11.38414192199707 -63.85139465332031
v -10.373139381408691 -11.22037124633789 -64.30343627929688
v -9.605789184570312 -10.955535888671875 -64.14047241210938
v -8.69433879852295 -10.886442184448242 -64.24972534179688
v -7.759690284729004 -10.860657691955566 -64.0179443359375
v -6.952416896820068 -10.978460311889648 -63.94245147705078
v -6.214916706085205 -11.135519027709961 -63.81446838378906
v -5.548489093780518 -11.339771270751953 -63.799285888671875
v -4.94924783706665 -11.571693420410156 -63.87214660644531
v -12.35715103149414 -12.143468856811523 -62.62001037597656
v -11.990081787109375 -11.997485160827637 -63.327484130859375
v -9.509491920471191 -10.58499813079834 -63.11084747314453
v -8.821832656860352 -10.611665725708008 -63.37127685546875
v -8.065247535705566 -10.618865966796875 -63.34068298339844
v -9.426546096801758 -10.317277908325195 -62.41199493408203
v -8.873546600341797 -10.323392868041992 -62.53742218017578
v -8.185518264770508 -10.3621244430542 -62.60448455810547
v -10.6083984375 -21.81616973876953 -62.55359649658203
v -10.070741653442383 -21.97171401977539 -62.26421356201172
v -9.388208389282227 -22.12588882446289 -62.4267578125
v -8.709406852722168 -22.20064353942871 -62.70469665527344
v -8.13915729522705 -22.211956024169922 -63.05316925048828
v -7.376396656036377 -22.05590057373047 -62.93724060058594
v -6.592035293579102 -21.905839920043945 -63.34930419921875
v -11.00965690612793 -21.638500213623047 -63.18584442138672
v -6.140303611755371 -21.608936309814453 -62.649879455566406
v -10.900556564331055 -21.61800765991211 -62.24891662597656
v -10.442554473876953 -21.788047790527344 -61.750335693359375
v -7.133018970489502 -21.808015823364258 -61.813926696777344
v -6.7150115966796875 -21.798181533813477 -62.463836669921875
v -11.354934692382812 -21.34355354309082 -62.80731201171875
v -5.8234333992004395 -21.303367614746094 -62.1002197265625
v -12.136626243591309 -20.47600746154785 -61.901206970214844
v -11.645853042602539 -20.991397857666016 -62.12882995605469
v -5.2571892738342285 -20.937585830688477 -62.16644287109375
v -4.629504680633545 -20.605873107910156 -62.75054931640625
v -11.160778999328613 -21.381961822509766 -61.879425048828125
v -10.746992111206055 -21.570026397705078 -61.359710693359375
v -6.928086280822754 -21.580934524536133 -61.053199768066406
v -6.429469585418701 -21.505474090576172 -61.686668395996094
v -12.512540817260742 -19.973098754882812 -62.967529296875
v -4.339432716369629 -20.104717254638672 -62.27436065673828
v -12.79946517944336 -19.38333511352539 -62.84759521484375
v -4.067468643188477 -19.510114669799805 -61.76197052001953
v -3.650951385498047 -19.24043846130371 -62.59967803955078
v -3.327655792236328 -18.939090728759766 -63.298072814941406
v -13.025045394897461 -18.71579933166504 -62.779693603515625
v -3.1496286392211914 -18.31090545654297 -63.04973602294922
v -3.6928176879882812 -18.88654327392578 -61.77398681640625
v -3.4296631813049316 -18.742095947265625 -62.51808166503906
v -13.201034545898438 -17.957639694213867 -62.754058837890625
v -3.0022501945495605 -17.5295467376709 -62.666587829589844
v -3.6655426025390625 -18.50157928466797 -61.13655090332031
v -3.368520736694336 -18.242990493774414 -61.939659118652344
v -13.338768005371094 -17.076419830322266 -62.74200439453125
v -2.8088808059692383 -16.777313232421875 -62.88219451904297
v -13.699674606323242 -17.0867919921875 -61.30210876464844
v -13.528752326965332 -17.308866500854492 -61.756134033203125
v -13.350081443786621 -16.10195541381836 -63.01948547363281
v -2.773869037628174 -16.174089431762695 -62.67578125
v -13.747322082519531 -16.46758270263672 -61.43024444580078
v -13.540851593017578 -16.661476135253906 -62.09381103515625
v -13.333892822265625 -15.239154815673828 -62.98259735107422
v -2.7599215507507324 -15.452098846435547 -62.57110595703125
v -13.804685592651367 -15.807474136352539 -61.338157653808594
v -13.566267013549805 -15.890920639038086 -62.165985107421875
v -13.267457962036133 -14.340591430664062 -62.739410400390625
v -2.8005003929138184 -14.740144729614258 -62.510643005371094
v -13.861787796020508 -15.24397087097168 -61.09649658203125
v -13.595986366271973 -15.066444396972656 -61.94366455078125
v -13.06140422821045 -13.62612247467041 -62.80357360839844
v -2.9027819633483887 -14.074718475341797 -62.45838165283203
v -13.015270233154297 -13.16976547241211 -62.36248016357422
v -3.0695557594299316 -13.487089157104492 -62.38109588623047
v -3.6025166511535645 -12.615812301635742 -61.982879638671875
v -3.302764892578125 -13.00162124633789 -62.2344970703125
v -12.737727165222168 -12.578177452087402 -62.32341766357422
v -3.9503097534179688 -12.193727493286133 -62.935218811035156
v -12.535083770751953 -11.997377395629883 -61.85291290283203
v -4.4005513191223145 -11.874747276306152 -62.70221710205078
v -12.078690528869629 -11.695098876953125 -62.36431121826172
v -11.561620712280273 -11.487924575805664 -63.03153991699219
v -11.025344848632812 -11.030912399291992 -62.808570861816406
v -10.30433177947998 -10.895288467407227 -63.36479187011719
v -6.932461261749268 -10.742700576782227 -62.98530578613281
v -6.1618804931640625 -10.924506187438965 -62.505950927734375
v -5.4888129234313965 -11.247528076171875 -62.46131896972656
v -4.911863803863525 -11.563825607299805 -62.53795623779297
v -9.983181953430176 -10.488927841186523 -62.56523132324219
v -7.440447807312012 -10.62016487121582 -63.068084716796875
v -10.998714447021484 -10.686540603637695 -61.95537567138672
v -10.54593276977539 -10.674274444580078 -62.52998352050781
v -6.988620758056641 -10.497450828552246 -62.3370361328125
v -6.426632404327393 -10.614776611328125 -61.95636749267578
v -9.698748588562012 -10.221719741821289 -61.92665100097656
v -7.54619836807251 -10.417997360229492 -62.535972595214844
v -9.029769897460938 -10.075974464416504 -61.651878356933594
v -8.268547058105469 -10.111797332763672 -61.777610778808594
v -7.598972320556641 -10.196495056152344 -61.816368103027344
v -10.892653465270996 -10.396635055541992 -61.267433166503906
v -10.337507247924805 -10.347806930541992 -61.753082275390625
v -7.116758823394775 -10.304093360900879 -61.85932159423828
v -6.63374662399292 -10.369014739990234 -61.48998260498047
v -9.452080726623535 -21.947490692138672 -61.13441467285156
v -8.733617782592773 -22.030555725097656 -61.48059844970703
v -7.950031757354736 -22.018850326538086 -61.921539306640625
v -10.0133056640625 -21.8696231842041 -61.27677917480469
v -7.487499713897705 -21.74811363220215 -60.93475341796875
v -10.29166030883789 -21.710777282714844 -60.891265869140625
v -7.120609283447266 -21.467113494873047 -60.25032043457031
v -12.139749526977539 -20.42119598388672 -60.65105438232422
v -11.638498306274414 -20.853816986083984 -60.80299377441406
v -11.071372032165527 -21.27202796936035 -60.89111328125
v -10.570966720581055 -21.52179527282715 -60.58708190917969
v -6.528973579406738 -21.284353256225586 -60.638885498046875
v -5.853533744812012 -21.038795471191406 -61.18419647216797
v -5.297434329986572 -20.66103172302246 -61.25499725341797
v -4.836976528167725 -20.43595314025879 -61.7681884765625
v -12.535333633422852 -19.96118927001953 -61.74224853515625
v -4.55784797668457 -19.959699630737305 -61.309356689453125
v -12.868380546569824 -19.387985229492188 -61.63127899169922
v -4.374337196350098 -19.524002075195312 -60.80787658691406
v -13.153600692749023 -18.730247497558594 -61.56883239746094
v -4.025685787200928 -18.975566864013672 -60.765342712402344
v -13.405954360961914 -17.980348587036133 -61.545143127441406
v -3.8015007972717285 -18.33249282836914 -60.330047607421875
v -13.832128524780273 -17.434524536132812 -60.55309295654297
v -13.641071319580078 -17.68001365661621 -61.01432800292969
v -3.4792661666870117 -17.978811264038086 -60.98121643066406
v -3.219926357269287 -17.622291564941406 -61.62712097167969
v -13.865303993225098 -16.916263580322266 -60.814247131347656
v -3.0110597610473633 -16.910505294799805 -61.84104919433594
v -13.95726203918457 -16.421842575073242 -60.6707763671875
v -2.9274463653564453 -16.109943389892578 -61.633338928222656
v -14.033449172973633 -15.761863708496094 -60.501747131347656
v -2.9027581214904785 -15.373050689697266 -61.523590087890625
v -14.047563552856445 -14.978837966918945 -60.309295654296875
v -2.9338955879211426 -14.663398742675781 -61.47022247314453
v -13.762367248535156 -14.632010459899902 -61.21009826660156
v -13.523077964782715 -14.345335960388184 -61.85020446777344
v -13.328706741333008 -13.685083389282227 -61.92646026611328
v -3.023052215576172 -14.013075828552246 -61.44275665283203
v -13.856924057006836 -14.16572380065918 -60.57548522949219
v -13.621187210083008 -14.045286178588867 -61.30714416503906
v -13.175594329833984 -12.885713577270508 -61.461448669433594
v -3.1694769859313965 -13.469719886779785 -61.392669677734375
v -3.6520004272460938 -12.7730131149292 -60.81245422363281
v -3.3787965774536133 -13.069068908691406 -61.20220184326172
v -13.891469955444336 -13.655948638916016 -60.06431579589844
v -13.586294174194336 -13.45674991607666 -60.868492126464844
v -12.889289855957031 -12.305747985839844 -61.45477294921875
v -3.966808319091797 -12.29041862487793 -61.62834167480469
v -12.778544425964355 -11.855673789978027 -60.998878479003906
v -4.393672943115234 -11.934148788452148 -61.3275146484375
v -12.3063325881958 -11.481451988220215 -61.39026641845703
v -11.648237228393555 -11.127985000610352 -61.964073181152344
v -5.405843257904053 -11.076498031616211 -61.009521484375
v -4.870486259460449 -11.525333404541016 -61.1590576171875
v -11.424482345581055 -10.647619247436523 -61.18671417236328
v -5.917167663574219 -10.7468843460083 -61.36528015136719
v -11.125028610229492 -10.293817520141602 -60.50750732421875
v -6.130027770996094 -10.498499870300293 -60.993309020996094
v -10.45830249786377 -10.120892524719238 -60.699119567871094
v -9.655153274536133 -10.006403923034668 -60.97450256347656
v -8.923077583312988 -9.865772247314453 -60.703086853027344
v -8.333706855773926 -9.900474548339844 -60.858612060546875
v -7.64230489730835 -9.990096092224121 -60.925140380859375
v -6.956994533538818 -10.150873184204102 -60.98457336425781
v -6.396162509918213 -10.287248611450195 -60.70762634277344
v -9.371841430664062 -21.797216415405273 -60.06050109863281
v -8.797014236450195 -21.826744079589844 -60.16448974609375
v -8.142948150634766 -21.852039337158203 -60.68340301513672
v -9.822535514831543 -21.786235809326172 -60.464744567871094
v -7.708609104156494 -21.620441436767578 -59.9871826171875
v -8.55247974395752 -21.61964225769043 -59.10816192626953
v -8.224594116210938 -21.699583053588867 -59.75730895996094
v -10.160600662231445 -21.601247787475586 -60.05775451660156
v -7.364320755004883 -21.367168426513672 -59.426231384277344
v -12.153410911560059 -20.38642120361328 -59.413795471191406
v -11.620426177978516 -20.754600524902344 -59.570274353027344
v -11.070704460144043 -21.09084129333496 -59.728851318359375
v -10.56719970703125 -21.376466751098633 -59.85187530517578
v -6.747007369995117 -21.09939956665039 -59.521484375
v -6.153833866119385 -20.933664321899414 -60.167503356933594
v -5.576872825622559 -20.565486907958984 -60.296630859375
v -5.0246477127075195 -20.276058197021484 -60.849151611328125
v -8.392131805419922 -21.447826385498047 -58.401222229003906
v -7.94069766998291 -21.461200714111328 -58.984413146972656
v -12.58126449584961 -19.950103759765625 -60.50994873046875
v -4.7655463218688965 -19.833648681640625 -60.3741455078125
v -5.495893955230713 -20.214008331298828 -59.33849334716797
v -5.169057846069336 -20.139968872070312 -60.052833557128906
v -12.979388236999512 -19.407546997070312 -60.390663146972656
v -4.494786262512207 -19.272541046142578 -59.82826232910156
v -5.370056629180908 -19.922042846679688 -58.67473602294922
v -5.0167083740234375 -19.759868621826172 -59.36614990234375
v -13.355612754821777 -18.773578643798828 -60.33489227294922
v -4.136013984680176 -18.687618255615234 -59.793548583984375
v -13.714098930358887 -18.718730926513672 -58.97197723388672
v -13.487768173217773 -18.95688819885254 -59.327125549316406
v -13.571823120117188 -18.202245712280273 -60.60081481933594
v -3.9655327796936035 -18.043697357177734 -59.293251037597656
v -13.92362117767334 -17.738605499267578 -59.85210418701172
v -13.757872581481934 -17.979467391967773 -60.23139953613281
v -3.5834193229675293 -17.70201873779297 -60.15693664550781
v -3.293883800506592 -17.359615325927734 -60.8941650390625
v -13.853192329406738 -18.221450805664062 -59.44011688232422
v -13.640284538269043 -18.497716903686523 -59.828643798828125
v -14.02779769897461 -17.137420654296875 -59.95826721191406
v -3.159165382385254 -16.701173782348633 -60.81199645996094
v -3.6317944526672363 -17.25429344177246 -59.45842742919922
v -3.389120101928711 -17.140233993530273 -60.206031799316406
v -14.174437522888184 -16.423534393310547 -59.7662353515625
v -3.0959606170654297 -16.001998901367188 -60.65162658691406
v -3.5966992378234863 -16.583383560180664 -59.02515411376953
v -3.346407413482666 -16.608821868896484 -59.93507385253906
v -14.255428314208984 -15.708041191101074 -59.60723876953125
v -3.0765175819396973 -15.27717113494873 -60.55458068847656
v -3.5433411598205566 -15.819561004638672 -58.83491516113281
v -3.3046841621398926 -15.912055969238281 -59.733924865722656
v -14.295255661010742 -15.091085433959961 -59.39460754394531
v -3.1031370162963867 -14.571571350097656 -60.53497314453125
v -3.5190701484680176 -15.05535888671875 -58.81172180175781
v -3.2866954803466797 -15.17322063446045 -59.65961456298828
v -14.160394668579102 -14.30555534362793 -59.559593200683594
v -3.176426887512207 -13.94289779663086 -60.57353973388672
v -3.534412384033203 -14.315962791442871 -58.941993713378906
v -3.3067703247070312 -14.459716796875 -59.70447540283203
v -14.077531814575195 -13.389814376831055 -59.203948974609375
v -3.2797694206237793 -13.482379913330078 -60.6390380859375
v -13.72183609008789 -13.051819801330566 -60.042762756347656
v -13.44097900390625 -12.81934928894043 -60.625152587890625
v -3.690505027770996 -13.062596321105957 -59.79961395263672
v -3.465437889099121 -13.271570205688477 -60.24833679199219
v -3.596055507659912 -13.620244979858398 -59.262428283691406
v -3.366875648498535 -13.820147514343262 -59.87384796142578
v -13.17281723022461 -12.285053253173828 -60.66627502441406
v -3.9931416511535645 -12.52429485321045 -60.101890563964844
v -13.775337219238281 -12.602006912231445 -59.3780517578125
v -13.50102424621582 -12.513494491577148 -60.07720947265625
v -13.00821304321289 -11.829460144042969 -60.39508819580078
v -4.417276382446289 -11.97248649597168 -59.924278259277344
v -12.686300277709961 -11.338436126708984 -60.244712829589844
v -12.021625518798828 -10.967456817626953 -60.88478088378906
v -5.199623107910156 -11.034811019897461 -59.497642517089844
v -4.822099208831787 -11.479795455932617 -59.76367950439453
v -13.795900344848633 -12.150287628173828 -58.82347106933594
v -13.343727111816406 -11.920428276062012 -59.664344787597656
v -11.718690872192383 -10.53314208984375 -60.323524475097656
v -5.659162998199463 -10.710275650024414 -60.35163879394531
v -12.573040008544922 -10.80477237701416 -59.358177185058594
v -12.218379974365234 -10.789405822753906 -60.06053924560547
v -11.389482498168945 -10.223054885864258 -59.72332000732422
v -5.997419357299805 -10.407066345214844 -60.046730041503906
v -10.701847076416016 -9.986055374145508 -59.5526123046875
v -9.894620895385742 -9.860504150390625 -59.81842041015625
v -9.139156341552734 -9.778034210205078 -59.88941192626953
v -8.429670333862305 -9.762120246887207 -59.89429473876953
v -7.741522789001465 -9.832393646240234 -59.940452575683594
v -7.066774368286133 -9.971857070922852 -59.97352600097656
v -6.463909149169922 -10.163747787475586 -59.96513366699219
v -12.430548667907715 -10.470294952392578 -58.71173858642578
v -11.972248077392578 -10.407328605651855 -59.33860778808594
v -9.138858795166016 -21.65236473083496 -59.16252136230469
v -9.678327560424805 -21.654069900512695 -59.568939208984375
v -8.828544616699219 -21.506999969482422 -58.40484619140625
v -10.043835639953613 -21.46645736694336 -59.18201446533203
v -8.600866317749023 -21.32740020751953 -57.76287078857422
v -12.169170379638672 -20.389318466186523 -58.164634704589844
v -11.592304229736328 -20.69549560546875 -58.33782196044922
v -10.979533195495605 -20.97418212890625 -58.53309631347656
v -10.44921875 -21.23611068725586 -58.82640838623047
v -8.02929401397705 -21.239316940307617 -57.93872833251953
v -7.318353652954102 -21.106529235839844 -58.455963134765625
v -6.673753261566162 -20.82086753845215 -58.55430603027344
v -6.100285053253174 -20.627891540527344 -59.18922424316406
v -12.646568298339844 -19.96725845336914 -59.25220489501953
v -5.780398845672607 -20.203567504882812 -58.414154052734375
v -13.137996673583984 -19.463193893432617 -59.05139923095703
v -5.492138862609863 -19.81186866760254 -57.85961151123047
v -13.77873420715332 -18.862319946289062 -58.06419372558594
v -13.489151000976562 -19.201492309570312 -58.402137756347656
v -5.102026462554932 -19.55437660217285 -58.380088806152344
v -4.765617847442627 -19.294034957885742 -58.88740539550781
v -13.909101486206055 -18.430591583251953 -58.69007110595703
v -4.425346851348877 -18.731796264648438 -58.826904296875
v -14.059591293334961 -17.848217010498047 -58.96564483642578
v -4.25724983215332 -18.118488311767578 -58.30371856689453
v -14.256978034973145 -17.11603355407715 -58.87836456298828
v -3.973257541656494 -17.363798141479492 -58.369712829589844
v -14.398860931396484 -16.375160217285156 -58.77830505371094
v -3.850734233856201 -16.49376106262207 -58.05671691894531
v -14.47085189819336 -15.630960464477539 -58.69819641113281
v -3.781449794769287 -15.703975677490234 -57.94097900390625
v -14.461040496826172 -14.869558334350586 -58.66127014160156
v -3.754246234893799 -14.924419403076172 -57.971343994140625
v -14.404892921447754 -14.086639404296875 -58.56182098388672
v -3.7752270698547363 -14.138067245483398 -58.17188262939453
v -14.369905471801758 -13.443922996520996 -58.32130432128906
v -3.8820624351501465 -13.278615951538086 -58.64921569824219
v -14.156317710876465 -12.729978561401367 -58.42063903808594
v -4.1675567626953125 -12.558090209960938 -58.67076873779297
v -14.047074317932129 -12.016857147216797 -58.030967712402344
v -4.47772741317749 -11.964666366577148 -58.59416961669922
v -13.611162185668945 -11.607766151428223 -58.57830047607422
v -13.101970672607422 -11.220526695251465 -59.10053253173828
v -5.197381973266602 -11.001789093017578 -58.242759704589844
v -4.815852642059326 -11.450565338134766 -58.44902038574219
v -12.893522262573242 -10.727715492248535 -58.503074645996094
v -5.575120449066162 -10.649299621582031 -59.20238494873047
v -12.589824676513672 -10.34299087524414 -57.90313720703125
v -6.027162075042725 -10.323678970336914 -59.04167175292969
v -12.001776695251465 -10.166096687316895 -58.23753356933594
v -11.2839937210083 -10.011434555053711 -58.643531799316406
v -10.572874069213867 -9.818326950073242 -58.42700958251953
v -9.997499465942383 -9.76107120513916 -58.676795959472656
v -9.289968490600586 -9.708070755004883 -58.812103271484375
v -8.574342727661133 -9.699642181396484 -58.86363983154297
v -7.869386672973633 -9.755146026611328 -58.89076232910156
v -7.19146728515625 -9.876751899719238 -58.939208984375
v -6.569433212280273 -10.06479263305664 -58.984413146972656
v -9.205269813537598 -21.510398864746094 -58.407135009765625
v -9.555864334106445 -21.519947052001953 -58.73893737792969
v -9.072327613830566 -21.38735008239746 -57.86823272705078
v -9.424591064453125 -21.415721893310547 -58.11817169189453
v -9.844291687011719 -21.344030380249023 -58.28502655029297
v -8.923482894897461 -21.226810455322266 -57.27195739746094
v -12.180018424987793 -20.42626190185547 -56.901092529296875
v -11.578310012817383 -20.672012329101562 -57.0892333984375
v -10.901522636413574 -20.885133743286133 -57.27668762207031
v -10.134971618652344 -21.10641098022461 -57.558555603027344
v -8.342576026916504 -21.071577072143555 -56.95655822753906
v -7.575845718383789 -20.9322452545166 -57.26531982421875
v -6.909334659576416 -20.727312088012695 -57.61711120605469
v -6.312811374664307 -20.48265838623047 -58.01666259765625
v -9.430492401123047 -21.261585235595703 -57.54676818847656
v -12.693095207214355 -20.041906356811523 -57.95722961425781
v -5.956029891967773 -20.085693359375 -57.39887237548828
v -13.147234916687012 -19.697284698486328 -57.638206481933594
v -5.610835552215576 -19.640504837036133 -56.85749053955078
v -13.864171981811523 -18.931686401367188 -57.021827697753906
v -13.528335571289062 -19.350791931152344 -57.28294372558594
v -5.193591117858887 -19.370317459106445 -57.44956970214844
v -4.823470115661621 -19.074630737304688 -58.05339813232422
v -14.03154182434082 -18.398178100585938 -57.924232482910156
v -4.5798420906066895 -18.5142879486084 -57.72350311279297
v -14.270030975341797 -17.785655975341797 -57.86293029785156
v -4.3717265129089355 -17.852996826171875 -57.42164611816406
v -14.487504959106445 -17.06744384765625 -57.777366638183594
v -4.184544086456299 -17.100894927978516 -57.25353240966797
v -14.630926132202148 -16.280292510986328 -57.774009704589844
v -4.064750671386719 -16.343700408935547 -57.12287902832031
v -14.683818817138672 -15.474832534790039 -57.82020568847656
v -4.003739356994629 -15.587675094604492 -57.041778564453125
v -14.67595100402832 -14.68397331237793 -57.808074951171875
v -3.978562355041504 -14.799678802490234 -57.086944580078125
v -14.634668350219727 -13.925493240356445 -57.72533416748047
v -4.007089138031006 -13.99482536315918 -57.25547790527344
v -14.548492431640625 -13.194465637207031 -57.635459899902344
v -4.1207194328308105 -13.222932815551758 -57.40375518798828
v -14.43585205078125 -12.483585357666016 -57.47753143310547
v -4.316926002502441 -12.53807544708252 -57.43236541748047
v -14.332782745361328 -11.854052543640137 -57.169189453125
v -4.573988914489746 -11.94605827331543 -57.38395690917969
v -13.904309272766113 -11.426448822021484 -57.62622833251953
v -13.403213500976562 -11.056173324584961 -58.12877655029297
v -5.32304048538208 -11.008858680725098 -57.03422546386719
v -4.900169372558594 -11.442888259887695 -57.25360870361328
v -13.140678405761719 -10.591638565063477 -57.601051330566406
v -5.649590492248535 -10.60631275177002 -58.05549621582031
v -12.797832489013672 -10.202657699584961 -56.939735412597656
v -6.159687042236328 -10.27020263671875 -58.00628662109375
v -12.145721435546875 -10.006248474121094 -57.14202880859375
v -11.439811706542969 -9.868728637695312 -57.37617492675781
v -10.721445083618164 -9.760225296020508 -57.47692108154297
v -10.033607482910156 -9.694015502929688 -57.529869079589844
v -9.358787536621094 -9.674942016601562 -57.64434814453125
v -8.685243606567383 -9.68639850616455 -57.75279998779297
v -8.004117012023926 -9.751092910766602 -57.775001525878906
v -7.321822643280029 -9.868371963500977 -57.82623291015625
v -6.706511974334717 -10.027670860290527 -57.968597412109375
v -12.183690071105957 -20.474529266357422 -55.630531311035156
v -11.580586433410645 -20.67679214477539 -55.833702087402344
v -10.897600173950195 -20.826875686645508 -56.01295471191406
v -10.116493225097656 -20.940387725830078 -56.20597839355469
v -9.15524959564209 -21.02596664428711 -56.454200744628906
v -8.351194381713867 -20.878934860229492 -56.030120849609375
v -7.766735553741455 -20.77847671508789 -56.240997314453125
v -7.1105241775512695 -20.588123321533203 -56.54106140136719
v -6.498956680297852 -20.35295867919922 -56.954307556152344
v -12.708830833435059 -20.140670776367188 -56.66534423828125
v -6.108736991882324 -19.92950439453125 -56.33007049560547
v -13.169407844543457 -19.816471099853516 -56.38141632080078
v -5.724525451660156 -19.381927490234375 -55.680084228515625
v -13.961434364318848 -18.992340087890625 -55.835533142089844
v -13.578474044799805 -19.43939971923828 -56.09458923339844
v -5.276548862457275 -19.15357208251953 -56.48979187011719
v -4.924154281616211 -18.876218795776367 -57.11067199707031
v -14.178312301635742 -18.41179084777832 -56.834983825683594
v -4.7206878662109375 -18.31822395324707 -56.73625946044922
v -5.279827117919922 -18.823766708374023 -55.628395080566406
v -5.014908313751221 -18.704723358154297 -56.309547424316406
v -14.484655380249023 -17.781055450439453 -56.67652130126953
v -4.549515247344971 -17.593170166015625 -56.30615234375
v -5.239725112915039 -18.464447021484375 -54.97642517089844
v -4.938232898712158 -18.242490768432617 -55.69286346435547
v -14.772356033325195 -17.004907608032227 -56.56505584716797
v -4.322910308837891 -16.868162155151367 -56.44031524658203
v -15.238666534423828 -17.034732818603516 -55.02368927001953
v -15.003097534179688 -17.240882873535156 -55.50243377685547
v -14.878439903259277 -16.102087020874023 -56.878623962402344
v -4.2685627937316895 -16.24962043762207 -56.208839416503906
v -15.321803092956543 -16.43744659423828 -55.27549743652344
v -15.069019317626953 -16.62982749938965 -55.908241271972656
v -14.916205406188965 -15.298199653625488 -56.986656188964844
v -4.211699962615967 -15.487373352050781 -56.11732482910156
v -15.403437614440918 -15.76545238494873 -55.368995666503906
v -15.134584426879883 -15.899145126342773 -56.11930847167969
v -14.912092208862305 -14.51108455657959 -56.99516296386719
v -4.187262058258057 -14.69682502746582 -56.14177703857422
v -15.465700149536133 -15.010619163513184 -55.40233612060547
v -15.173077583312988 -15.136384963989258 -56.199188232421875
v -14.873945236206055 -13.735998153686523 -56.94358825683594
v -4.214310646057129 -13.912534713745117 -56.22749328613281
v -15.49569320678711 -14.209497451782227 -55.39344787597656
v -15.181398391723633 -14.350116729736328 -56.204376220703125
v -14.80354118347168 -12.980341911315918 -56.83769226074219
v -4.308784008026123 -13.173437118530273 -56.300506591796875
v -15.486324310302734 -13.401710510253906 -55.322608947753906
v -15.157294273376465 -13.557648658752441 -56.14875793457031
v -14.701974868774414 -12.273120880126953 -56.667938232421875
v -4.4780731201171875 -12.507331848144531 -56.31824493408203
v -15.438282012939453 -12.627720832824707 -55.15968322753906
v -15.092921257019043 -12.768173217773438 -56.01947784423828
v -14.574718475341797 -11.799848556518555 -56.56242370605469
v -4.716610908508301 -11.935901641845703 -56.3031005859375
v -14.290285110473633 -11.272954940795898 -56.5118408203125
v -13.676155090332031 -10.892653465270996 -57.19440460205078
v -5.5228352546691895 -11.108743667602539 -55.70411682128906
v -5.043888092041016 -11.489618301391602 -56.140098571777344
v -15.418375015258789 -12.04780387878418 -54.86217498779297
v -14.942455291748047 -11.8983154296875 -55.78449249267578
v -13.377988815307617 -10.441088676452637 -56.69548034667969
v -5.868828296661377 -10.584473609924316 -56.847076416015625
v -14.216602325439453 -10.693227767944336 -55.697669982910156
v -13.85601806640625 -10.694276809692383 -56.396636962890625
v -6.3295722007751465 -10.567033767700195 -55.23700714111328
v -5.974900722503662 -10.698986053466797 -55.75084686279297
v -13.057231903076172 -10.100412368774414 -56.09363555908203
v -6.346607208251953 -10.234951972961426 -57.186126708984375
v -12.37194538116455 -9.837377548217773 -55.913047790527344
v -11.56001091003418 -9.718597412109375 -56.16554260253906
v -10.805416107177734 -9.653484344482422 -56.27063751220703
v -10.07380485534668 -9.633981704711914 -56.32049560546875
v -9.37035083770752 -9.657562255859375 -56.39106750488281
v -8.693981170654297 -9.715008735656738 -56.525230407714844
v -8.148204803466797 -9.772515296936035 -56.78386688232422
v -7.439732551574707 -9.946632385253906 -56.48384094238281
v -6.802523136138916 -10.084474563598633 -56.90422058105469
v -14.122163772583008 -10.340166091918945 -55.0732421875
v -13.645637512207031 -10.28125286102295 -55.692710876464844
v -6.777966022491455 -10.245347023010254 -55.76854705810547
v -6.329166889190674 -10.375738143920898 -56.26697540283203
v -12.180412292480469 -20.512760162353516 -54.353370666503906
v -11.585426330566406 -20.693206787109375 -54.574851989746094
v -10.922300338745117 -20.803606033325195 -54.77302551269531
v -10.185659408569336 -20.852994918823242 -54.95201110839844
v -9.37100601196289 -20.84808349609375 -55.12493133544922
v -8.561372756958008 -20.771194458007812 -55.24223327636719
v -7.9607367515563965 -20.680545806884766 -55.444183349609375
v -7.311820983886719 -20.436466217041016 -55.402374267578125
v -6.666314601898193 -20.214021682739258 -55.90087890625
v -12.715255737304688 -20.21297264099121 -55.38921356201172
v -6.29734992980957 -19.796966552734375 -55.271453857421875
v -7.1477532386779785 -20.139049530029297 -54.37919616699219
v -6.779348850250244 -20.082056045532227 -55.021514892578125
v -13.189196586608887 -19.89008140563965 -55.118560791015625
v -6.049191951751709 -19.32648468017578 -54.543113708496094
v -14.064574241638184 -19.06826400756836 -54.552574157714844
v -13.629329681396484 -19.506418228149414 -54.83642578125
v -7.002103328704834 -19.88520622253418 -53.676185607910156
v -6.592285633087158 -19.740808486938477 -54.255104064941406
v -14.342832565307617 -18.46928596496582 -55.59501647949219
v -5.584871768951416 -18.864261627197266 -54.75830078125
v -14.75369930267334 -17.856836318969727 -55.329856872558594
v -5.417788028717041 -18.30134391784668 -54.182281494140625
v -15.394330024719238 -17.349361419677734 -54.17255401611328
v -15.115737915039062 -17.608976364135742 -54.62512969970703
v -5.0608038902282715 -17.978513717651367 -54.76219177246094
v -4.788625240325928 -17.65701675415039 -55.339393615722656
v -15.446769714355469 -16.854583740234375 -54.583396911621094
v -4.5670390129089355 -16.97136116027832 -55.490760803222656
v -15.572702407836914 -16.37612533569336 -54.554595947265625
v -4.4700026512146 -16.162145614624023 -55.269927978515625
v -15.702295303344727 -15.698862075805664 -54.539794921875
v -4.41206693649292 -15.388334274291992 -55.18218994140625
v -15.802335739135742 -14.910268783569336 -54.5465087890625
v -4.389333724975586 -14.606213569641113 -55.18718719482422
v -15.851640701293945 -14.07972526550293 -54.53460693359375
v -4.414153099060059 -13.840496063232422 -55.243377685546875
v -15.843427658081055 -13.26444149017334 -54.44812774658203
v -4.503309726715088 -13.125885009765625 -55.29407501220703
v -15.780425071716309 -12.518644332885742 -54.27497863769531
v -4.684174060821533 -12.468266487121582 -55.259742736816406
v -5.044221878051758 -12.547779083251953 -53.83964538574219
v -4.828822612762451 -12.651908874511719 -54.36973571777344
v -15.635275840759277 -11.844515800476074 -54.082603454589844
v -4.872095584869385 -11.927223205566406 -55.49022674560547
v -15.210807800292969 -11.481321334838867 -54.80297088623047
v -14.7230863571167 -11.117923736572266 -55.40332794189453
v -6.366872787475586 -10.779535293579102 -54.17064666748047
v -5.939805507659912 -10.978639602661133 -54.76066589355469
v -5.556786060333252 -11.496400833129883 -54.365882873535156
v -5.165112018585205 -11.684203147888184 -55.07194519042969
v -5.247855186462402 -12.043094635009766 -54.05120849609375
v -4.9408674240112305 -12.195003509521484 -54.6807861328125
v -14.559518814086914 -10.605752944946289 -54.879722595214844
v -6.68182373046875 -10.442638397216797 -54.803123474121094
v -14.330887794494629 -10.235810279846191 -54.299583435058594
v -7.161474227905273 -10.19390869140625 -55.020790100097656
v -13.757932662963867 -10.026395797729492 -54.610443115234375
v -13.018083572387695 -9.83787727355957 -54.99767303466797
v -12.287497520446777 -9.588109970092773 -54.73705291748047
v -11.652374267578125 -9.538578987121582 -54.97566223144531
v -10.880756378173828 -9.507047653198242 -55.0152587890625
v -10.101402282714844 -9.534835815429688 -55.00152587890625
v -9.36471176147461 -9.618878364562988 -55.049400329589844
v -8.662187576293945 -9.742509841918945 -55.1507568359375
v -7.92006254196167 -9.91222858428955 -55.37464141845703
v -12.169658660888672 -20.526790618896484 -53.08135986328125
v -11.586499214172363 -20.69928741455078 -53.317108154296875
v -10.943281173706055 -20.789182662963867 -53.54606628417969
v -10.258424758911133 -20.8071346282959 -53.77460479736328
v -9.51223373413086 -20.75273895263672 -53.94268035888672
v -8.709406852722168 -20.636951446533203 -54.136390686035156
v -7.878386974334717 -20.465301513671875 -54.474639892578125
v -12.712728500366211 -20.259262084960938 -54.1046142578125
v -7.477903366088867 -20.128070831298828 -53.57460021972656
v -13.199877738952637 -19.939136505126953 -53.82976531982422
v -7.199156284332275 -19.800662994384766 -52.967491149902344
v -14.167070388793945 -19.15341567993164 -53.20606231689453
v -13.671445846557617 -19.565189361572266 -53.529396057128906
v -6.7386627197265625 -19.538747787475586 -53.283119201660156
v -6.3210248947143555 -19.300640106201172 -53.72161865234375
v -14.514875411987305 -18.59544563293457 -54.273033142089844
v -5.918419361114502 -18.763710021972656 -53.670997619628906
v -14.93476676940918 -18.183349609375 -53.998374938964844
v -5.621683597564697 -17.928171157836914 -53.138580322265625
v -15.549087524414062 -17.601621627807617 -53.25416564941406
v -15.271782875061035 -17.883909225463867 -53.66687774658203
v -5.186021327972412 -17.681062698364258 -53.96270751953125
v -4.877173900604248 -17.3865909576416 -54.634056091308594
v -15.627967834472656 -16.99509620666504 -53.81996154785156
v -4.741716384887695 -16.743160247802734 -54.527435302734375
v -5.23834228515625 -17.206573486328125 -53.313560485839844
v -4.9851179122924805 -17.150806427001953 -53.983154296875
v -15.842700004577637 -16.420913696289062 -53.630218505859375
v -4.6683669090271 -16.038190841674805 -54.363250732421875
v -5.20477294921875 -16.54850196838379 -52.902984619140625
v -4.943060874938965 -16.623188018798828 -53.71570587158203
v -16.043590545654297 -15.653335571289062 -53.58329772949219
v -4.620730876922607 -15.283287048339844 -54.277076721191406
v -5.154967308044434 -15.806781768798828 -52.680091857910156
v -4.893696308135986 -15.92756462097168 -53.50910186767578
v -16.18051528930664 -14.798343658447266 -53.62083435058594
v -4.6027302742004395 -14.511418342590332 -54.28123474121094
v -5.115807056427002 -15.029132843017578 -52.61711120605469
v -4.854035377502441 -15.168428421020508 -53.42254638671875
v -16.226600646972656 -13.937902450561523 -53.630104064941406
v -4.627978801727295 -13.766681671142578 -54.34307098388672
v -5.104565620422363 -14.254093170166016 -52.68321990966797
v -4.840052127838135 -14.39981460571289 -53.44707489013672
v -16.186153411865234 -13.118087768554688 -53.505516052246094
v -4.707849025726318 -13.105810165405273 -54.40330505371094
v -5.150449275970459 -12.953400611877441 -53.14117431640625
v -4.926276206970215 -13.057720184326172 -53.68457794189453
v -5.125081539154053 -13.52273178100586 -52.859153747558594
v -4.863607883453369 -13.673877716064453 -53.548316955566406
v -16.04068374633789 -12.349438667297363 -53.34129333496094
v -5.335366725921631 -12.517666816711426 -53.11714172363281
v -15.799307823181152 -11.609399795532227 -53.05744171142578
v -5.602502822875977 -11.952733993530273 -53.22868347167969
v -15.409088134765625 -11.232221603393555 -53.93421173095703
v -15.009403228759766 -10.922574996948242 -54.517784118652344
v -6.498861312866211 -10.930692672729492 -53.011207580566406
v -6.005549430847168 -11.338067054748535 -53.40087890625
v -14.817166328430176 -10.507583618164062 -54.066810607910156
v -6.8296074867248535 -10.511350631713867 -53.91979217529297
v -15.43978500366211 -10.94769287109375 -53.14598083496094
v -15.178728103637695 -10.784196853637695 -53.801231384277344
v -14.592445373535156 -10.22026538848877 -53.52653503417969
v -7.379496097564697 -10.219502449035645 -53.894004821777344
v -13.98876953125 -9.917616844177246 -53.45680236816406
v -13.33010196685791 -9.728598594665527 -53.944358825683594
v -12.588191032409668 -9.483087539672852 -53.719749450683594
v -11.779367446899414 -9.3672513961792 -53.88038635253906
v -11.025869369506836 -9.33840274810791 -53.88835906982422
v -10.160326957702637 -9.373998641967773 -53.566741943359375
v -9.365427017211914 -9.53713607788086 -53.634986877441406
v -8.663105964660645 -9.726131439208984 -53.73058319091797
v -8.006906509399414 -9.950006484985352 -53.844947814941406
v -15.354013442993164 -10.676908493041992 -52.642250061035156
v -15.054082870483398 -10.489654541015625 -53.192100524902344
v -12.515687942504883 -9.314287185668945 -52.63927459716797
v -11.927186965942383 -9.237968444824219 -52.861289978027344
v -11.222696304321289 -9.19607925415039 -52.92381286621094
v -10.538827896118164 -9.205400466918945 -52.80353546142578
v -12.149202346801758 -20.50076675415039 -51.85783386230469
v -11.585128784179688 -20.673168182373047 -52.0904541015625
v -10.961902618408203 -20.756519317626953 -52.33207702636719
v -10.2830171585083 -20.75017738342285 -52.60597229003906
v -9.685813903808594 -20.705032348632812 -52.964820861816406
v -8.896017074584961 -20.51583480834961 -52.876014709472656
v -8.120119094848633 -20.35034942626953 -53.347320556640625
v -12.697160720825195 -20.276939392089844 -52.8289794921875
v -7.684016227722168 -20.028949737548828 -52.72808074951172
v -8.630847930908203 -20.233964920043945 -51.72691345214844
v -8.211528778076172 -20.210039138793945 -52.456817626953125
v -13.18758773803711 -19.96450424194336 -52.546043395996094
v -7.415962219238281 -19.76702117919922 -52.400970458984375
v -14.239311218261719 -19.216228485107422 -51.7657470703125
v -13.676738739013672 -19.607067108154297 -52.209625244140625
v -7.047617435455322 -19.362247467041016 -52.22709655761719
v -6.435656547546387 -19.050561904907227 -52.92045593261719
v -8.417606353759766 -19.953369140625 -50.951385498046875
v -7.840776443481445 -19.810211181640625 -51.74346923828125
v -14.723264694213867 -18.72022247314453 -52.92682647705078
v -6.148338317871094 -18.447662353515625 -52.561492919921875
v -15.131449699401855 -18.681442260742188 -51.38885498046875
v -14.797282218933105 -18.865798950195312 -51.81831359863281
v -6.912994384765625 -18.795276641845703 -51.39434814453125
v -6.5807342529296875 -18.798768997192383 -52.12364196777344
v -15.114582061767578 -18.311763763427734 -53.138084411621094
v -5.985653400421143 -17.781280517578125 -52.04582214355469
v -15.61993408203125 -17.86992645263672 -52.4041748046875
v -15.385866165161133 -18.112838745117188 -52.778778076171875
v -15.442180633544922 -18.29868507385254 -51.89933776855469
v -15.13115119934082 -18.531204223632812 -52.317047119140625
v -6.827700138092041 -18.369531631469727 -50.88829040527344
v -6.4583539962768555 -18.26949119567871 -51.565399169921875
v -15.825819969177246 -17.23736572265625 -52.651710510253906
v -5.570065975189209 -17.180395126342773 -52.442626953125
v -16.13863754272461 -16.437889099121094 -52.52769470214844
v -5.507338047027588 -16.432798385620117 -52.046356201171875
v -16.452312469482422 -15.559577941894531 -52.47337341308594
v -5.44048547744751 -15.648603439331055 -51.871795654296875
v -16.974712371826172 -15.433883666992188 -51.11747741699219
v -16.729141235351562 -15.726232528686523 -51.509246826171875
v -16.56818389892578 -14.615118026733398 -52.73689270019531
v -5.402076244354248 -14.855742454528809 -51.85035705566406
v -17.096256256103516 -14.9003267288208 -51.29783630371094
v -16.836929321289062 -15.132927894592285 -51.867218017578125
v -16.58649444580078 -13.78931999206543 -52.687644958496094
v -5.399298667907715 -14.05678939819336 -51.96113586425781
v -17.153095245361328 -14.346909523010254 -51.24176025390625
v -16.910362243652344 -14.426172256469727 -51.9439697265625
v -16.476463317871094 -12.949836730957031 -52.42401123046875
v -5.438733100891113 -13.206982612609863 -52.23976135253906
v -17.171382904052734 -13.945663452148438 -51.04454040527344
v -16.923559188842773 -13.726043701171875 -51.703033447265625
v -16.180706024169922 -12.205160140991211 -52.517547607421875
v -5.662882328033447 -12.511026382446289 -52.22480773925781
v -16.02054786682129 -11.792325973510742 -52.10548400878906
v -5.930984020233154 -11.916208267211914 -52.24327087402344
v -6.657910346984863 -11.02602481842041 -51.84112548828125
v -6.269466876983643 -11.421418190002441 -52.117767333984375
v -15.622806549072266 -11.107611656188965 -52.12974548339844
v -6.969094276428223 -10.588216781616211 -52.76592254638672
v -15.271484375 -10.649776458740234 -51.56089782714844
v -15.020275115966797 -10.510313034057617 -51.071014404296875
v -15.329241752624512 -10.609685897827148 -52.17872619628906
v -7.4851274490356445 -10.261499404907227 -52.596893310546875
v -15.124929428100586 -10.42017936706543 -52.521018981933594
v -14.622247695922852 -10.142862319946289 -52.514686584472656
v -13.906002044677734 -9.789562225341797 -52.37556457519531
v -13.225793838500977 -9.551739692687988 -52.81391143798828
v -9.384369850158691 -9.428823471069336 -52.14263916015625
v -8.670663833618164 -9.683084487915039 -52.32841491699219
v -8.050739288330078 -9.954774856567383 -52.46070861816406
v -15.072000503540039 -10.383403778076172 -52.056427001953125
v -14.825224876403809 -10.292291641235352 -51.55113220214844
v -12.747180938720703 -9.339225769042969 -51.855926513671875
v -9.99051284790039 -9.249162673950195 -52.389984130859375
v -12.08658218383789 -9.188163757324219 -51.933441162109375
v -11.416149139404297 -9.12672233581543 -52.00843811035156
v -10.756290435791016 -9.120774269104004 -52.01911926269531
v -10.246789932250977 -9.157872200012207 -51.978912353515625
v -12.119317054748535 -20.418094635009766 -50.76393127441406
v -11.575961112976074 -20.587635040283203 -50.9442138671875
v -10.992681503295898 -20.685779571533203 -51.19575500488281
v -10.335874557495117 -20.667898178100586 -51.42791748046875
v -9.510433197021484 -20.53655433654785 -51.78565979003906
v -12.65726089477539 -20.256053924560547 -51.62055969238281
v -9.019231796264648 -20.20740509033203 -50.765533447265625
v -13.119053840637207 -19.952917098999023 -51.33476257324219
v -8.637499809265137 -19.831026077270508 -50.14976501464844
v -15.140843391418457 -18.695354461669922 -50.5291748046875
v -14.603662490844727 -19.00211524963379 -50.77201843261719
v -13.968873023986816 -19.321977615356445 -50.59059143066406
v -13.562560081481934 -19.61025047302246 -50.96778869628906
v -8.052576065063477 -19.54817771911621 -50.571746826171875
v -7.449305057525635 -19.217432022094727 -51.081390380859375
v -15.432989120483398 -18.436038970947266 -51.123809814453125
v -7.221865653991699 -18.678070068359375 -50.5596923828125
v -15.711712837219238 -17.92081642150879 -51.45820617675781
v -7.016885280609131 -18.138145446777344 -50.236663818359375
v -6.602609157562256 -17.909740447998047 -50.77400207519531
v -6.258606910705566 -17.69133758544922 -51.27922058105469
v -16.044628143310547 -17.18086051940918 -51.4532470703125
v -5.9433817863464355 -17.073463439941406 -51.43890380859375
v -16.404783248901367 -16.386032104492188 -51.315460205078125
v -5.808961391448975 -16.23948860168457 -51.20765686035156
v -16.976654052734375 -15.519798278808594 -50.476837158203125
v -16.725753784179688 -15.941095352172852 -50.72845458984375
v -17.13724136352539 -15.174341201782227 -50.794830322265625
v -5.740320682525635 -15.454923629760742 -51.09718322753906
v -17.211139678955078 -14.756536483764648 -50.759735107421875
v -5.711650848388672 -14.660167694091797 -51.10137939453125
v -17.234230041503906 -14.278162002563477 -50.67771911621094
v -5.726993083953857 -13.859796524047852 -51.19720458984375
v -17.187332153320312 -13.851844787597656 -50.61973571777344
v -5.815231800079346 -13.105428695678711 -51.283111572265625
v -17.032146453857422 -13.533794403076172 -51.02134704589844
v -16.758764266967773 -13.133382797241211 -51.4990234375
v -16.371524810791016 -12.450814247131348 -51.59141540527344
v -5.977272987365723 -12.448680877685547 -51.30828857421875
v -15.924549102783203 -11.723709106445312 -51.232452392578125
v -6.189680099487305 -11.907470703125 -51.27403259277344
v -15.526639938354492 -11.109757423400879 -51.14356994628906
v -15.244007110595703 -10.776412963867188 -50.94963073730469
v -6.810259819030762 -11.144638061523438 -50.75141906738281
v -6.463313102722168 -11.489952087402344 -51.08772277832031
v -14.991653442382812 -10.662734985351562 -50.673065185546875
v -7.095050811767578 -10.669922828674316 -51.53594970703125
v -14.608013153076172 -10.338460922241211 -50.80924987792969
v -7.584047317504883 -10.300898551940918 -51.311187744140625
v -14.165914535522461 -9.962141036987305 -51.4447021484375
v -13.424455642700195 -9.597719192504883 -51.68418884277344
v -9.295642852783203 -9.470558166503906 -50.72998046875
v -8.69448184967041 -9.675132751464844 -51.00654602050781
v -8.112573623657227 -9.9512939453125 -51.17469787597656
v -12.908613204956055 -9.444581985473633 -51.030120849609375
v -9.811103820800781 -9.255826950073242 -51.47613525390625
v -12.307977676391602 -9.2543363571167 -51.141510009765625
v -11.653304100036621 -9.16694450378418 -51.16432189941406
v -10.965394973754883 -9.13839340209961 -51.18476867675781
v -10.329591751098633 -9.16334342956543 -51.24122619628906
v -12.111163139343262 -20.28995704650879 -50.00190734863281
v -11.565852165222168 -20.401823043823242 -49.89189147949219
v -10.979902267456055 -20.535755157470703 -50.1806640625
v -10.482192039489746 -20.580768585205078 -50.507659912109375
v -9.789752960205078 -20.411813735961914 -50.43609619140625
v -12.57333755493164 -20.184814453125 -50.57342529296875
v -9.214234352111816 -20.063518524169922 -49.85420227050781
v -12.387073516845703 -20.053695678710938 -49.73777770996094
v -11.841880798339844 -20.14484405517578 -49.36897277832031
v -9.702420234680176 -20.164669036865234 -49.539031982421875
v -12.949872016906738 -19.876861572265625 -50.27580261230469
v -8.870304107666016 -19.70348358154297 -49.47395324707031
v -15.203226089477539 -18.582439422607422 -49.90394592285156
v -14.685689926147461 -18.807649612426758 -49.73243713378906
v -14.007210731506348 -19.109451293945312 -49.79804992675781
v -13.291776657104492 -19.4669132232666 -49.82391357421875
v -8.343685150146484 -19.330429077148438 -49.60685729980469
v -7.735788822174072 -19.01860237121582 -50.12382507324219
v -12.653959274291992 -19.74532699584961 -49.50675964355469
v -12.099874496459961 -19.803667068481445 -49.08653259277344
v -9.335386276245117 -19.826757431030273 -49.17304992675781
v -15.503227233886719 -18.333984375 -50.47172546386719
v -7.484257221221924 -18.458629608154297 -49.77508544921875
v -15.424835205078125 -18.25798797607422 -49.71038818359375
v -14.997732162475586 -18.498802185058594 -49.32121276855469
v -15.788674354553223 -17.75567626953125 -50.3375244140625
v -7.286381721496582 -17.78603744506836 -49.47578430175781
v -6.7670464515686035 -17.566608428955078 -50.12016296386719
v -6.369030475616455 -17.351890563964844 -50.69511413574219
v -15.546762466430664 -17.86055564880371 -49.46952819824219
v -15.175521850585938 -18.11474609375 -49.08447265625
v -16.11667823791504 -17.066669464111328 -50.5133056640625
v -6.195032596588135 -16.72623062133789 -50.603790283203125
v -6.889188289642334 -17.087364196777344 -49.60174560546875
v -6.528055667877197 -17.064285278320312 -50.149688720703125
v -16.285694122314453 -16.486608505249023 -50.04722595214844
v -6.110703945159912 -16.01543426513672 -50.447845458984375
v -16.893779754638672 -15.396463394165039 -49.996185302734375
v -16.645002365112305 -15.825593948364258 -49.9713134765625
v -6.9100260734558105 -16.411041259765625 -49.29206848144531
v -6.4974188804626465 -16.531217575073242 -49.929351806640625
v -17.106544494628906 -15.101051330566406 -50.33348083496094
v -6.0634613037109375 -15.250420570373535 -50.363311767578125
v -16.879844665527344 -14.950740814208984 -49.83299255371094
v -16.542160034179688 -15.380501747131348 -49.51362609863281
v -6.880354881286621 -15.63149642944336 -49.13482666015625
v -6.460154056549072 -15.821552276611328 -49.759063720703125
v -17.137516021728516 -14.610994338989258 -50.251312255859375
v -6.047546863555908 -14.461671829223633 -50.362701416015625
v -16.849254608154297 -14.349675178527832 -49.81742858886719
v -16.364992141723633 -14.67643928527832 -49.30625915527344
v -6.852161884307861 -14.828872680664062 -49.06455993652344
v -6.42848014831543 -15.045309066772461 -49.67826843261719
v -17.127620697021484 -14.108217239379883 -50.243988037109375
v -6.072640419006348 -13.686979293823242 -50.408477783203125
v -16.84606170654297 -13.779187202453613 -49.99443054199219
v -16.35536003112793 -13.867831230163574 -49.53422546386719
v -15.691447257995605 -14.032554626464844 -48.96842956542969
v -15.089357376098633 -13.950216293334961 -48.623504638671875
v -6.836080551147461 -14.027679443359375 -49.04792785644531
v -6.41704797744751 -14.256179809570312 -49.665374755859375
v -17.088794708251953 -13.73896598815918 -50.307769775390625
v -6.145668029785156 -12.969053268432617 -50.45906066894531
v -17.050445556640625 -13.521981239318848 -50.57373046875
v -16.725170135498047 -13.079584121704102 -50.78117370605469
v -16.88361167907715 -13.446664810180664 -50.2978515625
v -16.386817932128906 -13.142358779907227 -50.037689208984375
v -15.68559455871582 -13.155102729797363 -49.38743591308594
v -14.909875869750977 -13.244808197021484 -48.8360595703125
v -6.835353374481201 -13.250648498535156 -49.07966613769531
v -6.433546543121338 -13.49024772644043 -49.693450927734375
v -16.192626953125 -12.412405014038086 -50.64643859863281
v -6.259334087371826 -12.3488187789917 -50.505523681640625
v -15.657794952392578 -12.277460098266602 -49.948272705078125
v -14.901077270507812 -12.336456298828125 -49.30412292480469
v -14.068567276000977 -12.395679473876953 -48.80119323730469
v -13.390278816223145 -12.227249145507812 -48.565673828125
v -6.856048107147217 -12.520086288452148 -49.190216064453125
v -6.479835510253906 -12.780391693115234 -49.75860595703125
v -15.816378593444824 -11.884117126464844 -50.50712585449219
v -6.389284133911133 -11.894142150878906 -50.555877685546875
v -15.63403606414795 -11.466253280639648 -50.68267822265625
v -15.240716934204102 -11.095166206359863 -50.49858093261719
v -6.954514980316162 -11.346662521362305 -49.8956298828125
v -6.641042232513428 -11.63187026977539 -50.22087097167969
v -15.481101989746094 -11.619091033935547 -50.247802734375
v -14.893138885498047 -11.451458930969238 -49.85931396484375
v -14.066659927368164 -11.51435375213623 -49.27696228027344
v -13.21066665649414 -11.546874046325684 -48.810272216796875
v -6.902801990509033 -11.855184555053711 -49.449005126953125
v -6.551647186279297 -12.158548355102539 -49.897003173828125
v -14.698648452758789 -10.740482330322266 -50.27671813964844
v -7.273364067077637 -10.814773559570312 -50.23735046386719
v -14.042520523071289 -10.692501068115234 -49.83711242675781
v -13.220918655395508 -10.751665115356445 -49.324188232421875
v -12.363470077514648 -10.758840560913086 -48.87763977050781
v -11.674642562866211 -10.585689544677734 -48.65776062011719
v -14.276695251464844 -10.368478775024414 -50.30906677246094
v -7.7545166015625 -10.310924530029297 -50.18592834472656
v -14.100635528564453 -10.084354400634766 -50.657501220703125
v -13.520919799804688 -9.798538208007812 -50.7305908203125
v -9.508442878723145 -9.6449613571167 -49.63127136230469
v -8.799314498901367 -9.775627136230469 -49.87663269042969
v -8.231759071350098 -9.984386444091797 -50.076904296875
v -13.842296600341797 -10.161542892456055 -50.242767333984375
v -13.207805633544922 -10.065221786499023 -49.958648681640625
v -12.419425964355469 -10.109960556030273 -49.46907043457031
v -11.559164047241211 -10.09412956237793 -49.09065246582031
v -12.922883033752441 -9.614276885986328 -50.42205810546875
v -9.894013404846191 -9.327781677246094 -50.50743103027344
v -12.51112174987793 -9.398448944091797 -50.58128356933594
v -11.977899551391602 -9.336662292480469 -50.48149108886719
v -11.268115043640137 -9.297143936157227 -50.3997802734375
v -10.544025421142578 -9.275949478149414 -50.41481018066406
v -12.458145141601562 -9.636438369750977 -50.06622314453125
v -11.74306869506836 -9.622359275817871 -49.80049133300781
v -10.869873046875 -9.593259811401367 -49.59564208984375
v -10.15826416015625 -9.475719451904297 -49.79347229003906
v -10.921228408813477 -20.2901611328125 -49.3450927734375
v -10.312520980834961 -20.33681869506836 -49.62898254394531
v -11.343156814575195 -20.172012329101562 -49.15153503417969
v -9.89729118347168 -19.953441619873047 -49.00581359863281
v -10.874724388122559 -19.91482925415039 -48.77540588378906
v -10.427724838256836 -20.054590225219727 -48.966522216796875
v -11.47402572631836 -19.84602165222168 -48.813018798828125
v -9.501862525939941 -19.538379669189453 -48.72406005859375
v -14.010834693908691 -18.7680606842041 -49.08546447753906
v -13.285064697265625 -18.999313354492188 -49.05357360839844
v -12.453937530517578 -19.30801773071289 -48.91456604003906
v -11.708736419677734 -19.451391220092773 -48.62205505371094
v -8.88577651977539 -19.30719566345215 -48.92997741699219
v -8.367776870727539 -18.963062286376953 -49.02198791503906
v -7.961034774780273 -18.78839683532715 -49.37103271484375
v -10.927248001098633 -19.30925750732422 -48.38691711425781
v -10.137200355529785 -19.53021240234375 -48.542022705078125
v -14.523685455322266 -18.589448928833008 -49.05494689941406
v -7.777309417724609 -18.280982971191406 -49.12017822265625
v -14.038324356079102 -18.322837829589844 -48.6297607421875
v -13.311243057250977 -18.45742416381836 -48.55720520019531
v -12.485027313232422 -18.61616325378418 -48.455963134765625
v -11.542725563049316 -18.788373947143555 -48.291778564453125
v -10.67770767211914 -18.608224868774414 -48.08135986328125
v -10.06277847290039 -18.776107788085938 -48.162994384765625
v -9.297239303588867 -18.90224266052246 -48.405914306640625
v -8.571386337280273 -18.706167221069336 -48.63441467285156
v -8.149552345275879 -18.59923553466797 -48.8970947265625
v -14.664972305297852 -18.24134635925293 -48.791046142578125
v -7.733678817749023 -17.803119659423828 -48.87420654296875
v -15.273941040039062 -17.592370986938477 -48.939971923828125
v -14.830076217651367 -17.831348419189453 -48.657989501953125
v -14.152717590332031 -17.712736129760742 -48.368072509765625
v -13.354110717773438 -17.84318733215332 -48.25096130371094
v -12.544191360473633 -17.93006706237793 -48.16680908203125
v -11.683416366577148 -18.000972747802734 -48.06648254394531
v -10.82354736328125 -18.016183853149414 -47.96417236328125
v -10.046124458312988 -18.04327964782715 -47.95005798339844
v -9.332585334777832 -18.131996154785156 -48.08479309082031
v -8.66798210144043 -18.177927017211914 -48.33137512207031
v -8.148372650146484 -18.202518463134766 -48.65814208984375
v -15.79495620727539 -17.24872589111328 -49.56871032714844
v -7.4562668800354 -17.117202758789062 -48.919677734375
v -15.341341018676758 -16.93313217163086 -48.815460205078125
v -14.65919017791748 -17.18912124633789 -48.427886962890625
v -13.93733024597168 -17.041576385498047 -48.14094543457031
v -13.352227210998535 -17.168962478637695 -48.06266784667969
v -12.588930130004883 -17.22712516784668 -47.99072265625
v -11.763370513916016 -17.255258560180664 -47.92320251464844
v -10.916196823120117 -17.27187728881836 -47.862548828125
v -10.097360610961914 -17.300045013427734 -47.84812927246094
v -9.342061996459961 -17.368757247924805 -47.93327331542969
v -8.664107322692871 -17.472875595092773 -48.146514892578125
v -8.094573020935059 -17.607379913330078 -48.487548828125
v -15.840900421142578 -16.62174415588379 -49.227294921875
v -7.412052154541016 -16.246891021728516 -48.7127685546875
v -15.442859649658203 -16.221927642822266 -48.725738525390625
v -14.772403717041016 -16.39950180053711 -48.37135314941406
v -14.053010940551758 -16.463041305541992 -48.11637878417969
v -13.345325469970703 -16.482221603393555 -47.96730041503906
v -12.622964859008789 -16.512298583984375 -47.88963317871094
v -11.833500862121582 -16.510534286499023 -47.83210754394531
v -10.999166488647461 -16.500770568847656 -47.78892517089844
v -10.16122055053711 -16.51345443725586 -47.78327941894531
v -9.3663330078125 -16.575109481811523 -47.85484313964844
v -8.648133277893066 -16.69257926940918 -48.04069519042969
v -8.019351959228516 -16.860675811767578 -48.37318420410156
v -16.094303131103516 -15.947067260742188 -49.25575256347656
v -7.378387451171875 -15.422021865844727 -48.603668212890625
v -15.524398803710938 -15.52119255065918 -48.6749267578125
v -14.846933364868164 -15.635132789611816 -48.35975646972656
v -14.105903625488281 -15.711307525634766 -48.1158447265625
v -13.36512565612793 -15.759754180908203 -47.9473876953125
v -12.654638290405273 -15.802907943725586 -47.844085693359375
v -11.915742874145508 -15.780412673950195 -47.77488708496094
v -11.103200912475586 -15.728128433227539 -47.72529602050781
v -10.251152038574219 -15.705370903015137 -47.716217041015625
v -9.412407875061035 -15.739774703979492 -47.78663635253906
v -8.64926528930664 -15.8677339553833 -47.96516418457031
v -7.985126972198486 -16.0435791015625 -48.26622009277344
v -16.03448486328125 -15.243255615234375 -48.986053466796875
v -7.351362705230713 -14.594054222106934 -48.545379638671875
v -15.84155559539795 -14.716053009033203 -48.84742736816406
v -15.355277061462402 -14.487302780151367 -48.605194091796875
v -15.572393417358398 -14.996660232543945 -48.648834228515625
v -14.942466735839844 -14.858484268188477 -48.40789794921875
v -14.138650894165039 -14.904748916625977 -48.16741943359375
v -13.352834701538086 -14.957046508789062 -47.976837158203125
v -12.611377716064453 -15.039706230163574 -47.83500671386719
v -12.031173706054688 -15.178834915161133 -47.75581359863281
v -11.24168586730957 -14.916682243347168 -47.666015625
v -10.403633117675781 -14.948928833007812 -47.6318359375
v -9.493171691894531 -14.818358421325684 -47.67578125
v -8.663034439086914 -14.99488353729248 -47.8839111328125
v -7.966315746307373 -15.204179763793945 -48.18870544433594
v -14.838194847106934 -14.225268363952637 -48.44108581542969
v -7.322907447814941 -13.767766952514648 -48.526153564453125
v -14.171099662780762 -14.061379432678223 -48.28559875488281
v -13.333452224731445 -14.095270156860352 -48.06915283203125
v -12.513816833496094 -14.165914535522461 -47.870635986328125
v -11.722600936889648 -14.342331886291504 -47.70469665527344
v -8.656144142150879 -14.039098739624023 -47.76679992675781
v -7.943427562713623 -14.339017868041992 -48.123779296875
v -14.554619789123535 -13.67388916015625 -48.49029541015625
v -7.2978973388671875 -12.96273422241211 -48.568572998046875
v -14.253580093383789 -13.106239318847656 -48.56941223144531
v -13.698709487915039 -12.802743911743164 -48.47145080566406
v -14.004623413085938 -13.377487182617188 -48.388671875
v -13.326704025268555 -13.201940536499023 -48.2403564453125
v -12.469636917114258 -13.243937492370605 -47.99263000488281
v -11.574292182922363 -13.316178321838379 -47.72956848144531
v -8.423460006713867 -13.123345375061035 -47.75306701660156
v -7.878446578979492 -13.470876693725586 -48.094482421875
v -13.140630722045898 -12.49234676361084 -48.37699890136719
v -7.303738594055176 -12.188220024108887 -48.729248046875
v -12.46190071105957 -12.32597827911377 -48.20838928222656
v -11.604272842407227 -12.386846542358398 -47.92274475097656
v -10.76301383972168 -12.437116622924805 -47.62840270996094
v -10.153329849243164 -12.306761741638184 -47.45002746582031
v -8.368825912475586 -12.34332275390625 -47.78831481933594
v -7.816016674041748 -12.643623352050781 -48.14094543457031
v -12.832128524780273 -11.918854713439941 -48.46672058105469
v -7.36536979675293 -11.3936185836792 -49.13246154785156
v -12.52688217163086 -11.364984512329102 -48.57635498046875
v -11.969816207885742 -11.079608917236328 -48.48518371582031
v -12.274587631225586 -11.618339538574219 -48.36708068847656
v -11.601961135864258 -11.491775512695312 -48.19877624511719
v -10.77157211303711 -11.603652954101562 -47.91221618652344
v -9.972786903381348 -11.732709884643555 -47.64068603515625
v -8.482133865356445 -11.587846755981445 -47.90428161621094
v -7.837462425231934 -11.860370635986328 -48.2958984375
v -11.41517162322998 -10.824262619018555 -48.411712646484375
v -7.684731483459473 -10.72394847869873 -49.30389404296875
v -10.766839981079102 -10.782217979431152 -48.281402587890625
v -9.984027862548828 -10.966360092163086 -48.04313659667969
v -9.135699272155762 -11.164188385009766 -47.9058837890625
v -8.429872512817383 -10.958230972290039 -48.24249267578125
v -7.938838005065918 -11.15013313293457 -48.528289794921875
v -11.118102073669434 -10.361921310424805 -48.62251281738281
v -7.981729507446289 -10.30724048614502 -49.430389404296875
v -10.83376407623291 -9.961342811584473 -48.948822021484375
v -10.184526443481445 -9.827017784118652 -49.07402038574219
v -9.57602310180664 -9.997367858886719 -48.84925842285156
v -9.00580883026123 -10.032426834106445 -49.00260925292969
v -8.413898468017578 -10.149276733398438 -49.200592041015625
v -10.562705993652344 -10.198461532592773 -48.6273193359375
v -10.040605545043945 -10.31789779663086 -48.48304748535156
v -9.365010261535645 -10.446775436401367 -48.39302062988281
v -8.69605541229248 -10.507572174072266 -48.506927490234375
v -8.133363723754883 -10.588037490844727 -48.78410339355469
v -10.508441925048828 -14.278793334960938 -47.54280090332031
v -9.86574935913086 -14.260852813720703 -47.535858154296875
v -9.304677963256836 -14.070070266723633 -47.568511962890625
v -11.014986038208008 -14.166509628295898 -47.580413818359375
v -9.042394638061523 -13.497650146484375 -47.54005432128906
v -10.53982925415039 -13.683295249938965 -47.47772216796875
v -9.997856140136719 -13.713550567626953 -47.44697570800781
v -9.532917022705078 -13.751352310180664 -47.47108459472656
v -11.05663776397705 -13.629972457885742 -47.56568908691406
v -8.93210220336914 -12.80512809753418 -47.51258850097656
v -10.879838943481445 -13.068675994873047 -47.5396728515625
v -10.40142822265625 -12.772393226623535 -47.43743896484375
v -10.590946197509766 -13.242351531982422 -47.457275390625
v -10.062551498413086 -13.099491119384766 -47.39112854003906
v -9.497367858886719 -13.230609893798828 -47.416534423828125
v -9.952783584594727 -12.558126449584961 -47.36686706542969
v -8.902156829833984 -12.149715423583984 -47.52998352050781
v -9.46505069732666 -12.557005882263184 -47.38059997558594
v -9.695137023925781 -12.129616737365723 -47.40623474121094
v -9.015679359436035 -11.7018461227417 -47.58331298828125
v -9.401548385620117 -11.72279167175293 -47.52372741699219
v -9.280216217041016 -12.029230117797852 -47.41874694824219
vn -0.25390398502349854 -0.7453317642211914 -0.6164522767066956
vn -0.1322138011455536 -0.7777528762817383 -0.6145079135894775
vn -0.06678623706102371 -0.7758764028549194 -0.6273400187492371
vn -0.029785804450511932 -0.7619109749794006 -0.6469965577125549
vn -0.007371211890131235 -0.7456181645393372 -0.6663327217102051
vn 0.012876233085989952 -0.7275832295417786 -0.6858986616134644
vn 0.0388762541115284 -0.7023812532424927 -0.7107385993003845
vn 0.08747078478336334 -0.6652916669845581 -0.7414417862892151
vn 0.22476306557655334 -0.5900665521621704 -0.7754373550415039
vn 0.5326719880104065 -0.49983081221580505 -0.6829566955566406
vn -0.45388710498809814 -0.4495503306388855 -0.7693445682525635
vn -0.20476947724819183 -0.5098422169685364 -0.8355420231819153
vn -0.08116604387760162 -0.5215871334075928 -0.8493285775184631
vn -0.020844003185629845 -0.5064778327941895 -0.8620010614395142
vn 0.009666810743510723 -0.47962820529937744 -0.877418577671051
vn 0.03555445373058319 -0.44879472255706787 -0.892927348613739
vn 0.08361394703388214 -0.39980071783065796 -0.9127804040908813
vn 0.15205171704292297 -0.3192763924598694 -0.9353838562965393
vn 0.2820732593536377 -0.22115564346313477 -0.933555006980896
vn 0.5303246378898621 -0.1485220491886139 -0.8346838355064392
vn -0.6849287152290344 -0.30467644333839417 -0.6618496775627136
vn -0.43152984976768494 -0.22956019639968872 -0.8724013566970825
vn -0.22551852464675903 -0.26514315605163574 -0.9374650120735168
vn -0.0860058143734932 -0.2523476183414459 -0.9638068675994873
vn -0.0011721570044755936 -0.2269490510225296 -0.9739059209823608
vn 0.046842750161886215 -0.18394725024700165 -0.9818193316459656
vn 0.07712719589471817 -0.13263681530952454 -0.9881593585014343
vn 0.1252490133047104 -0.08989202976226807 -0.9880446195602417
vn 0.22324739396572113 -0.015918374061584473 -0.9746318459510803
vn 0.3198307156562805 0.06456691771745682 -0.9452721476554871
vn 0.4962729513645172 0.07537689805030823 -0.8648881912231445
vn -0.6802317500114441 -0.15206973254680634 -0.717049241065979
vn -0.4609774649143219 -0.10179784893989563 -0.8815537691116333
vn -0.22211135923862457 -0.0690026804804802 -0.9725766181945801
vn -0.06418689340353012 -0.056555040180683136 -0.9963340759277344
vn 0.03377767652273178 -0.021265815943479538 -0.9992031455039978
vn 0.102968230843544 0.031943000853061676 -0.9941716194152832
vn 0.14360198378562927 0.10360809415578842 -0.9841970801353455
vn 0.1751748025417328 0.16875945031642914 -0.9699659943580627
vn 0.23753538727760315 0.18097320199012756 -0.9543719291687012
vn 0.34132814407348633 0.26256588101387024 -0.9025266170501709
vn 0.4546988606452942 0.24187009036540985 -0.8571743369102478
vn -0.6644564867019653 -0.12006300687789917 -0.7376194596290588
vn -0.4264976382255554 -0.03953773155808449 -0.9036241173744202
vn -0.20541276037693024 0.010848207399249077 -0.9786153435707092
vn -0.028071308508515358 0.04725680872797966 -0.9984883069992065
vn 0.08623307198286057 0.09208551049232483 -0.9920101761817932
vn 0.16303740441799164 0.1457628607749939 -0.9757930040359497
vn 0.2262284904718399 0.2176220715045929 -0.9494531750679016
vn 0.24980643391609192 0.2985859215259552 -0.9211097955703735
vn 0.2850005328655243 0.34635353088378906 -0.8937639594078064
vn -0.5584932565689087 -0.21551725268363953 -0.8010228276252747
vn -0.3609241247177124 -0.057608071714639664 -0.930814266204834
vn -0.15364964306354523 0.01551868673413992 -0.9880034923553467
vn 0.023406540974974632 0.06527957320213318 -0.9975925087928772
vn 0.15708941221237183 0.11796905845403671 -0.9805132746696472
vn 0.24084065854549408 0.19026906788349152 -0.9517318606376648
vn 0.2823697328567505 0.24575276672840118 -0.9272933602333069
vn 0.34528738260269165 0.3286474347114563 -0.8790720105171204
vn 0.3247983157634735 0.40432748198509216 -0.8550002574920654
vn -0.6136454939842224 -0.4406256079673767 -0.6552010178565979
vn -0.5362991094589233 -0.34364548325538635 -0.7709027528762817
vn -0.3384556770324707 -0.20108841359615326 -0.9192448854446411
vn -0.22781698405742645 -0.12011761963367462 -0.9662666320800781
vn -0.07714047282934189 -0.020312078297138214 -0.9968133568763733
vn 0.08407343924045563 0.03813634440302849 -0.9957295656204224
vn 0.227410688996315 0.08737301826477051 -0.9698713421821594
vn 0.33399003744125366 0.15063773095607758 -0.9304616451263428
vn 0.3904668986797333 0.251022607088089 -0.8857331871986389
vn -0.6233524084091187 -0.2664068639278412 -0.7351592779159546
vn -0.4077012240886688 -0.2805444896221161 -0.8689502477645874
vn -0.27606409788131714 -0.19435276091098785 -0.9412840008735657
vn -0.12633483111858368 -0.10803534835577011 -0.9860871434211731
vn 0.0030530050862580538 -0.048731449991464615 -0.9988073110580444
vn 0.1407018005847931 0.0022080191411077976 -0.9900496006011963
vn 0.28244397044181824 0.040891703218221664 -0.9584118723869324
vn 0.4026932418346405 0.08662392944097519 -0.9112268686294556
vn 0.4794600009918213 0.15363061428070068 -0.8640114665031433
vn -0.6847593784332275 -0.1248670443892479 -0.7179922461509705
vn -0.4080631136894226 -0.15900076925754547 -0.8990012407302856
vn -0.20940329134464264 -0.1448976695537567 -0.967034101486206
vn -0.07220694422721863 -0.09409034997224808 -0.9929417371749878
vn 0.05449719354510307 -0.05061642453074455 -0.9972302317619324
vn 0.18147453665733337 -0.02062150277197361 -0.9831793904304504
vn 0.31805431842803955 0.0019118721829727292 -0.9480706453323364
vn 0.4440740942955017 0.027031246572732925 -0.8955822587013245
vn 0.5296357870101929 0.068153016269207 -0.8454827666282654
vn -0.7241488695144653 -0.03660021722316742 -0.688671886920929
vn -0.44458621740341187 -0.0685458779335022 -0.8931095600128174
vn -0.20007453858852386 -0.08545906841754913 -0.976046621799469
vn -0.038515619933605194 -0.07320209592580795 -0.9965731501579285
vn 0.08368537575006485 -0.0490885004401207 -0.9952824711799622
vn 0.20419076085090637 -0.030809151008725166 -0.9784461855888367
vn 0.33532482385635376 -0.021734533831477165 -0.9418518543243408
vn 0.46257877349853516 -0.01464585680514574 -0.8864572048187256
vn 0.5543580651283264 0.0025937268510460854 -0.8322742581367493
vn -0.7531800866127014 0.0306415893137455 -0.6571003794670105
vn -0.485830694437027 -0.0022708363831043243 -0.8740500807762146
vn -0.21994774043560028 -0.03716611862182617 -0.9748034477233887
vn -0.03131364658474922 -0.050952229648828506 -0.998210072517395
vn 0.09995129704475403 -0.04538842290639877 -0.9939565658569336
vn 0.21609611809253693 -0.035338468849658966 -0.9757323861122131
vn 0.3402528166770935 -0.03205791488289833 -0.9397873878479004
vn 0.46512988209724426 -0.03554755821824074 -0.8845284581184387
vn 0.5606162548065186 -0.0361277312040329 -0.8272872567176819
vn -0.7795342803001404 0.09579388052225113 -0.6189910769462585
vn -0.5340108275413513 0.06814908981323242 -0.8427266478538513
vn -0.2619391977787018 0.01783033087849617 -0.9649196863174438
vn -0.046977318823337555 -0.021220797672867775 -0.9986705780029297
vn 0.1029445007443428 -0.034867845475673676 -0.9940757751464844
vn 0.22218793630599976 -0.03278443217277527 -0.974452555179596
vn 0.33999860286712646 -0.03065364621579647 -0.9399262070655823
vn 0.4595024883747101 -0.03684914484620094 -0.8874117732048035
vn 0.5563395023345947 -0.04715878888964653 -0.8296158909797668
vn -0.8078954219818115 0.16649433970451355 -0.56531822681427
vn -0.5916236639022827 0.16148552298545837 -0.789875864982605
vn -0.3315592110157013 0.10483211278915405 -0.9375920295715332
vn -0.09208865463733673 0.03687341511249542 -0.9950678944587708
vn 0.08763177692890167 -0.003576345043256879 -0.996146559715271
vn 0.22204534709453583 -0.014362718909978867 -0.9749305844306946
vn 0.33882012963294983 -0.013046440668404102 -0.9407607316970825
vn 0.45206114649772644 -0.017652159556746483 -0.8918123245239258
vn 0.5482868552207947 -0.03118099831044674 -0.8357088565826416
vn -0.8466171026229858 0.25622695684432983 -0.4664625823497772
vn -0.6688087582588196 0.27308642864227295 -0.6914612650871277
vn -0.4256495237350464 0.2269197702407837 -0.8759737014770508
vn -0.17357614636421204 0.14128205180168152 -0.9746336340904236
vn 0.04248134419322014 0.0689641684293747 -0.9967142343521118
vn 0.20946438610553741 0.03393523395061493 -0.9772272109985352
vn 0.337213933467865 0.030923940241336823 -0.9409200549125671
vn 0.4453945457935333 0.02852030098438263 -0.8948800563812256
vn 0.5403503179550171 0.012894422747194767 -0.8413413166999817
vn -0.5236219763755798 0.3647841811180115 -0.7699043154716492
vn -0.2735168933868408 0.2794741988182068 -0.9203709959983826
vn -0.031954094767570496 0.19939933717250824 -0.9793972373008728
vn 0.16653956472873688 0.13382205367088318 -0.9769116044044495
vn 0.3319234251976013 0.11106178164482117 -0.9367455244064331
vn 0.4375189244747162 0.11419019103050232 -0.8919292688369751
vn 0.5309127569198608 0.09011781215667725 -0.8426211476325989
vn -0.5732656717300415 0.48894909024238586 -0.6574916243553162
vn -0.34909459948539734 0.4307350814342499 -0.8322261571884155
vn -0.10817264020442963 0.36807069182395935 -0.9234839677810669
vn 0.11083459854125977 0.30806952714920044 -0.9448856711387634
vn 0.283788800239563 0.23795674741268158 -0.9288921356201172
vn 0.4215918779373169 0.24950090050697327 -0.8717853426933289
vn 0.5133647918701172 0.2099672108888626 -0.8320879936218262
vn -0.40766867995262146 0.5999653935432434 -0.6883660554885864
vn -0.17455793917179108 0.5576596260070801 -0.8115081191062927
vn 0.05158599466085434 0.49971336126327515 -0.8646534085273743
vn 0.26364460587501526 0.41799867153167725 -0.8693495988845825
vn -0.38997894525527954 0.755129873752594 -0.5269680023193359
vn -0.21010853350162506 0.7412047386169434 -0.6375499367713928
vn -0.028770914301276207 0.7132419347763062 -0.7003271579742432
vn 0.1458248794078827 0.6511129140853882 -0.7448403835296631
vn -0.31613126397132874 -0.8960804343223572 -0.31161022186279297
vn -0.16883179545402527 -0.9327433109283447 -0.3185684084892273
vn -0.11030581593513489 -0.9342434406280518 -0.3391486704349518
vn -0.06535536050796509 -0.9263741374015808 -0.370890349149704
vn -0.030206838622689247 -0.9162028431892395 -0.39957475662231445
vn -0.0016013573622331023 -0.9080148935317993 -0.4189349114894867
vn 0.023854505270719528 -0.9038352370262146 -0.4272152781486511
vn 0.0558987632393837 -0.9024351239204407 -0.42718398571014404
vn 0.11964306235313416 -0.9026888608932495 -0.4133259356021881
vn 0.2875756621360779 -0.8504555821418762 -0.44048333168029785
vn -0.5133718848228455 -0.6695108413696289 -0.5368468761444092
vn 0.6011150479316711 -0.7052342295646667 -0.3759060502052307
vn -0.7692923545837402 -0.4587341845035553 -0.4446934759616852
vn 0.7595335841178894 -0.29823949933052063 -0.5780674815177917
vn -0.8786190748214722 -0.40196579694747925 -0.25778305530548096
vn -0.8427435755729675 -0.2946220934391022 -0.45053422451019287
vn 0.7074907422065735 -0.013498831540346146 -0.7065936923027039
vn -0.8704509139060974 -0.21428102254867554 -0.44316914677619934
vn 0.6333194971084595 0.16266781091690063 -0.7566013336181641
vn 0.4515511095523834 0.3540114164352417 -0.8190100789070129
vn 0.5680133700370789 0.2881883978843689 -0.7709138989448547
vn -0.836169421672821 -0.24947533011436462 -0.48844942450523376
vn 0.3611315190792084 0.38052868843078613 -0.8513412475585938
vn -0.7697799205780029 -0.37174755334854126 -0.5188860893249512
vn 0.3395477533340454 0.4310019016265869 -0.8360291123390198
vn -0.7973570227622986 -0.48614367842674255 -0.35761168599128723
vn -0.7389214038848877 -0.48082756996154785 -0.4720170497894287
vn 0.3822726011276245 0.39585480093955994 -0.8349651098251343
vn 0.34918197989463806 0.43872785568237305 -0.8280035257339478
vn -0.7797614932060242 -0.37457412481307983 -0.5016635656356812
vn 0.4328564405441284 0.3213146924972534 -0.8422542214393616
vn -0.8584553003311157 -0.20793277025222778 -0.46884799003601074
vn 0.4985602796077728 0.22995559871196747 -0.8357978463172913
vn -0.8910751342773438 -0.10064451396465302 -0.4425559639930725
vn 0.5541273951530457 0.12646928429603577 -0.8227687478065491
vn -0.9072166681289673 -0.02167888730764389 -0.42010465264320374
vn 0.5860303640365601 0.03752368316054344 -0.8094198107719421
vn -0.9171590805053711 0.04353544861078262 -0.39613622426986694
vn 0.5994368195533752 -0.02342551201581955 -0.8000792860984802
vn -0.9254980683326721 0.1045573353767395 -0.3640345633029938
vn 0.6018800139427185 -0.050849851220846176 -0.7969659566879272
vn -0.9332981109619141 0.1762535721063614 -0.3128727376461029
vn 0.6003289222717285 -0.04445593059062958 -0.7985166907310486
vn -0.9219597578048706 0.28474709391593933 -0.2625058889389038
vn 0.599260687828064 -0.005318698473274708 -0.8005362749099731
vn -0.828519880771637 0.3523206412792206 -0.4352298378944397
vn -0.7069153785705566 0.39706936478614807 -0.5853260159492493
vn -0.7002595067024231 0.4873826801776886 -0.5216270089149475
vn 0.599602997303009 0.06562574952840805 -0.7976024150848389
vn -0.7287086248397827 0.5459902286529541 -0.4133744239807129
vn 0.5984463095664978 0.16701698303222656 -0.7835607528686523
vn -0.6161953806877136 0.5887965559959412 -0.523088812828064
vn 0.5245128273963928 0.3718387186527252 -0.7659127712249756
vn 0.5849423408508301 0.295114129781723 -0.7554800510406494
vn -0.5616750121116638 0.6928737163543701 -0.45215845108032227
vn 0.4186643362045288 0.416047066450119 -0.8072329759597778
vn -0.47982919216156006 0.8056865334510803 -0.34732285141944885
vn 0.32144400477409363 0.6024283170700073 -0.7305846214294434
vn -0.2814931273460388 0.8596372604370117 -0.42636311054229736
vn -0.09301194548606873 0.8592424988746643 -0.5030418634414673
vn 0.0670669749379158 0.8388405442237854 -0.5402301549911499
vn 0.2109910100698471 0.784069836139679 -0.5837099552154541
vn -0.457218199968338 -0.8872987627983093 -0.060436248779296875
vn -0.23121602833271027 -0.9720067381858826 -0.041738856583833694
vn -0.16228587925434113 -0.9842182397842407 -0.07055338472127914
vn -0.11306637525558472 -0.9873989820480347 -0.11072149872779846
vn -0.06130508333444595 -0.9864392280578613 -0.1522476226091385
vn -0.012664169073104858 -0.9827819466590881 -0.18433479964733124
vn 0.03834909945726395 -0.9793323874473572 -0.19858890771865845
vn 0.08594571799039841 -0.9775305390357971 -0.19247721135616302
vn 0.1620820313692093 -0.9686858654022217 -0.1880883276462555
vn 0.3542167544364929 -0.9165375232696533 -0.18571332097053528
vn -0.6771153211593628 -0.7027331590652466 -0.21835994720458984
vn 0.692229151725769 -0.6491758823394775 -0.3152610957622528
vn -0.7049835324287415 -0.704539954662323 0.0813741609454155
vn -0.4748257100582123 -0.8682273626327515 0.1439506560564041
vn 0.7678486108779907 -0.5019322037696838 -0.3980861306190491
vn 0.8765246868133545 -0.4205920398235321 -0.23410865664482117
vn -0.8615022897720337 -0.5035578608512878 -0.06514110416173935
vn 0.818366289138794 -0.24181145429611206 -0.5213481187820435
vn -0.8732777237892151 -0.4811590611934662 0.076629139482975
vn -0.8132417798042297 -0.5529476404190063 0.18134726583957672
vn -0.6594127416610718 -0.7041499614715576 0.2633395195007324
vn 0.8652134537696838 -0.1257670819759369 -0.48537442088127136
vn 0.9242146611213684 -0.21846093237400055 -0.313212513923645
vn -0.9176751375198364 -0.3644379675388336 -0.15829499065876007
vn 0.7836548089981079 0.040069643408060074 -0.6199029088020325
vn 0.8345854878425598 0.09276466071605682 -0.5430118441581726
vn 0.9280600547790527 -0.0224998127669096 -0.3717503547668457
vn -0.9190388917922974 -0.34213703870773315 -0.19572892785072327
vn 0.7121768593788147 0.20977815985679626 -0.6699233651161194
vn 0.49596041440963745 0.37673020362854004 -0.7823667526245117
vn 0.6027438044548035 0.31618762016296387 -0.7326153516769409
vn 0.759493350982666 0.19287645816802979 -0.6212636828422546
vn 0.9039384126663208 0.07177715003490448 -0.42159631848335266
vn -0.8875908851623535 -0.39141204953193665 -0.24285615980625153
vn 0.40253984928131104 0.4188659191131592 -0.8139490485191345
vn 0.448030948638916 0.38748621940612793 -0.8056815266609192
vn 0.5966669917106628 0.293672114610672 -0.7468233704566956
vn 0.7474476099014282 0.1781749278306961 -0.6399811506271362
vn 0.878341794013977 0.08336641639471054 -0.4707076847553253
vn -0.8488304615020752 -0.46495527029037476 -0.2516016364097595
vn 0.3656041920185089 0.43177109956741333 -0.8245649337768555
vn -0.8841589689254761 -0.4462522566318512 -0.13828186690807343
vn -0.8438701033592224 -0.49595701694488525 -0.2047189474105835
vn 0.3807985186576843 0.3562341332435608 -0.8532817959785461
vn 0.3498283624649048 0.40732574462890625 -0.8436266779899597
vn 0.377421498298645 0.3506140112876892 -0.8571015000343323
vn 0.5041200518608093 0.28823304176330566 -0.8141158819198608
vn 0.678202748298645 0.20945528149604797 -0.7043930888175964
vn 0.8458780646324158 0.1166742816567421 -0.520458996295929
vn -0.903017520904541 -0.3448159694671631 -0.25624457001686096
vn 0.4535875916481018 0.3073587417602539 -0.8365339040756226
vn 0.4082549810409546 0.2575312554836273 -0.8757885694503784
vn 0.3360084891319275 0.30280622839927673 -0.891855776309967
vn 0.3487056791782379 0.26021355390548706 -0.9003850817680359
vn 0.44436392188072205 0.2342914193868637 -0.8646665811538696
vn 0.6173310279846191 0.18252438306808472 -0.7652367949485779
vn 0.8031279444694519 0.11751061677932739 -0.5841034054756165
vn -0.950689435005188 -0.20902611315250397 -0.22912384569644928
vn 0.5064404606819153 0.1954706311225891 -0.8398269414901733
vn 0.44355708360671997 0.14778371155261993 -0.883978009223938
vn 0.340347558259964 0.19437161087989807 -0.9199908971786499
vn 0.3225741684436798 0.1969243735074997 -0.925832986831665
vn 0.3991280198097229 0.17531321942806244 -0.8999789357185364
vn 0.5695937871932983 0.14016759395599365 -0.8098863959312439
vn 0.7655244469642639 0.09449128061532974 -0.6364305019378662
vn -0.9702045917510986 -0.1066703274846077 -0.2175421118736267
vn 0.5457248687744141 0.0892384946346283 -0.8331992030143738
vn 0.474480003118515 0.05266701057553291 -0.8786893486976624
vn 0.3607493042945862 0.09824319183826447 -0.9274741411209106
vn 0.3095236122608185 0.12156031280755997 -0.9430897235870361
vn 0.3696030378341675 0.1211831346154213 -0.9212536811828613
vn 0.5332050919532776 0.10529176890850067 -0.8394081592559814
vn 0.7355688214302063 0.07558434456586838 -0.6732202768325806
vn -0.9780194759368896 -0.024049341678619385 -0.2071220874786377
vn 0.5690672993659973 0.007178460247814655 -0.8222596049308777
vn 0.500238835811615 -0.009856817312538624 -0.8658313751220703
vn 0.38896432518959045 0.03100023791193962 -0.9207311272621155
vn 0.3198183476924896 0.0645466074347496 -0.945277750492096
vn 0.3573475778102875 0.08080976456403732 -0.9304689764976501
vn 0.5115218162536621 0.08297163993120193 -0.8552550673484802
vn 0.7155426144599915 0.07160758227109909 -0.6948893070220947
vn -0.9799935817718506 0.04638085514307022 -0.1935495138168335
vn 0.5821948051452637 -0.039464980363845825 -0.8120909929275513
vn 0.5251791477203369 -0.03187451884150505 -0.850394606590271
vn 0.42496833205223083 0.001674508210271597 -0.9052066802978516
vn 0.3462955057621002 0.03925815224647522 -0.9373037815093994
vn 0.36285990476608276 0.06669513136148453 -0.9294538497924805
vn 0.4973529279232025 0.0770987942814827 -0.8641156554222107
vn 0.7084508538246155 0.07709962874650955 -0.7015361785888672
vn -0.9780614376068115 0.11538993567228317 -0.17343875765800476
vn 0.5921239256858826 -0.04705504700541496 -0.804472029209137
vn 0.5537895560264587 -0.011205701157450676 -0.8325812816619873
vn 0.4698644280433655 0.013976236805319786 -0.8826279640197754
vn 0.39545124769210815 0.056846991181373596 -0.9167261123657227
vn 0.3733566701412201 0.08533640950918198 -0.9237545728683472
vn 0.4818759262561798 0.11355824023485184 -0.8688498735427856
vn 0.6896589398384094 0.08407291024923325 -0.7192373871803284
vn -0.9686869382858276 0.1964498609304428 -0.1518322378396988
vn 0.6038562059402466 -0.016138320788741112 -0.7969299554824829
vn 0.5873326659202576 0.051090870052576065 -0.8077314496040344
vn 0.522144079208374 0.07095574587583542 -0.8499005436897278
vn 0.4621870517730713 0.11049247533082962 -0.8798719048500061
vn 0.441195011138916 0.18003787100315094 -0.8791663646697998
vn -0.9494425058364868 0.27857545018196106 -0.14475727081298828
vn 0.6185048818588257 0.05167529731988907 -0.7840800285339355
vn -0.8945058584213257 0.37004995346069336 -0.25084325671195984
vn -0.8088071346282959 0.45585325360298157 -0.3715223968029022
vn 0.6206040382385254 0.151504248380661 -0.7693485021591187
vn 0.5774344205856323 0.1692531406879425 -0.798700749874115
vn 0.5285513997077942 0.20767202973365784 -0.8231073617935181
vn 0.5290488600730896 0.2589882016181946 -0.8081042766571045
vn -0.7856399416923523 0.5318927764892578 -0.3160063624382019
vn 0.6324495077133179 0.15515533089637756 -0.7589035034179688
vn 0.6356299519538879 0.28577953577041626 -0.7171503901481628
vn 0.6264362335205078 0.29152628779411316 -0.7229039072990417
vn 0.5873487591743469 0.338608056306839 -0.7350959181785583
vn 0.5809580087661743 0.3844006061553955 -0.7174427509307861
vn -0.7731758952140808 0.5846752524375916 -0.24567052721977234
vn 0.6384482979774475 0.2918952703475952 -0.7121663689613342
vn -0.7050862908363342 0.6233887672424316 -0.337993860244751
vn 0.5581663250923157 0.5308926105499268 -0.6376546621322632
vn 0.6076153516769409 0.4327435791492462 -0.6659854054450989
vn 0.6221626996994019 0.45607665181159973 -0.6363235712051392
vn 0.636416494846344 0.40634796023368835 -0.6556336283683777
vn 0.642081618309021 0.46508869528770447 -0.6094455122947693
vn 0.624055027961731 0.5088638663291931 -0.5929695963859558
vn -0.6315689086914062 0.7203038930892944 -0.2868501842021942
vn 0.4665723145008087 0.5695177912712097 -0.6767272353172302
vn -0.7241001725196838 0.6502934694290161 -0.22977672517299652
vn 0.48474639654159546 0.6957609057426453 -0.5300355553627014
vn 0.5676882266998291 0.61521977186203 -0.5470236539840698
vn 0.5792274475097656 0.6122066378593445 -0.538236677646637
vn 0.620764434337616 0.5536616444587708 -0.5550767779350281
vn -0.5580397248268127 0.7949120402336121 -0.23813143372535706
vn 0.35243111848831177 0.756274938583374 -0.5512171983718872
vn -0.41578763723373413 0.8615167737007141 -0.29139256477355957
vn -0.18900467455387115 0.9078884124755859 -0.37418705224990845
vn 0.022683948278427124 0.9110254645347595 -0.4117257297039032
vn 0.20810715854167938 0.8797050714492798 -0.427563339471817
vn -0.6665729880332947 0.7210755348205566 -0.18902559578418732
vn 0.3634045720100403 0.8259662389755249 -0.4309489130973816
vn 0.4636281430721283 0.7780150175094604 -0.42395925521850586
vn 0.5031114220619202 0.7433516979217529 -0.44080275297164917
vn 0.5579814910888672 0.6951034069061279 -0.4533078670501709
vn -0.20828498899936676 -0.9679239988327026 0.14050084352493286
vn -0.16164551675319672 -0.9815082550048828 0.10252945125102997
vn -0.1013203114271164 -0.9930745363235474 0.0594734326004982
vn -0.03576555475592613 -0.999146044254303 0.020690392702817917
vn 0.03199288249015808 -0.999415397644043 -0.012057471089065075
vn 0.11484295129776001 -0.9932015538215637 -0.019023992121219635
vn 0.17181812226772308 -0.9850462675094604 -0.012744853273034096
vn 0.27971529960632324 -0.9585808515548706 -0.05368518829345703
vn 0.4337150752544403 -0.8929934501647949 -0.12022494524717331
vn 0.6263912320137024 -0.7492770552635193 -0.21498389542102814
vn -0.3189377188682556 -0.933764636516571 0.1623649001121521
vn 0.7711830139160156 -0.6357142329216003 0.03382597491145134
vn 0.3858964741230011 -0.9131858348846436 0.13105572760105133
vn 0.4838941693305969 -0.8730530142784119 0.06020704284310341
vn -0.49493247270584106 -0.8172797560691833 0.2951197922229767
vn 0.9352887868881226 -0.3525550961494446 0.030657023191452026
vn -0.7640610933303833 -0.6200098395347595 0.1783214658498764
vn -0.7250892519950867 -0.6229113936424255 0.293644517660141
vn -0.6110450625419617 -0.7013959288597107 0.3669709265232086
vn 0.5041722655296326 -0.813589870929718 0.28962379693984985
vn 0.6759604215621948 -0.6985942125320435 0.23461394011974335
vn -0.8809414505958557 -0.4727889895439148 0.020316503942012787
vn 0.97942054271698 -0.14845621585845947 -0.13673408329486847
vn -0.8893125057220459 -0.4563244581222534 -0.029855996370315552
vn 0.9850951433181763 -0.046325020492076874 -0.1656549721956253
vn -0.8723383545875549 -0.48413312435150146 -0.06812490522861481
vn 0.9733449816703796 -0.014254208654165268 -0.22890247404575348
vn -0.8669875264167786 -0.49363577365875244 -0.06823822855949402
vn 0.9567224383354187 0.010777690447866917 -0.2908025085926056
vn -0.8998988270759583 -0.435558021068573 -0.021712712943553925
vn -0.8715808987617493 -0.4883173704147339 -0.043506767600774765
vn -0.9364268183708191 -0.3367317318916321 -0.09857282787561417
vn 0.9361640810966492 0.03775084391236305 -0.34953078627586365
vn -0.9713159799575806 -0.2217239886522293 -0.08592884987592697
vn 0.9143911600112915 0.03675077110528946 -0.4031602740287781
vn -0.9896775484085083 -0.11824265122413635 -0.08097586780786514
vn 0.8945398330688477 0.03362487256526947 -0.4457218647003174
vn -0.9965507388114929 -0.03023921512067318 -0.07728012651205063
vn 0.880942702293396 0.0429084338247776 -0.47127363085746765
vn -0.9962756037712097 0.045183420181274414 -0.07343998551368713
vn 0.8743848204612732 0.06653299927711487 -0.4806501567363739
vn -0.9906961917877197 0.11623034626245499 -0.07079266756772995
vn 0.8848605155944824 0.0970977395772934 -0.4556247293949127
vn 0.6836931109428406 0.19664759933948517 -0.7027755379676819
vn 0.8472327589988708 0.14597193896770477 -0.5107728838920593
vn -0.9794298410415649 0.18792271614074707 -0.07349956780672073
vn 0.5267272591590881 0.26263749599456787 -0.8084429502487183
vn 0.6888933777809143 0.3870701193809509 -0.6128643751144409
vn 0.8543842434883118 0.28389376401901245 -0.43523791432380676
vn -0.9619375467300415 0.2597397267818451 -0.08492034673690796
vn 0.5713236331939697 0.4117763042449951 -0.7099504470825195
vn -0.9221491813659668 0.35394805669784546 -0.15608245134353638
vn -0.8560692667961121 0.4581124186515808 -0.23932917416095734
vn 0.6690772175788879 0.5732510089874268 -0.4729895293712616
vn 0.8028779625892639 0.4818390905857086 -0.3510242700576782
vn -0.8166049122810364 0.5395563840866089 -0.20502521097660065
vn 0.6348076462745667 0.4270164966583252 -0.6439536213874817
vn -0.9236339926719666 0.36708778142929077 -0.1102125495672226
vn -0.8782649636268616 0.4492906630039215 -0.16367246210575104
vn -0.7915078997612 0.5873075127601624 -0.16907179355621338
vn 0.6782272458076477 0.5251631736755371 -0.5140149593353271
vn 0.6794541478157043 0.5950673818588257 -0.4292283356189728
vn 0.6923458576202393 0.5950009226799011 -0.4082047939300537
vn -0.9113038182258606 0.40054944157600403 -0.09531848132610321
vn -0.8572819828987122 0.4958480894565582 -0.13857224583625793
vn -0.7459923028945923 0.6432545185089111 -0.1723923236131668
vn 0.6561501622200012 0.574586808681488 -0.4892003834247589
vn -0.6940291523933411 0.7023147940635681 -0.15835894644260406
vn 0.6138337850570679 0.6618217825889587 -0.430348664522171
vn -0.5839349031448364 0.7875247597694397 -0.1970403492450714
vn -0.46084675192832947 0.854557454586029 -0.2394825518131256
vn -0.2950296700000763 0.9062035083770752 -0.302907258272171
vn -0.09961041808128357 0.9280461668968201 -0.358898401260376
vn 0.17649269104003906 0.8980837464332581 -0.4028596580028534
vn 0.35178142786026 0.862377941608429 -0.364080011844635
vn 0.4365684688091278 0.8324689865112305 -0.3411795198917389
vn 0.480224072933197 0.8061957359313965 -0.3455914556980133
vn 0.5463810563087463 0.7572609782218933 -0.3578038811683655
vn -0.16868439316749573 0.9296253323554993 -0.3276314437389374
vn 0.038691289722919464 0.9271607398986816 -0.37266063690185547
vn -0.1641201227903366 0.9541175365447998 -0.2504483759403229
vn -0.007688433397561312 0.9592587947845459 -0.2824241816997528
vn -0.26811787486076355 -0.9154889583587646 0.29998794198036194
vn -0.1929435282945633 -0.9424853920936584 0.2729361355304718
vn -0.13165800273418427 -0.9638888239860535 0.2314833551645279
vn -0.058627426624298096 -0.978613018989563 0.1971787065267563
vn 0.021933086216449738 -0.9861705899238586 0.16427567601203918
vn 0.10212741047143936 -0.9871980547904968 0.12251570075750351
vn 0.17302866280078888 -0.9737024307250977 0.14820490777492523
vn 0.268242746591568 -0.9594476819038391 0.08663720637559891
vn -0.35182708501815796 -0.8880808353424072 0.29585495591163635
vn 0.31515082716941833 -0.9131792187690735 0.25842541456222534
vn -0.37820738554000854 -0.8300647139549255 0.4098191559314728
vn -0.2876673638820648 -0.8650557994842529 0.4110060930252075
vn 0.1914709210395813 -0.9272605776786804 0.3217558264732361
vn 0.23424555361270905 -0.940777599811554 0.2450847625732422
vn -0.48140498995780945 -0.7826688289642334 0.3945614993572235
vn 0.4359651207923889 -0.7986674308776855 0.41480693221092224
vn -0.6678943037986755 -0.7150728702545166 0.2063685953617096
vn -0.5920255184173584 -0.7487452626228333 0.2981381416320801
vn -0.5383015871047974 -0.7372182011604309 0.40833914279937744
vn 0.6514682173728943 -0.64640873670578 0.3971710801124573
vn 0.8457044363021851 -0.4732586145401001 0.24659761786460876
vn -0.4511820077896118 -0.7625623345375061 0.4636092483997345
vn -0.3592500388622284 -0.7902483940124512 0.49643415212631226
vn 0.246284618973732 -0.848325788974762 0.4687081277370453
vn 0.30803701281547546 -0.8543959856033325 0.41847434639930725
vn -0.8132855892181396 -0.5717750191688538 0.1078883707523346
vn 0.9663830399513245 -0.23347207903862 0.10767877101898193
vn -0.7518216967582703 -0.640143096446991 0.158053919672966
vn -0.8384997844696045 -0.5402575135231018 0.07099322974681854
vn 0.9897288680076599 -0.13874074816703796 0.03446495160460472
vn -0.7878286838531494 -0.5953094959259033 0.1579006165266037
vn -0.8537901639938354 -0.519767165184021 0.029738623648881912
vn 0.9929997324943542 -0.11046112328767776 -0.041831616312265396
vn -0.8525109887123108 -0.5212258100509644 0.039354097098112106
vn 0.9922139644622803 -0.054369837045669556 -0.11205083131790161
vn -0.8934468626976013 -0.4474191665649414 0.03960798308253288
vn -0.8617797493934631 -0.5057865977287292 0.0389322005212307
vn -0.9395595192909241 -0.3422413766384125 -0.009939461946487427
vn 0.9861856698989868 -0.0381261482834816 -0.16119642555713654
vn -0.9725536108016968 -0.23261231184005737 -0.005575661081820726
vn 0.9766934514045715 -0.02716626413166523 -0.21291281282901764
vn -0.9918287992477417 -0.12749424576759338 -0.004568981472402811
vn 0.9697305560112 0.00022377217828761786 -0.2441776543855667
vn -0.9992544651031494 -0.03811366483569145 -0.0061665796674788
vn 0.9665318727493286 0.030593397095799446 -0.2547161281108856
vn -0.9993109107017517 0.03541695326566696 -0.011108463630080223
vn 0.9661500453948975 0.07168668508529663 -0.24782079458236694
vn -0.9949274063110352 0.09842029213905334 -0.020807018503546715
vn 0.9680406451225281 0.14773529767990112 -0.20266148447990417
vn -0.9872727394104004 0.15481747686862946 -0.0363888181746006
vn 0.9491615891456604 0.20500212907791138 -0.23888584971427917
vn -0.9776086211204529 0.20626892149448395 -0.04164697602391243
vn 0.9292463660240173 0.31918638944625854 -0.18606780469417572
vn 0.7280060052871704 0.6566900610923767 -0.1968894898891449
vn 0.8461324572563171 0.5138208270072937 -0.14159105718135834
vn -0.9544203877449036 0.2919919490814209 -0.06182590872049332
vn 0.7022171020507812 0.5807864665985107 -0.4117988049983978
vn -0.9233627319335938 0.3785720765590668 -0.06390964984893799
vn 0.7563684582710266 0.5933144092559814 -0.275471955537796
vn -0.8676077723503113 0.4875773787498474 -0.09759671241044998
vn -0.813051164150238 0.5672476887702942 -0.13106457889080048
vn 0.7368239164352417 0.6191506385803223 -0.2715567946434021
vn 0.7461225390434265 0.6159988045692444 -0.2526789903640747
vn -0.7614575624465942 0.6332406997680664 -0.13852337002754211
vn 0.6722046136856079 0.6472198963165283 -0.3595099151134491
vn -0.723290741443634 0.6758245229721069 -0.14181563258171082
vn 0.6020044684410095 0.7361302971839905 -0.3093588054180145
vn -0.6489607095718384 0.7421144247055054 -0.16767916083335876
vn -0.5363612174987793 0.8194614052772522 -0.2019895762205124
vn -0.35090869665145874 0.896153450012207 -0.2716102600097656
vn 0.37255072593688965 0.8543914556503296 -0.36224472522735596
vn 0.4514099359512329 0.8424482345581055 -0.294126033782959
vn 0.4607095718383789 0.8484506011009216 -0.2605345845222473
vn 0.5095644593238831 0.8179197907447815 -0.2671167254447937
vn -0.32981422543525696 0.9102484583854675 -0.25034046173095703
vn 0.23572202026844025 0.8963736891746521 -0.37543225288391113
vn 0.3346022367477417 0.892095685005188 -0.30365538597106934
vn 0.438325971364975 0.8549022078514099 -0.27751150727272034
vn -0.2300829291343689 0.9564188122749329 -0.1797913908958435
vn 0.15269172191619873 0.941757082939148 -0.29963114857673645
vn -0.045587509870529175 0.9822548627853394 -0.18192635476589203
vn 0.10546853393316269 0.9742915630340576 -0.19907888770103455
vn 0.24449655413627625 0.9430181384086609 -0.2256954163312912
vn 0.3668690621852875 0.9045253396034241 -0.217350035905838
vn -0.13685084879398346 -0.9162900447845459 0.37641000747680664
vn -0.0721660852432251 -0.9322641491889954 0.35450753569602966
vn 0.007836312986910343 -0.9480330348014832 0.3180755376815796
vn 0.11149629205465317 -0.9544560313224792 0.27673497796058655
vn -0.21403290331363678 -0.8843557238578796 0.41485539078712463
vn 0.13392142951488495 -0.88689124584198 0.44214141368865967
vn -0.1644900143146515 -0.8439576029777527 0.5105669498443604
vn -0.0799465999007225 -0.86370450258255 0.4976174235343933
vn -0.008290511555969715 -0.8779948353767395 0.47859835624694824
vn 0.06643098592758179 -0.9015176296234131 0.42761310935020447
vn -0.2812167704105377 -0.8089170455932617 0.5163045525550842
vn 0.18576715886592865 -0.8002013564109802 0.5702354311943054
vn -0.47883138060569763 -0.8300508856773376 0.2858952283859253
vn -0.41198673844337463 -0.8274156451225281 0.38164159655570984
vn -0.37246835231781006 -0.7916027307510376 0.4843887984752655
vn -0.2966076135635376 -0.7708264589309692 0.5637823939323425
vn 0.3231068253517151 -0.7637399435043335 0.5588411092758179
vn 0.4594957232475281 -0.7288274765014648 0.5076162219047546
vn 0.6339966058731079 -0.6106577515602112 0.47449490427970886
vn 0.8310115337371826 -0.44729065895080566 0.33068254590034485
vn -0.22032800316810608 -0.7792472243309021 0.5867106914520264
vn -0.11030501127243042 -0.7936479449272156 0.5982940793037415
vn -0.014312670566141605 -0.8053247332572937 0.5926612019538879
vn 0.07642645388841629 -0.8160431385040283 0.5729158520698547
vn -0.6194265484809875 -0.7525358200073242 0.22360827028751373
vn 0.9242368340492249 -0.28246182203292847 0.2569078803062439
vn 0.6535722017288208 -0.5640377998352051 0.5046827793121338
vn 0.7943758964538574 -0.4470917880535126 0.4111884832382202
vn -0.6914055943489075 -0.6867212057113647 0.22443759441375732
vn 0.9467915296554565 -0.2506810426712036 0.2018534392118454
vn -0.7394752502441406 -0.6394523978233337 0.2104211300611496
vn 0.6729364395141602 -0.5313894748687744 0.5145694613456726
vn 0.8279857039451599 -0.3888917565345764 0.4039837718009949
vn -0.8167979717254639 -0.5645005106925964 0.11908101290464401
vn 0.9832476377487183 -0.1618201732635498 0.08389487117528915
vn -0.8152834177017212 -0.5707683563232422 0.0976547822356224
vn 0.9896503686904907 -0.13208311796188354 0.05609206110239029
vn -0.8818331360816956 -0.46547287702560425 0.0755339190363884
vn -0.8394463062286377 -0.5370006561279297 0.08342866599559784
vn -0.9350138306617737 -0.3523170053958893 0.04027240723371506
vn 0.9927341938018799 -0.12004704028367996 -0.008220940828323364
vn -0.969820499420166 -0.24050888419151306 0.04004637897014618
vn 0.9966849088668823 -0.06227293983101845 -0.05235707387328148
vn -0.9900475144386292 -0.13565193116664886 0.03747829049825668
vn 0.9978529214859009 -0.015116597525775433 -0.06372670829296112
vn -0.9982746243476868 -0.049966275691986084 0.030842101201415062
vn 0.9974091649055481 0.03611224144697189 -0.062216516584157944
vn -0.9996462464332581 0.017427591606974602 0.02009299397468567
vn 0.9931626915931702 0.10990522056818008 -0.03935427963733673
vn -0.9973657131195068 0.07227367907762527 0.006185224279761314
vn 0.9765663743019104 0.21392183005809784 -0.023572437465190887
vn -0.9920007586479187 0.12609800696372986 -0.005813932977616787
vn 0.963219165802002 0.2682831585407257 -0.01526716724038124
vn -0.9801055788993835 0.1974717676639557 -0.019951442256569862
vn 0.9246766567230225 0.3807525932788849 -0.000764642667490989
vn 0.7634581327438354 0.6457247138023376 0.013087230734527111
vn 0.8117398023605347 0.5840128064155579 -0.0027595018036663532
vn -0.9620300531387329 0.27049875259399414 -0.03645111992955208
vn 0.7570400834083557 0.6402240991592407 -0.13039717078208923
vn -0.9318993091583252 0.3594023883342743 -0.04892536997795105
vn 0.8080077171325684 0.5790382623672485 -0.1088041216135025
vn -0.8786236643791199 0.4715777337551117 -0.07506611943244934
vn -0.8163438439369202 0.5679054260253906 -0.10519587248563766
vn 0.7692764401435852 0.6091058254241943 -0.19288291037082672
vn 0.8147569894790649 0.5604773759841919 -0.14844577014446259
vn -0.7766479849815369 0.6188481450080872 -0.1176643893122673
vn 0.6721697449684143 0.6934845447540283 -0.25935912132263184
vn -0.7411150932312012 0.6594913601875305 -0.1257762908935547
vn 0.5730767250061035 0.7870616316795349 -0.22829154133796692
vn -0.6868926286697388 0.7120100855827332 -0.1456717699766159
vn -0.6127399206161499 0.7713606357574463 -0.17190870642662048
vn -0.4855589270591736 0.8461501002311707 -0.21968752145767212
vn 0.4957953691482544 0.8437046408653259 -0.20578980445861816
vn 0.49997884035110474 0.8423567414283752 -0.2011376917362213
vn -0.3974842131137848 0.8988127708435059 -0.18477529287338257
vn 0.4913286566734314 0.8387191295623779 -0.23483270406723022
vn -0.591414749622345 0.7914692163467407 -0.1542886644601822
vn -0.5255771279335022 0.832825779914856 -0.17369480431079865
vn -0.28750598430633545 0.9484636783599854 -0.1332552134990692
vn 0.45314350724220276 0.8687559366226196 -0.19981013238430023
vn -0.09992274641990662 0.9866446256637573 -0.12863847613334656
vn 0.08525480329990387 0.986707866191864 -0.13834483921527863
vn 0.24196428060531616 0.9584226608276367 -0.15125945210456848
vn 0.3714888393878937 0.9148390293121338 -0.15832139551639557
vn -0.5243836045265198 0.8411973714828491 -0.1319427788257599
vn -0.4309077262878418 0.8921163082122803 -0.13581998646259308
vn -0.38206878304481506 -0.8684368133544922 0.31597641110420227
vn -0.3088466227054596 -0.8815523982048035 0.3570422828197479
vn -0.26100975275039673 -0.8605120182037354 0.4374848008155823
vn -0.2227528989315033 -0.8232058882713318 0.5222195386886597
vn -0.16227488219738007 -0.7807241082191467 0.6034374237060547
vn -0.04500182345509529 -0.773696780204773 0.6319558620452881
vn 0.06311147660017014 -0.770962119102478 0.633746325969696
vn 0.18386118113994598 -0.756097674369812 0.6281014680862427
vn 0.31027358770370483 -0.7327836155891418 0.6056058406829834
vn 0.46220558881759644 -0.6914856433868408 0.555169939994812
vn -0.537580132484436 -0.7958328127861023 0.2786715626716614
vn 0.5139859318733215 -0.6380510926246643 0.5733318328857422
vn -0.4272039234638214 -0.8442761898040771 0.3235655128955841
vn -0.27218711376190186 -0.8944313526153564 0.3548335134983063
vn -0.18575479090213776 -0.8995285034179688 0.3954031765460968
vn -0.13984927535057068 -0.8766999244689941 0.4602603018283844
vn -0.10228682309389114 -0.8402883410453796 0.5324030518531799
vn -0.04155917465686798 -0.8075974583625793 0.588267982006073
vn 0.041134897619485855 -0.7841535210609436 0.6192020773887634
vn 0.14413908123970032 -0.7623633146286011 0.6308931708335876
vn 0.2637465298175812 -0.7216081619262695 0.6400933265686035
vn 0.3788808286190033 -0.690065324306488 0.6166515946388245
vn -0.6022092700004578 -0.7489755749702454 0.2763686180114746
vn 0.560024082660675 -0.5583184957504272 0.6120893955230713
vn -0.6092314124107361 -0.7529326677322388 0.24885660409927368
vn 0.6825065016746521 -0.5334709286689758 0.4995935261249542
vn 0.8548752665519714 -0.38641873002052307 0.34622088074684143
vn -0.4813951849937439 -0.8173577189445496 0.31652024388313293
vn -0.3001323640346527 -0.8908066153526306 0.34115129709243774
vn -0.16082729399204254 -0.9190683960914612 0.3597886264324188
vn -0.08187585324048996 -0.9152976274490356 0.3943687081336975
vn -0.039439525455236435 -0.8933491706848145 0.4476291835308075
vn -0.003462905529886484 -0.8640007972717285 0.5034785866737366
vn 0.04668965935707092 -0.8349917531013489 0.5482780933380127
vn 0.12289288640022278 -0.8078747987747192 0.5763989090919495
vn 0.23689498007297516 -0.7729241251945496 0.5886162519454956
vn 0.4222029447555542 -0.672692596912384 0.6076424717903137
vn -0.7421832084655762 -0.6497822999954224 0.16415590047836304
vn 0.9341174364089966 -0.2692149877548218 0.2344098687171936
vn 0.7031747698783875 -0.5805598497390747 0.4104819893836975
vn 0.8229220509529114 -0.44099462032318115 0.3582220673561096
vn -0.7711921334266663 -0.6230728626251221 0.13054856657981873
vn 0.9559729099273682 -0.24112091958522797 0.16726204752922058
vn -0.8703365325927734 -0.48219844698905945 0.09999509900808334
vn -0.8156854510307312 -0.5672734379768372 0.11339341104030609
vn 0.7369914650917053 -0.5574799180030823 0.38217777013778687
vn 0.8597414493560791 -0.40882107615470886 0.30612099170684814
vn -0.9298055171966553 -0.3611800968647003 0.07078596204519272
vn 0.9843085408210754 -0.15151947736740112 0.0904359370470047
vn -0.9669800996780396 -0.24576885998249054 0.06743316352367401
vn 0.9920952916145325 -0.08975128829479218 0.08770254254341125
vn -0.9874794483184814 -0.14555500447750092 0.060812290757894516
vn 0.9965971112251282 -0.02019582875072956 0.07991466671228409
vn -0.9965859651565552 -0.06625918298959732 0.049256257712841034
vn 0.9938200116157532 0.06442852318286896 0.09039216488599777
vn -0.9993500709533691 -0.0035149066243320704 0.03587817773222923
vn 0.9805128574371338 0.16382624208927155 0.10842324793338776
vn -0.998593270778656 0.04851408302783966 0.021399151533842087
vn 0.9608787894248962 0.24902404844760895 0.12123973667621613
vn -0.9943533539772034 0.10595998167991638 0.0058280392549932
vn 0.9399892687797546 0.31618282198905945 0.12825223803520203
vn 0.874792754650116 0.41133055090904236 0.25601726770401
vn 0.9138938784599304 0.34344857931137085 0.21642792224884033
vn -0.9850376844406128 0.1719520092010498 -0.011546595953404903
vn 0.8875784277915955 0.4493614435195923 0.10138484090566635
vn 0.7976170778274536 0.5845507383346558 0.14868609607219696
vn 0.8175196647644043 0.5610573291778564 0.12990838289260864
vn 0.8424811363220215 0.49432533979415894 0.21416829526424408
vn 0.8805199861526489 0.4339090883731842 0.19080744683742523
vn -0.9679977893829346 0.24929538369178772 -0.02884572371840477
vn 0.827745258808136 0.5589691400527954 0.04889949411153793
vn -0.9407097697257996 0.33578094840049744 -0.04812849685549736
vn 0.8867075443267822 0.46117326617240906 -0.032695215195417404
vn -0.8922487497329712 0.4465389847755432 -0.0670456811785698
vn -0.8332234025001526 0.5453031659126282 -0.09156009554862976
vn 0.7751625776290894 0.6145172715187073 -0.146600142121315
vn 0.8547095656394958 0.5076058506965637 -0.10866355150938034
vn -0.7947467565536499 0.5972279906272888 -0.10814974457025528
vn 0.666626513004303 0.7195756435394287 -0.19447368383407593
vn 0.6943871378898621 0.7062574625015259 -0.13793838024139404
vn 0.8295603394508362 0.549390971660614 -0.09999662637710571
vn -0.7578771114349365 0.6406219601631165 -0.12339330464601517
vn 0.5698371529579163 0.8038448095321655 -0.17064373195171356
vn -0.6896587014198303 0.7102636694908142 -0.14105452597141266
vn 0.5130731463432312 0.8449158668518066 -0.15123875439167023
vn 0.5267487168312073 0.8372939229011536 -0.14654238522052765
vn 0.6051921844482422 0.7862588763237 -0.12465745210647583
vn 0.7402436137199402 0.6642452478408813 -0.10400811582803726
vn -0.6383858919143677 0.7581841349601746 -0.1327418088912964
vn 0.494482159614563 0.8518041372299194 -0.1729658544063568
vn -0.5267846584320068 0.8432942628860474 -0.10654938220977783
vn 0.4400911331176758 0.8867364525794983 -0.14148613810539246
vn -0.385428249835968 0.9168464541435242 -0.10410439968109131
vn -0.24510754644870758 0.9644002318382263 -0.09927023947238922
vn -0.07127795368432999 0.9933608174324036 -0.09029848128557205
vn 0.07614358514547348 0.991569459438324 -0.10484347492456436
vn 0.21727626025676727 0.9697639346122742 -0.11112582683563232
vn 0.33764758706092834 0.9337121844291687 -0.11906159669160843
vn -0.5066720247268677 -0.8342027068138123 0.2176910787820816
vn -0.3727415204048157 -0.8814466595649719 0.2900269329547882
vn -0.18007001280784607 -0.9296607971191406 0.32141196727752686
vn -0.06043783575296402 -0.9392110705375671 0.33797913789749146
vn 0.004449815023690462 -0.929863452911377 0.36787793040275574
vn 0.03966834396123886 -0.9114605784416199 0.4094705283641815
vn 0.07170108705759048 -0.8886456489562988 0.45295462012290955
vn 0.11974751949310303 -0.8631452918052673 0.49055153131484985
vn 0.1936293989419937 -0.8355189561843872 0.5142137408256531
vn 0.3219428062438965 -0.79264897108078 0.5177455544471741
vn 0.5041189193725586 -0.7151162028312683 0.4842240810394287
vn -0.6690235733985901 -0.7215813994407654 0.17812304198741913
vn 0.5719640254974365 -0.6956273317337036 0.4346950650215149
vn -0.7364329695701599 -0.6586470603942871 0.15443649888038635
vn 0.6759812235832214 -0.5955811142921448 0.4339730143547058
vn -0.8634589314460754 -0.4907470941543579 0.11664460599422455
vn -0.7951613664627075 -0.590620756149292 0.13742510974407196
vn 0.8167956471443176 -0.44211170077323914 0.37065091729164124
vn 0.9060589075088501 -0.32830938696861267 0.26696494221687317
vn -0.9264405369758606 -0.3651916980743408 0.09133978188037872
vn 0.9553328156471252 -0.21150679886341095 0.20640765130519867
vn -0.9643399715423584 -0.25026267766952515 0.08612211048603058
vn 0.9756501913070679 -0.1137479916214943 0.18753193318843842
vn -0.9842982888221741 -0.1605847179889679 0.07327741384506226
vn 0.981482982635498 -0.00851573795080185 0.1913599818944931
vn -0.994748055934906 -0.08417470753192902 0.058232132345438004
vn 0.9744884967803955 0.09720919281244278 0.2022932469844818
vn -0.9986947774887085 -0.029113437980413437 0.041967906057834625
vn 0.9579350352287292 0.19397816061973572 0.21150179207324982
vn -0.9995095729827881 0.022262725979089737 0.022022565826773643
vn 0.9387778043746948 0.2667408585548401 0.21804966032505035
vn 0.8914768099784851 0.35199856758117676 0.28524744510650635
vn 0.9036768078804016 0.32878947257995605 0.274346262216568
vn -0.9968430995941162 0.07936330884695053 0.002298403065651655
vn 0.8641270399093628 0.43111854791641235 0.2596561908721924
vn -0.989069938659668 0.14635813236236572 -0.017888939008116722
vn 0.8717865347862244 0.4538966119289398 0.1842992752790451
vn -0.9734691977500916 0.22538799047470093 -0.03947216272354126
vn 0.9267532825469971 0.3690449595451355 0.0702442154288292
vn -0.9476638436317444 0.31277021765708923 -0.064094677567482
vn 0.9444307684898376 0.32860779762268066 0.008215093053877354
vn -0.9050894975662231 0.4191833436489105 -0.0714026615023613
vn -0.8513100147247314 0.5171088576316833 -0.08871129155158997
vn -0.8138718008995056 0.5707371830940247 -0.10895796865224838
vn 0.9169076085090637 0.3958343267440796 -0.05094755440950394
vn -0.7788053750991821 0.6152021288871765 -0.12242814153432846
vn 0.8718628883361816 0.4827241003513336 -0.08265972882509232
vn -0.7175217270851135 0.6843078136444092 -0.12994419038295746
vn 0.5097718238830566 0.8513351678848267 -0.12394027411937714
vn 0.556384801864624 0.8216789364814758 -0.12361092865467072
vn 0.6313714385032654 0.768768310546875 -0.10181065648794174
vn 0.7760273814201355 0.6252367496490479 -0.08282896876335144
vn -0.6420917510986328 0.7571313977241516 -0.12029220163822174
vn 0.4784591794013977 0.8680327534675598 -0.13264966011047363
vn -0.5121963024139404 0.8528385758399963 -0.10159437358379364
vn 0.4131142795085907 0.9037664532661438 -0.1119948998093605
vn -0.37932607531547546 0.9216604828834534 -0.08157024532556534
vn -0.2426287829875946 0.9675230383872986 -0.07092554122209549
vn -0.10255000740289688 0.9929639101028442 -0.059213194996118546
vn 0.06064339727163315 0.9962506890296936 -0.06170056760311127
vn 0.20059770345687866 0.9765495657920837 -0.07817599922418594
vn 0.3179228901863098 0.9434224367141724 -0.09422960132360458
vn -0.4635654389858246 -0.861379861831665 0.2076820433139801
vn -0.32508385181427 -0.9136949181556702 0.24388964474201202
vn -0.1829376071691513 -0.9438602328300476 0.27506688237190247
vn -0.06002314016222954 -0.9534574747085571 0.29549309611320496
vn 0.023573676124215126 -0.9497929811477661 0.3119899332523346
vn 0.0700451210141182 -0.9391528964042664 0.336281955242157
vn 0.09849108010530472 -0.9246485233306885 0.36786502599716187
vn 0.1364736258983612 -0.903537929058075 0.40619486570358276
vn 0.1768798679113388 -0.877751886844635 0.4452698528766632
vn 0.272269070148468 -0.8482998609542847 0.4541550874710083
vn 0.40245166420936584 -0.7894134521484375 0.46352899074554443
vn -0.6250920295715332 -0.7589315176010132 0.18243640661239624
vn 0.5028337836265564 -0.7344247698783875 0.4558272659778595
vn -0.5931777954101562 -0.7812734842300415 0.19429829716682434
vn 0.3399255573749542 -0.843469500541687 0.4159446060657501
vn 0.3803287446498871 -0.802987277507782 0.4588697850704193
vn -0.7179073095321655 -0.6727480292320251 0.17893928289413452
vn 0.6163857579231262 -0.6127840280532837 0.4945344924926758
vn -0.8663172125816345 -0.4803711771965027 0.13688695430755615
vn -0.7914952635765076 -0.5912116765975952 0.1549326330423355
vn 0.7375848293304443 -0.5117892026901245 0.44050025939941406
vn 0.8775889277458191 -0.35323551297187805 0.32413339614868164
vn -0.6619820594787598 -0.7178172469139099 0.21568085253238678
vn 0.4048095941543579 -0.821219801902771 0.40215328335762024
vn 0.5182207226753235 -0.7172356247901917 0.4658544957637787
vn -0.9248994588851929 -0.36423349380493164 0.10906403511762619
vn 0.9311115741729736 -0.2347351461648941 0.2791607975959778
vn -0.9082404971122742 -0.39731907844543457 0.13128915429115295
vn -0.8282198905944824 -0.5360795855522156 0.16331088542938232
vn 0.8021569848060608 -0.42409512400627136 0.42034220695495605
vn 0.8527691960334778 -0.37573373317718506 0.36277955770492554
vn -0.9586316347122192 -0.2671510577201843 0.09826397895812988
vn 0.9543678164482117 -0.1086450070142746 0.2781696617603302
vn -0.9341827630996704 -0.33684101700782776 0.11764680594205856
vn -0.8730297684669495 -0.4656772315502167 0.1447886973619461
vn 0.8715620636940002 -0.26564228534698486 0.41208475828170776
vn 0.8998819589614868 -0.2424333691596985 0.36254453659057617
vn -0.9826676249504089 -0.16736669838428497 0.07970396429300308
vn 0.9593680500984192 0.009759113192558289 0.2819889485836029
vn 0.9112146496772766 -0.1124047115445137 0.39629924297332764
vn 0.9288997054100037 -0.10597475618124008 0.3548446297645569
vn -0.9910446405410767 -0.11802424490451813 0.06245606765151024
vn 0.9517592787742615 0.11609344929456711 0.284036248922348
vn 0.927167534828186 0.018315542489290237 0.3741990625858307
vn 0.9375925660133362 0.019323108717799187 0.347198486328125
vn -0.9973104596138 -0.0651194304227829 0.03363671153783798
vn 0.9385465979576111 0.19933542609214783 0.2817724347114563
vn 0.9288886785507202 0.1235627830028534 0.3491390645503998
vn 0.933064877986908 0.12430346012115479 0.3375479578971863
vn -0.9999080896377563 -0.010569759644567966 0.008495830930769444
vn 0.9208000898361206 0.26310884952545166 0.2879253923892975
vn 0.912486732006073 0.2846471965312958 0.29384341835975647
vn 0.904424786567688 0.28969594836235046 0.3131965398788452
vn 0.9254920482635498 0.2060641348361969 0.3178081512451172
vn 0.9210655689239502 0.20945915579795837 0.3282760679721832
vn -0.9987218379974365 0.047815047204494476 -0.016385283321142197
vn 0.9219253659248352 0.3093697726726532 0.2331181764602661
vn -0.9921953678131104 0.11703991889953613 -0.043012503534555435
vn 0.9576479196548462 0.25891077518463135 0.12599915266036987
vn -0.9770422577857971 0.2007458209991455 -0.07134149223566055
vn 0.9720541834831238 0.22985005378723145 0.0477469302713871
vn -0.9481959939002991 0.29970499873161316 -0.10536295920610428
vn 0.9684694409370422 0.2488848865032196 -0.011104156263172626
vn -0.9120584726333618 0.4006790220737457 -0.08721045404672623
vn -0.8672195076942444 0.4887218177318573 -0.09529618918895721
vn -0.8313150405883789 0.544173002243042 -0.11309753358364105
vn 0.9470515251159668 0.31703728437423706 -0.05080149695277214
vn -0.9020782113075256 0.41624289751052856 -0.11400371789932251
vn -0.875686764717102 0.47191259264945984 -0.10232935100793839
vn -0.7990888953208923 0.5885127782821655 -0.12292163819074631
vn 0.883284330368042 0.46468451619148254 -0.062266428023576736
vn -0.7326999306678772 0.6679633259773254 -0.13029153645038605
vn 0.5036263465881348 0.8562807440757751 -0.11464622616767883
vn 0.5651926398277283 0.8176065683364868 -0.10989393293857574
vn 0.6457074880599976 0.7576069831848145 -0.09536007791757584
vn 0.7616413831710815 0.6438221335411072 -0.07345347851514816
vn -0.8818012475967407 0.45125818252563477 -0.13708649575710297
vn -0.8500949144363403 0.5123888254165649 -0.12164027243852615
vn -0.6260337829589844 0.7692686319351196 -0.12770092487335205
vn 0.45951953530311584 0.8808688521385193 -0.1136302575469017
vn -0.4858649671077728 0.8667832612991333 -0.11234825849533081
vn 0.3897463083267212 0.915802001953125 -0.09697703272104263
vn -0.3585520386695862 0.9299479126930237 -0.08147003501653671
vn -0.2307940274477005 0.9712573885917664 -0.05825210362672806
vn -0.10095804184675217 0.9938814640045166 -0.04480215907096863
vn 0.03959121182560921 0.9983285665512085 -0.04210351034998894
vn 0.1787695586681366 0.9824493527412415 -0.05324314162135124
vn 0.29495882987976074 0.9525951743125916 -0.07457667589187622
vn -0.3099687099456787 -0.9197867512702942 0.24064897000789642
vn -0.1776118278503418 -0.9490780234336853 0.2602020502090454
vn -0.06324027478694916 -0.9595253467559814 0.2744298577308655
vn 0.026560137048363686 -0.9584680199623108 0.2839607000350952
vn 0.08579141646623611 -0.950885534286499 0.2974165380001068
vn 0.11411287635564804 -0.941469132900238 0.3171972632408142
vn 0.15979020297527313 -0.9281905889511108 0.3360495865345001
vn 0.2177482694387436 -0.8966753482818604 0.38543352484703064
vn -0.4629688858985901 -0.8561685085296631 0.22942402958869934
vn 0.29933106899261475 -0.8782235980033875 0.3729936182498932
vn 0.20908333361148834 -0.9237415790557861 0.32091379165649414
vn 0.2251206338405609 -0.9104386568069458 0.3470190465450287
vn -0.5646229386329651 -0.7848072648048401 0.2554967701435089
vn 0.38096800446510315 -0.8343817591667175 0.3983345627784729
vn -0.6594041585922241 -0.7131259441375732 0.23798653483390808
vn 0.5168958902359009 -0.7459167242050171 0.4200320243835449
vn 0.6673627495765686 -0.6061294674873352 0.43270552158355713
vn 0.2530389130115509 -0.9076479077339172 0.3348829448223114
vn 0.2937559187412262 -0.8848559856414795 0.3615763187408447
vn -0.7401812076568604 -0.6455739140510559 0.18805906176567078
vn 0.7800278663635254 -0.45149287581443787 0.4332559406757355
vn -0.7843950986862183 -0.5965473055839539 0.16986942291259766
vn 0.861531138420105 -0.28031256794929504 0.42330724000930786
vn -0.9111953973770142 -0.3977885842323303 0.1071787104010582
vn -0.8374794125556946 -0.5271911025047302 0.1438671201467514
vn -0.967431366443634 -0.23793169856071472 0.08640074729919434
vn 0.9104446172714233 -0.12616194784641266 0.3939210772514343
vn -0.9845399856567383 -0.16972284018993378 0.04330330342054367
vn 0.9353538751602173 -0.00019666843581944704 0.3537133038043976
vn -0.9941880702972412 -0.10695503652095795 0.012276051566004753
vn 0.9476681351661682 0.08954183757305145 0.3064432144165039
vn -0.9985374212265015 -0.05100754275918007 -0.017925148829817772
vn 0.9575003981590271 0.15986526012420654 0.24007530510425568
vn -0.9986134767532349 0.006507414858788252 -0.05223850533366203
vn 0.9790278077125549 0.14417481422424316 0.14393845200538635
vn -0.9927294254302979 0.08030587434768677 -0.08966203778982162
vn 0.9895514249801636 0.1264253705739975 0.06931575387716293
vn -0.977057158946991 0.17138667404651642 -0.12643586099147797
vn 0.9914748668670654 0.12982508540153503 0.011099562980234623
vn -0.9555062055587769 0.25449347496032715 -0.14913448691368103
vn 0.9838579893112183 0.17664580047130585 -0.028631294146180153
vn -0.9198681116104126 0.36325210332870483 -0.1479545682668686
vn 0.955978512763977 0.28950873017311096 -0.04785196855664253
vn -0.8766213059425354 0.45324912667274475 -0.16155633330345154
vn 0.8837099671363831 0.4646342098712921 -0.05631843954324722
vn -0.8373663425445557 0.5270328521728516 -0.14509952068328857
vn -0.7918276786804199 0.5952923893928528 -0.13651326298713684
vn -0.7124741077423096 0.6871167421340942 -0.14230692386627197
vn 0.4921490550041199 0.8630106449127197 -0.11402621865272522
vn 0.571789562702179 0.8127322196960449 -0.11190633475780487
vn 0.6614314913749695 0.7445757389068604 -0.09008575230836868
vn 0.7711172699928284 0.6327939629554749 -0.07035642862319946
vn -0.6004555225372314 0.7879470586776733 -0.13635490834712982
vn 0.4423258602619171 0.8903747797012329 -0.10761328786611557
vn -0.6822600960731506 0.7168607711791992 -0.14363762736320496
vn 0.43138644099235535 0.8962337970733643 -0.10329969227313995
vn 0.49960413575172424 0.8590167164802551 -0.11174068599939346
vn -0.48055940866470337 0.8678096532821655 -0.1263691633939743
vn 0.3678557574748993 0.9256144165992737 -0.08899543434381485
vn -0.33244165778160095 0.9363871812820435 -0.11252401024103165
vn -0.2066662758588791 0.975541889667511 -0.0748804360628128
vn -0.08934368193149567 0.9946205019950867 -0.05241938307881355
vn 0.03261241689324379 0.9985232949256897 -0.043447062373161316
vn 0.15836672484874725 0.9861652851104736 -0.04897024482488632
vn 0.27712318301200867 0.9585888385772705 -0.06565207988023758
vn -0.5792852640151978 0.8033874034881592 -0.1378309726715088
vn 0.3627210259437561 0.9280105829238892 -0.08502908051013947
vn 0.42313116788864136 0.9011151194572449 -0.09461264312267303
vn -0.2835375666618347 -0.91916823387146 0.27337923645973206
vn -0.1705417037010193 -0.948488175868988 0.266993910074234
vn -0.0657123252749443 -0.9591804146766663 0.27505430579185486
vn 0.023691585287451744 -0.9595235586166382 0.28063008189201355
vn 0.09005524963140488 -0.9546224474906921 0.2838769257068634
vn 0.1425357162952423 -0.9439736604690552 0.2976530194282532
vn -0.4217487871646881 -0.8657085299491882 0.2695862650871277
vn 0.1902766227722168 -0.930827260017395 0.3120183050632477
vn -0.3582804203033447 -0.8855995535850525 0.2955479025840759
vn -0.2011236548423767 -0.9341968297958374 0.29466190934181213
vn -0.0775175392627716 -0.9546894431114197 0.2873309850692749
vn 0.01995120756328106 -0.9572107195854187 0.28870344161987305
vn 0.09283796697854996 -0.9507318139076233 0.2957874536514282
vn 0.13704420626163483 -0.9444612860679626 0.2986834645271301
vn -0.5136544108390808 -0.8116428852081299 0.2781994640827179
vn 0.2389790117740631 -0.9099658727645874 0.3388969302177429
vn -0.5376290678977966 -0.8094279766082764 0.23618090152740479
vn 0.3315420150756836 -0.8717607259750366 0.36071208119392395
vn 0.41242116689682007 -0.8216637372970581 0.39341771602630615
vn 0.5488796830177307 -0.7302024364471436 0.4068606197834015
vn 0.6647512316703796 -0.6171425580978394 0.4209999442100525
vn -0.4175812304019928 -0.8630121946334839 0.28431645035743713
vn -0.25717008113861084 -0.9215102791786194 0.29100239276885986
vn -0.10811585932970047 -0.9510008096694946 0.2896696627140045
vn 0.010171801783144474 -0.9570504426956177 0.289743036031723
vn 0.1009601280093193 -0.9494864344596863 0.29712384939193726
vn 0.17077414691448212 -0.9327965974807739 0.3173747658729553
vn -0.6814865469932556 -0.7046361565589905 0.19764631986618042
vn 0.7803899049758911 -0.4588468372821808 0.424795538187027
vn 0.6109997630119324 -0.6857146620750427 0.39556884765625
vn 0.6748082041740417 -0.6087884306907654 0.41714566946029663
vn -0.746024489402771 -0.6473528742790222 0.15614674985408783
vn 0.866441011428833 -0.3120822012424469 0.3897240459918976
vn -0.8921530246734619 -0.44667869806289673 0.06738822907209396
vn -0.824974536895752 -0.5539349913597107 0.1121293231844902
vn 0.6695685386657715 -0.6418453454971313 0.37378138303756714
vn 0.7576332092285156 -0.5225797891616821 0.3910272717475891
vn -0.9525825381278992 -0.29938405752182007 0.054366059601306915
vn 0.9238261580467224 -0.13954593241214752 0.3564718961715698
vn -0.9758303761482239 -0.2177811861038208 0.01806895062327385
vn 0.9519405364990234 -0.06277073919773102 0.2997816801071167
vn -0.9879012107849121 -0.15432807803153992 -0.015300631523132324
vn 0.9756261110305786 -0.004051950294524431 0.2194022387266159
vn -0.9929459691047668 -0.10512521862983704 -0.05483608692884445
vn 0.9891139268875122 0.023987766355276108 0.14518365263938904
vn -0.9931654334068298 -0.050131749361753464 -0.10540064424276352
vn 0.9965789318084717 0.028385313227772713 0.07761923968791962
vn -0.9872332215309143 0.04315543174743652 -0.15332366526126862
vn 0.999229371547699 0.03150297701358795 0.023417090997099876
vn -0.9694729447364807 0.16814404726028442 -0.17846530675888062
vn 0.9980052709579468 0.06141403317451477 -0.014624185860157013
vn -0.9422357082366943 0.27973055839538574 -0.18423563241958618
vn 0.9895212650299072 0.13983871042728424 -0.0359555259346962
vn -0.9048764109611511 0.3836554288864136 -0.18441064655780792
vn 0.959462583065033 0.27815893292427063 -0.04537871852517128
vn -0.8630836606025696 0.4695182144641876 -0.18611620366573334
vn 0.8894054889678955 0.4539467990398407 -0.053760431706905365
vn -0.8277024626731873 0.5350965261459351 -0.16905750334262848
vn -0.770020067691803 0.6195293068885803 -0.15248754620552063
vn 0.6876863241195679 0.7196610569953918 -0.09578871726989746
vn 0.7879873514175415 0.6117632985115051 -0.06943873316049576
vn -0.6855751276016235 0.7105790376663208 -0.1583169847726822
vn 0.5856949090957642 0.802914023399353 -0.11086215823888779
vn -0.5775709748268127 0.7978869080543518 -0.17259271442890167
vn 0.5081397294998169 0.855721116065979 -0.0976499393582344
vn -0.4303909242153168 0.8895003199577332 -0.15346962213516235
vn -0.26706328988075256 0.9513260722160339 -0.15380504727363586
vn -0.16501696407794952 0.9781968593597412 -0.12609663605690002
vn -0.05941685661673546 0.9941134452819824 -0.09059862047433853
vn 0.044004350900650024 0.9967406392097473 -0.06761492043733597
vn 0.14685815572738647 0.9873910546302795 -0.05909024551510811
vn 0.24660645425319672 0.9670078158378601 -0.06388413906097412
vn 0.34010669589042664 0.9374731183052063 -0.0739704817533493
vn 0.4259043037891388 0.9010090231895447 -0.08239075541496277
vn -0.45536184310913086 -0.874550461769104 0.16675469279289246
vn -0.3250088393688202 -0.9161417484283447 0.23463505506515503
vn -0.1435922384262085 -0.9550012350082397 0.25952646136283875
vn -0.005232037510722876 -0.962357223033905 0.27173739671707153
vn 0.10154755413532257 -0.9528132081031799 0.2860683798789978
vn 0.1859203428030014 -0.9346967339515686 0.3029450476169586
vn 0.269761860370636 -0.9034495949745178 0.33317768573760986
vn 0.3696803152561188 -0.8602611422538757 0.3511228561401367
vn 0.4623257517814636 -0.8029866218566895 0.37612152099609375
vn -0.6198374629020691 -0.767298698425293 0.16448213160037994
vn 0.5571804046630859 -0.7436932921409607 0.3694188892841339
vn -0.7109207510948181 -0.693495512008667 0.1168578639626503
vn 0.6436413526535034 -0.6719884872436523 0.36627501249313354
vn -0.8707938194274902 -0.4897228479385376 0.04346972703933716
vn -0.799086332321167 -0.5963108539581299 0.07664467394351959
vn 0.7571031451225281 -0.5425363183021545 0.36393576860427856
vn 0.8401610851287842 -0.41093090176582336 0.35392823815345764
vn -0.9374964237213135 -0.34679505228996277 0.028872599825263023
vn 0.9144869446754456 -0.25700533390045166 0.31250911951065063
vn -0.9636114239692688 -0.2672618627548218 -0.004913684446364641
vn 0.9621235728263855 -0.16393806040287018 0.2178134173154831
vn -0.9757865071296692 -0.21436016261577606 -0.04347890987992287
vn 0.983978271484375 -0.10452510416507721 0.14443424344062805
vn -0.9784274697303772 -0.18228425085544586 -0.09722255915403366
vn 0.9939075708389282 -0.07046806067228317 0.08474722504615784
vn -0.9707531332969666 -0.14267806708812714 -0.19308388233184814
vn 0.9978077411651611 -0.0551336333155632 0.036605771631002426
vn -0.9250833988189697 -0.2988832890987396 -0.23428523540496826
vn -0.9295749664306641 -0.28927427530288696 -0.22849680483341217
vn -0.9686834216117859 0.053611308336257935 -0.24244219064712524
vn 0.9995136260986328 -0.031180769205093384 -0.0005185582558624446
vn -0.9559444189071655 -0.14700864255428314 -0.25408416986465454
vn -0.9493045806884766 -0.128292515873909 -0.2869875133037567
vn -0.9549227952957153 0.2038196623325348 -0.215824156999588
vn 0.9994667768478394 0.02313031442463398 -0.023046309128403664
vn -0.9248451590538025 0.31410178542137146 -0.21447965502738953
vn 0.9919039607048035 0.12237279862165451 -0.03393237665295601
vn -0.8852625489234924 0.41537532210350037 -0.20922128856182098
vn 0.9628426432609558 0.26703137159347534 -0.04035327583551407
vn -0.8457125425338745 0.4934903383255005 -0.20307034254074097
vn 0.9005987048149109 0.43164724111557007 -0.05101587995886803
vn -0.8164342045783997 0.5462483763694763 -0.18721076846122742
vn -0.7657410502433777 0.6189988851547241 -0.17458826303482056
vn 0.7292835712432861 0.6798072457313538 -0.07750964909791946
vn 0.8157422542572021 0.5742882490158081 -0.06897561997175217
vn -0.6869612336158752 0.7030532360076904 -0.1838492900133133
vn 0.6133425831794739 0.7846060991287231 -0.09057755023241043
vn -0.60305255651474 0.7717134356498718 -0.2019556313753128
vn 0.5099871158599854 0.8568796515464783 -0.07530210167169571
vn -0.468434602022171 0.8598071336746216 -0.20322607457637787
vn -0.2938194274902344 0.934104859828949 -0.20277641713619232
vn -0.13856051862239838 0.9725519418716431 -0.1869324892759323
vn -0.01518280804157257 0.9873748421669006 -0.15767207741737366
vn 0.0857086181640625 0.9888390302658081 -0.12186636030673981
vn 0.16695789992809296 0.9817821979522705 -0.0907130017876625
vn 0.24328580498695374 0.9670974016189575 -0.07439566403627396
vn 0.3201393783092499 0.9448227882385254 -0.06943085789680481
vn 0.404467910528183 0.9120458960533142 -0.06766127049922943
vn -0.4062291383743286 -0.9062027335166931 0.11736476421356201
vn -0.27690455317497253 -0.9472616314888 0.16130512952804565
vn -0.13994941115379333 -0.9695168733596802 0.20112469792366028
vn -0.00885099545121193 -0.9723671078681946 0.23328934609889984
vn 0.10478609055280685 -0.9598527550697327 0.26019737124443054
vn 0.19655968248844147 -0.9368075132369995 0.2894062399864197
vn 0.2640232741832733 -0.9126143455505371 0.3121325671672821
vn 0.36048638820648193 -0.8706272840499878 0.3347502052783966
vn 0.44983911514282227 -0.8178841471672058 0.3587622046470642
vn -0.5691043138504028 -0.8138996958732605 0.11699435859918594
vn 0.5397262573242188 -0.7614228129386902 0.35906943678855896
vn 0.42270776629447937 -0.8492668867111206 0.31632888317108154
vn 0.45364701747894287 -0.8193031549453735 0.3506375849246979
vn -0.6772893071174622 -0.7312676310539246 0.08078917115926743
vn 0.61744624376297 -0.6929264068603516 0.37230801582336426
vn -0.847380518913269 -0.5297027230262756 0.03689568117260933
vn -0.77466881275177 -0.6297907829284668 0.05702473223209381
vn 0.7085707783699036 -0.6245941519737244 0.3283436596393585
vn 0.8364593982696533 -0.4505065977573395 0.31205689907073975
vn 0.4691600799560547 -0.8321684002876282 0.29560887813568115
vn 0.5490243434906006 -0.7660606503486633 0.3342505395412445
vn -0.9188602566719055 -0.39436641335487366 0.013078047893941402
vn 0.9071078896522522 -0.3480251431465149 0.23671475052833557
vn 0.7543553113937378 -0.6069477796554565 0.2501249313354492
vn 0.8204643726348877 -0.5103464722633362 0.25765225291252136
vn -0.9454392194747925 -0.3251418471336365 -0.02067788876593113
vn 0.9514893293380737 -0.2681587040424347 0.15086084604263306
vn 0.7806654572486877 -0.5866876840591431 0.21531161665916443
vn 0.8664172291755676 -0.4601324796676636 0.19390559196472168
vn -0.9540935754776001 -0.2924754321575165 -0.06452608108520508
vn 0.9809775948524475 -0.16721662878990173 0.09859844297170639
vn -0.939174234867096 -0.31287580728530884 -0.14163559675216675
vn 0.987736701965332 -0.14398670196533203 0.06036633625626564
vn -0.9220870137214661 -0.3598419427871704 -0.1423707902431488
vn -0.9123944044113159 -0.3766013979911804 -0.1603366881608963
vn -0.9540620446205139 -0.23741595447063446 -0.1827549785375595
vn 0.9931730628013611 -0.11457794159650803 0.021891461685299873
vn -0.9800080060958862 -0.06703567504882812 -0.18732453882694244
vn 0.9975399374961853 -0.07003870606422424 -0.0029432224109768867
vn -0.9635453820228577 0.00785639975219965 -0.2674296796321869
vn -0.9524356722831726 0.06400541961193085 -0.29794225096702576
vn -0.9384047389030457 0.22038231790065765 -0.26613596081733704
vn 0.9998576641082764 0.0031648329459130764 -0.01657363399863243
vn -0.9677355289459229 0.10596781969070435 -0.22860179841518402
vn -0.9498106241226196 0.1525758057832718 -0.2730942368507385
vn -0.898470938205719 0.3642941415309906 -0.24503028392791748
vn 0.9934217929840088 0.11210774630308151 -0.02334536612033844
vn -0.9603679180145264 0.17712098360061646 -0.21522478759288788
vn -0.9283379316329956 0.26418939232826233 -0.26152002811431885
vn -0.8636015057563782 0.45275047421455383 -0.2218320071697235
vn 0.9673431515693665 0.2516384720802307 -0.03042004443705082
vn -0.823148250579834 0.5249205827713013 -0.21652986109256744
vn 0.9143914580345154 0.40267446637153625 -0.04173240065574646
vn -0.8025206327438354 0.5627967119216919 -0.19804169237613678
vn -0.7607760429382324 0.6202492117881775 -0.19107769429683685
vn 0.7405030727386475 0.6701309084892273 -0.05079148709774017
vn 0.8385087251663208 0.542458176612854 -0.05140276998281479
vn -0.6983463764190674 0.6875258684158325 -0.19904924929141998
vn 0.6223569512367249 0.7798346877098083 -0.06730397790670395
vn -0.7775692939758301 0.5939697027206421 -0.20636378228664398
vn -0.7571823596954346 0.6230314373970032 -0.196231409907341
vn -0.6408620476722717 0.7384591102600098 -0.209699809551239
vn 0.505337655544281 0.8608779311180115 -0.059355251491069794
vn -0.5337734222412109 0.8135042190551758 -0.23086094856262207
vn -0.3522489666938782 0.8961378931999207 -0.2699214816093445
vn -0.14654745161533356 0.9538344144821167 -0.2621521055698395
vn 0.019045604392886162 0.968895435333252 -0.24673666059970856
vn 0.16878482699394226 0.9613066911697388 -0.2177182286977768
vn 0.23089592158794403 0.9615238904953003 -0.1488589346408844
vn 0.2802013158798218 0.9542680978775024 -0.104209765791893
vn 0.33462268114089966 0.939220130443573 -0.07676805555820465
vn 0.4065309762954712 0.9114876389503479 -0.06263278424739838
vn -0.7532067894935608 0.6216570138931274 -0.21499331295490265
vn -0.7167398929595947 0.6661637425422668 -0.20617929100990295
vn -0.3290621042251587 0.8892936706542969 -0.31760817766189575
vn -0.15325827896595 0.9349360466003418 -0.3200102150440216
vn 0.011742111295461655 0.9518032073974609 -0.30648475885391235
vn 0.1577857881784439 0.9428958296775818 -0.29334476590156555
vn -0.2920384705066681 0.9155876040458679 -0.27642902731895447
vn -0.13991022109985352 0.9428216218948364 -0.30251049995422363
vn 0.0018551500979810953 0.952567994594574 -0.3043203055858612
vn 0.1319298893213272 0.9437046051025391 -0.30334165692329407
vn -0.36926332116127014 -0.9245524406433105 0.0940605029463768
vn -0.23699766397476196 -0.9631648659706116 0.12706512212753296
vn -0.11367923021316528 -0.9795387387275696 0.16607508063316345
vn 0.0005985407042317092 -0.9799771904945374 0.1991090625524521
vn 0.11279074102640152 -0.9668571949005127 0.22905315458774567
vn 0.21143867075443268 -0.9426192045211792 0.2583850026130676
vn 0.30735355615615845 -0.9049105048179626 0.29439911246299744
vn -0.5318725109100342 -0.8427191376686096 0.08328322321176529
vn 0.39117196202278137 -0.8757603168487549 0.28289297223091125
vn -0.6540042757987976 -0.7536336183547974 0.06568677723407745
vn 0.4570045471191406 -0.8434239625930786 0.282458633184433
vn -0.8141905069351196 -0.5787609219551086 0.04614819213747978
vn -0.7542716264724731 -0.6534901261329651 0.0634431540966034
vn 0.5367802977561951 -0.7918877005577087 0.29117152094841003
vn 0.6331800818443298 -0.7206056714057922 0.28250738978385925
vn -0.8940848112106323 -0.4478045403957367 0.009137177839875221
vn 0.6843857765197754 -0.6839112639427185 0.252748042345047
vn -0.9201484322547913 -0.39070457220077515 -0.02601569890975952
vn 0.7492510080337524 -0.6207206845283508 0.23093046247959137
vn 0.8476555943489075 -0.49695631861686707 0.18578068912029266
vn 0.9164208769798279 -0.37453216314315796 0.14106206595897675
vn -0.9248971343040466 -0.37438827753067017 -0.06632361561059952
vn 0.9612292647361755 -0.2570534646511078 0.09980953484773636
vn -0.9090257287025452 -0.4049794673919678 -0.09830503910779953
vn 0.9772970080375671 -0.20422875881195068 0.056402720510959625
vn -0.9250114560127258 -0.36998501420021057 -0.08639971166849136
vn -0.9060252904891968 -0.411996066570282 -0.09683731943368912
vn -0.9587522745132446 -0.2545180320739746 -0.12654954195022583
vn 0.9872848391532898 -0.1561058610677719 0.029993075877428055
vn -0.9825775623321533 -0.13499584794044495 -0.127739816904068
vn 0.995492696762085 -0.09413415938615799 0.011533434502780437
vn -0.9867570996284485 0.028322212398052216 -0.15971335768699646
vn 0.9999727010726929 -0.0069724624045193195 0.0024412348866462708
vn -0.971519410610199 0.16776412725448608 -0.1673479527235031
vn 0.9947392344474792 0.10235528647899628 -0.00416908273473382
vn -0.9288461208343506 0.29381829500198364 -0.22564515471458435
vn -0.8923471570014954 0.37167423963546753 -0.25607579946517944
vn -0.854610800743103 0.4589326083660126 -0.24294285476207733
vn 0.9718672037124634 0.23517535626888275 -0.012914462946355343
vn -0.8195874691009521 0.5242714881896973 -0.23111848533153534
vn 0.9238090515136719 0.3822597861289978 -0.02131466567516327
vn 0.7441534399986267 0.6675894856452942 -0.02366575039923191
vn 0.8471333980560303 0.5307925343513489 -0.02498641610145569
vn -0.7864313125610352 0.5767673850059509 -0.22105476260185242
vn 0.6244081854820251 0.7797733545303345 -0.045475609600543976
vn -0.7505384087562561 0.6234130859375 -0.2191992849111557
vn 0.5138978958129883 0.8565455079078674 -0.0473162904381752
vn -0.711571455001831 0.6669019460678101 -0.22115127742290497
vn -0.6337594985961914 0.7379409074783325 -0.23193134367465973
vn -0.5067694187164307 0.8172880411148071 -0.27427202463150024
vn 0.3585021495819092 0.9034366011619568 -0.23511402308940887
vn 0.36469176411628723 0.9190330505371094 -0.14959341287612915
vn 0.38664841651916504 0.917275071144104 -0.09544357657432556
vn 0.4330041706562042 0.8992119431495667 -0.06265203654766083
vn -0.4622718393802643 0.8446781039237976 -0.26985859870910645
vn 0.2865088880062103 0.9153423309326172 -0.2829507291316986
vn -0.3383011519908905 0.9176230430603027 -0.20861510932445526
vn 0.2595957815647125 0.9192577004432678 -0.295931339263916
vn -0.1615755409002304 0.9625970721244812 -0.21748612821102142
vn -0.011324531398713589 0.9697836637496948 -0.24370357394218445
vn 0.11053009331226349 0.9615684747695923 -0.2513349652290344
vn 0.20848685503005981 0.9419054388999939 -0.26333898305892944
vn -0.3396913707256317 -0.9351058006286621 0.10093020647764206
vn -0.20730333030223846 -0.9705115556716919 0.1230149120092392
vn -0.07843468338251114 -0.985029399394989 0.15350951254367828
vn 0.026153191924095154 -0.9810143709182739 0.19216375052928925
vn 0.10988204926252365 -0.9705984592437744 0.21416041254997253
vn 0.21681368350982666 -0.9472593069076538 0.235990971326828
vn 0.3043026626110077 -0.9160501956939697 0.2612508237361908
vn -0.5068156123161316 -0.8587563633918762 0.07533550262451172
vn 0.3826628029346466 -0.8846031427383423 0.26654547452926636
vn -0.49403804540634155 -0.8632071018218994 0.10392284393310547
vn 0.27245956659317017 -0.9328779578208923 0.235593780875206
vn 0.3091011643409729 -0.9171901345252991 0.2514335513114929
vn -0.6397907733917236 -0.764356255531311 0.08017110079526901
vn 0.4386923313140869 -0.8572751879692078 0.26949644088745117
vn -0.7635960578918457 -0.6432405710220337 0.05623761937022209
vn -0.7118619084358215 -0.6949952840805054 0.10116411000490189
vn 0.5132636427879333 -0.8148393034934998 0.269439160823822
vn 0.5938901901245117 -0.7574933767318726 0.2711055874824524
vn -0.614250898361206 -0.7775153517723083 0.13478052616119385
vn 0.315638929605484 -0.9181698560714722 0.23945002257823944
vn 0.36978307366371155 -0.8937025666236877 0.25407934188842773
vn -0.86065274477005 -0.50904780626297 0.012136873789131641
vn 0.6542947888374329 -0.7122386693954468 0.25419381260871887
vn -0.8902263045310974 -0.4549839198589325 -0.022062279284000397
vn 0.7236238718032837 -0.6480690836906433 0.23743432760238647
vn 0.8215360641479492 -0.53509521484375 0.1968545764684677
vn 0.9070026278495789 -0.39652442932128906 0.141826331615448
vn -0.8993964791297913 -0.43440207839012146 -0.048794250935316086
vn 0.9449067711830139 -0.31046125292778015 0.10375504195690155
vn -0.8992891311645508 -0.43303513526916504 -0.06131673976778984
vn 0.9664802551269531 -0.24421551823616028 0.07921309024095535
vn -0.9249278903007507 -0.375137597322464 -0.06148388981819153
vn -0.9053332805633545 -0.4201444685459137 -0.06205189973115921
vn -0.9575788974761963 -0.27617889642715454 -0.08226758986711502
vn 0.9806362390518188 -0.18797019124031067 0.05495213344693184
vn -0.9867527484893799 -0.13046185672283173 -0.09643010795116425
vn 0.9936695694923401 -0.10458976775407791 0.04101085662841797
vn -0.9928072690963745 0.01556024793535471 -0.11870864778757095
vn 0.9992746114730835 -0.01677456684410572 0.03418934345245361
vn -0.97660231590271 0.16621607542037964 -0.13645565509796143
vn 0.9956615567207336 0.09020962566137314 0.022809529677033424
vn -0.9368600845336914 0.2950545847415924 -0.18771278858184814
vn -0.886376678943634 0.3991274833679199 -0.23459261655807495
vn -0.8439427614212036 0.4846663773059845 -0.22991137206554413
vn 0.974490761756897 0.22405380010604858 0.01295099314302206
vn -0.9319581985473633 0.322279155254364 -0.16610267758369446
vn -0.8909221887588501 0.4047504663467407 -0.20599694550037384
vn -0.8093947768211365 0.5426662564277649 -0.22448495030403137
vn 0.9267634749412537 0.3755739629268646 0.007322631776332855
vn 0.7464998960494995 0.6653553247451782 0.006346818059682846
vn 0.8484299182891846 0.5292766094207764 0.005748596973717213
vn -0.9185750484466553 0.3612976670265198 -0.16026219725608826
vn -0.865673840045929 0.4570474922657013 -0.20424599945545197
vn -0.7742793560028076 0.5926653146743774 -0.2218993604183197
vn 0.6318895220756531 0.7746918797492981 -0.023837681859731674
vn -0.7465102076530457 0.6291672587394714 -0.21649760007858276
vn 0.5400053262710571 0.840955376625061 -0.0344710610806942
vn -0.7138952612876892 0.6665183305740356 -0.21472515165805817
vn -0.6711564660072327 0.7066230177879333 -0.22412705421447754
vn -0.5954961776733398 0.7660270929336548 -0.2420472502708435
vn 0.4611385762691498 0.8499631285667419 -0.2547823190689087
vn 0.5035134553909302 0.8408324718475342 -0.19868314266204834
vn 0.4777928292751312 0.8709719181060791 -0.11455132067203522
vn 0.4888765215873718 0.8700665235519409 -0.06311918050050735
vn -0.4945770502090454 0.8428240418434143 -0.2122291922569275
vn 0.36197739839553833 0.8906324505805969 -0.27522048354148865
vn -0.5864973664283752 0.7859887480735779 -0.19555705785751343
vn 0.4157949686050415 0.8765398859977722 -0.24247142672538757
vn 0.5075576901435852 0.8344427943229675 -0.2146868109703064
vn -0.37264031171798706 0.9156261086463928 -0.15089082717895508
vn 0.3080101013183594 0.9168041944503784 -0.25416499376296997
vn -0.21381361782550812 0.9661650061607361 -0.14425314962863922
vn -0.046938732266426086 0.9843571186065674 -0.16981737315654755
vn 0.09991946071386337 0.9767182469367981 -0.18983584642410278
vn 0.21773122251033783 0.9556273221969604 -0.19841767847537994
vn -0.47970306873321533 0.865986704826355 -0.1412518471479416
vn 0.3286917507648468 0.9226590394973755 -0.2016485631465912
vn 0.43210679292678833 0.8821725845336914 -0.18723078072071075
vn -0.18028347194194794 -0.9718359112739563 0.15176592767238617
vn -0.07087789475917816 -0.9840984344482422 0.1628699153661728
vn 0.05492715537548065 -0.9802230000495911 0.19012072682380676
vn 0.1580391824245453 -0.9636229872703552 0.21553292870521545
vn -0.34683161973953247 -0.9272403717041016 0.14118517935276031
vn 0.2389048933982849 -0.9433892369270325 0.23008966445922852
vn 0.10826033353805542 -0.9696617126464844 0.21917124092578888
vn 0.15651069581508636 -0.9631395936012268 0.21878434717655182
vn -0.4784640967845917 -0.8590733408927917 0.1818379908800125
vn 0.29146817326545715 -0.925346314907074 0.24244707822799683
vn -0.6964330673217773 -0.7157274484634399 0.052108217030763626
vn -0.6243021488189697 -0.7723352909088135 0.1172395795583725
vn -0.5855305194854736 -0.789782702922821 0.18274933099746704
vn 0.37143674492836 -0.8979310393333435 0.2361244410276413
vn 0.45189493894577026 -0.857355535030365 0.24643966555595398
vn 0.5260970592498779 -0.813855767250061 0.2466997355222702
vn 0.5811713337898254 -0.7728150486946106 0.25494441390037537
vn 0.13490450382232666 -0.9618552923202515 0.23798148334026337
vn 0.21033863723278046 -0.9484211802482605 0.2371811717748642
vn -0.8202133774757385 -0.5718696713447571 0.014663119800388813
vn 0.6451907157897949 -0.7232018709182739 0.2463901787996292
vn -0.8615333437919617 -0.5074312090873718 -0.016549328342080116
vn 0.7199335098266602 -0.6527819633483887 0.23573614656925201
vn 0.7970173954963684 -0.5656467080116272 0.21167682111263275
vn 0.8847154974937439 -0.4389120042324066 0.15695451200008392
vn -0.8826072812080383 -0.4686756134033203 -0.036708764731884
vn 0.9292402267456055 -0.34357136487960815 0.13590949773788452
vn 0.8084369897842407 -0.5453031659126282 0.22152681648731232
vn 0.867031991481781 -0.46205568313598633 0.1864406317472458
vn -0.8922401666641235 -0.44899314641952515 -0.04809046909213066
vn 0.9522008299827576 -0.28200700879096985 0.11741212010383606
vn -0.9226289391517639 -0.38087716698646545 -0.06073372811079025
vn -0.902228057384491 -0.42775434255599976 -0.054871805012226105
vn 0.8331470489501953 -0.5052154064178467 0.2249966859817505
vn 0.8942504525184631 -0.40960389375686646 0.18039067089557648
vn -0.9569833874702454 -0.2823842763900757 -0.06664767861366272
vn 0.977283239364624 -0.19227194786071777 0.08915739506483078
vn -0.984857439994812 -0.15395943820476532 -0.07970179617404938
vn 0.9887878894805908 -0.1201845332980156 0.08862359076738358
vn -0.9952194690704346 -0.017267752438783646 -0.0961252823472023
vn 0.9968013763427734 -0.03478383272886276 0.07195223867893219
vn -0.99051433801651 0.0991089716553688 -0.09517759084701538
vn 0.9952338933944702 0.07956667244434357 0.05637962743639946
vn -0.9651648998260498 0.23499488830566406 -0.11503969132900238
vn 0.973625898361206 0.22294080257415771 0.04847770929336548
vn -0.9343112707138062 0.3354032039642334 -0.12069456279277802
vn 0.9253726005554199 0.3764330744743347 0.044540226459503174
vn -0.8769515752792358 0.448297381401062 -0.17316319048404694
vn -0.8249830603599548 0.5237884521484375 -0.21224689483642578
vn 0.7503304481506348 0.6595321297645569 0.044963158667087555
vn 0.8465818762779236 0.5305225253105164 0.04295451194047928
vn -0.7820635437965393 0.5840145349502563 -0.2174939513206482
vn 0.6481776833534241 0.7614832520484924 0.0030071791261434555
vn -0.7418076992034912 0.6361728310585022 -0.21214504539966583
vn 0.5868127942085266 0.8095860481262207 -0.014874056912958622
vn -0.7051156163215637 0.6783288717269897 -0.20659621059894562
vn -0.6592023968696594 0.7235521078109741 -0.20475485920906067
vn 0.6040722727775574 0.7878520488739014 -0.11994082480669022
vn 0.5734347105026245 0.8174216151237488 -0.05472308397293091
vn -0.5774667859077454 0.8007760047912598 -0.15902848541736603
vn 0.5885732173919678 0.788368284702301 -0.17904488742351532
vn -0.44727832078933716 0.8874745965003967 -0.1110447496175766
vn 0.5428142547607422 0.8242338299751282 -0.16121843457221985
vn -0.33315375447273254 0.9381611347198486 -0.0941397175192833
vn -0.19992922246456146 0.9761713147163391 -0.08436764031648636
vn -0.07217062264680862 0.9915598630905151 -0.10770545899868011
vn 0.06787099689245224 0.9897295236587524 -0.12581385672092438
vn 0.19935119152069092 0.969557523727417 -0.14218805730342865
vn 0.3140898048877716 0.9383232593536377 -0.14455834031105042
vn 0.44405072927474976 0.8858444094657898 -0.13453134894371033
vn -0.13931410014629364 -0.9693571329116821 0.20233215391635895
vn -0.010606302879750729 -0.9809512495994568 0.19396425783634186
vn -0.2991141676902771 -0.9321585893630981 0.203988179564476
vn 0.04419601336121559 -0.9694798588752747 0.24115446209907532
vn -0.2199086844921112 -0.9396772980690002 0.262005478143692
vn -0.06277107447385788 -0.9672518372535706 0.24593427777290344
vn -0.4033273458480835 -0.8841472268104553 0.23581933975219727
vn 0.07558651268482208 -0.9653026461601257 0.24995511770248413
vn -0.6277809143066406 -0.7778064012527466 0.030139882117509842
vn -0.5117329955101013 -0.8547706007957458 0.0865829810500145
vn -0.42306649684906006 -0.8858715295791626 0.19038505852222443
vn 0.18150867521762848 -0.9575081467628479 0.22412675619125366
vn 0.2942381799221039 -0.9300728440284729 0.21997368335723877
vn 0.3809330463409424 -0.8999481797218323 0.21209277212619781
vn 0.4347606301307678 -0.8736523985862732 0.21843717992305756
vn 0.5136666893959045 -0.8291527628898621 0.22057262063026428
vn 0.5804068446159363 -0.7789593935012817 0.23738187551498413
vn -0.27245184779167175 -0.9261826872825623 0.26068294048309326
vn -0.07129307091236115 -0.9615487456321716 0.26521942019462585
vn -0.7771285176277161 -0.6292843818664551 0.008515072055161
vn 0.6460482478141785 -0.7289888858795166 0.22626717388629913
vn 0.5529066920280457 -0.8114035129547119 0.1895221620798111
vn 0.5839031934738159 -0.7830665111541748 0.2141587734222412
vn -0.8357474207878113 -0.5487174987792969 -0.020866310223937035
vn 0.7097078561782837 -0.6678174138069153 0.22435380518436432
vn 0.599014937877655 -0.7812777757644653 0.17546001076698303
vn 0.6417199373245239 -0.7409332990646362 0.19802388548851013
vn -0.8676003813743591 -0.49549710750579834 -0.04185907542705536
vn 0.768829345703125 -0.5934774279594421 0.23808839917182922
vn -0.8835896253585815 -0.46479806303977966 -0.05685201287269592
vn 0.8231555819511414 -0.5092149376869202 0.25122708082199097
vn -0.9197500944137573 -0.38558581471443176 -0.07337206602096558
vn -0.8967107534408569 -0.43742048740386963 -0.06762505322694778
vn 0.8802317380905151 -0.4209153354167938 0.21914012730121613
vn 0.9285538792610168 -0.3321450352668762 0.16573290526866913
vn -0.9540576934814453 -0.292412132024765 -0.06533819437026978
vn 0.9628362655639648 -0.2293124794960022 0.14269623160362244
vn -0.9829846024513245 -0.17124459147453308 -0.06645727157592773
vn 0.9807536005973816 -0.14377103745937347 0.13210709393024445
vn -0.9973945021629333 -0.03723672404885292 -0.06178705394268036
vn 0.9923095703125 -0.05143023654818535 0.11259078979492188
vn -0.9922329783439636 0.10703136026859283 -0.06338836252689362
vn 0.9913061857223511 0.08414820581674576 0.10114922374486923
vn -0.9731786847114563 0.21714092791080475 -0.0759807601571083
vn 0.9694316983222961 0.22480669617652893 0.09830622375011444
vn -0.9450546503067017 0.313851535320282 -0.0914824828505516
vn 0.9226842522621155 0.3748115301132202 0.0903884693980217
vn -0.8937451243400574 0.4254099130630493 -0.14228902757167816
vn -0.8306549191474915 0.5228787660598755 -0.19133785367012024
vn 0.7600998878479004 0.6423819065093994 0.09794784337282181
vn 0.8436903953552246 0.5292043089866638 0.09016291797161102
vn -0.7862542867660522 0.5832968950271606 -0.2038843333721161
vn 0.6766952872276306 0.7350984811782837 0.04139695316553116
vn -0.7387282848358154 0.6444616913795471 -0.19735708832740784
vn 0.6564807891845703 0.7541928887367249 0.015037945471704006
vn -0.6935434341430664 0.6942129135131836 -0.19252513349056244
vn -0.6440058350563049 0.7430760264396667 -0.1819191426038742
vn 0.6873102188110352 0.7228057980537415 -0.07180800288915634
vn 0.6716659665107727 0.7400763034820557 -0.03394084423780441
vn -0.542038083076477 0.828143298625946 -0.14273503422737122
vn 0.6236920952796936 0.7724639773368835 -0.11961482465267181
vn -0.4118897318840027 0.9055618047714233 -0.10151194036006927
vn 0.5464910268783569 0.8312857747077942 -0.1015457957983017
vn -0.3190131187438965 0.9453103542327881 -0.06796326488256454
vn -0.2228946089744568 0.9738402366638184 -0.044195324182510376
vn -0.0966477170586586 0.9943299889564514 -0.04435226321220398
vn 0.03181483596563339 0.997532069683075 -0.06259160488843918
vn 0.16287033259868622 0.9832697510719299 -0.08157120645046234
vn 0.2883681058883667 0.9529029130935669 -0.09391447901725769
vn 0.4119454622268677 0.9065226316452026 -0.09229101985692978
vn -0.5730303525924683 -0.8195160031318665 0.005465040914714336
vn -0.42495280504226685 -0.9041099548339844 0.04472491145133972
vn -0.2867870032787323 -0.9525262117385864 0.10221108794212341
vn -0.14843949675559998 -0.9710457921028137 0.18717843294143677
vn 0.05746115371584892 -0.9772616028785706 0.2041027992963791
vn 0.17429102957248688 -0.968300461769104 0.17893289029598236
vn 0.2619759738445282 -0.9478152990341187 0.18169963359832764
vn 0.35778918862342834 -0.9155943989753723 0.1835041046142578
vn 0.45339664816856384 -0.8705514669418335 0.1912371963262558
vn -0.7364687323570251 -0.6764315366744995 -0.007363118231296539
vn 0.5213131308555603 -0.8367650508880615 0.16750183701515198
vn -0.8101089596748352 -0.585153341293335 -0.03631996363401413
vn 0.6056345105171204 -0.777363657951355 0.17003726959228516
vn 0.6752960681915283 -0.7136020660400391 0.18640649318695068
vn 0.7179684638977051 -0.6660227179527283 0.20232446491718292
vn -0.8503652811050415 -0.5225473642349243 -0.06183285266160965
vn 0.7792543768882751 -0.5832920670509338 0.22920085489749908
vn -0.8733356595039368 -0.480547696352005 -0.07974192500114441
vn 0.8470620512962341 -0.4694927930831909 0.24912336468696594
vn -0.9195230007171631 -0.38274991512298584 -0.08933118730783463
vn -0.890633225440979 -0.44560495018959045 -0.09060224145650864
vn 0.8757597804069519 -0.41384509205818176 0.24854986369609833
vn 0.9248830676078796 -0.32283857464790344 0.20091445744037628
vn -0.9537652730941772 -0.2926887273788452 -0.06830216944217682
vn 0.9542862176895142 -0.23151594400405884 0.18904559314250946
vn 0.8918516039848328 -0.3671734631061554 0.26416724920272827
vn 0.9175668358802795 -0.3193870186805725 0.23677636682987213
vn -0.9840638041496277 -0.16923987865447998 -0.05455591529607773
vn 0.9715749621391296 -0.15232592821121216 0.18121497333049774
vn 0.9107783436775208 -0.3098585903644562 0.27289289236068726
vn 0.9356434941291809 -0.2605768144130707 0.2380567342042923
vn -0.998603105545044 -0.02938748151063919 -0.04391106218099594
vn 0.986664891242981 -0.03271205350756645 0.15944409370422363
vn -0.9942527413368225 0.0976797491312027 -0.04382104054093361
vn 0.9821930527687073 0.08606007695198059 0.16700439155101776
vn -0.9784387946128845 0.1987956166267395 -0.05601627007126808
vn 0.9639959931373596 0.21547871828079224 0.1558227837085724
vn -0.953690230846405 0.28804415464401245 -0.08663477748632431
vn 0.9196146726608276 0.36561480164527893 0.14364787936210632
vn -0.9074543714523315 0.40323540568351746 -0.11801658570766449
vn -0.8483235836029053 0.5020360946655273 -0.16824652254581451
vn 0.7965870499610901 0.582001805305481 0.1634717732667923
vn 0.8415422439575195 0.5173301100730896 0.15548738837242126
vn -0.799289882183075 0.5744304656982422 -0.17653706669807434
vn 0.7263874411582947 0.6811264753341675 0.09180453419685364
vn -0.8997076153755188 0.4196304380893707 -0.12015198171138763
vn -0.8576408624649048 0.4954555928707123 -0.137753427028656
vn -0.7510817646980286 0.6395306587219238 -0.16394130885601044
vn 0.7515226006507874 0.6583125591278076 0.04287675768136978
vn -0.6963385939598083 0.6962927579879761 -0.17403718829154968
vn -0.6224290132522583 0.7644469141960144 -0.16793765127658844
vn 0.7259190678596497 0.6867167949676514 -0.0382310152053833
vn 0.7571253180503845 0.6531686186790466 -0.01149238646030426
vn -0.8851907849311829 0.44197914004325867 -0.14522992074489594
vn -0.8092201948165894 0.5672599077224731 -0.1529017686843872
vn -0.5090519785881042 0.8496716618537903 -0.13756544888019562
vn 0.6409982442855835 0.764165461063385 -0.07191959023475647
vn -0.6150615215301514 0.767850935459137 -0.17917686700820923
vn -0.594010591506958 0.788172721862793 -0.1610441952943802
vn -0.3925282061100006 0.9135742783546448 -0.10631892830133438
vn 0.532177746295929 0.844357967376709 -0.06202053278684616
vn -0.2763277292251587 0.9581073522567749 -0.07532211393117905
vn -0.19863709807395935 0.9794418215751648 -0.03517180308699608
vn -0.10804876685142517 0.9940058588981628 -0.01666846312582493
vn 0.0036331110168248415 0.9998382925987244 -0.017612917348742485
vn 0.12723742425441742 0.991403341293335 -0.03049907274544239
vn 0.2594867944717407 0.9646829962730408 -0.04531344026327133
vn 0.39557597041130066 0.9167953133583069 -0.05482685565948486
vn -0.5295096039772034 0.831087589263916 -0.17003844678401947
vn -0.47491854429244995 0.868145763874054 -0.14413666725158691
vn -0.5308184027671814 -0.847437858581543 -0.008997926488518715
vn -0.37026363611221313 -0.928762674331665 0.017459288239479065
vn -0.2175036072731018 -0.9746977090835571 0.051541876047849655
vn -0.08785367012023926 -0.9915089011192322 0.09587462246417999
vn 0.034959577023983 -0.9906251430511475 0.13205964863300323
vn 0.1467142254114151 -0.9776964783668518 0.15028168261051178
vn 0.23819097876548767 -0.9585857391357422 0.15613625943660736
vn 0.32998716831207275 -0.9307348728179932 0.15761087834835052
vn 0.42555680871009827 -0.8905243873596191 0.1608346402645111
vn -0.6993894577026367 -0.7142918705940247 -0.025330595672130585
vn 0.5130566954612732 -0.8441599011421204 0.1554575264453888
vn -0.781001091003418 -0.6219274997711182 -0.05695148557424545
vn 0.6196743249893188 -0.7665008902549744 0.16876080632209778
vn 0.6983906030654907 -0.6913967132568359 0.18498973548412323
vn 0.7503132820129395 -0.6297332048416138 0.20116198062896729
vn -0.8277068734169006 -0.5531100034713745 -0.0947139710187912
vn 0.8148062825202942 -0.5374334454536438 0.2173846960067749
vn -0.8384519815444946 -0.5350577235221863 -0.10349701344966888
vn -0.8002944588661194 -0.5896978974342346 -0.10856007039546967
vn -0.8650672435760498 -0.4905354082584381 -0.1050415113568306
vn 0.8587641716003418 -0.45609191060066223 0.2334616482257843
vn -0.9182661175727844 -0.38380926847457886 -0.09735402464866638
vn -0.8860681056976318 -0.4503864347934723 -0.10970639437437057
vn -0.8873241543769836 -0.44820934534072876 -0.10846352577209473
vn -0.8521414399147034 -0.5100446939468384 -0.1170874610543251
vn -0.9558590054512024 -0.28468480706214905 -0.07271982729434967
vn 0.8906350135803223 -0.3746163249015808 0.25774380564689636
vn -0.9874985218048096 -0.1493189036846161 -0.050503555685281754
vn 0.9239485859870911 -0.2631846070289612 0.277584046125412
vn 0.9332022666931152 -0.22682398557662964 0.27871936559677124
vn 0.9573430418968201 -0.17604100704193115 0.2291373759508133
vn -0.9991384744644165 -0.019668541848659515 -0.036544639617204666
vn 0.9745286703109741 -0.05014440789818764 0.21858495473861694
vn 0.9434127807617188 -0.14040730893611908 0.3004298210144043
vn 0.9545610547065735 -0.12205653637647629 0.2718738615512848
vn -0.9955800175666809 0.0854184478521347 -0.03903985396027565
vn 0.9713702201843262 0.07765398174524307 0.22452133893966675
vn 0.9558060169219971 -0.02728544920682907 0.2927291989326477
vn 0.9603612422943115 -0.024126550182700157 0.2777123749256134
vn -0.9848074913024902 0.1625889092683792 -0.060984835028648376
vn 0.9538714289665222 0.20750531554222107 0.21695822477340698
vn 0.9526540040969849 0.11307958513498306 0.28224706649780273
vn 0.9569006562232971 0.09155762195587158 0.27560538053512573
vn -0.9728658199310303 0.21599890291690826 -0.08292533457279205
vn 0.9075690507888794 0.3627251982688904 0.21153929829597473
vn 0.8538662195205688 0.47123292088508606 0.22102481126785278
vn 0.8681640028953552 0.4384148120880127 0.23255905508995056
vn 0.9207677245140076 0.2896594703197479 0.26131248474121094
vn 0.930156946182251 0.24843823909759521 0.2703453600406647
vn -0.9416791796684265 0.316787451505661 -0.11351694166660309
vn 0.828097939491272 0.5438121557235718 0.13609616458415985
vn -0.901770830154419 0.4074949324131012 -0.14407379925251007
vn 0.8399387001991272 0.5407114028930664 0.046196553856134415
vn -0.8271543979644775 0.537356972694397 -0.16450896859169006
vn -0.7308927774429321 0.6574997901916504 -0.1830022782087326
vn 0.7483692169189453 0.6629862189292908 -0.01981847919523716
vn 0.8125138282775879 0.582942008972168 -0.00020012474851682782
vn -0.6428977251052856 0.744976282119751 -0.17802511155605316
vn 0.6442118287086487 0.7637542486190796 -0.04087429866194725
vn -0.5277992486953735 0.831903338432312 -0.17136171460151672
vn 0.5188595652580261 0.8542042970657349 -0.03346405178308487
vn -0.40729662775993347 0.8994390368461609 -0.15848952531814575
vn -0.31287306547164917 0.9421928524971008 -0.11992998421192169
vn -0.19906623661518097 0.9756115078926086 -0.0924924984574318
vn -0.14810164272785187 0.9871566295623779 -0.05989815294742584
vn -0.0821295902132988 0.996296763420105 -0.025448158383369446
vn 0.0022027266677469015 0.9999722242355347 -0.0071207135915756226
vn 0.10798808187246323 0.9941433072090149 -0.004207154270261526
vn 0.2339000105857849 0.9721908569335938 -0.011650878004729748
vn 0.37470391392707825 0.9268616437911987 -0.022901881486177444
vn -0.4901132583618164 -0.8716325759887695 -0.006764872465282679
vn -0.33467528223991394 -0.9422377943992615 0.013435069471597672
vn -0.176167830824852 -0.9838428497314453 0.031907543540000916
vn -0.04476548358798027 -0.997292160987854 0.058347187936306
vn 0.056965261697769165 -0.9942318797111511 0.09087365865707397
vn 0.1424509882926941 -0.982914388179779 0.11656325310468674
vn 0.22798563539981842 -0.9642972350120544 0.13473473489284515
vn 0.312956303358078 -0.9386542439460754 0.14486752450466156
vn 0.40956830978393555 -0.9002010822296143 0.1479591280221939
vn -0.6594719886779785 -0.7508156895637512 -0.037047434598207474
vn 0.513892650604248 -0.8435050845146179 0.15624873340129852
vn -0.7366623282432556 -0.6718503832817078 -0.07710887491703033
vn 0.6348111629486084 -0.7508423924446106 0.1823476105928421
vn -0.8336610198020935 -0.5489564538002014 -0.06046634539961815
vn -0.772502064704895 -0.6301971673965454 -0.07805278152227402
vn 0.7176167964935303 -0.6679850220680237 0.19703347980976105
vn 0.7753440737724304 -0.5977170467376709 0.2039017528295517
vn -0.8855758309364319 -0.45644479990005493 -0.08610289543867111
vn 0.8330800533294678 -0.5068496465682983 0.22154252231121063
vn -0.9304696917533875 -0.35754823684692383 -0.07990942150354385
vn 0.8772950768470764 -0.4181661307811737 0.23556427657604218
vn -0.9680162668228149 -0.24304018914699554 -0.062258366495370865
vn 0.9112855195999146 -0.33196181058883667 0.24363918602466583
vn -0.9914782643318176 -0.12246090173721313 -0.044432852417230606
vn 0.93449467420578 -0.25497108697891235 0.24841395020484924
vn -0.9991254210472107 -0.01605057343840599 -0.03861093893647194
vn 0.9515948295593262 -0.1562047004699707 0.2647026479244232
vn -0.9966875910758972 0.0635673999786377 -0.05072535201907158
vn 0.966894268989563 -0.02371748350560665 0.2540725767612457
vn -0.989193856716156 0.12706033885478973 -0.07315193116664886
vn 0.9632094502449036 0.12799346446990967 0.23631592094898224
vn -0.97457355260849 0.19923989474773407 -0.10251757502555847
vn 0.9314612150192261 0.312031090259552 0.1871272772550583
vn -0.9495117664337158 0.28435930609703064 -0.1325417160987854
vn 0.9216280579566956 0.3769916892051697 0.09208162128925323
vn -0.9085401892662048 0.387389600276947 -0.15647409856319427
vn 0.8951542377471924 0.44436562061309814 0.03518761694431305
vn -0.8432163000106812 0.5117327570915222 -0.16466931998729706
vn -0.7512038946151733 0.6359778642654419 -0.1767057627439499
vn 0.7587107419967651 0.6513855457305908 -0.007413644343614578
vn 0.8446342945098877 0.535332441329956 0.0034683863632380962
vn -0.6530447602272034 0.735761284828186 -0.17941004037857056
vn 0.6422183513641357 0.7662444710731506 -0.020615579560399055
vn -0.5423481464385986 0.818193256855011 -0.19083595275878906
vn 0.504237949848175 0.8634769916534424 -0.012313911691308022
vn -0.4090915620326996 0.8937090635299683 -0.184196338057518
vn -0.2854224741458893 0.9436308741569519 -0.16761517524719238
vn -0.1781909465789795 0.9739220142364502 -0.14044193923473358
vn -0.09575535356998444 0.9897891879081726 -0.10558600723743439
vn -0.029696347191929817 0.9972177147865295 -0.0683736801147461
vn 0.03675684705376625 0.9987787008285522 -0.03301699087023735
vn 0.1197945773601532 0.9927487373352051 -0.009963640943169594
vn 0.22695763409137726 0.9739043116569519 -0.0008295824518427253
vn 0.3585263192653656 0.9335135221481323 -0.0033782017417252064
vn -0.44627636671066284 -0.8947667479515076 0.0151619678363204
vn -0.3063260614871979 -0.9513311982154846 0.03366471827030182
vn -0.1554299294948578 -0.9869096279144287 0.043022267520427704
vn -0.015902139246463776 -0.998450756072998 0.05332283303141594
vn 0.08956626802682877 -0.9931007623672485 0.0756881907582283
vn 0.16661667823791504 -0.980294406414032 0.10612171143293381
vn 0.22465096414089203 -0.9663947224617004 0.12495293468236923
vn 0.3166181743144989 -0.9371979832649231 0.1463312804698944
vn 0.4044804275035858 -0.9016465544700623 0.15306538343429565
vn -0.6088169813156128 -0.7926299571990967 -0.032858822494745255
vn 0.5155765414237976 -0.8373056054115295 0.18193480372428894
vn 0.4051111936569214 -0.8983863592147827 0.1696672886610031
vn 0.42860960960388184 -0.8847957849502563 0.18283960223197937
vn -0.6840693354606628 -0.7281001806259155 -0.04381085932254791
vn 0.6256261467933655 -0.7477060556411743 0.22254811227321625
vn -0.828947126865387 -0.5591624975204468 -0.013564759865403175
vn -0.7575908899307251 -0.6522150039672852 -0.025918787345290184
vn 0.7125899791717529 -0.664641261100769 0.2246498167514801
vn 0.7878267765045166 -0.5775114297866821 0.21403172612190247
vn 0.490913987159729 -0.8481308817863464 0.19919195771217346
vn 0.5643625259399414 -0.7954909801483154 0.2206561267375946
vn -0.8972366452217102 -0.4385205805301666 -0.05163467302918434
vn 0.8491838574409485 -0.47920066118240356 0.22193153202533722
vn 0.7693352699279785 -0.5977954864501953 0.22530852258205414
vn 0.7980374693870544 -0.5614281296730042 0.21893984079360962
vn -0.9414028525352478 -0.3328731954097748 -0.05436975881457329
vn 0.8942232131958008 -0.38616102933883667 0.22637268900871277
vn 0.8092305660247803 -0.5393476486206055 0.23291659355163574
vn 0.8484054803848267 -0.4822782576084137 0.21821066737174988
vn -0.9740689992904663 -0.22076906263828278 -0.04950413107872009
vn 0.9231955409049988 -0.3033902645111084 0.2359330803155899
vn -0.9922937750816345 -0.11431924998760223 -0.047794267535209656
vn 0.9442563056945801 -0.2327558547258377 0.2328193336725235
vn -0.9977533221244812 -0.030506625771522522 -0.05964595824480057
vn 0.9657190442085266 -0.13761739432811737 0.2201097160577774
vn -0.9959307312965393 0.03536265715956688 -0.08289465308189392
vn 0.979698121547699 -0.02790606953203678 0.19852685928344727
vn -0.9887337684631348 0.09998926520347595 -0.11139004677534103
vn 0.9824888706207275 0.08982798457145691 0.1632377952337265
vn -0.9741031527519226 0.17763103544712067 -0.13989374041557312
vn 0.9739131927490234 0.19555087387561798 0.11512158066034317
vn -0.9472537040710449 0.2760077118873596 -0.16288094222545624
vn 0.9563115835189819 0.28496053814888 0.06531202793121338
vn -0.9037266373634338 0.387277215719223 -0.18246816098690033
vn 0.9223003387451172 0.3853096663951874 0.029978040605783463
vn -0.8482745885848999 0.49945709109306335 -0.1759910136461258
vn -0.7634714245796204 0.6204702258110046 -0.17924314737319946
vn 0.7602278590202332 0.6495946645736694 0.008969313465058804
vn 0.8598946928977966 0.5103375911712646 0.011690682731568813
vn -0.6672842502593994 0.7191122770309448 -0.19393117725849152
vn 0.6364004611968994 0.7713465094566345 -0.004376149736344814
vn -0.5721717476844788 0.7911297678947449 -0.21617868542671204
vn 0.4954904317855835 0.868610680103302 0.002172185108065605
vn -0.43605566024780273 0.872751772403717 -0.21945367753505707
vn -0.30053624510765076 0.9287857413291931 -0.21687574684619904
vn -0.16388221085071564 0.9646815061569214 -0.20623356103897095
vn -0.054046403616666794 0.9822341203689575 -0.17970873415470123
vn 0.0376318022608757 0.9891005754470825 -0.1423514485359192
vn 0.1054578348994255 0.9899921417236328 -0.09377777576446533
vn 0.17277729511260986 0.9837368726730347 -0.049090318381786346
vn 0.2548464238643646 0.9668546915054321 -0.01566503383219242
vn 0.362708181142807 0.9319023489952087 0.0009283195831812918
vn -0.41100162267684937 -0.9103168845176697 0.04899957776069641
vn -0.27882570028305054 -0.9578796625137329 0.06872362643480301
vn -0.14259286224842072 -0.9866087436676025 0.07918652892112732
vn -0.008022939786314964 -0.9968951940536499 0.0783306434750557
vn 0.11535359174013138 -0.9896178841590881 0.08573225140571594
vn 0.1994183510541916 -0.9740710854530334 0.10685475915670395
vn 0.280591756105423 -0.9503486752510071 0.13455769419670105
vn -0.5655708909034729 -0.8246980309486389 0.0016718722181394696
vn 0.38714852929115295 -0.9056599140167236 0.17290502786636353
vn -0.6663705110549927 -0.7455087900161743 0.012925542891025543
vn 0.49666038155555725 -0.8380682468414307 0.225765660405159
vn -0.7998266816139221 -0.5998162031173706 0.02231317013502121
vn -0.7427104115486145 -0.6687793731689453 0.03339812532067299
vn 0.5953368544578552 -0.7677382826805115 0.23696427047252655
vn 0.6797448992729187 -0.695906937122345 0.23164720833301544
vn -0.8899186849594116 -0.45554956793785095 -0.022789008915424347
vn 0.7436813116073608 -0.6205770373344421 0.2486407309770584
vn -0.9391154646873474 -0.34145572781562805 -0.03834319859743118
vn 0.8035653233528137 -0.5386332869529724 0.2532920241355896
vn 0.8579015731811523 -0.45953014492988586 0.22986295819282532
vn 0.8917809128761292 -0.398188054561615 0.21487963199615479
vn -0.9720310568809509 -0.22886505722999573 -0.05269170552492142
vn 0.9243960976600647 -0.31440287828445435 0.21596910059452057
vn -0.9877610802650452 -0.13696153461933136 -0.07462982833385468
vn 0.9519387483596802 -0.23025326430797577 0.2019803822040558
vn -0.9921032190322876 -0.06547635793685913 -0.10697726905345917
vn 0.9727964401245117 -0.14386889338493347 0.18157309293746948
vn -0.9902608394622803 0.004304861184209585 -0.13915827870368958
vn 0.9864711761474609 -0.048637162894010544 0.15655376017093658
vn -0.9826451539993286 0.08027823269367218 -0.1672244369983673
vn 0.9908993244171143 0.042702436447143555 0.1276520937681198
vn -0.9660391211509705 0.1760840117931366 -0.18911069631576538
vn 0.9866604804992676 0.13325917720794678 0.09350524842739105
vn -0.9349352717399597 0.2892757058143616 -0.20546431839466095
vn 0.9705519676208496 0.23253072798252106 0.06291556358337402
vn -0.884560763835907 0.4068801701068878 -0.22803691029548645
vn 0.9342403411865234 0.3542339503765106 0.04139336198568344
vn -0.8410182595252991 0.5031384229660034 -0.19884705543518066
vn -0.7703832387924194 0.6071361899375916 -0.1946675181388855
vn 0.7579273581504822 0.6512669324874878 0.03738481551408768
vn 0.8645161986351013 0.5015398263931274 0.03270380571484566
vn -0.6849334239959717 0.6960405707359314 -0.2153920978307724
vn 0.6326415538787842 0.7743117213249207 0.014356427825987339
vn -0.8096204400062561 0.5383115410804749 -0.23395618796348572
vn -0.771898090839386 0.5998553037643433 -0.2105873078107834
vn -0.6110416054725647 0.7550450563430786 -0.2377714067697525
vn 0.5064850449562073 0.8621506094932556 0.013004640117287636
vn -0.4833047091960907 0.8360859155654907 -0.2595707178115845
vn -0.34391865134239197 0.9036226272583008 -0.25531572103500366
vn -0.18854279816150665 0.941233217716217 -0.2802349627017975
vn -0.03543410822749138 0.9632353186607361 -0.26631221175193787
vn 0.11369463056325912 0.9610894918441772 -0.25175511837005615
vn 0.20282751321792603 0.9619779586791992 -0.18291930854320526
vn 0.2708995044231415 0.9554647207260132 -0.1170499250292778
vn 0.33110031485557556 0.9420655369758606 -0.05371394380927086
vn 0.40529176592826843 0.9141470193862915 -0.008597354404628277
vn -0.7720953226089478 0.5748611092567444 -0.2709306478500366
vn -0.7139198184013367 0.6561834812164307 -0.24442142248153687
vn -0.15645530819892883 0.9287739992141724 -0.33600693941116333
vn -0.03695611655712128 0.9465802907943726 -0.3203437328338623
vn 0.08020787686109543 0.947428286075592 -0.3097521960735321
vn -0.12582401931285858 0.944956362247467 -0.30203601717948914
vn -0.026982294395565987 0.9513351917266846 -0.3069743812084198
vn 0.06734787672758102 0.9508088231086731 -0.30236881971359253
vn -0.41789859533309937 -0.9043671488761902 0.0864919126033783
vn -0.26263055205345154 -0.9596694707870483 0.10029829293489456
vn -0.12717099487781525 -0.9851254224777222 0.11556558310985565
vn 0.004180456046015024 -0.9923495054244995 0.12338999658823013
vn 0.10981490463018417 -0.9870416522026062 0.11700235307216644
vn 0.21869398653507233 -0.9664298295974731 0.13485704362392426
vn 0.2985246777534485 -0.9432404041290283 0.1455356776714325
vn -0.5498273372650146 -0.8337141871452332 0.0510934442281723
vn 0.4010070562362671 -0.8945168852806091 0.19756735861301422
vn -0.5287779569625854 -0.8418230414390564 0.10829509794712067
vn -0.38933271169662476 -0.9121043086051941 0.1283974051475525
vn 0.29192787408828735 -0.940094530582428 0.1760692596435547
vn 0.3201460540294647 -0.9305194020271301 0.17787709832191467
vn -0.6458158493041992 -0.7600228786468506 0.072713203728199
vn 0.4900481402873993 -0.8373878002166748 0.24214589595794678
vn -0.7497299909591675 -0.6610284447669983 0.03076404705643654
vn -0.6859846711158752 -0.7229350805282593 0.08240102231502533
vn 0.5869305729866028 -0.7686219811439514 0.25442659854888916
vn 0.6709190011024475 -0.696022629737854 0.25577375292778015
vn -0.604425847530365 -0.7869042158126831 0.12430305778980255
vn -0.49319639801979065 -0.8571522235870361 0.14848405122756958
vn 0.3683624863624573 -0.9066966772079468 0.2054513692855835
vn 0.4139825403690338 -0.8834535479545593 0.219381645321846
vn -0.8668513894081116 -0.498473584651947 -0.009635131806135178
vn 0.7395544052124023 -0.6201960444450378 0.26156505942344666
vn -0.9243608713150024 -0.379099041223526 -0.042907293885946274
vn 0.8031216263771057 -0.540486752986908 0.25073856115341187
vn 0.8552778363227844 -0.46025511622428894 0.23804433643817902
vn 0.8980135917663574 -0.3830747604370117 0.2163919061422348
vn -0.958664059638977 -0.272781640291214 -0.08095315843820572
vn 0.9295105338096619 -0.3082394599914551 0.2024814337491989
vn 0.8648646473884583 -0.4446118474006653 0.233086958527565
vn 0.8961314558982849 -0.3856407403945923 0.21961262822151184
vn -0.9729011654853821 -0.19208389520645142 -0.12871351838111877
vn 0.9539682865142822 -0.23916292190551758 0.1809576153755188
vn 0.8799483776092529 -0.4182403087615967 0.2253129482269287
vn 0.9159315824508667 -0.34617525339126587 0.20305697619915009
vn -0.9743918776512146 -0.12174072116613388 -0.18904954195022583
vn 0.9757353663444519 -0.1451392024755478 0.16393618285655975
vn -0.9481993913650513 -0.17478004097938538 -0.26527342200279236
vn -0.946703314781189 -0.2021816074848175 -0.250749796628952
vn -0.9772466421127319 -0.016889553517103195 -0.2114325761795044
vn 0.9859382510185242 -0.07501664012670517 0.1493261456489563
vn -0.9592900276184082 -0.0853990763425827 -0.26920196413993835
vn -0.961967408657074 -0.1026090607047081 -0.25316035747528076
vn -0.9703395962715149 0.08063891530036926 -0.2278999537229538
vn 0.9919756650924683 0.0073561882600188255 0.12621493637561798
vn -0.9620269536972046 -0.00850630085915327 -0.27282190322875977
vn -0.9651234149932861 -0.009167103096842766 -0.261634886264801
vn -0.948956310749054 0.19710995256900787 -0.24623098969459534
vn 0.9895530939102173 0.09847234189510345 0.10529942065477371
vn -0.9614216685295105 0.059607356786727905 -0.26854297518730164
vn -0.9570042490959167 0.08778098970651627 -0.2764732241630554
vn -0.919566810131073 0.305869996547699 -0.2466588169336319
vn 0.974983274936676 0.20495769381523132 0.0860229954123497
vn -0.8914727568626404 0.3706241548061371 -0.2606033384799957
vn 0.9380519390106201 0.33908790349960327 0.07126034051179886
vn 0.7601187825202942 0.6442058682441711 0.08496024459600449
vn 0.8626833558082581 0.5007159113883972 0.07114126533269882
vn -0.8366549611091614 0.4747033715248108 -0.2732493281364441
vn 0.642203152179718 0.7653326392173767 0.0429074726998806
vn -0.7696034908294678 0.5631139278411865 -0.30102044343948364
vn 0.5565105080604553 0.8304710984230042 0.024775788187980652
vn -0.6950163841247559 0.658500075340271 -0.288669228553772
vn -0.602428138256073 0.7475751638412476 -0.2796635627746582
vn -0.4815002679824829 0.8193643689155579 -0.3111262321472168
vn -0.3303191661834717 0.8889747858047485 -0.31719568371772766
vn 0.307596892118454 0.9075020551681519 -0.28604939579963684
vn 0.4311976134777069 0.8768606781959534 -0.2125651091337204
vn 0.4578396677970886 0.8830021619796753 -0.10339292138814926
vn 0.5011357069015503 0.864942729473114 -0.027149269357323647
vn -0.25401929020881653 0.9144333004951477 -0.31509679555892944
vn 0.2107759714126587 0.9266495704650879 -0.31127816438674927
vn -0.4456666111946106 0.8407858610153198 -0.30734431743621826
vn -0.3726221024990082 0.8734293580055237 -0.31348687410354614
vn 0.3088524341583252 0.9025216102600098 -0.30010825395584106
vn 0.4374733567237854 0.8571414947509766 -0.2718925178050995
vn -0.1876087635755539 0.9503331780433655 -0.24833433330059052
vn 0.17360271513462067 0.9374021291732788 -0.3018929958343506
vn -0.0549963042140007 0.9700839519500732 -0.23645851016044617
vn 0.059333086013793945 0.9666153788566589 -0.24926748871803284
vn 0.15286821126937866 0.9571236371994019 -0.24606044590473175
vn -0.36749380826950073 0.8921791315078735 -0.2626115679740906
vn -0.29212263226509094 0.9200704097747803 -0.26102668046951294
vn 0.24974572658538818 0.9336482286453247 -0.25676465034484863
vn 0.3730948567390442 0.8955602049827576 -0.2424297332763672
vn -0.11436798423528671 -0.9840802550315857 0.13603661954402924
vn 0.02214713767170906 -0.9892595410346985 0.14448244869709015
vn 0.159446582198143 -0.9754331111907959 0.1520102620124817
vn -0.25669336318969727 -0.9569081664085388 0.1357763558626175
vn 0.27255502343177795 -0.9443941712379456 0.1839388906955719
vn -0.37060678005218506 -0.9144598245620728 0.1625235378742218
vn 0.37410077452659607 -0.9015738368034363 0.2172863483428955
vn -0.6868795156478882 -0.726419985294342 0.022596081718802452
vn -0.6112156510353088 -0.7875531911849976 0.07858414202928543
vn -0.5556249618530273 -0.8196814060211182 0.13929596543312073
vn -0.45821547508239746 -0.872206449508667 0.17115649580955505
vn 0.45536747574806213 -0.8605096936225891 0.22839362919330597
vn 0.5260360836982727 -0.8141492605209351 0.2458599954843521
vn 0.6096467971801758 -0.7507310509681702 0.25442835688591003
vn 0.6703677773475647 -0.6957148313522339 0.25804662704467773
vn -0.8289492130279541 -0.5590910315513611 -0.016139214858412743
vn 0.7342286705970764 -0.630256712436676 0.2523585557937622
vn -0.892475426197052 -0.4459482431411743 -0.06795431673526764
vn 0.7800814509391785 -0.5756415724754333 0.24517297744750977
vn -0.9261683821678162 -0.35365867614746094 -0.13091103732585907
vn 0.8351595401763916 -0.4946587383747101 0.24046069383621216
vn -0.9326097965240479 -0.2903309166431427 -0.21435260772705078
vn 0.8774544596672058 -0.4145175516605377 0.2413482367992401
vn -0.9448221921920776 -0.22176849842071533 -0.2411012500524521
vn -0.9297084808349609 -0.2663586139678955 -0.25435277819633484
vn 0.9124365448951721 -0.3470478057861328 0.2168349325656891
vn 0.9424182176589966 -0.2783501446247101 0.1853891760110855
vn -0.9583064913749695 -0.1436074823141098 -0.24703361093997955
vn 0.9680271744728088 -0.1829334795475006 0.1716354638338089
vn -0.9661446809768677 -0.08353085815906525 -0.24410469830036163
vn 0.9823039174079895 -0.09524784237146378 0.1612665355205536
vn -0.9688970446586609 -0.008932854980230331 -0.2473030686378479
vn 0.9879729151725769 -0.00899282656610012 0.15436534583568573
vn -0.9635578989982605 0.08746957778930664 -0.25279492139816284
vn 0.9861189723014832 0.08284563571214676 0.14389608800411224
vn -0.9518802165985107 0.1421119123697281 -0.2715296745300293
vn -0.9414547085762024 0.18611788749694824 -0.2811107635498047
vn -0.9180410504341125 0.2854635417461395 -0.27515673637390137
vn 0.9731846451759338 0.18997003138065338 0.12970389425754547
vn -0.9449453353881836 0.18949833512306213 -0.26677465438842773
vn -0.9344843029975891 0.2232552170753479 -0.2773018479347229
vn -0.8760142922401428 0.3820994794368744 -0.2942771017551422
vn 0.9364404082298279 0.3304036259651184 0.11795239895582199
vn 0.7914414405822754 0.5921054482460022 0.1517619788646698
vn 0.8580583333969116 0.4955846965312958 0.13465414941310883
vn -0.9332045316696167 0.23020729422569275 -0.27592381834983826
vn -0.913587749004364 0.2856872081756592 -0.2893790602684021
vn -0.823192834854126 0.4792737066745758 -0.3043849766254425
vn 0.6835312843322754 0.724793016910553 0.08637113869190216
vn -0.7738310098648071 0.5497829914093018 -0.3145223557949066
vn 0.664821207523346 0.746200442314148 0.03461006283760071
vn -0.6976476907730103 0.6446736454963684 -0.3125438094139099
vn -0.5892654061317444 0.7456458210945129 -0.31109270453453064
vn 0.6300698518753052 0.7638117074966431 -0.1400134563446045
vn 0.6360588073730469 0.770315945148468 -0.045194193720817566
vn -0.49700698256492615 0.8177037239074707 -0.2904217839241028
vn 0.5739119648933411 0.7881447076797485 -0.22238034009933472
vn -0.3636043071746826 0.9055798053741455 -0.21844273805618286
vn 0.517798125743866 0.8309112191200256 -0.20364606380462646
vn -0.2490415722131729 0.9485276341438293 -0.19563646614551544
vn -0.16342145204544067 0.968806803226471 -0.1862979233264923
vn -0.04988067224621773 0.9853144884109497 -0.16330139338970184
vn 0.056949615478515625 0.9821377396583557 -0.17933857440948486
vn 0.1573013812303543 0.9710698127746582 -0.1796654462814331
vn 0.26113638281822205 0.9488860964775085 -0.1772654801607132
vn 0.4049389660358429 0.8996906876564026 -0.16303737461566925
vn -0.10495398193597794 -0.9808460474014282 0.16409073770046234
vn 0.032929062843322754 -0.9861482381820679 0.16256485879421234
vn 0.15759442746639252 -0.973391056060791 0.16635464131832123
vn -0.23480845987796783 -0.9580299258232117 0.1644497960805893
vn 0.2784220278263092 -0.9394891858100891 0.19960279762744904
vn 0.11985813081264496 -0.9744051694869995 0.19018058478832245
vn 0.17237533628940582 -0.9667270183563232 0.18901214003562927
vn -0.3500922620296478 -0.9188066720962524 0.18229025602340698
vn 0.36297255754470825 -0.904976487159729 0.22196513414382935
vn -0.6078598499298096 -0.7940384149551392 0.0030825163703411818
vn -0.5284193754196167 -0.8464486002922058 0.06555761396884918
vn -0.4804874062538147 -0.8679577112197876 0.1256238967180252
vn -0.4362045228481293 -0.8837461471557617 0.16946503520011902
vn 0.452537477016449 -0.8630700707435608 0.2243211269378662
vn 0.5189114212989807 -0.8222030401229858 0.23390796780586243
vn 0.5977962613105774 -0.7657110691070557 0.2373318076133728
vn 0.6690549254417419 -0.6997002959251404 0.25056949257850647
vn 0.19039267301559448 -0.9572088718414307 0.21794931590557098
vn 0.27012813091278076 -0.9384010434150696 0.2154863178730011
vn -0.7724851965904236 -0.6340183019638062 -0.03588103502988815
vn 0.7296739220619202 -0.6399686336517334 0.24086539447307587
vn 0.6359871029853821 -0.7423003911972046 0.21097518503665924
vn 0.6688293218612671 -0.7063127756118774 0.23192596435546875
vn -0.8361651301383972 -0.5387144684791565 -0.10302755981683731
vn 0.7952895760536194 -0.5602508187294006 0.23158922791481018
vn 0.6754888892173767 -0.7105925679206848 0.19690848886966705
vn 0.7229411602020264 -0.6577526926994324 0.21146537363529205
vn -0.8569424152374268 -0.4769853949546814 -0.195280984044075
vn 0.8498104214668274 -0.4689864218235016 0.2405702918767929
vn -0.857260525226593 -0.4870082437992096 -0.16711513698101044
vn -0.8052882552146912 -0.5628600716590881 -0.1862775981426239
vn -0.8920158743858337 -0.3802340626716614 -0.24439692497253418
vn 0.8921177387237549 -0.3771792948246002 0.2487202286720276
vn -0.9456234574317932 -0.2546218931674957 -0.20239566266536713
vn -0.9174726009368896 -0.3224542737007141 -0.2329535037279129
vn 0.9119402766227722 -0.3308100402355194 0.24275465309619904
vn 0.9430794715881348 -0.2640974819660187 0.20212291181087494
vn -0.914375364780426 -0.35749679803848267 -0.1900363564491272
vn -0.8734884858131409 -0.4372902512550354 -0.21399784088134766
vn -0.9626275897026062 -0.1727251261472702 -0.20860058069229126
vn 0.9647961854934692 -0.17417235672473907 0.19705922901630402
vn 0.9261100888252258 -0.2690345346927643 0.2644626796245575
vn 0.9404792189598083 -0.2449299693107605 0.23560181260108948
vn -0.9696177244186401 -0.1013416051864624 -0.2226463258266449
vn 0.9747313857078552 -0.09315700829029083 0.2030286341905594
vn 0.9470584392547607 -0.1787308007478714 0.2667127847671509
vn 0.953961193561554 -0.17045368254184723 0.24678659439086914
vn -0.9716538786888123 -0.01712118461728096 -0.23578724265098572
vn 0.9791795611381531 -0.010225227102637291 0.20273855328559875
vn 0.9602226614952087 -0.08605845272541046 0.26564326882362366
vn 0.9644918441772461 -0.09095042198896408 0.24795864522457123
vn -0.9681675434112549 0.05867692828178406 -0.2433282732963562
vn 0.9771000742912292 0.08049076795578003 0.19696880877017975
vn 0.9638428688049316 0.012842128053307533 0.2661616802215576
vn 0.9690326452255249 -0.003294682363048196 0.246910959482193
vn -0.9543597102165222 0.1480904519557953 -0.2593584656715393
vn 0.96396404504776 0.18810704350471497 0.1881197690963745
vn 0.9545343518257141 0.1333906352519989 0.26659172773361206
vn 0.9642406105995178 0.09835701435804367 0.24610166251659393
vn -0.9296321868896484 0.23112183809280396 -0.28699609637260437
vn 0.9236406087875366 0.33521077036857605 0.1858006864786148
vn -0.9064903259277344 0.30714741349220276 -0.289716899394989
vn -0.8807758688926697 0.36100512742996216 -0.30644601583480835
vn 0.8469256162643433 0.48492980003356934 0.21808287501335144
vn 0.878835916519165 0.42586109042167664 0.21515046060085297
vn 0.9206671714782715 0.2957291007041931 0.25478678941726685
vn 0.9394304752349854 0.23829524219036102 0.24634486436843872
vn -0.836029589176178 0.45028990507125854 -0.31351807713508606
vn 0.7974257469177246 0.5883440375328064 0.13402804732322693
vn -0.8866778612136841 0.34525638818740845 -0.3075718879699707
vn -0.8693971037864685 0.3919800817966461 -0.30083268880844116
vn -0.7856695055961609 0.5362942814826965 -0.30840227007865906
vn 0.7870146632194519 0.6160638332366943 0.03276228904724121
vn -0.7148873805999756 0.6257163882255554 -0.3121137022972107
vn -0.6148560047149658 0.725944995880127 -0.3081493377685547
vn 0.7231487035751343 0.6878066062927246 -0.06307144463062286
vn 0.7516556978225708 0.6585750579833984 -0.035953767597675323
vn -0.8608829379081726 0.384613573551178 -0.3330960273742676
vn -0.8167809247970581 0.48091837763786316 -0.3187263309955597
vn -0.4909448027610779 0.8322004079818726 -0.25771260261535645
vn 0.6349974870681763 0.7604302763938904 -0.13610291481018066
vn -0.6072924733161926 0.7365767955780029 -0.2977425456047058
vn -0.5948475003242493 0.7516406774520874 -0.2849434018135071
vn -0.3602942228317261 0.9143325090408325 -0.184889554977417
vn 0.5312303900718689 0.8409217000007629 -0.10317499190568924
vn -0.23298418521881104 0.9615753889083862 -0.1452280431985855
vn -0.15192118287086487 0.9805443286895752 -0.12430936098098755
vn -0.07264657318592072 0.9920516014099121 -0.1027429848909378
vn 0.040283042937517166 0.9948001503944397 -0.0935414582490921
vn 0.1449909806251526 0.9844666719436646 -0.09901069104671478
vn 0.25014784932136536 0.9629935622215271 -0.1003468781709671
vn 0.37218034267425537 0.9237386584281921 -0.09049195796251297
vn -0.48768165707588196 0.8368259072303772 -0.24877505004405975
vn -0.4477860927581787 0.8652099967002869 -0.22560882568359375
vn -0.049457576125860214 -0.982621967792511 0.1789078712463379
vn -0.21857240796089172 -0.9582397937774658 0.18439818918704987
vn 0.0635790228843689 -0.9756945967674255 0.20970894396305084
vn -0.3267039656639099 -0.9262261986732483 0.1880682110786438
vn 0.13615700602531433 -0.9600236415863037 0.24457289278507233
vn -0.5195192694664001 -0.854209840297699 -0.020622167736291885
vn -0.43102166056632996 -0.9015213847160339 0.038465049117803574
vn -0.37932610511779785 -0.9188963770866394 0.10835681110620499
vn -0.3724380135536194 -0.91241854429245 0.16965384781360626
vn 0.27038291096687317 -0.9350054264068604 0.22947321832180023
vn 0.3764318525791168 -0.9010424613952637 0.21545672416687012
vn 0.4681512713432312 -0.8597030639648438 0.20431610941886902
vn 0.543468177318573 -0.8123664855957031 0.21143116056919098
vn -0.6954495906829834 -0.7161422371864319 -0.05907772481441498
vn 0.6055018901824951 -0.7711248397827148 0.1968097984790802
vn -0.7482256293296814 -0.6500058770179749 -0.1328563392162323
vn 0.676054835319519 -0.7093388438224792 0.19947005808353424
vn -0.849276065826416 -0.5141453742980957 -0.11993636935949326
vn -0.7784335017204285 -0.6133847236633301 -0.13341844081878662
vn 0.7441219091415405 -0.6372877359390259 0.20036713778972626
vn 0.7918895483016968 -0.5748841166496277 0.20595915615558624
vn -0.9081480503082275 -0.39166489243507385 -0.14787082374095917
vn 0.8516574501991272 -0.4760454595088959 0.21922653913497925
vn -0.946455180644989 -0.27591896057128906 -0.16760481894016266
vn 0.898017406463623 -0.3777303099632263 0.2255762219429016
vn -0.9605222344398499 -0.19936507940292358 -0.1940377801656723
vn 0.928676962852478 -0.27678006887435913 0.24688462913036346
vn -0.9702944159507751 -0.11546652764081955 -0.21259412169456482
vn 0.9524673819541931 -0.16898514330387115 0.2534758448600769
vn -0.973438560962677 -0.02540501207113266 -0.22753454744815826
vn 0.9637529253959656 -0.07233919948339462 0.2568023204803467
vn -0.9667016863822937 0.0629550889134407 -0.24804143607616425
vn 0.966202437877655 0.03057353012263775 0.25596508383750916
vn -0.9513263702392578 0.13370652496814728 -0.27767038345336914
vn 0.9554898738861084 0.16140958666801453 0.2469538450241089
vn -0.9348500370979309 0.18774233758449554 -0.301344096660614
vn 0.9186691641807556 0.3395540416240692 0.20186658203601837
vn -0.9047869443893433 0.27775222063064575 -0.32282254099845886
vn 0.9009248614311218 0.4204927384853363 0.10733288526535034
vn -0.8583335876464844 0.37971827387809753 -0.34507623314857483
vn 0.861386239528656 0.5058076977729797 0.04660803824663162
vn -0.8000759482383728 0.49557942152023315 -0.3380526900291443
vn -0.7226369380950928 0.6086136698722839 -0.32769691944122314
vn 0.7197932600975037 0.6935255527496338 0.030332619324326515
vn 0.803306519985199 0.5952699184417725 0.018775487318634987
vn -0.607257068157196 0.7418898344039917 -0.28432080149650574
vn 0.6398175954818726 0.7676196694374084 -0.037329234182834625
vn -0.44812527298927307 0.8655574917793274 -0.22359319031238556
vn 0.5053857564926147 0.8626875877380371 -0.018854008987545967
vn -0.33740755915641785 0.9222297668457031 -0.18880803883075714
vn -0.27193543314933777 0.9516794681549072 -0.14267905056476593
vn -0.16834212839603424 0.9810141324996948 -0.0962921530008316
vn -0.11282040178775787 0.9903875589370728 -0.08002561330795288
vn -0.05102774128317833 0.9973024725914001 -0.05276402458548546
vn 0.03298380970954895 0.9989515542984009 -0.031748995184898376
vn 0.1291089504957199 0.991407573223114 -0.021022086963057518
vn 0.230372354388237 0.972857654094696 -0.0218295119702816
vn 0.3582615852355957 0.9333765506744385 -0.021375762298703194
vn -0.07522782683372498 -0.9760522246360779 0.2041146457195282
vn -0.2045905441045761 -0.9602025151252747 0.1901417076587677
vn -0.023833805695176125 -0.9681341648101807 0.2492954581975937
vn -0.17329682409763336 -0.9571065902709961 0.23219643533229828
vn -0.27697646617889404 -0.9378714561462402 0.20900075137615204
vn 0.030059611424803734 -0.965910792350769 0.25712430477142334
vn -0.44188520312309265 -0.8964024782180786 -0.034643568098545074
vn -0.33937233686447144 -0.9406156539916992 0.00828678347170353
vn -0.2653934955596924 -0.9617347717285156 0.06806271523237228
vn -0.23551045358181 -0.9573034048080444 0.16764548420906067
vn 0.1808333694934845 -0.9562851786613464 0.22982150316238403
vn 0.327689528465271 -0.921633243560791 0.20787444710731506
vn 0.43713054060935974 -0.8771337270736694 0.1988803744316101
vn 0.5263671278953552 -0.8271692395210266 0.19679631292819977
vn -0.15537522733211517 -0.9558432102203369 0.2494441568851471
vn -0.6102864146232605 -0.7889202237129211 -0.0718013271689415
vn 0.6001582145690918 -0.7751092314720154 0.19752423465251923
vn -0.6772797703742981 -0.729046106338501 -0.09891369938850403
vn 0.683987021446228 -0.6990898251533508 0.20841118693351746
vn -0.8377649784088135 -0.5367334485054016 -0.10033474862575531
vn -0.761207640171051 -0.6415769457817078 -0.09456180036067963
vn 0.7562108039855957 -0.6223843097686768 0.2019483745098114
vn 0.8146540522575378 -0.5434843301773071 0.20239488780498505
vn -0.9084241390228271 -0.3976181149482727 -0.12909477949142456
vn 0.8743283152580261 -0.4370267987251282 0.21108688414096832
vn -0.9365101456642151 -0.3105999827384949 -0.16271565854549408
vn 0.9155470132827759 -0.3346629738807678 0.2231018990278244
vn -0.9540830254554749 -0.22603662312030792 -0.19655300676822662
vn 0.9438663125038147 -0.23608238995075226 0.2310446798801422
vn -0.9662600159645081 -0.12759630382061005 -0.2237425297498703
vn 0.9606223702430725 -0.14669765532016754 0.23597568273544312
vn -0.9683999419212341 -0.030409451574087143 -0.24754172563552856
vn 0.9696605801582336 -0.06111569702625275 0.23669233918190002
vn -0.9608215093612671 0.04969247430562973 -0.2726770043373108
vn 0.9733924269676208 0.0313212126493454 0.22699375450611115
vn -0.9473086595535278 0.11529242247343063 -0.29885444045066833
vn 0.9706844091415405 0.1338573694229126 0.1996345967054367
vn -0.9270660877227783 0.18385519087314606 -0.326719731092453
vn 0.9587084650993347 0.23723571002483368 0.15683546662330627
vn -0.8964236378669739 0.2705719769001007 -0.3510206639766693
vn 0.9334526062011719 0.34019240736961365 0.11373396962881088
vn -0.8475775122642517 0.38833001255989075 -0.3616797626018524
vn 0.8834625482559204 0.4601142108440399 0.08825439214706421
vn -0.789014995098114 0.5111758708953857 -0.3408145308494568
vn -0.706996738910675 0.6313282251358032 -0.31871673464775085
vn 0.6878891587257385 0.7166417837142944 0.11503530293703079
vn 0.7960984706878662 0.598229706287384 0.09136999398469925
vn -0.56817626953125 0.776013970375061 -0.27382126450538635
vn 0.6115105152130127 0.7895298004150391 0.051938969641923904
vn -0.4008655846118927 0.8884713649749756 -0.2234402298927307
vn 0.48476460576057434 0.8733376264572144 0.047799065709114075
vn -0.2882491946220398 0.9410248398780823 -0.17715704441070557
vn -0.19933560490608215 0.9703909754753113 -0.1364065259695053
vn -0.13287538290023804 0.9869599342346191 -0.09085304290056229
vn -0.06122896447777748 0.996752917766571 -0.05229362100362778
vn -0.005759379826486111 0.999769389629364 -0.02068990468978882
vn 0.05453077331185341 0.9984902739524841 0.006604993250221014
vn 0.13872787356376648 0.9898689985275269 0.03023192100226879
vn 0.21769016981124878 0.9748995900154114 0.046710092574357986
vn 0.331475168466568 0.9424687027931213 0.04332417622208595
vn -0.39269083738327026 -0.9191166758537292 -0.03191346302628517
vn -0.27172011137008667 -0.9623273611068726 -0.009708485566079617
vn -0.1737169474363327 -0.9843335151672363 0.030165182426571846
vn -0.09815680980682373 -0.9909693002700806 0.09135162085294724
vn 0.001662924769334495 -0.9818381667137146 0.18971337378025055
vn 0.16783998906612396 -0.9682730436325073 0.18514090776443481
vn 0.29283407330513 -0.9368754625320435 0.1910826861858368
vn 0.41118454933166504 -0.8908379673957825 0.19322273135185242
vn 0.5142809748649597 -0.8353394865989685 0.1942245066165924
vn -0.548663854598999 -0.8338733911514282 -0.06019344925880432
vn 0.6088100671768188 -0.7665472626686096 0.2043420523405075
vn -0.6516866087913513 -0.7554749846458435 -0.06754346936941147
vn 0.7087597250938416 -0.6679386496543884 0.22697511315345764
vn -0.8051944375038147 -0.5847612023353577 -0.09857115149497986
vn -0.7423167824745178 -0.6660080552101135 -0.07347884029150009
vn 0.7682315707206726 -0.602990984916687 0.21499337255954742
vn 0.8322888016700745 -0.5158774852752686 0.20289364457130432
vn -0.8858408331871033 -0.4450889527797699 -0.13107971847057343
vn 0.890900731086731 -0.40184152126312256 0.21170592308044434
vn 0.8018336296081543 -0.5497692823410034 0.23412935435771942
vn 0.842717170715332 -0.49279630184173584 0.21674777567386627
vn -0.9134302735328674 -0.3652868866920471 -0.17947342991828918
vn 0.929103434085846 -0.29908299446105957 0.21752291917800903
vn 0.836448609828949 -0.48540425300598145 0.2544335424900055
vn 0.884486973285675 -0.4105883836746216 0.2215852588415146
vn -0.9307464361190796 -0.2737743854522705 -0.24240203201770782
vn 0.9521486163139343 -0.207173153758049 0.22470524907112122
vn -0.8982921242713928 -0.3218681812286377 -0.2991189956665039
vn -0.8873956203460693 -0.3630883991718292 -0.28407010436058044
vn -0.954025149345398 -0.13527517020702362 -0.267463356256485
vn 0.9646012187004089 -0.13618937134742737 0.22582507133483887
vn -0.9283926486968994 -0.20511187613010406 -0.3098648190498352
vn -0.9276584982872009 -0.23081697523593903 -0.29355278611183167
vn -0.9579077959060669 -0.03762121498584747 -0.28460031747817993
vn 0.9737609028816223 -0.06025238707661629 0.21945253014564514
vn -0.9385919570922852 -0.125243678689003 -0.32149532437324524
vn -0.9447922110557556 -0.12382157146930695 -0.3033742606639862
vn -0.9507922530174255 0.035206329077482224 -0.3078225553035736
vn 0.9781466722488403 0.019086463376879692 0.2070384919643402
vn -0.9360613226890564 -0.06322184205055237 -0.34611010551452637
vn -0.9461122155189514 -0.04589712247252464 -0.320570170879364
vn -0.9370407462120056 0.10149252414703369 -0.334146648645401
vn 0.977006196975708 0.10303798317909241 0.18666040897369385
vn -0.9282529950141907 0.005209230352193117 -0.3719130754470825
vn -0.9383629560470581 0.02002432756125927 -0.34507113695144653
vn -0.9173964858055115 0.17716027796268463 -0.3563677668571472
vn 0.9661933183670044 0.1987948715686798 0.16416782140731812
vn -0.9174178242683411 0.09243094176054001 -0.38704147934913635
vn -0.9254216551780701 0.09333125501871109 -0.3672657608985901
vn -0.8886709213256836 0.2746181786060333 -0.3672178089618683
vn 0.9372514486312866 0.31586483120918274 0.1476116180419922
vn -0.8997588753700256 0.19468140602111816 -0.3905549943447113
vn -0.9061567187309265 0.1904127299785614 -0.37765467166900635
vn -0.8445262312889099 0.3958597183227539 -0.3606531322002411
vn 0.8750157952308655 0.46331632137298584 0.1403045952320099
vn -0.7727275490760803 0.5287638306617737 -0.3511424660682678
vn -0.6802528500556946 0.6617122888565063 -0.31526660919189453
vn 0.6818228960037231 0.7086926698684692 0.18130740523338318
vn 0.7653459310531616 0.6232107877731323 0.16079197824001312
vn -0.8827982544898987 0.292695552110672 -0.3674187660217285
vn -0.8587454557418823 0.3437730371952057 -0.37996888160705566
vn -0.5270126461982727 0.8043832778930664 -0.27427220344543457
vn 0.588066577911377 0.8001124262809753 0.11831270903348923
vn -0.6427067518234253 0.684114933013916 -0.344840407371521
vn -0.6366698741912842 0.7038982510566711 -0.31492653489112854
vn 0.5269731879234314 0.8328849673271179 0.16912104189395905
vn 0.596014678478241 0.785905122756958 0.16468042135238647
vn -0.38231584429740906 0.8966379165649414 -0.22332718968391418
vn 0.447051078081131 0.8893915414810181 0.09554081410169601
vn -0.2483290582895279 0.9502481818199158 -0.18804562091827393
vn -0.1460028737783432 0.9783192276954651 -0.14688311517238617
vn -0.06593175232410431 0.9922325015068054 -0.10548827797174454
vn 0.0005825290572829545 0.998104453086853 -0.06154017895460129
vn 0.06144732981920242 0.9979223608970642 -0.019371625036001205
vn 0.11253956705331802 0.9933650493621826 0.02367931231856346
vn 0.15660542249679565 0.9863969683647156 0.04995760694146156
vn 0.2543609142303467 0.9633501172065735 0.08518905937671661
vn 0.326566606760025 0.9395362138748169 0.1030823141336441
vn -0.5218169093132019 0.8038054704666138 -0.2856639325618744
vn -0.47726356983184814 0.8369047045707703 -0.2679741084575653
vn 0.38744160532951355 0.9124584794044495 0.13156220316886902
vn 0.47366735339164734 0.8697139620780945 0.1386970728635788
vn -0.3683492839336395 -0.9295246005058289 -0.017404135316610336
vn -0.2312689572572708 -0.972845196723938 -0.009328714571893215
vn -0.11432863771915436 -0.9933669567108154 0.012294095009565353
vn -0.020453056320548058 -0.9984274506568909 0.05219569802284241
vn 0.063823401927948 -0.9918250441551208 0.11049746721982956
vn 0.16695180535316467 -0.9723802804946899 0.16310635209083557
vn 0.2636733055114746 -0.9465899467468262 0.18559078872203827
vn 0.393266499042511 -0.8996974229812622 0.18943631649017334
vn 0.5102433562278748 -0.8378767371177673 0.193944051861763
vn -0.5191210508346558 -0.8537368178367615 -0.040580637753009796
vn 0.6206346154212952 -0.7547813057899475 0.21240974962711334
vn 0.4629285931587219 -0.8642852306365967 0.1967441439628601
vn 0.5169709920883179 -0.8318544626235962 0.20188890397548676
vn -0.6292639374732971 -0.775845468044281 -0.04572552815079689
vn 0.7081168293952942 -0.6604278683662415 0.24981103837490082
vn -0.7472703456878662 -0.6567180156707764 -0.10153110325336456
vn -0.7065340280532837 -0.7049288749694824 -0.062329329550266266
vn 0.5469083786010742 -0.8058269023895264 0.2270112782716751
vn 0.6105679869651794 -0.7582501769065857 0.22861206531524658
vn -0.8398978114128113 -0.5220096111297607 -0.14858557283878326
vn 0.7700945138931274 -0.5798777341842651 0.2658877670764923
vn -0.8507901430130005 -0.47118139266967773 -0.23268938064575195
vn 0.8258694410324097 -0.4764353334903717 0.30157747864723206
vn -0.8812496066093445 -0.38409775495529175 -0.27544158697128296
vn -0.8454779386520386 -0.45623302459716797 -0.27752211689949036
vn 0.8849080204963684 -0.388232558965683 0.25731948018074036
vn 0.9234176278114319 -0.3142295181751251 0.22036278247833252
vn -0.9161985516548157 -0.2756491005420685 -0.29085713624954224
vn 0.9507991671562195 -0.21790143847465515 0.22022686898708344
vn -0.9338790774345398 -0.2020646631717682 -0.29502496123313904
vn 0.9659671187400818 -0.13302086293697357 0.221840038895607
vn -0.9344303607940674 -0.15044443309307098 -0.32281020283699036
vn 0.973377525806427 -0.06019044294953346 0.22116371989250183
vn -0.9293189644813538 -0.08935831487178802 -0.3583034574985504
vn 0.9765021800994873 0.012431522831320763 0.21514864265918732
vn -0.9244059920310974 -0.001250937581062317 -0.3814079165458679
vn 0.9741232991218567 0.09329231828451157 0.20586492121219635
vn -0.9199939966201782 0.11084828525781631 -0.3759305477142334
vn 0.9612547159194946 0.19295015931129456 0.1968747079372406
vn -0.9125663042068481 0.22656941413879395 -0.3404249846935272
vn 0.925283670425415 0.32584142684936523 0.1941072642803192
vn 0.8711926341056824 0.3821697533130646 0.3081715703010559
vn 0.9154448509216309 0.3099682033061981 0.2566717863082886
vn -0.8912822008132935 0.34834781289100647 -0.29029273986816406
vn 0.8451321125030518 0.4974389970302582 0.195719912648201
vn -0.840142011642456 0.41139665246009827 -0.35343214869499207
vn -0.766720175743103 0.5215854048728943 -0.374284565448761
vn 0.6016167998313904 0.7780912518501282 0.1806415319442749
vn 0.6490369439125061 0.733188807964325 0.20294155180454254
vn 0.7362141609191895 0.6326006054878235 0.24042727053165436
vn 0.7626895308494568 0.6039116978645325 0.23150666058063507
vn 0.8061324954032898 0.5181323885917664 0.2858133614063263
vn 0.853682816028595 0.4556508958339691 0.25220608711242676
vn -0.6481620669364929 0.6926704049110413 -0.3163757920265198
vn 0.4728296101093292 0.8680408596992493 0.15145070850849152
vn -0.5001362562179565 0.8380061388015747 -0.2181961089372635
vn 0.3700404167175293 0.9221128225326538 0.11304031312465668
vn -0.39565902948379517 0.8939998149871826 -0.21028169989585876
vn -0.31327420473098755 0.9286250472068787 -0.19878333806991577
vn -0.19607201218605042 0.9649032950401306 -0.17469251155853271
vn -0.10285934805870056 0.9808387160301208 -0.165455162525177
vn -0.005460081156343222 0.9912923574447632 -0.13156621158123016
vn 0.07563439011573792 0.9931926131248474 -0.08858908712863922
vn 0.14066538214683533 0.9891429543495178 -0.042538393288850784
vn 0.20237447321414948 0.9793034791946411 0.003057855414226651
vn 0.2620626986026764 0.9631844758987427 0.05999056249856949
vn -0.3554671108722687 -0.9346506595611572 0.00844526942819357
vn -0.2087862342596054 -0.9779273271560669 0.008157667703926563
vn -0.07413992285728455 -0.9970605373382568 0.019327372312545776
vn 0.03074607625603676 -0.9986299872398376 0.04234224930405617
vn 0.12549525499343872 -0.9886271953582764 0.08286891877651215
vn 0.20866286754608154 -0.9690636992454529 0.13181619346141815
vn 0.3152295649051666 -0.932783842086792 0.1747705489397049
vn -0.5002198219299316 -0.8656877875328064 -0.01910010538995266
vn 0.43522289395332336 -0.8775269389152527 0.20131444931030273
vn -0.5998302698135376 -0.7997314929962158 -0.025163685902953148
vn 0.5623368620872498 -0.785324215888977 0.25892677903175354
vn -0.6627904176712036 -0.7436861395835876 -0.08740604668855667
vn -0.6539533138275146 -0.7551826238632202 -0.045214682817459106
vn 0.6478629112243652 -0.7089149355888367 0.2787710428237915
vn 0.7078731060028076 -0.6520411372184753 0.27158448100090027
vn -0.7569270730018616 -0.6311411261558533 -0.16947650909423828
vn 0.7767557501792908 -0.5537136793136597 0.30008625984191895
vn -0.7541483044624329 -0.6106739044189453 -0.24153225123882294
vn 0.8403310775756836 -0.42886027693748474 0.33154579997062683
vn -0.8816816806793213 -0.41104260087013245 -0.23169250786304474
vn -0.8125022053718567 -0.521863579750061 -0.25980496406555176
vn 0.878595769405365 -0.3710506856441498 0.30065086483955383
vn 0.9252917170524597 -0.2897547781467438 0.24469855427742004
vn -0.9219677448272705 -0.2941291332244873 -0.2519199550151825
vn 0.9508460164070129 -0.1953529566526413 0.2402687519788742
vn 0.8928055167198181 -0.3045814037322998 0.33185625076293945
vn 0.9204726815223694 -0.26927658915519714 0.2832317650318146
vn -0.9313039779663086 -0.24642528593540192 -0.26823049783706665
vn 0.9609952569007874 -0.12306028604507446 0.24767789244651794
vn 0.9188789129257202 -0.20971597731113434 0.3341868221759796
vn 0.9364213347434998 -0.19352410733699799 0.2926834225654602
vn -0.9270994663238525 -0.20098662376403809 -0.31637170910835266
vn 0.9668194651603699 -0.05488433688879013 0.24949532747268677
vn 0.9352094531059265 -0.11947578191757202 0.3333299458026886
vn 0.9486932754516602 -0.12062303721904755 0.29228609800338745
vn -0.9240736961364746 -0.11594147235155106 -0.36420515179634094
vn 0.96849125623703 0.017239119857549667 0.2484503537416458
vn 0.9418264031410217 -0.030166514217853546 0.3347432613372803
vn 0.9551257491111755 -0.04615386947989464 0.29258280992507935
vn -0.9273514151573181 0.02427995763719082 -0.3734032213687897
vn 0.9643480777740479 0.098185695707798 0.24574844539165497
vn 0.938711941242218 0.06145484745502472 0.3391803503036499
vn 0.9550646543502808 0.03280894085764885 0.2945762574672699
vn -0.9288944005966187 0.1753966063261032 -0.32617661356925964
vn 0.9512110948562622 0.19204963743686676 0.24148385226726532
vn 0.8947554230690002 0.2854270935058594 0.3434299826622009
vn 0.9247559309005737 0.22824114561080933 0.30452021956443787
vn 0.9245501756668091 0.16201341152191162 0.3449038565158844
vn 0.9472455382347107 0.11893478035926819 0.2976246178150177
vn -0.914575457572937 0.3097551465034485 -0.2600066363811493
vn 0.8583307266235352 0.39403530955314636 0.3286406099796295
vn -0.8859099745750427 0.43177351355552673 -0.16951453685760498
vn 0.8133255243301392 0.5114648938179016 0.2773180902004242
vn -0.8543370962142944 0.4496022164821625 -0.2607029378414154
vn -0.7640561461448669 0.5584078431129456 -0.3231082558631897
vn 0.6677396893501282 0.7268841862678528 0.16050906479358673
vn 0.7384219765663147 0.6388373970985413 0.21591639518737793
vn -0.6356961727142334 0.7331312298774719 -0.24167980253696442
vn 0.517218828201294 0.8448563814163208 0.13675691187381744
vn -0.8393220901489258 0.5206539630889893 -0.15639056265354156
vn -0.767174482345581 0.5989624261856079 -0.22953705489635468
vn -0.5119593739509583 0.8473783135414124 -0.1408817321062088
vn 0.4347110688686371 0.8968772888183594 0.081470787525177
vn -0.40341299772262573 0.9070719480514526 -0.12032641470432281
vn -0.3220151364803314 0.9340924620628357 -0.1542002409696579
vn -0.22947832942008972 0.961816132068634 -0.14916281402111053
vn -0.10476866364479065 0.9826741218566895 -0.15288954973220825
vn 0.01733972877264023 0.9883136749267578 -0.15144482254981995
vn 0.16188101470470428 0.9790990352630615 -0.12312495708465576
vn 0.22130635380744934 0.9731795191764832 -0.0628107413649559
vn 0.2880277931690216 0.9574174284934998 -0.01979716122150421
vn 0.360495924949646 0.9323496222496033 0.027693692594766617
vn -0.796346127986908 0.5954425930976868 -0.10621237754821777
vn -0.6522272825241089 0.741452157497406 -0.15763339400291443
vn -0.23116208612918854 0.9688218235969543 -0.08915423601865768
vn -0.12395915389060974 0.9860857129096985 -0.11076610535383224
vn -0.01981971226632595 0.9930806159973145 -0.11575037986040115
vn 0.09847012162208557 0.9876042604446411 -0.12223538011312485
vn -0.34459492564201355 -0.9372753500938416 0.052623450756073
vn -0.19905997812747955 -0.9789106845855713 0.04592398181557655
vn -0.042834535241127014 -0.9980865716934204 0.044592052698135376
vn 0.08166419714689255 -0.9944906234741211 0.0657220259308815
vn 0.15653948485851288 -0.9839767217636108 0.08535353094339371
vn 0.26322054862976074 -0.955376386642456 0.1340559720993042
vn 0.3359159827232361 -0.9263670444488525 0.17030742764472961
vn -0.48246073722839355 -0.8758515119552612 0.010761176235973835
vn 0.4539480209350586 -0.8611975312232971 0.22862648963928223
vn 0.3863832354545593 -0.9042736291885376 0.1816512942314148
vn 0.386417418718338 -0.8995770215988159 0.20357489585876465
vn -0.5667968392372131 -0.8237931728363037 0.010308373719453812
vn 0.5668354034423828 -0.7720404267311096 0.28749117255210876
vn -0.5495278835296631 -0.8351413607597351 -0.023623615503311157
vn -0.5933561325073242 -0.8049329519271851 0.0033793968614190817
vn 0.6580926775932312 -0.6830393671989441 0.3168144226074219
vn 0.7288764715194702 -0.6095262765884399 0.31179606914520264
vn 0.49886277318000793 -0.8332846760749817 0.23827005922794342
vn 0.5367439985275269 -0.799203634262085 0.2705170512199402
vn -0.6350793242454529 -0.7545876502990723 -0.16514192521572113
vn 0.7964970469474792 -0.5094826817512512 0.32560694217681885
vn -0.6076868772506714 -0.7910285592079163 -0.07064362615346909
vn -0.5485963821411133 -0.8312211632728577 -0.09007454663515091
vn 0.7273216247558594 -0.5966753959655762 0.3390897214412689
vn 0.7419112324714661 -0.5831034779548645 0.3309955596923828
vn -0.7130641341209412 -0.6626812815666199 -0.22889545559883118
vn 0.8439133763313293 -0.41095665097236633 0.3448549807071686
vn -0.8802789449691772 -0.4463743269443512 -0.1608073115348816
vn -0.7952824234962463 -0.5691570043563843 -0.20877304673194885
vn -0.7824463844299316 -0.6088696718215942 -0.13059638440608978
vn -0.6680313944816589 -0.7261847853660583 -0.16244915127754211
vn 0.7674413323402405 -0.5225036144256592 0.37151557207107544
vn 0.7943577170372009 -0.49861425161361694 0.34695783257484436
vn -0.9215107560157776 -0.3415852189064026 -0.184763565659523
vn 0.8810901045799255 -0.3174627721309662 0.35056769847869873
vn -0.9220494031906128 -0.31587740778923035 -0.22371044754981995
vn 0.9085400104522705 -0.2104911357164383 0.36089959740638733
vn -0.8999470472335815 -0.29672178626060486 -0.3194551169872284
vn 0.9249557852745056 -0.1062343567609787 0.36492618918418884
vn -0.8953789472579956 -0.40529972314834595 -0.18446877598762512
vn -0.8662335872650146 -0.4375866949558258 -0.24115844070911407
vn -0.9189813137054443 -0.10345727950334549 -0.38048651814460754
vn 0.9298661351203918 -0.004882915876805782 0.36786577105522156
vn -0.9493564963340759 -0.17372006177902222 -0.2618083357810974
vn -0.9060341119766235 -0.24965502321720123 -0.3417229652404785
vn -0.9323969483375549 0.10646059364080429 -0.3454013168811798
vn 0.9250284433364868 0.09911121428012848 0.36674168705940247
vn -0.9701648354530334 0.011186687275767326 -0.2421879768371582
vn -0.9352304339408875 -0.023342745378613472 -0.3532692492008209
vn -0.9221868515014648 0.31119462847709656 -0.2296288162469864
vn 0.9074748754501343 0.22914117574691772 0.352113276720047
vn -0.9672433137893677 0.1829470545053482 -0.17598535120487213
vn -0.9325098395347595 0.218286395072937 -0.2877090275287628
vn -0.9085871577262878 0.39185550808906555 -0.1446329653263092
vn 0.888376772403717 0.3456527888774872 0.30217692255973816
vn -0.8772282004356384 0.4786437451839447 -0.037025872617959976
vn 0.8535425662994385 0.46115660667419434 0.24248641729354858
vn 0.7177505493164062 0.677848756313324 0.15923330187797546
vn 0.7949367761611938 0.575668454170227 0.1915239542722702
vn -0.8643287420272827 0.5029153823852539 0.003458133665844798
vn 0.5873230695724487 0.8010563254356384 0.11558748781681061
vn -0.7395482063293457 0.660502552986145 0.12963354587554932
vn -0.6068534851074219 0.7624272108078003 0.2245745211839676
vn -0.7675536870956421 0.6402330994606018 0.0310306828469038
vn 0.5178068280220032 0.8528802394866943 0.06686854362487793
vn -0.6188483834266663 0.7824251055717468 -0.06955435127019882
vn -0.46478471159935 0.884833812713623 -0.03231622278690338
vn -0.40568259358406067 0.9138427376747131 -0.017692264169454575
vn -0.32868582010269165 0.9411126971244812 -0.07919927686452866
vn 0.314527690410614 0.9481297731399536 -0.04606819525361061
vn 0.3578501343727112 0.933631956577301 -0.016573233529925346
vn 0.44329914450645447 0.8961800336837769 0.018635910004377365
vn -0.582595944404602 0.8100981712341309 0.06574992090463638
vn -0.5151517987251282 0.8481253385543823 0.12370164692401886
vn -0.29207807779312134 0.9563907980918884 0.0026559692341834307
vn 0.25049930810928345 0.9631254076957703 -0.09818082302808762
vn -0.15431615710258484 0.9878867268562317 -0.01632382720708847
vn -0.05242547765374184 0.9982684850692749 -0.026676300913095474
vn 0.03414176404476166 0.9988822340965271 -0.0326894149184227
vn 0.15514744818210602 0.9870569109916687 -0.04059482738375664
vn -0.3294106125831604 -0.9358898997306824 0.12489508092403412
vn -0.19252634048461914 -0.9738796949386597 0.12038265913724899
vn -0.037863705307245255 -0.9943293333053589 0.0993756353855133
vn 0.12965455651283264 -0.9868677258491516 0.09634218364953995
vn 0.24413816630840302 -0.9612082839012146 0.12835611402988434
vn -0.46867623925209045 -0.8811625838279724 0.06241157650947571
vn 0.3846920430660248 -0.9007387757301331 0.20169706642627716
vn -0.5459544062614441 -0.8332995772361755 0.08686573803424835
vn 0.5301456451416016 -0.7944119572639465 0.2964038848876953
vn -0.5770677924156189 -0.8150811195373535 0.051337674260139465
vn -0.4759078621864319 -0.8771474957466125 0.06421875208616257
vn -0.4714620113372803 -0.8704268336296082 0.14170683920383453
vn -0.5411222577095032 -0.8316651582717896 0.12457820773124695
vn 0.6131699085235596 -0.7266508340835571 0.30984076857566833
vn 0.6650491952896118 -0.6738354563713074 0.32195574045181274
vn -0.7615512013435364 -0.6468124389648438 -0.040908701717853546
vn 0.7275944948196411 -0.5749104022979736 0.3742784559726715
vn -0.8939199447631836 -0.44329363107681274 -0.06631670892238617
vn 0.7694565653800964 -0.47286203503608704 0.42934614419937134
vn 0.8060258030891418 -0.4432145953178406 0.39227962493896484
vn 0.8403991460800171 -0.4032894968986511 0.3620592951774597
vn -0.9134736657142639 -0.39746958017349243 -0.0870852842926979
vn 0.8790690898895264 -0.30311068892478943 0.3679150938987732
vn -0.8940452337265015 -0.43472522497177124 -0.10815341025590897
vn 0.9031772017478943 -0.18715615570545197 0.3863205015659332
vn -0.8832092881202698 -0.4551399350166321 0.11308883130550385
vn -0.8488553762435913 -0.5285945534706116 0.005696492735296488
vn -0.9553951025009155 -0.2906931936740875 -0.05213278904557228
vn 0.913949191570282 -0.08163087069988251 0.39753395318984985
vn -0.9946014881134033 -0.10316242277622223 -0.011199118569493294
vn 0.918670654296875 0.01602432318031788 0.39469921588897705
vn -0.9987723231315613 0.02355663850903511 0.043577421456575394
vn 0.9213023781776428 0.10637906938791275 0.37401267886161804
vn -0.9684344530105591 0.23975694179534912 0.06820084899663925
vn 0.9204155206680298 0.1966836303472519 0.3378622829914093
vn -0.8987436294555664 0.4230629503726959 -0.11522862315177917
vn -0.8878936767578125 0.44230976700782776 -0.1265185922384262
vn -0.878430187702179 0.47786757349967957 -0.0017185509204864502
vn 0.9119934439659119 0.2928274869918823 0.28726309537887573
vn -0.852371335029602 0.5024974346160889 0.14477412402629852
vn 0.8836421370506287 0.4047648310661316 0.23524907231330872
vn -0.8125661611557007 0.5483112335205078 0.19771428406238556
vn -0.7424068450927734 0.6075875163078308 0.2822578549385071
vn 0.7488357424736023 0.6255505084991455 0.2189328670501709
vn 0.816987156867981 0.5350174903869629 0.21514743566513062
vn -0.5984300971031189 0.6792342662811279 0.4248790442943573
vn 0.6485511660575867 0.7487695813179016 0.13684159517288208
vn -0.5050925016403198 0.8036355376243591 0.31472450494766235
vn 0.6031128168106079 0.7924885749816895 0.09064684063196182
vn -0.4424981474876404 0.8890913724899292 0.11709818989038467
vn -0.38738059997558594 0.9201174378395081 0.05762185901403427
vn 0.31466084718704224 0.9434239864349365 0.10459377616643906
vn 0.3812446594238281 0.9229423403739929 0.053197845816612244
vn 0.4981451630592346 0.8656482696533203 0.05004546046257019
vn -0.35567373037338257 0.9228295087814331 0.14792555570602417
vn 0.27093037962913513 0.962397038936615 0.01971546746790409
vn -0.199016734957695 0.9738364815711975 0.10970359295606613
vn -0.08310207724571228 0.9900453090667725 0.11359699070453644
vn -0.002550379605963826 0.9948000907897949 0.10181500017642975
vn 0.11192460358142853 0.9905455112457275 0.07932532578706741
vn -0.35379502177238464 -0.901458740234375 0.24940180778503418
vn -0.17966365814208984 -0.9498839378356934 0.25581538677215576
vn -0.029420917853713036 -0.9761843085289001 0.21493899822235107
vn 0.11681365966796875 -0.978208065032959 0.17164987325668335
vn 0.265908420085907 -0.9455597400665283 0.18764233589172363
vn -0.4783252775669098 -0.8627790212631226 0.1637600213289261
vn 0.41592153906822205 -0.8625440001487732 0.28814440965652466
vn -0.4758608639240265 -0.8013429045677185 0.3624995946884155
vn -0.3218734562397003 -0.8289188146591187 0.4574834108352661
vn 0.29881197214126587 -0.89138263463974 0.34080561995506287
vn -0.5443739891052246 -0.803026556968689 0.24249814450740814
vn 0.5315141677856445 -0.7416379451751709 0.4092259705066681
vn -0.6209579706192017 -0.760259211063385 0.1908331662416458
vn -0.39219778776168823 -0.8827409148216248 0.25874587893486023
vn -0.3903975784778595 -0.865791380405426 0.313041627407074
vn -0.476582407951355 -0.7955167293548584 0.3741956651210785
vn 0.6123188734054565 -0.6807777881622314 0.40200403332710266
vn 0.6855723261833191 -0.6277616620063782 0.36865416169166565
vn -0.527143657207489 -0.6992049217224121 0.48294100165367126
vn -0.4212280511856079 -0.6633157730102539 0.6185298562049866
vn 0.41818732023239136 -0.7684886455535889 0.48429805040359497
vn -0.8137177228927612 -0.5781294703483582 0.06024784967303276
vn 0.7464227080345154 -0.5058854222297668 0.4323577582836151
vn -0.7934830784797668 -0.5415729284286499 0.2776389420032501
vn -0.5404044389724731 -0.7144193053245544 0.4444863498210907
vn -0.9052315950393677 -0.41011524200439453 0.11118146032094955
vn 0.7679348587989807 -0.3718346655368805 0.5215505957603455
vn 0.797083854675293 -0.3893185257911682 0.4616149663925171
vn 0.8455961346626282 -0.3528352677822113 0.40059277415275574
vn -0.8474711179733276 -0.35851186513900757 0.3914869725704193
vn -0.6641218066215515 -0.46634581685066223 0.5843490362167358
vn -0.9132102131843567 -0.39596617221832275 0.09621869027614594
vn 0.8759585618972778 -0.24707478284835815 0.41430744528770447
vn 0.779503583908081 -0.2942769527435303 0.5529695153236389
vn 0.8311135172843933 -0.3030816316604614 0.4662531018257141
vn -0.8667339086532593 -0.42410653829574585 0.2624995708465576
vn 0.8849378228187561 -0.15069334208965302 0.4406547248363495
vn -0.8473591208457947 -0.31689804792404175 0.4260966181755066
vn -0.8036260008811951 -0.46720486879348755 0.3686527609825134
vn 0.7669479846954346 -0.19587062299251556 0.6110855340957642
vn 0.8364901542663574 -0.21217761933803558 0.5052375793457031
vn -0.9440886378288269 -0.20827007293701172 0.25557827949523926
vn 0.8915866017341614 -0.06051017343997955 0.4487893879413605
vn -0.815081000328064 -0.07346002757549286 0.5746708512306213
vn -0.7427580952644348 -0.20577029883861542 0.6371570825576782
vn 0.760835587978363 -0.11562515050172806 0.6385608911514282
vn 0.8394846320152283 -0.12878546118736267 0.5279013514518738
vn -0.9336172938346863 -0.04123474285006523 0.35589107871055603
vn 0.8999612927436829 0.019447026774287224 0.43553581833839417
vn -0.749096691608429 0.11739829927682877 0.6519752740859985
vn -0.6713837385177612 0.10278169065713882 0.7339481115341187
vn 0.7653406262397766 -0.05301997438073158 0.6414380073547363
vn 0.8466700315475464 -0.05324695259332657 0.5294475555419922
vn -0.9004083275794983 0.10718399286270142 0.42163556814193726
vn 0.9096221923828125 0.08910752087831497 0.40576767921447754
vn -0.6814879775047302 0.33906862139701843 0.6485419869422913
vn -0.6041477918624878 0.32231318950653076 0.7287796139717102
vn -0.5464145541191101 0.30499812960624695 0.7800047397613525
vn -0.4332934617996216 0.29919251799583435 0.8501415848731995
vn 0.7813345789909363 -0.0019582731183618307 0.6241093873977661
vn 0.8590322732925415 0.009912783280014992 0.5118255615234375
vn -0.8478609323501587 0.3477799892425537 0.4002261757850647
vn 0.9166455864906311 0.16086558997631073 0.36590051651000977
vn -0.848423957824707 0.5125994682312012 0.13197952508926392
vn -0.7847821116447449 0.600173830986023 0.15462370216846466
vn -0.693280041217804 0.5778939127922058 0.43058255314826965
vn -0.6499958634376526 0.5239301323890686 0.550456702709198
vn -0.5559025406837463 0.4135112762451172 0.7210969924926758
vn -0.45542389154434204 0.3753044605255127 0.8073014616966248
vn 0.8021971583366394 0.06399863958358765 0.5936193466186523
vn 0.8737524747848511 0.0694628432393074 0.4813850522041321
vn -0.7956826686859131 0.5200105905532837 0.310609370470047
vn 0.9132081270217896 0.250308632850647 0.32155346870422363
vn -0.6501360535621643 0.4618702232837677 0.6033233404159546
vn -0.5000866651535034 0.43615901470184326 0.7481168508529663
vn -0.4084678590297699 0.39585793018341064 0.8224661350250244
vn -0.3609815537929535 0.3575366735458374 0.8613128662109375
vn 0.8127040266990662 0.18150590360164642 0.5536856651306152
vn 0.8824343681335449 0.1486116200685501 0.4463455379009247
vn -0.7907167077064514 0.4726633131504059 0.3890456557273865
vn 0.8789093494415283 0.3808334767818451 0.2872007191181183
vn -0.7802796959877014 0.5332828164100647 0.3267615735530853
vn -0.6808435320854187 0.5572267174720764 0.4753425419330597
vn 0.7565455436706543 0.5483449101448059 0.3563099205493927
vn 0.8242838978767395 0.46575963497161865 0.32190677523612976
vn -0.6734245419502258 0.503318727016449 0.5414515137672424
vn -0.5366032719612122 0.5000437498092651 0.6797155141830444
vn -0.4419073760509491 0.4746321737766266 0.7612109780311584
vn -0.3950159251689911 0.44241800904273987 0.8051265478134155
vn 0.7998042702674866 0.3612222373485565 0.47940748929977417
vn 0.8688865303993225 0.28217148780822754 0.40671300888061523
vn -0.5391674041748047 0.6167804598808289 0.573481023311615
vn 0.7188579440116882 0.651097297668457 0.24354815483093262
vn -0.4362303912639618 0.5852736234664917 0.6834895014762878
vn -0.39244821667671204 0.5650191903114319 0.7257669568061829
vn -0.3742605149745941 0.5548076033592224 0.7430461645126343
vn -0.3331955671310425 0.572312593460083 0.7492923140525818
vn -0.48692962527275085 0.7093341946601868 0.5096514821052551
vn 0.6593140363693237 0.7349575757980347 0.15856364369392395
vn -0.4460548758506775 0.8397815227508545 0.3095191419124603
vn -0.4049665331840515 0.8692728877067566 0.2834905683994293
vn 0.20043644309043884 0.9236209988594055 0.3267253637313843
vn 0.3302505910396576 0.9165858030319214 0.22539976239204407
vn 0.47684890031814575 0.8642507195472717 0.16026805341243744
vn -0.38976988196372986 0.7652049660682678 0.5123873949050903
vn -0.3793901801109314 0.723236620426178 0.5770544409751892
vn -0.3202764391899109 0.6887544393539429 0.6504155397415161
vn -0.28029805421829224 0.7295915484428406 0.6238023042678833
vn -0.3817635178565979 0.8424474596977234 0.3801826536655426
vn 0.1961164027452469 0.9645352959632874 0.17666411399841309
vn -0.2562287747859955 0.9219987392425537 0.29028478264808655
vn -0.13601306080818176 0.9402146935462952 0.31224489212036133
vn -0.06361452490091324 0.9541888236999512 0.2923644483089447
vn 0.02660604938864708 0.9704118967056274 0.23998534679412842
vn -0.26606932282447815 0.8194440007209778 0.5076600313186646
vn -0.1802293211221695 0.8437084555625916 0.5056416988372803
vn -0.10417186468839645 0.8897719383239746 0.44435805082321167
vn 0.06596319377422333 0.9355438351631165 0.3469965159893036
vn -0.0036198843736201525 -0.9147756695747375 0.40394601225852966
vn 0.15578097105026245 -0.9342396855354309 0.3208247721195221
vn -0.14746259152889252 -0.8501871228218079 0.505407452583313
vn 0.24179719388484955 -0.7932246923446655 0.5588638782501221
vn -0.020898116752505302 -0.7047116756439209 0.7091860771179199
vn 0.11978020519018173 -0.8086391687393188 0.5759820938110352
vn -0.233266219496727 -0.6492531299591064 0.7239179611206055
vn 0.33646485209465027 -0.6231600642204285 0.7060191631317139
vn -0.2655019462108612 -0.7926042675971985 0.5488964319229126
vn -0.31073838472366333 -0.7304155230522156 0.6082227230072021
vn -0.41072559356689453 -0.5680844783782959 0.7131511569023132
vn -0.30666467547416687 -0.4738568961620331 0.8254795074462891
vn 0.49245738983154297 -0.6277210712432861 0.6028698086738586
vn 0.5821425318717957 -0.6098851561546326 0.537726879119873
vn 0.692604124546051 -0.5693749189376831 0.44284501671791077
vn -0.07953987270593643 -0.45916494727134705 0.8847830295562744
vn 0.14214599132537842 -0.570314884185791 0.8090336918830872
vn -0.3256317675113678 -0.7657144665718079 0.5546577572822571
vn 0.72995924949646 -0.4246419370174408 0.5355731844902039
vn -0.2227238267660141 -0.5662768483161926 0.7935519218444824
vn -0.19462428987026215 -0.5618690252304077 0.8040053248405457
vn -0.22347645461559296 -0.4782622456550598 0.8493077158927917
vn -0.21727806329727173 -0.35284072160720825 0.9101064205169678
vn -0.06006531044840813 -0.295292466878891 0.953516960144043
vn 0.11433040350675583 -0.375071257352829 0.9199185371398926
vn 0.31076958775520325 -0.45397114753723145 0.8350643515586853
vn 0.47538670897483826 -0.48601213097572327 0.7333483099937439
vn 0.6386284232139587 -0.48751822113990784 0.595382034778595
vn -0.3966003954410553 -0.5388263463973999 0.7432189583778381
vn 0.7061578631401062 -0.3003193438053131 0.6412093043327332
vn -0.7000383138656616 -0.23452335596084595 0.6744962334632874
vn -0.48460304737091064 -0.31141984462738037 0.8174213767051697
vn -0.2607201635837555 -0.3174847960472107 0.9117172956466675
vn -0.15545769035816193 -0.35117223858833313 0.9233152270317078
vn -0.13539108633995056 -0.3244166970252991 0.936174750328064
vn -0.13340431451797485 -0.257335901260376 0.9570692777633667
vn -0.08208717405796051 -0.1925482302904129 0.9778481125831604
vn 0.06810402870178223 -0.20344014465808868 0.9767159223556519
vn 0.23883278667926788 -0.2708074152469635 0.9325354099273682
vn 0.409745991230011 -0.3154936730861664 0.8559041619300842
vn 0.5966966152191162 -0.35284748673439026 0.7207300662994385
vn -0.8556776642799377 -0.3239705562591553 0.4035577178001404
vn 0.7036752700805664 -0.23628613352775574 0.6700820326805115
vn -0.6401739716529846 -0.21538105607032776 0.7374200224876404
vn -0.4336702823638916 -0.1646929681301117 0.8858929872512817
vn -0.24601219594478607 -0.16007770597934723 0.9559566378593445
vn -0.1423250436782837 -0.2016562670469284 0.9690605401992798
vn -0.09767843037843704 -0.19687390327453613 0.9755509495735168
vn -0.08329451829195023 -0.1670951545238495 0.982416033744812
vn -0.052928537130355835 -0.12768390774726868 0.9904016256332397
vn 0.036877330392599106 -0.1097971647977829 0.993269681930542
vn 0.19157278537750244 -0.1373194307088852 0.9718247056007385
vn 0.3753628134727478 -0.18391235172748566 0.9084486961364746
vn 0.5647171139717102 -0.22622527182102203 0.7936729788780212
vn -0.7700481414794922 -0.2792840600013733 0.5736081600189209
vn 0.6568465828895569 -0.15901830792427063 0.7370656728744507
vn -0.5774641036987305 -0.15022073686122894 0.8024767637252808
vn -0.41857418417930603 -0.09373118728399277 0.9033327698707581
vn -0.2778376638889313 -0.06369152665138245 0.9585142731666565
vn -0.15712422132492065 -0.08099015802145004 0.9842522740364075
vn -0.09331893175840378 -0.10759931057691574 0.9898050427436829
vn -0.06412036716938019 -0.10948987305164337 0.9919176697731018
vn -0.03298580273985863 -0.09668797999620438 0.9947680234909058
vn 0.035211607813835144 -0.0815090611577034 0.9960504174232483
vn 0.16018249094486237 -0.0819859504699707 0.9836767315864563
vn 0.3373201787471771 -0.1103767454624176 0.9348968267440796
vn 0.5362282991409302 -0.16140437126159668 0.8284973502159119
vn -0.7215376496315002 -0.28130388259887695 0.6326543688774109
vn 0.6361910700798035 -0.09642793238162994 0.7654819488525391
vn -0.5071893930435181 -0.11010545492172241 0.8547723293304443
vn -0.37586766481399536 -0.024047520011663437 0.9263613224029541
vn -0.2729105055332184 0.009046526625752449 0.9619969129562378
vn -0.18719616532325745 -0.0009786172304302454 0.982322096824646
vn -0.11975307762622833 -0.03743131086230278 0.9920978546142578
vn -0.07702849060297012 -0.06991343945264816 0.9945746660232544
vn -0.03682341426610947 -0.0884990468621254 0.9953953623771667
vn 0.03287763148546219 -0.09396876394748688 0.9950321316719055
vn 0.14947447180747986 -0.0859428271651268 0.9850234985351562
vn 0.3059057593345642 -0.08358615636825562 0.9483855366706848
vn 0.49099087715148926 -0.11053666472434998 0.8641236424446106
vn -0.6375749111175537 -0.08825580030679703 0.7653164267539978
vn 0.6394577622413635 -0.05603243038058281 0.7667816877365112
vn -0.5829271078109741 0.14296749234199524 0.7998476624488831
vn -0.4431387186050415 0.1821316033601761 0.8777564167976379
vn -0.47485050559043884 0.01001523993909359 0.8800094723701477
vn -0.32891586422920227 0.05023153871297836 0.9430223703384399
vn -0.26266181468963623 0.08047599345445633 0.961526095867157
vn -0.2115427851676941 0.0681224912405014 0.9749917984008789
vn -0.16248805820941925 0.023847999051213264 0.9864223599433899
vn -0.11358455568552017 -0.026949428021907806 0.9931628108024597
vn -0.08534251153469086 -0.07479972392320633 0.9935399889945984
vn 0.005553126335144043 -0.1264629364013672 0.9919558167457581
vn 0.15289215743541718 -0.14359399676322937 0.9777549505233765
vn 0.304237961769104 -0.09669811278581619 0.9476754665374756
vn 0.47115829586982727 -0.08281736820936203 0.8781521320343018
vn -0.3267810046672821 0.18349233269691467 0.9271163940429688
vn 0.6669214367866516 -0.015067602507770061 0.744975745677948
vn -0.26127955317497253 0.16650110483169556 0.9507946372032166
vn -0.2370547354221344 0.14163413643836975 0.9611164331436157
vn -0.21400432288646698 0.09335680305957794 0.9723614454269409
vn -0.1741538941860199 0.005551711656153202 0.9847028255462646
vn 0.35703080892562866 -0.13332615792751312 0.9245286583900452
vn 0.48980188369750977 -0.07408440113067627 0.868680477142334
vn -0.34368205070495605 0.2827986776828766 0.8954929709434509
vn 0.7057490944862366 0.0733574628829956 0.704653799533844
vn -0.36766448616981506 0.33805781602859497 0.8663369417190552
vn -0.3275233209133148 0.3129122853279114 0.8915236592292786
vn -0.2941874861717224 0.2590636909008026 0.9199672937393188
vn -0.2696918845176697 0.22643937170505524 0.9359441995620728
vn -0.262357622385025 0.18232934176921844 0.9475888013839722
vn -0.2731407582759857 0.12279477715492249 0.9541046023368835
vn 0.4566873013973236 -0.053673334419727325 0.8880067467689514
vn 0.5478177666664124 -0.04024539515376091 0.8356291055679321
vn -0.3102777898311615 0.29049795866012573 0.9051732420921326
vn 0.7308419942855835 0.24079546332359314 0.638660728931427
vn -0.2899337410926819 0.2645335793495178 0.919761061668396
vn -0.28929242491722107 0.24441958963871002 0.9255101084709167
vn -0.3094795048236847 0.25203022360801697 0.9168986678123474
vn -0.25459200143814087 0.2590882182121277 0.9316953420639038
vn 0.5135843753814697 0.10031082481145859 0.8521553874015808
vn 0.6147447824478149 0.08190111815929413 0.7844622731208801
vn -0.343282014131546 0.34229668974876404 0.8746373653411865
vn 0.7478565573692322 0.4435781240463257 0.4939120411872864
vn -0.37102603912353516 0.4224899411201477 0.8269474506378174
vn -0.33340343832969666 0.42983388900756836 0.8390977382659912
vn -0.31515395641326904 0.3340804874897003 0.8882951736450195
vn -0.2685350179672241 0.3313075006008148 0.904502272605896
vn -0.2486579865217209 0.3594605028629303 0.8994206190109253
vn -0.20759081840515137 0.43111956119537354 0.8780900239944458
vn 0.47958675026893616 0.3309694230556488 0.8126843571662903
vn 0.6545013785362244 0.256706178188324 0.7111469507217407
vn -0.2587890028953552 0.4501726031303406 0.8546185493469238
vn 0.7437149286270142 0.5551695227622986 0.37239083647727966
vn -0.17514491081237793 0.4721037745475769 0.8639689087867737
vn -0.0943128913640976 0.5016053318977356 0.8599402904510498
vn 0.11612866073846817 0.5477721691131592 0.8285287022590637
vn 0.4165363013744354 0.5089513659477234 0.7533034682273865
vn 0.6624472737312317 0.408769428730011 0.6277509927749634
vn -0.23344412446022034 0.6167689561843872 0.7517313361167908
vn 0.6042848825454712 0.7347785830497742 0.3081236481666565
vn -0.1682756096124649 0.7872244119644165 0.5932630896568298
vn 0.006468314677476883 0.8471406102180481 0.5313294529914856
vn 0.1025143638253212 0.817077100276947 0.5673410296440125
vn 0.24627800285816193 0.8394742608070374 0.48438629508018494
vn 0.3980579376220703 0.8269047737121582 0.397213339805603
vn -0.10259193927049637 0.6753079891204834 0.7303656339645386
vn -0.03574157506227493 0.6579142808914185 0.7522442936897278
vn 0.10421717911958694 0.665103018283844 0.7394435405731201
vn 0.2851364016532898 0.6919698715209961 0.6632306575775146
vn 0.5539326667785645 0.6290180683135986 0.5454309582710266
vn -0.05211629718542099 -0.12399552762508392 0.9909132122993469
vn 0.05710051581263542 -0.16961216926574707 0.9838553071022034
vn 0.2091880440711975 -0.18260575830936432 0.960674524307251
vn -0.13672678172588348 -0.0687810555100441 0.9882181286811829
vn 0.2813815176486969 -0.1209869459271431 0.9519383907318115
vn -0.11297887563705444 -0.08118921518325806 0.9902747869491577
vn -0.004056463949382305 -0.11953972280025482 0.9928211569786072
vn 0.12353247404098511 -0.14529262483119965 0.9816464781761169
vn -0.21855495870113373 -0.0009310377645306289 0.975824236869812
vn 0.32290711998939514 -0.034136898815631866 0.945814847946167
vn -0.28318342566490173 0.10311567783355713 0.953506350517273
vn -0.22927090525627136 0.09667613357305527 0.9685497283935547
vn -0.18167276680469513 -0.004615421872586012 0.9833482503890991
vn -0.05172335356473923 -0.05068410560488701 0.9973744750022888
vn 0.12205509841442108 -0.08387937396764755 0.9889726042747498
vn -0.09658725559711456 0.06906657665967941 0.9929253458976746
vn 0.3783546984195709 0.10279559344053268 0.9199352264404297
vn 0.12029799818992615 -0.005404538009315729 0.9927231669425964
vn -0.0997430682182312 0.23785686492919922 0.9661653637886047
vn 0.2807905077934265 0.3777405023574829 0.8823087811470032
vn -0.03688887879252434 0.449105829000473 0.8927167654037476
vn 0.1428254246711731 0.18551282584667206 0.9722067713737488

g grp1
usemtl mtl1
f 1//1 155//155 165//165 
f 1//1 2//2 156//156 
f 155//155 1//1 156//156 
f 2//2 3//3 157//157 
f 156//156 2//2 157//157 
f 3//3 4//4 158//158 
f 157//157 3//3 158//158 
f 4//4 5//5 159//159 
f 158//158 4//4 159//159 
f 5//5 6//6 160//160 
f 159//159 5//5 160//160 
f 6//6 7//7 161//161 
f 160//160 6//6 161//161 
f 7//7 8//8 162//162 
f 161//161 7//7 162//162 
f 8//8 9//9 163//163 
f 162//162 8//8 163//163 
f 9//9 10//10 164//164 
f 163//163 9//9 164//164 
f 164//164 10//10 166//166 
f 11//11 1//1 165//165 
f 167//167 11//11 165//165 
f 2//2 1//1 12//12 
f 12//12 1//1 11//11 
f 3//3 2//2 13//13 
f 13//13 2//2 12//12 
f 4//4 3//3 14//14 
f 14//14 3//3 13//13 
f 5//5 4//4 15//15 
f 15//15 4//4 14//14 
f 6//6 5//5 16//16 
f 16//16 5//5 15//15 
f 7//7 6//6 17//17 
f 17//17 6//6 16//16 
f 8//8 7//7 18//18 
f 18//18 7//7 17//17 
f 9//9 8//8 19//19 
f 19//19 8//8 18//18 
f 10//10 9//9 20//20 
f 20//20 9//9 19//19 
f 168//168 166//166 10//10 
f 20//20 168//168 10//10 
f 21//21 169//169 170//170 
f 167//167 169//169 21//21 
f 167//167 21//21 11//11 
f 11//11 21//21 22//22 
f 12//12 11//11 23//23 
f 23//23 11//11 22//22 
f 13//13 12//12 24//24 
f 24//24 12//12 23//23 
f 14//14 13//13 25//25 
f 25//25 13//13 24//24 
f 15//15 14//14 26//26 
f 26//26 14//14 25//25 
f 16//16 15//15 27//27 
f 27//27 15//15 26//26 
f 17//17 16//16 28//28 
f 28//28 16//16 27//27 
f 18//18 17//17 29//29 
f 29//29 17//17 28//28 
f 19//19 18//18 30//30 
f 30//30 18//18 29//29 
f 20//20 19//19 31//31 
f 31//31 19//19 30//30 
f 171//171 168//168 20//20 
f 31//31 171//171 20//20 
f 32//32 21//21 170//170 
f 172//172 32//32 170//170 
f 22//22 21//21 33//33 
f 33//33 21//21 32//32 
f 23//23 22//22 34//34 
f 34//34 22//22 33//33 
f 24//24 23//23 35//35 
f 35//35 23//23 34//34 
f 25//25 24//24 36//36 
f 36//36 24//24 35//35 
f 26//26 25//25 37//37 
f 37//37 25//25 36//36 
f 27//27 26//26 38//38 
f 38//38 26//26 37//37 
f 28//28 27//27 39//39 
f 39//39 27//27 38//38 
f 29//29 28//28 40//40 
f 40//40 28//28 39//39 
f 30//30 29//29 41//41 
f 41//41 29//29 40//40 
f 31//31 30//30 42//42 
f 42//42 30//30 41//41 
f 173//173 171//171 31//31 
f 42//42 173//173 31//31 
f 43//43 32//32 172//172 
f 176//176 43//43 172//172 
f 33//33 32//32 44//44 
f 44//44 32//32 43//43 
f 34//34 33//33 45//45 
f 45//45 33//33 44//44 
f 35//35 34//34 46//46 
f 46//46 34//34 45//45 
f 36//36 35//35 47//47 
f 47//47 35//35 46//46 
f 37//37 36//36 48//48 
f 48//48 36//36 47//47 
f 38//38 37//37 49//49 
f 49//49 37//37 48//48 
f 39//39 38//38 50//50 
f 50//50 38//38 49//49 
f 40//40 39//39 51//51 
f 51//51 39//39 50//50 
f 177//177 174//174 41//41 
f 177//177 41//41 51//51 
f 51//51 41//41 40//40 
f 42//42 41//41 174//174 
f 175//175 42//42 174//174 
f 173//173 42//42 175//175 
f 52//52 43//43 176//176 
f 178//178 52//52 176//176 
f 44//44 43//43 53//53 
f 53//53 43//43 52//52 
f 45//45 44//44 54//54 
f 54//54 44//44 53//53 
f 46//46 45//45 55//55 
f 55//55 45//45 54//54 
f 47//47 46//46 56//56 
f 56//56 46//46 55//55 
f 48//48 47//47 57//57 
f 57//57 47//47 56//56 
f 49//49 48//48 58//58 
f 58//58 48//48 57//57 
f 50//50 49//49 59//59 
f 59//59 49//49 58//58 
f 51//51 50//50 60//60 
f 60//60 50//50 59//59 
f 179//179 177//177 51//51 
f 60//60 179//179 51//51 
f 61//61 180//180 184//184 
f 61//61 62//62 181//181 
f 180//180 61//61 181//181 
f 178//178 181//181 62//62 
f 178//178 62//62 52//52 
f 52//52 62//62 63//63 
f 53//53 52//52 64//64 
f 64//64 52//52 63//63 
f 54//54 53//53 65//65 
f 65//65 53//53 64//64 
f 55//55 54//54 66//66 
f 66//66 54//54 65//65 
f 56//56 55//55 67//67 
f 67//67 55//55 66//66 
f 57//57 56//56 68//68 
f 68//68 56//56 67//67 
f 58//58 57//57 69//69 
f 69//69 57//57 68//68 
f 185//185 182//182 59//59 
f 185//185 59//59 69//69 
f 69//69 59//59 58//58 
f 60//60 59//59 182//182 
f 183//183 60//60 182//182 
f 179//179 60//60 183//183 
f 70//70 61//61 184//184 
f 186//186 70//70 184//184 
f 62//62 61//61 71//71 
f 71//71 61//61 70//70 
f 63//63 62//62 72//72 
f 72//72 62//62 71//71 
f 64//64 63//63 73//73 
f 73//73 63//63 72//72 
f 65//65 64//64 74//74 
f 74//74 64//64 73//73 
f 66//66 65//65 75//75 
f 75//75 65//65 74//74 
f 67//67 66//66 76//76 
f 76//76 66//66 75//75 
f 68//68 67//67 77//77 
f 77//77 67//67 76//76 
f 69//69 68//68 78//78 
f 78//78 68//68 77//77 
f 187//187 185//185 69//69 
f 78//78 187//187 69//69 
f 79//79 70//70 186//186 
f 188//188 79//79 186//186 
f 71//71 70//70 80//80 
f 80//80 70//70 79//79 
f 72//72 71//71 81//81 
f 81//81 71//71 80//80 
f 73//73 72//72 82//82 
f 82//82 72//72 81//81 
f 74//74 73//73 83//83 
f 83//83 73//73 82//82 
f 75//75 74//74 84//84 
f 84//84 74//74 83//83 
f 76//76 75//75 85//85 
f 85//85 75//75 84//84 
f 77//77 76//76 86//86 
f 86//86 76//76 85//85 
f 78//78 77//77 87//87 
f 87//87 77//77 86//86 
f 189//189 187//187 78//78 
f 87//87 189//189 78//78 
f 88//88 79//79 188//188 
f 190//190 88//88 188//188 
f 80//80 79//79 89//89 
f 89//89 79//79 88//88 
f 81//81 80//80 90//90 
f 90//90 80//80 89//89 
f 82//82 81//81 91//91 
f 91//91 81//81 90//90 
f 83//83 82//82 92//92 
f 92//92 82//82 91//91 
f 84//84 83//83 93//93 
f 93//93 83//83 92//92 
f 85//85 84//84 94//94 
f 94//94 84//84 93//93 
f 86//86 85//85 95//95 
f 95//95 85//85 94//94 
f 87//87 86//86 96//96 
f 96//96 86//86 95//95 
f 191//191 189//189 87//87 
f 96//96 191//191 87//87 
f 97//97 88//88 190//190 
f 192//192 97//97 190//190 
f 89//89 88//88 98//98 
f 98//98 88//88 97//97 
f 90//90 89//89 99//99 
f 99//99 89//89 98//98 
f 91//91 90//90 100//100 
f 100//100 90//90 99//99 
f 92//92 91//91 101//101 
f 101//101 91//91 100//100 
f 93//93 92//92 102//102 
f 102//102 92//92 101//101 
f 94//94 93//93 103//103 
f 103//103 93//93 102//102 
f 95//95 94//94 104//104 
f 104//104 94//94 103//103 
f 96//96 95//95 105//105 
f 105//105 95//95 104//104 
f 193//193 191//191 96//96 
f 105//105 193//193 96//96 
f 106//106 97//97 192//192 
f 194//194 106//106 192//192 
f 98//98 97//97 107//107 
f 107//107 97//97 106//106 
f 99//99 98//98 108//108 
f 108//108 98//98 107//107 
f 100//100 99//99 109//109 
f 109//109 99//99 108//108 
f 101//101 100//100 110//110 
f 110//110 100//100 109//109 
f 102//102 101//101 111//111 
f 111//111 101//101 110//110 
f 103//103 102//102 112//112 
f 112//112 102//102 111//111 
f 104//104 103//103 113//113 
f 113//113 103//103 112//112 
f 105//105 104//104 114//114 
f 114//114 104//104 113//113 
f 195//195 193//193 105//105 
f 114//114 195//195 105//105 
f 115//115 106//106 194//194 
f 196//196 115//115 194//194 
f 107//107 106//106 116//116 
f 116//116 106//106 115//115 
f 108//108 107//107 117//117 
f 117//117 107//107 116//116 
f 109//109 108//108 118//118 
f 118//118 108//108 117//117 
f 110//110 109//109 119//119 
f 119//119 109//109 118//118 
f 111//111 110//110 120//120 
f 120//120 110//110 119//119 
f 112//112 111//111 121//121 
f 121//121 111//111 120//120 
f 113//113 112//112 122//122 
f 122//122 112//112 121//121 
f 114//114 113//113 123//123 
f 123//123 113//113 122//122 
f 197//197 195//195 114//114 
f 123//123 197//197 114//114 
f 124//124 115//115 196//196 
f 198//198 124//124 196//196 
f 116//116 115//115 125//125 
f 125//125 115//115 124//124 
f 117//117 116//116 126//126 
f 126//126 116//116 125//125 
f 118//118 117//117 127//127 
f 127//127 117//117 126//126 
f 119//119 118//118 128//128 
f 128//128 118//118 127//127 
f 120//120 119//119 129//129 
f 129//129 119//119 128//128 
f 121//121 120//120 130//130 
f 130//130 120//120 129//129 
f 122//122 121//121 131//131 
f 131//131 121//121 130//130 
f 123//123 122//122 132//132 
f 132//132 122//122 131//131 
f 199//199 197//197 123//123 
f 132//132 199//199 123//123 
f 124//124 198//198 200//200 
f 125//125 124//124 200//200 
f 201//201 125//125 200//200 
f 201//201 202//202 133//133 
f 201//201 133//133 125//125 
f 125//125 133//133 126//126 
f 127//127 126//126 134//134 
f 134//134 126//126 133//133 
f 128//128 127//127 135//135 
f 135//135 127//127 134//134 
f 129//129 128//128 136//136 
f 136//136 128//128 135//135 
f 130//130 129//129 137//137 
f 137//137 129//129 136//136 
f 131//131 130//130 138//138 
f 138//138 130//130 137//137 
f 132//132 131//131 139//139 
f 139//139 131//131 138//138 
f 203//203 199//199 132//132 
f 139//139 203//203 132//132 
f 140//140 133//133 202//202 
f 204//204 140//140 202//202 
f 134//134 133//133 141//141 
f 141//141 133//133 140//140 
f 135//135 134//134 142//142 
f 142//142 134//134 141//141 
f 136//136 135//135 143//143 
f 143//143 135//135 142//142 
f 137//137 136//136 144//144 
f 144//144 136//136 143//143 
f 138//138 137//137 145//145 
f 145//145 137//137 144//144 
f 139//139 138//138 146//146 
f 146//146 138//138 145//145 
f 205//205 203//203 139//139 
f 146//146 205//205 139//139 
f 140//140 204//204 206//206 
f 206//206 209//209 147//147 
f 206//206 147//147 140//140 
f 140//140 147//147 141//141 
f 142//142 141//141 148//148 
f 148//148 141//141 147//147 
f 143//143 142//142 149//149 
f 149//149 142//142 148//148 
f 144//144 143//143 150//150 
f 150//150 143//143 149//149 
f 210//210 207//207 145//145 
f 210//210 145//145 150//150 
f 150//150 145//145 144//144 
f 146//146 145//145 207//207 
f 208//208 146//146 207//207 
f 205//205 146//146 208//208 
f 151//151 147//147 209//209 
f 211//211 151//151 209//209 
f 148//148 147//147 152//152 
f 152//152 147//147 151//151 
f 149//149 148//148 153//153 
f 153//153 148//148 152//152 
f 150//150 149//149 154//154 
f 154//154 149//149 153//153 
f 212//212 210//210 150//150 
f 154//154 212//212 150//150 
f 151//151 211//211 213//213 
f 152//152 151//151 213//213 
f 214//214 152//152 213//213 
f 153//153 152//152 214//214 
f 215//215 153//153 214//214 
f 154//154 153//153 215//215 
f 216//216 154//154 215//215 
f 212//212 154//154 216//216 
f 155//155 217//217 227//227 
f 165//165 155//155 227//227 
f 156//156 218//218 155//155 
f 155//155 218//218 217//217 
f 157//157 219//219 156//156 
f 156//156 219//219 218//218 
f 158//158 220//220 157//157 
f 157//157 220//220 219//219 
f 159//159 221//221 158//158 
f 158//158 221//221 220//220 
f 160//160 222//222 159//159 
f 159//159 222//222 221//221 
f 161//161 223//223 160//160 
f 160//160 223//223 222//222 
f 162//162 224//224 161//161 
f 161//161 224//224 223//223 
f 163//163 225//225 162//162 
f 162//162 225//225 224//224 
f 164//164 226//226 163//163 
f 163//163 226//226 225//225 
f 226//226 164//164 166//166 
f 228//228 226//226 166//166 
f 165//165 227//227 167//167 
f 227//227 233//233 167//167 
f 166//166 168//168 228//228 
f 228//228 168//168 234//234 
f 169//169 235//235 240//240 
f 170//170 169//169 240//240 
f 233//233 169//169 167//167 
f 235//235 169//169 233//233 
f 168//168 171//171 234//234 
f 234//234 171//171 241//241 
f 170//170 240//240 172//172 
f 240//240 244//244 172//172 
f 171//171 173//173 241//241 
f 241//241 173//173 245//245 
f 172//172 244//244 176//176 
f 244//244 250//250 176//176 
f 174//174 251//251 246//246 
f 177//177 251//251 174//174 
f 175//175 174//174 247//247 
f 174//174 246//246 247//247 
f 245//245 173//173 175//175 
f 247//247 245//245 175//175 
f 176//176 250//250 178//178 
f 250//250 256//256 178//178 
f 177//177 179//179 251//251 
f 251//251 179//179 257//257 
f 180//180 258//258 266//266 
f 184//184 180//180 266//266 
f 181//181 259//259 180//180 
f 180//180 259//259 258//258 
f 256//256 181//181 178//178 
f 259//259 181//181 256//256 
f 182//182 267//267 260//260 
f 185//185 267//267 182//182 
f 183//183 182//182 261//261 
f 182//182 260//260 261//261 
f 257//257 179//179 183//183 
f 261//261 257//257 183//183 
f 184//184 266//266 186//186 
f 266//266 274//274 186//186 
f 185//185 187//187 267//267 
f 267//267 187//187 275//275 
f 186//186 274//274 188//188 
f 274//274 282//282 188//188 
f 187//187 189//189 275//275 
f 275//275 189//189 283//283 
f 188//188 282//282 190//190 
f 282//282 290//290 190//190 
f 189//189 191//191 283//283 
f 283//283 191//191 291//291 
f 190//190 290//290 192//192 
f 290//290 298//298 192//192 
f 191//191 193//193 291//291 
f 291//291 193//193 299//299 
f 192//192 298//298 194//194 
f 298//298 306//306 194//194 
f 193//193 195//195 299//299 
f 299//299 195//195 307//307 
f 194//194 306//306 196//196 
f 306//306 314//314 196//196 
f 195//195 197//197 307//307 
f 307//307 197//197 315//315 
f 196//196 314//314 198//198 
f 314//314 320//320 198//198 
f 197//197 199//199 315//315 
f 315//315 199//199 321//321 
f 198//198 320//320 322//322 
f 200//200 198//198 322//322 
f 201//201 200//200 323//323 
f 200//200 322//322 323//323 
f 323//323 202//202 201//201 
f 328//328 202//202 323//323 
f 199//199 203//203 321//321 
f 321//321 203//203 329//329 
f 202//202 328//328 204//204 
f 328//328 334//334 204//204 
f 203//203 205//205 329//329 
f 329//329 205//205 335//335 
f 204//204 334//334 336//336 
f 206//206 204//204 336//336 
f 336//336 209//209 206//206 
f 343//343 209//209 336//336 
f 207//207 344//344 337//337 
f 210//210 344//344 207//207 
f 208//208 207//207 338//338 
f 207//207 337//337 338//338 
f 335//335 205//205 208//208 
f 338//338 335//335 208//208 
f 209//209 343//343 211//211 
f 343//343 350//350 211//211 
f 210//210 212//212 344//344 
f 344//344 212//212 351//351 
f 211//211 350//350 352//352 
f 213//213 211//211 352//352 
f 214//214 213//213 353//353 
f 213//213 352//352 353//353 
f 215//215 214//214 354//354 
f 214//214 353//353 354//354 
f 216//216 215//215 355//355 
f 215//215 354//354 355//355 
f 351//351 212//212 216//216 
f 355//355 351//351 216//216 
f 217//217 229//229 227//227 
f 217//217 218//218 230//230 
f 229//229 217//217 230//230 
f 371//371 230//230 218//218 
f 371//371 218//218 361//361 
f 361//361 218//218 219//219 
f 220//220 362//362 219//219 
f 219//219 362//362 361//361 
f 221//221 363//363 220//220 
f 220//220 363//363 362//362 
f 222//222 364//364 221//221 
f 221//221 364//364 363//363 
f 223//223 365//365 222//222 
f 222//222 365//365 364//364 
f 224//224 366//366 223//223 
f 223//223 366//366 365//365 
f 225//225 367//367 224//224 
f 224//224 367//367 366//366 
f 226//226 368//368 225//225 
f 225//225 368//368 367//367 
f 228//228 231//231 369//369 
f 228//228 369//369 226//226 
f 226//226 369//369 368//368 
f 231//231 232//232 370//370 
f 369//369 231//231 370//370 
f 370//370 232//232 372//372 
f 229//229 236//236 233//233 
f 227//227 229//229 233//233 
f 230//230 237//237 229//229 
f 237//237 236//236 229//229 
f 375//375 230//230 371//371 
f 237//237 230//230 375//375 
f 231//231 234//234 238//238 
f 228//228 234//234 231//231 
f 232//232 231//231 239//239 
f 239//239 231//231 238//238 
f 376//376 372//372 232//232 
f 239//239 376//376 232//232 
f 235//235 377//377 382//382 
f 240//240 235//235 382//382 
f 236//236 235//235 233//233 
f 236//236 378//378 235//235 
f 378//378 377//377 235//235 
f 237//237 378//378 236//236 
f 379//379 378//378 237//237 
f 375//375 379//379 237//237 
f 238//238 241//241 242//242 
f 234//234 241//241 238//238 
f 239//239 238//238 243//243 
f 243//243 238//238 242//242 
f 383//383 376//376 239//239 
f 243//243 383//383 239//239 
f 240//240 382//382 244//244 
f 382//382 384//384 244//244 
f 242//242 245//245 248//248 
f 241//241 245//245 242//242 
f 243//243 242//242 249//249 
f 249//249 242//242 248//248 
f 385//385 383//383 243//243 
f 249//249 385//385 243//243 
f 244//244 384//384 250//250 
f 384//384 386//386 250//250 
f 246//246 251//251 252//252 
f 246//246 253//253 247//247 
f 252//252 253//253 246//246 
f 247//247 248//248 245//245 
f 247//247 253//253 248//248 
f 253//253 254//254 248//248 
f 249//249 248//248 255//255 
f 255//255 248//248 254//254 
f 387//387 385//385 249//249 
f 255//255 387//387 249//249 
f 250//250 386//386 256//256 
f 386//386 388//388 256//256 
f 252//252 257//257 262//262 
f 251//251 257//257 252//252 
f 253//253 252//252 263//263 
f 263//263 252//252 262//262 
f 254//254 253//253 264//264 
f 264//264 253//253 263//263 
f 255//255 254//254 265//265 
f 265//265 254//254 264//264 
f 389//389 387//387 255//255 
f 265//265 389//389 255//255 
f 258//258 390//390 392//392 
f 266//266 258//258 392//392 
f 259//259 391//391 258//258 
f 258//258 391//391 390//390 
f 388//388 259//259 256//256 
f 391//391 259//259 388//388 
f 260//260 267//267 268//268 
f 260//260 269//269 261//261 
f 268//268 269//269 260//260 
f 261//261 262//262 257//257 
f 261//261 269//269 262//262 
f 269//269 270//270 262//262 
f 263//263 262//262 271//271 
f 271//271 262//262 270//270 
f 264//264 263//263 272//272 
f 272//272 263//263 271//271 
f 265//265 264//264 273//273 
f 273//273 264//264 272//272 
f 393//393 389//389 265//265 
f 273//273 393//393 265//265 
f 266//266 392//392 274//274 
f 392//392 394//394 274//274 
f 268//268 275//275 276//276 
f 267//267 275//275 268//268 
f 269//269 268//268 277//277 
f 277//277 268//268 276//276 
f 270//270 269//269 278//278 
f 278//278 269//269 277//277 
f 271//271 270//270 279//279 
f 279//279 270//270 278//278 
f 272//272 271//271 280//280 
f 280//280 271//271 279//279 
f 273//273 272//272 281//281 
f 281//281 272//272 280//280 
f 395//395 393//393 273//273 
f 281//281 395//395 273//273 
f 274//274 394//394 282//282 
f 394//394 396//396 282//282 
f 276//276 283//283 284//284 
f 275//275 283//283 276//276 
f 277//277 276//276 285//285 
f 285//285 276//276 284//284 
f 278//278 277//277 286//286 
f 286//286 277//277 285//285 
f 279//279 278//278 287//287 
f 287//287 278//278 286//286 
f 280//280 279//279 288//288 
f 288//288 279//279 287//287 
f 281//281 280//280 289//289 
f 289//289 280//280 288//288 
f 397//397 395//395 281//281 
f 289//289 397//397 281//281 
f 282//282 396//396 290//290 
f 396//396 398//398 290//290 
f 284//284 291//291 292//292 
f 283//283 291//291 284//284 
f 285//285 284//284 293//293 
f 293//293 284//284 292//292 
f 286//286 285//285 294//294 
f 294//294 285//285 293//293 
f 287//287 286//286 295//295 
f 295//295 286//286 294//294 
f 288//288 287//287 296//296 
f 296//296 287//287 295//295 
f 289//289 288//288 297//297 
f 297//297 288//288 296//296 
f 399//399 397//397 289//289 
f 297//297 399//399 289//289 
f 290//290 398//398 298//298 
f 398//398 400//400 298//298 
f 292//292 299//299 300//300 
f 291//291 299//299 292//292 
f 293//293 292//292 301//301 
f 301//301 292//292 300//300 
f 294//294 293//293 302//302 
f 302//302 293//293 301//301 
f 295//295 294//294 303//303 
f 303//303 294//294 302//302 
f 296//296 295//295 304//304 
f 304//304 295//295 303//303 
f 297//297 296//296 305//305 
f 305//305 296//296 304//304 
f 401//401 399//399 297//297 
f 305//305 401//401 297//297 
f 298//298 400//400 306//306 
f 400//400 402//402 306//306 
f 300//300 307//307 308//308 
f 299//299 307//307 300//300 
f 301//301 300//300 309//309 
f 309//309 300//300 308//308 
f 302//302 301//301 310//310 
f 310//310 301//301 309//309 
f 303//303 302//302 311//311 
f 311//311 302//302 310//310 
f 304//304 303//303 312//312 
f 312//312 303//303 311//311 
f 305//305 304//304 313//313 
f 313//313 304//304 312//312 
f 403//403 401//401 305//305 
f 313//313 403//403 305//305 
f 306//306 402//402 314//314 
f 402//402 406//406 314//314 
f 308//308 315//315 316//316 
f 307//307 315//315 308//308 
f 309//309 308//308 317//317 
f 317//317 308//308 316//316 
f 310//310 309//309 318//318 
f 318//318 309//309 317//317 
f 311//311 310//310 319//319 
f 319//319 310//310 318//318 
f 407//407 404//404 312//312 
f 407//407 312//312 319//319 
f 319//319 312//312 311//311 
f 313//313 312//312 404//404 
f 405//405 313//313 404//404 
f 403//403 313//313 405//405 
f 314//314 406//406 320//320 
f 406//406 410//410 320//320 
f 316//316 321//321 324//324 
f 315//315 321//321 316//316 
f 317//317 316//316 325//325 
f 325//325 316//316 324//324 
f 318//318 317//317 326//326 
f 326//326 317//317 325//325 
f 319//319 318//318 327//327 
f 327//327 318//318 326//326 
f 411//411 407//407 319//319 
f 327//327 411//411 319//319 
f 320//320 410//410 412//412 
f 322//322 320//320 412//412 
f 323//323 322//322 413//413 
f 322//322 412//412 413//413 
f 413//413 328//328 323//323 
f 416//416 328//328 413//413 
f 324//324 329//329 330//330 
f 321//321 329//329 324//324 
f 325//325 324//324 331//331 
f 331//331 324//324 330//330 
f 326//326 325//325 332//332 
f 332//332 325//325 331//331 
f 327//327 326//326 333//333 
f 333//333 326//326 332//332 
f 417//417 411//411 327//327 
f 333//333 417//417 327//327 
f 328//328 416//416 334//334 
f 416//416 420//420 334//334 
f 330//330 335//335 339//339 
f 329//329 335//335 330//330 
f 331//331 330//330 340//340 
f 340//340 330//330 339//339 
f 332//332 331//331 341//341 
f 341//341 331//331 340//340 
f 333//333 332//332 342//342 
f 342//342 332//332 341//341 
f 421//421 417//417 333//333 
f 342//342 421//421 333//333 
f 345//345 336//336 334//334 
f 345//345 334//334 426//426 
f 426//426 334//334 420//420 
f 336//336 345//345 343//343 
f 337//337 344//344 346//346 
f 337//337 347//347 338//338 
f 346//346 347//347 337//337 
f 338//338 339//339 335//335 
f 338//338 347//347 339//339 
f 347//347 348//348 339//339 
f 340//340 339//339 349//349 
f 349//349 339//339 348//348 
f 427//427 422//422 341//341 
f 427//427 341//341 349//349 
f 349//349 341//341 340//340 
f 342//342 341//341 422//422 
f 423//423 342//342 422//422 
f 421//421 342//342 423//423 
f 356//356 345//345 426//426 
f 428//428 356//356 426//426 
f 343//343 356//356 350//350 
f 345//345 356//356 343//343 
f 346//346 351//351 357//357 
f 344//344 351//351 346//346 
f 347//347 346//346 358//358 
f 358//358 346//346 357//357 
f 348//348 347//347 359//359 
f 359//359 347//347 358//358 
f 349//349 348//348 360//360 
f 360//360 348//348 359//359 
f 429//429 427//427 349//349 
f 360//360 429//429 349//349 
f 356//356 428//428 430//430 
f 350//350 356//356 430//430 
f 350//350 430//430 352//352 
f 352//352 430//430 431//431 
f 353//353 352//352 432//432 
f 352//352 431//431 432//432 
f 354//354 353//353 433//433 
f 353//353 432//432 433//433 
f 355//355 354//354 434//434 
f 354//354 433//433 434//434 
f 357//357 351//351 355//355 
f 357//357 355//355 435//435 
f 435//435 355//355 434//434 
f 358//358 357//357 435//435 
f 436//436 358//358 435//435 
f 359//359 358//358 436//436 
f 437//437 359//359 436//436 
f 360//360 359//359 437//437 
f 438//438 360//360 437//437 
f 429//429 360//360 438//438 
f 361//361 443//443 451//451 
f 371//371 361//361 451//451 
f 362//362 444//444 361//361 
f 361//361 444//444 443//443 
f 363//363 445//445 362//362 
f 362//362 445//445 444//444 
f 364//364 446//446 363//363 
f 363//363 446//446 445//445 
f 365//365 447//447 364//364 
f 364//364 447//447 446//446 
f 366//366 448//448 365//365 
f 365//365 448//448 447//447 
f 367//367 449//449 366//366 
f 366//366 449//449 448//448 
f 368//368 450//450 367//367 
f 367//367 450//450 449//449 
f 373//373 452//452 450//450 
f 373//373 450//450 369//369 
f 369//369 450//450 368//368 
f 369//369 370//370 374//374 
f 373//373 369//369 374//374 
f 370//370 372//372 374//374 
f 371//371 451//451 375//375 
f 451//451 457//457 375//375 
f 380//380 452//452 373//373 
f 458//458 452//452 380//380 
f 374//374 381//381 373//373 
f 381//381 380//380 373//373 
f 372//372 376//376 381//381 
f 374//374 372//372 381//381 
f 377//377 459//459 468//468 
f 382//382 377//377 468//468 
f 378//378 460//460 377//377 
f 377//377 460//460 459//459 
f 379//379 461//461 378//378 
f 378//378 461//461 460//460 
f 457//457 379//379 375//375 
f 461//461 379//379 457//457 
f 380//380 462//462 458//458 
f 381//381 462//462 380//380 
f 463//463 462//462 381//381 
f 463//463 381//381 376//376 
f 463//463 376//376 469//469 
f 469//469 376//376 383//383 
f 382//382 468//468 384//384 
f 468//468 471//471 384//384 
f 383//383 385//385 469//469 
f 469//469 385//385 472//472 
f 384//384 471//471 386//386 
f 471//471 474//474 386//386 
f 385//385 387//387 472//472 
f 472//472 387//387 475//475 
f 386//386 474//474 388//388 
f 474//474 476//476 388//388 
f 387//387 389//389 475//475 
f 475//475 389//389 477//477 
f 390//390 478//478 480//480 
f 392//392 390//390 480//480 
f 391//391 479//479 390//390 
f 390//390 479//479 478//478 
f 476//476 391//391 388//388 
f 479//479 391//391 476//476 
f 389//389 393//393 477//477 
f 477//477 393//393 481//481 
f 392//392 480//480 394//394 
f 480//480 482//482 394//394 
f 393//393 395//395 481//481 
f 481//481 395//395 483//483 
f 394//394 482//482 396//396 
f 482//482 484//484 396//396 
f 395//395 397//397 483//483 
f 483//483 397//397 485//485 
f 396//396 484//484 398//398 
f 484//484 486//486 398//398 
f 397//397 399//399 485//485 
f 485//485 399//399 487//487 
f 398//398 486//486 400//400 
f 486//486 488//488 400//400 
f 399//399 401//401 487//487 
f 487//487 401//401 489//489 
f 400//400 488//488 402//402 
f 488//488 490//490 402//402 
f 401//401 403//403 489//489 
f 489//489 403//403 491//491 
f 402//402 490//490 406//406 
f 490//490 492//492 406//406 
f 404//404 407//407 408//408 
f 404//404 409//409 405//405 
f 408//408 409//409 404//404 
f 405//405 409//409 493//493 
f 405//405 493//493 403//403 
f 403//403 493//493 491//491 
f 406//406 492//492 410//410 
f 492//492 494//494 410//410 
f 408//408 411//411 414//414 
f 407//407 411//411 408//408 
f 409//409 408//408 415//415 
f 415//415 408//408 414//414 
f 495//495 493//493 409//409 
f 415//415 495//495 409//409 
f 418//418 412//412 410//410 
f 418//418 410//410 498//498 
f 498//498 410//410 494//494 
f 412//412 419//419 413//413 
f 418//418 419//419 412//412 
f 413//413 419//419 416//416 
f 414//414 499//499 496//496 
f 414//414 411//411 499//499 
f 411//411 417//417 499//499 
f 415//415 414//414 496//496 
f 497//497 415//415 496//496 
f 495//495 415//415 497//497 
f 424//424 418//418 498//498 
f 500//500 424//424 498//498 
f 419//419 418//418 425//425 
f 425//425 418//418 424//424 
f 416//416 425//425 420//420 
f 419//419 425//425 416//416 
f 417//417 421//421 499//499 
f 499//499 421//421 501//501 
f 424//424 500//500 502//502 
f 425//425 424//424 502//502 
f 503//503 425//425 502//502 
f 503//503 420//420 425//425 
f 503//503 506//506 420//420 
f 506//506 426//426 420//420 
f 422//422 507//507 504//504 
f 427//427 507//507 422//422 
f 423//423 422//422 505//505 
f 422//422 504//504 505//505 
f 501//501 421//421 423//423 
f 505//505 501//501 423//423 
f 426//426 506//506 428//428 
f 506//506 508//508 428//428 
f 427//427 429//429 507//507 
f 507//507 429//429 509//509 
f 428//428 508//508 510//510 
f 430//430 428//428 510//510 
f 431//431 430//430 511//511 
f 430//430 510//510 511//511 
f 432//432 431//431 512//512 
f 431//431 511//511 512//512 
f 439//439 512//512 517//517 
f 439//439 433//433 512//512 
f 433//433 432//432 512//512 
f 433//433 440//440 434//434 
f 439//439 440//440 433//433 
f 518//518 434//434 440//440 
f 518//518 513//513 434//434 
f 513//513 435//435 434//434 
f 436//436 435//435 514//514 
f 435//435 513//513 514//514 
f 437//437 436//436 515//515 
f 436//436 514//514 515//515 
f 438//438 437//437 516//516 
f 437//437 515//515 516//516 
f 509//509 429//429 438//438 
f 516//516 509//509 438//438 
f 441//441 439//439 517//517 
f 521//521 441//441 517//517 
f 440//440 439//439 442//442 
f 442//442 439//439 441//441 
f 522//522 518//518 440//440 
f 442//442 522//522 440//440 
f 441//441 521//521 523//523 
f 442//442 441//441 523//523 
f 524//524 442//442 523//523 
f 522//522 442//442 524//524 
f 443//443 453//453 451//451 
f 443//443 444//444 454//454 
f 453//453 443//443 454//454 
f 531//531 454//454 444//444 
f 531//531 444//444 527//527 
f 527//527 444//444 445//445 
f 446//446 528//528 445//445 
f 445//445 528//528 527//527 
f 447//447 529//529 446//446 
f 446//446 529//529 528//528 
f 448//448 530//530 447//447 
f 447//447 530//530 529//529 
f 455//455 532//532 530//530 
f 455//455 530//530 449//449 
f 449//449 530//530 448//448 
f 449//449 450//450 456//456 
f 455//455 449//449 456//456 
f 450//450 452//452 456//456 
f 453//453 464//464 457//457 
f 451//451 453//453 457//457 
f 454//454 465//465 453//453 
f 465//465 464//464 453//453 
f 537//537 454//454 531//531 
f 465//465 454//454 537//537 
f 466//466 532//532 455//455 
f 538//538 532//532 466//466 
f 456//456 467//467 455//455 
f 467//467 466//466 455//455 
f 452//452 458//458 467//467 
f 456//456 452//452 467//467 
f 459//459 470//470 468//468 
f 551//551 470//470 459//459 
f 551//551 459//459 539//539 
f 539//539 459//459 460//460 
f 461//461 540//540 460//460 
f 460//460 540//540 539//539 
f 464//464 461//461 457//457 
f 464//464 541//541 461//461 
f 541//541 540//540 461//461 
f 465//465 541//541 464//464 
f 542//542 541//541 465//465 
f 537//537 542//542 465//465 
f 466//466 543//543 538//538 
f 467//467 543//543 466//466 
f 544//544 543//543 467//467 
f 458//458 544//544 467//467 
f 458//458 462//462 544//544 
f 462//462 545//545 544//544 
f 463//463 546//546 462//462 
f 462//462 546//546 545//545 
f 546//546 463//463 469//469 
f 552//552 546//546 469//469 
f 470//470 473//473 471//471 
f 468//468 470//470 471//471 
f 555//555 470//470 551//551 
f 473//473 470//470 555//555 
f 469//469 472//472 552//552 
f 552//552 472//472 556//556 
f 473//473 557//557 560//560 
f 473//473 560//560 471//471 
f 471//471 560//560 474//474 
f 555//555 557//557 473//473 
f 472//472 475//475 556//556 
f 556//556 475//475 561//561 
f 474//474 560//560 476//476 
f 560//560 562//562 476//476 
f 475//475 477//477 561//561 
f 561//561 477//477 563//563 
f 478//478 564//564 566//566 
f 480//480 478//478 566//566 
f 479//479 565//565 478//478 
f 478//478 565//565 564//564 
f 562//562 479//479 476//476 
f 565//565 479//479 562//562 
f 477//477 481//481 563//563 
f 563//563 481//481 567//567 
f 480//480 566//566 482//482 
f 566//566 568//568 482//482 
f 481//481 483//483 567//567 
f 567//567 483//483 569//569 
f 482//482 568//568 484//484 
f 568//568 570//570 484//484 
f 483//483 485//485 569//569 
f 569//569 485//485 571//571 
f 484//484 570//570 486//486 
f 570//570 572//572 486//486 
f 485//485 487//487 571//571 
f 571//571 487//487 573//573 
f 486//486 572//572 488//488 
f 572//572 574//574 488//488 
f 487//487 489//489 573//573 
f 573//573 489//489 575//575 
f 488//488 574//574 490//490 
f 574//574 576//576 490//490 
f 489//489 491//491 575//575 
f 575//575 491//491 577//577 
f 490//490 576//576 492//492 
f 576//576 578//578 492//492 
f 491//491 493//493 577//577 
f 577//577 493//493 579//579 
f 492//492 578//578 494//494 
f 578//578 580//580 494//494 
f 493//493 495//495 579//579 
f 579//579 495//495 581//581 
f 494//494 580//580 498//498 
f 580//580 584//584 498//498 
f 496//496 585//585 582//582 
f 499//499 585//585 496//496 
f 497//497 496//496 583//583 
f 496//496 582//582 583//583 
f 581//581 495//495 497//497 
f 583//583 581//581 497//497 
f 498//498 584//584 500//500 
f 584//584 586//586 500//500 
f 499//499 501//501 585//585 
f 585//585 501//501 587//587 
f 500//500 586//586 588//588 
f 502//502 500//500 588//588 
f 503//503 502//502 589//589 
f 502//502 588//588 589//589 
f 589//589 506//506 503//503 
f 592//592 506//506 589//589 
f 504//504 593//593 590//590 
f 507//507 593//593 504//504 
f 505//505 504//504 591//591 
f 504//504 590//590 591//591 
f 587//587 501//501 505//505 
f 591//591 587//587 505//505 
f 506//506 592//592 508//508 
f 592//592 594//594 508//508 
f 507//507 509//509 593//593 
f 593//593 509//509 595//595 
f 508//508 594//594 596//596 
f 510//510 508//508 596//596 
f 511//511 510//510 597//597 
f 510//510 596//596 597//597 
f 512//512 511//511 598//598 
f 511//511 597//597 598//598 
f 598//598 517//517 512//512 
f 601//601 517//517 598//598 
f 513//513 518//518 519//519 
f 513//513 520//520 514//514 
f 519//519 520//520 513//513 
f 602//602 514//514 520//520 
f 602//602 599//599 514//514 
f 599//599 515//515 514//514 
f 516//516 515//515 600//600 
f 515//515 599//599 600//600 
f 595//595 509//509 516//516 
f 600//600 595//595 516//516 
f 517//517 601//601 521//521 
f 601//601 605//605 521//521 
f 519//519 522//522 525//525 
f 518//518 522//522 519//519 
f 520//520 519//519 526//526 
f 526//526 519//519 525//525 
f 606//606 602//602 520//520 
f 526//526 606//606 520//520 
f 521//521 605//605 607//607 
f 523//523 521//521 607//607 
f 524//524 523//523 608//608 
f 523//523 607//607 608//608 
f 525//525 522//522 524//524 
f 525//525 524//524 609//609 
f 609//609 524//524 608//608 
f 526//526 525//525 609//609 
f 610//610 526//526 609//609 
f 606//606 526//526 610//610 
f 527//527 533//533 531//531 
f 527//527 528//528 534//534 
f 533//533 527//527 534//534 
f 528//528 529//529 535//535 
f 534//534 528//528 535//535 
f 529//529 530//530 536//536 
f 535//535 529//529 536//536 
f 530//530 532//532 536//536 
f 533//533 547//547 537//537 
f 531//531 533//533 537//537 
f 534//534 548//548 533//533 
f 548//548 547//547 533//533 
f 535//535 549//549 534//534 
f 549//549 548//548 534//534 
f 536//536 550//550 535//535 
f 550//550 549//549 535//535 
f 532//532 538//538 550//550 
f 536//536 532//532 550//550 
f 539//539 613//613 623//623 
f 551//551 539//539 623//623 
f 540//540 614//614 539//539 
f 539//539 614//614 613//613 
f 541//541 615//615 540//540 
f 540//540 615//615 614//614 
f 542//542 616//616 541//541 
f 541//541 616//616 615//615 
f 547//547 542//542 537//537 
f 547//547 617//617 542//542 
f 617//617 616//616 542//542 
f 548//548 617//617 547//547 
f 618//618 617//617 548//548 
f 549//549 618//618 548//548 
f 619//619 618//618 549//549 
f 550//550 619//619 549//549 
f 620//620 619//619 550//550 
f 538//538 620//620 550//550 
f 538//538 543//543 620//620 
f 543//543 621//621 620//620 
f 544//544 622//622 543//543 
f 543//543 622//622 621//621 
f 553//553 624//624 622//622 
f 553//553 622//622 545//545 
f 545//545 622//622 544//544 
f 545//545 546//546 554//554 
f 553//553 545//545 554//554 
f 546//546 552//552 554//554 
f 551//551 623//623 555//555 
f 623//623 635//635 555//555 
f 558//558 624//624 553//553 
f 636//636 624//624 558//558 
f 554//554 559//559 553//553 
f 559//559 558//558 553//553 
f 552//552 556//556 559//559 
f 554//554 552//552 559//559 
f 557//557 637//637 650//650 
f 560//560 557//557 650//650 
f 635//635 557//557 555//555 
f 637//637 557//557 635//635 
f 558//558 638//638 636//636 
f 559//559 638//638 558//558 
f 639//639 638//638 559//559 
f 639//639 559//559 556//556 
f 639//639 556//556 651//651 
f 651//651 556//556 561//561 
f 560//560 650//650 562//562 
f 650//650 654//654 562//562 
f 561//561 563//563 651//651 
f 651//651 563//563 655//655 
f 564//564 656//656 660//660 
f 566//566 564//564 660//660 
f 565//565 657//657 564//564 
f 564//564 657//657 656//656 
f 654//654 565//565 562//562 
f 657//657 565//565 654//654 
f 563//563 567//567 655//655 
f 655//655 567//567 661//661 
f 566//566 660//660 568//568 
f 660//660 662//662 568//568 
f 567//567 569//569 661//661 
f 661//661 569//569 663//663 
f 568//568 662//662 570//570 
f 662//662 664//664 570//570 
f 569//569 571//571 663//663 
f 663//663 571//571 665//665 
f 570//570 664//664 572//572 
f 664//664 666//666 572//572 
f 571//571 573//573 665//665 
f 665//665 573//573 667//667 
f 572//572 666//666 574//574 
f 666//666 668//668 574//574 
f 573//573 575//575 667//667 
f 667//667 575//575 669//669 
f 574//574 668//668 576//576 
f 668//668 670//670 576//576 
f 575//575 577//577 669//669 
f 669//669 577//577 671//671 
f 576//576 670//670 578//578 
f 670//670 672//672 578//578 
f 577//577 579//579 671//671 
f 671//671 579//579 673//673 
f 578//578 672//672 580//580 
f 672//672 676//676 580//580 
f 579//579 581//581 673//673 
f 673//673 581//581 677//677 
f 580//580 676//676 584//584 
f 676//676 682//682 584//584 
f 582//582 683//683 678//678 
f 585//585 683//683 582//582 
f 583//583 582//582 679//679 
f 582//582 678//678 679//679 
f 677//677 581//581 583//583 
f 679//679 677//677 583//583 
f 584//584 682//682 586//586 
f 682//682 684//684 586//586 
f 585//585 587//587 683//683 
f 683//683 587//587 685//685 
f 586//586 684//684 686//686 
f 588//588 586//586 686//686 
f 589//589 588//588 687//687 
f 588//588 686//686 687//687 
f 687//687 592//592 589//589 
f 690//690 592//592 687//687 
f 590//590 691//691 688//688 
f 593//593 691//691 590//590 
f 591//591 590//590 689//689 
f 590//590 688//688 689//689 
f 685//685 587//587 591//591 
f 689//689 685//685 591//591 
f 592//592 690//690 594//594 
f 690//690 694//694 594//594 
f 593//593 595//595 691//691 
f 691//691 595//595 695//695 
f 594//594 694//694 696//696 
f 596//596 594//594 696//696 
f 603//603 696//696 701//701 
f 603//603 597//597 696//696 
f 597//597 596//596 696//696 
f 597//597 604//604 598//598 
f 603//603 604//604 597//597 
f 598//598 604//604 601//601 
f 599//599 702//702 697//697 
f 602//602 702//702 599//599 
f 600//600 599//599 698//698 
f 599//599 697//697 698//698 
f 695//695 595//595 600//600 
f 698//698 695//695 600//600 
f 611//611 603//603 701//701 
f 703//703 611//611 701//701 
f 604//604 603//603 612//612 
f 612//612 603//603 611//611 
f 601//601 612//612 605//605 
f 604//604 612//612 601//601 
f 602//602 606//606 702//702 
f 702//702 606//606 704//704 
f 611//611 703//703 705//705 
f 612//612 611//611 705//705 
f 706//706 612//612 705//705 
f 605//605 612//612 706//706 
f 605//605 706//706 607//607 
f 607//607 706//706 707//707 
f 608//608 607//607 708//708 
f 607//607 707//707 708//708 
f 609//609 608//608 709//709 
f 608//608 708//708 709//709 
f 610//610 609//609 710//710 
f 609//609 709//709 710//710 
f 704//704 606//606 610//610 
f 710//710 704//704 610//610 
f 613//613 625//625 623//623 
f 613//613 614//614 626//626 
f 625//625 613//613 626//626 
f 614//614 615//615 627//627 
f 626//626 614//614 627//627 
f 615//615 616//616 628//628 
f 627//627 615//615 628//628 
f 616//616 617//617 629//629 
f 628//628 616//616 629//629 
f 617//617 618//618 630//630 
f 629//629 617//617 630//630 
f 618//618 619//619 631//631 
f 630//630 618//618 631//631 
f 619//619 620//620 632//632 
f 631//631 619//619 632//632 
f 620//620 621//621 633//633 
f 632//632 620//620 633//633 
f 621//621 622//622 634//634 
f 633//633 621//621 634//634 
f 622//622 624//624 634//634 
f 625//625 640//640 635//635 
f 623//623 625//625 635//635 
f 626//626 641//641 625//625 
f 641//641 640//640 625//625 
f 627//627 642//642 626//626 
f 642//642 641//641 626//626 
f 628//628 643//643 627//627 
f 643//643 642//642 627//627 
f 629//629 644//644 628//628 
f 644//644 643//643 628//628 
f 630//630 645//645 629//629 
f 645//645 644//644 629//629 
f 631//631 646//646 630//630 
f 646//646 645//645 630//630 
f 632//632 647//647 631//631 
f 647//647 646//646 631//631 
f 633//633 648//648 632//632 
f 648//648 647//647 632//632 
f 634//634 649//649 633//633 
f 649//649 648//648 633//633 
f 624//624 636//636 649//649 
f 634//634 624//624 649//649 
f 637//637 711//711 722//722 
f 650//650 637//637 722//722 
f 640//640 637//637 635//635 
f 640//640 712//712 637//637 
f 712//712 711//711 637//637 
f 641//641 712//712 640//640 
f 713//713 712//712 641//641 
f 642//642 713//713 641//641 
f 714//714 713//713 642//642 
f 643//643 714//714 642//642 
f 715//715 714//714 643//643 
f 644//644 715//715 643//643 
f 716//716 715//715 644//644 
f 645//645 716//716 644//644 
f 717//717 716//716 645//645 
f 646//646 717//717 645//645 
f 718//718 717//717 646//646 
f 647//647 718//718 646//646 
f 719//719 718//718 647//647 
f 648//648 719//719 647//647 
f 720//720 719//719 648//648 
f 649//649 720//720 648//648 
f 721//721 720//720 649//649 
f 652//652 723//723 721//721 
f 638//638 652//652 721//721 
f 638//638 721//721 649//649 
f 638//638 649//649 636//636 
f 638//638 639//639 653//653 
f 652//652 638//638 653//653 
f 639//639 651//651 653//653 
f 650//650 722//722 654//654 
f 722//722 724//724 654//654 
f 658//658 723//723 652//652 
f 725//725 723//723 658//658 
f 653//653 659//659 652//652 
f 659//659 658//658 652//652 
f 651//651 655//655 659//659 
f 653//653 651//651 659//659 
f 656//656 726//726 730//730 
f 660//660 656//656 730//730 
f 657//657 727//727 656//656 
f 656//656 727//727 726//726 
f 724//724 657//657 654//654 
f 727//727 657//657 724//724 
f 658//658 728//728 725//725 
f 659//659 728//728 658//658 
f 729//729 728//728 659//659 
f 729//729 659//659 655//655 
f 729//729 655//655 731//731 
f 731//731 655//655 661//661 
f 660//660 730//730 662//662 
f 730//730 732//732 662//662 
f 661//661 663//663 731//731 
f 731//731 663//663 733//733 
f 662//662 732//732 664//664 
f 732//732 734//734 664//664 
f 663//663 665//665 733//733 
f 733//733 665//665 735//735 
f 664//664 734//734 666//666 
f 734//734 736//736 666//666 
f 665//665 667//667 735//735 
f 735//735 667//667 737//737 
f 666//666 736//736 668//668 
f 736//736 738//738 668//668 
f 667//667 669//669 737//737 
f 737//737 669//669 739//739 
f 668//668 738//738 670//670 
f 738//738 740//740 670//670 
f 669//669 671//671 739//739 
f 739//739 671//671 741//741 
f 670//670 740//740 672//672 
f 740//740 744//744 672//672 
f 674//674 745//745 742//742 
f 674//674 743//743 675//675 
f 742//742 743//743 674//674 
f 675//675 743//743 741//741 
f 675//675 741//741 673//673 
f 673//673 741//741 671//671 
f 672//672 744//744 676//676 
f 744//744 746//746 676//676 
f 680//680 745//745 674//674 
f 747//747 745//745 680//680 
f 675//675 681//681 674//674 
f 681//681 680//680 674//674 
f 673//673 677//677 681//681 
f 675//675 673//673 681//681 
f 676//676 746//746 682//682 
f 746//746 748//748 682//682 
f 678//678 747//747 680//680 
f 678//678 683//683 747//747 
f 683//683 749//749 747//747 
f 679//679 678//678 680//680 
f 681//681 679//679 680//680 
f 677//677 679//679 681//681 
f 682//682 748//748 684//684 
f 748//748 750//750 684//684 
f 683//683 685//685 749//749 
f 749//749 685//685 751//751 
f 684//684 750//750 752//752 
f 686//686 684//684 752//752 
f 687//687 686//686 753//753 
f 686//686 752//752 753//753 
f 753//753 690//690 687//687 
f 754//754 690//690 753//753 
f 688//688 691//691 692//692 
f 688//688 693//693 689//689 
f 692//692 693//693 688//688 
f 689//689 693//693 755//755 
f 689//689 755//755 685//685 
f 685//685 755//755 751//751 
f 690//690 754//754 694//694 
f 754//754 756//756 694//694 
f 692//692 695//695 699//699 
f 691//691 695//695 692//692 
f 693//693 692//692 700//700 
f 700//700 692//692 699//699 
f 757//757 755//755 693//693 
f 700//700 757//757 693//693 
f 694//694 756//756 758//758 
f 696//696 694//694 758//758 
f 758//758 701//701 696//696 
f 763//763 701//701 758//758 
f 697//697 764//764 759//759 
f 702//702 764//764 697//697 
f 698//698 697//697 760//760 
f 697//697 759//759 760//760 
f 699//699 695//695 698//698 
f 699//699 698//698 761//761 
f 761//761 698//698 760//760 
f 700//700 699//699 761//761 
f 762//762 700//700 761//761 
f 757//757 700//700 762//762 
f 701//701 763//763 703//703 
f 763//763 765//765 703//703 
f 702//702 704//704 764//764 
f 764//764 704//704 766//766 
f 703//703 765//765 767//767 
f 705//705 703//703 767//767 
f 706//706 705//705 768//768 
f 705//705 767//767 768//768 
f 707//707 706//706 769//769 
f 706//706 768//768 769//769 
f 708//708 707//707 770//770 
f 707//707 769//769 770//770 
f 709//709 708//708 771//771 
f 708//708 770//770 771//771 
f 710//710 709//709 772//772 
f 709//709 771//771 772//772 
f 766//766 704//704 710//710 
f 772//772 766//766 710//710 
f 711//711 773//773 784//784 
f 722//722 711//711 784//784 
f 712//712 774//774 711//711 
f 711//711 774//774 773//773 
f 713//713 775//775 712//712 
f 712//712 775//775 774//774 
f 714//714 776//776 713//713 
f 713//713 776//776 775//775 
f 715//715 777//777 714//714 
f 714//714 777//777 776//776 
f 716//716 778//778 715//715 
f 715//715 778//778 777//777 
f 717//717 779//779 716//716 
f 716//716 779//779 778//778 
f 718//718 780//780 717//717 
f 717//717 780//780 779//779 
f 719//719 781//781 718//718 
f 718//718 781//781 780//780 
f 720//720 782//782 719//719 
f 719//719 782//782 781//781 
f 721//721 783//783 720//720 
f 720//720 783//783 782//782 
f 783//783 721//721 723//723 
f 785//785 783//783 723//723 
f 722//722 784//784 724//724 
f 784//784 789//789 724//724 
f 723//723 725//725 785//785 
f 785//785 725//725 790//790 
f 726//726 791//791 798//798 
f 730//730 726//726 798//798 
f 727//727 792//792 726//726 
f 726//726 792//792 791//791 
f 789//789 727//727 724//724 
f 792//792 727//727 789//789 
f 725//725 793//793 790//790 
f 728//728 793//793 725//725 
f 729//729 794//794 728//728 
f 728//728 794//794 793//793 
f 794//794 729//729 731//731 
f 799//799 794//794 731//731 
f 730//730 798//798 732//732 
f 798//798 804//804 732//732 
f 731//731 733//733 799//799 
f 799//799 733//733 805//805 
f 732//732 804//804 734//734 
f 804//804 810//810 734//734 
f 733//733 735//735 805//805 
f 805//805 735//735 811//811 
f 734//734 810//810 736//736 
f 810//810 814//814 736//736 
f 735//735 737//737 811//811 
f 811//811 737//737 815//815 
f 736//736 814//814 738//738 
f 814//814 818//818 738//738 
f 737//737 739//739 815//815 
f 815//815 739//739 819//819 
f 738//738 818//818 740//740 
f 818//818 822//822 740//740 
f 739//739 741//741 819//819 
f 819//819 741//741 823//823 
f 740//740 822//822 744//744 
f 822//822 828//828 744//744 
f 742//742 829//829 824//824 
f 745//745 829//829 742//742 
f 743//743 742//742 825//825 
f 742//742 824//824 825//825 
f 823//823 741//741 743//743 
f 825//825 823//823 743//743 
f 744//744 828//828 746//746 
f 828//828 830//830 746//746 
f 745//745 747//747 829//829 
f 829//829 747//747 831//831 
f 746//746 830//830 748//748 
f 830//830 832//832 748//748 
f 747//747 749//749 831//831 
f 831//831 749//749 833//833 
f 748//748 832//832 750//750 
f 832//832 834//834 750//750 
f 749//749 751//751 833//833 
f 833//833 751//751 835//835 
f 750//750 834//834 836//836 
f 752//752 750//750 836//836 
f 753//753 752//752 837//837 
f 752//752 836//836 837//837 
f 837//837 754//754 753//753 
f 838//838 754//754 837//837 
f 751//751 755//755 835//835 
f 835//835 755//755 839//839 
f 754//754 838//838 756//756 
f 838//838 842//842 756//756 
f 755//755 757//757 839//839 
f 839//839 757//757 843//843 
f 756//756 842//842 844//844 
f 758//758 756//756 844//844 
f 844//844 763//763 758//758 
f 851//851 763//763 844//844 
f 759//759 852//852 845//845 
f 764//764 852//852 759//759 
f 760//760 759//759 846//846 
f 759//759 845//845 846//846 
f 761//761 760//760 847//847 
f 760//760 846//846 847//847 
f 762//762 761//761 848//848 
f 761//761 847//847 848//848 
f 843//843 757//757 762//762 
f 848//848 843//843 762//762 
f 763//763 851//851 765//765 
f 851//851 853//853 765//765 
f 764//764 766//766 852//852 
f 852//852 766//766 854//854 
f 765//765 853//853 855//855 
f 767//767 765//765 855//855 
f 768//768 767//767 856//856 
f 767//767 855//855 856//856 
f 769//769 768//768 857//857 
f 768//768 856//856 857//857 
f 770//770 769//769 858//858 
f 769//769 857//857 858//858 
f 771//771 770//770 859//859 
f 770//770 858//858 859//859 
f 772//772 771//771 860//860 
f 771//771 859//859 860//860 
f 854//854 766//766 772//772 
f 860//860 854//854 772//772 
f 773//773 786//786 784//784 
f 869//869 786//786 773//773 
f 869//869 773//773 861//861 
f 861//861 773//773 774//774 
f 775//775 862//862 774//774 
f 774//774 862//862 861//861 
f 776//776 863//863 775//775 
f 775//775 863//863 862//862 
f 777//777 864//864 776//776 
f 776//776 864//864 863//863 
f 778//778 865//865 777//777 
f 777//777 865//865 864//864 
f 779//779 866//866 778//778 
f 778//778 866//866 865//865 
f 780//780 867//867 779//779 
f 779//779 867//867 866//866 
f 781//781 868//868 780//780 
f 780//780 868//868 867//867 
f 787//787 870//870 868//868 
f 787//787 868//868 782//782 
f 782//782 868//868 781//781 
f 782//782 783//783 788//788 
f 787//787 782//782 788//788 
f 783//783 785//785 788//788 
f 786//786 795//795 789//789 
f 784//784 786//786 789//789 
f 873//873 786//786 869//869 
f 795//795 786//786 873//873 
f 796//796 870//870 787//787 
f 874//874 870//870 796//796 
f 788//788 797//797 787//787 
f 797//797 796//796 787//787 
f 785//785 790//790 797//797 
f 788//788 785//785 797//797 
f 791//791 800//800 798//798 
f 791//791 792//792 801//801 
f 800//800 791//791 801//801 
f 792//792 880//880 801//801 
f 789//789 880//880 792//792 
f 789//789 875//875 880//880 
f 789//789 795//795 875//875 
f 873//873 875//875 795//795 
f 796//796 876//876 874//874 
f 797//797 876//876 796//796 
f 877//877 876//876 797//797 
f 802//802 881//881 877//877 
f 793//793 802//802 877//877 
f 793//793 877//877 797//797 
f 793//793 797//797 790//790 
f 793//793 794//794 803//803 
f 802//802 793//793 803//803 
f 794//794 799//799 803//803 
f 800//800 806//806 804//804 
f 798//798 800//800 804//804 
f 801//801 807//807 800//800 
f 807//807 806//806 800//800 
f 882//882 801//801 880//880 
f 807//807 801//801 882//882 
f 808//808 881//881 802//802 
f 883//883 881//881 808//808 
f 803//803 809//809 802//802 
f 809//809 808//808 802//802 
f 799//799 805//805 809//809 
f 803//803 799//799 809//809 
f 806//806 884//884 886//886 
f 806//806 886//886 804//804 
f 804//804 886//886 810//810 
f 807//807 884//884 806//806 
f 885//885 884//884 807//807 
f 882//882 885//885 807//807 
f 812//812 883//883 808//808 
f 887//887 883//883 812//812 
f 809//809 813//813 808//808 
f 813//813 812//812 808//808 
f 805//805 811//811 813//813 
f 809//809 805//805 813//813 
f 810//810 886//886 814//814 
f 886//886 888//888 814//814 
f 816//816 887//887 812//812 
f 889//889 887//887 816//816 
f 813//813 817//817 812//812 
f 817//817 816//816 812//812 
f 811//811 815//815 817//817 
f 813//813 811//811 817//817 
f 814//814 888//888 818//818 
f 888//888 890//890 818//818 
f 820//820 889//889 816//816 
f 891//891 889//889 820//820 
f 817//817 821//821 816//816 
f 821//821 820//820 816//816 
f 815//815 819//819 821//821 
f 817//817 815//815 821//821 
f 818//818 890//890 822//822 
f 890//890 892//892 822//822 
f 826//826 891//891 820//820 
f 893//893 891//891 826//826 
f 821//821 827//827 820//820 
f 827//827 826//826 820//820 
f 819//819 823//823 827//827 
f 821//821 819//819 827//827 
f 822//822 892//892 828//828 
f 892//892 894//894 828//828 
f 824//824 893//893 826//826 
f 824//824 829//829 893//893 
f 829//829 895//895 893//893 
f 825//825 824//824 826//826 
f 827//827 825//825 826//826 
f 823//823 825//825 827//827 
f 828//828 894//894 830//830 
f 894//894 896//896 830//830 
f 829//829 831//831 895//895 
f 895//895 831//831 897//897 
f 830//830 896//896 832//832 
f 896//896 898//898 832//832 
f 831//831 833//833 897//897 
f 897//897 833//833 899//899 
f 832//832 898//898 834//834 
f 898//898 900//900 834//834 
f 833//833 835//835 899//899 
f 899//899 835//835 901//901 
f 840//840 836//836 834//834 
f 840//840 834//834 902//902 
f 902//902 834//834 900//900 
f 836//836 841//841 837//837 
f 840//840 841//841 836//836 
f 837//837 841//841 838//838 
f 835//835 839//839 901//901 
f 901//901 839//839 903//903 
f 849//849 840//840 902//902 
f 904//904 849//849 902//902 
f 841//841 840//840 850//850 
f 850//850 840//840 849//849 
f 838//838 850//850 842//842 
f 841//841 850//850 838//838 
f 839//839 843//843 903//903 
f 903//903 843//843 905//905 
f 849//849 904//904 906//906 
f 850//850 849//849 906//906 
f 907//907 850//850 906//906 
f 842//842 850//850 907//907 
f 842//842 907//907 844//844 
f 844//844 907//907 908//908 
f 908//908 851//851 844//844 
f 913//913 851//851 908//908 
f 845//845 914//914 909//909 
f 852//852 914//914 845//845 
f 846//846 845//845 910//910 
f 845//845 909//909 910//910 
f 847//847 846//846 911//911 
f 846//846 910//910 911//911 
f 848//848 847//847 912//912 
f 847//847 911//911 912//912 
f 905//905 843//843 848//848 
f 912//912 905//905 848//848 
f 851//851 913//913 853//853 
f 913//913 918//918 853//853 
f 852//852 854//854 914//914 
f 914//914 854//854 919//919 
f 853//853 918//918 920//920 
f 855//855 853//853 920//920 
f 856//856 855//855 921//921 
f 855//855 920//920 921//921 
f 857//857 856//856 922//922 
f 856//856 921//921 922//922 
f 858//858 857//857 923//923 
f 857//857 922//922 923//923 
f 859//859 858//858 924//924 
f 858//858 923//923 924//924 
f 860//860 859//859 925//925 
f 859//859 924//924 925//925 
f 919//919 854//854 860//860 
f 925//925 919//919 860//860 
f 861//861 929//929 935//935 
f 869//869 861//861 935//935 
f 862//862 930//930 861//861 
f 861//861 930//930 929//929 
f 863//863 931//931 862//862 
f 862//862 931//931 930//930 
f 864//864 932//932 863//863 
f 863//863 932//932 931//931 
f 865//865 933//933 864//864 
f 864//864 933//933 932//932 
f 866//866 934//934 865//865 
f 865//865 934//934 933//933 
f 871//871 936//936 934//934 
f 871//871 934//934 867//867 
f 867//867 934//934 866//866 
f 867//867 868//868 872//872 
f 871//871 867//867 872//872 
f 868//868 870//870 872//872 
f 869//869 935//935 873//873 
f 935//935 943//943 873//873 
f 878//878 936//936 871//871 
f 944//944 936//936 878//878 
f 872//872 879//879 871//871 
f 879//879 878//878 871//871 
f 870//870 874//874 879//879 
f 872//872 870//870 879//879 
f 875//875 945//945 956//956 
f 880//880 875//875 956//956 
f 943//943 875//875 873//873 
f 945//945 875//875 943//943 
f 878//878 946//946 944//944 
f 879//879 946//946 878//878 
f 947//947 946//946 879//879 
f 874//874 947//947 879//879 
f 874//874 876//876 947//947 
f 876//876 948//948 947//947 
f 877//877 949//949 876//876 
f 876//876 949//949 948//948 
f 949//949 877//877 881//881 
f 957//957 949//949 881//881 
f 880//880 956//956 882//882 
f 956//956 960//960 882//882 
f 881//881 883//883 957//957 
f 957//957 883//883 961//961 
f 884//884 962//962 966//966 
f 886//886 884//884 966//966 
f 885//885 963//963 884//884 
f 884//884 963//963 962//962 
f 960//960 885//885 882//882 
f 963//963 885//885 960//960 
f 883//883 887//887 961//961 
f 961//961 887//887 967//967 
f 886//886 966//966 888//888 
f 966//966 968//968 888//888 
f 887//887 889//889 967//967 
f 967//967 889//889 969//969 
f 888//888 968//968 890//890 
f 968//968 970//970 890//890 
f 889//889 891//891 969//969 
f 969//969 891//891 971//971 
f 890//890 970//970 892//892 
f 970//970 972//972 892//892 
f 891//891 893//893 971//971 
f 971//971 893//893 973//973 
f 892//892 972//972 894//894 
f 972//972 974//974 894//894 
f 893//893 895//895 973//973 
f 973//973 895//895 975//975 
f 894//894 974//974 896//896 
f 974//974 976//976 896//896 
f 895//895 897//897 975//975 
f 975//975 897//897 977//977 
f 896//896 976//976 898//898 
f 976//976 978//978 898//898 
f 897//897 899//899 977//977 
f 977//977 899//899 979//979 
f 898//898 978//978 900//900 
f 978//978 980//980 900//900 
f 899//899 901//901 979//979 
f 979//979 901//901 981//981 
f 900//900 980//980 902//902 
f 980//980 982//982 902//902 
f 901//901 903//903 981//981 
f 981//981 903//903 983//983 
f 902//902 982//982 904//904 
f 982//982 984//984 904//904 
f 903//903 905//905 983//983 
f 983//983 905//905 985//985 
f 904//904 984//984 986//986 
f 906//906 904//904 986//986 
f 907//907 906//906 987//987 
f 906//906 986//986 987//987 
f 915//915 987//987 990//990 
f 915//915 908//908 987//987 
f 908//908 907//907 987//987 
f 908//908 915//915 913//913 
f 909//909 914//914 916//916 
f 909//909 917//917 910//910 
f 916//916 917//917 909//909 
f 991//991 910//910 917//917 
f 991//991 988//988 910//910 
f 988//988 911//911 910//910 
f 912//912 911//911 989//989 
f 911//911 988//988 989//989 
f 985//985 905//905 912//912 
f 989//989 985//985 912//912 
f 926//926 915//915 990//990 
f 992//992 926//926 990//990 
f 913//913 926//926 918//918 
f 915//915 926//926 913//913 
f 916//916 919//919 927//927 
f 914//914 919//919 916//916 
f 917//917 916//916 928//928 
f 928//928 916//916 927//927 
f 993//993 991//991 917//917 
f 928//928 993//993 917//917 
f 926//926 992//992 994//994 
f 918//918 926//926 994//994 
f 918//918 994//994 920//920 
f 920//920 994//994 995//995 
f 921//921 920//920 996//996 
f 920//920 995//995 996//996 
f 922//922 921//921 997//997 
f 921//921 996//996 997//997 
f 923//923 922//922 998//998 
f 922//922 997//997 998//998 
f 924//924 923//923 999//999 
f 923//923 998//998 999//999 
f 925//925 924//924 1000//1000 
f 924//924 999//999 1000//1000 
f 927//927 919//919 925//925 
f 927//927 925//925 1001//1001 
f 1001//1001 925//925 1000//1000 
f 928//928 927//927 1001//1001 
f 1002//1002 928//928 1001//1001 
f 993//993 928//928 1002//1002 
f 929//929 937//937 935//935 
f 929//929 930//930 938//938 
f 937//937 929//929 938//938 
f 930//930 931//931 939//939 
f 938//938 930//930 939//939 
f 931//931 932//932 940//940 
f 939//939 931//931 940//940 
f 932//932 933//933 941//941 
f 940//940 932//932 941//941 
f 933//933 934//934 942//942 
f 941//941 933//933 942//942 
f 934//934 936//936 942//942 
f 937//937 950//950 943//943 
f 935//935 937//937 943//943 
f 938//938 951//951 937//937 
f 951//951 950//950 937//937 
f 939//939 952//952 938//938 
f 952//952 951//951 938//938 
f 940//940 953//953 939//939 
f 953//953 952//952 939//939 
f 941//941 954//954 940//940 
f 954//954 953//953 940//940 
f 942//942 955//955 941//941 
f 955//955 954//954 941//941 
f 936//936 944//944 955//955 
f 942//942 936//936 955//955 
f 945//945 1003//1003 1012//1012 
f 956//956 945//945 1012//1012 
f 950//950 945//945 943//943 
f 950//950 1004//1004 945//945 
f 1004//1004 1003//1003 945//945 
f 951//951 1004//1004 950//950 
f 1005//1005 1004//1004 951//951 
f 952//952 1005//1005 951//951 
f 1006//1006 1005//1005 952//952 
f 953//953 1006//1006 952//952 
f 1007//1007 1006//1006 953//953 
f 954//954 1007//1007 953//953 
f 1008//1008 1007//1007 954//954 
f 955//955 1008//1008 954//954 
f 1009//1009 1008//1008 955//955 
f 944//944 1009//1009 955//955 
f 944//944 946//946 1009//1009 
f 946//946 1010//1010 1009//1009 
f 947//947 1011//1011 946//946 
f 946//946 1011//1011 1010//1010 
f 958//958 1013//1013 1011//1011 
f 958//958 1011//1011 948//948 
f 948//948 1011//1011 947//947 
f 948//948 949//949 959//959 
f 958//958 948//948 959//959 
f 949//949 957//957 959//959 
f 956//956 1012//1012 960//960 
f 1012//1012 1014//1014 960//960 
f 964//964 1013//1013 958//958 
f 1015//1015 1013//1013 964//964 
f 959//959 965//965 958//958 
f 965//965 964//964 958//958 
f 957//957 961//961 965//965 
f 959//959 957//957 965//965 
f 962//962 1016//1016 1020//1020 
f 966//966 962//962 1020//1020 
f 963//963 1017//1017 962//962 
f 962//962 1017//1017 1016//1016 
f 1014//1014 963//963 960//960 
f 1017//1017 963//963 1014//1014 
f 964//964 1018//1018 1015//1015 
f 965//965 1018//1018 964//964 
f 1019//1019 1018//1018 965//965 
f 1019//1019 965//965 961//961 
f 1019//1019 961//961 1021//1021 
f 1021//1021 961//961 967//967 
f 966//966 1020//1020 968//968 
f 1020//1020 1022//1022 968//968 
f 967//967 969//969 1021//1021 
f 1021//1021 969//969 1023//1023 
f 968//968 1022//1022 970//970 
f 1022//1022 1024//1024 970//970 
f 969//969 971//971 1023//1023 
f 1023//1023 971//971 1025//1025 
f 970//970 1024//1024 972//972 
f 1024//1024 1026//1026 972//972 
f 971//971 973//973 1025//1025 
f 1025//1025 973//973 1027//1027 
f 972//972 1026//1026 974//974 
f 1026//1026 1028//1028 974//974 
f 973//973 975//975 1027//1027 
f 1027//1027 975//975 1029//1029 
f 974//974 1028//1028 976//976 
f 1028//1028 1032//1032 976//976 
f 975//975 977//977 1029//1029 
f 1029//1029 977//977 1033//1033 
f 976//976 1032//1032 978//978 
f 1032//1032 1036//1036 978//978 
f 977//977 979//979 1033//1033 
f 1033//1033 979//979 1037//1037 
f 978//978 1036//1036 980//980 
f 1036//1036 1038//1038 980//980 
f 979//979 981//981 1037//1037 
f 1037//1037 981//981 1039//1039 
f 980//980 1038//1038 982//982 
f 1038//1038 1040//1040 982//982 
f 981//981 983//983 1039//1039 
f 1039//1039 983//983 1041//1041 
f 982//982 1040//1040 984//984 
f 1040//1040 1042//1042 984//984 
f 983//983 985//985 1041//1041 
f 1041//1041 985//985 1043//1043 
f 984//984 1042//1042 1044//1044 
f 986//986 984//984 1044//1044 
f 987//987 986//986 1045//1045 
f 986//986 1044//1044 1045//1045 
f 1045//1045 990//990 987//987 
f 1048//1048 990//990 1045//1045 
f 988//988 1049//1049 1046//1046 
f 991//991 1049//1049 988//988 
f 989//989 988//988 1047//1047 
f 988//988 1046//1046 1047//1047 
f 1043//1043 985//985 989//989 
f 1047//1047 1043//1043 989//989 
f 990//990 1048//1048 992//992 
f 1048//1048 1050//1050 992//992 
f 991//991 993//993 1049//1049 
f 1049//1049 993//993 1051//1051 
f 992//992 1050//1050 1052//1052 
f 994//994 992//992 1052//1052 
f 995//995 994//994 1053//1053 
f 994//994 1052//1052 1053//1053 
f 996//996 995//995 1054//1054 
f 995//995 1053//1053 1054//1054 
f 997//997 996//996 1055//1055 
f 996//996 1054//1054 1055//1055 
f 998//998 997//997 1056//1056 
f 997//997 1055//1055 1056//1056 
f 999//999 998//998 1057//1057 
f 998//998 1056//1056 1057//1057 
f 1000//1000 999//999 1058//1058 
f 999//999 1057//1057 1058//1058 
f 1001//1001 1000//1000 1059//1059 
f 1000//1000 1058//1058 1059//1059 
f 1002//1002 1001//1001 1060//1060 
f 1001//1001 1059//1059 1060//1060 
f 1051//1051 993//993 1002//1002 
f 1060//1060 1051//1051 1002//1002 
f 1003//1003 1061//1061 1070//1070 
f 1012//1012 1003//1003 1070//1070 
f 1004//1004 1062//1062 1003//1003 
f 1003//1003 1062//1062 1061//1061 
f 1005//1005 1063//1063 1004//1004 
f 1004//1004 1063//1063 1062//1062 
f 1006//1006 1064//1064 1005//1005 
f 1005//1005 1064//1064 1063//1063 
f 1007//1007 1065//1065 1006//1006 
f 1006//1006 1065//1065 1064//1064 
f 1008//1008 1066//1066 1007//1007 
f 1007//1007 1066//1066 1065//1065 
f 1009//1009 1067//1067 1008//1008 
f 1008//1008 1067//1067 1066//1066 
f 1010//1010 1068//1068 1009//1009 
f 1009//1009 1068//1068 1067//1067 
f 1011//1011 1069//1069 1010//1010 
f 1010//1010 1069//1069 1068//1068 
f 1069//1069 1011//1011 1013//1013 
f 1071//1071 1069//1069 1013//1013 
f 1012//1012 1070//1070 1014//1014 
f 1070//1070 1074//1074 1014//1014 
f 1013//1013 1015//1015 1071//1071 
f 1071//1071 1015//1015 1075//1075 
f 1016//1016 1076//1076 1082//1082 
f 1020//1020 1016//1016 1082//1082 
f 1017//1017 1077//1077 1016//1016 
f 1016//1016 1077//1077 1076//1076 
f 1074//1074 1017//1017 1014//1014 
f 1077//1077 1017//1017 1074//1074 
f 1015//1015 1078//1078 1075//1075 
f 1018//1018 1078//1078 1015//1015 
f 1019//1019 1079//1079 1018//1018 
f 1018//1018 1079//1079 1078//1078 
f 1079//1079 1019//1019 1021//1021 
f 1083//1083 1079//1079 1021//1021 
f 1020//1020 1082//1082 1022//1022 
f 1082//1082 1086//1086 1022//1022 
f 1021//1021 1023//1023 1083//1083 
f 1083//1083 1023//1023 1087//1087 
f 1022//1022 1086//1086 1024//1024 
f 1086//1086 1090//1090 1024//1024 
f 1023//1023 1025//1025 1087//1087 
f 1087//1087 1025//1025 1091//1091 
f 1024//1024 1090//1090 1026//1026 
f 1090//1090 1092//1092 1026//1026 
f 1025//1025 1027//1027 1091//1091 
f 1091//1091 1027//1027 1093//1093 
f 1030//1030 1094//1094 1096//1096 
f 1030//1030 1031//1031 1095//1095 
f 1094//1094 1030//1030 1095//1095 
f 1031//1031 1092//1092 1095//1095 
f 1031//1031 1028//1028 1092//1092 
f 1028//1028 1026//1026 1092//1092 
f 1027//1027 1029//1029 1093//1093 
f 1093//1093 1029//1029 1097//1097 
f 1034//1034 1030//1030 1096//1096 
f 1098//1098 1034//1034 1096//1096 
f 1031//1031 1030//1030 1035//1035 
f 1035//1035 1030//1030 1034//1034 
f 1028//1028 1035//1035 1032//1032 
f 1031//1031 1035//1035 1028//1028 
f 1029//1029 1033//1033 1097//1097 
f 1097//1097 1033//1033 1099//1099 
f 1034//1034 1098//1098 1100//1100 
f 1035//1035 1034//1034 1100//1100 
f 1101//1101 1035//1035 1100//1100 
f 1101//1101 1032//1032 1035//1035 
f 1101//1101 1102//1102 1032//1032 
f 1102//1102 1036//1036 1032//1032 
f 1033//1033 1037//1037 1099//1099 
f 1099//1099 1037//1037 1103//1103 
f 1036//1036 1102//1102 1038//1038 
f 1102//1102 1106//1106 1038//1038 
f 1037//1037 1039//1039 1103//1103 
f 1103//1103 1039//1039 1107//1107 
f 1038//1038 1106//1106 1040//1040 
f 1106//1106 1110//1110 1040//1040 
f 1039//1039 1041//1041 1107//1107 
f 1107//1107 1041//1041 1111//1111 
f 1040//1040 1110//1110 1042//1042 
f 1110//1110 1112//1112 1042//1042 
f 1041//1041 1043//1043 1111//1111 
f 1111//1111 1043//1043 1113//1113 
f 1042//1042 1112//1112 1114//1114 
f 1044//1044 1042//1042 1114//1114 
f 1045//1045 1044//1044 1115//1115 
f 1044//1044 1114//1114 1115//1115 
f 1115//1115 1048//1048 1045//1045 
f 1118//1118 1048//1048 1115//1115 
f 1046//1046 1119//1119 1116//1116 
f 1049//1049 1119//1119 1046//1046 
f 1047//1047 1046//1046 1117//1117 
f 1046//1046 1116//1116 1117//1117 
f 1113//1113 1043//1043 1047//1047 
f 1117//1117 1113//1113 1047//1047 
f 1048//1048 1118//1118 1050//1050 
f 1118//1118 1122//1122 1050//1050 
f 1049//1049 1051//1051 1119//1119 
f 1119//1119 1051//1051 1123//1123 
f 1050//1050 1122//1122 1124//1124 
f 1052//1052 1050//1050 1124//1124 
f 1053//1053 1052//1052 1125//1125 
f 1052//1052 1124//1124 1125//1125 
f 1054//1054 1053//1053 1126//1126 
f 1053//1053 1125//1125 1126//1126 
f 1055//1055 1054//1054 1127//1127 
f 1054//1054 1126//1126 1127//1127 
f 1056//1056 1055//1055 1128//1128 
f 1055//1055 1127//1127 1128//1128 
f 1057//1057 1056//1056 1129//1129 
f 1056//1056 1128//1128 1129//1129 
f 1058//1058 1057//1057 1130//1130 
f 1057//1057 1129//1129 1130//1130 
f 1059//1059 1058//1058 1131//1131 
f 1058//1058 1130//1130 1131//1131 
f 1060//1060 1059//1059 1132//1132 
f 1059//1059 1131//1131 1132//1132 
f 1123//1123 1051//1051 1060//1060 
f 1132//1132 1123//1123 1060//1060 
f 1061//1061 1143//1143 1150//1150 
f 1070//1070 1061//1061 1150//1150 
f 1062//1062 1144//1144 1061//1061 
f 1061//1061 1144//1144 1143//1143 
f 1063//1063 1145//1145 1062//1062 
f 1062//1062 1145//1145 1144//1144 
f 1064//1064 1146//1146 1063//1063 
f 1063//1063 1146//1146 1145//1145 
f 1065//1065 1147//1147 1064//1064 
f 1064//1064 1147//1147 1146//1146 
f 1066//1066 1148//1148 1065//1065 
f 1065//1065 1148//1148 1147//1147 
f 1067//1067 1149//1149 1066//1066 
f 1066//1066 1149//1149 1148//1148 
f 1072//1072 1151//1151 1149//1149 
f 1072//1072 1149//1149 1068//1068 
f 1068//1068 1149//1149 1067//1067 
f 1068//1068 1069//1069 1073//1073 
f 1072//1072 1068//1068 1073//1073 
f 1069//1069 1071//1071 1073//1073 
f 1070//1070 1150//1150 1074//1074 
f 1150//1150 1152//1152 1074//1074 
f 1080//1080 1151//1151 1072//1072 
f 1153//1153 1151//1151 1080//1080 
f 1073//1073 1081//1081 1072//1072 
f 1081//1081 1080//1080 1072//1072 
f 1071//1071 1075//1075 1081//1081 
f 1073//1073 1071//1071 1081//1081 
f 1076//1076 1154//1154 1158//1158 
f 1082//1082 1076//1076 1158//1158 
f 1077//1077 1155//1155 1076//1076 
f 1076//1076 1155//1155 1154//1154 
f 1152//1152 1077//1077 1074//1074 
f 1155//1155 1077//1077 1152//1152 
f 1080//1080 1156//1156 1153//1153 
f 1081//1081 1156//1156 1080//1080 
f 1157//1157 1156//1156 1081//1081 
f 1084//1084 1159//1159 1157//1157 
f 1078//1078 1084//1084 1157//1157 
f 1078//1078 1157//1157 1081//1081 
f 1078//1078 1081//1081 1075//1075 
f 1078//1078 1079//1079 1085//1085 
f 1084//1084 1078//1078 1085//1085 
f 1079//1079 1083//1083 1085//1085 
f 1082//1082 1158//1158 1086//1086 
f 1158//1158 1160//1160 1086//1086 
f 1088//1088 1159//1159 1084//1084 
f 1161//1161 1159//1159 1088//1088 
f 1085//1085 1089//1089 1084//1084 
f 1089//1089 1088//1088 1084//1084 
f 1083//1083 1087//1087 1089//1089 
f 1085//1085 1083//1083 1089//1089 
f 1086//1086 1160//1160 1090//1090 
f 1160//1160 1164//1164 1090//1090 
f 1088//1088 1162//1162 1161//1161 
f 1089//1089 1162//1162 1088//1088 
f 1163//1163 1162//1162 1089//1089 
f 1163//1163 1089//1089 1087//1087 
f 1163//1163 1087//1087 1165//1165 
f 1165//1165 1087//1087 1091//1091 
f 1090//1090 1164//1164 1092//1092 
f 1164//1164 1166//1166 1092//1092 
f 1091//1091 1093//1093 1165//1165 
f 1165//1165 1093//1093 1167//1167 
f 1094//1094 1168//1168 1170//1170 
f 1096//1096 1094//1094 1170//1170 
f 1095//1095 1169//1169 1094//1094 
f 1094//1094 1169//1169 1168//1168 
f 1166//1166 1095//1095 1092//1092 
f 1169//1169 1095//1095 1166//1166 
f 1093//1093 1097//1097 1167//1167 
f 1167//1167 1097//1097 1171//1171 
f 1096//1096 1170//1170 1098//1098 
f 1170//1170 1172//1172 1098//1098 
f 1097//1097 1099//1099 1171//1171 
f 1171//1171 1099//1099 1173//1173 
f 1104//1104 1100//1100 1098//1098 
f 1104//1104 1098//1098 1174//1174 
f 1174//1174 1098//1098 1172//1172 
f 1100//1100 1105//1105 1101//1101 
f 1104//1104 1105//1105 1100//1100 
f 1101//1101 1105//1105 1102//1102 
f 1099//1099 1103//1103 1173//1173 
f 1173//1173 1103//1103 1175//1175 
f 1108//1108 1104//1104 1174//1174 
f 1176//1176 1108//1108 1174//1174 
f 1105//1105 1104//1104 1109//1109 
f 1109//1109 1104//1104 1108//1108 
f 1102//1102 1109//1109 1106//1106 
f 1105//1105 1109//1109 1102//1102 
f 1103//1103 1107//1107 1175//1175 
f 1175//1175 1107//1107 1177//1177 
f 1108//1108 1176//1176 1178//1178 
f 1109//1109 1108//1108 1178//1178 
f 1179//1179 1109//1109 1178//1178 
f 1179//1179 1106//1106 1109//1109 
f 1179//1179 1180//1180 1106//1106 
f 1180//1180 1110//1110 1106//1106 
f 1107//1107 1111//1111 1177//1177 
f 1177//1177 1111//1111 1181//1181 
f 1110//1110 1180//1180 1112//1112 
f 1180//1180 1182//1182 1112//1112 
f 1111//1111 1113//1113 1181//1181 
f 1181//1181 1113//1113 1183//1183 
f 1120//1120 1114//1114 1112//1112 
f 1120//1120 1112//1112 1186//1186 
f 1186//1186 1112//1112 1182//1182 
f 1114//1114 1121//1121 1115//1115 
f 1120//1120 1121//1121 1114//1114 
f 1115//1115 1121//1121 1118//1118 
f 1116//1116 1187//1187 1184//1184 
f 1119//1119 1187//1187 1116//1116 
f 1117//1117 1116//1116 1185//1185 
f 1116//1116 1184//1184 1185//1185 
f 1183//1183 1113//1113 1117//1117 
f 1185//1185 1183//1183 1117//1117 
f 1133//1133 1120//1120 1186//1186 
f 1188//1188 1133//1133 1186//1186 
f 1121//1121 1120//1120 1134//1134 
f 1134//1134 1120//1120 1133//1133 
f 1118//1118 1134//1134 1122//1122 
f 1121//1121 1134//1134 1118//1118 
f 1119//1119 1123//1123 1187//1187 
f 1187//1187 1123//1123 1189//1189 
f 1133//1133 1188//1188 1190//1190 
f 1134//1134 1133//1133 1190//1190 
f 1191//1191 1134//1134 1190//1190 
f 1122//1122 1134//1134 1191//1191 
f 1122//1122 1191//1191 1124//1124 
f 1124//1124 1191//1191 1192//1192 
f 1135//1135 1192//1192 1197//1197 
f 1135//1135 1125//1125 1192//1192 
f 1125//1125 1124//1124 1192//1192 
f 1125//1125 1136//1136 1126//1126 
f 1135//1135 1136//1136 1125//1125 
f 1126//1126 1137//1137 1127//1127 
f 1136//1136 1137//1137 1126//1126 
f 1127//1127 1138//1138 1128//1128 
f 1137//1137 1138//1138 1127//1127 
f 1198//1198 1128//1128 1138//1138 
f 1198//1198 1193//1193 1128//1128 
f 1193//1193 1129//1129 1128//1128 
f 1130//1130 1129//1129 1194//1194 
f 1129//1129 1193//1193 1194//1194 
f 1131//1131 1130//1130 1195//1195 
f 1130//1130 1194//1194 1195//1195 
f 1132//1132 1131//1131 1196//1196 
f 1131//1131 1195//1195 1196//1196 
f 1189//1189 1123//1123 1132//1132 
f 1196//1196 1189//1189 1132//1132 
f 1139//1139 1135//1135 1197//1197 
f 1199//1199 1139//1139 1197//1197 
f 1136//1136 1135//1135 1140//1140 
f 1140//1140 1135//1135 1139//1139 
f 1137//1137 1136//1136 1141//1141 
f 1141//1141 1136//1136 1140//1140 
f 1138//1138 1137//1137 1142//1142 
f 1142//1142 1137//1137 1141//1141 
f 1200//1200 1198//1198 1138//1138 
f 1142//1142 1200//1200 1138//1138 
f 1139//1139 1199//1199 1201//1201 
f 1140//1140 1139//1139 1201//1201 
f 1202//1202 1140//1140 1201//1201 
f 1141//1141 1140//1140 1202//1202 
f 1203//1203 1141//1141 1202//1202 
f 1142//1142 1141//1141 1203//1203 
f 1204//1204 1142//1142 1203//1203 
f 1200//1200 1142//1142 1204//1204 
f 1143//1143 1205//1205 1212//1212 
f 1150//1150 1143//1143 1212//1212 
f 1144//1144 1206//1206 1143//1143 
f 1143//1143 1206//1206 1205//1205 
f 1145//1145 1207//1207 1144//1144 
f 1144//1144 1207//1207 1206//1206 
f 1146//1146 1208//1208 1145//1145 
f 1145//1145 1208//1208 1207//1207 
f 1147//1147 1209//1209 1146//1146 
f 1146//1146 1209//1209 1208//1208 
f 1148//1148 1210//1210 1147//1147 
f 1147//1147 1210//1210 1209//1209 
f 1149//1149 1211//1211 1148//1148 
f 1148//1148 1211//1211 1210//1210 
f 1211//1211 1149//1149 1151//1151 
f 1213//1213 1211//1211 1151//1151 
f 1150//1150 1212//1212 1152//1152 
f 1212//1212 1217//1217 1152//1152 
f 1151//1151 1153//1153 1213//1213 
f 1213//1213 1153//1153 1218//1218 
f 1154//1154 1219//1219 1226//1226 
f 1158//1158 1154//1154 1226//1226 
f 1155//1155 1220//1220 1154//1154 
f 1154//1154 1220//1220 1219//1219 
f 1217//1217 1155//1155 1152//1152 
f 1220//1220 1155//1155 1217//1217 
f 1153//1153 1221//1221 1218//1218 
f 1156//1156 1221//1221 1153//1153 
f 1157//1157 1222//1222 1156//1156 
f 1156//1156 1222//1222 1221//1221 
f 1222//1222 1157//1157 1159//1159 
f 1227//1227 1222//1222 1159//1159 
f 1158//1158 1226//1226 1160//1160 
f 1226//1226 1228//1228 1160//1160 
f 1159//1159 1161//1161 1227//1227 
f 1227//1227 1161//1161 1229//1229 
f 1160//1160 1228//1228 1164//1164 
f 1228//1228 1232//1232 1164//1164 
f 1161//1161 1230//1230 1229//1229 
f 1162//1162 1230//1230 1161//1161 
f 1163//1163 1231//1231 1162//1162 
f 1162//1162 1231//1231 1230//1230 
f 1231//1231 1163//1163 1165//1165 
f 1233//1233 1231//1231 1165//1165 
f 1164//1164 1232//1232 1166//1166 
f 1232//1232 1234//1234 1166//1166 
f 1165//1165 1167//1167 1233//1233 
f 1233//1233 1167//1167 1235//1235 
f 1168//1168 1236//1236 1238//1238 
f 1170//1170 1168//1168 1238//1238 
f 1169//1169 1237//1237 1168//1168 
f 1168//1168 1237//1237 1236//1236 
f 1234//1234 1169//1169 1166//1166 
f 1237//1237 1169//1169 1234//1234 
f 1167//1167 1171//1171 1235//1235 
f 1235//1235 1171//1171 1239//1239 
f 1170//1170 1238//1238 1172//1172 
f 1238//1238 1240//1240 1172//1172 
f 1171//1171 1173//1173 1239//1239 
f 1239//1239 1173//1173 1241//1241 
f 1172//1172 1240//1240 1174//1174 
f 1240//1240 1242//1242 1174//1174 
f 1173//1173 1175//1175 1241//1241 
f 1241//1241 1175//1175 1243//1243 
f 1174//1174 1242//1242 1176//1176 
f 1242//1242 1244//1244 1176//1176 
f 1175//1175 1177//1177 1243//1243 
f 1243//1243 1177//1177 1245//1245 
f 1176//1176 1244//1244 1246//1246 
f 1178//1178 1176//1176 1246//1246 
f 1179//1179 1178//1178 1247//1247 
f 1178//1178 1246//1246 1247//1247 
f 1247//1247 1180//1180 1179//1179 
f 1248//1248 1180//1180 1247//1247 
f 1177//1177 1181//1181 1245//1245 
f 1245//1245 1181//1181 1249//1249 
f 1180//1180 1248//1248 1182//1182 
f 1248//1248 1252//1252 1182//1182 
f 1181//1181 1183//1183 1249//1249 
f 1249//1249 1183//1183 1253//1253 
f 1182//1182 1252//1252 1186//1186 
f 1252//1252 1258//1258 1186//1186 
f 1184//1184 1259//1259 1254//1254 
f 1187//1187 1259//1259 1184//1184 
f 1185//1185 1184//1184 1255//1255 
f 1184//1184 1254//1254 1255//1255 
f 1253//1253 1183//1183 1185//1185 
f 1255//1255 1253//1253 1185//1185 
f 1186//1186 1258//1258 1188//1188 
f 1258//1258 1260//1260 1188//1188 
f 1187//1187 1189//1189 1259//1259 
f 1259//1259 1189//1189 1261//1261 
f 1188//1188 1260//1260 1262//1262 
f 1190//1190 1188//1188 1262//1262 
f 1191//1191 1190//1190 1263//1263 
f 1190//1190 1262//1262 1263//1263 
f 1192//1192 1191//1191 1264//1264 
f 1191//1191 1263//1263 1264//1264 
f 1264//1264 1197//1197 1192//1192 
f 1269//1269 1197//1197 1264//1264 
f 1193//1193 1270//1270 1265//1265 
f 1198//1198 1270//1270 1193//1193 
f 1194//1194 1193//1193 1266//1266 
f 1193//1193 1265//1265 1266//1266 
f 1195//1195 1194//1194 1267//1267 
f 1194//1194 1266//1266 1267//1267 
f 1196//1196 1195//1195 1268//1268 
f 1195//1195 1267//1267 1268//1268 
f 1261//1261 1189//1189 1196//1196 
f 1268//1268 1261//1261 1196//1196 
f 1197//1197 1269//1269 1199//1199 
f 1269//1269 1274//1274 1199//1199 
f 1198//1198 1200//1200 1270//1270 
f 1270//1270 1200//1200 1275//1275 
f 1199//1199 1274//1274 1276//1276 
f 1201//1201 1199//1199 1276//1276 
f 1202//1202 1201//1201 1277//1277 
f 1201//1201 1276//1276 1277//1277 
f 1203//1203 1202//1202 1278//1278 
f 1202//1202 1277//1277 1278//1278 
f 1204//1204 1203//1203 1279//1279 
f 1203//1203 1278//1278 1279//1279 
f 1275//1275 1200//1200 1204//1204 
f 1279//1279 1275//1275 1204//1204 
f 1205//1205 1214//1214 1212//1212 
f 1287//1287 1214//1214 1205//1205 
f 1287//1287 1205//1205 1283//1283 
f 1283//1283 1205//1205 1206//1206 
f 1207//1207 1284//1284 1206//1206 
f 1206//1206 1284//1284 1283//1283 
f 1208//1208 1285//1285 1207//1207 
f 1207//1207 1285//1285 1284//1284 
f 1209//1209 1286//1286 1208//1208 
f 1208//1208 1286//1286 1285//1285 
f 1215//1215 1288//1288 1286//1286 
f 1215//1215 1286//1286 1210//1210 
f 1210//1210 1286//1286 1209//1209 
f 1210//1210 1211//1211 1216//1216 
f 1215//1215 1210//1210 1216//1216 
f 1211//1211 1213//1213 1216//1216 
f 1214//1214 1223//1223 1217//1217 
f 1212//1212 1214//1214 1217//1217 
f 1291//1291 1214//1214 1287//1287 
f 1223//1223 1214//1214 1291//1291 
f 1224//1224 1288//1288 1215//1215 
f 1292//1292 1288//1288 1224//1224 
f 1216//1216 1225//1225 1215//1215 
f 1225//1225 1224//1224 1215//1215 
f 1213//1213 1218//1218 1225//1225 
f 1216//1216 1213//1213 1225//1225 
f 1219//1219 1293//1293 1302//1302 
f 1226//1226 1219//1219 1302//1302 
f 1220//1220 1294//1294 1219//1219 
f 1219//1219 1294//1294 1293//1293 
f 1223//1223 1220//1220 1217//1217 
f 1223//1223 1295//1295 1220//1220 
f 1295//1295 1294//1294 1220//1220 
f 1291//1291 1295//1295 1223//1223 
f 1224//1224 1296//1296 1292//1292 
f 1225//1225 1296//1296 1224//1224 
f 1297//1297 1296//1296 1225//1225 
f 1218//1218 1297//1297 1225//1225 
f 1218//1218 1221//1221 1297//1297 
f 1221//1221 1298//1298 1297//1297 
f 1222//1222 1299//1299 1221//1221 
f 1221//1221 1299//1299 1298//1298 
f 1299//1299 1222//1222 1227//1227 
f 1303//1303 1299//1299 1227//1227 
f 1226//1226 1302//1302 1228//1228 
f 1302//1302 1304//1304 1228//1228 
f 1227//1227 1229//1229 1303//1303 
f 1303//1303 1229//1229 1305//1305 
f 1228//1228 1304//1304 1232//1232 
f 1304//1304 1308//1308 1232//1232 
f 1229//1229 1306//1306 1305//1305 
f 1230//1230 1306//1306 1229//1229 
f 1231//1231 1307//1307 1230//1230 
f 1230//1230 1307//1307 1306//1306 
f 1307//1307 1231//1231 1233//1233 
f 1309//1309 1307//1307 1233//1233 
f 1232//1232 1308//1308 1234//1234 
f 1308//1308 1312//1312 1234//1234 
f 1233//1233 1235//1235 1309//1309 
f 1309//1309 1235//1235 1313//1313 
f 1236//1236 1314//1314 1318//1318 
f 1238//1238 1236//1236 1318//1318 
f 1237//1237 1315//1315 1236//1236 
f 1236//1236 1315//1315 1314//1314 
f 1312//1312 1237//1237 1234//1234 
f 1315//1315 1237//1237 1312//1312 
f 1235//1235 1239//1239 1313//1313 
f 1313//1313 1239//1239 1319//1319 
f 1238//1238 1318//1318 1240//1240 
f 1318//1318 1320//1320 1240//1240 
f 1239//1239 1241//1241 1319//1319 
f 1319//1319 1241//1241 1321//1321 
f 1240//1240 1320//1320 1242//1242 
f 1320//1320 1322//1322 1242//1242 
f 1241//1241 1243//1243 1321//1321 
f 1321//1321 1243//1243 1323//1323 
f 1242//1242 1322//1322 1244//1244 
f 1322//1322 1324//1324 1244//1244 
f 1243//1243 1245//1245 1323//1323 
f 1323//1323 1245//1245 1325//1325 
f 1250//1250 1246//1246 1244//1244 
f 1250//1250 1244//1244 1326//1326 
f 1326//1326 1244//1244 1324//1324 
f 1246//1246 1251//1251 1247//1247 
f 1250//1250 1251//1251 1246//1246 
f 1247//1247 1251//1251 1248//1248 
f 1245//1245 1249//1249 1325//1325 
f 1325//1325 1249//1249 1327//1327 
f 1256//1256 1250//1250 1326//1326 
f 1328//1328 1256//1256 1326//1326 
f 1251//1251 1250//1250 1257//1257 
f 1257//1257 1250//1250 1256//1256 
f 1248//1248 1257//1257 1252//1252 
f 1251//1251 1257//1257 1248//1248 
f 1249//1249 1253//1253 1327//1327 
f 1327//1327 1253//1253 1329//1329 
f 1256//1256 1328//1328 1330//1330 
f 1257//1257 1256//1256 1330//1330 
f 1331//1331 1257//1257 1330//1330 
f 1331//1331 1252//1252 1257//1257 
f 1331//1331 1334//1334 1252//1252 
f 1334//1334 1258//1258 1252//1252 
f 1254//1254 1335//1335 1332//1332 
f 1259//1259 1335//1335 1254//1254 
f 1255//1255 1254//1254 1333//1333 
f 1254//1254 1332//1332 1333//1333 
f 1329//1329 1253//1253 1255//1255 
f 1333//1333 1329//1329 1255//1255 
f 1258//1258 1334//1334 1260//1260 
f 1334//1334 1336//1336 1260//1260 
f 1259//1259 1261//1261 1335//1335 
f 1335//1335 1261//1261 1337//1337 
f 1260//1260 1336//1336 1338//1338 
f 1262//1262 1260//1260 1338//1338 
f 1263//1263 1262//1262 1339//1339 
f 1262//1262 1338//1338 1339//1339 
f 1271//1271 1339//1339 1342//1342 
f 1271//1271 1264//1264 1339//1339 
f 1264//1264 1263//1263 1339//1339 
f 1264//1264 1271//1271 1269//1269 
f 1265//1265 1270//1270 1272//1272 
f 1265//1265 1273//1273 1266//1266 
f 1272//1272 1273//1273 1265//1265 
f 1343//1343 1266//1266 1273//1273 
f 1343//1343 1340//1340 1266//1266 
f 1340//1340 1267//1267 1266//1266 
f 1268//1268 1267//1267 1341//1341 
f 1267//1267 1340//1340 1341//1341 
f 1337//1337 1261//1261 1268//1268 
f 1341//1341 1337//1337 1268//1268 
f 1280//1280 1271//1271 1342//1342 
f 1344//1344 1280//1280 1342//1342 
f 1269//1269 1280//1280 1274//1274 
f 1271//1271 1280//1280 1269//1269 
f 1272//1272 1275//1275 1281//1281 
f 1270//1270 1275//1275 1272//1272 
f 1273//1273 1272//1272 1282//1282 
f 1282//1282 1272//1272 1281//1281 
f 1345//1345 1343//1343 1273//1273 
f 1282//1282 1345//1345 1273//1273 
f 1280//1280 1344//1344 1346//1346 
f 1274//1274 1280//1280 1346//1346 
f 1274//1274 1346//1346 1276//1276 
f 1276//1276 1346//1346 1347//1347 
f 1277//1277 1276//1276 1348//1348 
f 1276//1276 1347//1347 1348//1348 
f 1278//1278 1277//1277 1349//1349 
f 1277//1277 1348//1348 1349//1349 
f 1279//1279 1278//1278 1350//1350 
f 1278//1278 1349//1349 1350//1350 
f 1281//1281 1275//1275 1279//1279 
f 1281//1281 1279//1279 1351//1351 
f 1351//1351 1279//1279 1350//1350 
f 1282//1282 1281//1281 1351//1351 
f 1352//1352 1282//1282 1351//1351 
f 1345//1345 1282//1282 1352//1352 
f 1283//1283 1353//1353 1355//1355 
f 1287//1287 1283//1283 1355//1355 
f 1284//1284 1354//1354 1283//1283 
f 1283//1283 1354//1354 1353//1353 
f 1289//1289 1356//1356 1354//1354 
f 1289//1289 1354//1354 1285//1285 
f 1285//1285 1354//1354 1284//1284 
f 1285//1285 1286//1286 1290//1290 
f 1289//1289 1285//1285 1290//1290 
f 1286//1286 1288//1288 1290//1290 
f 1287//1287 1355//1355 1291//1291 
f 1355//1355 1359//1359 1291//1291 
f 1300//1300 1356//1356 1289//1289 
f 1360//1360 1356//1356 1300//1300 
f 1290//1290 1301//1301 1289//1289 
f 1301//1301 1300//1300 1289//1289 
f 1288//1288 1292//1292 1301//1301 
f 1290//1290 1288//1288 1301//1301 
f 1293//1293 1361//1361 1372//1372 
f 1302//1302 1293//1293 1372//1372 
f 1294//1294 1362//1362 1293//1293 
f 1293//1293 1362//1362 1361//1361 
f 1295//1295 1363//1363 1294//1294 
f 1294//1294 1363//1363 1362//1362 
f 1359//1359 1295//1295 1291//1291 
f 1363//1363 1295//1295 1359//1359 
f 1300//1300 1364//1364 1360//1360 
f 1301//1301 1364//1364 1300//1300 
f 1365//1365 1364//1364 1301//1301 
f 1292//1292 1365//1365 1301//1301 
f 1292//1292 1296//1296 1365//1365 
f 1296//1296 1366//1366 1365//1365 
f 1297//1297 1367//1367 1296//1296 
f 1296//1296 1367//1367 1366//1366 
f 1298//1298 1368//1368 1297//1297 
f 1297//1297 1368//1368 1367//1367 
f 1299//1299 1369//1369 1298//1298 
f 1298//1298 1369//1369 1368//1368 
f 1369//1369 1299//1299 1303//1303 
f 1373//1373 1369//1369 1303//1303 
f 1302//1302 1372//1372 1304//1304 
f 1372//1372 1376//1376 1304//1304 
f 1303//1303 1305//1305 1373//1373 
f 1373//1373 1305//1305 1377//1377 
f 1304//1304 1376//1376 1308//1308 
f 1376//1376 1380//1380 1308//1308 
f 1310//1310 1305//1305 1306//1306 
f 1310//1310 1381//1381 1305//1305 
f 1381//1381 1377//1377 1305//1305 
f 1306//1306 1307//1307 1311//1311 
f 1310//1310 1306//1306 1311//1311 
f 1307//1307 1309//1309 1311//1311 
f 1308//1308 1380//1380 1312//1312 
f 1380//1380 1382//1382 1312//1312 
f 1316//1316 1381//1381 1310//1310 
f 1383//1383 1381//1381 1316//1316 
f 1311//1311 1317//1317 1310//1310 
f 1317//1317 1316//1316 1310//1310 
f 1309//1309 1313//1313 1317//1317 
f 1311//1311 1309//1309 1317//1317 
f 1314//1314 1384//1384 1388//1388 
f 1318//1318 1314//1314 1388//1388 
f 1315//1315 1385//1385 1314//1314 
f 1314//1314 1385//1385 1384//1384 
f 1382//1382 1315//1315 1312//1312 
f 1385//1385 1315//1315 1382//1382 
f 1316//1316 1386//1386 1383//1383 
f 1317//1317 1386//1386 1316//1316 
f 1387//1387 1386//1386 1317//1317 
f 1387//1387 1317//1317 1313//1313 
f 1387//1387 1313//1313 1389//1389 
f 1389//1389 1313//1313 1319//1319 
f 1318//1318 1388//1388 1320//1320 
f 1388//1388 1390//1390 1320//1320 
f 1319//1319 1321//1321 1389//1389 
f 1389//1389 1321//1321 1391//1391 
f 1320//1320 1390//1390 1322//1322 
f 1390//1390 1392//1392 1322//1322 
f 1321//1321 1323//1323 1391//1391 
f 1391//1391 1323//1323 1393//1393 
f 1322//1322 1392//1392 1324//1324 
f 1392//1392 1394//1394 1324//1324 
f 1323//1323 1325//1325 1393//1393 
f 1393//1393 1325//1325 1395//1395 
f 1324//1324 1394//1394 1326//1326 
f 1394//1394 1396//1396 1326//1326 
f 1325//1325 1327//1327 1395//1395 
f 1395//1395 1327//1327 1397//1397 
f 1326//1326 1396//1396 1328//1328 
f 1396//1396 1398//1398 1328//1328 
f 1327//1327 1329//1329 1397//1397 
f 1397//1397 1329//1329 1399//1399 
f 1328//1328 1398//1398 1400//1400 
f 1330//1330 1328//1328 1400//1400 
f 1331//1331 1330//1330 1401//1401 
f 1330//1330 1400//1400 1401//1401 
f 1401//1401 1334//1334 1331//1331 
f 1404//1404 1334//1334 1401//1401 
f 1332//1332 1405//1405 1402//1402 
f 1335//1335 1405//1405 1332//1332 
f 1333//1333 1332//1332 1403//1403 
f 1332//1332 1402//1402 1403//1403 
f 1399//1399 1329//1329 1333//1333 
f 1403//1403 1399//1399 1333//1333 
f 1334//1334 1404//1404 1336//1336 
f 1404//1404 1406//1406 1336//1336 
f 1335//1335 1337//1337 1405//1405 
f 1405//1405 1337//1337 1407//1407 
f 1336//1336 1406//1406 1408//1408 
f 1338//1338 1336//1336 1408//1408 
f 1339//1339 1338//1338 1409//1409 
f 1338//1338 1408//1408 1409//1409 
f 1409//1409 1342//1342 1339//1339 
f 1412//1412 1342//1342 1409//1409 
f 1340//1340 1413//1413 1410//1410 
f 1343//1343 1413//1413 1340//1340 
f 1341//1341 1340//1340 1411//1411 
f 1340//1340 1410//1410 1411//1411 
f 1407//1407 1337//1337 1341//1341 
f 1411//1411 1407//1407 1341//1341 
f 1342//1342 1412//1412 1344//1344 
f 1412//1412 1414//1414 1344//1344 
f 1343//1343 1345//1345 1413//1413 
f 1413//1413 1345//1345 1415//1415 
f 1344//1344 1414//1414 1416//1416 
f 1346//1346 1344//1344 1416//1416 
f 1347//1347 1346//1346 1417//1417 
f 1346//1346 1416//1416 1417//1417 
f 1348//1348 1347//1347 1418//1418 
f 1347//1347 1417//1417 1418//1418 
f 1349//1349 1348//1348 1419//1419 
f 1348//1348 1418//1418 1419//1419 
f 1350//1350 1349//1349 1420//1420 
f 1349//1349 1419//1419 1420//1420 
f 1351//1351 1350//1350 1421//1421 
f 1350//1350 1420//1420 1421//1421 
f 1352//1352 1351//1351 1422//1422 
f 1351//1351 1421//1421 1422//1422 
f 1415//1415 1345//1345 1352//1352 
f 1422//1422 1415//1415 1352//1352 
f 1353//1353 1357//1357 1355//1355 
f 1353//1353 1354//1354 1358//1358 
f 1357//1357 1353//1353 1358//1358 
f 1354//1354 1356//1356 1358//1358 
f 1357//1357 1370//1370 1359//1359 
f 1355//1355 1357//1357 1359//1359 
f 1358//1358 1371//1371 1357//1357 
f 1371//1371 1370//1370 1357//1357 
f 1356//1356 1360//1360 1371//1371 
f 1358//1358 1356//1356 1371//1371 
f 1361//1361 1423//1423 1432//1432 
f 1372//1372 1361//1361 1432//1432 
f 1362//1362 1424//1424 1361//1361 
f 1361//1361 1424//1424 1423//1423 
f 1363//1363 1425//1425 1362//1362 
f 1362//1362 1425//1425 1424//1424 
f 1370//1370 1363//1363 1359//1359 
f 1370//1370 1426//1426 1363//1363 
f 1426//1426 1425//1425 1363//1363 
f 1371//1371 1426//1426 1370//1370 
f 1427//1427 1426//1426 1371//1371 
f 1360//1360 1427//1427 1371//1371 
f 1360//1360 1364//1364 1427//1427 
f 1364//1364 1428//1428 1427//1427 
f 1365//1365 1429//1429 1364//1364 
f 1364//1364 1429//1429 1428//1428 
f 1366//1366 1430//1430 1365//1365 
f 1365//1365 1430//1430 1429//1429 
f 1367//1367 1431//1431 1366//1366 
f 1366//1366 1431//1431 1430//1430 
f 1374//1374 1433//1433 1431//1431 
f 1374//1374 1431//1431 1368//1368 
f 1368//1368 1431//1431 1367//1367 
f 1368//1368 1369//1369 1375//1375 
f 1374//1374 1368//1368 1375//1375 
f 1369//1369 1373//1373 1375//1375 
f 1372//1372 1432//1432 1376//1376 
f 1432//1432 1434//1434 1376//1376 
f 1378//1378 1433//1433 1374//1374 
f 1435//1435 1433//1433 1378//1378 
f 1375//1375 1379//1379 1374//1374 
f 1379//1379 1378//1378 1374//1374 
f 1373//1373 1377//1377 1379//1379 
f 1375//1375 1373//1373 1379//1379 
f 1376//1376 1434//1434 1380//1380 
f 1434//1434 1438//1438 1380//1380 
f 1378//1378 1436//1436 1435//1435 
f 1379//1379 1436//1436 1378//1378 
f 1437//1437 1436//1436 1379//1379 
f 1437//1437 1379//1379 1377//1377 
f 1437//1437 1377//1377 1439//1439 
f 1439//1439 1377//1377 1381//1381 
f 1380//1380 1438//1438 1382//1382 
f 1438//1438 1440//1440 1382//1382 
f 1381//1381 1383//1383 1439//1439 
f 1439//1439 1383//1383 1441//1441 
f 1384//1384 1442//1442 1446//1446 
f 1388//1388 1384//1384 1446//1446 
f 1385//1385 1443//1443 1384//1384 
f 1384//1384 1443//1443 1442//1442 
f 1440//1440 1385//1385 1382//1382 
f 1443//1443 1385//1385 1440//1440 
f 1383//1383 1444//1444 1441//1441 
f 1386//1386 1444//1444 1383//1383 
f 1387//1387 1445//1445 1386//1386 
f 1386//1386 1445//1445 1444//1444 
f 1445//1445 1387//1387 1389//1389 
f 1447//1447 1445//1445 1389//1389 
f 1388//1388 1446//1446 1390//1390 
f 1446//1446 1450//1450 1390//1390 
f 1389//1389 1391//1391 1447//1447 
f 1447//1447 1391//1391 1451//1451 
f 1390//1390 1450//1450 1392//1392 
f 1450//1450 1454//1454 1392//1392 
f 1391//1391 1393//1393 1451//1451 
f 1451//1451 1393//1393 1455//1455 
f 1392//1392 1454//1454 1394//1394 
f 1454//1454 1456//1456 1394//1394 
f 1393//1393 1395//1395 1455//1455 
f 1455//1455 1395//1395 1457//1457 
f 1394//1394 1456//1456 1396//1396 
f 1456//1456 1458//1458 1396//1396 
f 1395//1395 1397//1397 1457//1457 
f 1457//1457 1397//1397 1459//1459 
f 1396//1396 1458//1458 1398//1398 
f 1458//1458 1460//1460 1398//1398 
f 1397//1397 1399//1399 1459//1459 
f 1459//1459 1399//1399 1461//1461 
f 1398//1398 1460//1460 1462//1462 
f 1400//1400 1398//1398 1462//1462 
f 1401//1401 1400//1400 1463//1463 
f 1400//1400 1462//1462 1463//1463 
f 1463//1463 1404//1404 1401//1401 
f 1466//1466 1404//1404 1463//1463 
f 1402//1402 1467//1467 1464//1464 
f 1405//1405 1467//1467 1402//1402 
f 1403//1403 1402//1402 1465//1465 
f 1402//1402 1464//1464 1465//1465 
f 1461//1461 1399//1399 1403//1403 
f 1465//1465 1461//1461 1403//1403 
f 1404//1404 1466//1466 1406//1406 
f 1466//1466 1470//1470 1406//1406 
f 1405//1405 1407//1407 1467//1467 
f 1467//1467 1407//1407 1471//1471 
f 1406//1406 1470//1470 1472//1472 
f 1408//1408 1406//1406 1472//1472 
f 1409//1409 1408//1408 1473//1473 
f 1408//1408 1472//1472 1473//1473 
f 1473//1473 1412//1412 1409//1409 
f 1478//1478 1412//1412 1473//1473 
f 1410//1410 1479//1479 1474//1474 
f 1413//1413 1479//1479 1410//1410 
f 1411//1411 1410//1410 1475//1475 
f 1410//1410 1474//1474 1475//1475 
f 1471//1471 1407//1407 1411//1411 
f 1475//1475 1471//1471 1411//1411 
f 1412//1412 1478//1478 1414//1414 
f 1478//1478 1482//1482 1414//1414 
f 1413//1413 1415//1415 1479//1479 
f 1479//1479 1415//1415 1483//1483 
f 1414//1414 1482//1482 1484//1484 
f 1416//1416 1414//1414 1484//1484 
f 1417//1417 1416//1416 1485//1485 
f 1416//1416 1484//1484 1485//1485 
f 1418//1418 1417//1417 1486//1486 
f 1417//1417 1485//1485 1486//1486 
f 1419//1419 1418//1418 1487//1487 
f 1418//1418 1486//1486 1487//1487 
f 1420//1420 1419//1419 1488//1488 
f 1419//1419 1487//1487 1488//1488 
f 1421//1421 1420//1420 1489//1489 
f 1420//1420 1488//1488 1489//1489 
f 1422//1422 1421//1421 1490//1490 
f 1421//1421 1489//1489 1490//1490 
f 1483//1483 1415//1415 1422//1422 
f 1490//1490 1483//1483 1422//1422 
f 1423//1423 1493//1493 1502//1502 
f 1432//1432 1423//1423 1502//1502 
f 1424//1424 1494//1494 1423//1423 
f 1423//1423 1494//1494 1493//1493 
f 1425//1425 1495//1495 1424//1424 
f 1424//1424 1495//1495 1494//1494 
f 1426//1426 1496//1496 1425//1425 
f 1425//1425 1496//1496 1495//1495 
f 1427//1427 1497//1497 1426//1426 
f 1426//1426 1497//1497 1496//1496 
f 1428//1428 1498//1498 1427//1427 
f 1427//1427 1498//1498 1497//1497 
f 1429//1429 1499//1499 1428//1428 
f 1428//1428 1499//1499 1498//1498 
f 1430//1430 1500//1500 1429//1429 
f 1429//1429 1500//1500 1499//1499 
f 1431//1431 1501//1501 1430//1430 
f 1430//1430 1501//1501 1500//1500 
f 1501//1501 1431//1431 1433//1433 
f 1503//1503 1501//1501 1433//1433 
f 1432//1432 1502//1502 1434//1434 
f 1502//1502 1504//1504 1434//1434 
f 1433//1433 1435//1435 1503//1503 
f 1503//1503 1435//1435 1505//1505 
f 1434//1434 1504//1504 1438//1438 
f 1504//1504 1508//1508 1438//1438 
f 1435//1435 1506//1506 1505//1505 
f 1436//1436 1506//1506 1435//1435 
f 1437//1437 1507//1507 1436//1436 
f 1436//1436 1507//1507 1506//1506 
f 1507//1507 1437//1437 1439//1439 
f 1509//1509 1507//1507 1439//1439 
f 1438//1438 1508//1508 1440//1440 
f 1508//1508 1512//1512 1440//1440 
f 1439//1439 1441//1441 1509//1509 
f 1509//1509 1441//1441 1513//1513 
f 1442//1442 1514//1514 1518//1518 
f 1446//1446 1442//1442 1518//1518 
f 1443//1443 1515//1515 1442//1442 
f 1442//1442 1515//1515 1514//1514 
f 1512//1512 1443//1443 1440//1440 
f 1515//1515 1443//1443 1512//1512 
f 1448//1448 1441//1441 1444//1444 
f 1448//1448 1519//1519 1441//1441 
f 1519//1519 1513//1513 1441//1441 
f 1444//1444 1445//1445 1449//1449 
f 1448//1448 1444//1444 1449//1449 
f 1445//1445 1447//1447 1449//1449 
f 1446//1446 1518//1518 1450//1450 
f 1518//1518 1520//1520 1450//1450 
f 1452//1452 1519//1519 1448//1448 
f 1521//1521 1519//1519 1452//1452 
f 1449//1449 1453//1453 1448//1448 
f 1453//1453 1452//1452 1448//1448 
f 1447//1447 1451//1451 1453//1453 
f 1449//1449 1447//1447 1453//1453 
f 1450//1450 1520//1520 1454//1454 
f 1520//1520 1524//1524 1454//1454 
f 1452//1452 1522//1522 1521//1521 
f 1453//1453 1522//1522 1452//1452 
f 1523//1523 1522//1522 1453//1453 
f 1523//1523 1453//1453 1451//1451 
f 1523//1523 1451//1451 1525//1525 
f 1525//1525 1451//1451 1455//1455 
f 1454//1454 1524//1524 1456//1456 
f 1524//1524 1528//1528 1456//1456 
f 1455//1455 1457//1457 1525//1525 
f 1525//1525 1457//1457 1529//1529 
f 1456//1456 1528//1528 1458//1458 
f 1528//1528 1532//1532 1458//1458 
f 1457//1457 1459//1459 1529//1529 
f 1529//1529 1459//1459 1533//1533 
f 1458//1458 1532//1532 1460//1460 
f 1532//1532 1536//1536 1460//1460 
f 1459//1459 1461//1461 1533//1533 
f 1533//1533 1461//1461 1537//1537 
f 1468//1468 1462//1462 1460//1460 
f 1468//1468 1460//1460 1542//1542 
f 1542//1542 1460//1460 1536//1536 
f 1462//1462 1469//1469 1463//1463 
f 1468//1468 1469//1469 1462//1462 
f 1463//1463 1469//1469 1466//1466 
f 1464//1464 1543//1543 1538//1538 
f 1467//1467 1543//1543 1464//1464 
f 1465//1465 1464//1464 1539//1539 
f 1464//1464 1538//1538 1539//1539 
f 1537//1537 1461//1461 1465//1465 
f 1539//1539 1537//1537 1465//1465 
f 1476//1476 1468//1468 1542//1542 
f 1544//1544 1476//1476 1542//1542 
f 1469//1469 1468//1468 1477//1477 
f 1477//1477 1468//1468 1476//1476 
f 1466//1466 1477//1477 1470//1470 
f 1469//1469 1477//1477 1466//1466 
f 1467//1467 1471//1471 1543//1543 
f 1543//1543 1471//1471 1545//1545 
f 1476//1476 1544//1544 1546//1546 
f 1477//1477 1476//1476 1546//1546 
f 1547//1547 1477//1477 1546//1546 
f 1480//1480 1547//1547 1550//1550 
f 1472//1472 1547//1547 1480//1480 
f 1472//1472 1477//1477 1547//1547 
f 1472//1472 1470//1470 1477//1477 
f 1472//1472 1481//1481 1473//1473 
f 1480//1480 1481//1481 1472//1472 
f 1473//1473 1481//1481 1478//1478 
f 1474//1474 1551//1551 1548//1548 
f 1479//1479 1551//1551 1474//1474 
f 1475//1475 1474//1474 1549//1549 
f 1474//1474 1548//1548 1549//1549 
f 1545//1545 1471//1471 1475//1475 
f 1549//1549 1545//1545 1475//1475 
f 1491//1491 1480//1480 1550//1550 
f 1552//1552 1491//1491 1550//1550 
f 1481//1481 1480//1480 1492//1492 
f 1492//1492 1480//1480 1491//1491 
f 1478//1478 1492//1492 1482//1482 
f 1481//1481 1492//1492 1478//1478 
f 1479//1479 1483//1483 1551//1551 
f 1551//1551 1483//1483 1553//1553 
f 1491//1491 1552//1552 1554//1554 
f 1492//1492 1491//1491 1554//1554 
f 1555//1555 1492//1492 1554//1554 
f 1482//1482 1492//1492 1555//1555 
f 1482//1482 1555//1555 1484//1484 
f 1484//1484 1555//1555 1556//1556 
f 1485//1485 1484//1484 1557//1557 
f 1484//1484 1556//1556 1557//1557 
f 1486//1486 1485//1485 1558//1558 
f 1485//1485 1557//1557 1558//1558 
f 1487//1487 1486//1486 1559//1559 
f 1486//1486 1558//1558 1559//1559 
f 1488//1488 1487//1487 1560//1560 
f 1487//1487 1559//1559 1560//1560 
f 1489//1489 1488//1488 1561//1561 
f 1488//1488 1560//1560 1561//1561 
f 1490//1490 1489//1489 1562//1562 
f 1489//1489 1561//1561 1562//1562 
f 1553//1553 1483//1483 1490//1490 
f 1562//1562 1553//1553 1490//1490 
f 1493//1493 1563//1563 1572//1572 
f 1502//1502 1493//1493 1572//1572 
f 1494//1494 1564//1564 1493//1493 
f 1493//1493 1564//1564 1563//1563 
f 1495//1495 1565//1565 1494//1494 
f 1494//1494 1565//1565 1564//1564 
f 1496//1496 1566//1566 1495//1495 
f 1495//1495 1566//1566 1565//1565 
f 1497//1497 1567//1567 1496//1496 
f 1496//1496 1567//1567 1566//1566 
f 1498//1498 1568//1568 1497//1497 
f 1497//1497 1568//1568 1567//1567 
f 1499//1499 1569//1569 1498//1498 
f 1498//1498 1569//1569 1568//1568 
f 1500//1500 1570//1570 1499//1499 
f 1499//1499 1570//1570 1569//1569 
f 1501//1501 1571//1571 1500//1500 
f 1500//1500 1571//1571 1570//1570 
f 1571//1571 1501//1501 1503//1503 
f 1573//1573 1571//1571 1503//1503 
f 1502//1502 1572//1572 1504//1504 
f 1572//1572 1574//1574 1504//1504 
f 1503//1503 1505//1505 1573//1573 
f 1573//1573 1505//1505 1575//1575 
f 1510//1510 1576//1576 1580//1580 
f 1510//1510 1511//1511 1577//1577 
f 1576//1576 1510//1510 1577//1577 
f 1511//1511 1574//1574 1577//1577 
f 1511//1511 1508//1508 1574//1574 
f 1508//1508 1504//1504 1574//1574 
f 1505//1505 1578//1578 1575//1575 
f 1506//1506 1578//1578 1505//1505 
f 1507//1507 1579//1579 1506//1506 
f 1506//1506 1579//1579 1578//1578 
f 1579//1579 1507//1507 1509//1509 
f 1581//1581 1579//1579 1509//1509 
f 1516//1516 1510//1510 1580//1580 
f 1582//1582 1516//1516 1580//1580 
f 1511//1511 1510//1510 1517//1517 
f 1517//1517 1510//1510 1516//1516 
f 1508//1508 1517//1517 1512//1512 
f 1511//1511 1517//1517 1508//1508 
f 1509//1509 1513//1513 1581//1581 
f 1581//1581 1513//1513 1583//1583 
f 1514//1514 1516//1516 1582//1582 
f 1514//1514 1582//1582 1518//1518 
f 1518//1518 1582//1582 1584//1584 
f 1515//1515 1516//1516 1514//1514 
f 1517//1517 1516//1516 1515//1515 
f 1512//1512 1517//1517 1515//1515 
f 1513//1513 1519//1519 1583//1583 
f 1583//1583 1519//1519 1585//1585 
f 1518//1518 1584//1584 1520//1520 
f 1584//1584 1586//1586 1520//1520 
f 1519//1519 1521//1521 1585//1585 
f 1585//1585 1521//1521 1587//1587 
f 1520//1520 1586//1586 1524//1524 
f 1586//1586 1588//1588 1524//1524 
f 1526//1526 1521//1521 1522//1522 
f 1526//1526 1589//1589 1521//1521 
f 1589//1589 1587//1587 1521//1521 
f 1522//1522 1523//1523 1527//1527 
f 1526//1526 1522//1522 1527//1527 
f 1523//1523 1525//1525 1527//1527 
f 1524//1524 1588//1588 1528//1528 
f 1588//1588 1590//1590 1528//1528 
f 1530//1530 1589//1589 1526//1526 
f 1591//1591 1589//1589 1530//1530 
f 1527//1527 1531//1531 1526//1526 
f 1531//1531 1530//1530 1526//1526 
f 1525//1525 1529//1529 1531//1531 
f 1527//1527 1525//1525 1531//1531 
f 1528//1528 1590//1590 1532//1532 
f 1590//1590 1592//1592 1532//1532 
f 1534//1534 1591//1591 1530//1530 
f 1593//1593 1591//1591 1534//1534 
f 1531//1531 1535//1535 1530//1530 
f 1535//1535 1534//1534 1530//1530 
f 1529//1529 1533//1533 1535//1535 
f 1531//1531 1529//1529 1535//1535 
f 1532//1532 1592//1592 1536//1536 
f 1592//1592 1594//1594 1536//1536 
f 1540//1540 1593//1593 1534//1534 
f 1595//1595 1593//1593 1540//1540 
f 1535//1535 1541//1541 1534//1534 
f 1541//1541 1540//1540 1534//1534 
f 1533//1533 1537//1537 1541//1541 
f 1535//1535 1533//1533 1541//1541 
f 1536//1536 1594//1594 1542//1542 
f 1594//1594 1596//1596 1542//1542 
f 1538//1538 1595//1595 1540//1540 
f 1538//1538 1543//1543 1595//1595 
f 1543//1543 1597//1597 1595//1595 
f 1539//1539 1538//1538 1540//1540 
f 1541//1541 1539//1539 1540//1540 
f 1537//1537 1539//1539 1541//1541 
f 1542//1542 1596//1596 1544//1544 
f 1596//1596 1598//1598 1544//1544 
f 1543//1543 1545//1545 1597//1597 
f 1597//1597 1545//1545 1599//1599 
f 1544//1544 1598//1598 1600//1600 
f 1546//1546 1544//1544 1600//1600 
f 1547//1547 1546//1546 1601//1601 
f 1546//1546 1600//1600 1601//1601 
f 1601//1601 1550//1550 1547//1547 
f 1604//1604 1550//1550 1601//1601 
f 1548//1548 1605//1605 1602//1602 
f 1551//1551 1605//1605 1548//1548 
f 1549//1549 1548//1548 1603//1603 
f 1548//1548 1602//1602 1603//1603 
f 1599//1599 1545//1545 1549//1549 
f 1603//1603 1599//1599 1549//1549 
f 1550//1550 1604//1604 1552//1552 
f 1604//1604 1606//1606 1552//1552 
f 1551//1551 1553//1553 1605//1605 
f 1605//1605 1553//1553 1607//1607 
f 1552//1552 1606//1606 1608//1608 
f 1554//1554 1552//1552 1608//1608 
f 1555//1555 1554//1554 1609//1609 
f 1554//1554 1608//1608 1609//1609 
f 1556//1556 1555//1555 1610//1610 
f 1555//1555 1609//1609 1610//1610 
f 1557//1557 1556//1556 1611//1611 
f 1556//1556 1610//1610 1611//1611 
f 1558//1558 1557//1557 1612//1612 
f 1557//1557 1611//1611 1612//1612 
f 1559//1559 1558//1558 1613//1613 
f 1558//1558 1612//1612 1613//1613 
f 1560//1560 1559//1559 1614//1614 
f 1559//1559 1613//1613 1614//1614 
f 1561//1561 1560//1560 1615//1615 
f 1560//1560 1614//1614 1615//1615 
f 1562//1562 1561//1561 1616//1616 
f 1561//1561 1615//1615 1616//1616 
f 1607//1607 1553//1553 1562//1562 
f 1616//1616 1607//1607 1562//1562 
f 1563//1563 1617//1617 1626//1626 
f 1572//1572 1563//1563 1626//1626 
f 1564//1564 1618//1618 1563//1563 
f 1563//1563 1618//1618 1617//1617 
f 1565//1565 1619//1619 1564//1564 
f 1564//1564 1619//1619 1618//1618 
f 1566//1566 1620//1620 1565//1565 
f 1565//1565 1620//1620 1619//1619 
f 1567//1567 1621//1621 1566//1566 
f 1566//1566 1621//1621 1620//1620 
f 1568//1568 1622//1622 1567//1567 
f 1567//1567 1622//1622 1621//1621 
f 1569//1569 1623//1623 1568//1568 
f 1568//1568 1623//1623 1622//1622 
f 1570//1570 1624//1624 1569//1569 
f 1569//1569 1624//1624 1623//1623 
f 1571//1571 1625//1625 1570//1570 
f 1570//1570 1625//1625 1624//1624 
f 1625//1625 1571//1571 1573//1573 
f 1627//1627 1625//1625 1573//1573 
f 1572//1572 1626//1626 1574//1574 
f 1626//1626 1630//1630 1574//1574 
f 1573//1573 1575//1575 1627//1627 
f 1627//1627 1575//1575 1631//1631 
f 1576//1576 1632//1632 1638//1638 
f 1580//1580 1576//1576 1638//1638 
f 1577//1577 1633//1633 1576//1576 
f 1576//1576 1633//1633 1632//1632 
f 1630//1630 1577//1577 1574//1574 
f 1633//1633 1577//1577 1630//1630 
f 1575//1575 1634//1634 1631//1631 
f 1578//1578 1634//1634 1575//1575 
f 1579//1579 1635//1635 1578//1578 
f 1578//1578 1635//1635 1634//1634 
f 1635//1635 1579//1579 1581//1581 
f 1639//1639 1635//1635 1581//1581 
f 1580//1580 1638//1638 1582//1582 
f 1638//1638 1642//1642 1582//1582 
f 1581//1581 1583//1583 1639//1639 
f 1639//1639 1583//1583 1643//1643 
f 1582//1582 1642//1642 1584//1584 
f 1642//1642 1646//1646 1584//1584 
f 1583//1583 1585//1585 1643//1643 
f 1643//1643 1585//1585 1647//1647 
f 1584//1584 1646//1646 1586//1586 
f 1646//1646 1648//1648 1586//1586 
f 1585//1585 1587//1587 1647//1647 
f 1647//1647 1587//1587 1649//1649 
f 1586//1586 1648//1648 1588//1588 
f 1648//1648 1650//1650 1588//1588 
f 1587//1587 1589//1589 1649//1649 
f 1649//1649 1589//1589 1651//1651 
f 1588//1588 1650//1650 1590//1590 
f 1650//1650 1652//1652 1590//1590 
f 1589//1589 1591//1591 1651//1651 
f 1651//1651 1591//1591 1653//1653 
f 1590//1590 1652//1652 1592//1592 
f 1652//1652 1654//1654 1592//1592 
f 1591//1591 1593//1593 1653//1653 
f 1653//1653 1593//1593 1655//1655 
f 1592//1592 1654//1654 1594//1594 
f 1654//1654 1656//1656 1594//1594 
f 1593//1593 1595//1595 1655//1655 
f 1655//1655 1595//1595 1657//1657 
f 1594//1594 1656//1656 1596//1596 
f 1656//1656 1658//1658 1596//1596 
f 1595//1595 1597//1597 1657//1657 
f 1657//1657 1597//1597 1659//1659 
f 1596//1596 1658//1658 1598//1598 
f 1658//1658 1660//1660 1598//1598 
f 1597//1597 1599//1599 1659//1659 
f 1659//1659 1599//1599 1661//1661 
f 1598//1598 1660//1660 1662//1662 
f 1600//1600 1598//1598 1662//1662 
f 1601//1601 1600//1600 1663//1663 
f 1600//1600 1662//1662 1663//1663 
f 1663//1663 1604//1604 1601//1601 
f 1666//1666 1604//1604 1663//1663 
f 1602//1602 1667//1667 1664//1664 
f 1605//1605 1667//1667 1602//1602 
f 1603//1603 1602//1602 1665//1665 
f 1602//1602 1664//1664 1665//1665 
f 1661//1661 1599//1599 1603//1603 
f 1665//1665 1661//1661 1603//1603 
f 1604//1604 1666//1666 1606//1606 
f 1666//1666 1668//1668 1606//1606 
f 1605//1605 1607//1607 1667//1667 
f 1667//1667 1607//1607 1669//1669 
f 1606//1606 1668//1668 1670//1670 
f 1608//1608 1606//1606 1670//1670 
f 1609//1609 1608//1608 1671//1671 
f 1608//1608 1670//1670 1671//1671 
f 1610//1610 1609//1609 1672//1672 
f 1609//1609 1671//1671 1672//1672 
f 1611//1611 1610//1610 1673//1673 
f 1610//1610 1672//1672 1673//1673 
f 1612//1612 1611//1611 1674//1674 
f 1611//1611 1673//1673 1674//1674 
f 1613//1613 1612//1612 1675//1675 
f 1612//1612 1674//1674 1675//1675 
f 1614//1614 1613//1613 1676//1676 
f 1613//1613 1675//1675 1676//1676 
f 1615//1615 1614//1614 1677//1677 
f 1614//1614 1676//1676 1677//1677 
f 1616//1616 1615//1615 1678//1678 
f 1615//1615 1677//1677 1678//1678 
f 1669//1669 1607//1607 1616//1616 
f 1678//1678 1669//1669 1616//1616 
f 1617//1617 1679//1679 1686//1686 
f 1626//1626 1617//1617 1686//1686 
f 1618//1618 1680//1680 1617//1617 
f 1617//1617 1680//1680 1679//1679 
f 1619//1619 1681//1681 1618//1618 
f 1618//1618 1681//1681 1680//1680 
f 1620//1620 1682//1682 1619//1619 
f 1619//1619 1682//1682 1681//1681 
f 1621//1621 1683//1683 1620//1620 
f 1620//1620 1683//1683 1682//1682 
f 1622//1622 1684//1684 1621//1621 
f 1621//1621 1684//1684 1683//1683 
f 1623//1623 1685//1685 1622//1622 
f 1622//1622 1685//1685 1684//1684 
f 1628//1628 1687//1687 1685//1685 
f 1628//1628 1685//1685 1624//1624 
f 1624//1624 1685//1685 1623//1623 
f 1624//1624 1625//1625 1629//1629 
f 1628//1628 1624//1624 1629//1629 
f 1625//1625 1627//1627 1629//1629 
f 1626//1626 1686//1686 1630//1630 
f 1686//1686 1688//1688 1630//1630 
f 1636//1636 1687//1687 1628//1628 
f 1689//1689 1687//1687 1636//1636 
f 1629//1629 1637//1637 1628//1628 
f 1637//1637 1636//1636 1628//1628 
f 1627//1627 1631//1631 1637//1637 
f 1629//1629 1627//1627 1637//1637 
f 1632//1632 1690//1690 1694//1694 
f 1638//1638 1632//1632 1694//1694 
f 1633//1633 1691//1691 1632//1632 
f 1632//1632 1691//1691 1690//1690 
f 1688//1688 1633//1633 1630//1630 
f 1691//1691 1633//1633 1688//1688 
f 1636//1636 1692//1692 1689//1689 
f 1637//1637 1692//1692 1636//1636 
f 1693//1693 1692//1692 1637//1637 
f 1640//1640 1695//1695 1693//1693 
f 1634//1634 1640//1640 1693//1693 
f 1634//1634 1693//1693 1637//1637 
f 1634//1634 1637//1637 1631//1631 
f 1634//1634 1635//1635 1641//1641 
f 1640//1640 1634//1634 1641//1641 
f 1635//1635 1639//1639 1641//1641 
f 1638//1638 1694//1694 1642//1642 
f 1694//1694 1696//1696 1642//1642 
f 1644//1644 1695//1695 1640//1640 
f 1697//1697 1695//1695 1644//1644 
f 1641//1641 1645//1645 1640//1640 
f 1645//1645 1644//1644 1640//1640 
f 1639//1639 1643//1643 1645//1645 
f 1641//1641 1639//1639 1645//1645 
f 1642//1642 1696//1696 1646//1646 
f 1696//1696 1700//1700 1646//1646 
f 1644//1644 1698//1698 1697//1697 
f 1645//1645 1698//1698 1644//1644 
f 1699//1699 1698//1698 1645//1645 
f 1699//1699 1645//1645 1643//1643 
f 1699//1699 1643//1643 1701//1701 
f 1701//1701 1643//1643 1647//1647 
f 1646//1646 1700//1700 1648//1648 
f 1700//1700 1702//1702 1648//1648 
f 1647//1647 1649//1649 1701//1701 
f 1701//1701 1649//1649 1703//1703 
f 1648//1648 1702//1702 1650//1650 
f 1702//1702 1704//1704 1650//1650 
f 1649//1649 1651//1651 1703//1703 
f 1703//1703 1651//1651 1705//1705 
f 1650//1650 1704//1704 1652//1652 
f 1704//1704 1706//1706 1652//1652 
f 1651//1651 1653//1653 1705//1705 
f 1705//1705 1653//1653 1707//1707 
f 1652//1652 1706//1706 1654//1654 
f 1706//1706 1708//1708 1654//1654 
f 1653//1653 1655//1655 1707//1707 
f 1707//1707 1655//1655 1709//1709 
f 1654//1654 1708//1708 1656//1656 
f 1708//1708 1710//1710 1656//1656 
f 1655//1655 1657//1657 1709//1709 
f 1709//1709 1657//1657 1711//1711 
f 1656//1656 1710//1710 1658//1658 
f 1710//1710 1712//1712 1658//1658 
f 1657//1657 1659//1659 1711//1711 
f 1711//1711 1659//1659 1713//1713 
f 1658//1658 1712//1712 1660//1660 
f 1712//1712 1714//1714 1660//1660 
f 1659//1659 1661//1661 1713//1713 
f 1713//1713 1661//1661 1715//1715 
f 1660//1660 1714//1714 1716//1716 
f 1662//1662 1660//1660 1716//1716 
f 1663//1663 1662//1662 1717//1717 
f 1662//1662 1716//1716 1717//1717 
f 1717//1717 1666//1666 1663//1663 
f 1720//1720 1666//1666 1717//1717 
f 1664//1664 1721//1721 1718//1718 
f 1667//1667 1721//1721 1664//1664 
f 1665//1665 1664//1664 1719//1719 
f 1664//1664 1718//1718 1719//1719 
f 1715//1715 1661//1661 1665//1665 
f 1719//1719 1715//1715 1665//1665 
f 1666//1666 1720//1720 1668//1668 
f 1720//1720 1724//1724 1668//1668 
f 1667//1667 1669//1669 1721//1721 
f 1721//1721 1669//1669 1725//1725 
f 1668//1668 1724//1724 1726//1726 
f 1670//1670 1668//1668 1726//1726 
f 1671//1671 1670//1670 1727//1727 
f 1670//1670 1726//1726 1727//1727 
f 1672//1672 1671//1671 1728//1728 
f 1671//1671 1727//1727 1728//1728 
f 1673//1673 1672//1672 1729//1729 
f 1672//1672 1728//1728 1729//1729 
f 1674//1674 1673//1673 1730//1730 
f 1673//1673 1729//1729 1730//1730 
f 1675//1675 1674//1674 1731//1731 
f 1674//1674 1730//1730 1731//1731 
f 1676//1676 1675//1675 1732//1732 
f 1675//1675 1731//1731 1732//1732 
f 1677//1677 1676//1676 1733//1733 
f 1676//1676 1732//1732 1733//1733 
f 1678//1678 1677//1677 1734//1734 
f 1677//1677 1733//1733 1734//1734 
f 1725//1725 1669//1669 1678//1678 
f 1734//1734 1725//1725 1678//1678 
f 1679//1679 1743//1743 1750//1750 
f 1686//1686 1679//1679 1750//1750 
f 1680//1680 1744//1744 1679//1679 
f 1679//1679 1744//1744 1743//1743 
f 1681//1681 1745//1745 1680//1680 
f 1680//1680 1745//1745 1744//1744 
f 1682//1682 1746//1746 1681//1681 
f 1681//1681 1746//1746 1745//1745 
f 1683//1683 1747//1747 1682//1682 
f 1682//1682 1747//1747 1746//1746 
f 1684//1684 1748//1748 1683//1683 
f 1683//1683 1748//1748 1747//1747 
f 1685//1685 1749//1749 1684//1684 
f 1684//1684 1749//1749 1748//1748 
f 1749//1749 1685//1685 1687//1687 
f 1751//1751 1749//1749 1687//1687 
f 1686//1686 1750//1750 1688//1688 
f 1750//1750 1756//1756 1688//1688 
f 1687//1687 1689//1689 1751//1751 
f 1751//1751 1689//1689 1757//1757 
f 1690//1690 1758//1758 1766//1766 
f 1694//1694 1690//1690 1766//1766 
f 1691//1691 1759//1759 1690//1690 
f 1690//1690 1759//1759 1758//1758 
f 1756//1756 1691//1691 1688//1688 
f 1759//1759 1691//1691 1756//1756 
f 1689//1689 1760//1760 1757//1757 
f 1692//1692 1760//1760 1689//1689 
f 1693//1693 1761//1761 1692//1692 
f 1692//1692 1761//1761 1760//1760 
f 1761//1761 1693//1693 1695//1695 
f 1767//1767 1761//1761 1695//1695 
f 1694//1694 1766//1766 1696//1696 
f 1766//1766 1768//1768 1696//1696 
f 1695//1695 1697//1697 1767//1767 
f 1767//1767 1697//1697 1769//1769 
f 1696//1696 1768//1768 1700//1700 
f 1768//1768 1772//1772 1700//1700 
f 1697//1697 1770//1770 1769//1769 
f 1698//1698 1770//1770 1697//1697 
f 1699//1699 1771//1771 1698//1698 
f 1698//1698 1771//1771 1770//1770 
f 1771//1771 1699//1699 1701//1701 
f 1773//1773 1771//1771 1701//1701 
f 1700//1700 1772//1772 1702//1702 
f 1772//1772 1776//1776 1702//1702 
f 1701//1701 1703//1703 1773//1773 
f 1773//1773 1703//1703 1777//1777 
f 1702//1702 1776//1776 1704//1704 
f 1776//1776 1780//1780 1704//1704 
f 1703//1703 1705//1705 1777//1777 
f 1777//1777 1705//1705 1781//1781 
f 1704//1704 1780//1780 1706//1706 
f 1780//1780 1784//1784 1706//1706 
f 1705//1705 1707//1707 1781//1781 
f 1781//1781 1707//1707 1785//1785 
f 1706//1706 1784//1784 1708//1708 
f 1784//1784 1788//1788 1708//1708 
f 1707//1707 1709//1709 1785//1785 
f 1785//1785 1709//1709 1789//1789 
f 1708//1708 1788//1788 1710//1710 
f 1788//1788 1792//1792 1710//1710 
f 1709//1709 1711//1711 1789//1789 
f 1789//1789 1711//1711 1793//1793 
f 1710//1710 1792//1792 1712//1712 
f 1792//1792 1796//1796 1712//1712 
f 1711//1711 1713//1713 1793//1793 
f 1793//1793 1713//1713 1797//1797 
f 1712//1712 1796//1796 1714//1714 
f 1796//1796 1798//1798 1714//1714 
f 1713//1713 1715//1715 1797//1797 
f 1797//1797 1715//1715 1799//1799 
f 1722//1722 1716//1716 1714//1714 
f 1722//1722 1714//1714 1802//1802 
f 1802//1802 1714//1714 1798//1798 
f 1716//1716 1723//1723 1717//1717 
f 1722//1722 1723//1723 1716//1716 
f 1717//1717 1723//1723 1720//1720 
f 1718//1718 1803//1803 1800//1800 
f 1721//1721 1803//1803 1718//1718 
f 1719//1719 1718//1718 1801//1801 
f 1718//1718 1800//1800 1801//1801 
f 1799//1799 1715//1715 1719//1719 
f 1801//1801 1799//1799 1719//1719 
f 1735//1735 1722//1722 1802//1802 
f 1804//1804 1735//1735 1802//1802 
f 1723//1723 1722//1722 1736//1736 
f 1736//1736 1722//1722 1735//1735 
f 1720//1720 1736//1736 1724//1724 
f 1723//1723 1736//1736 1720//1720 
f 1721//1721 1725//1725 1803//1803 
f 1803//1803 1725//1725 1805//1805 
f 1735//1735 1804//1804 1806//1806 
f 1736//1736 1735//1735 1806//1806 
f 1807//1807 1736//1736 1806//1806 
f 1724//1724 1736//1736 1807//1807 
f 1724//1724 1807//1807 1726//1726 
f 1726//1726 1807//1807 1808//1808 
f 1727//1727 1726//1726 1809//1809 
f 1726//1726 1808//1808 1809//1809 
f 1737//1737 1809//1809 1814//1814 
f 1737//1737 1728//1728 1809//1809 
f 1728//1728 1727//1727 1809//1809 
f 1728//1728 1738//1738 1729//1729 
f 1737//1737 1738//1738 1728//1728 
f 1729//1729 1739//1739 1730//1730 
f 1738//1738 1739//1739 1729//1729 
f 1815//1815 1730//1730 1739//1739 
f 1815//1815 1810//1810 1730//1730 
f 1810//1810 1731//1731 1730//1730 
f 1732//1732 1731//1731 1811//1811 
f 1731//1731 1810//1810 1811//1811 
f 1733//1733 1732//1732 1812//1812 
f 1732//1732 1811//1811 1812//1812 
f 1734//1734 1733//1733 1813//1813 
f 1733//1733 1812//1812 1813//1813 
f 1805//1805 1725//1725 1734//1734 
f 1813//1813 1805//1805 1734//1734 
f 1740//1740 1737//1737 1814//1814 
f 1820//1820 1740//1740 1814//1814 
f 1738//1738 1737//1737 1741//1741 
f 1741//1741 1737//1737 1740//1740 
f 1739//1739 1738//1738 1742//1742 
f 1742//1742 1738//1738 1741//1741 
f 1821//1821 1815//1815 1739//1739 
f 1742//1742 1821//1821 1739//1739 
f 1740//1740 1820//1820 1822//1822 
f 1741//1741 1740//1740 1822//1822 
f 1823//1823 1741//1741 1822//1822 
f 1742//1742 1741//1741 1823//1823 
f 1824//1824 1742//1742 1823//1823 
f 1821//1821 1742//1742 1824//1824 
f 1743//1743 1752//1752 1750//1750 
f 1743//1743 1744//1744 1753//1753 
f 1752//1752 1743//1743 1753//1753 
f 1832//1832 1753//1753 1744//1744 
f 1832//1832 1744//1744 1829//1829 
f 1829//1829 1744//1744 1745//1745 
f 1746//1746 1830//1830 1745//1745 
f 1745//1745 1830//1830 1829//1829 
f 1747//1747 1831//1831 1746//1746 
f 1746//1746 1831//1831 1830//1830 
f 1754//1754 1833//1833 1831//1831 
f 1754//1754 1831//1831 1748//1748 
f 1748//1748 1831//1831 1747//1747 
f 1748//1748 1749//1749 1755//1755 
f 1754//1754 1748//1748 1755//1755 
f 1749//1749 1751//1751 1755//1755 
f 1752//1752 1762//1762 1756//1756 
f 1750//1750 1752//1752 1756//1756 
f 1753//1753 1763//1763 1752//1752 
f 1763//1763 1762//1762 1752//1752 
f 1834//1834 1753//1753 1832//1832 
f 1763//1763 1753//1753 1834//1834 
f 1764//1764 1833//1833 1754//1754 
f 1835//1835 1833//1833 1764//1764 
f 1755//1755 1765//1765 1754//1754 
f 1765//1765 1764//1764 1754//1754 
f 1751//1751 1757//1757 1765//1765 
f 1755//1755 1751//1751 1765//1765 
f 1758//1758 1836//1836 1844//1844 
f 1766//1766 1758//1758 1844//1844 
f 1759//1759 1837//1837 1758//1758 
f 1758//1758 1837//1837 1836//1836 
f 1762//1762 1759//1759 1756//1756 
f 1762//1762 1838//1838 1759//1759 
f 1838//1838 1837//1837 1759//1759 
f 1763//1763 1838//1838 1762//1762 
f 1839//1839 1838//1838 1763//1763 
f 1834//1834 1839//1839 1763//1763 
f 1764//1764 1840//1840 1835//1835 
f 1765//1765 1840//1840 1764//1764 
f 1841//1841 1840//1840 1765//1765 
f 1757//1757 1841//1841 1765//1765 
f 1757//1757 1760//1760 1841//1841 
f 1760//1760 1842//1842 1841//1841 
f 1761//1761 1843//1843 1760//1760 
f 1760//1760 1843//1843 1842//1842 
f 1843//1843 1761//1761 1767//1767 
f 1845//1845 1843//1843 1767//1767 
f 1766//1766 1844//1844 1768//1768 
f 1844//1844 1846//1846 1768//1768 
f 1767//1767 1769//1769 1845//1845 
f 1845//1845 1769//1769 1847//1847 
f 1768//1768 1846//1846 1772//1772 
f 1846//1846 1848//1848 1772//1772 
f 1774//1774 1769//1769 1770//1770 
f 1774//1774 1849//1849 1769//1769 
f 1849//1849 1847//1847 1769//1769 
f 1770//1770 1771//1771 1775//1775 
f 1774//1774 1770//1770 1775//1775 
f 1771//1771 1773//1773 1775//1775 
f 1772//1772 1848//1848 1776//1776 
f 1848//1848 1850//1850 1776//1776 
f 1778//1778 1849//1849 1774//1774 
f 1851//1851 1849//1849 1778//1778 
f 1775//1775 1779//1779 1774//1774 
f 1779//1779 1778//1778 1774//1774 
f 1773//1773 1777//1777 1779//1779 
f 1775//1775 1773//1773 1779//1779 
f 1782//1782 1852//1852 1856//1856 
f 1782//1782 1783//1783 1853//1853 
f 1852//1852 1782//1782 1853//1853 
f 1783//1783 1850//1850 1853//1853 
f 1783//1783 1780//1780 1850//1850 
f 1780//1780 1776//1776 1850//1850 
f 1778//1778 1854//1854 1851//1851 
f 1779//1779 1854//1854 1778//1778 
f 1855//1855 1854//1854 1779//1779 
f 1855//1855 1779//1779 1777//1777 
f 1855//1855 1777//1777 1857//1857 
f 1857//1857 1777//1777 1781//1781 
f 1786//1786 1782//1782 1856//1856 
f 1858//1858 1786//1786 1856//1856 
f 1783//1783 1782//1782 1787//1787 
f 1787//1787 1782//1782 1786//1786 
f 1780//1780 1787//1787 1784//1784 
f 1783//1783 1787//1787 1780//1780 
f 1781//1781 1785//1785 1857//1857 
f 1857//1857 1785//1785 1859//1859 
f 1790//1790 1786//1786 1858//1858 
f 1860//1860 1790//1790 1858//1858 
f 1787//1787 1786//1786 1791//1791 
f 1791//1791 1786//1786 1790//1790 
f 1784//1784 1791//1791 1788//1788 
f 1787//1787 1791//1791 1784//1784 
f 1785//1785 1789//1789 1859//1859 
f 1859//1859 1789//1789 1861//1861 
f 1794//1794 1790//1790 1860//1860 
f 1862//1862 1794//1794 1860//1860 
f 1791//1791 1790//1790 1795//1795 
f 1795//1795 1790//1790 1794//1794 
f 1788//1788 1795//1795 1792//1792 
f 1791//1791 1795//1795 1788//1788 
f 1789//1789 1793//1793 1861//1861 
f 1861//1861 1793//1793 1863//1863 
f 1794//1794 1862//1862 1864//1864 
f 1795//1795 1794//1794 1864//1864 
f 1865//1865 1795//1795 1864//1864 
f 1865//1865 1792//1792 1795//1795 
f 1865//1865 1866//1866 1792//1792 
f 1866//1866 1796//1796 1792//1792 
f 1793//1793 1797//1797 1863//1863 
f 1863//1863 1797//1797 1867//1867 
f 1796//1796 1866//1866 1798//1798 
f 1866//1866 1870//1870 1798//1798 
f 1797//1797 1799//1799 1867//1867 
f 1867//1867 1799//1799 1871//1871 
f 1798//1798 1870//1870 1802//1802 
f 1870//1870 1876//1876 1802//1802 
f 1800//1800 1877//1877 1872//1872 
f 1803//1803 1877//1877 1800//1800 
f 1801//1801 1800//1800 1873//1873 
f 1800//1800 1872//1872 1873//1873 
f 1871//1871 1799//1799 1801//1801 
f 1873//1873 1871//1871 1801//1801 
f 1802//1802 1876//1876 1804//1804 
f 1876//1876 1878//1878 1804//1804 
f 1803//1803 1805//1805 1877//1877 
f 1877//1877 1805//1805 1879//1879 
f 1804//1804 1878//1878 1880//1880 
f 1806//1806 1804//1804 1880//1880 
f 1807//1807 1806//1806 1881//1881 
f 1806//1806 1880//1880 1881//1881 
f 1816//1816 1881//1881 1884//1884 
f 1816//1816 1808//1808 1881//1881 
f 1808//1808 1807//1807 1881//1881 
f 1808//1808 1817//1817 1809//1809 
f 1816//1816 1817//1817 1808//1808 
f 1809//1809 1817//1817 1814//1814 
f 1810//1810 1815//1815 1818//1818 
f 1810//1810 1819//1819 1811//1811 
f 1818//1818 1819//1819 1810//1810 
f 1885//1885 1811//1811 1819//1819 
f 1885//1885 1882//1882 1811//1811 
f 1882//1882 1812//1812 1811//1811 
f 1813//1813 1812//1812 1883//1883 
f 1812//1812 1882//1882 1883//1883 
f 1879//1879 1805//1805 1813//1813 
f 1883//1883 1879//1879 1813//1813 
f 1825//1825 1816//1816 1884//1884 
f 1886//1886 1825//1825 1884//1884 
f 1817//1817 1816//1816 1826//1826 
f 1826//1826 1816//1816 1825//1825 
f 1814//1814 1826//1826 1820//1820 
f 1817//1817 1826//1826 1814//1814 
f 1818//1818 1821//1821 1827//1827 
f 1815//1815 1821//1821 1818//1818 
f 1819//1819 1818//1818 1828//1828 
f 1828//1828 1818//1818 1827//1827 
f 1887//1887 1885//1885 1819//1819 
f 1828//1828 1887//1887 1819//1819 
f 1825//1825 1886//1886 1888//1888 
f 1826//1826 1825//1825 1888//1888 
f 1889//1889 1826//1826 1888//1888 
f 1820//1820 1826//1826 1889//1889 
f 1820//1820 1889//1889 1822//1822 
f 1822//1822 1889//1889 1890//1890 
f 1823//1823 1822//1822 1891//1891 
f 1822//1822 1890//1890 1891//1891 
f 1824//1824 1823//1823 1892//1892 
f 1823//1823 1891//1891 1892//1892 
f 1827//1827 1821//1821 1824//1824 
f 1827//1827 1824//1824 1893//1893 
f 1893//1893 1824//1824 1892//1892 
f 1828//1828 1827//1827 1893//1893 
f 1894//1894 1828//1828 1893//1893 
f 1887//1887 1828//1828 1894//1894 
f 1829//1829 1895//1895 1898//1898 
f 1832//1832 1829//1829 1898//1898 
f 1830//1830 1896//1896 1829//1829 
f 1829//1829 1896//1896 1895//1895 
f 1831//1831 1897//1897 1830//1830 
f 1830//1830 1897//1897 1896//1896 
f 1897//1897 1831//1831 1833//1833 
f 1899//1899 1897//1897 1833//1833 
f 1832//1832 1898//1898 1834//1834 
f 1898//1898 1902//1902 1834//1834 
f 1833//1833 1835//1835 1899//1899 
f 1899//1899 1835//1835 1903//1903 
f 1836//1836 1904//1904 1914//1914 
f 1844//1844 1836//1836 1914//1914 
f 1837//1837 1905//1905 1836//1836 
f 1836//1836 1905//1905 1904//1904 
f 1838//1838 1906//1906 1837//1837 
f 1837//1837 1906//1906 1905//1905 
f 1839//1839 1907//1907 1838//1838 
f 1838//1838 1907//1907 1906//1906 
f 1902//1902 1839//1839 1834//1834 
f 1907//1907 1839//1839 1902//1902 
f 1835//1835 1908//1908 1903//1903 
f 1840//1840 1908//1908 1835//1835 
f 1841//1841 1909//1909 1840//1840 
f 1840//1840 1909//1909 1908//1908 
f 1842//1842 1910//1910 1841//1841 
f 1841//1841 1910//1910 1909//1909 
f 1843//1843 1911//1911 1842//1842 
f 1842//1842 1911//1911 1910//1910 
f 1911//1911 1843//1843 1845//1845 
f 1915//1915 1911//1911 1845//1845 
f 1844//1844 1914//1914 1846//1846 
f 1914//1914 1918//1918 1846//1846 
f 1845//1845 1847//1847 1915//1915 
f 1915//1915 1847//1847 1919//1919 
f 1846//1846 1918//1918 1848//1848 
f 1918//1918 1922//1922 1848//1848 
f 1847//1847 1849//1849 1919//1919 
f 1919//1919 1849//1849 1923//1923 
f 1848//1848 1922//1922 1850//1850 
f 1922//1922 1926//1926 1850//1850 
f 1849//1849 1851//1851 1923//1923 
f 1923//1923 1851//1851 1927//1927 
f 1852//1852 1928//1928 1934//1934 
f 1856//1856 1852//1852 1934//1934 
f 1853//1853 1929//1929 1852//1852 
f 1852//1852 1929//1929 1928//1928 
f 1926//1926 1853//1853 1850//1850 
f 1929//1929 1853//1853 1926//1926 
f 1851//1851 1930//1930 1927//1927 
f 1854//1854 1930//1930 1851//1851 
f 1855//1855 1931//1931 1854//1854 
f 1854//1854 1931//1931 1930//1930 
f 1931//1931 1855//1855 1857//1857 
f 1935//1935 1931//1931 1857//1857 
f 1856//1856 1934//1934 1858//1858 
f 1934//1934 1938//1938 1858//1858 
f 1857//1857 1859//1859 1935//1935 
f 1935//1935 1859//1859 1939//1939 
f 1858//1858 1938//1938 1860//1860 
f 1938//1938 1942//1942 1860//1860 
f 1859//1859 1861//1861 1939//1939 
f 1939//1939 1861//1861 1943//1943 
f 1860//1860 1942//1942 1862//1862 
f 1942//1942 1946//1946 1862//1862 
f 1861//1861 1863//1863 1943//1943 
f 1943//1943 1863//1863 1947//1947 
f 1868//1868 1864//1864 1862//1862 
f 1868//1868 1862//1862 1950//1950 
f 1950//1950 1862//1862 1946//1946 
f 1864//1864 1869//1869 1865//1865 
f 1868//1868 1869//1869 1864//1864 
f 1865//1865 1869//1869 1866//1866 
f 1863//1863 1867//1867 1947//1947 
f 1947//1947 1867//1867 1951//1951 
f 1874//1874 1868//1868 1950//1950 
f 1954//1954 1874//1874 1950//1950 
f 1869//1869 1868//1868 1875//1875 
f 1875//1875 1868//1868 1874//1874 
f 1866//1866 1875//1875 1870//1870 
f 1869//1869 1875//1875 1866//1866 
f 1867//1867 1871//1871 1951//1951 
f 1951//1951 1871//1871 1955//1955 
f 1874//1874 1954//1954 1956//1956 
f 1875//1875 1874//1874 1956//1956 
f 1957//1957 1875//1875 1956//1956 
f 1957//1957 1870//1870 1875//1875 
f 1957//1957 1962//1962 1870//1870 
f 1962//1962 1876//1876 1870//1870 
f 1872//1872 1963//1963 1958//1958 
f 1877//1877 1963//1963 1872//1872 
f 1873//1873 1872//1872 1959//1959 
f 1872//1872 1958//1958 1959//1959 
f 1955//1955 1871//1871 1873//1873 
f 1959//1959 1955//1955 1873//1873 
f 1876//1876 1962//1962 1878//1878 
f 1962//1962 1966//1966 1878//1878 
f 1877//1877 1879//1879 1963//1963 
f 1963//1963 1879//1879 1967//1967 
f 1878//1878 1966//1966 1968//1968 
f 1880//1880 1878//1878 1968//1968 
f 1881//1881 1880//1880 1969//1969 
f 1880//1880 1968//1968 1969//1969 
f 1969//1969 1884//1884 1881//1881 
f 1974//1974 1884//1884 1969//1969 
f 1882//1882 1975//1975 1970//1970 
f 1885//1885 1975//1975 1882//1882 
f 1883//1883 1882//1882 1971//1971 
f 1882//1882 1970//1970 1971//1971 
f 1967//1967 1879//1879 1883//1883 
f 1971//1971 1967//1967 1883//1883 
f 1884//1884 1974//1974 1886//1886 
f 1974//1974 1978//1978 1886//1886 
f 1885//1885 1887//1887 1975//1975 
f 1975//1975 1887//1887 1979//1979 
f 1886//1886 1978//1978 1980//1980 
f 1888//1888 1886//1886 1980//1980 
f 1889//1889 1888//1888 1981//1981 
f 1888//1888 1980//1980 1981//1981 
f 1890//1890 1889//1889 1982//1982 
f 1889//1889 1981//1981 1982//1982 
f 1891//1891 1890//1890 1983//1983 
f 1890//1890 1982//1982 1983//1983 
f 1892//1892 1891//1891 1984//1984 
f 1891//1891 1983//1983 1984//1984 
f 1893//1893 1892//1892 1985//1985 
f 1892//1892 1984//1984 1985//1985 
f 1894//1894 1893//1893 1986//1986 
f 1893//1893 1985//1985 1986//1986 
f 1979//1979 1887//1887 1894//1894 
f 1986//1986 1979//1979 1894//1894 
f 1895//1895 1989//1989 1990//1990 
f 1898//1898 1895//1895 1990//1990 
f 1900//1900 1991//1991 1989//1989 
f 1900//1900 1989//1989 1896//1896 
f 1896//1896 1989//1989 1895//1895 
f 1896//1896 1897//1897 1901//1901 
f 1900//1900 1896//1896 1901//1901 
f 1897//1897 1899//1899 1901//1901 
f 1898//1898 1990//1990 1902//1902 
f 1990//1990 1992//1992 1902//1902 
f 1912//1912 1991//1991 1900//1900 
f 1993//1993 1991//1991 1912//1912 
f 1901//1901 1913//1913 1900//1900 
f 1913//1913 1912//1912 1900//1900 
f 1899//1899 1903//1903 1913//1913 
f 1901//1901 1899//1899 1913//1913 
f 1904//1904 1994//1994 2002//2002 
f 1914//1914 1904//1904 2002//2002 
f 1905//1905 1995//1995 1904//1904 
f 1904//1904 1995//1995 1994//1994 
f 1906//1906 1996//1996 1905//1905 
f 1905//1905 1996//1996 1995//1995 
f 1907//1907 1997//1997 1906//1906 
f 1906//1906 1997//1997 1996//1996 
f 1992//1992 1907//1907 1902//1902 
f 1997//1997 1907//1907 1992//1992 
f 1912//1912 1998//1998 1993//1993 
f 1913//1913 1998//1998 1912//1912 
f 1999//1999 1998//1998 1913//1913 
f 1903//1903 1999//1999 1913//1913 
f 1903//1903 1908//1908 1999//1999 
f 1908//1908 2000//2000 1999//1999 
f 1909//1909 2001//2001 1908//1908 
f 1908//1908 2001//2001 2000//2000 
f 1916//1916 2003//2003 2001//2001 
f 1916//1916 2001//2001 1910//1910 
f 1910//1910 2001//2001 1909//1909 
f 1910//1910 1911//1911 1917//1917 
f 1916//1916 1910//1910 1917//1917 
f 1911//1911 1915//1915 1917//1917 
f 1914//1914 2002//2002 1918//1918 
f 2002//2002 2004//2004 1918//1918 
f 1920//1920 2003//2003 1916//1916 
f 2005//2005 2003//2003 1920//1920 
f 1917//1917 1921//1921 1916//1916 
f 1921//1921 1920//1920 1916//1916 
f 1915//1915 1919//1919 1921//1921 
f 1917//1917 1915//1915 1921//1921 
f 1924//1924 2006//2006 2010//2010 
f 1924//1924 1925//1925 2007//2007 
f 2006//2006 1924//1924 2007//2007 
f 1925//1925 2004//2004 2007//2007 
f 1925//1925 1922//1922 2004//2004 
f 1922//1922 1918//1918 2004//2004 
f 1920//1920 2008//2008 2005//2005 
f 1921//1921 2008//2008 1920//1920 
f 2009//2009 2008//2008 1921//1921 
f 2009//2009 1921//1921 1919//1919 
f 2009//2009 1919//1919 2011//2011 
f 2011//2011 1919//1919 1923//1923 
f 1932//1932 1924//1924 2010//2010 
f 2012//2012 1932//1932 2010//2010 
f 1925//1925 1924//1924 1933//1933 
f 1933//1933 1924//1924 1932//1932 
f 1922//1922 1933//1933 1926//1926 
f 1925//1925 1933//1933 1922//1922 
f 1923//1923 1927//1927 2011//2011 
f 2011//2011 1927//1927 2013//2013 
f 1928//1928 1932//1932 2012//2012 
f 1928//1928 2012//2012 1934//1934 
f 1934//1934 2012//2012 2014//2014 
f 1929//1929 1932//1932 1928//1928 
f 1933//1933 1932//1932 1929//1929 
f 1926//1926 1933//1933 1929//1929 
f 1936//1936 1927//1927 1930//1930 
f 1936//1936 2015//2015 1927//1927 
f 2015//2015 2013//2013 1927//1927 
f 1930//1930 1931//1931 1937//1937 
f 1936//1936 1930//1930 1937//1937 
f 1931//1931 1935//1935 1937//1937 
f 1934//1934 2014//2014 1938//1938 
f 2014//2014 2016//2016 1938//1938 
f 1940//1940 2015//2015 1936//1936 
f 2017//2017 2015//2015 1940//1940 
f 1937//1937 1941//1941 1936//1936 
f 1941//1941 1940//1940 1936//1936 
f 1935//1935 1939//1939 1941//1941 
f 1937//1937 1935//1935 1941//1941 
f 1938//1938 2016//2016 1942//1942 
f 2016//2016 2018//2018 1942//1942 
f 1944//1944 2017//2017 1940//1940 
f 2019//2019 2017//2017 1944//1944 
f 1941//1941 1945//1945 1940//1940 
f 1945//1945 1944//1944 1940//1940 
f 1939//1939 1943//1943 1945//1945 
f 1941//1941 1939//1939 1945//1945 
f 1942//1942 2018//2018 1946//1946 
f 2018//2018 2020//2020 1946//1946 
f 1948//1948 2019//2019 1944//1944 
f 2021//2021 2019//2019 1948//1948 
f 1945//1945 1949//1949 1944//1944 
f 1949//1949 1948//1948 1944//1944 
f 1943//1943 1947//1947 1949//1949 
f 1945//1945 1943//1943 1949//1949 
f 1946//1946 2020//2020 1950//1950 
f 2020//2020 2022//2022 1950//1950 
f 1952//1952 2021//2021 1948//1948 
f 2023//2023 2021//2021 1952//1952 
f 1949//1949 1953//1953 1948//1948 
f 1953//1953 1952//1952 1948//1948 
f 1947//1947 1951//1951 1953//1953 
f 1949//1949 1947//1947 1953//1953 
f 1950//1950 2022//2022 1954//1954 
f 2022//2022 2024//2024 1954//1954 
f 1960//1960 2023//2023 1952//1952 
f 2025//2025 2023//2023 1960//1960 
f 1953//1953 1961//1961 1952//1952 
f 1961//1961 1960//1960 1952//1952 
f 1951//1951 1955//1955 1961//1961 
f 1953//1953 1951//1951 1961//1961 
f 1964//1964 1956//1956 1954//1954 
f 1964//1964 1954//1954 2026//2026 
f 2026//2026 1954//1954 2024//2024 
f 1956//1956 1965//1965 1957//1957 
f 1964//1964 1965//1965 1956//1956 
f 1957//1957 1965//1965 1962//1962 
f 1958//1958 2025//2025 1960//1960 
f 1958//1958 1963//1963 2025//2025 
f 1963//1963 2027//2027 2025//2025 
f 1959//1959 1958//1958 1960//1960 
f 1961//1961 1959//1959 1960//1960 
f 1955//1955 1959//1959 1961//1961 
f 1972//1972 1964//1964 2026//2026 
f 2028//2028 1972//1972 2026//2026 
f 1965//1965 1964//1964 1973//1973 
f 1973//1973 1964//1964 1972//1972 
f 1962//1962 1973//1973 1966//1966 
f 1965//1965 1973//1973 1962//1962 
f 1963//1963 1967//1967 2027//2027 
f 2027//2027 1967//1967 2029//2029 
f 1972//1972 2028//2028 2030//2030 
f 1973//1973 1972//1972 2030//2030 
f 2031//2031 1973//1973 2030//2030 
f 1976//1976 2031//2031 2034//2034 
f 1968//1968 2031//2031 1976//1976 
f 1968//1968 1973//1973 2031//2031 
f 1968//1968 1966//1966 1973//1973 
f 1968//1968 1977//1977 1969//1969 
f 1976//1976 1977//1977 1968//1968 
f 1969//1969 1977//1977 1974//1974 
f 1970//1970 2035//2035 2032//2032 
f 1975//1975 2035//2035 1970//1970 
f 1971//1971 1970//1970 2033//2033 
f 1970//1970 2032//2032 2033//2033 
f 2029//2029 1967//1967 1971//1971 
f 2033//2033 2029//2029 1971//1971 
f 1987//1987 1976//1976 2034//2034 
f 2036//2036 1987//1987 2034//2034 
f 1977//1977 1976//1976 1988//1988 
f 1988//1988 1976//1976 1987//1987 
f 1974//1974 1988//1988 1978//1978 
f 1977//1977 1988//1988 1974//1974 
f 1975//1975 1979//1979 2035//2035 
f 2035//2035 1979//1979 2037//2037 
f 1987//1987 2036//2036 2038//2038 
f 1988//1988 1987//1987 2038//2038 
f 2039//2039 1988//1988 2038//2038 
f 1978//1978 1988//1988 2039//2039 
f 1978//1978 2039//2039 1980//1980 
f 1980//1980 2039//2039 2040//2040 
f 1981//1981 1980//1980 2041//2041 
f 1980//1980 2040//2040 2041//2041 
f 1982//1982 1981//1981 2042//2042 
f 1981//1981 2041//2041 2042//2042 
f 1983//1983 1982//1982 2043//2043 
f 1982//1982 2042//2042 2043//2043 
f 1984//1984 1983//1983 2044//2044 
f 1983//1983 2043//2043 2044//2044 
f 1985//1985 1984//1984 2045//2045 
f 1984//1984 2044//2044 2045//2045 
f 1986//1986 1985//1985 2046//2046 
f 1985//1985 2045//2045 2046//2046 
f 2037//2037 1979//1979 1986//1986 
f 2046//2046 2037//2037 1986//1986 
f 1989//1989 2047//2047 2048//2048 
f 1990//1990 1989//1989 2048//2048 
f 2047//2047 1989//1989 1991//1991 
f 2049//2049 2047//2047 1991//1991 
f 1990//1990 2048//2048 1992//1992 
f 2048//2048 2051//2051 1992//1992 
f 1991//1991 1993//1993 2049//2049 
f 2049//2049 1993//1993 2052//2052 
f 1994//1994 2053//2053 2062//2062 
f 2002//2002 1994//1994 2062//2062 
f 1995//1995 2054//2054 1994//1994 
f 1994//1994 2054//2054 2053//2053 
f 1996//1996 2055//2055 1995//1995 
f 1995//1995 2055//2055 2054//2054 
f 1997//1997 2056//2056 1996//1996 
f 1996//1996 2056//2056 2055//2055 
f 2051//2051 1997//1997 1992//1992 
f 2056//2056 1997//1997 2051//2051 
f 1993//1993 2057//2057 2052//2052 
f 1998//1998 2057//2057 1993//1993 
f 1999//1999 2058//2058 1998//1998 
f 1998//1998 2058//2058 2057//2057 
f 2000//2000 2059//2059 1999//1999 
f 1999//1999 2059//2059 2058//2058 
f 2001//2001 2060//2060 2000//2000 
f 2000//2000 2060//2060 2059//2059 
f 2060//2060 2001//2001 2003//2003 
f 2063//2063 2060//2060 2003//2003 
f 2002//2002 2062//2062 2004//2004 
f 2062//2062 2064//2064 2004//2004 
f 2003//2003 2005//2005 2063//2063 
f 2063//2063 2005//2005 2065//2065 
f 2006//2006 2066//2066 2070//2070 
f 2010//2010 2006//2006 2070//2070 
f 2007//2007 2067//2067 2006//2006 
f 2006//2006 2067//2067 2066//2066 
f 2064//2064 2007//2007 2004//2004 
f 2067//2067 2007//2007 2064//2064 
f 2005//2005 2068//2068 2065//2065 
f 2008//2008 2068//2068 2005//2005 
f 2009//2009 2069//2069 2008//2008 
f 2008//2008 2069//2069 2068//2068 
f 2069//2069 2009//2009 2011//2011 
f 2071//2071 2069//2069 2011//2011 
f 2010//2010 2070//2070 2012//2012 
f 2070//2070 2072//2072 2012//2012 
f 2011//2011 2013//2013 2071//2071 
f 2071//2071 2013//2013 2073//2073 
f 2012//2012 2072//2072 2014//2014 
f 2072//2072 2074//2074 2014//2014 
f 2013//2013 2015//2015 2073//2073 
f 2073//2073 2015//2015 2075//2075 
f 2014//2014 2074//2074 2016//2016 
f 2074//2074 2076//2076 2016//2016 
f 2015//2015 2017//2017 2075//2075 
f 2075//2075 2017//2017 2077//2077 
f 2016//2016 2076//2076 2018//2018 
f 2076//2076 2078//2078 2018//2018 
f 2017//2017 2019//2019 2077//2077 
f 2077//2077 2019//2019 2079//2079 
f 2018//2018 2078//2078 2020//2020 
f 2078//2078 2080//2080 2020//2020 
f 2019//2019 2021//2021 2079//2079 
f 2079//2079 2021//2021 2081//2081 
f 2020//2020 2080//2080 2022//2022 
f 2080//2080 2082//2082 2022//2022 
f 2021//2021 2023//2023 2081//2081 
f 2081//2081 2023//2023 2083//2083 
f 2022//2022 2082//2082 2024//2024 
f 2082//2082 2084//2084 2024//2024 
f 2023//2023 2025//2025 2083//2083 
f 2083//2083 2025//2025 2085//2085 
f 2024//2024 2084//2084 2026//2026 
f 2084//2084 2086//2086 2026//2026 
f 2025//2025 2027//2027 2085//2085 
f 2085//2085 2027//2027 2087//2087 
f 2026//2026 2086//2086 2028//2028 
f 2086//2086 2088//2088 2028//2028 
f 2027//2027 2029//2029 2087//2087 
f 2087//2087 2029//2029 2089//2089 
f 2028//2028 2088//2088 2090//2090 
f 2030//2030 2028//2028 2090//2090 
f 2031//2031 2030//2030 2091//2091 
f 2030//2030 2090//2090 2091//2091 
f 2091//2091 2034//2034 2031//2031 
f 2094//2094 2034//2034 2091//2091 
f 2032//2032 2095//2095 2092//2092 
f 2035//2035 2095//2095 2032//2032 
f 2033//2033 2032//2032 2093//2093 
f 2032//2032 2092//2092 2093//2093 
f 2089//2089 2029//2029 2033//2033 
f 2093//2093 2089//2089 2033//2033 
f 2034//2034 2094//2094 2036//2036 
f 2094//2094 2096//2096 2036//2036 
f 2035//2035 2037//2037 2095//2095 
f 2095//2095 2037//2037 2097//2097 
f 2036//2036 2096//2096 2098//2098 
f 2038//2038 2036//2036 2098//2098 
f 2039//2039 2038//2038 2099//2099 
f 2038//2038 2098//2098 2099//2099 
f 2040//2040 2039//2039 2100//2100 
f 2039//2039 2099//2099 2100//2100 
f 2041//2041 2040//2040 2101//2101 
f 2040//2040 2100//2100 2101//2101 
f 2042//2042 2041//2041 2102//2102 
f 2041//2041 2101//2101 2102//2102 
f 2043//2043 2042//2042 2103//2103 
f 2042//2042 2102//2102 2103//2103 
f 2044//2044 2043//2043 2104//2104 
f 2043//2043 2103//2103 2104//2104 
f 2045//2045 2044//2044 2105//2105 
f 2044//2044 2104//2104 2105//2105 
f 2046//2046 2045//2045 2106//2106 
f 2045//2045 2105//2105 2106//2106 
f 2097//2097 2037//2037 2046//2046 
f 2106//2106 2097//2097 2046//2046 
f 2047//2047 2050//2050 2048//2048 
f 2047//2047 2049//2049 2050//2050 
f 2050//2050 2061//2061 2051//2051 
f 2048//2048 2050//2050 2051//2051 
f 2049//2049 2052//2052 2061//2061 
f 2050//2050 2049//2049 2061//2061 
f 2053//2053 2107//2107 2116//2116 
f 2062//2062 2053//2053 2116//2116 
f 2054//2054 2108//2108 2053//2053 
f 2053//2053 2108//2108 2107//2107 
f 2055//2055 2109//2109 2054//2054 
f 2054//2054 2109//2109 2108//2108 
f 2056//2056 2110//2110 2055//2055 
f 2055//2055 2110//2110 2109//2109 
f 2061//2061 2056//2056 2051//2051 
f 2061//2061 2111//2111 2056//2056 
f 2111//2111 2110//2110 2056//2056 
f 2052//2052 2111//2111 2061//2061 
f 2052//2052 2057//2057 2111//2111 
f 2057//2057 2112//2112 2111//2111 
f 2058//2058 2113//2113 2057//2057 
f 2057//2057 2113//2113 2112//2112 
f 2059//2059 2114//2114 2058//2058 
f 2058//2058 2114//2114 2113//2113 
f 2060//2060 2115//2115 2059//2059 
f 2059//2059 2115//2115 2114//2114 
f 2115//2115 2060//2060 2063//2063 
f 2117//2117 2115//2115 2063//2063 
f 2062//2062 2116//2116 2064//2064 
f 2116//2116 2118//2118 2064//2064 
f 2063//2063 2065//2065 2117//2117 
f 2117//2117 2065//2065 2119//2119 
f 2066//2066 2120//2120 2124//2124 
f 2070//2070 2066//2066 2124//2124 
f 2067//2067 2121//2121 2066//2066 
f 2066//2066 2121//2121 2120//2120 
f 2118//2118 2067//2067 2064//2064 
f 2121//2121 2067//2067 2118//2118 
f 2065//2065 2122//2122 2119//2119 
f 2068//2068 2122//2122 2065//2065 
f 2069//2069 2123//2123 2068//2068 
f 2068//2068 2123//2123 2122//2122 
f 2123//2123 2069//2069 2071//2071 
f 2125//2125 2123//2123 2071//2071 
f 2070//2070 2124//2124 2072//2072 
f 2124//2124 2128//2128 2072//2072 
f 2071//2071 2073//2073 2125//2125 
f 2125//2125 2073//2073 2129//2129 
f 2072//2072 2128//2128 2074//2074 
f 2128//2128 2132//2132 2074//2074 
f 2073//2073 2075//2075 2129//2129 
f 2129//2129 2075//2075 2133//2133 
f 2074//2074 2132//2132 2076//2076 
f 2132//2132 2136//2136 2076//2076 
f 2075//2075 2077//2077 2133//2133 
f 2133//2133 2077//2077 2137//2137 
f 2076//2076 2136//2136 2078//2078 
f 2136//2136 2140//2140 2078//2078 
f 2077//2077 2079//2079 2137//2137 
f 2137//2137 2079//2079 2141//2141 
f 2078//2078 2140//2140 2080//2080 
f 2140//2140 2144//2144 2080//2080 
f 2079//2079 2081//2081 2141//2141 
f 2141//2141 2081//2081 2145//2145 
f 2080//2080 2144//2144 2082//2082 
f 2144//2144 2148//2148 2082//2082 
f 2081//2081 2083//2083 2145//2145 
f 2145//2145 2083//2083 2149//2149 
f 2082//2082 2148//2148 2084//2084 
f 2148//2148 2152//2152 2084//2084 
f 2083//2083 2085//2085 2149//2149 
f 2149//2149 2085//2085 2153//2153 
f 2084//2084 2152//2152 2086//2086 
f 2152//2152 2156//2156 2086//2086 
f 2085//2085 2087//2087 2153//2153 
f 2153//2153 2087//2087 2157//2157 
f 2086//2086 2156//2156 2088//2088 
f 2156//2156 2160//2160 2088//2088 
f 2087//2087 2089//2089 2157//2157 
f 2157//2157 2089//2089 2161//2161 
f 2088//2088 2160//2160 2162//2162 
f 2090//2090 2088//2088 2162//2162 
f 2091//2091 2090//2090 2163//2163 
f 2090//2090 2162//2162 2163//2163 
f 2163//2163 2094//2094 2091//2091 
f 2168//2168 2094//2094 2163//2163 
f 2092//2092 2169//2169 2164//2164 
f 2095//2095 2169//2169 2092//2092 
f 2093//2093 2092//2092 2165//2165 
f 2092//2092 2164//2164 2165//2165 
f 2161//2161 2089//2089 2093//2093 
f 2165//2165 2161//2161 2093//2093 
f 2094//2094 2168//2168 2096//2096 
f 2168//2168 2174//2174 2096//2096 
f 2095//2095 2097//2097 2169//2169 
f 2169//2169 2097//2097 2175//2175 
f 2096//2096 2174//2174 2176//2176 
f 2098//2098 2096//2096 2176//2176 
f 2099//2099 2098//2098 2177//2177 
f 2098//2098 2176//2176 2177//2177 
f 2100//2100 2099//2099 2178//2178 
f 2099//2099 2177//2177 2178//2178 
f 2101//2101 2100//2100 2179//2179 
f 2100//2100 2178//2178 2179//2179 
f 2102//2102 2101//2101 2180//2180 
f 2101//2101 2179//2179 2180//2180 
f 2103//2103 2102//2102 2181//2181 
f 2102//2102 2180//2180 2181//2181 
f 2104//2104 2103//2103 2182//2182 
f 2103//2103 2181//2181 2182//2182 
f 2105//2105 2104//2104 2183//2183 
f 2104//2104 2182//2182 2183//2183 
f 2106//2106 2105//2105 2184//2184 
f 2105//2105 2183//2183 2184//2184 
f 2175//2175 2097//2097 2106//2106 
f 2184//2184 2175//2175 2106//2106 
f 2107//2107 2189//2189 2198//2198 
f 2116//2116 2107//2107 2198//2198 
f 2108//2108 2190//2190 2107//2107 
f 2107//2107 2190//2190 2189//2189 
f 2109//2109 2191//2191 2108//2108 
f 2108//2108 2191//2191 2190//2190 
f 2110//2110 2192//2192 2109//2109 
f 2109//2109 2192//2192 2191//2191 
f 2111//2111 2193//2193 2110//2110 
f 2110//2110 2193//2193 2192//2192 
f 2112//2112 2194//2194 2111//2111 
f 2111//2111 2194//2194 2193//2193 
f 2113//2113 2195//2195 2112//2112 
f 2112//2112 2195//2195 2194//2194 
f 2114//2114 2196//2196 2113//2113 
f 2113//2113 2196//2196 2195//2195 
f 2115//2115 2197//2197 2114//2114 
f 2114//2114 2197//2197 2196//2196 
f 2197//2197 2115//2115 2117//2117 
f 2199//2199 2197//2197 2117//2117 
f 2116//2116 2198//2198 2118//2118 
f 2198//2198 2202//2202 2118//2118 
f 2117//2117 2119//2119 2199//2199 
f 2199//2199 2119//2119 2203//2203 
f 2120//2120 2204//2204 2208//2208 
f 2124//2124 2120//2120 2208//2208 
f 2121//2121 2205//2205 2120//2120 
f 2120//2120 2205//2205 2204//2204 
f 2202//2202 2121//2121 2118//2118 
f 2205//2205 2121//2121 2202//2202 
f 2126//2126 2119//2119 2122//2122 
f 2126//2126 2209//2209 2119//2119 
f 2209//2209 2203//2203 2119//2119 
f 2122//2122 2123//2123 2127//2127 
f 2126//2126 2122//2122 2127//2127 
f 2123//2123 2125//2125 2127//2127 
f 2124//2124 2208//2208 2128//2128 
f 2208//2208 2210//2210 2128//2128 
f 2130//2130 2209//2209 2126//2126 
f 2211//2211 2209//2209 2130//2130 
f 2127//2127 2131//2131 2126//2126 
f 2131//2131 2130//2130 2126//2126 
f 2125//2125 2129//2129 2131//2131 
f 2127//2127 2125//2125 2131//2131 
f 2134//2134 2212//2212 2216//2216 
f 2134//2134 2135//2135 2213//2213 
f 2212//2212 2134//2134 2213//2213 
f 2135//2135 2210//2210 2213//2213 
f 2135//2135 2132//2132 2210//2210 
f 2132//2132 2128//2128 2210//2210 
f 2130//2130 2214//2214 2211//2211 
f 2131//2131 2214//2214 2130//2130 
f 2215//2215 2214//2214 2131//2131 
f 2215//2215 2131//2131 2129//2129 
f 2215//2215 2129//2129 2217//2217 
f 2217//2217 2129//2129 2133//2133 
f 2138//2138 2134//2134 2216//2216 
f 2218//2218 2138//2138 2216//2216 
f 2135//2135 2134//2134 2139//2139 
f 2139//2139 2134//2134 2138//2138 
f 2132//2132 2139//2139 2136//2136 
f 2135//2135 2139//2139 2132//2132 
f 2133//2133 2137//2137 2217//2217 
f 2217//2217 2137//2137 2219//2219 
f 2142//2142 2138//2138 2218//2218 
f 2220//2220 2142//2142 2218//2218 
f 2139//2139 2138//2138 2143//2143 
f 2143//2143 2138//2138 2142//2142 
f 2136//2136 2143//2143 2140//2140 
f 2139//2139 2143//2143 2136//2136 
f 2137//2137 2141//2141 2219//2219 
f 2219//2219 2141//2141 2221//2221 
f 2146//2146 2142//2142 2220//2220 
f 2222//2222 2146//2146 2220//2220 
f 2143//2143 2142//2142 2147//2147 
f 2147//2147 2142//2142 2146//2146 
f 2140//2140 2147//2147 2144//2144 
f 2143//2143 2147//2147 2140//2140 
f 2141//2141 2145//2145 2221//2221 
f 2221//2221 2145//2145 2223//2223 
f 2150//2150 2146//2146 2222//2222 
f 2224//2224 2150//2150 2222//2222 
f 2147//2147 2146//2146 2151//2151 
f 2151//2151 2146//2146 2150//2150 
f 2144//2144 2151//2151 2148//2148 
f 2147//2147 2151//2151 2144//2144 
f 2145//2145 2149//2149 2223//2223 
f 2223//2223 2149//2149 2225//2225 
f 2154//2154 2150//2150 2224//2224 
f 2226//2226 2154//2154 2224//2224 
f 2151//2151 2150//2150 2155//2155 
f 2155//2155 2150//2150 2154//2154 
f 2148//2148 2155//2155 2152//2152 
f 2151//2151 2155//2155 2148//2148 
f 2149//2149 2153//2153 2225//2225 
f 2225//2225 2153//2153 2227//2227 
f 2158//2158 2154//2154 2226//2226 
f 2228//2228 2158//2158 2226//2226 
f 2155//2155 2154//2154 2159//2159 
f 2159//2159 2154//2154 2158//2158 
f 2152//2152 2159//2159 2156//2156 
f 2155//2155 2159//2159 2152//2152 
f 2153//2153 2157//2157 2227//2227 
f 2227//2227 2157//2157 2229//2229 
f 2166//2166 2158//2158 2228//2228 
f 2232//2232 2166//2166 2228//2228 
f 2159//2159 2158//2158 2167//2167 
f 2167//2167 2158//2158 2166//2166 
f 2156//2156 2167//2167 2160//2160 
f 2159//2159 2167//2167 2156//2156 
f 2157//2157 2161//2161 2229//2229 
f 2229//2229 2161//2161 2233//2233 
f 2166//2166 2232//2232 2234//2234 
f 2167//2167 2166//2166 2234//2234 
f 2235//2235 2167//2167 2234//2234 
f 2170//2170 2235//2235 2242//2242 
f 2162//2162 2235//2235 2170//2170 
f 2162//2162 2167//2167 2235//2235 
f 2162//2162 2160//2160 2167//2167 
f 2162//2162 2171//2171 2163//2163 
f 2170//2170 2171//2171 2162//2162 
f 2163//2163 2171//2171 2168//2168 
f 2172//2172 2243//2243 2236//2236 
f 2172//2172 2237//2237 2173//2173 
f 2236//2236 2237//2237 2172//2172 
f 2173//2173 2164//2164 2169//2169 
f 2173//2173 2237//2237 2164//2164 
f 2237//2237 2238//2238 2164//2164 
f 2165//2165 2164//2164 2239//2239 
f 2164//2164 2238//2238 2239//2239 
f 2233//2233 2161//2161 2165//2165 
f 2239//2239 2233//2233 2165//2165 
f 2185//2185 2170//2170 2242//2242 
f 2244//2244 2185//2185 2242//2242 
f 2171//2171 2170//2170 2186//2186 
f 2186//2186 2170//2170 2185//2185 
f 2168//2168 2186//2186 2174//2174 
f 2171//2171 2186//2186 2168//2168 
f 2187//2187 2243//2243 2172//2172 
f 2245//2245 2243//2243 2187//2187 
f 2173//2173 2188//2188 2172//2172 
f 2188//2188 2187//2187 2172//2172 
f 2169//2169 2175//2175 2188//2188 
f 2173//2173 2169//2169 2188//2188 
f 2185//2185 2244//2244 2246//2246 
f 2186//2186 2185//2185 2246//2246 
f 2247//2247 2186//2186 2246//2246 
f 2174//2174 2186//2186 2247//2247 
f 2174//2174 2247//2247 2176//2176 
f 2176//2176 2247//2247 2248//2248 
f 2177//2177 2176//2176 2249//2249 
f 2176//2176 2248//2248 2249//2249 
f 2178//2178 2177//2177 2250//2250 
f 2177//2177 2249//2249 2250//2250 
f 2179//2179 2178//2178 2251//2251 
f 2178//2178 2250//2250 2251//2251 
f 2180//2180 2179//2179 2252//2252 
f 2179//2179 2251//2251 2252//2252 
f 2181//2181 2180//2180 2253//2253 
f 2180//2180 2252//2252 2253//2253 
f 2182//2182 2181//2181 2254//2254 
f 2181//2181 2253//2253 2254//2254 
f 2245//2245 2187//2187 2183//2183 
f 2245//2245 2183//2183 2254//2254 
f 2254//2254 2183//2183 2182//2182 
f 2184//2184 2183//2183 2187//2187 
f 2188//2188 2184//2184 2187//2187 
f 2175//2175 2184//2184 2188//2188 
f 2189//2189 2255//2255 2262//2262 
f 2198//2198 2189//2189 2262//2262 
f 2190//2190 2256//2256 2189//2189 
f 2189//2189 2256//2256 2255//2255 
f 2191//2191 2257//2257 2190//2190 
f 2190//2190 2257//2257 2256//2256 
f 2192//2192 2258//2258 2191//2191 
f 2191//2191 2258//2258 2257//2257 
f 2193//2193 2259//2259 2192//2192 
f 2192//2192 2259//2259 2258//2258 
f 2194//2194 2260//2260 2193//2193 
f 2193//2193 2260//2260 2259//2259 
f 2195//2195 2261//2261 2194//2194 
f 2194//2194 2261//2261 2260//2260 
f 2200//2200 2263//2263 2261//2261 
f 2200//2200 2261//2261 2196//2196 
f 2196//2196 2261//2261 2195//2195 
f 2196//2196 2197//2197 2201//2201 
f 2200//2200 2196//2196 2201//2201 
f 2197//2197 2199//2199 2201//2201 
f 2198//2198 2262//2262 2202//2202 
f 2262//2262 2264//2264 2202//2202 
f 2206//2206 2263//2263 2200//2200 
f 2265//2265 2263//2263 2206//2206 
f 2201//2201 2207//2207 2200//2200 
f 2207//2207 2206//2206 2200//2200 
f 2199//2199 2203//2203 2207//2207 
f 2201//2201 2199//2199 2207//2207 
f 2204//2204 2266//2266 2270//2270 
f 2208//2208 2204//2204 2270//2270 
f 2205//2205 2267//2267 2204//2204 
f 2204//2204 2267//2267 2266//2266 
f 2264//2264 2205//2205 2202//2202 
f 2267//2267 2205//2205 2264//2264 
f 2206//2206 2268//2268 2265//2265 
f 2207//2207 2268//2268 2206//2206 
f 2269//2269 2268//2268 2207//2207 
f 2269//2269 2207//2207 2203//2203 
f 2269//2269 2203//2203 2271//2271 
f 2271//2271 2203//2203 2209//2209 
f 2208//2208 2270//2270 2210//2210 
f 2270//2270 2272//2272 2210//2210 
f 2209//2209 2211//2211 2271//2271 
f 2271//2271 2211//2211 2273//2273 
f 2212//2212 2274//2274 2278//2278 
f 2216//2216 2212//2212 2278//2278 
f 2213//2213 2275//2275 2212//2212 
f 2212//2212 2275//2275 2274//2274 
f 2272//2272 2213//2213 2210//2210 
f 2275//2275 2213//2213 2272//2272 
f 2211//2211 2276//2276 2273//2273 
f 2214//2214 2276//2276 2211//2211 
f 2215//2215 2277//2277 2214//2214 
f 2214//2214 2277//2277 2276//2276 
f 2277//2277 2215//2215 2217//2217 
f 2279//2279 2277//2277 2217//2217 
f 2216//2216 2278//2278 2218//2218 
f 2278//2278 2282//2282 2218//2218 
f 2217//2217 2219//2219 2279//2279 
f 2279//2279 2219//2219 2283//2283 
f 2218//2218 2282//2282 2220//2220 
f 2282//2282 2286//2286 2220//2220 
f 2219//2219 2221//2221 2283//2283 
f 2283//2283 2221//2221 2287//2287 
f 2220//2220 2286//2286 2222//2222 
f 2286//2286 2290//2290 2222//2222 
f 2221//2221 2223//2223 2287//2287 
f 2287//2287 2223//2223 2291//2291 
f 2222//2222 2290//2290 2224//2224 
f 2290//2290 2294//2294 2224//2224 
f 2223//2223 2225//2225 2291//2291 
f 2291//2291 2225//2225 2295//2295 
f 2224//2224 2294//2294 2226//2226 
f 2294//2294 2298//2298 2226//2226 
f 2225//2225 2227//2227 2295//2295 
f 2295//2295 2227//2227 2299//2299 
f 2226//2226 2298//2298 2228//2228 
f 2298//2298 2304//2304 2228//2228 
f 2230//2230 2305//2305 2300//2300 
f 2230//2230 2301//2301 2231//2231 
f 2300//2300 2301//2301 2230//2230 
f 2231//2231 2301//2301 2299//2299 
f 2231//2231 2299//2299 2229//2229 
f 2229//2229 2299//2299 2227//2227 
f 2228//2228 2304//2304 2232//2232 
f 2304//2304 2306//2306 2232//2232 
f 2240//2240 2305//2305 2230//2230 
f 2307//2307 2305//2305 2240//2240 
f 2231//2231 2241//2241 2230//2230 
f 2241//2241 2240//2240 2230//2230 
f 2229//2229 2233//2233 2241//2241 
f 2231//2231 2229//2229 2241//2241 
f 2232//2232 2306//2306 2308//2308 
f 2234//2234 2232//2232 2308//2308 
f 2235//2235 2234//2234 2309//2309 
f 2234//2234 2308//2308 2309//2309 
f 2309//2309 2242//2242 2235//2235 
f 2312//2312 2242//2242 2309//2309 
f 2236//2236 2313//2313 2310//2310 
f 2243//2243 2313//2313 2236//2236 
f 2237//2237 2236//2236 2311//2311 
f 2236//2236 2310//2310 2311//2311 
f 2307//2307 2240//2240 2238//2238 
f 2307//2307 2238//2238 2311//2311 
f 2311//2311 2238//2238 2237//2237 
f 2239//2239 2238//2238 2240//2240 
f 2241//2241 2239//2239 2240//2240 
f 2233//2233 2239//2239 2241//2241 
f 2242//2242 2312//2312 2244//2244 
f 2312//2312 2316//2316 2244//2244 
f 2243//2243 2245//2245 2313//2313 
f 2313//2313 2245//2245 2317//2317 
f 2244//2244 2316//2316 2318//2318 
f 2246//2246 2244//2244 2318//2318 
f 2247//2247 2246//2246 2319//2319 
f 2246//2246 2318//2318 2319//2319 
f 2248//2248 2247//2247 2320//2320 
f 2247//2247 2319//2319 2320//2320 
f 2249//2249 2248//2248 2321//2321 
f 2248//2248 2320//2320 2321//2321 
f 2250//2250 2249//2249 2322//2322 
f 2249//2249 2321//2321 2322//2322 
f 2251//2251 2250//2250 2323//2323 
f 2250//2250 2322//2322 2323//2323 
f 2252//2252 2251//2251 2324//2324 
f 2251//2251 2323//2323 2324//2324 
f 2253//2253 2252//2252 2325//2325 
f 2252//2252 2324//2324 2325//2325 
f 2254//2254 2253//2253 2326//2326 
f 2253//2253 2325//2325 2326//2326 
f 2317//2317 2245//2245 2254//2254 
f 2326//2326 2317//2317 2254//2254 
f 2255//2255 2333//2333 2340//2340 
f 2262//2262 2255//2255 2340//2340 
f 2256//2256 2334//2334 2255//2255 
f 2255//2255 2334//2334 2333//2333 
f 2257//2257 2335//2335 2256//2256 
f 2256//2256 2335//2335 2334//2334 
f 2258//2258 2336//2336 2257//2257 
f 2257//2257 2336//2336 2335//2335 
f 2259//2259 2337//2337 2258//2258 
f 2258//2258 2337//2337 2336//2336 
f 2260//2260 2338//2338 2259//2259 
f 2259//2259 2338//2338 2337//2337 
f 2261//2261 2339//2339 2260//2260 
f 2260//2260 2339//2339 2338//2338 
f 2339//2339 2261//2261 2263//2263 
f 2341//2341 2339//2339 2263//2263 
f 2262//2262 2340//2340 2264//2264 
f 2340//2340 2344//2344 2264//2264 
f 2263//2263 2265//2265 2341//2341 
f 2341//2341 2265//2265 2345//2345 
f 2266//2266 2346//2346 2352//2352 
f 2270//2270 2266//2266 2352//2352 
f 2267//2267 2347//2347 2266//2266 
f 2266//2266 2347//2347 2346//2346 
f 2344//2344 2267//2267 2264//2264 
f 2347//2347 2267//2267 2344//2344 
f 2265//2265 2348//2348 2345//2345 
f 2268//2268 2348//2348 2265//2265 
f 2269//2269 2349//2349 2268//2268 
f 2268//2268 2349//2349 2348//2348 
f 2349//2349 2269//2269 2271//2271 
f 2353//2353 2349//2349 2271//2271 
f 2270//2270 2352//2352 2272//2272 
f 2352//2352 2358//2358 2272//2272 
f 2271//2271 2273//2273 2353//2353 
f 2353//2353 2273//2273 2359//2359 
f 2274//2274 2360//2360 2366//2366 
f 2278//2278 2274//2274 2366//2366 
f 2275//2275 2361//2361 2274//2274 
f 2274//2274 2361//2361 2360//2360 
f 2358//2358 2275//2275 2272//2272 
f 2361//2361 2275//2275 2358//2358 
f 2280//2280 2273//2273 2276//2276 
f 2280//2280 2367//2367 2273//2273 
f 2367//2367 2359//2359 2273//2273 
f 2276//2276 2277//2277 2281//2281 
f 2280//2280 2276//2276 2281//2281 
f 2277//2277 2279//2279 2281//2281 
f 2278//2278 2366//2366 2282//2282 
f 2366//2366 2368//2368 2282//2282 
f 2284//2284 2367//2367 2280//2280 
f 2369//2369 2367//2367 2284//2284 
f 2281//2281 2285//2285 2280//2280 
f 2285//2285 2284//2284 2280//2280 
f 2279//2279 2283//2283 2285//2285 
f 2281//2281 2279//2279 2285//2285 
f 2282//2282 2368//2368 2286//2286 
f 2368//2368 2370//2370 2286//2286 
f 2288//2288 2369//2369 2284//2284 
f 2371//2371 2369//2369 2288//2288 
f 2285//2285 2289//2289 2284//2284 
f 2289//2289 2288//2288 2284//2284 
f 2283//2283 2287//2287 2289//2289 
f 2285//2285 2283//2283 2289//2289 
f 2286//2286 2370//2370 2290//2290 
f 2370//2370 2374//2374 2290//2290 
f 2292//2292 2371//2371 2288//2288 
f 2375//2375 2371//2371 2292//2292 
f 2289//2289 2293//2293 2288//2288 
f 2293//2293 2292//2292 2288//2288 
f 2287//2287 2291//2291 2293//2293 
f 2289//2289 2287//2287 2293//2293 
f 2290//2290 2374//2374 2294//2294 
f 2374//2374 2378//2378 2294//2294 
f 2296//2296 2375//2375 2292//2292 
f 2379//2379 2375//2375 2296//2296 
f 2293//2293 2297//2297 2292//2292 
f 2297//2297 2296//2296 2292//2292 
f 2291//2291 2295//2295 2297//2297 
f 2293//2293 2291//2291 2297//2297 
f 2294//2294 2378//2378 2298//2298 
f 2378//2378 2382//2382 2298//2298 
f 2302//2302 2379//2379 2296//2296 
f 2383//2383 2379//2379 2302//2302 
f 2297//2297 2303//2303 2296//2296 
f 2303//2303 2302//2302 2296//2296 
f 2295//2295 2299//2299 2303//2303 
f 2297//2297 2295//2295 2303//2303 
f 2298//2298 2382//2382 2304//2304 
f 2382//2382 2386//2386 2304//2304 
f 2300//2300 2383//2383 2302//2302 
f 2300//2300 2305//2305 2383//2383 
f 2305//2305 2387//2387 2383//2383 
f 2301//2301 2300//2300 2302//2302 
f 2303//2303 2301//2301 2302//2302 
f 2299//2299 2301//2301 2303//2303 
f 2304//2304 2386//2386 2306//2306 
f 2386//2386 2388//2388 2306//2306 
f 2305//2305 2307//2307 2387//2387 
f 2387//2387 2307//2307 2389//2389 
f 2314//2314 2308//2308 2306//2306 
f 2314//2314 2306//2306 2392//2392 
f 2392//2392 2306//2306 2388//2388 
f 2308//2308 2315//2315 2309//2309 
f 2314//2314 2315//2315 2308//2308 
f 2309//2309 2315//2315 2312//2312 
f 2310//2310 2393//2393 2390//2390 
f 2313//2313 2393//2393 2310//2310 
f 2311//2311 2310//2310 2391//2391 
f 2310//2310 2390//2390 2391//2391 
f 2389//2389 2307//2307 2311//2311 
f 2391//2391 2389//2389 2311//2311 
f 2327//2327 2314//2314 2392//2392 
f 2396//2396 2327//2327 2392//2392 
f 2315//2315 2314//2314 2328//2328 
f 2328//2328 2314//2314 2327//2327 
f 2312//2312 2328//2328 2316//2316 
f 2315//2315 2328//2328 2312//2312 
f 2313//2313 2317//2317 2393//2393 
f 2393//2393 2317//2317 2397//2397 
f 2327//2327 2396//2396 2398//2398 
f 2328//2328 2327//2327 2398//2398 
f 2399//2399 2328//2328 2398//2398 
f 2316//2316 2328//2328 2399//2399 
f 2316//2316 2399//2399 2318//2318 
f 2318//2318 2399//2399 2400//2400 
f 2319//2319 2318//2318 2401//2401 
f 2318//2318 2400//2400 2401//2401 
f 2329//2329 2401//2401 2407//2407 
f 2329//2329 2320//2320 2401//2401 
f 2320//2320 2319//2319 2401//2401 
f 2320//2320 2330//2330 2321//2321 
f 2329//2329 2330//2330 2320//2320 
f 2321//2321 2331//2331 2322//2322 
f 2330//2330 2331//2331 2321//2321 
f 2322//2322 2332//2332 2323//2323 
f 2331//2331 2332//2332 2322//2322 
f 2408//2408 2323//2323 2332//2332 
f 2408//2408 2402//2402 2323//2323 
f 2402//2402 2324//2324 2323//2323 
f 2325//2325 2324//2324 2403//2403 
f 2324//2324 2402//2402 2403//2403 
f 2326//2326 2325//2325 2404//2404 
f 2325//2325 2403//2403 2404//2404 
f 2397//2397 2317//2317 2326//2326 
f 2404//2404 2397//2397 2326//2326 
f 2329//2329 2407//2407 2409//2409 
f 2330//2330 2329//2329 2409//2409 
f 2410//2410 2330//2330 2409//2409 
f 2331//2331 2330//2330 2410//2410 
f 2411//2411 2331//2331 2410//2410 
f 2332//2332 2331//2331 2411//2411 
f 2412//2412 2332//2332 2411//2411 
f 2408//2408 2332//2332 2412//2412 
f 2333//2333 2413//2413 2418//2418 
f 2340//2340 2333//2333 2418//2418 
f 2334//2334 2414//2414 2333//2333 
f 2333//2333 2414//2414 2413//2413 
f 2335//2335 2415//2415 2334//2334 
f 2334//2334 2415//2415 2414//2414 
f 2336//2336 2416//2416 2335//2335 
f 2335//2335 2416//2416 2415//2415 
f 2337//2337 2417//2417 2336//2336 
f 2336//2336 2417//2417 2416//2416 
f 2342//2342 2419//2419 2417//2417 
f 2342//2342 2417//2417 2338//2338 
f 2338//2338 2417//2417 2337//2337 
f 2338//2338 2339//2339 2343//2343 
f 2342//2342 2338//2338 2343//2343 
f 2339//2339 2341//2341 2343//2343 
f 2340//2340 2418//2418 2344//2344 
f 2418//2418 2420//2420 2344//2344 
f 2350//2350 2419//2419 2342//2342 
f 2421//2421 2419//2419 2350//2350 
f 2343//2343 2351//2351 2342//2342 
f 2351//2351 2350//2350 2342//2342 
f 2341//2341 2345//2345 2351//2351 
f 2343//2343 2341//2341 2351//2351 
f 2354//2354 2422//2422 2428//2428 
f 2354//2354 2355//2355 2423//2423 
f 2422//2422 2354//2354 2423//2423 
f 2355//2355 2352//2352 2346//2346 
f 2355//2355 2346//2346 2423//2423 
f 2423//2423 2346//2346 2424//2424 
f 2347//2347 2425//2425 2346//2346 
f 2346//2346 2425//2425 2424//2424 
f 2420//2420 2347//2347 2344//2344 
f 2425//2425 2347//2347 2420//2420 
f 2350//2350 2426//2426 2421//2421 
f 2351//2351 2426//2426 2350//2350 
f 2427//2427 2426//2426 2351//2351 
f 2356//2356 2429//2429 2427//2427 
f 2348//2348 2356//2356 2427//2427 
f 2348//2348 2427//2427 2351//2351 
f 2348//2348 2351//2351 2345//2345 
f 2348//2348 2349//2349 2357//2357 
f 2356//2356 2348//2348 2357//2357 
f 2349//2349 2353//2353 2357//2357 
f 2362//2362 2354//2354 2428//2428 
f 2430//2430 2362//2362 2428//2428 
f 2355//2355 2354//2354 2363//2363 
f 2363//2363 2354//2354 2362//2362 
f 2352//2352 2363//2363 2358//2358 
f 2355//2355 2363//2363 2352//2352 
f 2364//2364 2429//2429 2356//2356 
f 2431//2431 2429//2429 2364//2364 
f 2357//2357 2365//2365 2356//2356 
f 2365//2365 2364//2364 2356//2356 
f 2353//2353 2359//2359 2365//2365 
f 2357//2357 2353//2353 2365//2365 
f 2360//2360 2362//2362 2430//2430 
f 2360//2360 2430//2430 2366//2366 
f 2366//2366 2430//2430 2434//2434 
f 2361//2361 2362//2362 2360//2360 
f 2363//2363 2362//2362 2361//2361 
f 2358//2358 2363//2363 2361//2361 
f 2364//2364 2432//2432 2431//2431 
f 2365//2365 2432//2432 2364//2364 
f 2433//2433 2432//2432 2365//2365 
f 2433//2433 2365//2365 2359//2359 
f 2433//2433 2359//2359 2435//2435 
f 2435//2435 2359//2359 2367//2367 
f 2366//2366 2434//2434 2368//2368 
f 2434//2434 2436//2436 2368//2368 
f 2367//2367 2369//2369 2435//2435 
f 2435//2435 2369//2369 2437//2437 
f 2372//2372 2438//2438 2440//2440 
f 2372//2372 2373//2373 2439//2439 
f 2438//2438 2372//2372 2439//2439 
f 2373//2373 2436//2436 2439//2439 
f 2373//2373 2370//2370 2436//2436 
f 2370//2370 2368//2368 2436//2436 
f 2369//2369 2371//2371 2437//2437 
f 2437//2437 2371//2371 2441//2441 
f 2376//2376 2372//2372 2440//2440 
f 2442//2442 2376//2376 2440//2440 
f 2373//2373 2372//2372 2377//2377 
f 2377//2377 2372//2372 2376//2376 
f 2370//2370 2377//2377 2374//2374 
f 2373//2373 2377//2377 2370//2370 
f 2371//2371 2375//2375 2441//2441 
f 2441//2441 2375//2375 2443//2443 
f 2380//2380 2376//2376 2442//2442 
f 2444//2444 2380//2380 2442//2442 
f 2377//2377 2376//2376 2381//2381 
f 2381//2381 2376//2376 2380//2380 
f 2374//2374 2381//2381 2378//2378 
f 2377//2377 2381//2381 2374//2374 
f 2375//2375 2379//2379 2443//2443 
f 2443//2443 2379//2379 2445//2445 
f 2384//2384 2380//2380 2444//2444 
f 2446//2446 2384//2384 2444//2444 
f 2381//2381 2380//2380 2385//2385 
f 2385//2385 2380//2380 2384//2384 
f 2378//2378 2385//2385 2382//2382 
f 2381//2381 2385//2385 2378//2378 
f 2379//2379 2383//2383 2445//2445 
f 2445//2445 2383//2383 2447//2447 
f 2384//2384 2446//2446 2448//2448 
f 2385//2385 2384//2384 2448//2448 
f 2449//2449 2385//2385 2448//2448 
f 2449//2449 2382//2382 2385//2385 
f 2449//2449 2450//2450 2382//2382 
f 2450//2450 2386//2386 2382//2382 
f 2383//2383 2387//2387 2447//2447 
f 2447//2447 2387//2387 2451//2451 
f 2386//2386 2450//2450 2388//2388 
f 2450//2450 2452//2452 2388//2388 
f 2387//2387 2389//2389 2451//2451 
f 2451//2451 2389//2389 2453//2453 
f 2454//2454 2394//2394 2392//2392 
f 2454//2454 2392//2392 2452//2452 
f 2452//2452 2392//2392 2388//2388 
f 2394//2394 2455//2455 2395//2395 
f 2454//2454 2455//2455 2394//2394 
f 2455//2455 2458//2458 2395//2395 
f 2390//2390 2459//2459 2456//2456 
f 2393//2393 2459//2459 2390//2390 
f 2391//2391 2390//2390 2457//2457 
f 2390//2390 2456//2456 2457//2457 
f 2453//2453 2389//2389 2391//2391 
f 2457//2457 2453//2453 2391//2391 
f 2394//2394 2405//2405 2396//2396 
f 2392//2392 2394//2394 2396//2396 
f 2395//2395 2406//2406 2394//2394 
f 2406//2406 2405//2405 2394//2394 
f 2460//2460 2395//2395 2458//2458 
f 2406//2406 2395//2395 2460//2460 
f 2393//2393 2397//2397 2459//2459 
f 2459//2459 2397//2397 2461//2461 
f 2396//2396 2405//2405 2398//2398 
f 2399//2399 2398//2398 2405//2405 
f 2406//2406 2399//2399 2405//2405 
f 2406//2406 2460//2460 2462//2462 
f 2406//2406 2462//2462 2399//2399 
f 2399//2399 2462//2462 2400//2400 
f 2401//2401 2400//2400 2463//2463 
f 2400//2400 2462//2462 2463//2463 
f 2463//2463 2407//2407 2401//2401 
f 2467//2467 2407//2407 2463//2463 
f 2402//2402 2468//2468 2464//2464 
f 2408//2408 2468//2468 2402//2402 
f 2403//2403 2402//2402 2465//2465 
f 2402//2402 2464//2464 2465//2465 
f 2404//2404 2403//2403 2466//2466 
f 2403//2403 2465//2465 2466//2466 
f 2461//2461 2397//2397 2404//2404 
f 2466//2466 2461//2461 2404//2404 
f 2407//2407 2467//2467 2469//2469 
f 2409//2409 2407//2407 2469//2469 
f 2410//2410 2409//2409 2470//2470 
f 2409//2409 2469//2469 2470//2470 
f 2411//2411 2410//2410 2471//2471 
f 2410//2410 2470//2470 2471//2471 
f 2412//2412 2411//2411 2472//2472 
f 2411//2411 2471//2471 2472//2472 
f 2468//2468 2408//2408 2412//2412 
f 2472//2472 2468//2468 2412//2412 
f 2413//2413 2473//2473 2478//2478 
f 2418//2418 2413//2413 2478//2478 
f 2414//2414 2474//2474 2413//2413 
f 2413//2413 2474//2474 2473//2473 
f 2415//2415 2475//2475 2414//2414 
f 2414//2414 2475//2475 2474//2474 
f 2416//2416 2476//2476 2415//2415 
f 2415//2415 2476//2476 2475//2475 
f 2417//2417 2477//2477 2416//2416 
f 2416//2416 2477//2477 2476//2476 
f 2477//2477 2417//2417 2419//2419 
f 2479//2479 2477//2477 2419//2419 
f 2418//2418 2478//2478 2420//2420 
f 2478//2478 2483//2483 2420//2420 
f 2419//2419 2421//2421 2479//2479 
f 2479//2479 2421//2421 2484//2484 
f 2422//2422 2485//2485 2494//2494 
f 2428//2428 2422//2422 2494//2494 
f 2423//2423 2486//2486 2422//2422 
f 2422//2422 2486//2486 2485//2485 
f 2424//2424 2487//2487 2423//2423 
f 2423//2423 2487//2487 2486//2486 
f 2425//2425 2488//2488 2424//2424 
f 2424//2424 2488//2488 2487//2487 
f 2483//2483 2425//2425 2420//2420 
f 2488//2488 2425//2425 2483//2483 
f 2421//2421 2489//2489 2484//2484 
f 2426//2426 2489//2489 2421//2421 
f 2427//2427 2490//2490 2426//2426 
f 2426//2426 2490//2490 2489//2489 
f 2490//2490 2427//2427 2429//2429 
f 2495//2495 2490//2490 2429//2429 
f 2428//2428 2494//2494 2430//2430 
f 2494//2494 2498//2498 2430//2430 
f 2429//2429 2431//2431 2495//2495 
f 2495//2495 2431//2431 2499//2499 
f 2430//2430 2498//2498 2434//2434 
f 2498//2498 2504//2504 2434//2434 
f 2431//2431 2500//2500 2499//2499 
f 2432//2432 2500//2500 2431//2431 
f 2433//2433 2501//2501 2432//2432 
f 2432//2432 2501//2501 2500//2500 
f 2501//2501 2433//2433 2435//2435 
f 2505//2505 2501//2501 2435//2435 
f 2434//2434 2504//2504 2436//2436 
f 2504//2504 2508//2508 2436//2436 
f 2435//2435 2437//2437 2505//2505 
f 2505//2505 2437//2437 2509//2509 
f 2438//2438 2510//2510 2514//2514 
f 2440//2440 2438//2438 2514//2514 
f 2439//2439 2511//2511 2438//2438 
f 2438//2438 2511//2511 2510//2510 
f 2508//2508 2439//2439 2436//2436 
f 2511//2511 2439//2439 2508//2508 
f 2437//2437 2441//2441 2509//2509 
f 2509//2509 2441//2441 2515//2515 
f 2440//2440 2514//2514 2442//2442 
f 2514//2514 2520//2520 2442//2442 
f 2441//2441 2443//2443 2515//2515 
f 2515//2515 2443//2443 2521//2521 
f 2442//2442 2520//2520 2444//2444 
f 2520//2520 2526//2526 2444//2444 
f 2443//2443 2445//2445 2521//2521 
f 2521//2521 2445//2445 2527//2527 
f 2444//2444 2526//2526 2446//2446 
f 2526//2526 2534//2534 2446//2446 
f 2445//2445 2447//2447 2527//2527 
f 2527//2527 2447//2447 2535//2535 
f 2446//2446 2534//2534 2536//2536 
f 2448//2448 2446//2446 2536//2536 
f 2449//2449 2448//2448 2537//2537 
f 2448//2448 2536//2536 2537//2537 
f 2537//2537 2450//2450 2449//2449 
f 2544//2544 2450//2450 2537//2537 
f 2447//2447 2451//2451 2535//2535 
f 2535//2535 2451//2451 2545//2545 
f 2450//2450 2544//2544 2452//2452 
f 2544//2544 2552//2552 2452//2452 
f 2451//2451 2453//2453 2545//2545 
f 2545//2545 2453//2453 2553//2553 
f 2452//2452 2552//2552 2554//2554 
f 2454//2454 2452//2452 2554//2554 
f 2455//2455 2454//2454 2555//2555 
f 2454//2454 2554//2554 2555//2555 
f 2555//2555 2458//2458 2455//2455 
f 2564//2564 2458//2458 2555//2555 
f 2456//2456 2565//2565 2556//2556 
f 2459//2459 2565//2565 2456//2456 
f 2457//2457 2456//2456 2557//2557 
f 2456//2456 2556//2556 2557//2557 
f 2553//2553 2453//2453 2457//2457 
f 2557//2557 2553//2553 2457//2457 
f 2458//2458 2564//2564 2460//2460 
f 2564//2564 2570//2570 2460//2460 
f 2459//2459 2461//2461 2565//2565 
f 2565//2565 2461//2461 2571//2571 
f 2460//2460 2570//2570 2572//2572 
f 2462//2462 2460//2460 2572//2572 
f 2463//2463 2462//2462 2573//2573 
f 2462//2462 2572//2572 2573//2573 
f 2573//2573 2467//2467 2463//2463 
f 2581//2581 2467//2467 2573//2573 
f 2464//2464 2582//2582 2574//2574 
f 2468//2468 2582//2582 2464//2464 
f 2465//2465 2464//2464 2575//2575 
f 2464//2464 2574//2574 2575//2575 
f 2466//2466 2465//2465 2576//2576 
f 2465//2465 2575//2575 2576//2576 
f 2571//2571 2461//2461 2466//2466 
f 2576//2576 2571//2571 2466//2466 
f 2467//2467 2581//2581 2583//2583 
f 2469//2469 2467//2467 2583//2583 
f 2470//2470 2469//2469 2584//2584 
f 2469//2469 2583//2583 2584//2584 
f 2471//2471 2470//2470 2585//2585 
f 2470//2470 2584//2584 2585//2585 
f 2472//2472 2471//2471 2586//2586 
f 2471//2471 2585//2585 2586//2586 
f 2582//2582 2468//2468 2472//2472 
f 2586//2586 2582//2582 2472//2472 
f 2473//2473 2480//2480 2478//2478 
f 2473//2473 2474//2474 2481//2481 
f 2480//2480 2473//2473 2481//2481 
f 2593//2593 2481//2481 2474//2474 
f 2593//2593 2474//2474 2591//2591 
f 2591//2591 2474//2474 2475//2475 
f 2476//2476 2592//2592 2475//2475 
f 2475//2475 2592//2592 2591//2591 
f 2482//2482 2594//2594 2592//2592 
f 2482//2482 2592//2592 2477//2477 
f 2477//2477 2592//2592 2476//2476 
f 2477//2477 2479//2479 2482//2482 
f 2480//2480 2491//2491 2483//2483 
f 2478//2478 2480//2480 2483//2483 
f 2481//2481 2492//2492 2480//2480 
f 2492//2492 2491//2491 2480//2480 
f 2597//2597 2481//2481 2593//2593 
f 2492//2492 2481//2481 2597//2597 
f 2493//2493 2594//2594 2482//2482 
f 2598//2598 2594//2594 2493//2493 
f 2479//2479 2484//2484 2493//2493 
f 2482//2482 2479//2479 2493//2493 
f 2485//2485 2496//2496 2494//2494 
f 2485//2485 2486//2486 2497//2497 
f 2496//2496 2485//2485 2497//2497 
f 2608//2608 2497//2497 2486//2486 
f 2608//2608 2486//2486 2599//2599 
f 2599//2599 2486//2486 2487//2487 
f 2488//2488 2600//2600 2487//2487 
f 2487//2487 2600//2600 2599//2599 
f 2491//2491 2488//2488 2483//2483 
f 2491//2491 2601//2601 2488//2488 
f 2601//2601 2600//2600 2488//2488 
f 2492//2492 2601//2601 2491//2491 
f 2602//2602 2601//2601 2492//2492 
f 2597//2597 2602//2602 2492//2492 
f 2493//2493 2603//2603 2598//2598 
f 2484//2484 2603//2603 2493//2493 
f 2484//2484 2489//2489 2603//2603 
f 2489//2489 2604//2604 2603//2603 
f 2490//2490 2605//2605 2489//2489 
f 2489//2489 2605//2605 2604//2604 
f 2605//2605 2490//2490 2495//2495 
f 2609//2609 2605//2605 2495//2495 
f 2496//2496 2502//2502 2498//2498 
f 2494//2494 2496//2496 2498//2498 
f 2497//2497 2503//2503 2496//2496 
f 2503//2503 2502//2502 2496//2496 
f 2619//2619 2497//2497 2608//2608 
f 2503//2503 2497//2497 2619//2619 
f 2495//2495 2499//2499 2609//2609 
f 2609//2609 2499//2499 2620//2620 
f 2502//2502 2621//2621 2632//2632 
f 2502//2502 2632//2632 2498//2498 
f 2498//2498 2632//2632 2504//2504 
f 2503//2503 2621//2621 2502//2502 
f 2622//2622 2621//2621 2503//2503 
f 2619//2619 2622//2622 2503//2503 
f 2506//2506 2499//2499 2500//2500 
f 2506//2506 2633//2633 2499//2499 
f 2633//2633 2620//2620 2499//2499 
f 2500//2500 2501//2501 2507//2507 
f 2506//2506 2500//2500 2507//2507 
f 2501//2501 2505//2505 2507//2507 
f 2504//2504 2632//2632 2508//2508 
f 2632//2632 2645//2645 2508//2508 
f 2512//2512 2633//2633 2506//2506 
f 2646//2646 2633//2633 2512//2512 
f 2507//2507 2513//2513 2506//2506 
f 2513//2513 2512//2512 2506//2506 
f 2505//2505 2509//2509 2513//2513 
f 2507//2507 2505//2505 2513//2513 
f 2510//2510 2516//2516 2514//2514 
f 2510//2510 2511//2511 2517//2517 
f 2516//2516 2510//2510 2517//2517 
f 2511//2511 2658//2658 2517//2517 
f 2511//2511 2508//2508 2658//2658 
f 2508//2508 2645//2645 2658//2658 
f 2518//2518 2646//2646 2512//2512 
f 2659//2659 2646//2646 2518//2518 
f 2513//2513 2519//2519 2512//2512 
f 2519//2519 2518//2518 2512//2512 
f 2509//2509 2515//2515 2519//2519 
f 2513//2513 2509//2509 2519//2519 
f 2516//2516 2522//2522 2520//2520 
f 2514//2514 2516//2516 2520//2520 
f 2517//2517 2523//2523 2516//2516 
f 2523//2523 2522//2522 2516//2516 
f 2671//2671 2517//2517 2658//2658 
f 2523//2523 2517//2517 2671//2671 
f 2524//2524 2659//2659 2518//2518 
f 2672//2672 2659//2659 2524//2524 
f 2519//2519 2525//2525 2518//2518 
f 2525//2525 2524//2524 2518//2518 
f 2515//2515 2521//2521 2525//2525 
f 2519//2519 2515//2515 2525//2525 
f 2522//2522 2528//2528 2526//2526 
f 2520//2520 2522//2522 2526//2526 
f 2523//2523 2529//2529 2522//2522 
f 2529//2529 2528//2528 2522//2522 
f 2673//2673 2523//2523 2671//2671 
f 2673//2673 2530//2530 2523//2523 
f 2530//2530 2529//2529 2523//2523 
f 2530//2530 2674//2674 2531//2531 
f 2673//2673 2674//2674 2530//2530 
f 2674//2674 2686//2686 2531//2531 
f 2532//2532 2672//2672 2524//2524 
f 2687//2687 2672//2672 2532//2532 
f 2525//2525 2533//2533 2524//2524 
f 2533//2533 2532//2532 2524//2524 
f 2521//2521 2527//2527 2533//2533 
f 2525//2525 2521//2521 2533//2533 
f 2528//2528 2538//2538 2534//2534 
f 2526//2526 2528//2528 2534//2534 
f 2529//2529 2539//2539 2528//2528 
f 2539//2539 2538//2538 2528//2528 
f 2530//2530 2540//2540 2529//2529 
f 2540//2540 2539//2539 2529//2529 
f 2531//2531 2541//2541 2530//2530 
f 2541//2541 2540//2540 2530//2530 
f 2694//2694 2531//2531 2686//2686 
f 2541//2541 2531//2531 2694//2694 
f 2542//2542 2687//2687 2532//2532 
f 2695//2695 2687//2687 2542//2542 
f 2533//2533 2543//2543 2532//2532 
f 2543//2543 2542//2542 2532//2532 
f 2527//2527 2535//2535 2543//2543 
f 2533//2533 2527//2527 2543//2543 
f 2534//2534 2538//2538 2536//2536 
f 2537//2537 2536//2536 2538//2538 
f 2539//2539 2537//2537 2538//2538 
f 2544//2544 2537//2537 2539//2539 
f 2544//2544 2539//2539 2546//2546 
f 2546//2546 2539//2539 2540//2540 
f 2541//2541 2547//2547 2540//2540 
f 2547//2547 2546//2546 2540//2540 
f 2696//2696 2541//2541 2694//2694 
f 2696//2696 2548//2548 2541//2541 
f 2548//2548 2547//2547 2541//2541 
f 2548//2548 2697//2697 2549//2549 
f 2696//2696 2697//2697 2548//2548 
f 2697//2697 2704//2704 2549//2549 
f 2550//2550 2695//2695 2542//2542 
f 2705//2705 2695//2695 2550//2550 
f 2543//2543 2551//2551 2542//2542 
f 2551//2551 2550//2550 2542//2542 
f 2535//2535 2545//2545 2551//2551 
f 2543//2543 2535//2535 2551//2551 
f 2546//2546 2558//2558 2552//2552 
f 2544//2544 2546//2546 2552//2552 
f 2547//2547 2559//2559 2546//2546 
f 2559//2559 2558//2558 2546//2546 
f 2548//2548 2560//2560 2547//2547 
f 2560//2560 2559//2559 2547//2547 
f 2549//2549 2561//2561 2548//2548 
f 2561//2561 2560//2560 2548//2548 
f 2712//2712 2549//2549 2704//2704 
f 2561//2561 2549//2549 2712//2712 
f 2562//2562 2705//2705 2550//2550 
f 2713//2713 2705//2705 2562//2562 
f 2551//2551 2563//2563 2550//2550 
f 2563//2563 2562//2562 2550//2550 
f 2545//2545 2553//2553 2563//2563 
f 2551//2551 2545//2545 2563//2563 
f 2552//2552 2558//2558 2554//2554 
f 2555//2555 2554//2554 2558//2558 
f 2559//2559 2555//2555 2558//2558 
f 2564//2564 2555//2555 2559//2559 
f 2564//2564 2559//2559 2566//2566 
f 2566//2566 2559//2559 2560//2560 
f 2561//2561 2567//2567 2560//2560 
f 2567//2567 2566//2566 2560//2560 
f 2714//2714 2561//2561 2712//2712 
f 2714//2714 2568//2568 2561//2561 
f 2568//2568 2567//2567 2561//2561 
f 2568//2568 2715//2715 2569//2569 
f 2714//2714 2715//2715 2568//2568 
f 2715//2715 2722//2722 2569//2569 
f 2556//2556 2713//2713 2562//2562 
f 2556//2556 2565//2565 2713//2713 
f 2565//2565 2723//2723 2713//2713 
f 2557//2557 2556//2556 2562//2562 
f 2563//2563 2557//2557 2562//2562 
f 2553//2553 2557//2557 2563//2563 
f 2566//2566 2577//2577 2570//2570 
f 2564//2564 2566//2566 2570//2570 
f 2567//2567 2578//2578 2566//2566 
f 2578//2578 2577//2577 2566//2566 
f 2568//2568 2579//2579 2567//2567 
f 2579//2579 2578//2578 2567//2567 
f 2569//2569 2580//2580 2568//2568 
f 2580//2580 2579//2579 2568//2568 
f 2729//2729 2569//2569 2722//2722 
f 2580//2580 2569//2569 2729//2729 
f 2565//2565 2571//2571 2723//2723 
f 2723//2723 2571//2571 2730//2730 
f 2570//2570 2577//2577 2572//2572 
f 2573//2573 2572//2572 2577//2577 
f 2578//2578 2573//2573 2577//2577 
f 2581//2581 2573//2573 2578//2578 
f 2581//2581 2578//2578 2587//2587 
f 2587//2587 2578//2578 2579//2579 
f 2580//2580 2588//2588 2579//2579 
f 2588//2588 2587//2587 2579//2579 
f 2731//2731 2580//2580 2729//2729 
f 2731//2731 2589//2589 2580//2580 
f 2589//2589 2588//2588 2580//2580 
f 2589//2589 2732//2732 2590//2590 
f 2731//2731 2732//2732 2589//2589 
f 2590//2590 2574//2574 2582//2582 
f 2590//2590 2732//2732 2574//2574 
f 2732//2732 2733//2733 2574//2574 
f 2575//2575 2574//2574 2734//2734 
f 2574//2574 2733//2733 2734//2734 
f 2576//2576 2575//2575 2735//2735 
f 2575//2575 2734//2734 2735//2735 
f 2730//2730 2571//2571 2576//2576 
f 2735//2735 2730//2730 2576//2576 
f 2581//2581 2587//2587 2583//2583 
f 2584//2584 2583//2583 2587//2587 
f 2588//2588 2584//2584 2587//2587 
f 2585//2585 2584//2584 2588//2588 
f 2589//2589 2585//2585 2588//2588 
f 2586//2586 2585//2585 2589//2589 
f 2590//2590 2586//2586 2589//2589 
f 2582//2582 2586//2586 2590//2590 
f 2591//2591 2595//2595 2593//2593 
f 2591//2591 2592//2592 2596//2596 
f 2595//2595 2591//2591 2596//2596 
f 2592//2592 2594//2594 2596//2596 
f 2595//2595 2606//2606 2597//2597 
f 2593//2593 2595//2595 2597//2597 
f 2596//2596 2607//2607 2595//2595 
f 2607//2607 2606//2606 2595//2595 
f 2594//2594 2598//2598 2607//2607 
f 2596//2596 2594//2594 2607//2607 
f 2599//2599 2610//2610 2608//2608 
f 2599//2599 2600//2600 2611//2611 
f 2610//2610 2599//2599 2611//2611 
f 2600//2600 2601//2601 2612//2612 
f 2611//2611 2600//2600 2612//2612 
f 2601//2601 2602//2602 2613//2613 
f 2612//2612 2601//2601 2613//2613 
f 2602//2602 2597//2597 2606//2606 
f 2602//2602 2606//2606 2613//2613 
f 2613//2613 2606//2606 2614//2614 
f 2607//2607 2615//2615 2606//2606 
f 2615//2615 2614//2614 2606//2606 
f 2598//2598 2603//2603 2616//2616 
f 2598//2598 2616//2616 2607//2607 
f 2607//2607 2616//2616 2615//2615 
f 2603//2603 2604//2604 2617//2617 
f 2616//2616 2603//2603 2617//2617 
f 2604//2604 2605//2605 2618//2618 
f 2617//2617 2604//2604 2618//2618 
f 2605//2605 2609//2609 2618//2618 
f 2610//2610 2623//2623 2619//2619 
f 2608//2608 2610//2610 2619//2619 
f 2611//2611 2624//2624 2610//2610 
f 2624//2624 2623//2623 2610//2610 
f 2612//2612 2625//2625 2611//2611 
f 2625//2625 2624//2624 2611//2611 
f 2613//2613 2626//2626 2612//2612 
f 2626//2626 2625//2625 2612//2612 
f 2614//2614 2627//2627 2613//2613 
f 2627//2627 2626//2626 2613//2613 
f 2615//2615 2628//2628 2614//2614 
f 2628//2628 2627//2627 2614//2614 
f 2616//2616 2629//2629 2615//2615 
f 2629//2629 2628//2628 2615//2615 
f 2617//2617 2630//2630 2616//2616 
f 2630//2630 2629//2629 2616//2616 
f 2618//2618 2631//2631 2617//2617 
f 2631//2631 2630//2630 2617//2617 
f 2609//2609 2620//2620 2631//2631 
f 2618//2618 2609//2609 2631//2631 
f 2621//2621 2634//2634 2632//2632 
f 2621//2621 2622//2622 2635//2635 
f 2634//2634 2621//2621 2635//2635 
f 2622//2622 2619//2619 2623//2623 
f 2622//2622 2623//2623 2635//2635 
f 2635//2635 2623//2623 2636//2636 
f 2624//2624 2637//2637 2623//2623 
f 2637//2637 2636//2636 2623//2623 
f 2625//2625 2638//2638 2624//2624 
f 2638//2638 2637//2637 2624//2624 
f 2626//2626 2639//2639 2625//2625 
f 2639//2639 2638//2638 2625//2625 
f 2627//2627 2640//2640 2626//2626 
f 2640//2640 2639//2639 2626//2626 
f 2628//2628 2641//2641 2627//2627 
f 2641//2641 2640//2640 2627//2627 
f 2629//2629 2642//2642 2628//2628 
f 2642//2642 2641//2641 2628//2628 
f 2630//2630 2643//2643 2629//2629 
f 2643//2643 2642//2642 2629//2629 
f 2631//2631 2644//2644 2630//2630 
f 2644//2644 2643//2643 2630//2630 
f 2620//2620 2633//2633 2644//2644 
f 2631//2631 2620//2620 2644//2644 
f 2634//2634 2647//2647 2645//2645 
f 2632//2632 2634//2634 2645//2645 
f 2635//2635 2648//2648 2634//2634 
f 2648//2648 2647//2647 2634//2634 
f 2636//2636 2649//2649 2635//2635 
f 2649//2649 2648//2648 2635//2635 
f 2637//2637 2650//2650 2636//2636 
f 2650//2650 2649//2649 2636//2636 
f 2638//2638 2651//2651 2637//2637 
f 2651//2651 2650//2650 2637//2637 
f 2639//2639 2652//2652 2638//2638 
f 2652//2652 2651//2651 2638//2638 
f 2640//2640 2653//2653 2639//2639 
f 2653//2653 2652//2652 2639//2639 
f 2641//2641 2654//2654 2640//2640 
f 2654//2654 2653//2653 2640//2640 
f 2642//2642 2655//2655 2641//2641 
f 2655//2655 2654//2654 2641//2641 
f 2643//2643 2656//2656 2642//2642 
f 2656//2656 2655//2655 2642//2642 
f 2644//2644 2657//2657 2643//2643 
f 2657//2657 2656//2656 2643//2643 
f 2633//2633 2646//2646 2657//2657 
f 2644//2644 2633//2633 2657//2657 
f 2647//2647 2660//2660 2658//2658 
f 2645//2645 2647//2647 2658//2658 
f 2648//2648 2661//2661 2647//2647 
f 2661//2661 2660//2660 2647//2647 
f 2649//2649 2662//2662 2648//2648 
f 2662//2662 2661//2661 2648//2648 
f 2650//2650 2663//2663 2649//2649 
f 2663//2663 2662//2662 2649//2649 
f 2651//2651 2664//2664 2650//2650 
f 2664//2664 2663//2663 2650//2650 
f 2652//2652 2665//2665 2651//2651 
f 2665//2665 2664//2664 2651//2651 
f 2653//2653 2666//2666 2652//2652 
f 2666//2666 2665//2665 2652//2652 
f 2654//2654 2667//2667 2653//2653 
f 2667//2667 2666//2666 2653//2653 
f 2655//2655 2668//2668 2654//2654 
f 2668//2668 2667//2667 2654//2654 
f 2656//2656 2669//2669 2655//2655 
f 2669//2669 2668//2668 2655//2655 
f 2657//2657 2670//2670 2656//2656 
f 2670//2670 2669//2669 2656//2656 
f 2646//2646 2659//2659 2670//2670 
f 2657//2657 2646//2646 2670//2670 
f 2660//2660 2675//2675 2671//2671 
f 2658//2658 2660//2660 2671//2671 
f 2661//2661 2676//2676 2660//2660 
f 2676//2676 2675//2675 2660//2660 
f 2662//2662 2677//2677 2661//2661 
f 2677//2677 2676//2676 2661//2661 
f 2663//2663 2678//2678 2662//2662 
f 2678//2678 2677//2677 2662//2662 
f 2664//2664 2679//2679 2663//2663 
f 2679//2679 2678//2678 2663//2663 
f 2665//2665 2680//2680 2664//2664 
f 2680//2680 2679//2679 2664//2664 
f 2666//2666 2681//2681 2665//2665 
f 2681//2681 2680//2680 2665//2665 
f 2667//2667 2682//2682 2666//2666 
f 2682//2682 2681//2681 2666//2666 
f 2668//2668 2683//2683 2667//2667 
f 2683//2683 2682//2682 2667//2667 
f 2669//2669 2684//2684 2668//2668 
f 2684//2684 2683//2683 2668//2668 
f 2670//2670 2685//2685 2669//2669 
f 2685//2685 2684//2684 2669//2669 
f 2659//2659 2672//2672 2685//2685 
f 2670//2670 2659//2659 2685//2685 
f 2671//2671 2675//2675 2673//2673 
f 2674//2674 2673//2673 2675//2675 
f 2676//2676 2674//2674 2675//2675 
f 2686//2686 2674//2674 2676//2676 
f 2686//2686 2676//2676 2688//2688 
f 2688//2688 2676//2676 2677//2677 
f 2678//2678 2689//2689 2677//2677 
f 2689//2689 2688//2688 2677//2677 
f 2679//2679 2690//2690 2678//2678 
f 2690//2690 2689//2689 2678//2678 
f 2680//2680 2691//2691 2679//2679 
f 2691//2691 2690//2690 2679//2679 
f 2744//2744 2681//2681 2741//2741 
f 2744//2744 2691//2691 2681//2681 
f 2691//2691 2680//2680 2681//2681 
f 2682//2682 2741//2741 2681//2681 
f 2742//2742 2741//2741 2682//2682 
f 2683//2683 2742//2742 2682//2682 
f 2743//2743 2742//2742 2683//2683 
f 2743//2743 2692//2692 2745//2745 
f 2743//2743 2683//2683 2692//2692 
f 2683//2683 2684//2684 2692//2692 
f 2685//2685 2693//2693 2684//2684 
f 2693//2693 2692//2692 2684//2684 
f 2672//2672 2687//2687 2693//2693 
f 2685//2685 2672//2672 2693//2693 
f 2688//2688 2698//2698 2694//2694 
f 2686//2686 2688//2688 2694//2694 
f 2689//2689 2699//2699 2688//2688 
f 2699//2699 2698//2698 2688//2688 
f 2690//2690 2700//2700 2689//2689 
f 2700//2700 2699//2699 2689//2689 
f 2691//2691 2701//2701 2690//2690 
f 2701//2701 2700//2700 2690//2690 
f 2749//2749 2691//2691 2744//2744 
f 2701//2701 2691//2691 2749//2749 
f 2702//2702 2745//2745 2692//2692 
f 2750//2750 2745//2745 2702//2702 
f 2693//2693 2703//2703 2692//2692 
f 2703//2703 2702//2702 2692//2692 
f 2687//2687 2695//2695 2703//2703 
f 2693//2693 2687//2687 2703//2703 
f 2694//2694 2698//2698 2696//2696 
f 2697//2697 2696//2696 2698//2698 
f 2699//2699 2697//2697 2698//2698 
f 2704//2704 2697//2697 2699//2699 
f 2704//2704 2699//2699 2706//2706 
f 2706//2706 2699//2699 2700//2700 
f 2701//2701 2707//2707 2700//2700 
f 2707//2707 2706//2706 2700//2700 
f 2751//2751 2701//2701 2749//2749 
f 2751//2751 2708//2708 2701//2701 
f 2708//2708 2707//2707 2701//2701 
f 2708//2708 2752//2752 2709//2709 
f 2751//2751 2752//2752 2708//2708 
f 2752//2752 2756//2756 2709//2709 
f 2710//2710 2750//2750 2702//2702 
f 2757//2757 2750//2750 2710//2710 
f 2703//2703 2711//2711 2702//2702 
f 2711//2711 2710//2710 2702//2702 
f 2695//2695 2705//2705 2711//2711 
f 2703//2703 2695//2695 2711//2711 
f 2706//2706 2716//2716 2712//2712 
f 2704//2704 2706//2706 2712//2712 
f 2707//2707 2717//2717 2706//2706 
f 2717//2717 2716//2716 2706//2706 
f 2708//2708 2718//2718 2707//2707 
f 2718//2718 2717//2717 2707//2707 
f 2709//2709 2719//2719 2708//2708 
f 2719//2719 2718//2718 2708//2708 
f 2759//2759 2709//2709 2756//2756 
f 2719//2719 2709//2709 2759//2759 
f 2720//2720 2757//2757 2710//2710 
f 2760//2760 2757//2757 2720//2720 
f 2711//2711 2721//2721 2710//2710 
f 2721//2721 2720//2720 2710//2710 
f 2705//2705 2713//2713 2721//2721 
f 2711//2711 2705//2705 2721//2721 
f 2712//2712 2716//2716 2714//2714 
f 2715//2715 2714//2714 2716//2716 
f 2717//2717 2715//2715 2716//2716 
f 2722//2722 2715//2715 2717//2717 
f 2722//2722 2717//2717 2724//2724 
f 2724//2724 2717//2717 2718//2718 
f 2719//2719 2725//2725 2718//2718 
f 2725//2725 2724//2724 2718//2718 
f 2761//2761 2719//2719 2759//2759 
f 2761//2761 2726//2726 2719//2719 
f 2726//2726 2725//2725 2719//2719 
f 2760//2760 2726//2726 2761//2761 
f 2760//2760 2720//2720 2726//2726 
f 2720//2720 2727//2727 2726//2726 
f 2721//2721 2728//2728 2720//2720 
f 2728//2728 2727//2727 2720//2720 
f 2713//2713 2723//2723 2728//2728 
f 2721//2721 2713//2713 2728//2728 
f 2724//2724 2736//2736 2729//2729 
f 2722//2722 2724//2724 2729//2729 
f 2725//2725 2737//2737 2724//2724 
f 2737//2737 2736//2736 2724//2724 
f 2726//2726 2738//2738 2725//2725 
f 2738//2738 2737//2737 2725//2725 
f 2727//2727 2739//2739 2726//2726 
f 2739//2739 2738//2738 2726//2726 
f 2728//2728 2740//2740 2727//2727 
f 2740//2740 2739//2739 2727//2727 
f 2723//2723 2730//2730 2740//2740 
f 2728//2728 2723//2723 2740//2740 
f 2729//2729 2736//2736 2731//2731 
f 2732//2732 2731//2731 2736//2736 
f 2737//2737 2732//2732 2736//2736 
f 2733//2733 2732//2732 2737//2737 
f 2738//2738 2733//2733 2737//2737 
f 2734//2734 2733//2733 2738//2738 
f 2739//2739 2734//2734 2738//2738 
f 2735//2735 2734//2734 2739//2739 
f 2740//2740 2735//2735 2739//2739 
f 2730//2730 2735//2735 2740//2740 
f 2741//2741 2746//2746 2744//2744 
f 2741//2741 2742//2742 2747//2747 
f 2746//2746 2741//2741 2747//2747 
f 2742//2742 2743//2743 2748//2748 
f 2747//2747 2742//2742 2748//2748 
f 2743//2743 2745//2745 2748//2748 
f 2746//2746 2753//2753 2749//2749 
f 2744//2744 2746//2746 2749//2749 
f 2747//2747 2754//2754 2746//2746 
f 2754//2754 2753//2753 2746//2746 
f 2748//2748 2755//2755 2747//2747 
f 2755//2755 2754//2754 2747//2747 
f 2745//2745 2750//2750 2755//2755 
f 2748//2748 2745//2745 2755//2755 
f 2749//2749 2753//2753 2751//2751 
f 2752//2752 2751//2751 2753//2753 
f 2754//2754 2752//2752 2753//2753 
f 2756//2756 2752//2752 2754//2754 
f 2756//2756 2754//2754 2758//2758 
f 2758//2758 2754//2754 2755//2755 
f 2750//2750 2757//2757 2758//2758 
f 2755//2755 2750//2750 2758//2758 
f 2758//2758 2762//2762 2759//2759 
f 2756//2756 2758//2758 2759//2759 
f 2757//2757 2760//2760 2762//2762 
f 2758//2758 2757//2757 2762//2762 
f 2759//2759 2762//2762 2761//2761 
f 2760//2760 2761//2761 2762//2762 
