#  3D Slicer output. SPACE=LPS

mtllib left atrial appendage.mtl

v 43.307899475097656 -16.647565841674805 -178.56005859375
v 43.61808395385742 -16.707683563232422 -178.50567626953125
v 43.07968521118164 -16.16295623779297 -178.66961669921875
v 43.58732604980469 -16.335832595825195 -178.59417724609375
v 41.98072052001953 -15.490961074829102 -178.50799560546875
v 42.5526123046875 -15.704048156738281 -178.65562438964844
v 43.09318161010742 -15.630853652954102 -178.73695373535156
v 43.515350341796875 -15.818190574645996 -178.65638732910156
v 41.919158935546875 -15.093088150024414 -178.46725463867188
v 42.34702682495117 -15.131902694702148 -178.5973358154297
v 42.89491271972656 -15.193748474121094 -178.67408752441406
v 43.4067497253418 -15.299283981323242 -178.64151000976562
v 43.055511474609375 -17.00192642211914 -178.3330078125
v 43.44115447998047 -16.946840286254883 -178.40609741210938
v 42.895912170410156 -16.628515243530273 -178.50634765625
v 43.691444396972656 -16.935943603515625 -178.31993103027344
v 42.50946044921875 -16.331016540527344 -178.50482177734375
v 43.88584899902344 -16.578447341918945 -178.3665771484375
v 41.56618118286133 -15.742122650146484 -178.22955322265625
v 42.02427673339844 -16.014266967773438 -178.42063903808594
v 41.62964630126953 -15.30510139465332 -178.3222198486328
v 43.944454193115234 -16.034770965576172 -178.41529846191406
v 41.65370559692383 -14.896106719970703 -178.2178497314453
v 43.872283935546875 -15.452384948730469 -178.43406677246094
v 42.15116500854492 -14.703691482543945 -178.38546752929688
v 42.7255859375 -14.686357498168945 -178.47389221191406
v 43.295169830322266 -14.792930603027344 -178.472900390625
v 43.72503662109375 -14.98560905456543 -178.4003448486328
v 41.852928161621094 -21.567642211914062 -176.33425903320312
v 42.56637191772461 -21.61736488342285 -176.46221923828125
v 43.32843017578125 -21.642566680908203 -176.56494140625
v 44.10252380371094 -21.62160873413086 -176.63616943359375
v 44.83354187011719 -21.582555770874023 -176.65402221679688
v 45.35477066040039 -21.584869384765625 -176.61407470703125
v 41.600250244140625 -20.86530876159668 -176.49807739257812
v 42.42961502075195 -20.95346450805664 -176.64352416992188
v 43.209529876708984 -20.982074737548828 -176.7438507080078
v 43.99900436401367 -20.969867706298828 -176.80386352539062
v 44.780731201171875 -20.944046020507812 -176.8035125732422
v 45.535945892333984 -20.975303649902344 -176.70730590820312
v 40.24927520751953 -20.078027725219727 -176.33892822265625
v 40.99736022949219 -20.295656204223633 -176.512939453125
v 41.74356460571289 -20.125638961791992 -176.744384765625
v 42.35835266113281 -20.245838165283203 -176.82025146484375
v 43.12429428100586 -20.281578063964844 -176.90185546875
v 43.9152946472168 -20.272659301757812 -176.943359375
v 44.70524597167969 -20.24185562133789 -176.92466735839844
v 45.47188186645508 -20.229507446289062 -176.81088256835938
v 46.19867706298828 -20.275676727294922 -176.54849243164062
v 46.72157669067383 -20.186471939086914 -176.14273071289062
v 40.12682342529297 -19.36304473876953 -176.46466064453125
v 40.82453155517578 -19.507944107055664 -176.67221069335938
v 41.555259704589844 -19.561826705932617 -176.856201171875
v 42.294620513916016 -19.549537658691406 -176.9990234375
v 43.06099319458008 -19.54965591430664 -177.06982421875
v 43.852447509765625 -19.539737701416016 -177.07748413085938
v 44.63159942626953 -19.512760162353516 -177.02359008789062
v 45.38469314575195 -19.484699249267578 -176.88754272460938
v 46.07978057861328 -19.50881576538086 -176.62371826171875
v 46.64845275878906 -19.61404037475586 -176.19789123535156
v 39.99848175048828 -18.623138427734375 -176.57513427734375
v 40.694976806640625 -18.780385971069336 -176.81698608398438
v 41.39940643310547 -18.895875930786133 -177.010009765625
v 42.13928985595703 -18.88648223876953 -177.18406677246094
v 42.962982177734375 -18.793582916259766 -177.29275512695312
v 43.80366897583008 -18.754745483398438 -177.25506591796875
v 44.57001495361328 -18.768871307373047 -177.12741088867188
v 45.2895393371582 -18.73818588256836 -176.94461059570312
v 45.97246551513672 -18.736351013183594 -176.6576385498047
v 46.55299377441406 -18.8629150390625 -176.20791625976562
v 42.733097076416016 -17.409170150756836 -178.00128173828125
v 43.362735748291016 -17.335201263427734 -178.07162475585938
v 39.83216094970703 -17.821598052978516 -176.66061401367188
v 40.57030487060547 -18.039596557617188 -176.96438598632812
v 41.29197692871094 -18.204975128173828 -177.2014617919922
v 41.913368225097656 -18.350303649902344 -177.33558654785156
v 42.70772933959961 -18.05463981628418 -177.6044921875
v 43.73579025268555 -17.848026275634766 -177.59231567382812
v 44.56975555419922 -17.942750930786133 -177.25807189941406
v 45.16107940673828 -18.10307502746582 -177.0172882080078
v 45.8420524597168 -17.888296127319336 -176.6712188720703
v 46.43452072143555 -18.093372344970703 -176.2298583984375
v 42.433189392089844 -16.932392120361328 -178.19976806640625
v 43.964813232421875 -17.01433563232422 -178.0162353515625
v 38.730384826660156 -17.07592010498047 -176.06979370117188
v 39.34271240234375 -17.225574493408203 -176.46942138671875
v 39.95180130004883 -17.119455337524414 -176.86068725585938
v 40.46621322631836 -17.309677124023438 -177.11041259765625
v 41.16749572753906 -17.4710750579834 -177.40689086914062
v 42.00179672241211 -17.634069442749023 -177.6732177734375
v 44.607208251953125 -16.94837760925293 -177.4919891357422
v 45.371864318847656 -17.230093002319336 -176.8958740234375
v 42.0456657409668 -16.50882911682129 -178.25405883789062
v 44.28951644897461 -16.366588592529297 -178.02078247070312
v 41.14966583251953 -16.007339477539062 -177.8662872314453
v 41.565799713134766 -16.313434600830078 -178.06942749023438
v 38.582515716552734 -16.560590744018555 -175.97561645507812
v 39.14604187011719 -16.401981353759766 -176.3947296142578
v 39.83521270751953 -16.513442993164062 -176.86245727539062
v 40.34235382080078 -16.718446731567383 -177.16773986816406
v 40.98043441772461 -16.675376892089844 -177.57118225097656
v 41.699790954589844 -16.92868423461914 -177.88348388671875
v 44.77565383911133 -15.97088623046875 -177.5090789794922
v 45.27790451049805 -16.293598175048828 -176.9163818359375
v 41.19432067871094 -15.347278594970703 -177.93124389648438
v 44.32902526855469 -15.652502059936523 -178.03665161132812
v 39.78235626220703 -15.629339218139648 -176.8305206298828
v 40.54541778564453 -15.967798233032227 -177.39044189453125
v 44.704200744628906 -15.173602104187012 -177.4755859375
v 45.19276428222656 -15.490889549255371 -176.86892700195312
v 41.345096588134766 -14.672303199768066 -177.85733032226562
v 44.17646026611328 -14.996886253356934 -178.02696228027344
v 41.88771057128906 -14.333939552307129 -178.0280303955078
v 42.545963287353516 -14.1932373046875 -178.142822265625
v 43.21253204345703 -14.238166809082031 -178.133544921875
v 43.801021575927734 -14.496862411499023 -178.05538940429688
v 39.94626998901367 -14.675653457641602 -176.8189239501953
v 40.67757034301758 -14.883697509765625 -177.37289428710938
v 44.456459045410156 -14.37481689453125 -177.38327026367188
v 45.05076599121094 -14.729320526123047 -176.74842834472656
v 39.978172302246094 -13.91451358795166 -176.656982421875
v 40.64033126831055 -13.961291313171387 -177.05508422851562
v 41.46053695678711 -13.961601257324219 -177.5181884765625
v 42.32528305053711 -13.701009750366211 -177.7153778076172
v 43.06449890136719 -13.669776916503906 -177.73135375976562
v 43.83776092529297 -13.793050765991211 -177.5096435546875
v 44.466854095458984 -13.705730438232422 -176.93626403808594
v 44.90509033203125 -14.020061492919922 -176.56234741210938
v 39.947723388671875 -13.400626182556152 -176.4923858642578
v 40.54698944091797 -13.19373893737793 -176.71917724609375
v 41.335845947265625 -13.179779052734375 -177.03262329101562
v 42.138145446777344 -13.13132095336914 -177.240478515625
v 42.908477783203125 -13.112438201904297 -177.28228759765625
v 43.528892517089844 -13.230859756469727 -177.2260284423828
v 44.17059326171875 -13.164270401000977 -176.678466796875
v 44.761993408203125 -13.446390151977539 -176.29295349121094
v 41.243408203125 -12.46126937866211 -176.59820556640625
v 42.020057678222656 -12.503504753112793 -176.76205444335938
v 42.773963928222656 -12.545156478881836 -176.78871154785156
v 43.55139923095703 -12.680233001708984 -176.62551879882812
v 41.38114547729492 -11.882758140563965 -176.21661376953125
v 41.93721008300781 -11.927736282348633 -176.2633056640625
v 42.630149841308594 -12.012982368469238 -176.2749481201172
v 43.27964782714844 -12.13982105255127 -176.16653442382812
v 43.467498779296875 -24.656295776367188 -175.20535278320312
v 44.188926696777344 -24.662160873413086 -175.3736572265625
v 44.93181610107422 -24.673580169677734 -175.46206665039062
v 45.63663101196289 -24.699079513549805 -175.41500854492188
v 46.24266815185547 -24.76624298095703 -175.18887329101562
v 46.6649284362793 -24.873828887939453 -174.82315063476562
v 43.13816833496094 -24.018108367919922 -175.43270874023438
v 43.997955322265625 -24.040925979614258 -175.59939575195312
v 44.78240203857422 -24.02716827392578 -175.67630004882812
v 45.52204513549805 -24.038196563720703 -175.61668395996094
v 46.16901779174805 -24.116098403930664 -175.3766632080078
v 46.671939849853516 -24.297691345214844 -174.94403076171875
v 41.620018005371094 -23.300277709960938 -175.39141845703125
v 42.44325256347656 -23.517501831054688 -175.52040100097656
v 43.18723678588867 -23.352252960205078 -175.79669189453125
v 43.83375549316406 -23.41628074645996 -175.86331176757812
v 44.63062286376953 -23.368942260742188 -175.92495727539062
v 45.41695022583008 -23.339962005615234 -175.846435546875
v 46.10631561279297 -23.412811279296875 -175.5640411376953
v 46.65618133544922 -23.599529266357422 -175.0743408203125
v 41.54472351074219 -21.997880935668945 -176.08673095703125
v 41.998172760009766 -22.146011352539062 -176.13204956054688
v 42.71998596191406 -22.245681762695312 -176.24168395996094
v 43.48187255859375 -22.26128578186035 -176.3543701171875
v 44.24104690551758 -22.213279724121094 -176.4349365234375
v 44.957733154296875 -22.10639762878418 -176.46121215820312
v 41.29323959350586 -22.514511108398438 -175.73519897460938
v 42.148136138916016 -22.785985946655273 -175.84503173828125
v 42.924285888671875 -22.858179092407227 -175.99266052246094
v 43.671417236328125 -22.834182739257812 -176.1248779296875
v 44.43845748901367 -22.764968872070312 -176.1937255859375
v 45.314334869384766 -22.563779830932617 -176.16981506347656
v 46.061038970947266 -22.651493072509766 -175.81398010253906
v 46.6395378112793 -22.837221145629883 -175.24925231933594
v 41.12613296508789 -21.67702865600586 -176.08627319335938
v 45.527339935302734 -21.888519287109375 -176.4442138671875
v 38.69526290893555 -21.696292877197266 -175.04844665527344
v 39.23621368408203 -21.798431396484375 -175.30479431152344
v 39.85910415649414 -21.938467025756836 -175.51669311523438
v 40.531063079833984 -22.15772819519043 -175.66604614257812
v 46.07479476928711 -21.832584381103516 -176.16729736328125
v 46.639705657958984 -22.018932342529297 -175.51353454589844
v 40.85307312011719 -21.035146713256836 -176.25088500976562
v 45.841861724853516 -21.37932777404785 -176.53781127929688
v 39.763832092285156 -20.52783966064453 -176.0285186767578
v 40.291168212890625 -20.78075408935547 -176.15211486816406
v 46.11341857910156 -20.883787155151367 -176.55662536621094
v 46.528316497802734 -20.703447341918945 -176.27365112304688
v 38.56916427612305 -21.092832565307617 -175.18841552734375
v 39.034915924072266 -21.281219482421875 -175.42144775390625
v 39.64781951904297 -21.206342697143555 -175.742919921875
v 40.363670349121094 -21.47650718688965 -175.92201232910156
v 46.27864456176758 -21.18805694580078 -176.356689453125
v 46.63853454589844 -21.25643539428711 -175.89068603515625
v 39.60130310058594 -19.936073303222656 -176.10855102539062
v 46.93293762207031 -20.60832977294922 -175.6830596923828
v 38.465545654296875 -20.37776756286621 -175.31654357910156
v 39.13068771362305 -20.6057186126709 -175.68508911132812
v 39.47260284423828 -19.21466636657715 -176.20669555664062
v 47.026920318603516 -19.906198501586914 -175.60699462890625
v 38.372039794921875 -19.602203369140625 -175.4320526123047
v 38.969207763671875 -19.799625396728516 -175.79974365234375
v 39.35248947143555 -18.499338150024414 -176.28582763671875
v 46.98486328125 -19.16016387939453 -175.5779266357422
v 38.329505920410156 -18.838191986083984 -175.55035400390625
v 38.86962127685547 -19.052183151245117 -175.89785766601562
v 39.2109375 -17.92253303527832 -176.30435180664062
v 46.880767822265625 -18.292104721069336 -175.51425170898438
v 38.375709533691406 -17.524063110351562 -175.76690673828125
v 38.785003662109375 -17.704940795898438 -176.0572052001953
v 46.3669548034668 -17.394399642944336 -176.17062377929688
v 46.6868896484375 -17.62871742248535 -175.76962280273438
v 38.321781158447266 -18.1145076751709 -175.65536499023438
v 38.80000305175781 -18.355810165405273 -175.97805786132812
v 38.23006057739258 -17.011642456054688 -175.6702880859375
v 45.998146057128906 -17.11798858642578 -176.43043518066406
v 46.31662368774414 -16.80263328552246 -175.96295166015625
v 46.62763977050781 -17.100000381469727 -175.63693237304688
v 38.16096878051758 -16.268110275268555 -175.60610961914062
v 45.861289978027344 -16.457117080688477 -176.23580932617188
v 38.7156982421875 -16.010272979736328 -176.0741424560547
v 39.151309967041016 -15.752399444580078 -176.40106201171875
v 46.24047088623047 -16.37445640563965 -175.614501953125
v 46.524024963378906 -16.65221405029297 -175.4322509765625
v 39.3214225769043 -15.174293518066406 -176.46759033203125
v 45.591617584228516 -15.810239791870117 -176.30332946777344
v 38.46292495727539 -15.524077415466309 -175.81967163085938
v 38.887786865234375 -15.49673080444336 -176.1817169189453
v 39.403175354003906 -14.46690559387207 -176.40048217773438
v 45.481300354003906 -15.158510208129883 -176.05929565429688
v 38.374446868896484 -14.820194244384766 -175.63320922851562
v 38.87815475463867 -14.96523666381836 -176.09153747558594
v 39.48357009887695 -13.776433944702148 -176.28924560546875
v 45.29109191894531 -14.406776428222656 -175.91656494140625
v 38.394187927246094 -14.00609016418457 -175.47152709960938
v 38.920711517333984 -14.244413375854492 -175.97084045410156
v 39.66236114501953 -13.216328620910645 -176.23104858398438
v 45.12336349487305 -13.767278671264648 -175.84747314453125
v 40.13121032714844 -12.900579452514648 -176.4020538330078
v 40.61665344238281 -12.602591514587402 -176.50088500976562
v 44.63608169555664 -13.019025802612305 -175.74368286132812
v 44.98531723022461 -13.358187675476074 -175.72003173828125
v 38.426231384277344 -13.19378662109375 -175.26931762695312
v 39.07880783081055 -13.383841514587402 -175.83926391601562
v 40.841697692871094 -12.122381210327148 -176.28013610839844
v 44.146728515625 -12.691200256347656 -176.03421020507812
v 38.46542739868164 -12.509834289550781 -175.0701904296875
v 39.019203186035156 -12.617921829223633 -175.4993896484375
v 39.728309631347656 -12.617230415344238 -175.9728240966797
v 40.334747314453125 -12.407648086547852 -176.24679565429688
v 41.083099365234375 -11.656320571899414 -175.93051147460938
v 43.837547302246094 -12.297952651977539 -175.7799530029297
v 41.74494934082031 -11.415111541748047 -175.6702880859375
v 42.502235412597656 -11.547517776489258 -175.64559936523438
v 43.119789123535156 -11.73703670501709 -175.6175537109375
v 43.56990051269531 -11.938667297363281 -175.52752685546875
v 38.498138427734375 -12.052190780639648 -174.90280151367188
v 38.923072814941406 -12.051094055175781 -175.1776885986328
v 39.552711486816406 -11.980497360229492 -175.48907470703125
v 40.37077331542969 -11.862098693847656 -175.82244873046875
v 45.215415954589844 -27.820980072021484 -174.0453338623047
v 45.84531784057617 -27.889083862304688 -174.01695251464844
v 46.393226623535156 -27.969562530517578 -173.80313110351562
v 46.74720764160156 -28.045320510864258 -173.4790802001953
v 44.82862854003906 -27.151107788085938 -174.356689453125
v 45.60978317260742 -27.27208137512207 -174.37344360351562
v 46.23918533325195 -27.38430404663086 -174.14886474609375
v 46.71654510498047 -27.551090240478516 -173.7022705078125
v 43.33677291870117 -26.414321899414062 -174.2107391357422
v 44.130088806152344 -26.601505279541016 -174.4495849609375
v 44.83375549316406 -26.450693130493164 -174.74850463867188
v 45.4249382019043 -26.592243194580078 -174.71621704101562
v 46.07877731323242 -26.696443557739258 -174.507568359375
v 46.64020538330078 -26.8394832611084 -174.0089111328125
v 43.18389892578125 -25.094627380371094 -174.89657592773438
v 43.64614486694336 -25.214040756225586 -174.98878479003906
v 44.36357116699219 -25.282991409301758 -175.15628051757812
v 45.09120178222656 -25.310516357421875 -175.2507781982422
v 45.76957321166992 -25.341737747192383 -175.1820068359375
v 46.35818099975586 -25.388504028320312 -174.892578125
v 42.952110290527344 -25.63987922668457 -174.490478515625
v 43.815208435058594 -25.858043670654297 -174.72640991210938
v 44.5718994140625 -25.916553497314453 -174.93466186523438
v 45.269439697265625 -25.93797492980957 -175.01571655273438
v 45.92041778564453 -25.999820709228516 -174.8725128173828
v 46.51346206665039 -26.071680068969727 -174.44241333007812
v 42.73419189453125 -24.80380630493164 -174.8853302001953
v 46.83973693847656 -25.382984161376953 -174.33547973632812
v 40.193702697753906 -24.754858016967773 -173.91665649414062
v 40.78817367553711 -24.883258819580078 -174.06842041015625
v 41.449501037597656 -25.054073333740234 -174.22149658203125
v 42.15299987792969 -25.288211822509766 -174.3638916015625
v 42.397212982177734 -24.201440811157227 -175.11428833007812
v 46.99983596801758 -24.665021896362305 -174.32537841796875
v 41.204071044921875 -23.727893829345703 -174.9811553955078
v 41.78776550292969 -23.96550178527832 -175.04356384277344
v 39.904571533203125 -24.129878997802734 -174.20738220214844
v 40.52019119262695 -24.381423950195312 -174.29364013671875
v 41.173912048339844 -24.350345611572266 -174.569580078125
v 41.94104766845703 -24.621177673339844 -174.69577026367188
v 40.91594314575195 -23.203826904296875 -175.2039337158203
v 47.04570770263672 -23.93457794189453 -174.38316345214844
v 38.66326904296875 -23.30361557006836 -174.13352966308594
v 39.3106689453125 -23.54884147644043 -174.3206024169922
v 39.93439483642578 -23.518489837646484 -174.61956787109375
v 40.55624008178711 -23.780309677124023 -174.69932556152344
v 40.60068130493164 -22.721206665039062 -175.38421630859375
v 47.05784225463867 -23.164535522460938 -174.48158264160156
v 38.40656280517578 -22.11972427368164 -174.64810180664062
v 38.86306381225586 -22.259485244750977 -174.87042236328125
v 39.4368896484375 -22.404205322265625 -175.0853271484375
v 40.04802703857422 -22.562480926513672 -175.26138305664062
v 38.47575378417969 -22.684310913085938 -174.38018798828125
v 39.051055908203125 -22.864925384521484 -174.62069702148438
v 39.66412353515625 -23.004173278808594 -174.83055114746094
v 40.277671813964844 -23.133586883544922 -175.006591796875
v 38.1912956237793 -21.630847930908203 -174.69708251953125
v 47.069908142089844 -22.334003448486328 -174.64260864257812
v 38.02008819580078 -20.96414566040039 -174.7901611328125
v 47.09489440917969 -21.360647201538086 -174.92347717285156
v 37.83507537841797 -20.198989868164062 -174.8370361328125
v 47.24812316894531 -20.44947052001953 -174.81483459472656
v 37.005733489990234 -20.233488082885742 -173.96298217773438
v 37.34920120239258 -20.39366912841797 -174.31137084960938
v 37.84351348876953 -19.345165252685547 -175.03707885742188
v 47.260047912597656 -19.654787063598633 -174.76885986328125
v 36.94334030151367 -19.58238983154297 -174.05484008789062
v 37.3825798034668 -19.80433464050293 -174.48880004882812
v 37.835357666015625 -18.558143615722656 -175.164794921875
v 47.179649353027344 -18.883323669433594 -174.72622680664062
v 36.86766815185547 -18.833805084228516 -174.13851928710938
v 37.36274337768555 -19.068086624145508 -174.61669921875
v 37.866065979003906 -17.6994686126709 -175.29629516601562
v 47.073768615722656 -18.228519439697266 -174.62796020507812
v 36.81001663208008 -18.030691146850586 -174.22665405273438
v 37.33436965942383 -18.279516220092773 -174.716064453125
v 37.72976303100586 -16.914104461669922 -175.21923828125
v 46.867679595947266 -17.507244110107422 -174.99310302734375
v 36.777400970458984 -17.22795867919922 -174.2993927001953
v 37.28868865966797 -17.480205535888672 -174.7661590576172
v 46.681976318359375 -17.042970657348633 -173.97509765625
v 46.85142135620117 -17.353130340576172 -174.24758911132812
v 37.63792419433594 -16.283679962158203 -175.13473510742188
v 46.7183837890625 -16.9247989654541 -175.18634033203125
v 46.36969757080078 -16.363800048828125 -174.97760009765625
v 46.61552810668945 -16.659809112548828 -174.9708251953125
v 36.758304595947266 -16.44883155822754 -174.32513427734375
v 37.23661804199219 -16.721988677978516 -174.76284790039062
v 46.5346565246582 -16.64507293701172 -174.39968872070312
v 46.74663543701172 -16.97249412536621 -174.66896057128906
v 37.84587478637695 -15.525829315185547 -175.26531982421875
v 45.91831970214844 -15.828704833984375 -175.29693603515625
v 36.75815963745117 -15.671121597290039 -174.30355834960938
v 37.248374938964844 -15.971088409423828 -174.76260375976562
v 37.818790435791016 -14.608573913574219 -175.10708618164062
v 45.57371139526367 -14.927005767822266 -175.0592803955078
v 36.75706481933594 -14.895593643188477 -174.2188720703125
v 37.27641296386719 -15.170598030090332 -174.71588134765625
v 37.812469482421875 -13.759970664978027 -174.9175262451172
v 45.335269927978516 -14.120697975158691 -175.0408935546875
v 36.73419952392578 -14.164137840270996 -174.068603515625
v 37.25748062133789 -14.350581169128418 -174.56771850585938
v 45.11325454711914 -13.807476043701172 -173.97280883789062
v 45.28717803955078 -14.091264724731445 -174.2626953125
v 37.850929260253906 -12.888277053833008 -174.7026824951172
v 45.169281005859375 -13.581442832946777 -175.33724975585938
v 44.74635314941406 -13.015068054199219 -174.90707397460938
v 44.99006271362305 -13.275421142578125 -175.17974853515625
v 36.65602111816406 -13.634824752807617 -173.87474060058594
v 37.178348541259766 -13.512158393859863 -174.30438232421875
v 44.956851959228516 -13.357294082641602 -174.42202758789062
v 45.1802978515625 -13.658499717712402 -174.73045349121094
v 38.14129638671875 -12.287033081054688 -174.73355102539062
v 44.33534240722656 -12.614143371582031 -175.07626342773438
v 38.248538970947266 -11.827552795410156 -174.58023071289062
v 43.91157531738281 -12.112975120544434 -174.90924072265625
v 38.77022171020508 -11.629426956176758 -174.82391357421875
v 39.291595458984375 -11.575698852539062 -175.08682250976562
v 40.0172233581543 -11.240625381469727 -175.11398315429688
v 41.02695083618164 -11.159097671508789 -175.32244873046875
v 41.75355529785156 -10.944914817810059 -175.01400756835938
v 42.39497375488281 -11.093437194824219 -174.7967529296875
v 43.02251434326172 -11.420881271362305 -174.83673095703125
v 43.51298904418945 -11.730682373046875 -174.86605834960938
v 39.94712829589844 -10.595536231994629 -174.43130493164062
v 40.692806243896484 -10.63547134399414 -174.62966918945312
v 41.43436050415039 -10.620379447937012 -174.5891571044922
v 42.051292419433594 -10.674190521240234 -174.32960510253906
v 39.893795013427734 -10.18775749206543 -173.87603759765625
v 40.482234954833984 -10.191499710083008 -173.94253540039062
v 41.172454833984375 -10.246955871582031 -173.9666748046875
v 41.777587890625 -10.34557819366455 -173.8426971435547
v 45.03071212768555 -28.214109420776367 -173.70928955078125
v 45.47381591796875 -28.332508087158203 -173.67108154296875
v 46.0743408203125 -28.39256477355957 -173.5955047607422
v 46.548580169677734 -28.39453125 -173.41006469726562
v 44.92788314819336 -28.666854858398438 -173.130615234375
v 45.74077224731445 -28.79761505126953 -173.11485290527344
v 46.31948471069336 -28.74790382385254 -173.11386108398438
v 46.665428161621094 -28.652381896972656 -173.00936889648438
v 44.54722595214844 -27.90616798400879 -173.7444305419922
v 46.857357025146484 -28.34014892578125 -173.0408477783203
v 43.3583984375 -28.072834014892578 -172.90179443359375
v 44.07410430908203 -28.346920013427734 -173.08016967773438
v 44.13328170776367 -27.29079818725586 -174.03114318847656
v 46.98896408081055 -27.837299346923828 -173.09536743164062
v 43.08407211303711 -26.815378189086914 -173.81549072265625
v 43.533443450927734 -27.030681610107422 -173.90785217285156
v 42.917633056640625 -27.309072494506836 -173.31077575683594
v 43.73941421508789 -27.675617218017578 -173.52134704589844
v 42.635009765625 -26.469017028808594 -173.80355834960938
v 47.02665710449219 -27.1390438079834 -173.25
v 40.209197998046875 -26.265668869018555 -172.79910278320312
v 40.829349517822266 -26.443159103393555 -172.93780517578125
v 41.47117233276367 -26.653051376342773 -173.05935668945312
v 42.138790130615234 -26.89751434326172 -173.19961547851562
v 42.24479293823242 -25.87761878967285 -174.0203857421875
v 47.024681091308594 -26.186920166015625 -173.55471801757812
v 39.993404388427734 -25.089263916015625 -173.6058807373047
v 40.39411544799805 -25.27047348022461 -173.6448974609375
v 41.0130729675293 -25.470375061035156 -173.75946044921875
v 41.65668487548828 -25.677181243896484 -173.8898468017578
v 39.823055267333984 -25.5546932220459 -173.17486572265625
v 40.57829284667969 -25.84955596923828 -173.29940795898438
v 41.23373031616211 -26.06525421142578 -173.4215545654297
v 41.88713836669922 -26.277244567871094 -173.56503295898438
v 39.58776092529297 -24.764013290405273 -173.64288330078125
v 47.197174072265625 -25.247764587402344 -173.5059356689453
v 38.50986862182617 -24.885332107543945 -172.9326171875
v 39.10069274902344 -25.149213790893555 -173.11279296875
v 39.28022384643555 -24.16141128540039 -173.90988159179688
v 47.280311584472656 -24.431455612182617 -173.5100555419922
v 38.410400390625 -23.62911605834961 -173.77285766601562
v 38.7751350402832 -23.873186111450195 -173.83389282226562
v 38.21637725830078 -24.109899520874023 -173.27716064453125
v 38.892555236816406 -24.49222755432129 -173.47312927246094
v 38.08636474609375 -23.2353572845459 -173.75518798828125
v 47.31352233886719 -23.637889862060547 -173.5484619140625
v 37.15083694458008 -23.4229679107666 -172.672607421875
v 37.61892318725586 -23.659669876098633 -173.06338500976562
v 37.922550201416016 -22.337139129638672 -174.11715698242188
v 47.332645416259766 -22.827434539794922 -173.62022399902344
v 36.98508834838867 -22.76128578186035 -172.833740234375
v 37.485694885253906 -22.933197021484375 -173.3631134033203
v 37.666656494140625 -21.58099365234375 -174.22622680664062
v 47.3567008972168 -21.974336624145508 -173.72500610351562
v 36.82036590576172 -22.02631187438965 -172.9949188232422
v 37.3184928894043 -22.18450355529785 -173.56777954101562
v 37.50312423706055 -20.904874801635742 -174.31289672851562
v 47.39768600463867 -21.105396270751953 -173.77911376953125
v 36.732696533203125 -20.66020965576172 -173.487548828125
v 37.069679260253906 -20.82327651977539 -173.8544464111328
v 36.72254180908203 -21.27227783203125 -173.22186279296875
v 37.16716766357422 -21.466386795043945 -173.71849060058594
v 36.59353256225586 -20.126808166503906 -173.48709106445312
v 47.409393310546875 -20.275020599365234 -173.76605224609375
v 36.46743392944336 -19.416439056396484 -173.55560302734375
v 47.336936950683594 -19.486093521118164 -173.7535858154297
v 36.29894256591797 -18.61465072631836 -173.5924530029297
v 47.192501068115234 -18.726099014282227 -173.7579345703125
v 35.468505859375 -18.58880615234375 -172.7800750732422
v 35.8245849609375 -18.772781372070312 -173.0724334716797
v 36.30189895629883 -17.741060256958008 -173.78196716308594
v 46.99504470825195 -17.951536178588867 -173.8770751953125
v 46.55876159667969 -17.224098205566406 -173.17054748535156
v 46.79996871948242 -17.51172637939453 -173.5291290283203
v 35.375 -17.934751510620117 -172.8820037841797
v 35.844444274902344 -18.18435287475586 -173.2593536376953
v 36.278629302978516 -16.945575714111328 -173.86581420898438
v 46.45037841796875 -16.7971248626709 -173.6591796875
v 35.30495071411133 -17.169618606567383 -172.97500610351562
v 35.809635162353516 -17.439197540283203 -173.38279724121094
v 36.26241683959961 -16.164005279541016 -173.88247680664062
v 46.17206954956055 -16.304195404052734 -173.9727020263672
v 35.26298904418945 -16.3935546875 -172.99484252929688
v 35.77482604980469 -16.662906646728516 -173.44082641601562
v 36.26115417480469 -15.391815185546875 -173.83651733398438
v 45.751617431640625 -15.554130554199219 -173.96522521972656
v 35.254859924316406 -15.618049621582031 -172.92660522460938
v 35.75978088378906 -15.886092185974121 -173.4264373779297
v 36.274314880371094 -14.644694328308105 -173.7383270263672
v 45.439170837402344 -14.73095417022705 -173.95462036132812
v 44.98586654663086 -14.048409461975098 -173.14273071289062
v 45.21696472167969 -14.324045181274414 -173.51718139648438
v 35.29224395751953 -14.839792251586914 -172.7898406982422
v 35.77423095703125 -15.117656707763672 -173.34658813476562
v 36.308860778808594 -13.968968391418457 -173.6243896484375
v 44.890594482421875 -13.579856872558594 -173.64239501953125
v 35.395835876464844 -14.091360092163086 -172.66445922851562
v 35.83309555053711 -14.357590675354004 -173.23516845703125
v 36.402225494384766 -13.5289306640625 -173.60015869140625
v 44.61176300048828 -13.086069107055664 -173.92825317382812
v 36.68625259399414 -13.01993179321289 -173.70460510253906
v 37.30187225341797 -12.790166854858398 -174.19879150390625
v 35.439064025878906 -13.50899887084961 -172.49234008789062
v 35.98272705078125 -13.507556915283203 -173.13568115234375
v 37.70246505737305 -12.192333221435547 -174.30889892578125
v 44.1812744140625 -12.491488456726074 -173.92616271972656
v 36.71500778198242 -12.193763732910156 -173.4252166748047
v 37.14125061035156 -12.36532974243164 -173.89324951171875
v 37.958621978759766 -11.577677726745605 -174.1791534423828
v 43.80681610107422 -11.970138549804688 -173.9911651611328
v 38.493038177490234 -11.292576789855957 -174.3761444091797
v 39.22746276855469 -11.06056022644043 -174.6136474609375
v 42.976356506347656 -11.190879821777344 -173.74905395507812
v 43.431400299072266 -11.568058013916016 -173.99508666992188
v 36.74857711791992 -11.505758285522461 -173.12847900390625
v 37.359619140625 -11.669445037841797 -173.72958374023438
v 39.34502410888672 -10.462236404418945 -174.0398406982422
v 42.512821197509766 -10.825490951538086 -173.87600708007812
v 36.71615219116211 -10.920524597167969 -172.73948669433594
v 37.29729461669922 -10.967087745666504 -173.21517944335938
v 38.05384826660156 -10.974478721618652 -173.7560272216797
v 38.764427185058594 -10.78909683227539 -174.08480834960938
v 39.505149841308594 -10.052990913391113 -173.48876953125
v 42.26319885253906 -10.524808883666992 -173.4595489501953
v 40.1600341796875 -9.833610534667969 -173.15921020507812
v 40.946624755859375 -9.915267944335938 -173.1904296875
v 41.56880187988281 -10.068977355957031 -173.1962890625
v 42.003204345703125 -10.251426696777344 -173.12759399414062
v 36.681556701660156 -10.50565242767334 -172.35836791992188
v 37.15908432006836 -10.456991195678711 -172.66983032226562
v 37.84914016723633 -10.390985488891602 -173.02261352539062
v 38.74266052246094 -10.277307510375977 -173.40347290039062
v 45.0032958984375 -30.154359817504883 -171.0584259033203
v 45.37024688720703 -30.225955963134766 -170.81607055664062
v 44.84333801269531 -29.177940368652344 -172.47967529296875
v 45.418094635009766 -29.289234161376953 -172.30712890625
v 46.143436431884766 -29.090726852416992 -172.49374389648438
v 46.548797607421875 -28.88873863220215 -172.67730712890625
v 44.68915557861328 -29.614103317260742 -171.77532958984375
v 45.40753173828125 -29.85614585876465 -171.36016845703125
v 44.33174133300781 -28.97777557373047 -172.508544921875
v 46.8256950378418 -28.677536010742188 -172.51400756835938
v 43.17304992675781 -28.38139533996582 -172.44189453125
v 43.62883758544922 -28.64522933959961 -172.46792602539062
v 43.035675048828125 -28.767276763916016 -171.85707092285156
v 43.85700225830078 -29.231870651245117 -171.8755340576172
v 42.71006774902344 -28.013599395751953 -172.4884033203125
v 47.05541229248047 -28.231477737426758 -172.406005859375
v 40.351844787597656 -27.724599838256836 -171.36203002929688
v 40.987300872802734 -27.897369384765625 -171.52633666992188
v 41.630958557128906 -28.09358787536621 -171.67076110839844
v 42.28479766845703 -28.33852767944336 -171.81307983398438
v 42.28191375732422 -27.442718505859375 -172.78729248046875
v 47.19607925415039 -27.59408950805664 -172.38064575195312
v 40.03272247314453 -26.6148681640625 -172.40257263183594
v 40.44854736328125 -26.796424865722656 -172.43899536132812
v 41.07231903076172 -27.003742218017578 -172.545166015625
v 41.70765686035156 -27.21991539001465 -172.66525268554688
v 39.92185592651367 -27.069223403930664 -171.84664916992188
v 40.67795181274414 -27.344453811645508 -171.99081420898438
v 41.33794403076172 -27.553855895996094 -172.11856079101562
v 41.98625183105469 -27.773643493652344 -172.26089477539062
v 39.59586715698242 -26.29314613342285 -172.42977905273438
v 47.26519775390625 -26.795303344726562 -172.44033813476562
v 38.591670989990234 -26.437664031982422 -171.46339416503906
v 39.18278121948242 -26.71513557434082 -171.70819091796875
v 39.20431137084961 -25.71047592163086 -172.72158813476562
v 47.32730484008789 -25.91370391845703 -172.48828125
v 38.3265266418457 -25.225173950195312 -172.50302124023438
v 38.689659118652344 -25.458372116088867 -172.58628845214844
v 38.23085021972656 -25.6833553314209 -171.892822265625
v 38.896034240722656 -26.05831527709961 -172.16641235351562
v 37.9765739440918 -24.854612350463867 -172.4664306640625
v 47.38957977294922 -25.049448013305664 -172.48883056640625
v 37.19599151611328 -24.87921714782715 -171.3604736328125
v 37.63251495361328 -25.225711822509766 -171.63165283203125
v 37.67571258544922 -24.245798110961914 -172.6990509033203
v 47.42231369018555 -24.225448608398438 -172.49855041503906
v 36.9562873840332 -23.82684898376465 -172.08106994628906
v 37.283180236816406 -24.011564254760742 -172.42889404296875
v 37.047813415527344 -24.322818756103516 -171.7615966796875
v 37.43891906738281 -24.590373992919922 -172.0928955078125
v 36.75379943847656 -23.34275245666504 -172.0802001953125
v 47.439788818359375 -23.4163761138916 -172.5238037109375
v 36.52717971801758 -22.65113639831543 -172.16293334960938
v 47.45571517944336 -22.60127067565918 -172.5647735595703
v 36.304473876953125 -21.809673309326172 -172.33131408691406
v 47.470115661621094 -21.777462005615234 -172.60543823242188
v 35.58571243286133 -21.681045532226562 -171.3384246826172
v 35.890865325927734 -21.93677520751953 -171.62216186523438
v 36.30335235595703 -20.831298828125 -172.838623046875
v 47.461055755615234 -20.962726593017578 -172.62570190429688
v 35.47978210449219 -21.073890686035156 -171.59197998046875
v 35.888362884521484 -21.324216842651367 -172.0153045654297
v 36.12568283081055 -20.016944885253906 -172.9541778564453
v 47.392250061035156 -20.171796798706055 -172.6298828125
v 35.29767990112305 -20.362794876098633 -171.77330017089844
v 35.7860107421875 -20.577072143554688 -172.28248596191406
v 35.980010986328125 -19.30299949645996 -173.05206298828125
v 47.245121002197266 -19.398571014404297 -172.637939453125
v 35.25912857055664 -18.935489654541016 -172.44064331054688
v 35.53490447998047 -19.15045928955078 -172.63816833496094
v 35.055423736572266 -19.45275115966797 -171.9774627685547
v 35.62922668457031 -19.816516876220703 -172.45516967773438
v 34.989784240722656 -18.530071258544922 -172.32235717773438
v 47.032188415527344 -18.614173889160156 -172.69119262695312
v 34.050987243652344 -18.560958862304688 -171.35528564453125
v 34.50613021850586 -18.919849395751953 -171.6627197265625
v 46.64106369018555 -18.533302307128906 -171.37939453125
v 46.86834716796875 -18.76152801513672 -171.73431396484375
v 34.86528396606445 -17.68921661376953 -172.47329711914062
v 46.88508605957031 -17.983198165893555 -173.03070068359375
v 46.436309814453125 -17.501449584960938 -172.36660766601562
v 46.68169021606445 -17.72160530090332 -172.71148681640625
v 33.9665412902832 -17.910839080810547 -171.52259826660156
v 34.44306945800781 -18.171524047851562 -171.9232940673828
v 46.524715423583984 -17.994415283203125 -171.85409545898438
v 46.7911491394043 -18.25147819519043 -172.24026489257812
v 34.789180755615234 -16.91194725036621 -172.53933715820312
v 46.20642852783203 -16.94582748413086 -172.68185424804688
v 33.861968994140625 -17.216312408447266 -171.5709228515625
v 34.351776123046875 -17.42514419555664 -172.04811096191406
v 34.74750518798828 -16.143428802490234 -172.49951171875
v 45.80757522583008 -16.238666534423828 -172.71481323242188
v 33.78944396972656 -16.49519157409668 -171.52488708496094
v 34.27860641479492 -16.67983627319336 -172.05813598632812
v 34.74082946777344 -15.36412239074707 -172.34161376953125
v 45.45135498046875 -15.474843978881836 -172.72705078125
v 33.74786376953125 -15.814042091369629 -171.3610076904297
v 34.2331657409668 -15.935075759887695 -171.93911743164062
v 44.990394592285156 -15.441107749938965 -171.3709259033203
v 45.22292709350586 -15.660309791564941 -171.73800659179688
v 34.79111099243164 -14.518117904663086 -172.08859252929688
v 45.28257751464844 -14.833760261535645 -173.0237579345703
v 44.85547637939453 -14.361417770385742 -172.33203125
v 45.07832336425781 -14.584970474243164 -172.6793670654297
v 33.69319534301758 -15.313541412353516 -171.1046600341797
v 34.1822624206543 -15.169906616210938 -171.6346435546875
v 44.91012191772461 -14.883279800415039 -171.82510375976562
v 45.161865234375 -15.1392822265625 -172.22286987304688
v 35.06493377685547 -13.829517364501953 -172.13836669921875
v 44.66319274902344 -13.77112865447998 -172.65228271484375
v 35.10982894897461 -13.176763534545898 -171.88809204101562
v 44.297481536865234 -13.074946403503418 -172.6935577392578
v 35.66446304321289 -12.942493438720703 -172.5579833984375
v 36.183189392089844 -12.66592788696289 -173.07125854492188
v 36.25030517578125 -11.987686157226562 -172.880859375
v 43.933441162109375 -12.378299713134766 -172.7820587158203
v 35.4517707824707 -12.433183670043945 -172.05490112304688
v 35.86354064941406 -12.37339973449707 -172.59902954101562
v 43.55952835083008 -12.17188835144043 -171.414306640625
v 43.77949142456055 -12.443696975708008 -171.74990844726562
v 36.255191802978516 -11.378181457519531 -172.5786590576172
v 43.67282485961914 -11.849201202392578 -173.25778198242188
v 43.129634857177734 -11.315143585205078 -172.635498046875
v 43.400787353515625 -11.559820175170898 -173.02767944335938
v 35.38508605957031 -11.791777610778809 -171.63449096679688
v 35.824466705322266 -11.861526489257812 -172.31417846679688
v 43.373966217041016 -11.69888973236084 -172.01763916015625
v 43.64535903930664 -11.985361099243164 -172.379638671875
v 36.27734375 -10.821998596191406 -172.22500610351562
v 42.72119903564453 -10.899496078491211 -172.7745361328125
v 35.411048889160156 -11.137140274047852 -171.27227783203125
v 35.82503890991211 -11.253619194030762 -171.96148681640625
v 36.41338348388672 -10.37449836730957 -171.920166015625
v 42.3201789855957 -10.460162162780762 -172.48947143554688
v 36.953330993652344 -10.063433647155762 -171.98895263671875
v 37.57460021972656 -10.034524917602539 -172.39871215820312
v 38.35205841064453 -9.791791915893555 -172.39627075195312
v 39.371299743652344 -9.697473526000977 -172.66177368164062
v 40.08607864379883 -9.512829780578613 -172.32315063476562
v 40.746402740478516 -9.607195854187012 -172.19418334960938
v 41.41364288330078 -9.854042053222656 -172.31427001953125
v 41.9224967956543 -10.121213912963867 -172.38766479492188
v 35.4426383972168 -10.641908645629883 -170.9259796142578
v 35.902069091796875 -10.609090805053711 -171.52072143554688
v 38.3453369140625 -9.392440795898438 -171.52859497070312
v 38.9958381652832 -9.379291534423828 -171.72100830078125
v 39.728187561035156 -9.334957122802734 -171.7278289794922
v 40.34822082519531 -9.34959602355957 -171.58358764648438
v 44.74413299560547 -30.4079532623291 -170.48495483398438
v 45.14708709716797 -30.400287628173828 -170.58819580078125
v 44.53287124633789 -30.09412384033203 -171.03558349609375
v 45.400001525878906 -30.37641143798828 -170.3545379638672
v 44.04530334472656 -29.79544448852539 -171.2171173095703
v 45.74797058105469 -30.03687858581543 -170.4981689453125
v 42.79725646972656 -29.23036766052246 -171.0625457763672
v 43.41180419921875 -29.459226608276367 -171.24542236328125
v 46.07038497924805 -29.481828689575195 -171.44691467285156
v 46.57523727416992 -29.035865783691406 -172.0056915283203
v 42.45075988769531 -28.80302619934082 -171.35467529296875
v 46.93519973754883 -28.665935516357422 -171.70738220214844
v 40.09740447998047 -28.09827423095703 -170.68545532226562
v 40.67359161376953 -28.248655319213867 -170.87562561035156
v 41.299747467041016 -28.420793533325195 -171.04652404785156
v 41.91694259643555 -28.607452392578125 -171.21432495117188
v 39.831520080566406 -27.65380096435547 -171.09535217285156
v 47.171688079833984 -28.096771240234375 -171.52133178710938
v 39.364933013916016 -27.338897705078125 -171.1236572265625
v 47.300697326660156 -27.37969207763672 -171.42803955078125
v 38.37525939941406 -26.803672790527344 -170.7081298828125
v 38.83815002441406 -27.030860900878906 -171.01821899414062
v 38.15531921386719 -26.283693313598633 -171.07498168945312
v 47.36237335205078 -26.566255569458008 -171.39755249023438
v 37.76831817626953 -25.88225555419922 -170.97384643554688
v 47.393226623535156 -25.719202041625977 -171.39015197753906
v 36.97805404663086 -25.084388732910156 -170.57711791992188
v 37.33753967285156 -25.457143783569336 -170.79739379882812
v 36.891483306884766 -24.59746551513672 -171.10450744628906
v 47.40779495239258 -24.88338851928711 -171.3905029296875
v 36.689544677734375 -24.031375885009766 -171.3023681640625
v 47.41411209106445 -24.06808090209961 -171.39869689941406
v 36.35881042480469 -23.35332679748535 -171.26014709472656
v 47.42081069946289 -23.2637882232666 -171.4136962890625
v 36.04302215576172 -22.5954532623291 -171.33837890625
v 47.426368713378906 -22.462976455688477 -171.43414306640625
v 35.337947845458984 -21.97757911682129 -170.70037841796875
v 35.65781021118164 -22.244525909423828 -171.00189208984375
v 35.275245666503906 -21.490299224853516 -170.99972534179688
v 47.41432571411133 -21.669281005859375 -171.45458984375
v 35.05623245239258 -20.968364715576172 -171.0576171875
v 47.35639190673828 -20.89361000061035 -171.46701049804688
v 34.78961181640625 -20.250749588012695 -171.2017822265625
v 47.22526168823242 -20.139503479003906 -171.46084594726562
v 34.46385955810547 -19.61684226989746 -171.22528076171875
v 47.015380859375 -19.385099411010742 -171.448486328125
v 33.705711364746094 -18.86138916015625 -170.7823486328125
v 34.0825309753418 -19.176937103271484 -171.0577392578125
v 46.45519256591797 -18.839025497436523 -170.52719116210938
v 46.74656295776367 -19.08026885986328 -170.92315673828125
v 33.68229675292969 -18.335115432739258 -171.02569580078125
v 46.3761100769043 -18.318557739257812 -171.0400390625
v 33.513877868652344 -17.78479766845703 -171.0112762451172
v 46.15972137451172 -17.715190887451172 -171.38824462890625
v 33.393882751464844 -17.053138732910156 -171.021728515625
v 45.77643966674805 -16.995346069335938 -171.4611053466797
v 33.34090805053711 -16.341209411621094 -170.95077514648438
v 45.409584045410156 -16.271936416625977 -171.47341918945312
v 44.8012580871582 -15.750801086425781 -170.53977966308594
v 45.07913589477539 -15.991556167602539 -170.94302368164062
v 33.34278869628906 -15.702104568481445 -170.79483032226562
v 44.75412368774414 -15.217792510986328 -171.0254669189453
v 33.40523147583008 -15.139114379882812 -170.60073852539062
v 44.59595489501953 -14.580118179321289 -171.35772705078125
v 33.839393615722656 -14.797603607177734 -170.9925079345703
v 34.29035949707031 -14.501190185546875 -171.4299774169922
v 34.60157012939453 -13.852823257446289 -171.48765563964844
v 44.291996002197266 -13.821756362915039 -171.42214965820312
v 34.651851654052734 -13.194966316223145 -171.1834716796875
v 43.971370697021484 -13.076580047607422 -171.39938354492188
v 43.420433044433594 -12.389922142028809 -170.47442626953125
v 43.680118560791016 -12.716364860534668 -170.81576538085938
v 34.910057067871094 -12.46987533569336 -171.21585083007812
v 43.32334899902344 -11.917519569396973 -171.12713623046875
v 34.9498291015625 -11.635292053222656 -170.83355712890625
v 43.028282165527344 -11.42268180847168 -171.51092529296875
v 35.04684066772461 -10.960960388183594 -170.55946350097656
v 42.5949821472168 -10.868179321289062 -171.48037719726562
v 35.21549606323242 -10.397899627685547 -170.3185272216797
v 42.21265411376953 -10.384262084960938 -171.49411010742188
v 35.72166061401367 -10.177146911621094 -170.77679443359375
v 36.366416931152344 -9.978413581848145 -171.25897216796875
v 36.98184585571289 -9.657812118530273 -171.30007934570312
v 37.64154815673828 -9.607685089111328 -171.648681640625
v 41.30070114135742 -9.71723747253418 -171.17877197265625
v 41.812896728515625 -10.020149230957031 -171.458740234375
v 38.03119659423828 -9.210562705993652 -170.79815673828125
v 40.80154800415039 -9.45173454284668 -171.24591064453125
v 38.73493576049805 -9.152423858642578 -170.80548095703125
v 39.43028259277344 -9.16246223449707 -170.87478637695312
v 40.06311798095703 -9.212625503540039 -170.87710571289062
v 40.53535461425781 -9.316205978393555 -170.83392333984375
v 44.46220397949219 -30.670536041259766 -169.55364990234375
v 45.07756042480469 -30.535518646240234 -169.99588012695312
v 44.10660171508789 -30.277896881103516 -170.41976928710938
v 45.49031066894531 -30.370939254760742 -169.6855926513672
v 41.98386764526367 -30.266237258911133 -168.64471435546875
v 42.55290222167969 -30.44378662109375 -168.9189453125
v 43.21119689941406 -30.57537078857422 -169.21356201171875
v 43.810176849365234 -30.589473724365234 -169.58575439453125
v 43.62468719482422 -29.91693115234375 -170.73809814453125
v 45.94342803955078 -29.961824417114258 -169.3993377685547
v 42.56508255004883 -29.51787757873535 -170.46768188476562
v 43.09215545654297 -29.734683990478516 -170.58743286132812
v 46.29905319213867 -29.566574096679688 -170.24826049804688
v 46.648956298828125 -29.11667823791504 -171.01661682128906
v 41.526390075683594 -29.73628044128418 -169.16262817382812
v 42.1391716003418 -30.006099700927734 -169.32571411132812
v 42.70925521850586 -30.01265525817871 -169.8174285888672
v 43.43082809448242 -30.208850860595703 -170.08349609375
v 42.22574234008789 -29.095422744750977 -170.78994750976562
v 46.99332809448242 -28.601396560668945 -170.71914672851562
v 39.94874954223633 -28.35477638244629 -170.14366149902344
v 40.379642486572266 -28.568899154663086 -170.152587890625
v 41.00689697265625 -28.76448631286621 -170.34423828125
v 41.630409240722656 -28.9334659576416 -170.56698608398438
v 39.899017333984375 -28.721153259277344 -169.30496215820312
v 40.77749252319336 -29.179227828979492 -169.3915557861328
v 41.373348236083984 -29.226696014404297 -169.91375732421875
v 42.01295471191406 -29.50670623779297 -170.01922607421875
v 39.510154724121094 -27.986562728881836 -170.29739379882812
v 47.18384552001953 -27.956497192382812 -170.50732421875
v 38.70887756347656 -28.05081558227539 -169.05239868164062
v 39.202762603759766 -28.31352996826172 -169.29074096679688
v 39.02318572998047 -27.507829666137695 -170.56602478027344
v 47.26913070678711 -27.207374572753906 -170.37506103515625
v 38.25693130493164 -27.120494842529297 -169.995849609375
v 38.61820602416992 -27.31761932373047 -170.3229522705078
v 38.453102111816406 -27.574968338012695 -169.55238342285156
v 38.89556121826172 -27.804601669311523 -169.88339233398438
v 37.918495178222656 -26.583635330200195 -170.1659393310547
v 47.29413986206055 -26.396549224853516 -170.3131866455078
v 37.463260650634766 -26.046144485473633 -170.08517456054688
v 47.29139709472656 -25.569236755371094 -170.29556274414062
v 36.785888671875 -25.278461456298828 -169.69027709960938
v 37.10932922363281 -25.627290725708008 -169.9725341796875
v 36.660362243652344 -24.670040130615234 -170.36984252929688
v 47.281646728515625 -24.751007080078125 -170.29827880859375
v 36.313987731933594 -24.096405029296875 -170.2623291015625
v 47.276092529296875 -23.94684600830078 -170.30784606933594
v 35.92152404785156 -23.381269454956055 -170.27565002441406
v 47.275184631347656 -23.153125762939453 -170.3209228515625
v 35.349082946777344 -23.36229133605957 -169.02737426757812
v 35.64689254760742 -23.589336395263672 -169.39300537109375
v 35.70384979248047 -22.75552749633789 -170.5791015625
v 47.266841888427734 -22.36968231201172 -170.33908081054688
v 35.18829345703125 -22.20907211303711 -170.2019500732422
v 35.41133499145508 -22.483253479003906 -170.3236083984375
v 35.093902587890625 -22.62986946105957 -169.4798583984375
v 35.514686584472656 -23.041296005249023 -169.86404418945312
v 34.93070602416992 -21.71710777282715 -170.223388671875
v 47.22854995727539 -21.60526466369629 -170.3600311279297
v 34.1526985168457 -21.770214080810547 -168.71914672851562
v 34.59496307373047 -22.12771224975586 -169.11236572265625
v 34.58464050292969 -20.877229690551758 -170.45703125
v 47.133872985839844 -20.874595642089844 -170.36541748046875
v 33.92405700683594 -21.160268783569336 -169.09512329101562
v 34.3684196472168 -21.39955711364746 -169.61029052734375
v 34.30545425415039 -20.19540023803711 -170.62721252441406
v 46.95083999633789 -20.179140090942383 -170.28933715820312
v 33.649017333984375 -20.493865966796875 -169.32803344726562
v 34.10224914550781 -20.697093963623047 -169.90032958984375
v 46.45533752441406 -20.32308578491211 -168.92489624023438
v 46.72310256958008 -20.441078186035156 -169.37515258789062
v 34.08226776123047 -19.68643569946289 -170.7237548828125
v 46.81358337402344 -19.594324111938477 -170.46353149414062
v 33.49757385253906 -19.114912033081055 -170.32757568359375
v 33.74767303466797 -19.41242218017578 -170.470458984375
v 46.272491455078125 -19.180727005004883 -169.74368286132812
v 46.5653190612793 -19.396066665649414 -170.0774383544922
v 33.341026306152344 -19.60941505432129 -169.6520233154297
v 33.85822677612305 -20.01957893371582 -170.1397705078125
v 46.33552932739258 -19.7415828704834 -169.25717163085938
v 46.66381072998047 -19.94525146484375 -169.6991729736328
v 33.26613998413086 -18.578290939331055 -170.29747009277344
v 46.0582275390625 -18.539297103881836 -170.10287475585938
v 32.4082145690918 -18.692874908447266 -168.8494873046875
v 32.812644958496094 -19.043672561645508 -169.2761993408203
v 33.04705810546875 -17.660247802734375 -170.40011596679688
v 45.69253921508789 -17.77958869934082 -170.25482177734375
v 32.31854248046875 -18.021678924560547 -169.05677795410156
v 32.711910247802734 -18.240737915039062 -169.64398193359375
v 32.9554557800293 -16.890764236450195 -170.41598510742188
v 45.34273147583008 -17.076932907104492 -170.29937744140625
v 32.23614501953125 -17.323923110961914 -169.09054565429688
v 32.606361389160156 -17.468059539794922 -169.76834106445312
v 44.7951545715332 -17.223751068115234 -168.98358154296875
v 45.07298278808594 -17.34067153930664 -169.40826416015625
v 32.946441650390625 -16.176307678222656 -170.33892822265625
v 45.14598846435547 -16.502809524536133 -170.50213623046875
v 44.622589111328125 -16.090988159179688 -169.7759246826172
v 44.888328552246094 -16.311477661132812 -170.12127685546875
v 32.199119567871094 -16.587173461914062 -169.04678344726562
v 32.56096649169922 -16.72471809387207 -169.76153564453125
v 44.672157287597656 -16.652320861816406 -169.31353759765625
v 44.99070739746094 -16.854143142700195 -169.75433349609375
v 33.01713562011719 -15.511655807495117 -170.21102905273438
v 44.46189498901367 -15.426671981811523 -170.09368896484375
v 32.214332580566406 -15.831542015075684 -168.9398956298828
v 32.59391784667969 -15.975749969482422 -169.6715087890625
v 33.14638137817383 -15.056657791137695 -170.15785217285156
v 44.190120697021484 -14.615917205810547 -170.20782470703125
v 33.44011306762695 -14.517963409423828 -170.21026611328125
v 34.04610061645508 -14.183462142944336 -170.87303161621094
v 32.207393646240234 -15.191054344177246 -168.7377166748047
v 32.75122833251953 -15.099441528320312 -169.53427124023438
v 34.24701690673828 -13.559556007385254 -170.75253295898438
v 43.95759201049805 -13.884078979492188 -170.2696990966797
v 33.489845275878906 -13.785112380981445 -169.75338745117188
v 33.83827209472656 -13.876581192016602 -170.33328247070312
v 34.37139892578125 -12.900650024414062 -170.55331420898438
v 43.73431396484375 -13.32968521118164 -170.1433563232422
v 43.21782684326172 -12.641167640686035 -169.50607299804688
v 43.50068664550781 -12.957918167114258 -169.84939575195312
v 33.559844970703125 -13.148748397827148 -169.43621826171875
v 33.927391052246094 -13.328170776367188 -170.0957489013672
v 34.45568084716797 -12.15670108795166 -170.28587341308594
v 43.114662170410156 -12.005615234375 -170.28836059570312
v 33.58585739135742 -12.52903938293457 -169.11842346191406
v 33.98899841308594 -12.670493125915527 -169.8011474609375
v 34.52112579345703 -11.326969146728516 -169.92149353027344
v 42.74513626098633 -11.461281776428223 -170.24737548828125
v 33.53433609008789 -12.061965942382812 -168.80511474609375
v 33.964420318603516 -11.931907653808594 -169.37396240234375
v 34.802127838134766 -10.687959671020508 -169.9298858642578
v 42.35126876831055 -10.805595397949219 -170.29991149902344
v 41.91796875 -10.665130615234375 -168.96786499023438
v 42.18504333496094 -10.896074295043945 -169.3052978515625
v 34.89604187011719 -10.121607780456543 -169.5185546875
v 42.066192626953125 -10.298800468444824 -170.7323455810547
v 35.46900939941406 -9.876501083374023 -170.0220489501953
v 36.05003356933594 -9.659421920776367 -170.37518310546875
v 36.69145202636719 -9.453237533569336 -170.5938720703125
v 37.350677490234375 -9.308981895446777 -170.75027465820312
v 41.415382385253906 -9.862613677978516 -170.09780883789062
v 41.75310134887695 -10.047637939453125 -170.48728942871094
v 41.69013595581055 -10.214400291442871 -169.5116424560547
v 42.026710510253906 -10.45128059387207 -169.8792266845703
v 37.7298583984375 -9.029853820800781 -170.02377319335938
v 40.93925857543945 -9.554492950439453 -170.23658752441406
v 38.42375183105469 -8.967781066894531 -169.72781372070312
v 39.17171859741211 -9.04349136352539 -169.885986328125
v 39.822914123535156 -9.141862869262695 -169.94717407226562
v 40.396881103515625 -9.2991943359375 -170.0328826904297
v 35.26005554199219 -9.601426124572754 -169.362060546875
v 35.76576614379883 -9.385215759277344 -169.59579467773438
v 36.39554977416992 -9.190475463867188 -169.76254272460938
v 37.106849670410156 -9.053182601928711 -169.83627319335938
v 43.43156814575195 -31.77105140686035 -167.56446838378906
v 43.5343017578125 -31.775833129882812 -167.44522094726562
v 41.926910400390625 -30.499494552612305 -167.85296630859375
v 42.38405227661133 -30.66769790649414 -168.20437622070312
v 42.98455810546875 -30.98566436767578 -168.2427978515625
v 43.788455963134766 -31.020832061767578 -168.54144287109375
v 44.517826080322266 -30.873620986938477 -168.56414794921875
v 45.03660202026367 -30.632638931274414 -169.09942626953125
v 43.367431640625 -31.46741485595703 -167.86578369140625
v 43.67256164550781 -31.51122283935547 -167.70306396484375
v 41.536949157714844 -30.11784553527832 -168.3440399169922
v 45.50785827636719 -30.32311248779297 -168.6541748046875
v 41.0395393371582 -29.77260398864746 -168.39276123046875
v 45.96135711669922 -29.724620819091797 -168.16738891601562
v 39.79594802856445 -29.125892639160156 -168.01841735839844
v 40.40045928955078 -29.39580726623535 -168.31085205078125
v 46.393585205078125 -29.42141342163086 -169.17904663085938
v 46.719215393066406 -29.063356399536133 -169.97459411621094
v 39.39900207519531 -28.731178283691406 -168.57852172851562
v 46.96376419067383 -28.49539566040039 -169.7209930419922
v 38.539695739746094 -28.22077178955078 -168.17752075195312
v 38.96405792236328 -28.49695587158203 -168.41140747070312
v 46.44670486450195 -29.01691246032715 -168.33370971679688
v 46.7118034362793 -28.919946670532227 -169.14767456054688
v 38.350318908691406 -27.809345245361328 -168.793212890625
v 47.07147979736328 -27.827621459960938 -169.48452758789062
v 46.509193420410156 -28.35589599609375 -167.83340454101562
v 46.79908752441406 -28.415489196777344 -168.779296875
v 38.024784088134766 -27.281211853027344 -169.06741333007812
v 47.1034049987793 -27.063560485839844 -169.33868408203125
v 46.533729553222656 -27.58409881591797 -167.60113525390625
v 46.84088134765625 -27.712499618530273 -168.510009765625
v 37.52119445800781 -26.634395599365234 -169.0441131591797
v 47.09367752075195 -26.255380630493164 -169.2786865234375
v 37.03508377075195 -26.52090835571289 -167.70057678222656
v 37.3138427734375 -26.77267837524414 -168.05953979492188
v 46.51091003417969 -26.7843017578125 -167.513427734375
v 46.83620834350586 -26.928436279296875 -168.37867736816406
v 37.22453308105469 -26.08736801147461 -169.3939971923828
v 47.06988525390625 -25.439823150634766 -169.26986694335938
v 36.686134338378906 -25.545333862304688 -168.8154296875
v 36.95337677001953 -25.813674926757812 -169.14279174804688
v 36.83812713623047 -26.02273178100586 -168.25518798828125
v 37.13707733154297 -26.312183380126953 -168.6164093017578
v 46.4716911315918 -25.976037979125977 -167.5079345703125
v 46.80583572387695 -26.1197566986084 -168.34091186523438
v 36.403892517089844 -24.922168731689453 -169.1358642578125
v 47.05002212524414 -24.632919311523438 -169.28146362304688
v 46.43559265136719 -25.171756744384766 -167.5379180908203
v 46.772979736328125 -25.31083869934082 -168.3501434326172
v 35.93220520019531 -24.192523956298828 -169.10614013671875
v 47.039581298828125 -23.837398529052734 -169.29832458496094
v 35.261322021484375 -23.713661193847656 -168.17288208007812
v 35.553646087646484 -23.92411231994629 -168.6170196533203
v 46.40772247314453 -24.37523651123047 -167.57708740234375
v 46.74959182739258 -24.51043128967285 -168.37501525878906
v 35.07292175292969 -23.213863372802734 -168.54296875
v 47.03168869018555 -23.05307388305664 -169.3199920654297
v 46.38275909423828 -23.58526039123535 -167.62188720703125
v 46.734596252441406 -23.719703674316406 -168.40457153320312
v 34.75730514526367 -22.813915252685547 -168.38050842285156
v 47.01018524169922 -22.285865783691406 -169.3519287109375
v 33.97035598754883 -21.976863861083984 -167.8321533203125
v 34.350799560546875 -22.375869750976562 -168.10809326171875
v 46.3546028137207 -22.802139282226562 -167.691650390625
v 46.718048095703125 -22.940540313720703 -168.44515991210938
v 33.82334899902344 -21.510005950927734 -168.38153076171875
v 46.9559440612793 -21.553897857666016 -169.39273071289062
v 46.318580627441406 -22.037517547607422 -167.81288146972656
v 46.686981201171875 -22.18357276916504 -168.5095977783203
v 33.559608459472656 -21.030879974365234 -168.46054077148438
v 46.855735778808594 -20.897281646728516 -169.4195556640625
v 46.260047912597656 -20.73493003845215 -168.2927703857422
v 46.55656814575195 -20.863664627075195 -168.73187255859375
v 46.27384948730469 -21.315288543701172 -168.00640869140625
v 46.6319580078125 -21.475017547607422 -168.60507202148438
v 33.22017288208008 -20.396114349365234 -168.5626983642578
v 46.072269439697266 -20.216215133666992 -168.40084838867188
v 32.8414192199707 -19.78081512451172 -168.60256958007812
v 45.89164352416992 -19.390380859375 -168.8671875
v 32.19303894042969 -19.01515769958496 -168.0864715576172
v 32.48114776611328 -19.336091995239258 -168.43360900878906
v 32.14323425292969 -18.47287368774414 -168.416015625
v 45.51079177856445 -18.569385528564453 -169.01268005371094
v 44.84987258911133 -18.723058700561523 -167.69332885742188
v 45.165016174316406 -18.838775634765625 -168.12095642089844
v 32.02149963378906 -17.942214965820312 -168.3599090576172
v 45.27685546875 -17.801380157470703 -169.3480224609375
v 44.635128021240234 -17.62020492553711 -168.32717895507812
v 44.933223724365234 -17.740583419799805 -168.73837280273438
v 44.71039581298828 -18.149221420288086 -167.97732543945312
v 45.07877731323242 -18.303192138671875 -168.46893310546875
v 31.915069580078125 -17.236888885498047 -168.32473754882812
v 44.438194274902344 -17.11951446533203 -168.4473419189453
v 31.84573745727539 -16.48361587524414 -168.2769012451172
v 44.27666473388672 -16.288829803466797 -168.88919067382812
v 31.80954360961914 -15.707731246948242 -168.192138671875
v 43.971275329589844 -15.422761917114258 -168.95870971679688
v 43.348480224609375 -15.575075149536133 -167.54986572265625
v 43.632171630859375 -15.698253631591797 -168.04237365722656
v 31.86168670654297 -14.814960479736328 -168.08883666992188
v 43.81904602050781 -14.568591117858887 -169.23953247070312
v 32.46345520019531 -14.541446685791016 -168.81961059570312
v 32.999420166015625 -14.243734359741211 -169.37667846679688
v 43.252681732177734 -14.966607093811035 -167.68341064453125
v 43.59056854248047 -15.115297317504883 -168.31082153320312
v 33.1181755065918 -13.585686683654785 -169.1124267578125
v 43.66571807861328 -13.919031143188477 -169.33200073242188
v 32.26771545410156 -13.982796669006348 -168.29312133789062
v 32.716705322265625 -13.950824737548828 -168.82366943359375
v 43.153072357177734 -14.298701286315918 -167.85614013671875
v 43.48738098144531 -14.450407028198242 -168.4894561767578
v 33.171199798583984 -12.965893745422363 -168.81805419921875
v 43.5343017578125 -13.455009460449219 -169.36187744140625
v 43.032264709472656 -12.992990493774414 -168.6345672607422
v 43.306732177734375 -13.245368003845215 -168.992431640625
v 32.22367858886719 -13.242208480834961 -167.9175567626953
v 32.7159423828125 -13.410175323486328 -168.52630615234375
v 43.06764602661133 -13.60818099975586 -168.151123046875
v 43.3833122253418 -13.829374313354492 -168.66485595703125
v 33.21831130981445 -12.367463111877441 -168.56304931640625
v 42.811439514160156 -12.296783447265625 -168.99111938476562
v 32.29620361328125 -12.478292465209961 -167.6695556640625
v 32.75938034057617 -12.732898712158203 -168.23992919921875
v 33.30497741699219 -11.966538429260254 -168.47335815429688
v 42.40758514404297 -11.509847640991211 -168.98806762695312
v 33.540035247802734 -11.499381065368652 -168.5670166015625
v 34.06367492675781 -11.268329620361328 -169.1644287109375
v 41.75133514404297 -10.94464111328125 -168.08998107910156
v 42.076683044433594 -11.183320999145508 -168.4697723388672
v 32.31208419799805 -11.89063835144043 -167.44815063476562
v 32.88566970825195 -11.92920207977295 -168.01861572265625
v 34.36925506591797 -10.67923355102539 -169.23728942871094
v 41.6055908203125 -10.476374626159668 -168.64013671875
v 33.53886413574219 -10.773897171020508 -168.19381713867188
v 33.902740478515625 -10.91759204864502 -168.7297821044922
v 34.426570892333984 -10.090947151184082 -168.84521484375
v 41.231441497802734 -10.021221160888672 -169.01385498046875
v 33.58414077758789 -10.178936004638672 -167.9102325439453
v 33.98725891113281 -10.386919975280762 -168.50753784179688
v 34.79835891723633 -9.58956527709961 -168.787109375
v 40.68794250488281 -9.587203979492188 -169.08734130859375
v 35.43098068237305 -9.091102600097656 -168.77499389648438
v 36.071754455566406 -8.976114273071289 -169.09347534179688
v 36.763427734375 -8.723651885986328 -168.84844970703125
v 37.76228332519531 -8.753728866577148 -168.77731323242188
v 38.5390510559082 -8.863317489624023 -168.55056762695312
v 38.973472595214844 -8.970891952514648 -168.9647674560547
v 39.581275939941406 -9.12942886352539 -168.76788330078125
v 40.184688568115234 -9.308195114135742 -169.04327392578125
v 33.56830978393555 -9.714007377624512 -167.6153564453125
v 34.1069450378418 -9.71580696105957 -168.14471435546875
v 40.04730987548828 -9.406423568725586 -168.03253173828125
v 40.433929443359375 -9.580194473266602 -168.28936767578125
v 36.685489654541016 -8.279645919799805 -167.92666625976562
v 37.2889289855957 -8.393085479736328 -167.95361328125
v 36.664127349853516 -7.970643043518066 -167.31674194335938
v 37.08338928222656 -8.068048477172852 -167.28759765625
v 43.34061050415039 -31.856143951416016 -167.42984008789062
v 43.42341613769531 -31.881868362426758 -167.40264892578125
v 43.28227233886719 -31.7164306640625 -167.55477905273438
v 43.473960876464844 -31.800973892211914 -167.29576110839844
v 43.24369430541992 -31.712114334106445 -167.34542846679688
v 43.366004943847656 -31.839906692504883 -167.30349731445312
v 43.07725524902344 -31.439769744873047 -167.5819091796875
v 43.67730712890625 -31.562149047851562 -167.28955078125
v 41.88103485107422 -30.573213577270508 -166.9578857421875
v 42.59254837036133 -30.9814453125 -167.34341430664062
v 44.21369934082031 -31.090259552001953 -167.53292846679688
v 44.958709716796875 -30.681621551513672 -168.06118774414062
v 43.07463073730469 -31.427490234375 -167.16571044921875
v 43.3857421875 -31.590103149414062 -167.08370971679688
v 41.380882263183594 -30.211139678955078 -167.61614990234375
v 45.40626907348633 -30.24336051940918 -167.55801391601562
v 40.82703399658203 -29.88675880432129 -167.44015502929688
v 45.671844482421875 -29.743385314941406 -167.08045959472656
v 39.7221794128418 -29.297042846679688 -166.87042236328125
v 40.271568298339844 -29.577899932861328 -167.1856689453125
v 39.283416748046875 -28.909147262573242 -167.69793701171875
v 46.05283737182617 -29.053211212158203 -167.20523071289062
v 38.40949630737305 -28.36209487915039 -167.194091796875
v 38.82196044921875 -28.65026092529297 -167.46963500976562
v 38.143707275390625 -27.85559844970703 -167.9650115966797
v 46.18761444091797 -28.21345329284668 -166.91754150390625
v 37.67292404174805 -27.326847076416016 -167.764892578125
v 46.194480895996094 -27.42884063720703 -166.7688751220703
v 36.94377136230469 -26.69120979309082 -166.70657348632812
v 37.27135467529297 -27.031505584716797 -167.09429931640625
v 36.77482604980469 -26.24132537841797 -167.40069580078125
v 46.16203308105469 -26.62663459777832 -166.73342895507812
v 36.496116638183594 -25.66646385192871 -167.77392578125
v 46.1197624206543 -25.822078704833984 -166.75997924804688
v 36.028743743896484 -24.959909439086914 -167.8197021484375
v 46.07978057861328 -25.02361488342285 -166.80844116210938
v 35.604522705078125 -24.849641799926758 -166.48236083984375
v 35.854793548583984 -25.10346221923828 -166.77947998046875
v 35.72003936767578 -24.406696319580078 -168.14312744140625
v 46.04060745239258 -24.231672286987305 -166.85813903808594
v 35.233924865722656 -24.001514434814453 -167.4175262451172
v 35.463165283203125 -24.206947326660156 -167.78704833984375
v 35.404659271240234 -24.420440673828125 -166.9769287109375
v 35.66835021972656 -24.676847457885742 -167.33848571777344
v 34.9594841003418 -23.48992919921875 -167.565185546875
v 45.993614196777344 -23.43685531616211 -166.91006469726562
v 34.561561584472656 -22.970653533935547 -167.3406219482422
v 45.954227447509766 -22.630046844482422 -167.02415466308594
v 33.825347900390625 -22.053028106689453 -166.85977172851562
v 34.18669891357422 -22.509647369384766 -167.10330200195312
v 33.6231689453125 -21.53976058959961 -167.6514892578125
v 45.917320251464844 -21.82725715637207 -167.22808837890625
v 33.255313873291016 -20.997953414916992 -167.578857421875
v 45.8577880859375 -20.965862274169922 -167.56019592285156
v 32.82032012939453 -20.379615783691406 -167.6049041748047
v 45.55706787109375 -20.152437210083008 -167.66075134277344
v 32.37950897216797 -20.183765411376953 -166.48765563964844
v 32.63022994995117 -20.462535858154297 -166.74380493164062
v 44.86384582519531 -20.28893280029297 -166.429443359375
v 45.178627014160156 -20.408416748046875 -166.8592529296875
v 32.54313659667969 -19.843446731567383 -167.93899536132812
v 45.37675476074219 -19.342613220214844 -168.03585815429688
v 32.09431076049805 -19.281614303588867 -167.39651489257812
v 32.29022216796875 -19.566429138183594 -167.69747924804688
v 44.672584533691406 -19.143640518188477 -167.0404052734375
v 44.98989486694336 -19.263446807861328 -167.45297241210938
v 32.199119567871094 -19.74094009399414 -166.96128845214844
v 32.44430923461914 -20.056365966796875 -167.25379943847656
v 44.74122619628906 -19.691383361816406 -166.69395446777344
v 45.12004852294922 -19.854618072509766 -167.18063354492188
v 31.96544647216797 -18.661521911621094 -167.57972717285156
v 44.46628189086914 -18.646955490112305 -167.14657592773438
v 31.77490234375 -17.919445037841797 -167.50099182128906
v 44.2799072265625 -17.859994888305664 -167.54025268554688
v 31.615375518798828 -17.171823501586914 -167.47006225585938
v 43.95501708984375 -17.054248809814453 -167.686279296875
v 43.276954650878906 -17.170440673828125 -166.474609375
v 43.583274841308594 -17.304622650146484 -166.89598083496094
v 31.48493766784668 -16.39004898071289 -167.48455810546875
v 43.80159378051758 -16.22776985168457 -168.0266571044922
v 43.15462112426758 -16.00857925415039 -166.95523071289062
v 43.440269470214844 -16.138721466064453 -167.4107666015625
v 43.181968688964844 -16.564809799194336 -166.691162109375
v 43.535186767578125 -16.745960235595703 -167.2026824951172
v 31.360698699951172 -15.566611289978027 -167.4390869140625
v 43.012977600097656 -15.515804290771484 -166.94053649902344
v 30.732177734375 -15.614402770996094 -166.43516540527344
v 30.992103576660156 -15.772687911987305 -166.8394775390625
v 31.36744499206543 -14.793645858764648 -167.43370056152344
v 42.890785217285156 -14.842330932617188 -167.04708862304688
v 30.665420532226562 -14.975404739379883 -166.4521484375
v 31.009315490722656 -15.195714950561523 -166.9684600830078
v 31.631183624267578 -13.959121704101562 -167.55108642578125
v 42.775917053222656 -14.098501205444336 -167.24652099609375
v 30.61199188232422 -14.241290092468262 -166.4013671875
v 31.041358947753906 -14.450490951538086 -166.9678497314453
v 31.663179397583008 -12.907767295837402 -167.23727416992188
v 42.668128967285156 -13.19481086730957 -167.69747924804688
v 30.5391788482666 -13.6077880859375 -166.27239990234375
v 31.041240692138672 -13.559806823730469 -166.807861328125
v 31.918025970458984 -12.187910079956055 -167.20924377441406
v 42.348243713378906 -12.346935272216797 -167.76531982421875
v 41.77625274658203 -12.458074569702148 -166.42318725585938
v 42.05608367919922 -12.595499038696289 -166.85650634765625
v 31.91657066345215 -11.528301239013672 -166.96754455566406
v 42.163421630859375 -11.707914352416992 -167.98526000976562
v 32.535789489746094 -11.355400085449219 -167.43801879882812
v 33.0672492980957 -11.150670051574707 -167.86415100097656
v 41.5791015625 -11.285758018493652 -167.28775024414062
v 41.88914489746094 -11.493980407714844 -167.61441040039062
v 41.65644836425781 -11.854791641235352 -166.77764892578125
v 41.99626541137695 -12.06817626953125 -167.2137451171875
v 33.13667678833008 -10.534561157226562 -167.64427185058594
v 41.30079650878906 -10.695087432861328 -167.6744842529297
v 32.27935028076172 -10.83418083190918 -167.00889587402344
v 32.74571990966797 -10.833084106445312 -167.40811157226562
v 33.17439651489258 -9.982132911682129 -167.4097442626953
v 40.7831916809082 -10.048770904541016 -167.84085083007812
v 39.95630645751953 -9.610319137573242 -167.02537536621094
v 40.347312927246094 -9.772086143493652 -167.4232177734375
v 32.168556213378906 -10.205543518066406 -166.683837890625
v 32.709266662597656 -10.32158088684082 -167.16094970703125
v 33.297420501708984 -9.595894813537598 -167.3064422607422
v 39.65187072753906 -9.2972993850708 -167.6123809814453
v 33.69617462158203 -9.127211570739746 -167.34271240234375
v 34.71546173095703 -8.970284461975098 -168.0035400390625
v 35.41493225097656 -8.629274368286133 -168.1018829345703
v 36.04402542114258 -8.565103530883789 -168.3295440673828
v 38.39166259765625 -8.750033378601074 -167.3895263671875
v 39.093685150146484 -9.049105644226074 -167.74310302734375
v 32.060218811035156 -9.68972396850586 -166.41360473632812
v 32.76844024658203 -9.58554744720459 -166.8896484375
v 36.218284606933594 -8.096467971801758 -167.59747314453125
v 37.819244384765625 -8.481025695800781 -167.58827209472656
v 33.7183952331543 -8.339727401733398 -166.85028076171875
v 34.42022705078125 -8.393454551696777 -167.25048828125
v 35.16855239868164 -8.307909965515137 -167.53997802734375
v 35.72423553466797 -8.271217346191406 -167.75558471679688
v 36.380340576171875 -7.784676551818848 -166.97354125976562
v 37.556884765625 -8.216560363769531 -167.06260681152344
v 36.87818145751953 -7.761716842651367 -166.5953826904297
v 37.325645446777344 -7.967042922973633 -166.62567138671875
v 33.729148864746094 -7.856714725494385 -166.55380249023438
v 34.260345458984375 -7.850396633148193 -166.74252319335938
v 34.96806716918945 -7.826757431030273 -166.92340087890625
v 35.75661087036133 -7.837533950805664 -167.06947326660156
v 41.834449768066406 -30.495988845825195 -166.0411834716797
v 42.448570251464844 -30.781185150146484 -166.28359985351562
v 43.13874053955078 -31.12196922302246 -166.54556274414062
v 43.75693893432617 -31.214248657226562 -166.75460815429688
v 44.31869888305664 -30.807388305664062 -166.44488525390625
v 44.853878021240234 -30.605865478515625 -167.0215606689453
v 41.307186126708984 -30.25723648071289 -166.69131469726562
v 45.225860595703125 -30.102312088012695 -166.54727172851562
v 44.397972106933594 -30.44469451904297 -165.6182861328125
v 44.77643966674805 -30.424654006958008 -166.18896484375
v 40.799476623535156 -29.95659065246582 -166.39712524414062
v 45.49968338012695 -29.40521240234375 -166.15017700195312
v 39.69180679321289 -29.334461212158203 -165.55496215820312
v 40.30580520629883 -29.655242919921875 -165.99911499023438
v 44.44139099121094 -30.117023468017578 -165.03814697265625
v 44.89333724975586 -29.95803451538086 -165.57162475585938
v 39.187286376953125 -29.024351119995117 -166.6661376953125
v 45.836734771728516 -28.70587158203125 -166.31248474121094
v 38.385009765625 -28.517234802246094 -166.26187133789062
v 38.727664947509766 -28.760587692260742 -166.50543212890625
v 38.68236541748047 -28.816402435302734 -165.54446411132812
v 39.068748474121094 -29.038084030151367 -165.78204345703125
v 38.0106201171875 -28.043663024902344 -166.64817810058594
v 45.85325622558594 -28.044843673706055 -166.08558654785156
v 37.56372833251953 -27.5820369720459 -166.35498046875
v 45.84374237060547 -27.259517669677734 -166.00341796875
v 36.856746673583984 -26.79714012145996 -165.5670166015625
v 37.201072692871094 -27.210426330566406 -165.91976928710938
v 36.61463165283203 -26.24565315246582 -166.521484375
v 45.808837890625 -26.460134506225586 -166.01300048828125
v 36.196563720703125 -25.644779205322266 -166.39907836914062
v 45.76509094238281 -25.66356658935547 -166.06590270996094
v 35.55207061767578 -24.903297424316406 -165.67660522460938
v 35.83574295043945 -25.278032302856445 -165.8324432373047
v 35.38947296142578 -24.576282501220703 -166.2591552734375
v 45.71766662597656 -24.87640380859375 -166.12808227539062
v 35.14473342895508 -24.089181900024414 -166.53057861328125
v 45.65751647949219 -24.098051071166992 -166.17584228515625
v 34.78770446777344 -23.515092849731445 -166.45840454101562
v 45.54905700683594 -23.285531997680664 -166.17291259765625
v 44.92967224121094 -23.369169235229492 -165.03359985351562
v 45.18792724609375 -23.507797241210938 -165.47744750976562
v 34.44158935546875 -23.017715454101562 -166.30078125
v 45.55113220214844 -22.408855438232422 -166.43203735351562
v 33.75673294067383 -22.056888580322266 -165.76321411132812
v 34.10453796386719 -22.547077178955078 -166.03790283203125
v 44.87554931640625 -22.73377227783203 -165.13409423828125
v 45.208717346191406 -22.91294288635254 -165.6879425048828
v 33.45365524291992 -21.551036834716797 -166.63909912109375
v 45.49446105957031 -21.628141403198242 -166.652099609375
v 44.80242919921875 -22.032821655273438 -165.27676391601562
v 45.16949462890625 -22.19637680053711 -165.87054443359375
v 33.00843048095703 -20.96015167236328 -166.4227294921875
v 45.362449645996094 -20.911693572998047 -166.8272705078125
v 32.35948181152344 -20.195556640625 -165.73651123046875
v 32.64534378051758 -20.580184936523438 -165.89385986328125
v 44.673728942871094 -20.73349952697754 -165.78346252441406
v 44.98076629638672 -20.855188369750977 -166.23519897460938
v 44.7169075012207 -21.325897216796875 -165.48373413085938
v 45.08790969848633 -21.487354278564453 -166.05349731445312
v 32.18646240234375 -19.871700286865234 -166.28887939453125
v 44.48723602294922 -20.21111297607422 -165.8477783203125
v 32.00969696044922 -19.318687438964844 -166.56883239746094
v 44.31087875366211 -19.40091896057129 -166.2342071533203
v 31.784557342529297 -18.582582473754883 -166.57077026367188
v 43.97144317626953 -18.60598373413086 -166.40716552734375
v 43.32215881347656 -18.72316551208496 -165.2234649658203
v 43.62013244628906 -18.850051879882812 -165.62034606933594
v 31.559635162353516 -17.868698120117188 -166.54010009765625
v 43.78227996826172 -17.812978744506836 -166.80450439453125
v 43.09656524658203 -17.595409393310547 -165.83438110351562
v 43.399070739746094 -17.726158142089844 -166.2645721435547
v 43.17445755004883 -18.144916534423828 -165.50274658203125
v 43.536685943603516 -18.31291961669922 -165.98431396484375
v 31.296968460083008 -17.103172302246094 -166.5064697265625
v 42.91927719116211 -17.071414947509766 -165.87689208984375
v 30.860733032226562 -17.028640747070312 -165.23617553710938
v 31.10361099243164 -17.28180694580078 -165.60015869140625
v 31.131505966186523 -16.29745864868164 -166.8138885498047
v 42.80612564086914 -16.243791580200195 -166.17408752441406
v 30.5908203125 -16.013729095458984 -165.91159057617188
v 30.82840347290039 -16.167783737182617 -166.32473754882812
v 30.687786102294922 -16.50247573852539 -165.63125610351562
v 30.962848663330078 -16.744125366210938 -166.05499267578125
v 30.42342758178711 -15.52271842956543 -165.83865356445312
v 42.62893295288086 -15.45926284790039 -166.2549591064453
v 30.276657104492188 -14.816463470458984 -165.84571838378906
v 42.498207092285156 -14.723098754882812 -166.37359619140625
v 30.195404052734375 -14.057552337646484 -165.85235595703125
v 42.32597351074219 -13.938962936401367 -166.47518920898438
v 41.72937774658203 -14.0578031539917 -165.21072387695312
v 41.9917106628418 -14.177680015563965 -165.67135620117188
v 30.191539764404297 -13.219535827636719 -165.80319213867188
v 42.21847152709961 -13.114416122436523 -166.80178833007812
v 30.719947814941406 -13.001418113708496 -166.35958862304688
v 31.147480010986328 -12.806713104248047 -166.727294921875
v 41.59843826293945 -12.885689735412598 -165.7471923828125
v 41.88389587402344 -13.017166137695312 -166.1851806640625
v 41.64326095581055 -13.45207691192627 -165.42315673828125
v 41.96939468383789 -13.622164726257324 -165.95028686523438
v 31.40730857849121 -12.172449111938477 -166.76124572753906
v 41.41018295288086 -12.358403205871582 -165.8643798828125
v 30.521011352539062 -12.439048767089844 -166.01539611816406
v 30.93876838684082 -12.449586868286133 -166.43191528320312
v 31.363916397094727 -11.51130199432373 -166.50531005859375
v 41.211605072021484 -11.518705368041992 -166.37588500976562
v 30.457115173339844 -11.72691535949707 -165.7667236328125
v 30.935646057128906 -11.901688575744629 -166.26361083984375
v 31.616283416748047 -10.816121101379395 -166.47438049316406
v 40.79718780517578 -10.750174522399902 -166.55967712402344
v 30.476665496826172 -10.968935012817383 -165.5780792236328
v 30.97307586669922 -11.213517189025879 -166.08401489257812
v 40.2400016784668 -10.862005233764648 -165.2320556640625
v 40.52169418334961 -10.97618293762207 -165.65353393554688
v 31.614757537841797 -10.051345825195312 -166.21182250976562
v 40.52627182006836 -10.189592361450195 -166.868896484375
v 39.87929916381836 -9.890497207641602 -166.13589477539062
v 40.21103286743164 -10.02255630493164 -166.51004028320312
v 30.511951446533203 -10.252785682678223 -165.39039611816406
v 31.044483184814453 -10.468697547912598 -165.90728759765625
v 40.053462982177734 -10.347259521484375 -165.60748291015625
v 40.40393829345703 -10.503089904785156 -166.0601806640625
v 31.71367645263672 -9.594225883483887 -166.12289428710938
v 39.48645782470703 -9.488606452941895 -166.4610595703125
v 32.080101013183594 -9.068119049072266 -166.17576599121094
v 33.01024627685547 -8.758068084716797 -166.66671752929688
v 38.475372314453125 -8.783590316772461 -165.97076416015625
v 38.92095184326172 -9.103357315063477 -166.34356689453125
v 30.45589828491211 -9.734952926635742 -165.15647888183594
v 31.14426040649414 -9.618913650512695 -165.68209838867188
v 33.216739654541016 -8.101785659790039 -166.4501190185547
v 38.02518844604492 -8.446717262268066 -166.59088134765625
v 32.0582160949707 -8.252084732055664 -165.8143310546875
v 32.624290466308594 -8.37057876586914 -166.23863220214844
v 33.45222473144531 -7.621359825134277 -166.26690673828125
v 37.686134338378906 -8.138168334960938 -166.1109161376953
v 34.010528564453125 -7.42262601852417 -166.32000732421875
v 34.709476470947266 -7.343137264251709 -166.38653564453125
v 35.45906448364258 -7.336390018463135 -166.36264038085938
v 36.30475997924805 -7.401084899902344 -166.08474731445312
v 36.92893981933594 -7.557034492492676 -165.70797729492188
v 37.31241226196289 -7.826435565948486 -165.87562561035156
v 32.09488296508789 -7.592570781707764 -165.51010131835938
v 32.802391052246094 -7.714581489562988 -165.9864044189453
v 32.07533264160156 -7.03815221786499 -165.15892028808594
v 32.70564270019531 -7.06787109375 -165.52597045898438
v 33.51914978027344 -7.070791721343994 -165.84475708007812
v 34.38308334350586 -6.892859935760498 -165.87893676757812
v 35.128997802734375 -6.867718696594238 -165.82638549804688
v 35.802696228027344 -6.921565532684326 -165.60955810546875
v 32.050559997558594 -6.6353559494018555 -164.8271484375
v 32.54899978637695 -6.575572490692139 -165.0763702392578
v 33.237693786621094 -6.498408317565918 -165.26995849609375
v 34.04495620727539 -6.405127048492432 -165.30372619628906
v 34.83574295043945 -6.4084649085998535 -165.25042724609375
v 35.491920471191406 -6.512975692749023 -165.12066650390625
v 41.84408187866211 -30.372333526611328 -165.3277587890625
v 42.361759185791016 -30.540334701538086 -165.414306640625
v 43.01240539550781 -30.72190284729004 -165.6000518798828
v 43.747093200683594 -30.77913475036621 -165.8099365234375
v 41.3533935546875 -30.230785369873047 -165.75965881347656
v 44.015716552734375 -30.3487548828125 -165.0281982421875
v 41.58058166503906 -30.145776748657227 -164.92138671875
v 42.22175979614258 -30.265735626220703 -164.7271728515625
v 42.917274475097656 -30.371307373046875 -164.81246948242188
v 43.484806060791016 -30.48272132873535 -165.05795288085938
v 40.95747375488281 -29.95182228088379 -165.34588623046875
v 44.19548416137695 -30.052364349365234 -164.6949462890625
v 38.644290924072266 -28.819477081298828 -164.7376708984375
v 39.21568298339844 -29.102670669555664 -164.58987426757812
v 39.966129302978516 -29.36947250366211 -164.3165283203125
v 40.592193603515625 -29.632389068603516 -164.65985107421875
v 44.53060531616211 -29.617643356323242 -164.63742065429688
v 45.108699798583984 -29.366361618041992 -165.2562255859375
v 41.29407501220703 -29.889726638793945 -164.49160766601562
v 41.95432662963867 -29.952133178710938 -164.14959716796875
v 42.7525520324707 -29.99371337890625 -164.09848022460938
v 43.6711311340332 -29.999601364135742 -164.3818359375
v 38.2512092590332 -28.47335433959961 -165.34324645996094
v 45.44265365600586 -28.70758819580078 -165.45509338378906
v 38.42306137084961 -28.635799407958984 -164.30908203125
v 38.823463439941406 -28.888534545898438 -163.91741943359375
v 44.638206481933594 -28.893016815185547 -164.14962768554688
v 44.996952056884766 -29.019428253173828 -164.77081298828125
v 37.84189224243164 -28.036344528198242 -165.55682373046875
v 45.497657775878906 -27.87244415283203 -165.3076934814453
v 44.73834228515625 -28.200733184814453 -163.954345703125
v 45.10264587402344 -28.408967971801758 -164.65426635742188
v 37.531707763671875 -27.71615982055664 -165.10467529296875
v 45.49162292480469 -27.080476760864258 -165.2825927734375
v 36.826942443847656 -26.857948303222656 -164.3267059326172
v 37.1734619140625 -27.304946899414062 -164.6845245361328
v 44.78328323364258 -27.472187042236328 -163.895751953125
v 45.14422607421875 -27.66615104675293 -164.58045959472656
v 36.50407791137695 -26.31664276123047 -165.25772094726562
v 45.45888900756836 -26.290618896484375 -165.3265380859375
v 44.78590393066406 -26.714885711669922 -163.92605590820312
v 45.14095687866211 -26.897441864013672 -164.59210205078125
v 36.13483810424805 -25.788545608520508 -164.78671264648438
v 45.41427993774414 -25.507211685180664 -165.40061950683594
v 35.50026321411133 -24.83574104309082 -165.0084686279297
v 35.75527572631836 -25.224315643310547 -164.85842895507812
v 44.76399230957031 -25.941669464111328 -164.01168823242188
v 45.11215591430664 -26.120281219482422 -164.66015625
v 35.31098175048828 -24.502872467041016 -165.59735107421875
v 45.36068344116211 -24.743688583374023 -165.47569274902344
v 35.334251403808594 -24.496246337890625 -164.70623779296875
v 35.61603927612305 -24.92518424987793 -164.19461059570312
v 44.73202133178711 -25.16891860961914 -164.1309814453125
v 45.0703125 -25.349700927734375 -164.75502014160156
v 35.028602600097656 -23.975658416748047 -165.37030029296875
v 45.29006576538086 -24.030994415283203 -165.52197265625
v 44.72434616088867 -23.817062377929688 -164.49264526367188
v 44.97509002685547 -23.957860946655273 -164.94921875
v 35.17589569091797 -24.110305786132812 -164.29776000976562
v 35.44695281982422 -24.492788314819336 -163.75732421875
v 44.707489013671875 -24.42194175720215 -164.28359985351562
v 45.0225830078125 -24.611330032348633 -164.85610961914062
v 34.692501068115234 -23.43169403076172 -165.55694580078125
v 44.62101364135742 -23.299419403076172 -164.4371795654297
v 34.43415069580078 -23.009193420410156 -165.20645141601562
v 44.53232192993164 -22.606849670410156 -164.4945526123047
v 33.77542495727539 -21.992218017578125 -164.61769104003906
v 34.107112884521484 -22.49637794494629 -164.89895629882812
v 33.39729309082031 -21.5421085357666 -165.45413208007812
v 44.43709945678711 -21.862674713134766 -164.63778686523438
v 33.03120040893555 -21.00450897216797 -164.96371459960938
v 44.32077407836914 -21.00057601928711 -164.9370574951172
v 32.3475341796875 -20.09868621826172 -165.09689331054688
v 32.61756896972656 -20.477067947387695 -164.98092651367188
v 32.14616775512695 -19.760345458984375 -165.657470703125
v 44.01378631591797 -20.162128448486328 -165.02346801757812
v 32.2129020690918 -19.74034309387207 -164.78955078125
v 32.5160026550293 -20.167373657226562 -164.326904296875
v 43.41251754760742 -20.16206932067871 -163.80447387695312
v 43.683170318603516 -20.368623733520508 -164.15225219726562
v 31.92980194091797 -19.15643310546875 -165.44696044921875
v 43.830753326416016 -19.34908676147461 -165.47805786132812
v 43.1941032409668 -19.123149871826172 -164.55242919921875
v 43.473411560058594 -19.248950958251953 -164.9518585205078
v 32.08641815185547 -19.349824905395508 -164.3614959716797
v 32.37161636352539 -19.759428024291992 -163.85433959960938
v 43.291568756103516 -19.616817474365234 -164.18270874023438
v 43.61614990234375 -19.819427490234375 -164.59957885742188
v 31.665325164794922 -18.462383270263672 -165.6884765625
v 42.987632751464844 -18.644750595092773 -164.64035034179688
v 31.400371551513672 -17.891788482666016 -165.36898803710938
v 42.77048110961914 -17.85239028930664 -164.96124267578125
v 30.7950496673584 -17.210065841674805 -164.32907104492188
v 31.101036071777344 -17.55936050415039 -164.69912719726562
v 30.61981201171875 -16.764366149902344 -164.9199676513672
v 42.450069427490234 -16.991817474365234 -165.02566528320312
v 41.82855987548828 -17.000961303710938 -163.7640380859375
v 42.08335876464844 -17.20777702331543 -164.16282653808594
v 30.380630493164062 -16.19918441772461 -165.10098266601562
v 42.349578857421875 -16.09221649169922 -165.40692138671875
v 41.75953674316406 -16.41644287109375 -163.9891357421875
v 42.05896759033203 -16.6038875579834 -164.54425048828125
v 30.0081729888916 -15.459489822387695 -165.01068115234375
v 42.23895263671875 -15.346240997314453 -165.57766723632812
v 29.345035552978516 -15.426218032836914 -163.81752014160156
v 29.672550201416016 -15.65251350402832 -164.19033813476562
v 41.67096710205078 -15.77770709991455 -164.12814331054688
v 41.98196029663086 -15.911090850830078 -164.7796630859375
v 29.86440658569336 -14.617145538330078 -165.25978088378906
v 42.12367630004883 -14.669954299926758 -165.68138122558594
v 41.556785583496094 -14.50800895690918 -164.576416015625
v 41.80931854248047 -14.620471000671387 -165.06561279296875
v 29.215072631835938 -14.856529235839844 -164.0673065185547
v 29.572559356689453 -15.082359313964844 -164.55584716796875
v 41.58811569213867 -15.095925331115723 -164.3055419921875
v 41.89336395263672 -15.234565734863281 -164.9321746826172
v 29.789043426513672 -13.859724998474121 -165.31051635742188
v 41.41142272949219 -13.989043235778809 -164.59210205078125
v 29.102182388305664 -14.205169677734375 -164.1375732421875
v 29.467464447021484 -14.390206336975098 -164.72427368164062
v 29.730796813964844 -13.211774826049805 -165.23684692382812
v 41.25339889526367 -13.16128921508789 -164.89524841308594
v 29.03835678100586 -13.46738338470459 -164.1435546875
v 29.401756286621094 -13.674270629882812 -164.75827026367188
v 29.947853088378906 -12.432336807250977 -165.38348388671875
v 40.925025939941406 -12.304269790649414 -165.03665161132812
v 29.03265953063965 -12.668657302856445 -164.12081909179688
v 29.416227340698242 -12.916481018066406 -164.76223754882812
v 40.303016662597656 -12.307310104370117 -163.81378173828125
v 40.57659912109375 -12.522994995117188 -164.15428161621094
v 29.959869384765625 -11.524497985839844 -165.20469665527344
v 40.73448181152344 -11.468303680419922 -165.5211639404297
v 40.121864318847656 -11.252010345458984 -164.53163146972656
v 40.393638610839844 -11.368346214294434 -164.9456024169922
v 29.063844680786133 -11.853289604187012 -164.05487060546875
v 29.468965530395508 -12.098514556884766 -164.72027587890625
v 40.20476531982422 -11.747062683105469 -164.1712188720703
v 40.522884368896484 -11.950027465820312 -164.60464477539062
v 29.996967315673828 -10.754728317260742 -165.04177856445312
v 39.906429290771484 -10.806465148925781 -164.655029296875
v 29.12104034423828 -11.073005676269531 -163.944091796875
v 29.511308670043945 -11.287725448608398 -164.60166931152344
v 30.053447723388672 -10.088813781738281 -164.88136291503906
v 39.611289978027344 -10.125565528869629 -165.12161254882812
v 29.200340270996094 -10.360420227050781 -163.78445434570312
v 29.580806732177734 -10.53004264831543 -164.45220947265625
v 30.164981842041016 -9.654927253723145 -164.82666015625
v 39.172508239746094 -9.56721305847168 -165.2576446533203
v 30.50186538696289 -9.142816543579102 -164.89605712890625
v 31.349205017089844 -8.755874633789062 -165.50479125976562
v 38.49263000488281 -8.910393714904785 -164.96044921875
v 38.79847717285156 -9.171974182128906 -165.20571899414062
v 29.22408676147461 -9.827375411987305 -163.52413940429688
v 29.736019134521484 -9.712469100952148 -164.26666259765625
v 38.667274475097656 -9.28093147277832 -164.26174926757812
v 38.94560241699219 -9.55604362487793 -164.45736694335938
v 31.47425651550293 -8.065116882324219 -165.3056640625
v 38.101722717285156 -8.511781692504883 -165.26870727539062
v 30.46381378173828 -8.400821685791016 -164.46185302734375
v 30.93409538269043 -8.448314666748047 -165.0166015625
v 31.530475616455078 -7.4750542640686035 -165.0206298828125
v 37.654327392578125 -8.07746696472168 -165.0580596923828
v 36.7752799987793 -7.308757305145264 -164.84378051757812
v 37.25235366821289 -7.691442966461182 -164.93878173828125
v 30.532337188720703 -7.785689830780029 -164.12884521484375
v 30.979490280151367 -7.914090156555176 -164.76341247558594
v 31.59878158569336 -6.944417953491211 -164.69677734375
v 36.294151306152344 -6.997811794281006 -165.15414428710938
v 30.639266967773438 -7.207393646240234 -163.789794921875
v 31.061601638793945 -7.3380351066589355 -164.44122314453125
v 31.767154693603516 -6.500422954559326 -164.43508911132812
v 36.011932373046875 -6.662797927856445 -164.7730255126953
v 32.32555389404297 -6.169462203979492 -164.51988220214844
v 32.946109771728516 -6.13023042678833 -164.82032775878906
v 33.66522979736328 -5.862832069396973 -164.67791748046875
v 34.58137512207031 -5.8693647384643555 -164.50057983398438
v 35.289527893066406 -6.128871440887451 -164.46102905273438
v 35.754180908203125 -6.356346607208252 -164.41070556640625
v 30.719327926635742 -6.739866733551025 -163.46035766601562
v 31.205581665039062 -6.72001838684082 -164.0404510498047
v 33.6329460144043 -5.297493934631348 -164.04495239257812
v 34.202171325683594 -5.3902268409729 -164.0709686279297
v 33.6568603515625 -4.940950870513916 -163.57147216796875
v 34.04762649536133 -5.005669593811035 -163.60659790039062
v 39.84491729736328 -29.201066970825195 -163.38482666015625
v 40.611122131347656 -29.391586303710938 -163.49734497070312
v 41.482879638671875 -29.590892791748047 -163.6028289794922
v 42.4483528137207 -29.614877700805664 -163.4246826171875
v 43.27690505981445 -29.552101135253906 -163.53543090820312
v 44.03159713745117 -29.317724227905273 -163.80322265625
v 39.254188537597656 -29.05919647216797 -163.546142578125
v 44.24467086791992 -28.667831420898438 -163.45828247070312
v 38.571380615234375 -28.58024787902832 -163.2752685546875
v 39.0416145324707 -28.886962890625 -163.14373779296875
v 38.0061149597168 -28.225017547607422 -164.324951171875
v 44.35927963256836 -27.998138427734375 -163.29281616210938
v 37.583255767822266 -27.755523681640625 -163.82138061523438
v 44.407249450683594 -27.28217887878418 -163.24673461914062
v 36.86494827270508 -26.829242706298828 -163.1292724609375
v 37.210060119628906 -27.29547119140625 -163.43548583984375
v 36.508392333984375 -26.395071029663086 -163.9714813232422
v 44.41773986816406 -26.52465057373047 -163.28570556640625
v 36.284873962402344 -26.002180099487305 -163.56597900390625
v 44.406246185302734 -25.740337371826172 -163.3814697265625
v 35.979698181152344 -25.45077896118164 -163.66030883789062
v 44.38827133178711 -24.9326114654541 -163.5211944580078
v 35.75546646118164 -24.903095245361328 -163.19557189941406
v 44.39082336425781 -24.038421630859375 -163.7487030029297
v 35.27107238769531 -23.953079223632812 -163.25350952148438
v 35.587646484375 -24.451934814453125 -162.91714477539062
v 34.85145568847656 -23.539554595947266 -164.39529418945312
v 44.273067474365234 -23.232030868530273 -163.72378540039062
v 34.50496292114258 -22.895896911621094 -163.9923095703125
v 44.179630279541016 -22.481966018676758 -163.7836456298828
v 33.84156036376953 -21.85299301147461 -163.56048583984375
v 34.16063690185547 -22.336339950561523 -163.73776245117188
v 33.474159240722656 -21.514463424682617 -164.2797088623047
v 44.060279846191406 -21.730947494506836 -163.89259338378906
v 33.270835876464844 -21.12116813659668 -163.83486938476562
v 43.84484100341797 -20.982860565185547 -163.93585205078125
v 43.216346740722656 -20.482873916625977 -163.03672790527344
v 43.513824462890625 -20.709705352783203 -163.4373779296875
v 32.926082611083984 -20.634578704833984 -163.8758544921875
v 43.13960266113281 -19.964826583862305 -163.46011352539062
v 32.70845413208008 -20.152605056762695 -163.3861541748047
v 42.930484771728516 -19.37161636352539 -163.71009826660156
v 32.21039581298828 -19.281566619873047 -163.26629638671875
v 32.552886962890625 -19.770919799804688 -163.01663208007812
v 31.781600952148438 -18.721426010131836 -164.45167541503906
v 42.592166900634766 -18.641353607177734 -163.8013458251953
v 31.43865966796875 -18.13390350341797 -163.97488403320312
v 42.261409759521484 -17.865407943725586 -163.91075134277344
v 30.709625244140625 -17.304170608520508 -163.27456665039062
v 31.091045379638672 -17.70576286315918 -163.5698699951172
v 41.657875061035156 -17.354129791259766 -162.98477172851562
v 41.905189514160156 -17.57241439819336 -163.4423828125
v 30.452560424804688 -16.784954071044922 -164.13436889648438
v 41.61665344238281 -16.84502410888672 -163.30477905273438
v 30.003047943115234 -16.22796058654785 -163.97552490234375
v 41.50025939941406 -16.356658935546875 -163.27853393554688
v 29.15329933166504 -15.661561965942383 -163.00453186035156
v 29.535818099975586 -15.964889526367188 -163.3843231201172
v 29.06193733215332 -15.206968307495117 -163.458740234375
v 41.37933349609375 -15.655517578125 -163.38584899902344
v 28.89547348022461 -14.726781845092773 -163.4563446044922
v 41.26789474487305 -14.791345596313477 -163.68701171875
v 28.74872589111328 -14.05937671661377 -163.4307861328125
v 41.02802276611328 -13.978946685791016 -163.753662109375
v 28.67333984375 -13.275014877319336 -163.4185791015625
v 40.748260498046875 -13.178110122680664 -163.8721923828125
v 40.100074768066406 -12.636720657348633 -163.0457763671875
v 40.39270782470703 -12.876140594482422 -163.43563842773438
v 28.67019271850586 -12.442123413085938 -163.39932250976562
v 40.03975296020508 -12.10780143737793 -163.45751953125
v 28.710079193115234 -11.619483947753906 -163.31820678710938
v 39.85438537597656 -11.512910842895508 -163.6890411376953
v 28.794883728027344 -10.860883712768555 -163.2299041748047
v 39.52224349975586 -10.8140230178833 -163.80795288085938
v 28.885578155517578 -10.21221923828125 -163.07742309570312
v 39.173912048339844 -10.111940383911133 -164.00051879882812
v 38.50772476196289 -9.480703353881836 -163.29312133789062
v 38.83075714111328 -9.763360023498535 -163.61843872070312
v 28.99692153930664 -9.594118118286133 -162.85800170898438
v 38.313720703125 -8.953105926513672 -164.08856201171875
v 29.41746711730957 -9.274625778198242 -163.47702026367188
v 29.932117462158203 -8.899974822998047 -164.0489959716797
v 30.034208297729492 -8.235681533813477 -163.74240112304688
v 37.905860900878906 -8.50837230682373 -164.00344848632812
v 30.143524169921875 -7.617354393005371 -163.40713500976562
v 37.52093505859375 -8.017265319824219 -164.0113525390625
v 36.848236083984375 -7.288086414337158 -163.5899658203125
v 37.17267608642578 -7.613658905029297 -163.951416015625
v 30.293655395507812 -7.032585144042969 -163.12237548828125
v 36.456321716308594 -6.92293643951416 -164.20814514160156
v 30.5025577545166 -6.470024585723877 -162.89764404296875
v 36.12611389160156 -6.554555892944336 -163.78860473632812
v 31.049776077270508 -6.257295608520508 -163.36788940429688
v 31.726598739624023 -6.069672107696533 -163.88427734375
v 32.33461380004883 -5.721831321716309 -163.99996948242188
v 32.96379852294922 -5.637705326080322 -164.25732421875
v 35.21506881713867 -5.730533599853516 -163.47198486328125
v 35.729957580566406 -6.167483329772949 -163.58978271484375
v 33.204246520996094 -5.108189582824707 -163.69427490234375
v 34.70513916015625 -5.425965785980225 -163.7482452392578
v 33.424232482910156 -4.7249674797058105 -163.13568115234375
v 34.49230194091797 -5.087697505950928 -163.39779663085938
v 33.915306091308594 -4.703521728515625 -163.0718231201172
v 34.294273376464844 -4.8097968101501465 -163.06106567382812
v 39.99137878417969 -29.05652618408203 -162.5452880859375
v 40.5364990234375 -29.133045196533203 -162.61233520507812
v 41.33083724975586 -29.190027236938477 -162.6605987548828
v 42.19474792480469 -29.21251106262207 -162.73135375976562
v 42.984222412109375 -29.18400764465332 -162.8729248046875
v 43.657493591308594 -29.016578674316406 -163.10951232910156
v 39.498592376708984 -29.00316619873047 -162.81451416015625
v 43.8645133972168 -28.447723388671875 -162.84332275390625
v 38.64512634277344 -28.32094383239746 -162.15823364257812
v 39.22340774536133 -28.678787231445312 -162.31658935546875
v 39.79384994506836 -28.863632202148438 -162.180908203125
v 40.3726806640625 -28.857851028442383 -161.9688720703125
v 41.12646484375 -28.84880256652832 -161.93115234375
v 42.02756881713867 -28.73244285583496 -161.9622802734375
v 42.82421875 -28.753555297851562 -162.30392456054688
v 43.37725830078125 -28.765869140625 -162.61199951171875
v 38.08722686767578 -28.117298126220703 -162.95947265625
v 43.95275115966797 -27.80810546875 -162.68597412109375
v 42.80154800415039 -28.152931213378906 -161.78692626953125
v 43.415164947509766 -28.285049438476562 -162.3212890625
v 37.69817352294922 -27.638065338134766 -162.55465698242188
v 44.00446319580078 -27.088319778442383 -162.63592529296875
v 36.93824005126953 -26.676130294799805 -162.0977783203125
v 37.308929443359375 -27.142297744750977 -162.2584228515625
v 43.02649688720703 -27.396976470947266 -161.59182739257812
v 43.492149353027344 -27.623558044433594 -162.1220703125
v 36.57550811767578 -26.362346649169922 -162.8546142578125
v 44.02806854248047 -26.317489624023438 -162.67250061035156
v 43.11666488647461 -26.642108917236328 -161.53060913085938
v 43.573974609375 -26.87647247314453 -162.06271362304688
v 36.331153869628906 -25.842559814453125 -162.63775634765625
v 44.027137756347656 -25.514911651611328 -162.76016235351562
v 43.15366744995117 -25.847126007080078 -161.52438354492188
v 43.61000061035156 -26.09035873413086 -162.0854949951172
v 36.093257904052734 -25.26845932006836 -162.4604034423828
v 44.01323699951172 -24.685562133789062 -162.8716278076172
v 43.164730072021484 -25.026214599609375 -161.52740478515625
v 43.616058349609375 -25.276994705200195 -162.14022827148438
v 35.879180908203125 -24.699556350708008 -162.2437744140625
v 43.97425842285156 -23.864089965820312 -162.94537353515625
v 35.32724380493164 -23.573875427246094 -162.18963623046875
v 35.62824630737305 -24.134552001953125 -162.17857360839844
v 43.16947555541992 -24.197853088378906 -161.52560424804688
v 43.605186462402344 -24.45639419555664 -162.1905517578125
v 34.933067321777344 -23.278104782104492 -163.06546020507812
v 43.91081237792969 -23.089170455932617 -162.9840850830078
v 43.20256805419922 -23.417449951171875 -161.573974609375
v 43.58646774291992 -23.660696029663086 -162.23080444335938
v 34.605743408203125 -22.613859176635742 -162.6384735107422
v 43.83003616333008 -22.35944366455078 -163.04397583007812
v 33.899330139160156 -21.68062973022461 -162.76771545410156
v 34.18335723876953 -22.05563735961914 -162.72442626953125
v 43.21010208129883 -22.721660614013672 -161.64512634277344
v 43.555686950683594 -22.916805267333984 -162.27951049804688
v 33.59904479980469 -21.420692443847656 -163.26052856445312
v 43.7113037109375 -21.689437866210938 -163.1060791015625
v 33.76839065551758 -21.331119537353516 -162.33700561523438
v 34.11381149291992 -21.685230255126953 -161.982421875
v 43.15140151977539 -22.060955047607422 -161.73187255859375
v 43.493316650390625 -22.229814529418945 -162.34786987304688
v 33.365394592285156 -20.92437744140625 -162.81649780273438
v 43.56815719604492 -21.20882225036621 -163.10214233398438
v 43.036415100097656 -20.825016021728516 -162.32846069335938
v 43.314002990722656 -21.041690826416016 -162.6922607421875
v 33.64784622192383 -20.966266632080078 -161.81277465820312
v 33.977149963378906 -21.281326293945312 -161.4031982421875
v 43.075538635253906 -21.399890899658203 -161.9451904296875
v 43.40102767944336 -21.608375549316406 -162.4573516845703
v 33.03725814819336 -20.456005096435547 -162.850341796875
v 42.84014892578125 -20.182132720947266 -162.59539794921875
v 32.87334442138672 -20.056819915771484 -162.41928100585938
v 42.49696731567383 -19.417404174804688 -162.70968627929688
v 32.25550842285156 -19.075191497802734 -161.99923706054688
v 32.600711822509766 -19.579124450683594 -162.17605590820312
v 31.83894157409668 -18.66867446899414 -163.01979064941406
v 42.16344451904297 -18.690776824951172 -162.79678344726562
v 41.71016311645508 -18.821584701538086 -161.4588165283203
v 41.928672790527344 -18.94516944885254 -161.91909790039062
v 31.464242935180664 -18.17818832397461 -162.69081115722656
v 41.96698760986328 -18.096982955932617 -163.03631591796875
v 30.603361129760742 -17.37735366821289 -162.10223388671875
v 31.05819320678711 -17.763423919677734 -162.38121032714844
v 41.53828430175781 -17.70409393310547 -162.22190856933594
v 41.736366271972656 -17.905414581298828 -162.6459503173828
v 41.597129821777344 -18.252490997314453 -161.786376953125
v 41.83969497680664 -18.45147705078125 -162.28622436523438
v 30.273269653320312 -16.88592529296875 -163.03097534179688
v 41.421295166015625 -17.091201782226562 -162.39105224609375
v 29.80158233642578 -16.505563735961914 -162.72998046875
v 41.23580551147461 -16.350162506103516 -162.36026000976562
v 28.93283462524414 -15.796268463134766 -162.03109741210938
v 29.349803924560547 -16.172969818115234 -162.37754821777344
v 28.831052780151367 -15.249359130859375 -162.75596618652344
v 41.068363189697266 -15.563392639160156 -162.47703552246094
v 28.57744598388672 -14.670801162719727 -162.66036987304688
v 40.87653350830078 -14.757537841796875 -162.66537475585938
v 28.3658504486084 -13.939785957336426 -162.54493713378906
v 40.62111282348633 -14.001250267028809 -162.78277587890625
v 28.09360122680664 -14.187908172607422 -161.73480224609375
v 40.159942626953125 -14.096986770629883 -161.54110717773438
v 40.389060974121094 -14.231729507446289 -161.95816040039062
v 28.33266258239746 -13.049030303955078 -162.6466064453125
v 40.45040512084961 -13.402044296264648 -163.02279663085938
v 39.93890380859375 -12.983202934265137 -162.30349731445312
v 40.197540283203125 -13.199531555175781 -162.67166137695312
v 28.054309844970703 -13.590633392333984 -161.84547424316406
v 40.01796340942383 -13.537979125976562 -161.861572265625
v 40.30451965332031 -13.746749877929688 -162.31483459472656
v 28.343820571899414 -12.203227996826172 -162.60723876953125
v 39.75174331665039 -12.334513664245605 -162.56317138671875
v 28.028011322021484 -12.799739837646484 -161.85386657714844
v 28.393030166625977 -11.31899356842041 -162.44732666015625
v 39.431549072265625 -11.558521270751953 -162.67066955566406
v 28.046344757080078 -11.977540969848633 -161.76815795898438
v 28.58419418334961 -10.612344741821289 -162.59274291992188
v 39.12022018432617 -10.831367492675781 -162.77511596679688
v 38.63589859008789 -10.913860321044922 -161.47137451171875
v 38.88127899169922 -11.050271987915039 -161.89437866210938
v 28.635478973388672 -10.027730941772461 -162.2875213623047
v 38.929222106933594 -10.244154930114746 -163.06304931640625
v 38.380550384521484 -9.798871994018555 -162.381591796875
v 38.668704986572266 -10.018407821655273 -162.728271484375
v 38.49127197265625 -10.347628593444824 -161.8388671875
v 38.79625701904297 -10.559427261352539 -162.27862548828125
v 28.75716781616211 -9.239446640014648 -161.923095703125
v 38.08555603027344 -9.1933012008667 -162.75729370117188
v 29.173206329345703 -8.96242904663086 -162.71945190429688
v 29.577613830566406 -8.647489547729492 -163.28872680664062
v 29.68764305114746 -8.044624328613281 -162.9814910888672
v 37.633060455322266 -8.49146842956543 -162.7947235107422
v 29.045391082763672 -8.536445617675781 -162.0337677001953
v 29.348087310791016 -8.432519912719727 -162.64544677734375
v 37.216949462890625 -8.35975456237793 -161.42105102539062
v 37.4436149597168 -8.60348892211914 -161.771240234375
v 29.79486083984375 -7.363569736480713 -162.57835388183594
v 37.37492370605469 -7.949233055114746 -163.22586059570312
v 36.88731384277344 -7.455456256866455 -162.57492065429688
v 37.13035583496094 -7.679092884063721 -162.95947265625
v 28.994417190551758 -8.063661575317383 -161.516845703125
v 29.33969497680664 -7.914865016937256 -162.15675354003906
v 37.0671501159668 -7.867991924285889 -161.97425842285156
v 37.32442855834961 -8.127927780151367 -162.3597412109375
v 30.07471466064453 -6.760776042938232 -162.537841796875
v 36.53645324707031 -7.009696960449219 -162.83340454101562
v 30.17725944519043 -6.133008003234863 -162.16525268554688
v 36.12077331542969 -6.497454643249512 -162.60653686523438
v 30.807161331176758 -5.870175361633301 -162.68798828125
v 31.43777847290039 -5.673706531524658 -163.13809204101562
v 32.054542541503906 -5.48478364944458 -163.47760009765625
v 32.63401794433594 -5.3015947341918945 -163.66824340820312
v 35.37860107421875 -5.5533647537231445 -162.16860961914062
v 35.73052978515625 -6.020772457122803 -162.43820190429688
v 32.876373291015625 -4.870593547821045 -163.18316650390625
v 34.94019317626953 -5.253958702087402 -162.9192352294922
v 30.570077896118164 -5.422663688659668 -162.04501342773438
v 31.203819274902344 -5.2580952644348145 -162.46624755859375
v 31.863285064697266 -5.120944976806641 -162.84817504882812
v 32.377098083496094 -5.067431926727295 -163.17218017578125
v 33.12458801269531 -4.509842395782471 -162.65499877929688
v 34.65380859375 -4.869139194488525 -162.53463745117188
v 33.70282745361328 -4.36633825302124 -162.33673095703125
v 34.27166748046875 -4.5626044273376465 -162.34951782226562
v 30.400489807128906 -4.998302459716797 -161.56863403320312
v 30.944229125976562 -4.813504219055176 -161.82769775390625
v 31.683778762817383 -4.67371940612793 -162.17063903808594
v 32.46986770629883 -4.617464542388916 -162.54702758789062
v 38.72349166870117 -28.068960189819336 -161.40545654296875
v 39.22877502441406 -28.27705192565918 -161.45614624023438
v 39.981101989746094 -28.4909725189209 -161.51641845703125
v 40.860008239746094 -28.49031639099121 -161.3824462890625
v 41.60792922973633 -28.44715118408203 -161.3996124267578
v 42.18883514404297 -28.273666381835938 -161.4354705810547
v 38.242530822753906 -27.914501190185547 -161.83956909179688
v 42.44134521484375 -27.80264663696289 -161.2645263671875
v 38.54305648803711 -27.720664978027344 -161.0283203125
v 39.118553161621094 -27.86712646484375 -160.86566162109375
v 39.832401275634766 -27.952838897705078 -160.84988403320312
v 40.64714813232422 -28.00651741027832 -160.89566040039062
v 41.40436553955078 -28.049039840698242 -160.99227905273438
v 41.94469451904297 -28.06814956665039 -161.1304931640625
v 37.974761962890625 -27.330886840820312 -161.26541137695312
v 42.552947998046875 -27.15069007873535 -161.12490844726562
v 37.01288604736328 -26.45440101623535 -161.37374877929688
v 37.3713493347168 -26.814401626586914 -161.32763671875
v 38.470123291015625 -27.411663055419922 -160.71047973632812
v 38.917205810546875 -27.445995330810547 -160.49395751953125
v 39.609073638916016 -27.466428756713867 -160.38185119628906
v 40.47842025756836 -27.364826202392578 -160.39108276367188
v 41.30816650390625 -27.471912384033203 -160.64430236816406
v 41.963863372802734 -27.60629653930664 -160.9166717529297
v 36.68291473388672 -26.195192337036133 -161.88922119140625
v 42.61097717285156 -26.39918327331543 -161.04122924804688
v 36.90342712402344 -26.029455184936523 -161.0572052001953
v 37.323020935058594 -26.348709106445312 -160.7416534423828
v 41.271759033203125 -26.71021270751953 -160.31109619140625
v 41.98372268676758 -26.933490753173828 -160.72146606445312
v 36.50028610229492 -25.576900482177734 -161.54273986816406
v 42.646934509277344 -25.593780517578125 -160.98495483398438
v 36.84470748901367 -25.558292388916016 -160.70533752441406
v 37.22426986694336 -25.83160400390625 -160.37213134765625
v 41.484928131103516 -25.883007049560547 -160.15682983398438
v 42.041683197021484 -26.153135299682617 -160.58135986328125
v 36.21036911010742 -24.989831924438477 -161.60189819335938
v 42.65446472167969 -24.75689697265625 -160.91217041015625
v 41.53425598144531 -25.165725708007812 -160.0018310546875
v 42.09215545654297 -25.346385955810547 -160.4619598388672
v 36.06798553466797 -24.35692596435547 -161.20144653320312
v 42.66931915283203 -23.851383209228516 -160.82847595214844
v 35.40315628051758 -23.29908561706543 -161.41146850585938
v 35.682891845703125 -23.72491455078125 -161.32839965820312
v 41.460205078125 -24.649917602539062 -159.80133056640625
v 42.02602005004883 -24.514854431152344 -160.2442626953125
v 35.0764274597168 -23.03594398498535 -161.93484497070312
v 42.894386291503906 -23.136783599853516 -161.07638549804688
v 35.297630310058594 -22.91339683532715 -160.9746551513672
v 35.657142639160156 -23.273908615112305 -160.65249633789062
v 34.91604232788086 -22.543203353881836 -161.34487915039062
v 42.83671569824219 -22.544597625732422 -161.04296875
v 35.202049255371094 -22.544240951538086 -160.4339599609375
v 35.563255310058594 -22.842334747314453 -160.0737762451172
v 34.49947738647461 -22.103607177734375 -161.6807861328125
v 42.7739143371582 -21.836734771728516 -161.15634155273438
v 34.35151672363281 -21.650959014892578 -160.99154663085938
v 42.67988204956055 -21.005117416381836 -161.49681091308594
v 33.79237747192383 -20.834041595458984 -160.73593139648438
v 34.16511917114258 -21.263813018798828 -160.54736328125
v 33.31127166748047 -20.480621337890625 -161.77284240722656
v 42.3492431640625 -20.19432830810547 -161.52096557617188
v 41.79844665527344 -20.33258628845215 -160.1104736328125
v 42.05830001831055 -20.456958770751953 -160.59649658203125
v 32.998775482177734 -19.91109848022461 -161.33090209960938
v 42.123748779296875 -19.41918182373047 -161.83914184570312
v 32.279991149902344 -18.95323944091797 -160.77587890625
v 32.66107940673828 -19.413244247436523 -161.04067993164062
v 41.61858367919922 -19.217348098754883 -160.72837829589844
v 41.83950424194336 -19.346189498901367 -161.1974334716797
v 41.68937301635742 -19.751155853271484 -160.36669921875
v 41.97929000854492 -19.91927719116211 -160.919921875
v 31.872272491455078 -18.592178344726562 -161.73663330078125
v 41.47348403930664 -18.71761131286621 -160.82827758789062
v 31.453014373779297 -18.1699161529541 -161.45098876953125
v 41.34092330932617 -17.913604736328125 -161.22268676757812
v 30.46398162841797 -17.44109344482422 -160.8623504638672
v 30.98769187927246 -17.79421615600586 -161.16610717773438
v 30.101919174194336 -17.004024505615234 -161.83547973632812
v 41.140865325927734 -17.106998443603516 -161.25633239746094
v 29.609012603759766 -16.64812469482422 -161.6204071044922
v 40.94858169555664 -16.323244094848633 -161.30557250976562
v 28.707408905029297 -15.937196731567383 -160.83030700683594
v 29.165363311767578 -16.313945770263672 -161.3367462158203
v 28.522729873657227 -15.285301208496094 -161.73385620117188
v 40.722869873046875 -15.50244140625 -161.4081573486328
v 28.353286743164062 -15.489017486572266 -160.78945922851562
v 40.291500091552734 -15.47044563293457 -160.07830810546875
v 40.50617218017578 -15.69110107421875 -160.4480743408203
v 28.267024993896484 -14.637601852416992 -161.8525390625
v 40.558074951171875 -14.70804214477539 -161.84140014648438
v 28.035259246826172 -14.566993713378906 -161.23074340820312
v 40.07253646850586 -14.464008331298828 -160.8465576171875
v 40.299320220947266 -14.599645614624023 -161.27029418945312
v 28.174495697021484 -15.032899856567383 -161.06021118164062
v 40.1707878112793 -14.939796447753906 -160.47096252441406
v 40.42987823486328 -15.152120590209961 -160.9233856201172
v 27.880477905273438 -14.099157333374023 -161.06707763671875
v 39.87481689453125 -13.992500305175781 -160.94741821289062
v 27.77099609375 -13.374053955078125 -161.04476928710938
v 39.644287109375 -13.195562362670898 -161.34475708007812
v 27.737449645996094 -12.546003341674805 -161.02328491210938
v 39.27137756347656 -12.342214584350586 -161.42193603515625
v 38.70017623901367 -12.348592758178711 -160.09432983398438
v 38.96410369873047 -12.561917304992676 -160.46951293945312
v 27.769638061523438 -11.648726463317871 -160.88748168945312
v 39.06257247924805 -11.534643173217773 -161.80422973632812
v 28.088356018066406 -11.316097259521484 -161.62234497070312
v 38.51971435546875 -11.299872398376465 -160.78594970703125
v 38.76726531982422 -11.432027816772461 -161.20765686035156
v 38.59710693359375 -11.796438217163086 -160.440185546875
v 38.8931999206543 -12.00364875793457 -160.9032440185547
v 28.29220199584961 -10.639739036560059 -161.77731323242188
v 38.326812744140625 -10.819948196411133 -160.90316772460938
v 27.981735229492188 -10.975467681884766 -161.1235809326172
v 28.371501922607422 -9.8433256149292 -161.3787078857422
v 38.08567428588867 -10.03124713897705 -161.36428833007812
v 28.04010009765625 -10.358428955078125 -160.86692810058594
v 28.41339111328125 -9.120452880859375 -160.90701293945312
v 37.66715621948242 -9.244632720947266 -161.42727661132812
v 37.08882141113281 -8.638631820678711 -160.50051879882812
v 37.331153869628906 -8.908796310424805 -160.8802032470703
v 28.094554901123047 -9.636807441711426 -160.486572265625
v 28.719615936279297 -8.527791976928711 -161.23095703125
v 37.00132369995117 -8.14831256866455 -161.0694580078125
v 28.746868133544922 -7.736730575561523 -160.7603759765625
v 36.7664794921875 -7.620978355407715 -161.43597412109375
v 29.141855239868164 -7.530534267425537 -161.4427947998047
v 29.44774627685547 -7.336544990539551 -161.90640258789062
v 29.687763214111328 -6.764698028564453 -161.91683959960938
v 36.401771545410156 -7.0214152336120605 -161.41827392578125
v 29.025602340698242 -7.005369663238525 -160.90866088867188
v 29.32572364807129 -7.041573524475098 -161.4708709716797
v 29.720449447631836 -6.138730049133301 -161.5613555908203
v 36.06190490722656 -6.468594074249268 -161.32492065429688
v 35.444786071777344 -5.492258071899414 -160.9056396484375
v 35.74082946777344 -5.960547924041748 -161.16928100585938
v 29.006694793701172 -6.259560585021973 -160.54812622070312
v 29.3612003326416 -6.508076190948486 -161.22943115234375
v 29.99267578125 -5.4706573486328125 -161.49380493164062
v 35.073707580566406 -5.103731155395508 -161.78062438964844
v 29.071044921875 -5.4618239402771 -160.34561157226562
v 29.45270538330078 -5.789220333099365 -161.00003051757812
v 30.109882354736328 -4.928851127624512 -161.26162719726562
v 34.73231887817383 -4.630172252655029 -161.306640625
v 30.48715591430664 -4.385626316070557 -161.11270141601562
v 31.420087814331055 -4.197204113006592 -161.468505859375
v 32.25395584106445 -4.1135430335998535 -161.71905517578125
v 33.10482406616211 -4.09092903137207 -161.8651580810547
v 33.75029754638672 -3.9851903915405273 -161.49330139160156
v 34.21747589111328 -4.216420650482178 -161.42764282226562
v 29.080581665039062 -4.837608337402344 -160.12005615234375
v 29.647754669189453 -4.891002178192139 -160.76702880859375
v 30.484508514404297 -3.6487698554992676 -160.45245361328125
v 31.201553344726562 -3.6846160888671875 -160.77365112304688
v 32.02345275878906 -3.6370038986206055 -160.97317504882812
v 32.82318115234375 -3.6208510398864746 -161.05487060546875
v 33.52813720703125 -3.6499977111816406 -160.941162109375
v 34.0977668762207 -3.804314136505127 -160.64877319335938
v 30.475975036621094 -3.238844871520996 -159.91473388671875
v 31.06245994567871 -3.217494487762451 -160.06533813476562
v 31.835269927978516 -3.205573558807373 -160.21957397460938
v 32.62336349487305 -3.2111167907714844 -160.28778076171875
v 33.338714599609375 -3.2687783241271973 -160.24009704589844
v 33.924007415771484 -3.408515453338623 -160.04367065429688
v 38.562583923339844 -26.969921112060547 -160.33352661132812
v 39.337158203125 -26.989566802978516 -160.07168579101562
v 40.03703689575195 -26.961315155029297 -160.03021240234375
v 40.610862731933594 -26.784456253051758 -160.05523681640625
v 37.866519927978516 -26.67009735107422 -160.55152893066406
v 40.859317779541016 -26.270652770996094 -159.94224548339844
v 38.39971923828125 -26.260530471801758 -159.90577697753906
v 39.13493347167969 -26.416419982910156 -159.79672241210938
v 39.828826904296875 -26.490079879760742 -159.78134155273438
v 40.35050964355469 -26.524639129638672 -159.85450744628906
v 37.739707946777344 -26.06147575378418 -160.10028076171875
v 40.96438980102539 -25.623584747314453 -159.7991180419922
v 37.12813949584961 -25.264060974121094 -160.08648681640625
v 37.56875991821289 -25.548065185546875 -159.84835815429688
v 38.2094612121582 -25.525592803955078 -159.51779174804688
v 39.00279998779297 -25.747764587402344 -159.47909545898438
v 39.737342834472656 -25.89352035522461 -159.54495239257812
v 40.36786651611328 -26.04029083251953 -159.7002410888672
v 36.591983795166016 -24.957883834838867 -160.682861328125
v 41.021419525146484 -24.983489990234375 -159.63241577148438
v 37.02025604248047 -24.63015365600586 -159.7557373046875
v 37.66167068481445 -24.945438385009766 -159.410888671875
v 38.312721252441406 -24.903154373168945 -159.08572387695312
v 38.90445327758789 -25.08437728881836 -159.1242218017578
v 39.67852783203125 -25.207138061523438 -159.25753784179688
v 40.39361572265625 -25.384212493896484 -159.49993896484375
v 36.51323318481445 -24.225770950317383 -160.10958862304688
v 41.13435745239258 -24.55183219909668 -159.5570068359375
v 41.45452880859375 -24.04799461364746 -159.61997985839844
v 42.12672805786133 -23.792194366455078 -160.17535400390625
v 36.91468048095703 -24.08544921875 -159.38621520996094
v 37.43853759765625 -24.26590919494629 -159.052001953125
v 38.0955696105957 -24.406587600708008 -158.8066864013672
v 38.76240158081055 -24.511993408203125 -158.7559814453125
v 39.50149917602539 -24.556493759155273 -158.86639404296875
v 40.50686264038086 -24.535633087158203 -159.2174530029297
v 36.06028747558594 -23.724031448364258 -160.392333984375
v 42.43225860595703 -23.132240295410156 -160.42739868164062
v 41.46206283569336 -23.254240036010742 -159.30850219726562
v 41.917564392089844 -23.4107608795166 -159.84310913085938
v 35.986114501953125 -23.202049255371094 -159.76097106933594
v 42.41967010498047 -22.35274314880371 -160.4169921875
v 35.42726135253906 -22.40161895751953 -159.35935974121094
v 35.86504364013672 -22.804487228393555 -159.25582885742188
v 41.5217170715332 -22.562170028686523 -159.15133666992188
v 41.98222351074219 -22.812759399414062 -159.7906494140625
v 34.836673736572266 -22.083293914794922 -160.40069580078125
v 42.3619499206543 -21.627593994140625 -160.51483154296875
v 41.58718490600586 -21.887409210205078 -159.14822387695312
v 41.99394989013672 -22.12642478942871 -159.77386474609375
v 34.51177978515625 -21.54487419128418 -159.90821838378906
v 42.23051071166992 -20.942258834838867 -160.62088012695312
v 33.80580139160156 -20.605754852294922 -159.47105407714844
v 34.175086975097656 -21.082962036132812 -159.66026306152344
v 41.62893295288086 -20.73153305053711 -159.48406982421875
v 41.89524841308594 -20.8719482421875 -159.95074462890625
v 41.6213264465332 -21.256649017333984 -159.26708984375
v 41.96476745605469 -21.46162986755371 -159.8406982421875
v 33.411834716796875 -20.264875411987305 -160.44532775878906
v 41.49689483642578 -20.227313995361328 -159.52301025390625
v 33.05339813232422 -19.757366180419922 -160.13198852539062
v 41.38645935058594 -19.441736221313477 -159.84413146972656
v 32.2392692565918 -18.891155242919922 -159.55783081054688
v 32.66916275024414 -19.302104949951172 -159.84169006347656
v 31.854366302490234 -18.536304473876953 -160.503662109375
v 41.204429626464844 -18.649112701416016 -159.962158203125
v 31.387161254882812 -18.164670944213867 -160.239990234375
v 41.04597473144531 -17.864381790161133 -160.09625244140625
v 30.297874450683594 -17.522573471069336 -159.50762939453125
v 30.87999725341797 -17.83353042602539 -159.95196533203125
v 29.869937896728516 -17.07107925415039 -160.57498168945312
v 40.86668395996094 -17.09347915649414 -160.1465606689453
v 29.43952178955078 -17.061079025268555 -158.93023681640625
v 29.780555725097656 -17.204320907592773 -159.4744873046875
v 29.4191837310791 -16.700410842895508 -160.7579803466797
v 40.651344299316406 -16.32115936279297 -160.17031860351562
v 28.355144500732422 -15.749895095825195 -159.9335479736328
v 28.70557403564453 -16.260814666748047 -159.58880615234375
v 29.06932830810547 -16.48825454711914 -160.29495239257812
v 40.14146423339844 -15.766775131225586 -159.2534637451172
v 40.39573669433594 -16.011667251586914 -159.66250610351562
v 29.079174041748047 -16.707061767578125 -159.2918701171875
v 29.433273315429688 -16.887033462524414 -159.89627075195312
v 28.134775161743164 -15.303587913513184 -160.3162841796875
v 40.05496597290039 -15.264808654785156 -159.71249389648438
v 27.897071838378906 -14.753985404968262 -160.328857421875
v 39.84670639038086 -14.685964584350586 -159.971923828125
v 27.582263946533203 -13.993036270141602 -160.06759643554688
v 39.50831985473633 -13.964581489562988 -160.079833984375
v 27.083301544189453 -13.878524780273438 -158.68655395507812
v 27.339862823486328 -14.142584800720215 -159.1346435546875
v 27.468944549560547 -13.11943531036377 -160.24192810058594
v 39.16366195678711 -13.199615478515625 -160.20108032226562
v 38.51129913330078 -12.666929244995117 -159.30636596679688
v 38.80400848388672 -12.90475082397461 -159.71878051757812
v 26.95848846435547 -13.314461708068848 -158.86627197265625
v 27.245378494262695 -13.56801986694336 -159.44918823242188
v 27.42743492126465 -12.29454231262207 -160.1856689453125
v 38.44337463378906 -12.145686149597168 -159.72210693359375
v 26.83803939819336 -12.683534622192383 -158.82403564453125
v 27.154016494750977 -12.851131439208984 -159.514892578125
v 27.418540954589844 -11.499654769897461 -159.96304321289062
v 38.2587890625 -11.545038223266602 -159.9510955810547
v 26.7301082611084 -12.109851837158203 -158.670654296875
v 27.073646545410156 -12.051141738891602 -159.35260009765625
v 27.725648880004883 -10.894834518432617 -160.4041290283203
v 37.94353103637695 -10.81078052520752 -160.0727081298828
v 27.74949073791504 -10.140275955200195 -160.01937866210938
v 37.65406799316406 -10.081934928894043 -160.25070190429688
v 27.785419464111328 -9.309350967407227 -159.62353515625
v 37.38811111450195 -9.518742561340332 -160.232421875
v 28.144432067871094 -9.028458595275879 -160.18084716796875
v 36.97626495361328 -8.95804214477539 -159.66995239257812
v 37.16282653808594 -9.180140495300293 -159.98516845703125
v 37.01353073120117 -9.46044921875 -159.178466796875
v 37.19062805175781 -9.64704704284668 -159.51495361328125
v 28.35855484008789 -8.398246765136719 -160.29376220703125
v 36.82727813720703 -8.366596221923828 -160.030517578125
v 27.997421264648438 -8.658063888549805 -159.67892456054688
v 28.37917709350586 -7.6595306396484375 -159.96421813964844
v 36.54563522338867 -7.6831817626953125 -160.0970458984375
v 28.026247024536133 -8.00778865814209 -159.45498657226562
v 28.583431243896484 -6.894409656524658 -160.0609130859375
v 36.26320266723633 -7.04960823059082 -160.09906005859375
v 28.120399475097656 -7.232511043548584 -159.33428955078125
v 28.57980728149414 -5.878961086273193 -159.73446655273438
v 35.985469818115234 -6.47355318069458 -160.05165100097656
v 35.46950912475586 -5.520462989807129 -159.6483612060547
v 35.719417572021484 -5.965614318847656 -159.92172241210938
v 28.190208435058594 -6.457829475402832 -159.2298126220703
v 28.745365142822266 -5.148422718048096 -159.77203369140625
v 35.17339324951172 -5.054962635040283 -160.52371215820312
v 28.75482940673828 -4.474854469299316 -159.42691040039062
v 34.97197723388672 -4.682981967926025 -160.05389404296875
v 29.301738739013672 -4.285073280334473 -160.07720947265625
v 29.873825073242188 -4.054474830627441 -160.44781494140625
v 29.98499870300293 -3.4932971000671387 -159.986083984375
v 34.619022369384766 -4.192531108856201 -160.1280517578125
v 29.113746643066406 -3.822636604309082 -159.4273681640625
v 29.534507751464844 -3.7662386894226074 -159.91421508789062
v 30.175662994384766 -3.1267642974853516 -159.4561004638672
v 34.38651657104492 -3.6608338356018066 -159.57496643066406
v 30.834627151489258 -2.9015302658081055 -159.21725463867188
v 31.670570373535156 -2.8664231300354004 -159.38262939453125
v 32.462074279785156 -2.880227565765381 -159.45208740234375
v 33.191871643066406 -2.951037883758545 -159.44049072265625
v 33.796546936035156 -3.098130226135254 -159.35287475585938
v 34.203697204589844 -3.307664394378662 -159.2152099609375
v 29.06637191772461 -3.4401774406433105 -158.77464294433594
v 29.59280014038086 -3.3311963081359863 -159.25738525390625
v 37.16979217529297 -23.72406768798828 -158.760498046875
v 37.88530731201172 -23.806726455688477 -158.36822509765625
v 38.60054016113281 -23.993026733398438 -158.3592987060547
v 39.2012825012207 -24.10759925842285 -158.47821044921875
v 39.93656539916992 -23.87114715576172 -158.52615356445312
v 40.80450439453125 -23.67426109313965 -158.93028259277344
v 36.53123474121094 -23.600482940673828 -159.37213134765625
v 40.94936752319336 -22.984540939331055 -158.662109375
v 36.87753677368164 -23.26216697692871 -158.446533203125
v 37.48273849487305 -23.36928939819336 -158.06552124023438
v 39.864253997802734 -23.275638580322266 -157.96755981445312
v 40.39990997314453 -23.326278686523438 -158.380126953125
v 36.318824768066406 -23.048423767089844 -158.8483428955078
v 41.023590087890625 -22.246097564697266 -158.4288787841797
v 35.521507263183594 -22.152053833007812 -158.03912353515625
v 36.09495162963867 -22.599864959716797 -158.23855590820312
v 36.6541633605957 -22.897947311401367 -158.05606079101562
v 37.211917877197266 -22.993873596191406 -157.6649169921875
v 39.81537628173828 -22.90536117553711 -157.56614685058594
v 40.36102294921875 -22.78506851196289 -157.95870971679688
v 34.975887298583984 -21.87495231628418 -159.04742431640625
v 41.28479766845703 -21.59518051147461 -158.66864013671875
v 34.573055267333984 -21.40587615966797 -158.7458038330078
v 41.278194427490234 -20.918010711669922 -158.75628662109375
v 33.78984832763672 -20.507240295410156 -158.23837280273438
v 34.18345642089844 -20.956443786621094 -158.491943359375
v 33.42816925048828 -20.120990753173828 -159.20249938964844
v 41.15123748779297 -20.137035369873047 -158.77151489257812
v 33.034515380859375 -19.670331954956055 -158.91909790039062
v 41.04130172729492 -19.355249404907227 -158.885498046875
v 32.11555480957031 -18.891799926757812 -158.32626342773438
v 32.603981018066406 -19.262908935546875 -158.63243103027344
v 31.759334564208984 -18.516170501708984 -159.291259765625
v 40.91773223876953 -18.58108139038086 -158.99131774902344
v 31.264543533325195 -18.1793212890625 -159.09976196289062
v 40.778587341308594 -17.83187484741211 -159.06585693359375
v 29.39772605895996 -17.175758361816406 -157.97528076171875
v 29.881954193115234 -17.43243980407715 -158.43289184570312
v 30.38334846496582 -17.73950958251953 -158.3953094482422
v 30.788040161132812 -17.910171508789062 -158.84109497070312
v 29.127073287963867 -16.890727996826172 -158.4801025390625
v 40.59333801269531 -17.112659454345703 -159.0361785888672
v 40.19506072998047 -17.219520568847656 -157.6799774169922
v 40.41049575805664 -17.353487014770508 -158.14007568359375
v 28.79204750061035 -16.55510711669922 -158.5224151611328
v 40.46263885498047 -16.519630432128906 -159.22274780273438
v 28.345584869384766 -16.000926971435547 -158.61529541015625
v 40.00165557861328 -16.09044075012207 -158.47381591796875
v 40.25232696533203 -16.310523986816406 -158.83590698242188
v 40.077091217041016 -16.63951873779297 -158.00270080566406
v 40.34898376464844 -16.855026245117188 -158.46817016601562
v 28.020740509033203 -15.358996391296387 -159.40414428710938
v 39.788795471191406 -15.464115142822266 -158.78753662109375
v 27.62455940246582 -14.750682830810547 -159.02870178222656
v 39.43471908569336 -14.708625793457031 -158.93643188476562
v 26.949739456176758 -14.074480056762695 -157.8832244873047
v 27.259994506835938 -14.420259475708008 -158.30718994140625
v 26.850677490234375 -13.637065887451172 -158.29104614257812
v 39.090370178222656 -13.995361328125 -159.0491485595703
v 38.604881286621094 -14.09914493560791 -157.7447509765625
v 38.85076141357422 -14.226329803466797 -158.18084716796875
v 26.682449340820312 -13.171493530273438 -158.23223876953125
v 38.88199234008789 -13.41702938079834 -159.2938232421875
v 38.3585205078125 -13.005542755126953 -158.54129028320312
v 38.62178421020508 -13.219094276428223 -158.92108154296875
v 38.449405670166016 -13.551055908203125 -158.0799560546875
v 38.7467155456543 -13.753724098205566 -158.55056762695312
v 26.50988006591797 -12.540590286254883 -158.13397216796875
v 38.15875244140625 -12.363851547241211 -158.81607055664062
v 26.428340911865234 -11.72584342956543 -158.0992431640625
v 37.8249397277832 -11.582338333129883 -158.94381713867188
v 26.846599578857422 -11.528146743774414 -158.83175659179688
v 27.14769744873047 -11.358869552612305 -159.34532165527344
v 27.367448806762695 -10.7377290725708 -159.54129028320312
v 37.51072692871094 -10.82664680480957 -159.06231689453125
v 26.692272186279297 -10.949277877807617 -158.44573974609375
v 27.02286148071289 -10.988056182861328 -159.00112915039062
v 37.035011291503906 -10.961400985717773 -157.71450805664062
v 37.250423431396484 -11.083662033081055 -158.17593383789062
v 27.411460876464844 -9.913468360900879 -159.24156188964844
v 37.32938766479492 -10.101985931396484 -159.39598083496094
v 36.90299987792969 -9.816228866577148 -158.42388916015625
v 37.08600997924805 -9.994184494018555 -158.83209228515625
v 26.632261276245117 -10.208023071289062 -158.17626953125
v 27.037025451660156 -10.401094436645508 -158.8268280029297
v 36.94615173339844 -10.379993438720703 -157.99896240234375
v 37.182594299316406 -10.559749603271484 -158.52688598632812
v 27.396488189697266 -9.266829490661621 -158.93211364746094
v 36.79118347167969 -9.186803817749023 -158.70892333984375
v 26.635456085205078 -9.435224533081055 -157.95921325683594
v 27.043079376220703 -9.679281234741211 -158.57376098632812
v 27.582073211669922 -8.54452896118164 -158.942138671875
v 36.576080322265625 -8.43801498413086 -158.77804565429688
v 26.642274856567383 -8.719242095947266 -157.73727416992188
v 27.07233428955078 -8.945441246032715 -158.35418701171875
v 27.61590576171875 -7.5522541999816895 -158.62808227539062
v 36.35160827636719 -7.731223106384277 -158.82015991210938
v 26.589059829711914 -8.201253890991211 -157.4891357421875
v 27.050899505615234 -8.127248764038086 -158.040283203125
v 27.842998504638672 -6.822764873504639 -158.74163818359375
v 36.11709976196289 -7.071971893310547 -158.84075927734375
v 27.800106048583984 -6.123220920562744 -158.4766387939453
v 35.89019775390625 -6.487739086151123 -158.87530517578125
v 28.16901206970215 -5.8116912841796875 -159.0271759033203
v 35.46662139892578 -5.645120143890381 -158.42105102539062
v 35.677001953125 -6.02262020111084 -158.7763214111328
v 28.323246002197266 -5.150926113128662 -159.06265258789062
v 35.237239837646484 -5.104613304138184 -159.2322540283203
v 27.951122283935547 -5.488491058349609 -158.55166625976562
v 28.24924087524414 -4.4059038162231445 -158.46878051757812
v 34.99298095703125 -4.612874984741211 -158.91769409179688
v 27.901506423950195 -4.957056045532227 -158.21591186523438
v 28.663612365722656 -3.838515281677246 -158.67892456054688
v 34.74848175048828 -4.042398929595947 -158.7036895751953
v 28.783273696899414 -3.345823287963867 -157.9499053955078
v 34.51421356201172 -3.530740737915039 -158.48345947265625
v 29.387187957763672 -3.0739307403564453 -158.1922149658203
v 30.16972541809082 -2.879667282104492 -158.50608825683594
v 30.904937744140625 -2.667403221130371 -158.25778198242188
v 31.547473907470703 -2.6425838470458984 -158.43890380859375
v 32.31904602050781 -2.653682231903076 -158.51402282714844
v 33.062767028808594 -2.727067470550537 -158.5205841064453
v 33.70444869995117 -2.884507179260254 -158.47882080078125
v 34.19160842895508 -3.145742416381836 -158.4239959716797
v 38.49766159057617 -23.52914810180664 -157.89993286132812
v 39.203189849853516 -23.59490394592285 -158.01953125
v 38.01166915893555 -23.3851318359375 -157.82107543945312
v 39.3961181640625 -23.118555068969727 -157.54966735839844
v 38.41447830200195 -23.15269660949707 -157.4431610107422
v 38.90533447265625 -23.24439239501953 -157.56497192382812
v 37.83066177368164 -23.083759307861328 -157.464599609375
v 39.53034973144531 -22.83230972290039 -157.31651306152344
v 35.54451370239258 -22.005474090576172 -156.79954528808594
v 36.12907028198242 -22.321474075317383 -157.00660705566406
v 36.84360885620117 -22.623872756958008 -157.13970947265625
v 37.660552978515625 -22.748279571533203 -156.9361572265625
v 39.85540771484375 -22.44784927368164 -157.2332000732422
v 40.49689865112305 -22.212337493896484 -157.73704528808594
v 38.255165100097656 -22.856224060058594 -157.02008056640625
v 39.00580596923828 -22.801029205322266 -157.08026123046875
v 35.02936553955078 -21.735322952270508 -157.78713989257812
v 40.827728271484375 -21.589542388916016 -157.9602813720703
v 39.91796875 -21.79916000366211 -156.7535400390625
v 40.32306671142578 -21.898578643798828 -157.3302001953125
v 34.58671569824219 -21.32706642150879 -157.52423095703125
v 40.83950424194336 -20.789003372192383 -157.91470336914062
v 33.7336540222168 -20.499229431152344 -156.99124145507812
v 34.164119720458984 -20.914793014526367 -157.25936889648438
v 40.031646728515625 -21.160232543945312 -156.51065063476562
v 40.42048645019531 -21.333467483520508 -157.21575927734375
v 33.38074493408203 -20.069229125976562 -157.97348022460938
v 40.79663848876953 -20.02154541015625 -157.93067932128906
v 40.10322189331055 -20.463037490844727 -156.40396118164062
v 40.46220779418945 -20.628297805786133 -157.13478088378906
v 32.94613265991211 -19.66143798828125 -157.71701049804688
v 40.72964096069336 -19.254505157470703 -158.0018310546875
v 31.924938201904297 -18.972789764404297 -157.00527954101562
v 32.47616195678711 -19.29897117614746 -157.43568420410156
v 40.12489318847656 -19.721221923828125 -156.40853881835938
v 40.46030044555664 -19.883609771728516 -157.13458251953125
v 31.549978256225586 -18.51949691772461 -158.0499267578125
v 40.64113998413086 -18.507587432861328 -158.0921630859375
v 31.069778442382812 -18.51515769958496 -156.48361206054688
v 31.43930435180664 -18.640697479248047 -156.98458862304688
v 40.10679626464844 -18.961572647094727 -156.51023864746094
v 40.42451477050781 -19.129026412963867 -157.20462036132812
v 31.102489471435547 -18.185985565185547 -158.24874877929688
v 40.53099060058594 -17.82866668701172 -158.16128540039062
v 29.306434631347656 -17.249584197998047 -156.945068359375
v 29.697608947753906 -17.476415634155273 -157.3900604248047
v 30.20148277282715 -17.80818748474121 -157.3411865234375
v 30.721235275268555 -18.02452850341797 -157.8534698486328
v 40.048362731933594 -17.627166748046875 -157.01626586914062
v 40.28940200805664 -17.772029876708984 -157.47586059570312
v 30.689167022705078 -18.190502166748047 -156.89022827148438
v 31.10773468017578 -18.338191986083984 -157.41610717773438
v 40.06660079956055 -18.2222843170166 -156.71051025390625
v 40.36357498168945 -18.404029846191406 -157.32421875
v 29.001283645629883 -16.888225555419922 -157.66497802734375
v 39.88318634033203 -17.1025390625 -157.1190643310547
v 28.59492301940918 -16.48603630065918 -157.478759765625
v 39.687442779541016 -16.288375854492188 -157.53944396972656
v 28.17742919921875 -16.008520126342773 -157.21575927734375
v 27.89478302001953 -15.45553207397461 -158.141357421875
v 39.30397033691406 -15.454936027526855 -157.65304565429688
v 38.74726104736328 -15.450895309448242 -156.29534912109375
v 39.00847625732422 -15.655410766601562 -156.6851043701172
v 27.505229949951172 -14.983928680419922 -157.69744873046875
v 39.06018829345703 -14.684486389160156 -158.07110595703125
v 26.775598526000977 -14.168846130371094 -156.95350646972656
v 27.14071273803711 -14.579498291015625 -157.27618408203125
v 38.51905059814453 -14.462041854858398 -157.03143310546875
v 38.762237548828125 -14.589441299438477 -157.47073364257812
v 38.62364196777344 -14.929008483886719 -156.6612548828125
v 38.91925811767578 -15.127301216125488 -157.1344757080078
v 26.657272338867188 -13.658464431762695 -157.6190185546875
v 38.31407928466797 -13.99940299987793 -157.13436889648438
v 26.367855072021484 -13.107872009277344 -157.46279907226562
v 38.06941604614258 -13.214325904846191 -157.55538940429688
v 26.086830139160156 -12.392926216125488 -157.3487091064453
v 37.67113494873047 -12.373626708984375 -157.66952514648438
v 25.41637420654297 -12.321949005126953 -156.33755493164062
v 25.724315643310547 -12.545156478881836 -156.67636108398438
v 37.12792205810547 -12.388479232788086 -156.32217407226562
v 37.37738037109375 -12.595462799072266 -156.69723510742188
v 26.00662612915039 -11.66495132446289 -157.434814453125
v 37.43724822998047 -11.569869995117188 -158.0870819091797
v 36.94388961791992 -11.359060287475586 -157.02110290527344
v 37.14673614501953 -11.484682083129883 -157.47982788085938
v 25.348711013793945 -11.736642837524414 -156.46304321289062
v 25.699020385742188 -12.000692367553711 -156.902587890625
v 37.016963958740234 -11.850881576538086 -156.6822509765625
v 37.28313446044922 -12.049568176269531 -157.164794921875
v 26.185871124267578 -10.898530960083008 -157.69493103027344
v 36.820579528808594 -10.870742797851562 -157.07962036132812
v 25.297237396240234 -11.03830337524414 -156.4946746826172
v 25.69506072998047 -11.30715560913086 -157.024658203125
v 26.18219757080078 -9.978830337524414 -157.54254150390625
v 36.7105712890625 -10.056364059448242 -157.44766235351562
v 25.28345489501953 -10.261476516723633 -156.46827697753906
v 25.71833038330078 -10.521697998046875 -157.04440307617188
v 26.207469940185547 -9.200155258178711 -157.37728881835938
v 36.529754638671875 -9.240997314453125 -157.51400756835938
v 25.31082534790039 -9.484601020812988 -156.39035034179688
v 25.740550994873047 -9.715509414672852 -156.95217895507812
v 26.255298614501953 -8.528507232666016 -157.21768188476562
v 36.350486755371094 -8.480238914489746 -157.56451416015625
v 25.372051239013672 -8.751880645751953 -156.2762451171875
v 25.798011779785156 -8.948982238769531 -156.82449340820312
v 26.351070404052734 -8.100831985473633 -157.172119140625
v 36.15436553955078 -7.755231857299805 -157.59280395507812
v 26.607465744018555 -7.624220848083496 -157.28790283203125
v 27.14982032775879 -7.405567169189453 -157.90176391601562
v 25.381301879882812 -8.193290710449219 -156.10232543945312
v 25.932811737060547 -8.120489120483398 -156.6912078857422
v 27.419328689575195 -6.770730018615723 -158.06423950195312
v 35.94012451171875 -7.043755054473877 -157.63385009765625
v 26.614974975585938 -6.8459272384643555 -156.96063232421875
v 26.98094940185547 -7.0069193840026855 -157.5188446044922
v 35.65192413330078 -6.9146037101745605 -156.2877655029297
v 35.816741943359375 -7.162928581237793 -156.64459228515625
v 27.401660919189453 -6.103229522705078 -157.80545043945312
v 35.79299545288086 -6.466531753540039 -158.0310821533203
v 35.455467224121094 -5.8904290199279785 -157.38674926757812
v 35.62996292114258 -6.168675422668457 -157.75067138671875
v 26.6787052154541 -6.175696849822998 -156.71810913085938
v 27.047325134277344 -6.436622142791748 -157.38380432128906
v 35.55719757080078 -6.384885311126709 -156.7884063720703
v 35.747100830078125 -6.681036949157715 -157.17007446289062
v 27.576995849609375 -5.46419620513916 -157.85018920898438
v 35.24072265625 -5.282390117645264 -157.7306365966797
v 26.75919532775879 -5.527913570404053 -156.42742919921875
v 27.12383270263672 -5.769014358520508 -157.19647216796875
v 27.614974975585938 -4.933512210845947 -157.64584350585938
v 34.99140930175781 -4.579615592956543 -157.5603485107422
v 27.769874572753906 -4.421663284301758 -157.48558044433594
v 26.802898406982422 -5.04072904586792 -156.0218505859375
v 27.2580623626709 -4.976332187652588 -156.8824005126953
v 28.23653221130371 -3.7628173828125 -157.63038635253906
v 34.77439880371094 -3.94899845123291 -157.44320678710938
v 27.825069427490234 -3.8825511932373047 -156.8396759033203
v 28.51016616821289 -3.2723069190979004 -157.07196044921875
v 34.51020812988281 -3.416454792022705 -157.40219116210938
v 29.082275390625 -2.966463565826416 -156.98260498046875
v 29.863691329956055 -2.7698755264282227 -157.30166625976562
v 30.64594268798828 -2.6265859603881836 -157.40966796875
v 31.41021728515625 -2.545952796936035 -157.447509765625
v 32.168914794921875 -2.5441884994506836 -157.50221252441406
v 32.91976547241211 -2.611088752746582 -157.5074005126953
v 33.593727111816406 -2.7599334716796875 -157.48553466796875
v 34.129215240478516 -3.0188918113708496 -157.44036865234375
v 28.107929229736328 -3.4602761268615723 -156.53643798828125
v 35.5290412902832 -21.93378257751465 -155.6285400390625
v 36.09788513183594 -22.159015655517578 -155.8538055419922
v 36.740779876708984 -22.339641571044922 -156.0582275390625
v 37.48152160644531 -22.430526733398438 -156.15750122070312
v 38.36650848388672 -22.45469093322754 -156.34799194335938
v 39.26129150390625 -22.197961807250977 -156.48483276367188
v 35.03730392456055 -21.672367095947266 -156.55670166015625
v 39.4932975769043 -21.607769012451172 -156.0582275390625
v 34.577728271484375 -21.316755294799805 -156.29241943359375
v 39.65616226196289 -20.978473663330078 -155.81820678710938
v 33.64875411987305 -20.55072784423828 -155.7140350341797
v 34.130001068115234 -20.940887451171875 -156.00949096679688
v 33.273170471191406 -20.089494705200195 -156.7451171875
v 39.74437713623047 -20.282196044921875 -155.7209014892578
v 32.803680419921875 -19.70870590209961 -156.5802764892578
v 39.77384567260742 -19.52914047241211 -155.74871826171875
v 30.957530975341797 -18.67060661315918 -155.55941772460938
v 31.47883415222168 -18.90790557861328 -155.97186279296875
v 31.955862045288086 -19.23680305480957 -155.91748046875
v 32.35142135620117 -19.41045570373535 -156.34445190429688
v 30.7037353515625 -18.377696990966797 -156.0816650390625
v 39.757442474365234 -18.734312057495117 -155.8991241455078
v 30.30126190185547 -18.098390579223633 -156.17507934570312
v 39.71149826049805 -17.84485626220703 -156.23455810546875
v 29.193328857421875 -17.320907592773438 -155.80563354492188
v 29.735660552978516 -17.687999725341797 -156.25885009765625
v 28.873992919921875 -16.902851104736328 -156.59375
v 39.48276138305664 -17.029237747192383 -156.37306213378906
v 28.457260131835938 -16.485750198364258 -156.27789306640625
v 39.19825744628906 -16.26681137084961 -156.46121215820312
v 28.049850463867188 -16.027021408081055 -155.94515991210938
v 38.56468200683594 -15.757274627685547 -155.50430297851562
v 38.853309631347656 -15.986167907714844 -155.93338012695312
v 27.77385711669922 -15.52787971496582 -156.85531616210938
v 38.49330139160156 -15.255462646484375 -155.91778564453125
v 27.38652229309082 -15.080224990844727 -156.5130615234375
v 38.291812896728516 -14.68498706817627 -156.1497802734375
v 26.548744201660156 -14.256227493286133 -155.90003967285156
v 26.993083953857422 -14.667165756225586 -156.20529174804688
v 26.380943298339844 -13.694202423095703 -156.7127227783203
v 37.95716857910156 -13.97198486328125 -156.2358856201172
v 25.954055786132812 -13.107717514038086 -156.56002807617188
v 37.602352142333984 -13.215398788452148 -156.37901306152344
v 25.166057586669922 -12.606406211853027 -155.7709503173828
v 25.520706176757812 -12.840938568115234 -156.1229705810547
v 36.99817657470703 -12.682342529296875 -155.49697875976562
v 37.25492858886719 -12.921714782714844 -155.9070587158203
v 25.11236572265625 -12.131452560424805 -155.9746551513672
v 36.91608810424805 -12.185871124267578 -155.93116760253906
v 24.961734771728516 -11.59374713897705 -155.9331512451172
v 36.773563385009766 -11.591315269470215 -156.1321258544922
v 24.8685359954834 -10.832368850708008 -155.93719482421875
v 36.58220672607422 -10.836828231811523 -156.1772918701172
v 24.848222732543945 -10.040688514709473 -155.91244506835938
v 36.430885314941406 -10.04033088684082 -156.297607421875
v 24.884010314941406 -9.272134780883789 -155.85186767578125
v 36.281776428222656 -9.253776550292969 -156.37539672851562
v 24.95477294921875 -8.568787574768066 -155.76266479492188
v 36.11907958984375 -8.501852035522461 -156.40689086914062
v 25.074981689453125 -7.938015460968018 -155.67929077148438
v 35.93034744262695 -7.764315605163574 -156.38992309570312
v 25.57206153869629 -7.635831832885742 -156.08306884765625
v 26.11255645751953 -7.292413711547852 -156.54090881347656
v 35.511112213134766 -7.1768999099731445 -155.4657745361328
v 35.723663330078125 -7.445859909057617 -155.85833740234375
v 26.20105743408203 -6.591296195983887 -156.2908935546875
v 35.465576171875 -6.664299964904785 -155.95370483398438
v 26.282453536987305 -5.933964252471924 -155.97412109375
v 35.3123664855957 -6.03567361831665 -156.31187438964844
v 26.41010284423828 -5.348527431488037 -155.63534545898438
v 35.09013748168945 -5.2567362785339355 -156.32479858398438
v 26.59287452697754 -4.865920543670654 -155.2483367919922
v 34.906314849853516 -4.527425765991211 -156.26812744140625
v 27.034282684326172 -4.5774102210998535 -155.77621459960938
v 27.463626861572266 -4.242002964019775 -156.3994140625
v 27.714611053466797 -3.7248969078063965 -155.92544555664062
v 34.69936752319336 -3.8669466972351074 -156.24981689453125
v 28.05333137512207 -3.3269762992858887 -155.49298095703125
v 34.4193229675293 -3.325510025024414 -156.35052490234375
v 28.54628562927246 -3.0731797218322754 -156.03073120117188
v 29.090572357177734 -2.8496146202087402 -155.90042114257812
v 29.657245635986328 -2.7439117431640625 -156.16473388671875
v 30.411052703857422 -2.639913558959961 -156.32278442382812
v 31.209491729736328 -2.5705933570861816 -156.41339111328125
v 31.984949111938477 -2.5493502616882324 -156.48422241210938
v 32.72955322265625 -2.606642246246338 -156.46820068359375
v 33.43544006347656 -2.743649482727051 -156.43093872070312
v 34.01424789428711 -2.9602527618408203 -156.44271850585938
v 35.50457763671875 -21.89571762084961 -154.5775604248047
v 36.03291320800781 -22.05303955078125 -154.78553771972656
v 36.66582107543945 -22.14885902404785 -155.02560424804688
v 37.25450134277344 -22.21773910522461 -155.35598754882812
v 38.015438079833984 -22.071504592895508 -155.3241729736328
v 38.82930374145508 -21.934377670288086 -155.72715759277344
v 35.0337028503418 -21.662342071533203 -155.3791046142578
v 39.127586364746094 -21.403121948242188 -155.37513732910156
v 38.13860321044922 -21.608470916748047 -154.5079345703125
v 38.59584426879883 -21.685291290283203 -155.07980346679688
v 34.58030319213867 -21.347999572753906 -155.09457397460938
v 39.285423278808594 -20.790576934814453 -155.15628051757812
v 33.57567596435547 -20.64446258544922 -154.32492065429688
v 34.12077331542969 -21.004438400268555 -154.76361083984375
v 38.32695388793945 -21.044147491455078 -154.06094360351562
v 38.754798889160156 -21.224164962768555 -154.73040771484375
v 33.082698822021484 -20.135534286499023 -155.48092651367188
v 39.372562408447266 -20.08632469177246 -155.07705688476562
v 32.64295959472656 -20.160139083862305 -153.89254760742188
v 33.01820755004883 -20.2906494140625 -154.37301635742188
v 38.500831604003906 -20.376419067382812 -153.88446044921875
v 38.897491455078125 -20.596240997314453 -154.51473999023438
v 32.629798889160156 -19.747220993041992 -155.73590087890625
v 39.39802551269531 -19.319284439086914 -155.12408447265625
v 30.765390396118164 -18.8087100982666 -154.549072265625
v 31.225276947021484 -19.00738525390625 -154.95651245117188
v 31.732654571533203 -19.36260414123535 -154.87384033203125
v 32.255409240722656 -19.57796859741211 -155.3632354736328
v 32.21564483642578 -19.80158042907715 -154.37721252441406
v 32.63664245605469 -19.950199127197266 -154.878662109375
v 38.59999084472656 -19.668006896972656 -153.86276245117188
v 38.98577880859375 -19.879329681396484 -154.45645141601562
v 30.48996925354004 -18.424856185913086 -155.30418395996094
v 39.364601135253906 -18.51111602783203 -155.27346801757812
v 38.59834671020508 -18.92174530029297 -153.88934326171875
v 39.003108978271484 -19.11433982849121 -154.5050811767578
v 29.99231719970703 -18.098318099975586 -155.18775939941406
v 39.25628662109375 -17.71126937866211 -155.44308471679688
v 29.039169311523438 -17.379867553710938 -154.65896606445312
v 29.493093490600586 -17.73735237121582 -154.9945068359375
v 38.55202102661133 -18.149364471435547 -153.97784423828125
v 38.953948974609375 -18.332279205322266 -154.61260986328125
v 28.748703002929688 -16.938913345336914 -155.42678833007812
v 39.08519744873047 -16.99169921875 -155.56515502929688
v 38.48123550415039 -17.39624786376953 -154.13021850585938
v 38.8570556640625 -17.577957153320312 -154.74810791015625
v 28.331111907958984 -16.514373779296875 -155.05551147460938
v 38.91413116455078 -16.48855209350586 -155.58627319335938
v 27.909135818481445 -16.05008888244629 -154.68978881835938
v 38.38658142089844 -16.09083366394043 -154.7822265625
v 38.6530876159668 -16.31464958190918 -155.1622772216797
v 38.41142654418945 -16.681076049804688 -154.385986328125
v 38.74297332763672 -16.904281616210938 -154.90658569335938
v 27.64389419555664 -15.559255599975586 -155.62362670898438
v 38.218379974365234 -15.456748008728027 -155.0359344482422
v 27.244186401367188 -15.121423721313477 -155.3973388671875
v 37.8981819152832 -14.71395492553711 -155.07896423339844
v 26.278472900390625 -14.41556167602539 -154.66705322265625
v 26.827383041381836 -14.752233505249023 -155.13771057128906
v 26.003955841064453 -13.777387619018555 -155.64511108398438
v 37.56401443481445 -13.99073600769043 -155.1298828125
v 25.24280548095703 -13.870048522949219 -154.17706298828125
v 25.748825073242188 -14.011883735656738 -154.67678833007812
v 37.11418914794922 -13.962197303771973 -153.83013916015625
v 37.342308044433594 -14.171445846557617 -154.19540405273438
v 25.63929557800293 -13.290166854858398 -155.79800415039062
v 37.355445861816406 -13.410818099975586 -155.4291534423828
v 24.998546600341797 -12.827396392822266 -155.3260498046875
v 25.26891326904297 -13.074851036071777 -155.4844970703125
v 36.900665283203125 -12.978065490722656 -154.72030639648438
v 37.12060546875 -13.198793411254883 -155.07667541503906
v 24.85296630859375 -13.207948684692383 -154.7095947265625
v 25.46026611328125 -13.558589935302734 -155.0947265625
v 36.99279022216797 -13.458871841430664 -154.25132751464844
v 37.250282287597656 -13.702667236328125 -154.64627075195312
v 24.731063842773438 -12.345147132873535 -155.28961181640625
v 36.729957580566406 -12.372838973999023 -154.99270629882812
v 23.698711395263672 -12.549757957458496 -154.0827178955078
v 24.238920211791992 -12.78083324432373 -154.4471435546875
v 24.495363235473633 -11.451709747314453 -155.35598754882812
v 36.48908233642578 -11.603080749511719 -155.03280639648438
v 23.5341796875 -11.84037971496582 -154.230224609375
v 24.10028076171875 -12.047279357910156 -154.7112274169922
v 24.407625198364258 -10.627138137817383 -155.38925170898438
v 36.30380630493164 -10.815774917602539 -155.11279296875
v 23.43213653564453 -11.005449295043945 -154.3505859375
v 23.97174835205078 -11.234081268310547 -154.82437133789062
v 24.401737213134766 -9.816181182861328 -155.385009765625
v 36.15939712524414 -10.014402389526367 -155.23651123046875
v 23.396183013916016 -10.152506828308105 -154.422607421875
v 23.91805648803711 -10.398996353149414 -154.88201904296875
v 24.45561981201172 -9.030139923095703 -155.34771728515625
v 36.02683639526367 -9.247720718383789 -155.3392333984375
v 23.407697677612305 -9.297239303588867 -154.44107055664062
v 23.929738998413086 -9.564399719238281 -154.89666748046875
v 24.567699432373047 -8.280348777770996 -155.2904052734375
v 35.85746383666992 -8.53680419921875 -155.3026580810547
v 23.44985008239746 -8.435940742492676 -154.39059448242188
v 23.997570037841797 -8.725845336914062 -154.86831665039062
v 35.417057037353516 -8.648872375488281 -154.01687622070312
v 35.64762878417969 -8.782958984375 -154.45721435546875
v 24.751781463623047 -7.6641082763671875 -155.2574920654297
v 35.758445739746094 -7.948541641235352 -155.44944763183594
v 25.200916290283203 -7.327878475189209 -155.5482177734375
v 25.70388412475586 -6.988739967346191 -155.91102600097656
v 35.34638977050781 -7.486879825592041 -154.73934936523438
v 35.5667839050293 -7.731008529663086 -155.07061767578125
v 23.45728874206543 -7.6148271560668945 -154.21694946289062
v 24.146127700805664 -7.805383205413818 -154.78054809570312
v 35.352779388427734 -8.051336288452148 -154.31094360351562
v 35.616539001464844 -8.281946182250977 -154.7480010986328
v 25.766515731811523 -6.350839138031006 -155.58651733398438
v 35.2310905456543 -6.825053691864014 -155.05023193359375
v 23.410367965698242 -6.932199001312256 -153.91311645507812
v 24.015045166015625 -7.007145881652832 -154.36749267578125
v 24.735759735107422 -7.010126113891602 -154.93502807617188
v 25.32718276977539 -6.7688822746276855 -155.37030029296875
v 25.85611343383789 -5.664205551147461 -155.08267211914062
v 35.03696823120117 -6.002938747406006 -155.11669921875
v 23.369766235351562 -6.483876705169678 -153.55667114257812
v 23.84791374206543 -6.447124481201172 -153.86563110351562
v 24.469852447509766 -6.382167339324951 -154.2772674560547
v 25.194787979125977 -6.203925609588623 -154.80145263671875
v 26.18699073791504 -5.145609378814697 -154.9150848388672
v 34.890220642089844 -5.216419696807861 -155.10861206054688
v 26.332927703857422 -4.780709743499756 -154.33013916015625
v 34.735252380371094 -4.474389553070068 -155.07431030273438
v 26.86069107055664 -4.429984092712402 -154.66473388671875
v 27.33199691772461 -4.066312313079834 -155.2692413330078
v 27.717185974121094 -3.6215782165527344 -154.8381805419922
v 34.505821228027344 -3.7681937217712402 -155.10231018066406
v 33.95597839355469 -3.6769986152648926 -153.82931518554688
v 34.31379699707031 -3.8697242736816406 -154.13372802734375
v 28.08232307434082 -3.2872676849365234 -154.56443786621094
v 34.265281677246094 -3.248322010040283 -155.575439453125
v 28.39095687866211 -3.0776500701904297 -154.97515869140625
v 28.866981506347656 -2.917039394378662 -155.11573791503906
v 29.466581344604492 -2.807736396789551 -155.16415405273438
v 30.180622100830078 -2.7392983436584473 -155.25729370117188
v 30.98332977294922 -2.6943087577819824 -155.34584045410156
v 31.801939010620117 -2.675628662109375 -155.44903564453125
v 32.46944046020508 -2.6747584342956543 -155.62442016601562
v 33.17408752441406 -2.856016159057617 -155.2874755859375
v 33.85994338989258 -3.0231833457946777 -155.45066833496094
v 33.696510314941406 -3.224623203277588 -154.47430419921875
v 34.17186737060547 -3.4241080284118652 -154.70794677734375
v 35.52727508544922 -21.848535537719727 -153.68728637695312
v 35.916282653808594 -21.972728729248047 -153.97647094726562
v 36.5245361328125 -21.965049743652344 -153.94268798828125
v 37.344886779785156 -21.928775787353516 -154.43756103515625
v 35.05921173095703 -21.66600227355957 -154.3047332763672
v 37.663387298583984 -21.448528289794922 -153.74172973632812
v 36.599708557128906 -21.716022491455078 -153.05569458007812
v 37.065887451171875 -21.728229522705078 -153.5584716796875
v 34.64221954345703 -21.381114959716797 -153.98348999023438
v 37.853981018066406 -20.782161712646484 -153.29391479492188
v 32.60150146484375 -20.313405990600586 -152.88211059570312
v 33.19763946533203 -20.53590965270996 -153.27456665039062
v 33.816410064697266 -20.840871810913086 -153.15658569335938
v 34.21828842163086 -21.072410583496094 -153.5820770263672
v 36.59603500366211 -21.467817306518555 -152.54534912109375
v 37.12482452392578 -21.323108673095703 -152.94277954101562
v 32.253501892089844 -20.02500343322754 -153.51748657226562
v 38.19062805175781 -20.11585235595703 -153.37612915039062
v 31.8117618560791 -19.72881507873535 -153.66665649414062
v 38.18996047973633 -19.492889404296875 -153.27349853515625
v 30.515241622924805 -18.95372772216797 -153.37725830078125
v 31.192089080810547 -19.299781799316406 -153.80050659179688
v 30.22549057006836 -18.49553680419922 -154.276611328125
v 38.18528747558594 -18.72370147705078 -153.27926635742188
v 29.725170135498047 -18.132972717285156 -154.14044189453125
v 38.15350341796875 -17.93640899658203 -153.36666870117188
v 28.900550842285156 -17.47402000427246 -153.597412109375
v 29.292606353759766 -17.78632354736328 -153.95794677734375
v 28.61740493774414 -17.012250900268555 -154.2274169921875
v 38.10281753540039 -17.142593383789062 -153.55160522460938
v 28.192424774169922 -16.579235076904297 -153.82778930664062
v 38.042877197265625 -16.257726669311523 -153.93374633789062
v 27.73482894897461 -16.104448318481445 -153.3677978515625
v 27.45342254638672 -15.551972389221191 -154.37240600585938
v 37.79823684692383 -15.445733070373535 -154.01034545898438
v 27.07779312133789 -15.502225875854492 -152.79022216796875
v 27.363014221191406 -15.662193298339844 -153.32931518554688
v 27.086997985839844 -15.124046325683594 -154.53875732421875
v 37.519073486328125 -14.732587814331055 -153.99188232421875
v 25.035263061523438 -14.229726791381836 -153.0316925048828
v 25.731325149536133 -14.354074478149414 -153.74514770507812
v 26.284812927246094 -14.780008316040039 -153.41346740722656
v 26.733898162841797 -14.918840408325195 -154.0972137451172
v 36.954044342041016 -14.225996017456055 -153.03836059570312
v 37.22290802001953 -14.463114738464355 -153.45077514648438
v 26.741146087646484 -15.153396606445312 -153.11851501464844
v 27.092266082763672 -15.307533264160156 -153.70404052734375
v 24.62427520751953 -13.7223482131958 -153.73776245117188
v 36.878299713134766 -13.741004943847656 -153.48709106445312
v 23.752689361572266 -13.86147689819336 -152.66766357421875
v 24.352645874023438 -13.963818550109863 -152.99685668945312
v 24.297761917114258 -13.305807113647461 -154.03256225585938
v 36.68897247314453 -13.142037391662598 -153.78738403320312
v 23.465871810913086 -12.893449783325195 -153.6695556640625
v 23.817848205566406 -13.09853744506836 -153.8092803955078
v 23.302936553955078 -13.301599502563477 -153.1658172607422
v 24.007583618164062 -13.578534126281738 -153.4119873046875
v 23.133325576782227 -12.500608444213867 -153.59451293945312
v 36.401153564453125 -12.369382858276367 -153.85098266601562
v 22.172523498535156 -12.66162395477295 -152.6543426513672
v 22.658802032470703 -12.935888290405273 -152.97451782226562
v 22.955608367919922 -11.613869667053223 -153.79104614257812
v 36.179351806640625 -11.582064628601074 -153.958740234375
v 21.907543182373047 -11.764264106750488 -152.75146484375
v 22.49903678894043 -12.164092063903809 -153.203857421875
v 22.87247085571289 -10.753631591796875 -153.927001953125
v 35.9813232421875 -10.777068138122559 -154.0283203125
v 20.840145111083984 -10.462188720703125 -152.40219116210938
v 21.379709243774414 -10.895633697509766 -152.62469482421875
v 21.90802001953125 -10.969221115112305 -153.11241149902344
v 22.381473541259766 -11.312222480773926 -153.40054321289062
v 35.531211853027344 -10.928869247436523 -152.6060791015625
v 35.745094299316406 -11.041343688964844 -153.1077880859375
v 22.83482551574707 -9.90237045288086 -153.99920654296875
v 35.881351470947266 -9.931171417236328 -154.34664916992188
v 20.688175201416016 -10.012316703796387 -152.47024536132812
v 21.155118942260742 -10.125457763671875 -152.76695251464844
v 21.73345184326172 -10.290169715881348 -153.14968872070312
v 22.3081111907959 -10.492134094238281 -153.54449462890625
v 35.41033172607422 -10.331153869628906 -152.78472900390625
v 35.695003509521484 -10.473739624023438 -153.4193115234375
v 22.825002670288086 -9.052885055541992 -153.99612426757812
v 35.766746520996094 -9.251189231872559 -154.47201538085938
v 35.23147201538086 -9.061360359191895 -153.35116577148438
v 35.49985885620117 -9.201884269714355 -153.82080078125
v 20.562862396240234 -9.714269638061523 -152.39898681640625
v 20.972776412963867 -9.511947631835938 -152.67092895507812
v 21.60816192626953 -9.531343460083008 -153.13189697265625
v 22.23575210571289 -9.68317985534668 -153.58001708984375
v 35.279727935791016 -9.652006149291992 -153.0182647705078
v 35.59663391113281 -9.80893325805664 -153.64166259765625
v 22.838258743286133 -8.218216896057129 -153.90780639648438
v 35.09364318847656 -8.505535125732422 -153.47476196289062
v 21.545005798339844 -8.756839752197266 -152.9334259033203
v 22.20117950439453 -8.862388610839844 -153.52134704589844
v 22.8668212890625 -7.450318336486816 -153.72280883789062
v 35.01975631713867 -7.639169692993164 -153.919677734375
v 21.792720794677734 -7.912302017211914 -152.7850341796875
v 22.25046157836914 -8.04901123046875 -153.38523864746094
v 22.922849655151367 -6.81837797164917 -153.43948364257812
v 34.84935760498047 -6.763172149658203 -154.03948974609375
v 21.98772430419922 -7.22581148147583 -152.55287170410156
v 22.368453979492188 -7.303643226623535 -153.16983032226562
v 23.08132553100586 -6.379556655883789 -153.11856079101562
v 34.73267364501953 -5.946087837219238 -154.06951904296875
v 23.639202117919922 -6.075239181518555 -153.14483642578125
v 24.208641052246094 -6.019139289855957 -153.63800048828125
v 24.816608428955078 -5.74955940246582 -153.84457397460938
v 25.37851333618164 -5.601978302001953 -154.3498992919922
v 22.106861114501953 -6.770515441894531 -152.27618408203125
v 22.528911590576172 -6.660604476928711 -152.77862548828125
v 25.783300399780273 -5.160200595855713 -154.1645050048828
v 34.630130767822266 -5.1763176918029785 -154.04197692871094
v 24.94094467163086 -5.2814483642578125 -153.0522918701172
v 25.270605087280273 -5.328464508056641 -153.7273406982422
v 26.039600372314453 -4.777371883392334 -153.50112915039062
v 34.462974548339844 -4.454481601715088 -153.94427490234375
v 26.627683639526367 -4.448974132537842 -153.3800506591797
v 27.36751937866211 -4.008591175079346 -153.8843536376953
v 33.58173370361328 -4.0595173835754395 -153.006103515625
v 34.12342071533203 -4.199635982513428 -153.39370727539062
v 25.121545791625977 -5.010473728179932 -152.474853515625
v 25.50187110900879 -4.975736141204834 -153.09466552734375
v 27.96196937561035 -3.558814525604248 -153.8501739501953
v 33.44197082519531 -3.4991860389709473 -153.63995361328125
v 28.518699645996094 -3.4553170204162598 -153.28147888183594
v 29.250072479248047 -3.4766316413879395 -152.88729858398438
v 30.017852783203125 -3.510594367980957 -152.74462890625
v 30.8095703125 -3.5509824752807617 -152.74111938476562
v 31.60588836669922 -3.633606433868408 -152.77793884277344
v 32.41210174560547 -3.72922420501709 -152.86270141601562
v 33.067630767822266 -3.7578701972961426 -153.0445098876953
v 28.251123428344727 -3.2793760299682617 -153.95632934570312
v 33.17692184448242 -3.133082389831543 -154.25628662109375
v 28.347564697265625 -3.1241774559020996 -154.32594299316406
v 28.68230438232422 -3.0269861221313477 -154.3567657470703
v 29.22492027282715 -2.9616832733154297 -154.3250274658203
v 29.918121337890625 -2.922391891479492 -154.3121337890625
v 30.707597732543945 -2.9056429862976074 -154.3458251953125
v 31.55615234375 -2.910017967224121 -154.4182586669922
v 32.474281311035156 -2.939176559448242 -154.55482482910156
v 28.516626358032227 -3.172183036804199 -153.88552856445312
v 28.943443298339844 -3.175055980682373 -153.67019653320312
v 29.610395431518555 -3.1732559204101562 -153.52389526367188
v 30.37867546081543 -3.183472156524658 -153.47964477539062
v 31.199121475219727 -3.212618827819824 -153.5045166015625
v 32.041954040527344 -3.2654643058776855 -153.5669708251953
v 32.81616973876953 -3.3538222312927246 -153.59725952148438
v 35.567832946777344 -21.767723083496094 -153.05560302734375
v 36.019752502441406 -21.851682662963867 -153.20538330078125
v 35.15138626098633 -21.642196655273438 -153.39505004882812
v 36.20364761352539 -21.62592315673828 -152.57769775390625
v 35.371612548828125 -21.55299186706543 -152.69497680664062
v 35.798858642578125 -21.67569351196289 -152.66197204589844
v 34.80796813964844 -21.36521339416504 -153.01296997070312
v 36.33182144165039 -21.402692794799805 -152.30075073242188
v 32.45275115966797 -20.391845703125 -151.80667114257812
v 33.08966064453125 -20.587099075317383 -152.05203247070312
v 33.72936248779297 -20.790279388427734 -152.26055908203125
v 34.425376892089844 -21.03738784790039 -152.43548583984375
v 36.65122985839844 -21.000253677368164 -152.21408081054688
v 37.31388854980469 -20.77312469482422 -152.64122009277344
v 35.10475158691406 -21.26425552368164 -152.29469299316406
v 35.83152389526367 -21.303260803222656 -152.15576171875
v 32.05463790893555 -20.07943344116211 -152.70484924316406
v 37.692569732666016 -20.128177642822266 -152.7661895751953
v 36.70478057861328 -20.270919799804688 -151.77655029296875
v 37.142539978027344 -20.430564880371094 -152.26028442382812
v 31.475496292114258 -19.7751522064209 -152.64926147460938
v 37.75365447998047 -19.29720687866211 -152.66845703125
v 30.202747344970703 -19.10932159423828 -152.03533935546875
v 30.8591365814209 -19.44575309753418 -152.46841430664062
v 36.81316375732422 -19.53144073486328 -151.55677795410156
v 37.255714416503906 -19.806921005249023 -152.14511108398438
v 29.88235855102539 -18.544315338134766 -153.1041259765625
v 37.769126892089844 -18.498266220092773 -152.67300415039062
v 29.28531265258789 -18.50029182434082 -151.51058959960938
v 29.68311309814453 -18.698143005371094 -152.0306396484375
v 36.91952133178711 -18.761587142944336 -151.48834228515625
v 37.325645446777344 -19.03815269470215 -152.0703887939453
v 29.47909927368164 -18.122339248657227 -153.34945678710938
v 37.753082275390625 -17.70068359375 -152.7540283203125
v 28.842926025390625 -17.608964920043945 -152.87875366210938
v 29.125118255615234 -17.862689971923828 -153.05026245117188
v 28.866744995117188 -17.903030395507812 -152.02578735351562
v 29.38094139099121 -18.275238037109375 -152.51319885253906
v 36.977481842041016 -18.017244338989258 -151.4918212890625
v 37.36095428466797 -18.2532901763916 -152.07278442382812
v 28.486133575439453 -17.19896697998047 -152.8528594970703
v 37.705421447753906 -16.89575958251953 -152.90707397460938
v 28.365493774414062 -17.465900421142578 -151.538818359375
v 36.96529769897461 -17.27457046508789 -151.49864196777344
v 37.3551139831543 -17.473661422729492 -152.12643432617188
v 28.04486846923828 -16.638410568237305 -152.81951904296875
v 37.59987258911133 -16.11136245727539 -153.04974365234375
v 27.028823852539062 -15.689897537231445 -151.83291625976562
v 27.389144897460938 -15.917003631591797 -152.43624877929688
v 27.727746963500977 -16.41811180114746 -152.13748168945312
v 28.067302703857422 -16.940021514892578 -151.92398071289062
v 36.92529296875 -16.522430419921875 -151.55026245117188
v 37.30735778808594 -16.704273223876953 -152.208251953125
v 26.782821655273438 -15.36245346069336 -152.3297119140625
v 37.44077682495117 -15.416097640991211 -153.11912536621094
v 36.86737823486328 -15.793621063232422 -151.67098999023438
v 37.22488784790039 -15.972698211669922 -152.30557250976562
v 26.398324966430664 -15.092110633850098 -152.3735809326172
v 37.28642272949219 -14.93532657623291 -153.10604858398438
v 23.51059913635254 -14.041746139526367 -151.83517456054688
v 24.410152435302734 -14.23906135559082 -152.072265625
v 25.14791488647461 -14.53896713256836 -151.95938110351562
v 25.764846801757812 -14.720964431762695 -152.44937133789062
v 36.78388595581055 -14.53251838684082 -152.31521606445312
v 37.04500198364258 -14.759469032287598 -152.68023681640625
v 36.806915283203125 -15.102518081665039 -151.91363525390625
v 37.1271858215332 -15.323901176452637 -152.43319702148438
v 23.085784912109375 -13.761591911315918 -152.44918823242188
v 36.61375045776367 -13.906229019165039 -152.6019287109375
v 22.504161834716797 -13.7800931930542 -151.87896728515625
v 22.87449836730957 -13.898122787475586 -152.00177001953125
v 22.748207092285156 -13.444292068481445 -152.68150329589844
v 36.310386657714844 -13.134980201721191 -152.66827392578125
v 22.07095718383789 -13.06002140045166 -152.25418090820312
v 22.354698181152344 -13.268863677978516 -152.4976348876953
v 22.2379207611084 -13.47867202758789 -152.0886993408203
v 22.57852554321289 -13.672137260437012 -152.2764892578125
v 21.853805541992188 -12.483776092529297 -152.17758178710938
v 36.02862548828125 -12.342012405395508 -152.70596313476562
v 35.572669982910156 -12.36528205871582 -151.32476806640625
v 35.77945327758789 -12.558674812316895 -151.74163818359375
v 21.472145080566406 -11.626636505126953 -151.9786376953125
v 35.881900787353516 -11.54269027709961 -153.05926513671875
v 20.652652740478516 -10.498356819152832 -152.10121154785156
v 20.982288360595703 -10.872161865234375 -152.05963134765625
v 35.43219757080078 -11.348236083984375 -151.93844604492188
v 35.63330078125 -11.457681655883789 -152.42068481445312
v 35.494422912597656 -11.833477020263672 -151.63821411132812
v 35.72914505004883 -12.02099323272705 -152.1479034423828
v 20.549274444580078 -10.251653671264648 -152.25048828125
v 35.277748107910156 -10.893285751342773 -151.92120361328125
v 20.48473358154297 -10.24487018585205 -151.98016357421875
v 20.74496841430664 -10.544454574584961 -151.71405029296875
v 20.42546272277832 -9.952044486999512 -152.19525146484375
v 35.07923889160156 -10.206449508666992 -152.05108642578125
v 20.39434814453125 -9.977806091308594 -151.91348266601562
v 20.57101821899414 -10.133420944213867 -151.61537170410156
v 20.42291259765625 -9.662795066833496 -152.22500610351562
v 34.85455322265625 -9.278416633605957 -152.41714477539062
v 20.632314682006836 -9.423006057739258 -152.3358154296875
v 20.98147964477539 -9.05754566192627 -152.48085021972656
v 34.1639518737793 -9.168493270874023 -151.12515258789062
v 34.46345520019531 -9.445011138916016 -151.45703125
v 21.255922317504883 -8.535873413085938 -152.31646728515625
v 34.68563461303711 -8.316302299499512 -152.85072326660156
v 34.028743743896484 -8.585262298583984 -151.451416015625
v 34.38756561279297 -8.830535888671875 -151.94801330566406
v 21.554040908813477 -7.847082614898682 -152.06646728515625
v 34.56416320800781 -7.476508617401123 -153.08364868164062
v 33.87432098388672 -7.918417453765869 -151.5826416015625
v 34.26082229614258 -8.09168815612793 -152.22633361816406
v 21.80240249633789 -7.183623313903809 -151.87911987304688
v 34.4619026184082 -6.655693054199219 -153.16775512695312
v 33.71007537841797 -7.149958610534668 -151.66339111328125
v 34.14313888549805 -7.316064834594727 -152.35614013671875
v 22.027969360351562 -6.682538986206055 -151.75918579101562
v 34.393001556396484 -5.868875980377197 -153.19046020507812
v 22.40285873413086 -6.40794038772583 -152.0732879638672
v 23.04918670654297 -6.132328510284424 -152.34591674804688
v 23.723649978637695 -5.7784318923950195 -152.26585388183594
v 24.31507110595703 -5.615019798278809 -152.835693359375
v 33.5576057434082 -6.276559829711914 -151.79531860351562
v 34.05160903930664 -6.511926651000977 -152.42794799804688
v 24.746681213378906 -5.201828479766846 -152.16937255859375
v 34.32123565673828 -5.169510841369629 -153.17718505859375
v 32.60150146484375 -5.397522449493408 -151.42539978027344
v 33.16896057128906 -5.638635158538818 -151.69143676757812
v 33.67271423339844 -5.570089817047119 -152.1332550048828
v 34.01749038696289 -5.753767490386963 -152.51589965820312
v 25.102306365966797 -4.941356182098389 -151.8146514892578
v 34.19976043701172 -4.693770408630371 -153.10665893554688
v 25.463031768798828 -4.82020378112793 -152.14675903320312
v 26.051902770996094 -4.653823375701904 -152.47311401367188
v 26.662254333496094 -4.448604583740234 -152.26315307617188
v 27.23550796508789 -4.238581657409668 -152.52655029296875
v 28.022289276123047 -3.918945789337158 -152.67550659179688
v 28.86052131652832 -3.828132152557373 -152.29202270507812
v 29.632354736328125 -3.865945339202881 -152.08279418945312
v 30.44257164001465 -3.9371848106384277 -152.0411376953125
v 31.162500381469727 -3.945779800415039 -152.1868896484375
v 31.889963150024414 -4.222142696380615 -152.0880889892578
v 32.84954833984375 -4.285001754760742 -152.39947509765625
v 33.405494689941406 -4.576742649078369 -152.4163818359375
v 33.853031158447266 -4.603207111358643 -152.73251342773438
v 32.35685729980469 -4.823637008666992 -151.70773315429688
v 33.00752639770508 -4.954218864440918 -151.95370483398438
v 33.54344177246094 -5.068337917327881 -152.2166748046875
v 33.97281265258789 -5.132651329040527 -152.59674072265625
v 32.26633071899414 -20.454538345336914 -150.63430786132812
v 32.970069885253906 -20.6044921875 -150.90655517578125
v 33.657691955566406 -20.716249465942383 -151.2041015625
v 34.254764556884766 -20.837270736694336 -151.54086303710938
v 35.110069274902344 -20.83932113647461 -151.44915771484375
v 36.043121337890625 -20.666576385498047 -151.57676696777344
v 31.8115234375 -20.156824111938477 -151.63729858398438
v 36.23495101928711 -19.99477195739746 -151.1711883544922
v 35.16316223144531 -20.31191635131836 -150.44647216796875
v 35.668827056884766 -20.354021072387695 -150.98422241210938
v 31.193065643310547 -19.877696990966797 -151.54922485351562
v 36.36410140991211 -19.191574096679688 -150.88360595703125
v 29.217315673828125 -18.72918701171875 -150.4853515625
v 29.71782684326172 -19.030452728271484 -150.96417236328125
v 30.206012725830078 -19.427967071533203 -150.91107177734375
v 30.640769958496094 -19.612205505371094 -151.34365844726562
v 35.26997375488281 -19.87959098815918 -149.85690307617188
v 35.75341796875 -19.781494140625 -150.4591064453125
v 28.934526443481445 -18.31684112548828 -150.9990692138672
v 36.619258880615234 -18.474124908447266 -151.01226806640625
v 28.585433959960938 -17.969310760498047 -150.82855224609375
v 36.599327087402344 -17.848051071166992 -150.9040069580078
v 28.213333129882812 -17.588150024414062 -150.48736572265625
v 28.04491424560547 -17.18740463256836 -151.06582641601562
v 36.58211135864258 -17.095947265625 -150.87344360351562
v 27.763439178466797 -16.76621437072754 -151.103515625
v 36.5493049621582 -16.330074310302734 -150.92364501953125
v 26.91147232055664 -15.792703628540039 -150.73895263671875
v 27.36132049560547 -16.206146240234375 -151.1675262451172
v 26.62806510925293 -15.415406227111816 -151.52423095703125
v 36.50104904174805 -15.557026863098145 -151.08914184570312
v 26.149988174438477 -15.114212036132812 -151.37794494628906
v 36.440040588378906 -14.691770553588867 -151.4771728515625
v 22.487640380859375 -13.724613189697266 -151.561767578125
v 22.93696403503418 -13.896429061889648 -151.503173828125
v 23.525691986083984 -14.017534255981445 -151.1278076171875
v 24.212121963500977 -14.212346076965332 -150.91189575195312
v 24.963260650634766 -14.529191970825195 -150.9986114501953
v 25.592947006225586 -14.823902130126953 -151.17999267578125
v 22.253799438476562 -13.572561264038086 -151.76376342773438
v 36.194252014160156 -13.884258270263672 -151.57669067382812
v 22.304868698120117 -13.413488388061523 -151.42501831054688
v 22.707319259643555 -13.598478317260742 -151.15399169921875
v 23.24721908569336 -13.743853569030762 -150.83416748046875
v 23.851512908935547 -13.903951644897461 -150.44601440429688
v 22.03729248046875 -13.102043151855469 -151.79344177246094
v 35.92858123779297 -13.15457820892334 -151.56292724609375
v 35.423805236816406 -12.685418128967285 -150.52391052246094
v 35.646461486816406 -12.899160385131836 -150.99505615234375
v 22.1527099609375 -12.878692626953125 -151.19366455078125
v 22.504806518554688 -13.203775405883789 -150.96900939941406
v 23.004032135009766 -13.230382919311523 -150.49392700195312
v 23.607421875 -13.484501838684082 -150.1244354248047
v 21.799373626708984 -12.382638931274414 -151.54217529296875
v 35.37919616699219 -12.179481506347656 -150.9070587158203
v 22.00210189819336 -12.225044250488281 -150.84857177734375
v 22.544692993164062 -12.623966217041016 -150.4547119140625
v 21.59326171875 -11.688780784606934 -151.14947509765625
v 35.2421989440918 -11.605537414550781 -151.0572052001953
v 21.862173080444336 -11.648106575012207 -150.51181030273438
v 22.29619026184082 -11.90127182006836 -150.11669921875
v 21.16754150390625 -11.040234565734863 -151.4183807373047
v 34.99348068237305 -10.912704467773438 -151.00802612304688
v 21.00560760498047 -10.337114334106445 -151.02813720703125
v 34.691383361816406 -10.137367248535156 -151.05548095703125
v 20.48099136352539 -9.769189834594727 -151.710205078125
v 20.7296142578125 -9.834527969360352 -151.30169677734375
v 34.02566909790039 -9.375619888305664 -150.2849578857422
v 34.31718444824219 -9.743857383728027 -150.57803344726562
v 20.37570571899414 -9.729933738708496 -152.01510620117188
v 33.91659164428711 -8.927512168884277 -150.7977294921875
v 20.469165802001953 -9.488618850708008 -152.1075439453125
v 20.762205123901367 -9.140884399414062 -152.02252197265625
v 20.496917724609375 -9.503519058227539 -151.87957763671875
v 20.740795135498047 -9.398031234741211 -151.502685546875
v 21.182846069335938 -8.662843704223633 -151.42672729492188
v 33.737945556640625 -8.454370498657227 -150.82725524902344
v 21.57449722290039 -7.8017473220825195 -151.18858337402344
v 33.50517654418945 -7.797253131866455 -150.84109497070312
v 21.845985412597656 -7.0853590965271 -151.10369873046875
v 33.20643997192383 -6.9938063621521 -150.93121337890625
v 22.126483917236328 -6.756913661956787 -150.60401916503906
v 22.399282455444336 -6.758391857147217 -149.88201904296875
v 32.492733001708984 -6.78173303604126 -149.97592163085938
v 32.84213638305664 -7.093548774719238 -150.2216796875
v 22.057008743286133 -6.611490249633789 -151.2786865234375
v 33.063079833984375 -6.28199577331543 -151.25750732421875
v 22.249221801757812 -6.398248672485352 -151.56430053710938
v 22.713302612304688 -6.185781955718994 -151.31497192382812
v 23.478199005126953 -5.843698978424072 -151.30856323242188
v 24.275279998779297 -5.475091934204102 -151.4630889892578
v 32.37042236328125 -5.695974826812744 -151.02645874023438
v 32.68456268310547 -5.941307544708252 -151.11026000976562
v 22.29299545288086 -6.417059898376465 -151.08441162109375
v 22.56627082824707 -6.416845321655273 -150.40753173828125
v 32.21473693847656 -6.091833114624023 -150.44891357421875
v 32.735897064208984 -6.536996364593506 -150.68923950195312
v 24.904251098632812 -5.112016201019287 -151.23095703125
v 32.01374816894531 -5.357754230499268 -151.02703857421875
v 25.381446838378906 -5.000948905944824 -150.53973388671875
v 25.854873657226562 -4.977774620056152 -150.01666259765625
v 30.914926528930664 -5.365943908691406 -150.01361083984375
v 31.57029151916504 -5.657589435577393 -150.23745727539062
v 25.212383270263672 -4.903924465179443 -151.24465942382812
v 31.7171573638916 -4.7801971435546875 -151.4173583984375
v 25.378299713134766 -4.8094868659973145 -151.54457092285156
v 25.81486701965332 -4.721379280090332 -151.42791748046875
v 26.438213348388672 -4.583311080932617 -151.49273681640625
v 27.075481414794922 -4.448866844177246 -151.50360107421875
v 27.787303924560547 -4.309749603271484 -151.55479431152344
v 28.570579528808594 -4.208385944366455 -151.5284423828125
v 29.251789093017578 -4.156434535980225 -151.53213500976562
v 30.007003784179688 -4.368901252746582 -151.24595642089844
v 31.014680862426758 -4.450428485870361 -151.47280883789062
v 25.48444366455078 -4.823112487792969 -151.07086181640625
v 25.819183349609375 -4.83170747756958 -150.61317443847656
v 30.568622589111328 -4.864907264709473 -150.6397247314453
v 31.296491622924805 -5.077385902404785 -150.81103515625
v 32.0805778503418 -20.51913833618164 -149.3223876953125
v 32.83750915527344 -20.612180709838867 -149.72378540039062
v 33.559844970703125 -20.637929916381836 -150.07220458984375
v 34.37461853027344 -20.6094970703125 -150.49278259277344
v 31.510066986083984 -20.233381271362305 -150.43704223632812
v 34.7529411315918 -20.18369483947754 -149.619140625
v 31.005550384521484 -20.2611083984375 -148.9073486328125
v 31.415725708007812 -20.357059478759766 -149.36282348632812
v 30.949878692626953 -19.946598052978516 -150.70919799804688
v 35.058284759521484 -19.575809478759766 -149.09548950195312
v 29.167652130126953 -18.87575340270996 -149.39984130859375
v 29.53717803955078 -19.12871551513672 -149.88433837890625
v 30.038524627685547 -19.530750274658203 -149.83584594726562
v 30.533266067504883 -19.78833770751953 -150.33912658691406
v 35.56425476074219 -19.38103485107422 -149.78851318359375
v 35.947418212890625 -19.164026260375977 -150.26405334472656
v 30.54051399230957 -19.97339630126953 -149.35696411132812
v 30.968475341796875 -20.121049880981445 -149.85015869140625
v 28.81932258605957 -18.427383422851562 -150.09014892578125
v 36.206459045410156 -18.51353645324707 -150.4029541015625
v 35.48324203491211 -18.879531860351562 -149.29306030273438
v 35.81623840332031 -18.86071014404297 -149.87960815429688
v 28.441572189331055 -18.052600860595703 -149.75765991210938
v 36.21955108642578 -17.702531814575195 -150.27175903320312
v 28.09309959411621 -17.62478256225586 -149.43214416503906
v 35.49776077270508 -18.1785945892334 -148.9946746826172
v 35.85088348388672 -18.28809928894043 -149.7254638671875
v 27.88567543029785 -17.17400550842285 -150.2244873046875
v 36.207603454589844 -16.921817779541016 -150.23068237304688
v 35.51933670043945 -17.39264678955078 -148.86451721191406
v 35.85908508300781 -17.54096794128418 -149.5928192138672
v 27.553390502929688 -16.692102432250977 -150.05908203125
v 36.17627716064453 -16.13641929626465 -150.28152465820312
v 26.803302764892578 -15.791166305541992 -149.58267211914062
v 27.18551254272461 -16.21009063720703 -149.84024047851562
v 35.510135650634766 -16.599178314208984 -148.8251953125
v 35.848690032958984 -16.75459098815918 -149.54959106445312
v 26.487064361572266 -15.449357032775879 -150.46737670898438
v 36.11881637573242 -15.341973304748535 -150.43006896972656
v 35.47632598876953 -15.813922882080078 -148.8563232421875
v 35.81468963623047 -15.964925765991211 -149.58859252929688
v 26.030635833740234 -15.119945526123047 -150.2312469482422
v 36.00482940673828 -14.566600799560547 -150.58815002441406
v 24.9420166015625 -14.365875244140625 -149.78192138671875
v 25.5216121673584 -14.77459716796875 -150.0006103515625
v 35.423255920410156 -15.051471710205078 -148.94497680664062
v 35.751224517822266 -15.191757202148438 -149.6851806640625
v 24.383831024169922 -14.05324935913086 -149.9873046875
v 35.84220504760742 -13.874053955078125 -150.67486572265625
v 35.36076354980469 -14.320528030395508 -149.09671020507812
v 35.6588134765625 -14.462780952453613 -149.80667114257812
v 24.204421997070312 -13.627028465270996 -149.5372772216797
v 35.693359375 -13.39312744140625 -150.66387939453125
v 23.478103637695312 -12.978828430175781 -149.7764892578125
v 23.89767074584961 -13.192760467529297 -149.47341918945312
v 35.28926467895508 -13.03088665008545 -149.76284790039062
v 35.48643493652344 -13.238536834716797 -150.1990509033203
v 35.30638122558594 -13.619661331176758 -149.35592651367188
v 35.55927276611328 -13.813697814941406 -149.9517059326172
v 23.07512664794922 -12.677717208862305 -149.9354248046875
v 35.17816162109375 -12.394845962524414 -149.97463989257812
v 23.426128387451172 -12.43736743927002 -149.35076904296875
v 23.84912872314453 -12.711572647094727 -149.07778930664062
v 22.951866149902344 -12.005270004272461 -149.44515991210938
v 34.964752197265625 -11.65165901184082 -149.94430541992188
v 22.055744171142578 -11.292266845703125 -149.873046875
v 22.499513626098633 -11.487412452697754 -149.46231079101562
v 23.415016174316406 -12.041223526000977 -148.984375
v 23.738597869873047 -12.168025970458984 -148.70216369628906
v 21.544551849365234 -11.002516746520996 -150.50277709960938
v 34.734344482421875 -10.954273223876953 -149.91729736328125
v 21.913814544677734 -10.673009872436523 -149.53224182128906
v 22.37558364868164 -10.95876693725586 -149.0911865234375
v 21.51341438293457 -10.194253921508789 -149.98715209960938
v 34.467933654785156 -10.366463661193848 -149.78512573242188
v 33.92093276977539 -9.468364715576172 -149.33189392089844
v 34.190250396728516 -9.90149974822998 -149.55551147460938
v 21.906661987304688 -10.128617286682129 -149.12437438964844
v 22.263336181640625 -10.407793045043945 -148.70989990234375
v 21.1698055267334 -9.49399471282959 -150.6462860107422
v 33.76834487915039 -8.957969665527344 -150.09326171875
v 21.59082794189453 -8.550251007080078 -150.13946533203125
v 33.498023986816406 -8.421516418457031 -149.98085021972656
v 21.96395492553711 -8.053302764892578 -149.36012268066406
v 22.27280044555664 -7.975113391876221 -148.70159912109375
v 21.76272964477539 -7.6758623123168945 -150.34573364257812
v 33.13507843017578 -7.742893695831299 -149.89361572265625
v 21.919870376586914 -7.197332382202148 -150.37109375
v 22.142101287841797 -7.119596004486084 -149.85308837890625
v 32.36479949951172 -7.013905048370361 -149.15570068359375
v 32.72273635864258 -7.362985610961914 -149.44027709960938
v 21.95675277709961 -7.503509521484375 -149.83062744140625
v 22.2078800201416 -7.557511329650879 -149.20211791992188
v 22.49944305419922 -7.0975542068481445 -149.16610717773438
v 32.159996032714844 -6.55444860458374 -149.65838623046875
v 22.873973846435547 -6.577646732330322 -149.3121337890625
v 31.783031463623047 -6.19581937789917 -149.58935546875
v 23.25601577758789 -6.095445156097412 -150.07606506347656
v 24.0602970123291 -5.711555480957031 -150.16629028320312
v 24.91459846496582 -5.367922782897949 -150.08575439453125
v 25.715660095214844 -5.200564861297607 -149.54689025878906
v 30.569791793823242 -5.590629577636719 -149.06307983398438
v 31.239843368530273 -5.861496925354004 -149.3651580810547
v 26.224159240722656 -5.078363418579102 -149.46133422851562
v 30.258583068847656 -5.148708820343018 -149.86785888671875
v 26.886653900146484 -5.046498775482178 -149.29046630859375
v 27.789379119873047 -5.089449882507324 -149.01023864746094
v 28.611064910888672 -5.138885974884033 -148.94935607910156
v 29.3680419921875 -5.220651626586914 -149.02320861816406
v 29.95758056640625 -5.303716659545898 -149.21572875976562
v 26.27475357055664 -4.893040657043457 -150.00408935546875
v 29.93109130859375 -4.784262180328369 -150.44100952148438
v 26.296592712402344 -4.726314544677734 -150.69796752929688
v 26.880191802978516 -4.647016525268555 -150.6896209716797
v 27.566814422607422 -4.591691493988037 -150.642822265625
v 28.343177795410156 -4.556441307067871 -150.6329345703125
v 29.222606658935547 -4.558372497558594 -150.68748474121094
v 26.71046257019043 -4.811882972717285 -150.08450317382812
v 27.308059692382812 -4.8264384269714355 -149.88433837890625
v 28.078746795654297 -4.840612411499023 -149.7858428955078
v 28.8724422454834 -4.880177974700928 -149.7913360595703
v 29.603885650634766 -4.982423782348633 -149.82455444335938
v 31.022262573242188 -20.303714752197266 -148.03977966308594
v 31.614185333251953 -20.46622085571289 -148.35818481445312
v 32.24039077758789 -20.591794967651367 -148.278076171875
v 32.74662399291992 -20.609485626220703 -148.6009521484375
v 33.408809661865234 -20.567012786865234 -148.92825317382812
v 34.092567443847656 -20.441055297851562 -149.31338500976562
v 30.643033981323242 -20.12884521484375 -148.560302734375
v 34.47713851928711 -20.04045295715332 -148.68202209472656
v 30.24551773071289 -19.841205596923828 -148.6717987060547
v 34.69135665893555 -19.56186294555664 -148.2305908203125
v 29.197956085205078 -18.936084747314453 -148.19882202148438
v 29.704975128173828 -19.37216567993164 -148.70277404785156
v 28.753589630126953 -18.507802963256836 -148.99566650390625
v 35.05356216430664 -18.87902069091797 -148.37799072265625
v 28.380084991455078 -18.08067512512207 -148.6370086669922
v 35.17539596557617 -18.026935577392578 -148.20468139648438
v 28.055429458618164 -17.598819732666016 -148.2903289794922
v 27.77242660522461 -17.145645141601562 -149.13650512695312
v 35.199546813964844 -17.239952087402344 -148.0994415283203
v 27.451324462890625 -16.627920150756836 -148.84783935546875
v 35.189510345458984 -16.44680404663086 -148.07098388671875
v 26.760791778564453 -15.702306747436523 -148.4892578125
v 27.10483169555664 -16.127634048461914 -148.63507080078125
v 26.42340660095215 -15.416299819946289 -149.3260955810547
v 35.160682678222656 -15.662503242492676 -148.10733032226562
v 26.03440284729004 -15.028726577758789 -149.00143432617188
v 35.12296676635742 -14.89006233215332 -148.20834350585938
v 25.216960906982422 -14.176881790161133 -148.5682373046875
v 25.594924926757812 -14.601934432983398 -148.75869750976562
v 24.732112884521484 -13.949155807495117 -149.15249633789062
v 35.08407974243164 -14.1082763671875 -148.402099609375
v 24.627161026000977 -13.529443740844727 -148.70445251464844
v 35.050010681152344 -13.216352462768555 -148.79635620117188
v 24.315452575683594 -13.047170639038086 -148.69476318359375
v 34.89928436279297 -12.381898880004883 -148.83267211914062
v 24.160552978515625 -12.394976615905762 -148.29037475585938
v 34.73858642578125 -11.645102500915527 -148.83460998535156
v 23.500370025634766 -11.565828323364258 -148.34719848632812
v 23.985815048217773 -11.88453483581543 -148.02703857421875
v 22.88222312927246 -11.246335983276367 -148.75038146972656
v 34.552955627441406 -10.992897033691406 -148.79351806640625
v 22.732521057128906 -10.631775856018066 -148.29098510742188
v 34.34049987792969 -10.440945625305176 -148.68853759765625
v 22.20351791381836 -9.868288040161133 -148.37643432617188
v 22.568679809570312 -10.17342758178711 -148.05340576171875
v 33.842491149902344 -9.54545783996582 -148.27392578125
v 34.10601806640625 -9.974241256713867 -148.51620483398438
v 21.79214859008789 -9.466290473937988 -149.18968200683594
v 33.63888168334961 -9.004890441894531 -149.11679077148438
v 22.002147674560547 -8.757198333740234 -148.87408447265625
v 22.222209930419922 -8.381378173828125 -148.55313110351562
v 22.49741554260254 -8.219265937805176 -148.17283630371094
v 33.317039489746094 -8.478509902954102 -148.91868591308594
v 22.632671356201172 -7.652390003204346 -148.38211059570312
v 32.959842681884766 -7.96504020690918 -148.7059326171875
v 32.24983215332031 -7.153904438018799 -148.243896484375
v 32.60417175292969 -7.531332969665527 -148.47999572753906
v 22.957252502441406 -7.044410705566406 -148.42333984375
v 31.993507385253906 -6.676793098449707 -148.91464233398438
v 23.264575958251953 -6.605494022369385 -148.3954620361328
v 31.5554141998291 -6.337010860443115 -148.68878173828125
v 23.424266815185547 -6.277632713317871 -148.86959838867188
v 23.93000030517578 -5.993747711181641 -149.05799865722656
v 24.69518280029297 -5.763065814971924 -148.94798278808594
v 25.57210922241211 -5.561316013336182 -148.70236206054688
v 26.48999786376953 -5.368328094482422 -148.56350708007812
v 27.49152183532715 -5.352330207824707 -148.23611450195312
v 28.36294174194336 -5.377757549285889 -148.1153564453125
v 29.15909194946289 -5.449235439300537 -148.14315795898438
v 29.956317901611328 -5.5834174156188965 -148.3192138671875
v 30.572509765625 -5.857634544372559 -148.15139770507812
v 31.04681968688965 -6.039845943450928 -148.43746948242188
v 30.962825775146484 -20.239818572998047 -147.39173889160156
v 31.51462173461914 -20.386337280273438 -147.29141235351562
v 32.144020080566406 -20.522260665893555 -147.51937866210938
v 32.63420867919922 -20.57706069946289 -147.7830810546875
v 33.248497009277344 -20.466089248657227 -147.79147338867188
v 33.895729064941406 -20.318103790283203 -148.27883911132812
v 30.584192276000977 -20.088077545166016 -147.8992919921875
v 34.236572265625 -19.897342681884766 -147.76992797851562
v 30.674457550048828 -20.018041610717773 -147.1466827392578
v 31.19063377380371 -20.182371139526367 -146.77780151367188
v 33.39414596557617 -20.201826095581055 -146.88720703125
v 33.76626968383789 -20.183897018432617 -147.45755004882812
v 30.19843101501465 -19.762277603149414 -147.73348999023438
v 34.5026741027832 -19.232166290283203 -147.40878295898438
v 29.23672103881836 -18.83145523071289 -147.0470428466797
v 29.834674835205078 -19.31546974182129 -147.22750854492188
v 30.405689239501953 -19.71188735961914 -146.88819885253906
v 30.936908721923828 -19.8702335357666 -146.42425537109375
v 33.4610710144043 -19.93216323852539 -146.3441162109375
v 33.89856719970703 -19.773637771606445 -146.856201171875
v 28.75921630859375 -18.501544952392578 -147.847900390625
v 34.835506439208984 -18.530702590942383 -147.60235595703125
v 28.422021865844727 -18.023168563842773 -147.4681854248047
v 34.8673095703125 -17.866146087646484 -147.40936279296875
v 28.127717971801758 -17.49302101135254 -147.13111877441406
v 27.760910034179688 -17.066120147705078 -147.93678283691406
v 34.88316345214844 -17.078899383544922 -147.32139587402344
v 27.459335327148438 -16.45256233215332 -147.48828125
v 34.87460708618164 -16.284156799316406 -147.30567932128906
v 26.76992416381836 -15.566158294677734 -147.65042114257812
v 27.05836296081543 -15.910840034484863 -147.59536743164062
v 26.463912963867188 -15.314054489135742 -148.18698120117188
v 34.85560607910156 -15.495514869689941 -147.34725952148438
v 26.633119583129883 -15.250265121459961 -147.1971893310547
v 26.97906494140625 -15.565025329589844 -146.84951782226562
v 26.202964782714844 -14.803277969360352 -147.50350952148438
v 34.834312438964844 -14.705991744995117 -147.44503784179688
v 25.35312271118164 -13.932550430297852 -147.76046752929688
v 25.67255401611328 -14.278340339660645 -147.67886352539062
v 26.573348999023438 -14.975523948669434 -146.74038696289062
v 26.854251861572266 -15.156149864196777 -146.345703125
v 25.007057189941406 -13.738500595092773 -148.2366180419922
v 34.809112548828125 -13.893783569335938 -147.60098266601562
v 25.246929168701172 -13.519573211669922 -147.3694610595703
v 25.619220733642578 -13.806402206420898 -146.94821166992188
v 24.84023666381836 -13.158702850341797 -147.81539916992188
v 34.75654220581055 -13.07528018951416 -147.72369384765625
v 25.166297912597656 -13.056182861328125 -146.95498657226562
v 25.48351287841797 -13.286340713500977 -146.51206970214844
v 24.545455932617188 -12.613463401794434 -147.81143188476562
v 34.6694221496582 -12.29863166809082 -147.763671875
v 24.428224563598633 -11.95319938659668 -147.32376098632812
v 34.55791473388672 -11.589420318603516 -147.77137756347656
v 23.678255081176758 -11.016166687011719 -147.5145721435547
v 24.017715454101562 -11.391997337341309 -147.42800903320312
v 23.248863220214844 -10.85258674621582 -147.891357421875
v 34.417724609375 -10.967040061950684 -147.75436401367188
v 23.575233459472656 -10.54389476776123 -147.1552276611328
v 23.99856948852539 -10.803186416625977 -146.85096740722656
v 23.105287551879883 -10.17957878112793 -147.43087768554688
v 34.24787521362305 -10.451353073120117 -147.69741821289062
v 22.332096099853516 -9.584784507751465 -147.93121337890625
v 22.61199951171875 -9.782636642456055 -147.71034240722656
v 33.76569747924805 -9.679603576660156 -147.17247009277344
v 34.03797149658203 -10.041629791259766 -147.5145721435547
v 23.532772064208984 -10.202693939208984 -146.90182495117188
v 23.858928680419922 -10.287261009216309 -146.57870483398438
v 22.121524810791016 -9.496223449707031 -148.30279541015625
v 33.52956771850586 -9.100616455078125 -147.96653747558594
v 22.11949920654297 -9.19189453125 -148.3790283203125
v 22.529268264770508 -8.866798400878906 -147.86807250976562
v 22.302555084228516 -9.321367263793945 -147.95803833007812
v 22.539329528808594 -9.411155700683594 -147.6618194580078
v 22.965312957763672 -8.18682861328125 -147.59140014648438
v 33.1695556640625 -8.58110237121582 -147.72610473632812
v 23.723316192626953 -8.05363655090332 -146.80941772460938
v 24.318456649780273 -8.19096565246582 -146.1163330078125
v 23.229480743408203 -7.515871524810791 -147.6524658203125
v 32.81877136230469 -8.050107955932617 -147.6490020751953
v 32.146690368652344 -7.277417182922363 -147.2864990234375
v 32.49271011352539 -7.619988918304443 -147.54302978515625
v 23.81134033203125 -7.272052764892578 -147.1552734375
v 24.432540893554688 -7.568645477294922 -146.3939208984375
v 23.41461181640625 -6.939256191253662 -147.804443359375
v 31.850433349609375 -6.812679767608643 -147.943603515625
v 23.819637298583984 -6.742441654205322 -147.51950073242188
v 24.342655181884766 -6.906259059906006 -146.99459838867188
v 25.08559226989746 -7.043957710266113 -146.302490234375
v 25.754165649414062 -6.907308101654053 -145.90606689453125
v 23.538185119628906 -6.594240665435791 -147.92198181152344
v 31.387210845947266 -6.468760967254639 -147.71751403808594
v 23.543882369995117 -6.396591663360596 -148.22750854492188
v 23.85549545288086 -6.244874000549316 -148.25955200195312
v 24.45428466796875 -6.128346920013428 -148.09445190429688
v 25.375699996948242 -6.038820743560791 -147.64511108398438
v 26.34079360961914 -5.797374248504639 -147.52392578125
v 27.265596389770508 -5.671787261962891 -147.36595153808594
v 28.140853881835938 -5.6296706199646 -147.27264404296875
v 28.922630310058594 -5.654442310333252 -147.2808074951172
v 29.645706176757812 -5.761253833770752 -147.3230743408203
v 30.32059669494629 -5.950498580932617 -147.38101196289062
v 30.890274047851562 -6.1745285987854 -147.54425048828125
v 23.761962890625 -6.451630592346191 -147.86929321289062
v 24.158836364746094 -6.460320949554443 -147.61817932128906
v 24.822187423706055 -6.488597393035889 -147.17929077148438
v 25.580453872680664 -6.525397300720215 -146.57864379882812
v 32.127044677734375 -20.3775634765625 -146.73825073242188
v 32.753395080566406 -20.411396026611328 -146.98367309570312
v 31.681800842285156 -20.271991729736328 -146.56207275390625
v 33.050559997558594 -20.124732971191406 -146.32095336914062
v 32.10661315917969 -20.137060165405273 -146.15826416015625
v 32.567501068115234 -20.222007751464844 -146.32713317871094
v 31.537532806396484 -20.03203582763672 -146.17752075195312
v 33.2305908203125 -19.873023986816406 -146.0437774658203
v 29.246829986572266 -18.64731216430664 -146.26025390625
v 29.81793975830078 -18.929183959960938 -146.09478759765625
v 30.580997467041016 -19.387781143188477 -146.10263061523438
v 31.406450271606445 -19.631671905517578 -145.78460693359375
v 33.54663848876953 -19.4483642578125 -146.01783752441406
v 34.12234878540039 -19.205020904541016 -146.5741729736328
v 31.98847770690918 -19.8275203704834 -145.77919006347656
v 32.72712326049805 -19.802974700927734 -145.83743286132812
v 28.84349822998047 -18.40323257446289 -146.76953125
v 34.45928192138672 -18.54129981994629 -146.77467346191406
v 29.047393798828125 -18.312847137451172 -145.92547607421875
v 29.51471710205078 -18.530773162841797 -145.61434936523438
v 33.62333679199219 -18.7131404876709 -145.59573364257812
v 34.01267623901367 -18.85717010498047 -146.1284637451172
v 28.631664276123047 -17.84244728088379 -146.18515014648438
v 34.53221130371094 -17.695690155029297 -146.62322998046875
v 28.244638442993164 -17.291200637817383 -146.22454833984375
v 28.987789154052734 -18.033313751220703 -145.60748291015625
v 29.324865341186523 -18.149030685424805 -145.3111572265625
v 33.69374084472656 -17.995906829833984 -145.38357543945312
v 34.11602783203125 -18.233287811279297 -146.010009765625
v 27.885604858398438 -16.945219039916992 -146.76712036132812
v 34.549808502197266 -16.894458770751953 -146.55703735351562
v 28.161287307739258 -16.803979873657227 -145.7538604736328
v 33.72306823730469 -17.227876663208008 -145.2458953857422
v 34.16202163696289 -17.469287872314453 -145.8954620361328
v 27.75406837463379 -16.407907485961914 -146.19082641601562
v 34.549259185791016 -16.09876251220703 -146.54739379882812
v 28.06656265258789 -16.327880859375 -145.35031127929688
v 33.75360870361328 -16.417539596557617 -145.15744018554688
v 34.17973327636719 -16.677188873291016 -145.83209228515625
v 27.35974884033203 -15.954065322875977 -146.5452880859375
v 34.54766082763672 -15.307319641113281 -146.58108520507812
v 33.8322868347168 -15.620792388916016 -145.14366149902344
v 34.200477600097656 -15.881204605102539 -145.81634521484375
v 27.267074584960938 -15.444350242614746 -145.88406372070312
v 34.54608917236328 -14.514470100402832 -146.64451599121094
v 26.633071899414062 -14.605712890625 -145.98602294921875
v 27.09946632385254 -14.978397369384766 -145.55148315429688
v 33.90266799926758 -14.873493194580078 -145.1459503173828
v 34.229373931884766 -15.096807479858398 -145.83209228515625
v 26.06520652770996 -14.175451278686523 -146.5570831298828
v 34.53583526611328 -13.71670913696289 -146.71058654785156
v 33.92631912231445 -14.124107360839844 -145.11207580566406
v 34.250091552734375 -14.31884765625 -145.8501434326172
v 25.914405822753906 -13.49189281463623 -145.86334228515625
v 34.508705139160156 -12.928045272827148 -146.75326538085938
v 25.331830978393555 -12.744617462158203 -146.21981811523438
v 25.643325805664062 -12.97614574432373 -145.791015625
v 33.94415283203125 -13.348603248596191 -145.08758544921875
v 34.25777053833008 -13.536489486694336 -145.8588409423828
v 24.91643524169922 -12.490760803222656 -146.888916015625
v 34.460472106933594 -12.174487113952637 -146.77879333496094
v 25.215959548950195 -12.137948989868164 -145.87478637695312
v 25.582504272460938 -12.437784194946289 -145.39761352539062
v 33.952545166015625 -12.575435638427734 -145.09544372558594
v 34.25357437133789 -12.760078430175781 -145.86978149414062
v 24.844432830810547 -11.726390838623047 -146.27642822265625
v 34.38563537597656 -11.483633041381836 -146.8103790283203
v 25.154495239257812 -11.576032638549805 -145.52505493164062
v 25.4824161529541 -11.810970306396484 -145.08822631835938
v 33.93831253051758 -11.82900619506836 -145.16644287109375
v 34.2296142578125 -12.015223503112793 -145.9056396484375
v 24.434303283691406 -11.211240768432617 -146.5662384033203
v 34.2799186706543 -10.887348175048828 -146.8639373779297
v 33.88667297363281 -11.125540733337402 -145.34378051757812
v 34.174896240234375 -11.329102516174316 -145.99795532226562
v 24.375225067138672 -10.450339317321777 -146.056396484375
v 34.15684509277344 -10.447633743286133 -146.93885803222656
v 23.588680267333984 -9.837329864501953 -146.65138244628906
v 24.06389617919922 -9.945022583007812 -146.15135192871094
v 33.689762115478516 -9.92795181274414 -146.22604370117188
v 33.95819854736328 -10.200965881347656 -146.58612060546875
v 33.79123306274414 -10.468090057373047 -145.68951416015625
v 34.08360290527344 -10.726022720336914 -146.19082641601562
v 23.02541732788086 -9.456121444702148 -147.19845581054688
v 33.37948226928711 -9.304547309875488 -146.5831298828125
v 23.306608200073242 -8.792376518249512 -146.9639892578125
v 24.09367561340332 -8.865046501159668 -146.1077880859375
v 23.58851432800293 -9.296333312988281 -146.55484008789062
v 23.968769073486328 -9.519124031066895 -146.15379333496094
v 24.605297088623047 -8.47179889678955 -145.68923950195312
v 32.93678665161133 -8.57541561126709 -146.52542114257812
v 25.098609924316406 -8.368730545043945 -145.2540283203125
v 25.554561614990234 -8.413732528686523 -144.78836059570312
v 32.437705993652344 -8.411300659179688 -145.17269897460938
v 32.75623321533203 -8.664441108703613 -145.55325317382812
v 24.77767562866211 -8.005868911743164 -145.76255798339844
v 32.663917541503906 -8.020437240600586 -146.88278198242188
v 25.03213882446289 -7.582032680511475 -145.83645629882812
v 25.675846099853516 -7.465052604675293 -145.3892822265625
v 32.09829330444336 -7.417917251586914 -146.58546447753906
v 32.369422912597656 -7.699763774871826 -146.6710205078125
v 25.215959548950195 -7.882165908813477 -145.44064331054688
v 25.520061492919922 -8.02764892578125 -145.06045532226562
v 32.066558837890625 -7.735550403594971 -145.71685791015625
v 32.57341384887695 -8.17605209350586 -146.06468200683594
v 26.205135345458984 -6.9980621337890625 -145.4267120361328
v 31.687307357788086 -7.007598876953125 -146.70352172851562
v 26.823307037353516 -6.763088703155518 -145.25375366210938
v 27.419042587280273 -6.693768501281738 -144.92111206054688
v 30.83977699279785 -6.9312334060668945 -145.11538696289062
v 31.437705993652344 -7.2388529777526855 -145.43800354003906
v 26.228404998779297 -6.60935640335083 -145.9290313720703
v 31.1807861328125 -6.516790390014648 -146.929931640625
v 26.235151290893555 -6.213581562042236 -146.63693237304688
v 27.121471405029297 -6.067979335784912 -146.3861083984375
v 27.971912384033203 -5.917978286743164 -146.4173126220703
v 28.74343490600586 -5.88536262512207 -146.4490966796875
v 29.36284637451172 -5.899107456207275 -146.5936279296875
v 30.01477813720703 -6.114482879638672 -146.38034057617188
v 30.700801849365234 -6.306743621826172 -146.6533660888672
v 26.754426956176758 -6.390476226806641 -145.906494140625
v 27.326154708862305 -6.41942024230957 -145.47157287597656
v 30.516910552978516 -6.496584415435791 -145.73458862304688
v 31.09588623046875 -6.724023818969727 -146.07101440429688
v 30.556774139404297 -18.863391876220703 -145.35556030273438
v 31.310319900512695 -19.110191345214844 -145.30662536621094
v 32.154441833496094 -19.321107864379883 -145.34197998046875
v 32.996177673339844 -19.122718811035156 -145.39512634277344
v 30.022167205810547 -18.62802505493164 -145.33145141601562
v 33.145809173583984 -18.461524963378906 -145.08010864257812
v 30.50777816772461 -18.362510681152344 -144.83416748046875
v 31.228851318359375 -18.53913116455078 -144.80899047851562
v 31.974363327026367 -18.709957122802734 -144.86671447753906
v 32.595970153808594 -18.798791885375977 -144.99740600585938
v 29.86316680908203 -18.252622604370117 -145.00851440429688
v 33.17959213256836 -17.75600814819336 -144.85531616210938
v 29.114246368408203 -17.657958984375 -145.1520538330078
v 29.649425506591797 -17.85367774963379 -144.81173706054688
v 30.334043502807617 -17.761075973510742 -144.44900512695312
v 31.14190101623535 -17.931079864501953 -144.40396118164062
v 31.89733123779297 -18.081974029541016 -144.4959259033203
v 32.58342742919922 -18.245506286621094 -144.71371459960938
v 28.60589027404785 -17.21013832092285 -145.41744995117188
v 33.188201904296875 -16.96314811706543 -144.6674346923828
v 29.09398078918457 -16.99213981628418 -144.640625
v 29.75764274597168 -17.27044677734375 -144.38229370117188
v 30.463146209716797 -17.159103393554688 -144.04376220703125
v 31.067012786865234 -17.299116134643555 -144.0528106689453
v 31.82086944580078 -17.3978328704834 -144.1669921875
v 32.55314636230469 -17.53973960876465 -144.4403839111328
v 28.60703468322754 -16.48322296142578 -144.7686004638672
v 33.249473571777344 -16.058504104614258 -144.50238037109375
v 28.20138931274414 -16.002262115478516 -144.815673828125
v 29.101825714111328 -16.553009033203125 -144.31674194335938
v 29.562545776367188 -16.61534309387207 -144.08367919921875
v 30.252288818359375 -16.6654109954834 -143.8543701171875
v 30.961013793945312 -16.6951904296875 -143.76171875
v 31.68442153930664 -16.73755645751953 -143.8502197265625
v 32.506011962890625 -16.698026657104492 -144.1399383544922
v 27.749942779541016 -15.83498764038086 -145.40676879882812
v 33.533287048339844 -15.325617790222168 -144.6416015625
v 28.107906341552734 -15.510141372680664 -144.52801513671875
v 27.65069007873535 -15.069425582885742 -144.7747039794922
v 33.526634216308594 -14.693188667297363 -144.5286865234375
v 26.800418853759766 -14.144098281860352 -145.00732421875
v 27.160430908203125 -14.521217346191406 -144.90814208984375
v 28.087568283081055 -15.12869644165039 -144.24649047851562
v 26.394224166870117 -13.916659355163574 -145.44960021972656
v 33.54599380493164 -13.93684196472168 -144.45651245117188
v 26.715492248535156 -13.649642944335938 -144.57000732421875
v 27.178550720214844 -13.919532775878906 -144.2613525390625
v 26.31871795654297 -13.296688079833984 -144.8542022705078
v 33.5667610168457 -13.160133361816406 -144.4214630126953
v 26.653623580932617 -13.154829025268555 -144.1783905029297
v 27.063060760498047 -13.335550308227539 -143.8507843017578
v 25.94895362854004 -12.828624725341797 -145.06851196289062
v 33.57758331298828 -12.386322021484375 -144.4432830810547
v 25.934051513671875 -12.048160552978516 -144.51248168945312
v 33.5616340637207 -11.6286039352417 -144.55447387695312
v 25.356197357177734 -11.194360733032227 -144.94064331054688
v 25.712848663330078 -11.423778533935547 -144.49755859375
v 24.891448974609375 -10.997653007507324 -145.61489868164062
v 33.499290466308594 -10.879409790039062 -144.8016357421875
v 25.24876594543457 -10.539066314697266 -144.85812377929688
v 25.700546264648438 -10.797393798828125 -144.31903076171875
v 24.830841064453125 -10.30266284942627 -145.35385131835938
v 33.365177154541016 -10.050498962402344 -145.28720092773438
v 25.123096466064453 -9.881138801574707 -144.88894653320312
v 25.636173248291016 -10.055244445800781 -144.31729125976562
v 24.529193878173828 -9.653949737548828 -145.5866241455078
v 32.993770599365234 -9.261488914489746 -145.34634399414062
v 24.769378662109375 -8.929693222045898 -145.37513732910156
v 25.288558959960938 -8.869743347167969 -144.84860229492188
v 32.317352294921875 -8.736705780029297 -144.47898864746094
v 32.64358139038086 -8.940625190734863 -144.82139587402344
v 25.035499572753906 -9.345126152038574 -144.9981689453125
v 25.49901008605957 -9.388279914855957 -144.50828552246094
v 32.38215637207031 -9.21168327331543 -144.14370727539062
v 32.712100982666016 -9.420609474182129 -144.48272705078125
v 25.81842041015625 -8.779382705688477 -144.37924194335938
v 32.018638610839844 -8.286392211914062 -144.60960388183594
v 26.083255767822266 -8.047866821289062 -144.54002380371094
v 31.609512329101562 -7.772243022918701 -144.68414306640625
v 26.537250518798828 -7.350564002990723 -144.76585388183594
v 27.2491455078125 -7.049310207366943 -144.57191467285156
v 30.41598892211914 -7.200407981872559 -144.25076293945312
v 31.095027923583984 -7.414257526397705 -144.52064514160156
v 27.766036987304688 -6.840765476226807 -144.546630859375
v 30.24518585205078 -6.706142425537109 -144.9278564453125
v 28.403400421142578 -6.781971454620361 -144.47860717773438
v 29.21969985961914 -6.859409809112549 -144.32345581054688
v 29.858280181884766 -6.899142265319824 -144.37542724609375
v 27.87637710571289 -6.531262397766113 -144.9720001220703
v 29.987548828125 -6.376230716705322 -145.48907470703125
v 27.888416290283203 -6.2225341796875 -145.62045288085938
v 28.568099975585938 -6.150400638580322 -145.662841796875
v 29.352760314941406 -6.176364421844482 -145.7310791015625
v 28.35855484008789 -6.399106979370117 -145.0878143310547
v 28.94906997680664 -6.453919410705566 -144.97531127929688
v 29.63423728942871 -6.544244289398193 -144.91310119628906
v 29.257583618164062 -16.03354263305664 -143.96792602539062
v 30.054712295532227 -16.053152084350586 -143.64776611328125
v 30.798553466796875 -16.09369468688965 -143.5346221923828
v 31.512832641601562 -16.13069725036621 -143.5765380859375
v 32.17975997924805 -16.130102157592773 -143.75350952148438
v 32.7224006652832 -15.976166725158691 -143.99951171875
v 28.608989715576172 -15.76070785522461 -144.2314453125
v 33.04712677001953 -15.329849243164062 -144.10491943359375
v 29.14295196533203 -15.266931533813477 -143.64105224609375
v 29.893016815185547 -15.380203247070312 -143.43460083007812
v 30.65707778930664 -15.44504165649414 -143.3318328857422
v 31.381607055664062 -15.505659103393555 -143.367431640625
v 32.032798767089844 -15.567361831665039 -143.5272216796875
v 32.52503967285156 -15.619075775146484 -143.7574005126953
v 28.491783142089844 -15.164077758789062 -143.94229125976562
v 33.07318878173828 -14.52425765991211 -143.98394775390625
v 28.189420700073242 -14.705777168273926 -143.9080810546875
v 28.9517879486084 -14.5155668258667 -143.3690185546875
v 29.780410766601562 -14.656579971313477 -143.19369506835938
v 30.55577278137207 -14.75057601928711 -143.13763427734375
v 31.294559478759766 -14.831531524658203 -143.1939697265625
v 31.969118118286133 -14.924871444702148 -143.3696746826172
v 32.55043029785156 -15.057027816772461 -143.66336059570312
v 27.698802947998047 -14.290750503540039 -144.05349731445312
v 33.090423583984375 -13.75730037689209 -143.904296875
v 28.38251495361328 -13.961517333984375 -143.31570434570312
v 29.082679748535156 -13.811779022216797 -142.97348022460938
v 29.720378875732422 -13.925397872924805 -142.93505859375
v 30.494260787963867 -14.02270793914795 -142.9454803466797
v 31.24435043334961 -14.114273071289062 -143.04232788085938
v 31.93557357788086 -14.216423034667969 -143.24012756347656
v 32.547306060791016 -14.34791088104248 -143.551025390625
v 27.751684188842773 -13.449978828430176 -143.38238525390625
v 33.107662200927734 -12.98331069946289 -143.871337890625
v 26.889991760253906 -12.777196884155273 -143.6225128173828
v 27.327228546142578 -12.935018539428711 -143.31382751464844
v 28.324317932128906 -13.443315505981445 -143.0133819580078
v 28.81488800048828 -13.372063636779785 -142.81741333007812
v 29.61554527282715 -13.187694549560547 -142.66207885742188
v 30.451250076293945 -13.265192031860352 -142.75546264648438
v 31.221914291381836 -13.36423110961914 -142.9127197265625
v 31.92498779296875 -13.470673561096191 -143.14285278320312
v 32.550575256347656 -13.598644256591797 -143.4679412841797
v 26.393054962158203 -12.611222267150879 -144.1676025390625
v 33.11498260498047 -12.208234786987305 -143.90541076660156
v 26.785707473754883 -12.14289665222168 -143.41209411621094
v 27.268218994140625 -12.36768913269043 -143.0634307861328
v 30.415176391601562 -12.438225746154785 -142.55780029296875
v 31.219982147216797 -12.580717086791992 -142.8106689453125
v 31.92901611328125 -12.70042610168457 -143.0872802734375
v 32.56056213378906 -12.829852104187012 -143.43234252929688
v 26.3763427734375 -11.905241012573242 -143.79302978515625
v 33.09400177001953 -11.437309265136719 -144.02896118164062
v 26.719688415527344 -11.428523063659668 -143.25599670410156
v 27.221561431884766 -11.676322937011719 -142.86236572265625
v 30.625843048095703 -11.572277069091797 -142.4852752685547
v 31.26053810119629 -11.770319938659668 -142.76119995117188
v 31.938695907592773 -11.912191390991211 -143.08438110351562
v 32.56511688232422 -12.051856994628906 -143.4595947265625
v 26.166820526123047 -11.23007583618164 -143.85272216796875
v 33.023475646972656 -10.666203498840332 -144.248779296875
v 26.699329376220703 -10.636747360229492 -143.20294189453125
v 27.217174530029297 -10.92522144317627 -142.74818420410156
v 30.677391052246094 -10.825467109680176 -142.48751831054688
v 31.29003143310547 -10.980737686157227 -142.77359008789062
v 31.932567596435547 -11.111664772033691 -143.13819885253906
v 32.54637908935547 -11.270785331726074 -143.55636596679688
v 26.168441772460938 -10.317659378051758 -143.74771118164062
v 32.881141662597656 -9.938753128051758 -144.44354248046875
v 32.03229904174805 -9.53967571258545 -143.60633850097656
v 32.436988830566406 -9.801589965820312 -143.88912963867188
v 26.765132904052734 -9.776556015014648 -143.2415771484375
v 27.291179656982422 -10.131192207336426 -142.73501586914062
v 30.683208465576172 -10.08247184753418 -142.58847045898438
v 31.210445404052734 -10.341728210449219 -142.799072265625
v 31.863140106201172 -10.25848388671875 -143.24429321289062
v 32.489227294921875 -10.498798370361328 -143.7025146484375
v 26.149940490722656 -9.402740478515625 -143.8831787109375
v 31.88412094116211 -8.8984375 -143.85574340820312
v 26.866865158081055 -8.947563171386719 -143.40728759765625
v 27.52458953857422 -9.256839752197266 -142.83973693847656
v 30.579471588134766 -9.258663177490234 -142.77102661132812
v 31.387592315673828 -9.581506729125977 -143.12802124023438
v 26.394771575927734 -8.583105087280273 -143.93341064453125
v 31.54098892211914 -8.267820358276367 -143.97784423828125
v 26.936222076416016 -8.287179946899414 -143.64459228515625
v 27.51538848876953 -8.45181941986084 -143.24160766601562
v 28.301239013671875 -8.601438522338867 -142.838623046875
v 29.181909561157227 -8.549332618713379 -142.74014282226562
v 29.999589920043945 -8.684576034545898 -142.78717041015625
v 30.681610107421875 -8.572614669799805 -143.0994873046875
v 31.21809959411621 -8.77227783203125 -143.3515625
v 26.585124969482422 -8.097219467163086 -144.010498046875
v 31.249284744262695 -7.836484909057617 -144.06878662109375
v 26.637840270996094 -7.760059833526611 -144.23751831054688
v 27.092695236206055 -7.510030269622803 -144.1552734375
v 27.82476043701172 -7.291841506958008 -144.03851318359375
v 28.704500198364258 -7.318127155303955 -143.80950927734375
v 29.616928100585938 -7.370996475219727 -143.7602996826172
v 30.232120513916016 -7.639336585998535 -143.60267639160156
v 30.77864646911621 -7.694530487060547 -143.830078125
v 26.922082901000977 -7.883799076080322 -143.90029907226562
v 27.397037506103516 -7.861018180847168 -143.67794799804688
v 28.118467330932617 -7.879984378814697 -143.40896606445312
v 28.957653045654297 -7.9231977462768555 -143.22283935546875
v 29.758691787719727 -8.011043548583984 -143.17196655273438
v 30.44118881225586 -8.098340034484863 -143.28671264648438
v 31.02121353149414 -8.178794860839844 -143.5545654296875
v 28.425098419189453 -12.900948524475098 -142.71939086914062
v 29.149032592773438 -12.796056747436523 -142.49954223632812
v 29.71451187133789 -12.573040008544922 -142.42591857910156
v 27.786588668823242 -12.642931938171387 -142.87081909179688
v 29.956459045410156 -12.02501106262207 -142.33197021484375
v 28.330373764038086 -12.158656120300293 -142.44544982910156
v 28.938125610351562 -12.291133880615234 -142.3474884033203
v 29.43994903564453 -12.319314956665039 -142.31533813476562
v 27.751277923583984 -11.92823600769043 -142.60067749023438
v 30.05316162109375 -11.341487884521484 -142.27633666992188
v 28.29594612121582 -11.441362380981445 -142.26702880859375
v 28.88479232788086 -11.643230438232422 -142.1990966796875
v 29.456281661987305 -11.809003829956055 -142.2181396484375
v 27.738046646118164 -11.198186874389648 -142.44094848632812
v 30.073524475097656 -10.621583938598633 -142.2809600830078
v 28.295040130615234 -10.722494125366211 -142.17849731445312
v 28.869033813476562 -10.941410064697266 -142.11036682128906
v 29.467296600341797 -11.13893985748291 -142.14907836914062
v 27.773021697998047 -10.461151123046875 -142.37820434570312
v 30.027055740356445 -9.906471252441406 -142.3517608642578
v 28.32138442993164 -10.048521041870117 -142.18106079101562
v 28.85599136352539 -10.249090194702148 -142.10189819335938
v 29.453205108642578 -10.434186935424805 -142.14144897460938
v 27.887535095214844 -9.76417064666748 -142.4066162109375
v 29.883146286010742 -9.33537483215332 -142.44601440429688
v 28.143096923828125 -9.230148315429688 -142.47982788085938
v 28.689050674438477 -9.092545509338379 -142.41473388671875
v 29.33645248413086 -9.153413772583008 -142.40013122558594
v 28.363466262817383 -9.534215927124023 -142.2614288330078
v 28.82449722290039 -9.62425422668457 -142.19174194335938
v 29.40180206298828 -9.769641876220703 -142.2095947265625
vn -0.013869022019207478 -0.3490237593650818 -0.9370112419128418
vn 0.32657864689826965 -0.3632892072200775 -0.8725637197494507
vn -0.05110001191496849 -0.1853729486465454 -0.9813386797904968
vn 0.3144853115081787 -0.142642542719841 -0.9384839534759521
vn -0.3839471936225891 -0.06543119996786118 -0.9210338592529297
vn -0.2140723019838333 -0.0848061814904213 -0.9731295108795166
vn 0.03273538500070572 0.016517652198672295 -0.9993276000022888
vn 0.31832411885261536 -0.007791929412633181 -0.9479499459266663
vn -0.4069535434246063 0.21878893673419952 -0.8868597745895386
vn -0.19562511146068573 0.19882246851921082 -0.9603127241134644
vn -0.013465072959661484 0.23280401527881622 -0.9724304676055908
vn 0.2792714238166809 0.21726399660110474 -0.9353095293045044
vn -0.12842576205730438 -0.5385960936546326 -0.832719087600708
vn 0.10037549585103989 -0.5645167827606201 -0.8192958235740662
vn -0.2047799974679947 -0.3800492584705353 -0.9020131826400757
vn 0.4441022276878357 -0.5576125383377075 -0.7013141512870789
vn -0.2827005088329315 -0.2983996272087097 -0.9116129279136658
vn 0.6128050684928894 -0.2726900577545166 -0.7416940927505493
vn -0.5593039989471436 -0.14142276346683502 -0.8168100714683533
vn -0.3964884281158447 -0.23770758509635925 -0.8867310881614685
vn -0.5816166996955872 0.062399767339229584 -0.811066210269928
vn 0.6048708558082581 -0.04578958451747894 -0.7950060367584229
vn -0.5526365041732788 0.3390510380268097 -0.7613391280174255
vn 0.5681724548339844 0.14094693958759308 -0.8107491135597229
vn -0.2814761698246002 0.450851172208786 -0.8470563292503357
vn -0.027951158583164215 0.4582487940788269 -0.8883844017982483
vn 0.22052760422229767 0.4462994635105133 -0.8672856092453003
vn 0.4738456606864929 0.3494948744773865 -0.808284342288971
vn -0.21815146505832672 -0.3275943994522095 -0.9192888140678406
vn -0.1623123586177826 -0.3258455693721771 -0.9313857555389404
vn -0.10766487568616867 -0.3106597661972046 -0.9444039463996887
vn -0.041008610278367996 -0.2898905277252197 -0.9561808705329895
vn 0.04328427463769913 -0.26983368396759033 -0.9619336128234863
vn 0.17100821435451508 -0.2940005660057068 -0.9403828382492065
vn -0.2180599868297577 -0.28806522488594055 -0.9324528574943542
vn -0.15949484705924988 -0.2687129080295563 -0.949923574924469
vn -0.09856908768415451 -0.2508687376976013 -0.9629896879196167
vn -0.029370473697781563 -0.2248261421918869 -0.9739561676979065
vn 0.06441262364387512 -0.19104638695716858 -0.9794653058052063
vn 0.20302261412143707 -0.15005825459957123 -0.9676075577735901
vn -0.32919615507125854 -0.23935657739639282 -0.9134212732315063
vn -0.2599804699420929 -0.26282015442848206 -0.929158627986908
vn -0.19597433507442474 -0.26403912901878357 -0.9443926215171814
vn -0.14174823462963104 -0.2560790181159973 -0.9562065601348877
vn -0.07758565992116928 -0.2252814918756485 -0.971199631690979
vn -0.005976944696158171 -0.18545100092887878 -0.9826353192329407
vn 0.0904754102230072 -0.14121600985527039 -0.9858358502388
vn 0.24101416766643524 -0.09390120208263397 -0.9659683108329773
vn 0.4839329421520233 -0.036186471581459045 -0.8743566274642944
vn 0.7733262777328491 -0.04273579642176628 -0.6325663924217224
vn -0.36165669560432434 -0.21228361129760742 -0.9078216552734375
vn -0.2884131669998169 -0.2437341809272766 -0.9259651899337769
vn -0.21868576109409332 -0.2669301927089691 -0.9385759830474854
vn -0.13249072432518005 -0.27470141649246216 -0.9523577690124512
vn -0.04147009551525116 -0.2505571246147156 -0.9672132134437561
vn 0.04030149430036545 -0.19106651842594147 -0.9807494282722473
vn 0.13128377497196198 -0.11994006484746933 -0.9840624928474426
vn 0.26877561211586 -0.05337883159518242 -0.9617226123809814
vn 0.4842875599861145 0.007785765919834375 -0.8748742938041687
vn 0.7414160370826721 0.052709583193063736 -0.668972373008728
vn -0.40138113498687744 -0.19642041623592377 -0.8946017026901245
vn -0.3322898745536804 -0.2422536015510559 -0.9115353226661682
vn -0.2567950487136841 -0.28669625520706177 -0.9229635000228882
vn -0.15995728969573975 -0.3264535963535309 -0.9315802454948425
vn -0.009647617116570473 -0.33001381158828735 -0.9439268112182617
vn 0.12552951276302338 -0.2541220784187317 -0.9589913487434387
vn 0.20523247122764587 -0.13659517467021942 -0.9691343903541565
vn 0.31983622908592224 -0.035621825605630875 -0.9468029737472534
vn 0.5023308396339417 0.040177736431360245 -0.8637415766716003
vn 0.7440937161445618 0.09287691116333008 -0.6615878939628601
vn -0.14640454947948456 -0.5314071178436279 -0.8343693614006042
vn 0.1566041111946106 -0.6252198815345764 -0.7645752429962158
vn -0.4617294371128082 -0.16839316487312317 -0.870890200138092
vn -0.39225098490715027 -0.24036678671836853 -0.8878980875015259
vn -0.3170304298400879 -0.30514851212501526 -0.897984504699707
vn -0.2198411226272583 -0.3543630540370941 -0.908898651599884
vn -0.06501971185207367 -0.45862388610839844 -0.8862485885620117
vn 0.27324673533439636 -0.4194581210613251 -0.8656737804412842
vn 0.35451599955558777 -0.17104999721050262 -0.9192716479301453
vn 0.37734684348106384 -0.03337286040186882 -0.9254705309867859
vn 0.5365549325942993 0.0730150043964386 -0.8407007455825806
vn 0.7401749491691589 0.09727052599191666 -0.6653416156768799
vn -0.2923122048377991 -0.44590672850608826 -0.8460028767585754
vn 0.5592027902603149 -0.4739406108856201 -0.6802003979682922
vn -0.5927799344062805 -0.04695531353354454 -0.8039944767951965
vn -0.5341578125953674 -0.09318839758634567 -0.8402329683303833
vn -0.5098291635513306 -0.14240115880966187 -0.848408043384552
vn -0.46041810512542725 -0.21472975611686707 -0.8613399267196655
vn -0.3955649435520172 -0.30276015400886536 -0.8671013116836548
vn -0.2777191996574402 -0.41601407527923584 -0.8659124374389648
vn 0.6158922910690308 -0.21639414131641388 -0.757529079914093
vn 0.5653893351554871 0.06176964193582535 -0.8225080370903015
vn -0.3877006769180298 -0.3598080277442932 -0.8486615419387817
vn 0.71601402759552 -0.1796509325504303 -0.6745736002922058
vn -0.6004641056060791 -0.13849878311157227 -0.7875665426254272
vn -0.49711349606513977 -0.2794891893863678 -0.8214402198791504
vn -0.6253064870834351 -0.0068191178143024445 -0.7803494930267334
vn -0.5767849683761597 -0.02152053453028202 -0.8166125416755676
vn -0.5564290881156921 -0.06379138678312302 -0.8284426927566528
vn -0.5229871869087219 -0.1379515826702118 -0.8411027789115906
vn -0.5131359696388245 -0.2302365005016327 -0.8268510103225708
vn -0.4120383560657501 -0.37080878019332886 -0.8323011994361877
vn 0.7737880349159241 -0.003915945068001747 -0.6334325671195984
vn 0.7597061991691589 0.07909675687551498 -0.645438015460968
vn -0.6576646566390991 0.09161095321178436 -0.7477196455001831
vn 0.7308016419410706 0.06640541553497314 -0.6793521046638489
vn -0.5698784589767456 0.05100521072745323 -0.8201444745063782
vn -0.5972391366958618 -0.036665260791778564 -0.8012248277664185
vn 0.7785409688949585 0.20309221744537354 -0.593824565410614
vn 0.834772527217865 0.18545633554458618 -0.5184214115142822
vn -0.5888779759407043 0.3551394045352936 -0.7260157465934753
vn 0.6689065098762512 0.28932636976242065 -0.6847294569015503
vn -0.3893091380596161 0.5164282321929932 -0.7627189755439758
vn -0.10166390985250473 0.5802299380302429 -0.8080827593803406
vn 0.2005297690629959 0.5685485601425171 -0.7978348135948181
vn 0.47570958733558655 0.4873163104057312 -0.7322726249694824
vn -0.5477211475372314 0.1684190183877945 -0.819534420967102
vn -0.5887305736541748 0.20950087904930115 -0.7807084321975708
vn 0.6889477968215942 0.37748077511787415 -0.6187561750411987
vn 0.8405025601387024 0.27570822834968567 -0.4664123058319092
vn -0.5054978728294373 0.23004789650440216 -0.8315948247909546
vn -0.4650322198867798 0.2993339002132416 -0.833153247833252
vn -0.4301237463951111 0.4571489989757538 -0.7784654498100281
vn -0.18262502551078796 0.6041010022163391 -0.77569979429245
vn 0.1301364004611969 0.6168816089630127 -0.7762227058410645
vn 0.4473700225353241 0.5513875484466553 -0.704153299331665
vn 0.6419172883033752 0.4874144494533539 -0.5919200778007507
vn 0.8176870346069336 0.34234684705734253 -0.46280303597450256
vn -0.49207597970962524 0.2774612307548523 -0.8251524567604065
vn -0.3767714202404022 0.3420559763908386 -0.8608373999595642
vn -0.2978036403656006 0.4621761739253998 -0.8352881073951721
vn -0.15707528591156006 0.5822582244873047 -0.7976859211921692
vn 0.08301150053739548 0.662122905254364 -0.7447834610939026
vn 0.33148136734962463 0.6400060653686523 -0.6931899785995483
vn 0.5516675710678101 0.6364277601242065 -0.5390943288803101
vn 0.7245309948921204 0.5340810418128967 -0.4356745481491089
vn -0.18163064122200012 0.5147388577461243 -0.8378868103027344
vn -0.0724698007106781 0.6151259541511536 -0.78509122133255
vn 0.12362977117300034 0.6781368255615234 -0.7244626879692078
vn 0.3934963047504425 0.6995931267738342 -0.5964311957359314
vn -0.0828336775302887 0.6678054928779602 -0.7397124171257019
vn 0.0285880696028471 0.7069549560546875 -0.7066805362701416
vn 0.15779615938663483 0.7557584643363953 -0.6355545520782471
vn 0.38077008724212646 0.7434911727905273 -0.5497590899467468
vn -0.24358676373958588 -0.41788652539253235 -0.8752350807189941
vn -0.1643647700548172 -0.37423959374427795 -0.9126494526863098
vn -0.03137064725160599 -0.32145118713378906 -0.946406364440918
vn 0.19004525244235992 -0.2746424973011017 -0.9425785541534424
vn 0.4817143380641937 -0.23755788803100586 -0.8435149788856506
vn 0.7364296913146973 -0.21624983847141266 -0.6410204768180847
vn -0.21402369439601898 -0.45104342699050903 -0.8664604425430298
vn -0.13285726308822632 -0.39391568303108215 -0.9094940423965454
vn -0.005867125932127237 -0.3347519636154175 -0.9422880411148071
vn 0.1975083351135254 -0.26481491327285767 -0.9438557028770447
vn 0.4754427373409271 -0.1873403787612915 -0.8595684170722961
vn 0.7458801865577698 -0.1260373890399933 -0.6540470123291016
vn -0.2735331356525421 -0.48940667510032654 -0.8280463814735413
vn -0.240976020693779 -0.47354546189308167 -0.8471630811691284
vn -0.17069807648658752 -0.45006537437438965 -0.8765291571617126
vn -0.09859415888786316 -0.42824044823646545 -0.8982702493667603
vn 0.024434437975287437 -0.3783767521381378 -0.9253291487693787
vn 0.2266341745853424 -0.3090951442718506 -0.9236326217651367
vn 0.49199000000953674 -0.2115708291530609 -0.8445020318031311
vn 0.7501804828643799 -0.11748544126749039 -0.6507121920585632
vn -0.2580244243144989 -0.39854007959365845 -0.8801075220108032
vn -0.21224980056285858 -0.4089120328426361 -0.8875477313995361
vn -0.1688513457775116 -0.3926681876182556 -0.9040470123291016
vn -0.1100960299372673 -0.37378785014152527 -0.9209568500518799
vn -0.02662806399166584 -0.36729326844215393 -0.9297239780426025
vn 0.1018107458949089 -0.3920837342739105 -0.9142783880233765
vn -0.27461421489715576 -0.4564880430698395 -0.846289336681366
vn -0.22950462996959686 -0.4550011456012726 -0.860407829284668
vn -0.17751210927963257 -0.4341678321361542 -0.8831691741943359
vn -0.0977005809545517 -0.4173223376274109 -0.9034914374351501
vn 0.02211555279791355 -0.4142361879348755 -0.9099007248878479
vn 0.24750247597694397 -0.3993700444698334 -0.8827491998672485
vn 0.5162414312362671 -0.28831425309181213 -0.8064550757408142
vn 0.7584362626075745 -0.16328679025173187 -0.6309610605239868
vn -0.2753831148147583 -0.36658775806427 -0.8886943459510803
vn 0.3094002604484558 -0.41037437319755554 -0.8578253984451294
vn -0.5120388269424438 -0.3439975082874298 -0.7870717644691467
vn -0.41173434257507324 -0.3867717683315277 -0.825156033039093
vn -0.35122090578079224 -0.4082861840724945 -0.8425831198692322
vn -0.30403846502304077 -0.42870256304740906 -0.8507495522499084
vn 0.5467000007629395 -0.3848472237586975 -0.743647575378418
vn 0.7740476131439209 -0.23654311895370483 -0.5872799754142761
vn -0.26917764544487 -0.31251245737075806 -0.9109771847724915
vn 0.37201476097106934 -0.309810608625412 -0.8749985694885254
vn -0.3869185745716095 -0.2643078565597534 -0.8834225535392761
vn -0.3196422755718231 -0.29326173663139343 -0.9010141491889954
vn 0.4468659460544586 -0.15298603475093842 -0.8814228177070618
vn 0.7101028561592102 -0.15816877782344818 -0.6861024498939514
vn -0.5585609078407288 -0.2584761679172516 -0.788162350654602
vn -0.46257272362709045 -0.30647531151771545 -0.8319251537322998
vn -0.3827715814113617 -0.3272463083267212 -0.86394202709198
vn -0.3171178698539734 -0.3623124361038208 -0.876450777053833
vn 0.6101129651069641 -0.30976399779319763 -0.7292519807815552
vn 0.7849222421646118 -0.2815965414047241 -0.5519061088562012
vn -0.41835981607437134 -0.21558725833892822 -0.8823249340057373
vn 0.8854910135269165 -0.15231341123580933 -0.4389832317829132
vn -0.5810278058052063 -0.20769508183002472 -0.7869367599487305
vn -0.475908100605011 -0.2450394481420517 -0.8446698188781738
vn -0.44416943192481995 -0.18676434457302094 -0.8762606382369995
vn 0.9165962934494019 0.005941720679402351 -0.39976993203163147
vn -0.6010622978210449 -0.17255081236362457 -0.7803527116775513
vn -0.511262059211731 -0.1975151002407074 -0.8364203572273254
vn -0.47411656379699707 -0.16273681819438934 -0.8652920126914978
vn 0.9115457534790039 0.10444267094135284 -0.39771369099617004
vn -0.6162075996398926 -0.13743573427200317 -0.7754996418952942
vn -0.5330434441566467 -0.1650274097919464 -0.8298377394676208
vn -0.5089799761772156 -0.12470537424087524 -0.8516970872879028
vn 0.9223691821098328 0.1406490057706833 -0.3597956895828247
vn -0.6317565441131592 -0.06483826041221619 -0.7724504470825195
vn -0.5717740654945374 -0.0915338322520256 -0.8152889013290405
vn 0.737298846244812 0.1918490082025528 -0.6477533578872681
vn 0.890468955039978 0.15242239832878113 -0.4287569522857666
vn -0.629098653793335 -0.10218892246484756 -0.7705792784690857
vn -0.5554875731468201 -0.1329946517944336 -0.8208203315734863
vn -0.6539661288261414 -0.026220161467790604 -0.7560693025588989
vn 0.6191253662109375 0.24494746327400208 -0.7461129426956177
vn 0.7452254891395569 0.384613037109375 -0.5447126626968384
vn 0.883751630783081 0.2602710425853729 -0.3888986110687256
vn -0.6632974147796631 0.027773546054959297 -0.747840404510498
vn 0.7260564565658569 0.36853915452957153 -0.5805351734161377
vn -0.6287375092506409 0.028502337634563446 -0.7770950794219971
vn -0.5880228877067566 0.038004931062459946 -0.8079509735107422
vn 0.733380138874054 0.5829114317893982 -0.3498111367225647
vn 0.8180325031280518 0.5034342408180237 -0.27816709876060486
vn -0.5816156268119812 0.11145110428333282 -0.8057928085327148
vn 0.864259660243988 0.2610860764980316 -0.42998749017715454
vn -0.6565262675285339 0.08560287207365036 -0.7494300603866577
vn -0.6228657960891724 0.0839449018239975 -0.7778120040893555
vn -0.5806850790977478 0.17307545244693756 -0.7955186367034912
vn 0.9052878618240356 0.2943915128707886 -0.3062475323677063
vn -0.6496018767356873 0.1384717971086502 -0.747558057308197
vn -0.6263187527656555 0.13816960155963898 -0.767224907875061
vn -0.5756627321243286 0.22900646924972534 -0.7849640250205994
vn 0.9254922270774841 0.2789674699306488 -0.2562057375907898
vn -0.6290050148963928 0.19100536406040192 -0.7535713315010071
vn -0.620137631893158 0.1910528689622879 -0.7608733177185059
vn -0.5569287538528442 0.3237444758415222 -0.7648659944534302
vn 0.9047043323516846 0.32156455516815186 -0.2794751226902008
vn -0.46524104475975037 0.3763096034526825 -0.801212728023529
vn -0.3271040916442871 0.4354870319366455 -0.8386620283126831
vn 0.6691490411758423 0.7024312019348145 -0.2425488978624344
vn 0.8028571605682373 0.546524703502655 -0.23818323016166687
vn -0.6010235548019409 0.24127066135406494 -0.7619444131851196
vn -0.5898787975311279 0.2740468382835388 -0.759566605091095
vn -0.2717534005641937 0.585399329662323 -0.7638440728187561
vn 0.6088070869445801 0.7049363255500793 -0.3638940155506134
vn -0.5652530789375305 0.2942727506160736 -0.7706442475318909
vn -0.5251147747039795 0.33891499042510986 -0.7806350588798523
vn -0.5062809586524963 0.4277518391609192 -0.7488043904304504
vn -0.42817920446395874 0.5074703693389893 -0.7477542161941528
vn -0.17458251118659973 0.723742663860321 -0.667620837688446
vn 0.624466598033905 0.700116753578186 -0.3462340235710144
vn 0.09202533960342407 0.7978404760360718 -0.5958036184310913
vn 0.2326962798833847 0.8405552506446838 -0.4892027974128723
vn 0.3688525855541229 0.8413223624229431 -0.3951258361339569
vn 0.566089928150177 0.7645017504692078 -0.3083493709564209
vn -0.5354331731796265 0.38878822326660156 -0.7497699856758118
vn -0.4744964838027954 0.41350117325782776 -0.7770906686782837
vn -0.4077855944633484 0.49446648359298706 -0.7676026225090027
vn -0.3504440486431122 0.6184493899345398 -0.7033557891845703
vn -0.13606829941272736 -0.5484723448753357 -0.8250234127044678
vn 0.12271935492753983 -0.5314750075340271 -0.8381373882293701
vn 0.43439236283302307 -0.4457641839981079 -0.782686173915863
vn 0.7397601008415222 -0.34333086013793945 -0.578687310218811
vn -0.19298063218593597 -0.4982799291610718 -0.8452666401863098
vn 0.0856270119547844 -0.44628849625587463 -0.8907831907272339
vn 0.4374788701534271 -0.34863048791885376 -0.8288963437080383
vn 0.7543579339981079 -0.21401874721050262 -0.6205965876579285
vn -0.3778320252895355 -0.48477011919021606 -0.7888224720954895
vn -0.3098088800907135 -0.4685869812965393 -0.8273116946220398
vn -0.15483403205871582 -0.4411848783493042 -0.8839583992958069
vn 0.06580472737550735 -0.4315831661224365 -0.8996697664260864
vn 0.40891456604003906 -0.35301339626312256 -0.8415286540985107
vn 0.7417410612106323 -0.2134246677160263 -0.6358223557472229
vn -0.2974666655063629 -0.451069712638855 -0.8414568901062012
vn -0.26856353878974915 -0.4267294108867645 -0.8635830879211426
vn -0.19119971990585327 -0.37810051441192627 -0.9058049917221069
vn -0.028847094625234604 -0.34233587980270386 -0.9391347169876099
vn 0.24040640890598297 -0.3298843502998352 -0.9128971099853516
vn 0.5661313533782959 -0.3185582458972931 -0.7602736949920654
vn -0.34270691871643066 -0.4803662598133087 -0.807341456413269
vn -0.3034798502922058 -0.4338315427303314 -0.8483455181121826
vn -0.19809211790561676 -0.398931086063385 -0.89532870054245
vn 0.01980861835181713 -0.38274291157722473 -0.9236425161361694
vn 0.33659544587135315 -0.36833110451698303 -0.8666231632232666
vn 0.6825162172317505 -0.2901403307914734 -0.6708131432533264
vn -0.3004208505153656 -0.46560102701187134 -0.8324440717697144
vn 0.8311709761619568 -0.24027515947818756 -0.5014206171035767
vn -0.3269931972026825 -0.52583247423172 -0.7852233052253723
vn -0.31592825055122375 -0.5278416275978088 -0.7883987426757812
vn -0.3235277533531189 -0.5207699537277222 -0.7900180816650391
vn -0.3345057964324951 -0.5044865012168884 -0.795989453792572
vn -0.27398043870925903 -0.4814971685409546 -0.8325234055519104
vn 0.8995586633682251 -0.13014483451843262 -0.41696107387542725
vn -0.2975586950778961 -0.5091599225997925 -0.807598352432251
vn -0.2879386842250824 -0.49883270263671875 -0.8174700736999512
vn -0.3364158570766449 -0.5169785022735596 -0.7871198654174805
vn -0.31635940074920654 -0.5197175145149231 -0.7936059832572937
vn -0.3094026744365692 -0.5153898596763611 -0.799151599407196
vn -0.3094823658466339 -0.5008445382118225 -0.8083164095878601
vn -0.294161319732666 -0.4998958110809326 -0.8146001100540161
vn 0.9103819131851196 -0.0739813968539238 -0.40710148215293884
vn -0.4654289186000824 -0.4611063003540039 -0.7554845809936523
vn -0.3783712387084961 -0.49928027391433716 -0.7794577479362488
vn -0.3354480564594269 -0.5113027691841125 -0.7912294268608093
vn -0.31314077973365784 -0.5152770280838013 -0.7977672219276428
vn -0.30137205123901367 -0.478731632232666 -0.8246155977249146
vn 0.9124317765235901 -0.07679904252290726 -0.4019579589366913
vn -0.5554563999176025 -0.37843456864356995 -0.7404428124427795
vn -0.45557624101638794 -0.4239048659801483 -0.7827867269515991
vn -0.3807254135608673 -0.45095837116241455 -0.8072699308395386
vn -0.3348139524459839 -0.4668385684490204 -0.8185117244720459
vn -0.5207790732383728 -0.42881014943122864 -0.7381808757781982
vn -0.4171534776687622 -0.4698423743247986 -0.7779660820960999
vn -0.35609233379364014 -0.4914522171020508 -0.79477858543396
vn -0.3198974132537842 -0.5027189254760742 -0.803081214427948
vn -0.613170325756073 -0.3027288615703583 -0.7296419739723206
vn 0.9161128997802734 -0.11057190597057343 -0.3853713274002075
vn -0.6417959928512573 -0.2350999414920807 -0.7299493551254272
vn 0.9261441230773926 -0.15047015249729156 -0.3458552658557892
vn -0.662049412727356 -0.1853877454996109 -0.7261694669723511
vn 0.9686588644981384 -0.06073389947414398 -0.24085557460784912
vn -0.7510343790054321 -0.17892926931381226 -0.635556161403656
vn -0.7166451215744019 -0.18947988748550415 -0.6712058186531067
vn -0.6684714555740356 -0.1454773247241974 -0.7293711304664612
vn 0.9794446229934692 0.06279069930315018 -0.1916913390159607
vn -0.7388901114463806 -0.1585533320903778 -0.6549063324928284
vn -0.7129660844802856 -0.15475383400917053 -0.6839084029197693
vn -0.6754665374755859 -0.10927299410104752 -0.7292492389678955
vn 0.9766644239425659 0.15011881291866302 -0.15359331667423248
vn -0.7197285890579224 -0.14081990718841553 -0.6798238754272461
vn -0.7095997929573059 -0.1291688233613968 -0.6926640868186951
vn -0.6767289638519287 -0.06889839470386505 -0.7330012917518616
vn 0.9732158184051514 0.20920725166797638 -0.09530647099018097
vn -0.7003646492958069 -0.11238035559654236 -0.7048830389976501
vn -0.7011494040489197 -0.10135176032781601 -0.7057743072509766
vn -0.6777268052101135 -0.02215825952589512 -0.7349799275398254
vn 0.9692835211753845 0.20683157444000244 -0.1330799013376236
vn -0.6845689415931702 -0.06802331656217575 -0.7257673144340515
vn -0.691254734992981 -0.06623868644237518 -0.7195688486099243
vn 0.8767610788345337 0.4462659955024719 0.1792672574520111
vn 0.9489956498146057 0.3070378601551056 0.07166004925966263
vn -0.6743852496147156 0.0246391911059618 -0.7379685044288635
vn 0.933353066444397 0.3223396837711334 -0.1579534262418747
vn 0.7646474242210388 0.6438004374504089 -0.028903916478157043
vn 0.8511557579040527 0.5243664979934692 -0.023953087627887726
vn -0.6733696460723877 -0.009948414750397205 -0.7392390370368958
vn -0.6831314563751221 -0.017945077270269394 -0.7300750017166138
vn 0.8174349069595337 0.5581580400466919 0.14233702421188354
vn 0.9296506643295288 0.3652118146419525 0.04868333414196968
vn -0.665009617805481 0.08083206415176392 -0.742447555065155
vn 0.8625128269195557 0.4804990589618683 -0.1587211638689041
vn -0.6655499935150146 0.05194452777504921 -0.7445434331893921
vn -0.6722171306610107 0.038374122232198715 -0.7393589019775391
vn -0.6512840986251831 0.13767416775226593 -0.7462405562400818
vn 0.9450089335441589 0.3231123685836792 -0.050563257187604904
vn -0.6624666452407837 0.10850127786397934 -0.7411919832229614
vn -0.6606769561767578 0.09374862164258957 -0.7447934150695801
vn -0.6375690698623657 0.18858130276203156 -0.7469556927680969
vn 0.962008535861969 0.27062296867370605 -0.03609561175107956
vn -0.6626386046409607 0.15475820004940033 -0.7327755689620972
vn -0.6520346999168396 0.14611412584781647 -0.7439767718315125
vn 0.8779067993164062 0.4306689202785492 0.2092939019203186
vn 0.9380379319190979 0.3219763934612274 0.12812498211860657
vn -0.6251255869865417 0.243286594748497 -0.7416397929191589
vn 0.9184660315513611 0.38703566789627075 -0.08138567209243774
vn 0.7183964252471924 0.6944141387939453 0.04117801412940025
vn 0.7929328680038452 0.6092367768287659 -0.009382251650094986
vn -0.666382908821106 0.19679231941699982 -0.7191708087921143
vn -0.6472703218460083 0.19966444373130798 -0.7356461882591248
vn 0.8104534149169922 0.5633305907249451 0.16069833934307098
vn 0.9053783416748047 0.4149569272994995 0.0900043472647667
vn -0.6017047762870789 0.3197157382965088 -0.7319380044937134
vn 0.7216483950614929 0.6891576647758484 -0.06546236574649811
vn -0.5591668486595154 0.43734121322631836 -0.7043188810348511
vn 0.7333242893218994 0.6730585098266602 -0.0960616022348404
vn -0.4630439877510071 0.5140875577926636 -0.7220140695571899
vn -0.3781336843967438 0.5508385896682739 -0.7440374493598938
vn -0.25727176666259766 0.6613696217536926 -0.7045577168464661
vn -0.09898905456066132 0.7687045931816101 -0.631897509098053
vn 0.20245464146137238 0.8182784914970398 -0.5379891991615295
vn 0.4249540865421295 0.8215373158454895 -0.3801192045211792
vn 0.4644186198711395 0.8533137440681458 -0.23700453341007233
vn 0.6003480553627014 0.7859941720962524 -0.14763286709785461
vn -0.18035770952701569 0.7526896595954895 -0.6331899166107178
vn -0.061750900000333786 0.8017834424972534 -0.5944159030914307
vn 0.13434910774230957 0.8502042889595032 -0.5090216994285583
vn 0.41447529196739197 0.8317484855651855 -0.36933016777038574
vn -0.13322967290878296 0.8463430404663086 -0.5157067179679871
vn -0.0033805114217102528 0.8751343488693237 -0.48386821150779724
vn 0.1329544484615326 0.897789716720581 -0.41987714171409607
vn 0.36047154664993286 0.8718128204345703 -0.331666499376297
vn -0.23582705855369568 -0.6627379059791565 -0.7107489109039307
vn -0.05959406495094299 -0.7013542652130127 -0.7103173732757568
vn 0.14850343763828278 -0.6834490299224854 -0.7147336006164551
vn 0.49205783009529114 -0.5934519171714783 -0.636941134929657
vn -0.20255233347415924 -0.7561776638031006 -0.6222282648086548
vn 0.004268868826329708 -0.8254548907279968 -0.5644519329071045
vn 0.23381046950817108 -0.8105618953704834 -0.5369563102722168
vn 0.6040112972259521 -0.6699336767196655 -0.4316934645175934
vn -0.32519426941871643 -0.6051353812217712 -0.7266772985458374
vn 0.8312084078788757 -0.4166770279407501 -0.3680665194988251
vn -0.4326372444629669 -0.6390537023544312 -0.6359524130821228
vn -0.35920247435569763 -0.6720202565193176 -0.647581934928894
vn -0.3365422189235687 -0.5363748669624329 -0.7739776372909546
vn 0.9198550581932068 -0.1944882571697235 -0.3406479060649872
vn -0.41915929317474365 -0.5352895259857178 -0.7333285212516785
vn -0.3959064185619354 -0.5319585204124451 -0.7485173940658569
vn -0.42894992232322693 -0.5923087000846863 -0.682035505771637
vn -0.40168312191963196 -0.5976531505584717 -0.6938742995262146
vn -0.3962319791316986 -0.5329819321632385 -0.7476165890693665
vn 0.922584593296051 -0.11931531131267548 -0.366880863904953
vn -0.35785725712776184 -0.6016175746917725 -0.7141390442848206
vn -0.3337721526622772 -0.610561728477478 -0.7181994915008545
vn -0.3512484133243561 -0.6084054112434387 -0.7116653323173523
vn -0.38741955161094666 -0.5972190499305725 -0.7023072242736816
vn -0.35566502809524536 -0.5230556130409241 -0.774541974067688
vn 0.9126278162002563 -0.15629293024539948 -0.37773406505584717
vn -0.34285131096839905 -0.5454068779945374 -0.764842689037323
vn -0.32479724287986755 -0.5494568943977356 -0.769807755947113
vn -0.32420793175697327 -0.5441907644271851 -0.7737865447998047
vn -0.34054601192474365 -0.5357871055603027 -0.7726323008537292
vn -0.3653506934642792 -0.5728034973144531 -0.7337676882743835
vn -0.33377379179000854 -0.5718440413475037 -0.7493928074836731
vn -0.33635181188583374 -0.5709633827209473 -0.748911440372467
vn -0.3622124195098877 -0.5615522861480713 -0.7439497709274292
vn -0.36692237854003906 -0.5338441133499146 -0.7618257403373718
vn 0.9546146392822266 -0.13085418939590454 -0.26755964756011963
vn -0.5158705115318298 -0.5262809991836548 -0.6759482026100159
vn -0.42107248306274414 -0.5540539622306824 -0.7181380987167358
vn -0.3787819743156433 -0.5156779885292053 -0.768505334854126
vn 0.9729287028312683 -0.07109196484088898 -0.2198992371559143
vn -0.5127527117729187 -0.4703533351421356 -0.7182286977767944
vn -0.43873462080955505 -0.5041817426681519 -0.7438499331474304
vn -0.5457712411880493 -0.4936935603618622 -0.6770528554916382
vn -0.43868494033813477 -0.5216906666755676 -0.7317065000534058
vn -0.5840349793434143 -0.4195546805858612 -0.6948935389518738
vn 0.9778509736061096 -0.043531931936740875 -0.20472551882266998
vn -0.753360390663147 -0.3596959412097931 -0.5505151748657227
vn -0.6469981670379639 -0.4228156805038452 -0.6345236897468567
vn -0.6341286301612854 -0.3579441010951996 -0.6853882074356079
vn 0.9794248938560486 -0.04628454148769379 -0.19642989337444305
vn -0.7774024605751038 -0.31563249230384827 -0.5440786480903625
vn -0.687650203704834 -0.3576687276363373 -0.6318309903144836
vn -0.6825814247131348 -0.2843915522098541 -0.6732043027877808
vn 0.9820776581764221 -0.056475065648555756 -0.17981676757335663
vn -0.7835310697555542 -0.28797319531440735 -0.5505910515785217
vn -0.7229958176612854 -0.3082011044025421 -0.618295431137085
vn -0.7006857991218567 -0.23041006922721863 -0.6752411723136902
vn 0.989586591720581 -0.04416687414050102 -0.1369950771331787
vn -0.7728265523910522 -0.21682122349739075 -0.5964291095733643
vn -0.7494928240776062 -0.22423627972602844 -0.6228793263435364
vn -0.7794022560119629 -0.25790587067604065 -0.5709787607192993
vn -0.7430004477500916 -0.26452335715293884 -0.6147989630699158
vn -0.7616701126098633 -0.20082636177539825 -0.6160580515861511
vn 0.9965949654579163 0.04007541015744209 -0.07205947488546371
vn -0.7346605062484741 -0.18968577682971954 -0.6513779163360596
vn 0.9896849989891052 0.14250388741493225 -0.01470778975635767
vn -0.7014297842979431 -0.17430396378040314 -0.6910965442657471
vn 0.9747562408447266 0.2200835794210434 0.03759707883000374
vn -0.6847885251045227 -0.2294306755065918 -0.6916837096214294
vn -0.6906084418296814 -0.22198520600795746 -0.6883186101913452
vn -0.6805015206336975 -0.12373314797878265 -0.7222241759300232
vn 0.9587567448616028 0.2748463749885559 0.07242254167795181
vn 0.8384702205657959 0.4773938059806824 0.2627980411052704
vn 0.9061415195465088 0.37944793701171875 0.1868872046470642
vn -0.673298180103302 -0.182001531124115 -0.7166206240653992
vn -0.6788758039474487 -0.17695386707782745 -0.7126114964485168
vn -0.6692955493927002 -0.06327234208583832 -0.7402973771095276
vn 0.8039332628250122 0.5433065891265869 0.24188709259033203
vn -0.6660022139549255 -0.10393955558538437 -0.7386729121208191
vn -0.6667203903198242 -0.12024687975645065 -0.7355437874794006
vn -0.665233314037323 0.008113956078886986 -0.7465914487838745
vn 0.8041074872016907 0.5710324048995972 0.16532783210277557
vn -0.675167441368103 0.0008299852488562465 -0.7376640439033508
vn -0.6634944081306458 -0.04230187460780144 -0.7469844222068787
vn -0.6695448756217957 0.07865115255117416 -0.738595724105835
vn 0.9055346250534058 0.40691637992858887 0.12010896950960159
vn -0.6960111260414124 0.10777707397937775 -0.7098962068557739
vn -0.6724005937576294 0.04656514152884483 -0.7387213110923767
vn -0.6809977889060974 0.13543857634067535 -0.7196515798568726
vn 0.9403849840164185 0.31259527802467346 0.13401643931865692
vn 0.8614826798439026 0.42533284425735474 0.27737993001937866
vn 0.9075601100921631 0.35414978861808777 0.22563841938972473
vn -0.7229219079017639 0.18665802478790283 -0.6652387976646423
vn -0.6910243630409241 0.12551644444465637 -0.7118504047393799
vn -0.6963787078857422 0.17532087862491608 -0.6959304809570312
vn 0.814182698726654 0.5209054350852966 0.2564450204372406
vn -0.7447158694267273 0.22589601576328278 -0.627988338470459
vn -0.712181031703949 0.18096064031124115 -0.6782709956169128
vn -0.6979892253875732 0.2164803445339203 -0.6826034188270569
vn 0.77627032995224 0.6033571362495422 0.1826595813035965
vn -0.6751284599304199 0.24162696301937103 -0.6970064640045166
vn -0.641608476638794 0.25194665789604187 -0.7244732975959778
vn -0.7632719278335571 0.24362985789775848 -0.5983815789222717
vn -0.7263501286506653 0.22123029828071594 -0.6507477760314941
vn -0.6164036393165588 0.3385098874568939 -0.7109554409980774
vn 0.812324047088623 0.5762560963630676 0.08977007120847702
vn -0.6540170907974243 0.2999913692474365 -0.6944543123245239
vn -0.6402431726455688 0.30442366003990173 -0.7052764892578125
vn -0.5630675554275513 0.4753510355949402 -0.6760150194168091
vn 0.776467502117157 0.6298259496688843 0.020435120910406113
vn -0.4757162034511566 0.5617440342903137 -0.6768587231636047
vn -0.3488270342350006 0.640864908695221 -0.6838214993476868
vn 0.62375807762146 0.7754045724868774 -0.09835530817508698
vn 0.6631901860237122 0.7471880316734314 -0.04346189275383949
vn -0.6122483611106873 0.3853529691696167 -0.6904021501541138
vn -0.5836180448532104 0.4187135398387909 -0.6957507133483887
vn -0.2912704646587372 0.7548208236694336 -0.5877134799957275
vn 0.6149146556854248 0.7620282173156738 -0.20296059548854828
vn -0.5708566904067993 0.48954981565475464 -0.6591386198997498
vn -0.49480465054512024 0.5358772277832031 -0.6841081380844116
vn -0.4736544191837311 0.6034073829650879 -0.6415224671363831
vn -0.40444889664649963 0.6749691963195801 -0.6171204447746277
vn -0.2087598592042923 0.863621711730957 -0.45888668298721313
vn 0.6103415489196777 0.7716616988182068 -0.1789451688528061
vn 0.008415077812969685 0.926705002784729 -0.3756955564022064
vn 0.16597411036491394 0.9394537210464478 -0.29979899525642395
vn 0.32394587993621826 0.9188339114189148 -0.22539612650871277
vn 0.5312520861625671 0.8322173357009888 -0.15869955718517303
vn -0.5281697511672974 0.6205824017524719 -0.5795810222625732
vn -0.4317919909954071 0.6602553129196167 -0.6145068407058716
vn -0.3585217595100403 0.7127779722213745 -0.6028347015380859
vn -0.3289412260055542 0.7820015549659729 -0.5294066071510315
vn 0.016709113493561745 -0.8506003022193909 -0.5255472660064697
vn 0.4103427827358246 -0.8111231923103333 -0.4167710244655609
vn -0.12845849990844727 -0.801681399345398 -0.5837854146957397
vn 0.08398433774709702 -0.8576856255531311 -0.5072691440582275
vn 0.2361113280057907 -0.897942066192627 -0.3714182674884796
vn 0.4732684791088104 -0.8239864110946655 -0.31154999136924744
vn -0.14613661170005798 -0.8129304647445679 -0.563727080821991
vn 0.3054579794406891 -0.8121434450149536 -0.49711015820503235
vn -0.313612163066864 -0.7440997362136841 -0.5898838639259338
vn 0.7908024787902832 -0.580874502658844 -0.19291482865810394
vn -0.44789940118789673 -0.6724478602409363 -0.589236855506897
vn -0.405862957239151 -0.6975717544555664 -0.5904819965362549
vn -0.4344159960746765 -0.7054093480110168 -0.5600718259811401
vn -0.3627340793609619 -0.747285783290863 -0.5567656755447388
vn -0.436718612909317 -0.6571040749549866 -0.6144031286239624
vn 0.9353055357933044 -0.31692203879356384 -0.15736593306064606
vn -0.3720077872276306 -0.7227358222007751 -0.5824630260467529
vn -0.35183387994766235 -0.7239334583282471 -0.5934082269668579
vn -0.37347644567489624 -0.7139405012130737 -0.5922874212265015
vn -0.41206076741218567 -0.7005406022071838 -0.5826223492622375
vn -0.40330958366394043 -0.6374887824058533 -0.6564673781394958
vn 0.976285994052887 -0.1474984586238861 -0.1584610790014267
vn -0.3823879361152649 -0.641565203666687 -0.6649613380432129
vn -0.34394019842147827 -0.6554636359214783 -0.6723634004592896
vn -0.34070876240730286 -0.6535589098930359 -0.6758537888526917
vn -0.3697655200958252 -0.6463253498077393 -0.6674856543540955
vn -0.40374302864074707 -0.6792117357254028 -0.6129136085510254
vn -0.3519112765789032 -0.6905975937843323 -0.6318492293357849
vn -0.35500043630599976 -0.6879414319992065 -0.6330176591873169
vn -0.39251062273979187 -0.6762298941612244 -0.6234167814254761
vn -0.4190259575843811 -0.6214821338653564 -0.6619495749473572
vn 0.9827370643615723 -0.08375264704227448 -0.1649647355079651
vn -0.5905075669288635 -0.6135697960853577 -0.5242452621459961
vn -0.48007452487945557 -0.6506633162498474 -0.588358461856842
vn -0.4259268045425415 -0.5954898595809937 -0.681159496307373
vn 0.9867322444915771 -0.08348172158002853 -0.13924932479858398
vn -0.5718101859092712 -0.5626320242881775 -0.5970579981803894
vn -0.5006780028343201 -0.587769091129303 -0.6354912519454956
vn -0.6219400763511658 -0.5853990316390991 -0.5200948119163513
vn -0.5068220496177673 -0.6153377294540405 -0.6037307977676392
vn -0.6175495982170105 -0.5347065925598145 -0.5768200755119324
vn 0.9942772388458252 -0.05709231644868851 -0.09029563516378403
vn -0.7474043965339661 -0.5298040509223938 -0.4008669853210449
vn -0.6822741031646729 -0.5673992037773132 -0.461042582988739
vn -0.6288906335830688 -0.4921114444732666 -0.6019327640533447
vn 0.9976387023925781 -0.030473701655864716 -0.06154951825737953
vn -0.803543210029602 -0.3862694203853607 -0.4528954029083252
vn -0.7189261317253113 -0.4422340989112854 -0.5362594127655029
vn -0.7780007123947144 -0.46068865060806274 -0.42717787623405457
vn -0.6901018619537354 -0.5233737826347351 -0.49983933568000793
vn -0.825769305229187 -0.34131956100463867 -0.4490055441856384
vn 0.9985507726669312 -0.021959712728857994 -0.04913441091775894
vn -0.81743985414505 -0.3259288966655731 -0.4749342203140259
vn 0.9989621043205261 -0.021579338237643242 -0.04011368006467819
vn -0.7918757200241089 -0.31482771039009094 -0.5232746005058289
vn 0.9997525215148926 -0.008772940374910831 -0.020443998277187347
vn -0.7781220078468323 -0.37185388803482056 -0.5062123537063599
vn -0.7775106430053711 -0.37152528762817383 -0.5073915123939514
vn -0.7737748622894287 -0.2614993453025818 -0.5769667625427246
vn 0.998887300491333 0.0430796854197979 0.019193341955542564
vn -0.7660582065582275 -0.34430739283561707 -0.5427773594856262
vn -0.7729116082191467 -0.32377028465270996 -0.5456927418708801
vn -0.7447347044944763 -0.24355970323085785 -0.6213282942771912
vn 0.9882156252861023 0.1348889321088791 0.07235263288021088
vn -0.7415736317634583 -0.33434104919433594 -0.5816224813461304
vn -0.7544673085212708 -0.29729071259498596 -0.5851473212242126
vn -0.713323175907135 -0.232703298330307 -0.6610742807388306
vn 0.966044545173645 0.22676968574523926 0.1238284558057785
vn -0.6965658068656921 -0.27545487880706787 -0.6625109910964966
vn -0.6993459463119507 -0.26665130257606506 -0.6631835103034973
vn -0.7060457468032837 -0.31946632266044617 -0.632013201713562
vn -0.7258508205413818 -0.28407779335975647 -0.6264507174491882
vn -0.6843580603599548 -0.2565707266330719 -0.6825140714645386
vn 0.9393140077590942 0.2982611656188965 0.16949765384197235
vn -0.7106974124908447 -0.2994731366634369 -0.6365728974342346
vn -0.6873515248298645 -0.3215840458869934 -0.651253879070282
vn 0.8402659893035889 0.44105029106140137 0.31532174348831177
vn 0.8962104916572571 0.3645954132080078 0.25273895263671875
vn -0.6728001236915588 -0.176627054810524 -0.7184309363365173
vn 0.9172455072402954 0.34856149554252625 0.19278380274772644
vn 0.814310610294342 0.48967960476875305 0.31162819266319275
vn 0.8603456020355225 0.4349183142185211 0.26580360531806946
vn -0.7275080680847168 -0.20863598585128784 -0.6536077260971069
vn -0.6852818131446838 -0.24552616477012634 -0.6856426000595093
vn 0.8266491293907166 0.46520134806632996 0.31660550832748413
vn 0.8814424276351929 0.395595908164978 0.2579984664916992
vn -0.6824723482131958 -0.06486868858337402 -0.7280271649360657
vn 0.8079225420951843 0.5126568675041199 0.29059284925460815
vn -0.747358500957489 -0.09967019408941269 -0.6569026708602905
vn -0.6985753178596497 -0.14067982137203217 -0.7015708684921265
vn -0.7009770274162292 0.06539283692836761 -0.7101795673370361
vn 0.855851411819458 0.4513460695743561 0.2525968551635742
vn -0.7582565546035767 0.03611132875084877 -0.6509554386138916
vn -0.7164634466171265 -0.009646780788898468 -0.6975579857826233
vn -0.7234063744544983 0.18319584429264069 -0.6656745076179504
vn 0.8955012559890747 0.37355974316596985 0.24193121492862701
vn -0.7603291273117065 0.17262567579746246 -0.6261789798736572
vn -0.7292699813842773 0.1328638792037964 -0.6712022423744202
vn 0.8613455891609192 0.3898303508758545 0.32575473189353943
vn 0.8723341822624207 0.38558971881866455 0.30058905482292175
vn -0.7533763647079468 0.2600601315498352 -0.6039807796478271
vn 0.9078382849693298 0.3452615737915039 0.23795823752880096
vn 0.8547751903533936 0.416254460811615 0.30998659133911133
vn 0.8797417283058167 0.38091573119163513 0.2845308780670166
vn -0.7625007033348083 0.2819872498512268 -0.5823023319244385
vn -0.7427277565002441 0.2614292502403259 -0.6164497137069702
vn 0.8654255867004395 0.38803791999816895 0.3169625699520111
vn 0.8814936280250549 0.37196171283721924 0.2908841073513031
vn -0.7750467658042908 0.26064810156822205 -0.5756431818008423
vn 0.838604211807251 0.4660128355026245 0.2820906937122345
vn -0.7961204648017883 0.26376810669898987 -0.5446270704269409
vn 0.8556860089302063 0.4719984829425812 0.21217676997184753
vn -0.7659990787506104 0.2299889773130417 -0.6002919673919678
vn -0.7129418849945068 0.23766206204891205 -0.6597201824188232
vn -0.697640597820282 0.295830100774765 -0.6525198221206665
vn 0.863296389579773 0.48498499393463135 0.13967445492744446
vn -0.7984293699264526 0.25168943405151367 -0.5469579696655273
vn -0.754865825176239 0.24868294596672058 -0.6069055795669556
vn 0.8444992899894714 0.4952620565891266 0.20380493998527527
vn 0.8839247226715088 0.4299795925617218 0.18383339047431946
vn -0.6875973343849182 0.3700806498527527 -0.624700129032135
vn 0.7949249744415283 0.6027798056602478 0.06892640143632889
vn 0.7108098864555359 0.7000393271446228 0.06851521134376526
vn 0.7273769378662109 0.6835929155349731 0.06019684672355652
vn -0.8028509020805359 0.2899823784828186 -0.5209037661552429
vn -0.7609773278236389 0.2963919937610626 -0.5771181583404541
vn 0.7788711190223694 0.6089736819267273 0.15003657341003418
vn 0.8268775343894958 0.544556200504303 0.140471413731575
vn -0.6637271046638489 0.4839799106121063 -0.5702892541885376
vn 0.7161021828651428 0.6979934573173523 -0.0016992781311273575
vn -0.7756394147872925 0.36857372522354126 -0.5123835802078247
vn -0.7490029335021973 0.37663811445236206 -0.5451039671897888
vn -0.5778570771217346 0.6461313962936401 -0.49859359860420227
vn 0.7033401131629944 0.7104954719543457 -0.022556956857442856
vn -0.41112321615219116 0.7672101259231567 -0.49230721592903137
vn -0.3214302062988281 0.7915573120117188 -0.5197305083274841
vn -0.22358804941177368 0.8581182956695557 -0.4622136056423187
vn -0.14374911785125732 0.9087691307067871 -0.39175868034362793
vn 0.0627303197979927 0.9479984641075134 -0.31203174591064453
vn 0.27809083461761475 0.9346311688423157 -0.2216530740261078
vn 0.3790895938873291 0.9171313643455505 -0.12313081324100494
vn 0.5499520897865295 0.8331117630004883 -0.05897035449743271
vn -0.7280443906784058 0.4752641022205353 -0.49403998255729675
vn -0.6792880892753601 0.5315658450126648 -0.505969762802124
vn -0.15020637214183807 0.9285320043563843 -0.3395090103149414
vn -0.0925755500793457 0.9455835819244385 -0.3119320273399353
vn 0.001962407259270549 0.9691793918609619 -0.24634815752506256
vn 0.19946734607219696 0.9633121490478516 -0.1795622855424881
vn -0.11637841910123825 -0.9267718195915222 -0.35714155435562134
vn 0.13430243730545044 -0.931057333946228 -0.3392567038536072
vn -0.21811063587665558 -0.8410922884941101 -0.49496620893478394
vn 0.4733365774154663 -0.8610857129096985 -0.18569859862327576
vn -0.32377442717552185 -0.7862944602966309 -0.5262235403060913
vn 0.6385870575904846 -0.7412989139556885 -0.20659764111042023
vn -0.42723357677459717 -0.7296332120895386 -0.5339540839195251
vn -0.4067690968513489 -0.7416241765022278 -0.5334157943725586
vn 0.4822564125061035 -0.8309423327445984 -0.27742329239845276
vn 0.6023301482200623 -0.7800531983375549 -0.16945640742778778
vn -0.4227849245071411 -0.7180346250534058 -0.5528826117515564
vn 0.8574596047401428 -0.5095101594924927 -0.0718497484922409
vn -0.4094787836074829 -0.7563899159431458 -0.5100995302200317
vn -0.36748838424682617 -0.7594040036201477 -0.5368965864181519
vn -0.36898890137672424 -0.7457987070083618 -0.5546454787254333
vn -0.3953554034233093 -0.7289685010910034 -0.5588372945785522
vn -0.42932578921318054 -0.7203157544136047 -0.5448161959648132
vn 0.9632470607757568 -0.26606014370918274 -0.03697523474693298
vn -0.46533218026161194 -0.7002543807029724 -0.5413961410522461
vn 0.9926971197128296 -0.11865948885679245 -0.02173442393541336
vn -0.6713395714759827 -0.605765700340271 -0.4270259737968445
vn -0.562904953956604 -0.6536300182342529 -0.5058714747428894
vn -0.6836895942687988 -0.5826019048690796 -0.43948110938072205
vn 0.9984447956085205 -0.05556303635239601 -0.004559025634080172
vn -0.7087302207946777 -0.5767539739608765 -0.406271368265152
vn 0.9992788434028625 -0.029738128185272217 0.023610973730683327
vn -0.7958803772926331 -0.5146370530128479 -0.3189406096935272
vn -0.7437353134155273 -0.5605176687240601 -0.36424967646598816
vn -0.8138330578804016 -0.4659895598888397 -0.3471737205982208
vn 0.9985968470573425 -0.012779192067682743 0.051391568034887314
vn -0.8409788012504578 -0.40277495980262756 -0.36128535866737366
vn 0.9977052807807922 -0.006847929675132036 0.06735991686582565
vn -0.8332511782646179 -0.3885248601436615 -0.39337125420570374
vn 0.9970917105674744 -0.006491512060165405 0.075934037566185
vn -0.7959177494049072 -0.39885929226875305 -0.4554406404495239
vn 0.9962257146835327 0.0038485147524625063 0.08671534061431885
vn -0.7849886417388916 -0.41555964946746826 -0.4594595730304718
vn -0.7833962440490723 -0.41397789120674133 -0.4635867178440094
vn -0.7821004986763 -0.38089174032211304 -0.4931940734386444
vn 0.9932258725166321 0.04220624640583992 0.10826403647661209
vn -0.7577931880950928 -0.3863784074783325 -0.5257959365844727
vn 0.9828362464904785 0.11708178371191025 0.14256525039672852
vn -0.7232280969619751 -0.38334643840789795 -0.574444591999054
vn 0.9600836038589478 0.21107329428195953 0.18354196846485138
vn -0.6997648477554321 -0.37970083951950073 -0.6051086187362671
vn 0.9279900193214417 0.29703155159950256 0.22495965659618378
vn -0.7527138590812683 -0.33130398392677307 -0.5689108967781067
vn -0.7134963274002075 -0.360885351896286 -0.6005703806877136
vn 0.8057585954666138 0.4661063551902771 0.36537373065948486
vn 0.8644244074821472 0.3987126052379608 0.30626583099365234
vn -0.7638141512870789 -0.2618408203125 -0.5899384617805481
vn 0.7994378209114075 0.4831627607345581 0.35700544714927673
vn -0.7833182215690613 -0.189288929104805 -0.5920999050140381
vn 0.8031460046768188 0.4849124252796173 0.3461450934410095
vn -0.7946517467498779 -0.0700903907418251 -0.6030057668685913
vn 0.8300233483314514 0.45343121886253357 0.32474812865257263
vn -0.8030142188072205 0.07374296337366104 -0.5913799405097961
vn 0.8579395413398743 0.4096794128417969 0.3100042939186096
vn 0.8469929099082947 0.3952929973602295 0.35545244812965393
vn 0.852902352809906 0.3993731141090393 0.33624202013015747
vn -0.8010568618774414 0.20821347832679749 -0.5612086653709412
vn 0.8544209599494934 0.3913141191005707 0.3418159484863281
vn -0.7826889157295227 0.31979086995124817 -0.5339774489402771
vn 0.863346517086029 0.3890601098537445 0.32134878635406494
vn -0.7597315907478333 0.3447636365890503 -0.5513129234313965
vn -0.762346088886261 0.31997692584991455 -0.5625329613685608
vn -0.7871248722076416 0.3038344085216522 -0.536767303943634
vn 0.8825651407241821 0.3800835907459259 0.2767947018146515
vn -0.8117849826812744 0.2877413332462311 -0.5081437230110168
vn 0.8983807563781738 0.3777557611465454 0.2240818291902542
vn 0.8410970568656921 0.47177907824516296 0.2645379304885864
vn 0.8859490156173706 0.3984556496143341 0.23733408749103546
vn -0.8212250471115112 0.2652316093444824 -0.5052145719528198
vn 0.7944201827049255 0.5643154382705688 0.22459863126277924
vn -0.8192405700683594 0.2922908365726471 -0.4933670461177826
vn 0.7602667808532715 0.6280665397644043 0.16591234505176544
vn -0.7920675873756409 0.37431401014328003 -0.48220115900039673
vn 0.7896815538406372 0.6045851111412048 0.10430707037448883
vn -0.7192898392677307 0.5115188956260681 -0.47007516026496887
vn 0.7360905408859253 0.6747349500656128 0.053883641958236694
vn -0.6174061298370361 0.6263554692268372 -0.4759080708026886
vn -0.507598876953125 0.7325405478477478 -0.4535723030567169
vn -0.3500577211380005 0.8382550477981567 -0.41807663440704346
vn -0.25251540541648865 0.8770555257797241 -0.40866819024086
vn 0.48241597414016724 0.8758047223091125 -0.015524093993008137
vn 0.583800733089447 0.811823308467865 0.010937956161797047
vn -0.11665239185094833 0.9537681341171265 -0.2769811153411865
vn 0.41638118028640747 0.9054670333862305 -0.08219628781080246
vn -0.033824626356363297 0.9775882959365845 -0.207790806889534
vn 0.03826724365353584 0.9881139993667603 -0.14888377487659454
vn 0.1535900980234146 0.9848410487174988 -0.08061166852712631
vn 0.33521410822868347 0.9418365955352783 -0.023986559361219406
vn 0.024297285825014114 -0.9621629118919373 -0.2713892459869385
vn 0.2049151360988617 -0.9666664004325867 -0.1535116285085678
vn -0.25607791543006897 -0.8685010075569153 -0.42441752552986145
vn 0.5703561902046204 -0.8204693794250488 -0.03903684392571449
vn -0.47016772627830505 -0.8105778098106384 -0.3491503596305847
vn -0.4097309708595276 -0.8138247728347778 -0.41207990050315857
vn -0.3084140419960022 -0.8501400351524353 -0.42678195238113403
vn -0.20755450427532196 -0.8925521969795227 -0.4003395438194275
vn -0.3616129755973816 -0.7928675413131714 -0.4905070960521698
vn 0.7146522998809814 -0.6991185545921326 0.022481592372059822
vn -0.42390501499176025 -0.7500147223472595 -0.507722795009613
vn -0.41250938177108765 -0.7625248432159424 -0.498389333486557
vn 0.7151585221290588 -0.6957523822784424 -0.06691110879182816
vn 0.7423442602157593 -0.6656792163848877 -0.07613296061754227
vn -0.46933361887931824 -0.7852344512939453 -0.4038971960544586
vn -0.4362589418888092 -0.783978283405304 -0.44165173172950745
vn -0.39996492862701416 -0.7876182794570923 -0.4687061607837677
vn -0.34689873456954956 -0.8217813968658447 -0.4520360827445984
vn -0.41698381304740906 -0.7374067306518555 -0.5313717126846313
vn 0.9087708592414856 -0.4170295298099518 0.014895693399012089
vn -0.44972485303878784 -0.7833205461502075 -0.4291347563266754
vn -0.40400752425193787 -0.7952277064323425 -0.45209604501724243
vn -0.3955429494380951 -0.7754845023155212 -0.4921073615550995
vn -0.3959627151489258 -0.7542179226875305 -0.5238023400306702
vn -0.466938316822052 -0.8108420968055725 -0.3528507947921753
vn -0.45824703574180603 -0.7976707816123962 -0.3920854330062866
vn -0.4244705140590668 -0.7752763628959656 -0.46773001551628113
vn -0.42301249504089355 -0.7634038925170898 -0.4881342649459839
vn -0.4801429212093353 -0.7556373476982117 -0.4455052316188812
vn 0.9762012362480164 -0.20581044256687164 0.06836162507534027
vn -0.6192055344581604 -0.7228966951370239 -0.3066020905971527
vn -0.5196001529693604 -0.778217613697052 -0.3526941239833832
vn -0.5276159048080444 -0.711405873298645 -0.4642447829246521
vn 0.991392195224762 -0.08092786371707916 0.1029186025261879
vn -0.7204157114028931 -0.6035733222961426 -0.3416145145893097
vn -0.6311038136482239 -0.6595918536186218 -0.40822359919548035
vn -0.6825047135353088 -0.6543419361114502 -0.32561323046684265
vn -0.5681728720664978 -0.7279526591300964 -0.38375070691108704
vn -0.7401992082595825 -0.5804721117019653 -0.3393484652042389
vn 0.991427481174469 -0.01962602138519287 0.12917612493038177
vn -0.7495060563087463 -0.5786671042442322 -0.3215354382991791
vn 0.9884201884269714 0.005685359705239534 0.15163519978523254
vn -0.820759117603302 -0.5040902495384216 -0.2687889337539673
vn -0.7852453589439392 -0.5433992147445679 -0.29682809114456177
vn -0.8372778296470642 -0.4600565731525421 -0.2954891622066498
vn 0.9858337044715881 0.010494529269635677 0.167397141456604
vn -0.8311488628387451 -0.45380815863609314 -0.32132506370544434
vn 0.9842868447303772 0.006264197174459696 0.1764659285545349
vn -0.7984704375267029 -0.46975380182266235 -0.37653204798698425
vn 0.9828325510025024 0.008441017009317875 0.1843067854642868
vn -0.802905797958374 -0.5028001070022583 -0.32020989060401917
vn -0.7857357859611511 -0.5148001909255981 -0.34292855858802795
vn -0.7820057272911072 -0.45777854323387146 -0.4229726791381836
vn 0.9798861145973206 0.03252174332737923 0.19688954949378967
vn -0.7960076332092285 -0.4486596882343292 -0.40629592537879944
vn -0.7890082001686096 -0.4547453820705414 -0.413125604391098
vn -0.7989568710327148 -0.48328545689582825 -0.3579150140285492
vn -0.7938166856765747 -0.48122888803482056 -0.37185195088386536
vn -0.7793647646903992 -0.44239023327827454 -0.44371330738067627
vn 0.9723679423332214 0.0875413566827774 0.21641886234283447
vn -0.7655128240585327 -0.5433488488197327 -0.3446187973022461
vn -0.7689369916915894 -0.5235443115234375 -0.36692968010902405
vn -0.7411452531814575 -0.43641626834869385 -0.5101417899131775
vn 0.9557031393051147 0.16953106224536896 0.24060502648353577
vn -0.7768388986587524 -0.49057283997535706 -0.39479053020477295
vn -0.7543737888336182 -0.4918191134929657 -0.4347805976867676
vn -0.7248018980026245 -0.423458069562912 -0.5434569120407104
vn 0.9247356057167053 0.2639180123806 0.27424702048301697
vn -0.7875298857688904 -0.4537298381328583 -0.4170442521572113
vn -0.7535319924354553 -0.45628246665000916 -0.4732820987701416
vn 0.8145908117294312 0.3699682950973511 0.44672736525535583
vn 0.8844015002250671 0.2909347414970398 0.36495348811149597
vn -0.7237042188644409 -0.4041205644607544 -0.5594093203544617
vn 0.8865978717803955 0.35018157958984375 0.3021872639656067
vn -0.7874292731285095 -0.35786187648773193 -0.5018864274024963
vn -0.7514950633049011 -0.3933207392692566 -0.5296735167503357
vn 0.7761579155921936 0.47357892990112305 0.41629552841186523
vn 0.8220083117485046 0.4310813844203949 0.37211713194847107
vn -0.7854558229446411 -0.41653406620025635 -0.45777562260627747
vn -0.7570320963859558 -0.42871999740600586 -0.4930534362792969
vn 0.7861475944519043 0.4357106387615204 0.43832436203956604
vn 0.8538661003112793 0.3681255578994751 0.36796239018440247
vn -0.7984797358512878 -0.2977405786514282 -0.5232406258583069
vn 0.7838391065597534 0.4772014021873474 0.3973350524902344
vn -0.8456569314002991 -0.3122697174549103 -0.43284177780151367
vn -0.7895873785018921 -0.3844994306564331 -0.47823840379714966
vn -0.8138551712036133 -0.17688539624214172 -0.553490161895752
vn 0.813201367855072 0.44617506861686707 0.3736727833747864
vn -0.8827707767486572 -0.18733535706996918 -0.43083781003952026
vn -0.8222078680992126 -0.26063042879104614 -0.5060099363327026
vn -0.8362599015235901 -0.029142901301383972 -0.5475583672523499
vn 0.8334064483642578 0.4203394055366516 0.35881543159484863
vn -0.9047639966011047 -0.07755248248577118 -0.41879332065582275
vn -0.8575007319450378 -0.12133105844259262 -0.4999712407588959
vn 0.8006584048271179 0.41963014006614685 0.4276174306869507
vn 0.818125307559967 0.4153611361980438 0.39767590165138245
vn -0.8419647812843323 0.11806990206241608 -0.5264549255371094
vn 0.8438507914543152 0.40776634216308594 0.34877294301986694
vn 0.8300573825836182 0.3980087637901306 0.3906325697898865
vn 0.8341137170791626 0.40694892406463623 0.37235331535339355
vn -0.9000362753868103 0.026337500661611557 -0.4350184202194214
vn -0.8743987083435059 0.02028924971818924 -0.4847838580608368
vn 0.8148124814033508 0.4079550802707672 0.4118900001049042
vn 0.8243600726127625 0.4141947329044342 0.38584092259407043
vn -0.8252567052841187 0.2428271472454071 -0.5098886489868164
vn 0.8543866276741028 0.36983510851860046 0.36502811312675476
vn -0.8673610687255859 0.11858295649290085 -0.48334547877311707
vn -0.8630779981613159 0.1530793309211731 -0.4813140332698822
vn -0.7963176369667053 0.3339652419090271 -0.5043267607688904
vn 0.8875280022621155 0.3257710039615631 0.32583338022232056
vn -0.7733013033866882 0.3688591420650482 -0.5157015919685364
vn -0.775913417339325 0.35559913516044617 -0.5210639834403992
vn -0.8291234374046326 0.1828596442937851 -0.5283149480819702
vn -0.8138502240180969 0.27528661489486694 -0.5117275714874268
vn -0.7980546951293945 0.32615676522254944 -0.506685733795166
vn 0.906216561794281 0.3119337856769562 0.28542765974998474
vn -0.7652066946029663 0.3617962896823883 -0.5325056314468384
vn -0.7784896492958069 0.3615511655807495 -0.513063907623291
vn -0.816942036151886 0.287894070148468 -0.4997226595878601
vn 0.9084024429321289 0.3229951560497284 0.2654789984226227
vn 0.8318778276443481 0.4525735676288605 0.3211797773838043
vn 0.8734179735183716 0.3897942900657654 0.2918929159641266
vn -0.7702149748802185 0.32998672127723694 -0.5457817316055298
vn -0.7924548387527466 0.3273921608924866 -0.5146159529685974
vn -0.8227371573448181 0.2736140191555023 -0.498235821723938
vn 0.7992738485336304 0.5373450517654419 0.26911258697509766
vn -0.773903489112854 0.3006204664707184 -0.5574053525924683
vn -0.8058515787124634 0.2893846333026886 -0.5165847539901733
vn -0.8094185590744019 0.31520745158195496 -0.49546539783477783
vn 0.8227178454399109 0.5231342315673828 0.2224094122648239
vn -0.7699621915817261 0.27646109461784363 -0.575089156627655
vn -0.8019536733627319 0.2750683128833771 -0.5302903056144714
vn -0.7755594849586487 0.41205155849456787 -0.47824788093566895
vn 0.8300895094871521 0.5338060259819031 0.1612531989812851
vn 0.7512038946151733 0.5979877710342407 0.279469758272171
vn 0.8346744775772095 0.500174880027771 0.23052896559238434
vn -0.6956783533096313 0.5281920433044434 -0.48687252402305603
vn 0.7363666892051697 0.6689062714576721 0.10162974148988724
vn -0.6008533239364624 0.6531247496604919 -0.4608725607395172
vn -0.4707629680633545 0.7651004791259766 -0.43932175636291504
vn -0.3385559022426605 0.8575016856193542 -0.3873898983001709
vn -0.2116517275571823 0.9173187613487244 -0.3372386395931244
vn 0.5486933588981628 0.8239319920539856 0.14167441427707672
vn 0.6206454634666443 0.7759981155395508 0.11236622184515
vn 0.6507132053375244 0.7255638837814331 0.22389602661132812
vn 0.7551291584968567 0.6283000707626343 0.1871335506439209
vn -0.07401380687952042 0.9660757780075073 -0.24742594361305237
vn 0.4984302222728729 0.8618759512901306 0.09347344189882278
vn 0.057745739817619324 0.9869719743728638 -0.1501726359128952
vn 0.11890773475170135 0.9905377626419067 -0.0685269758105278
vn 0.2032974511384964 0.9791169762611389 -0.00033577613066881895
vn 0.3600112795829773 0.9308274388313293 0.06286608427762985
vn -0.5759554505348206 0.6669313907623291 -0.4727344810962677
vn -0.449724942445755 0.771412193775177 -0.4501896798610687
vn -0.29470187425613403 0.8676927089691162 -0.400325208902359
vn -0.1471804529428482 0.9376538395881653 -0.31487002968788147
vn 0.1140884980559349 -0.7712814211845398 -0.6261860132217407
vn 0.7062867879867554 -0.694719672203064 -0.13610132038593292
vn -0.5030589699745178 -0.8418875336647034 -0.19533845782279968
vn -0.4687175750732422 -0.8375248908996582 -0.2808128893375397
vn -0.43645158410072327 -0.7996387481689453 -0.41241711378097534
vn 0.04552152380347252 -0.917303740978241 -0.3955775499343872
vn 0.29640695452690125 -0.9465491771697998 -0.1272304654121399
vn 0.38578012585639954 -0.9204948544502258 -0.062152981758117676
vn -0.22672221064567566 -0.7466484904289246 -0.6253904700279236
vn 0.5424805879592896 -0.7476685047149658 -0.38302314281463623
vn -0.5109210014343262 -0.8098781704902649 -0.2881964445114136
vn 0.6470397710800171 -0.7594560384750366 0.06757321953773499
vn -0.5194572806358337 -0.8062012195587158 -0.28320273756980896
vn 0.7941537499427795 -0.5810366272926331 0.17809045314788818
vn -0.48297128081321716 -0.8463606834411621 -0.22452685236930847
vn -0.5034011006355286 -0.8237602710723877 -0.2607804238796234
vn 0.796349823474884 -0.5946475863456726 0.1105499342083931
vn 0.8417526483535767 -0.5385279655456543 0.03795039281249046
vn -0.495296835899353 -0.8206121921539307 -0.28509074449539185
vn 0.9418941140174866 -0.31344449520111084 0.12078070640563965
vn -0.6657713651657104 -0.7116022109985352 -0.22443455457687378
vn -0.57148277759552 -0.7787038683891296 -0.25889724493026733
vn 0.8690546751022339 -0.4232619106769562 0.25611191987991333
vn 0.8867973685264587 -0.43088269233703613 0.16712439060211182
vn -0.7158821225166321 -0.6482168436050415 -0.25947585701942444
vn 0.9724040031433105 -0.1449311375617981 0.18282608687877655
vn 0.9198610782623291 -0.22154724597930908 0.32368573546409607
vn 0.936621367931366 -0.2497485876083374 0.24569514393806458
vn -0.7606385946273804 -0.5930433869361877 -0.2640615403652191
vn 0.9751530289649963 -0.04218114912509918 0.21747946739196777
vn 0.932038426399231 -0.07046698778867722 0.3554418087005615
vn 0.9523885846138 -0.10453645884990692 0.28640565276145935
vn -0.7604445815086365 -0.5927967429161072 -0.2651718258857727
vn 0.9707143902778625 0.010327496565878391 0.24001456797122955
vn -0.8000672459602356 -0.5673148036003113 -0.19505499303340912
vn -0.7736614942550659 -0.5944242477416992 -0.21933479607105255
vn 0.9265279769897461 0.015827277675271034 0.3758927285671234
vn 0.9504849910736084 -0.011384318582713604 0.3105619549751282
vn -0.7758561968803406 -0.5683389902114868 -0.27393078804016113
vn 0.9664258360862732 0.026776758953928947 0.2555468678474426
vn -0.8286327719688416 -0.5102016925811768 -0.23035214841365814
vn -0.8065692186355591 -0.5352866649627686 -0.2508273720741272
vn -0.8163304924964905 -0.5362424254417419 -0.2145896852016449
vn -0.7894856929779053 -0.5664981603622437 -0.2362038493156433
vn 0.9196001291275024 0.04991261288523674 0.38967210054397583
vn 0.944370448589325 0.0321432389318943 0.32730916142463684
vn -0.8264696598052979 -0.5007071495056152 -0.25737202167510986
vn 0.9638051986694336 0.023087618872523308 0.2656061053276062
vn 0.9142026901245117 0.054249536246061325 0.40160977840423584
vn 0.9398689270019531 0.040618784725666046 0.33911144733428955
vn -0.7912593483924866 -0.5288817286491394 -0.30690833926200867
vn 0.9616293907165527 0.017698872834444046 0.2737804353237152
vn -0.8179023861885071 -0.5143533945083618 -0.2578301429748535
vn -0.7935308814048767 -0.532166063785553 -0.2951407730579376
vn 0.9079393744468689 0.05219455435872078 0.41583874821662903
vn 0.9363789558410645 0.03475113958120346 0.34926608204841614
vn -0.8137354254722595 -0.5064091682434082 -0.2852798104286194
vn 0.9583046436309814 0.027621019631624222 0.2844105064868927
vn 0.8985200524330139 0.06195817515254021 0.4345376193523407
vn 0.931659996509552 0.03499407693743706 0.3616422712802887
vn -0.796455979347229 -0.5347599387168884 -0.28229373693466187
vn 0.9521918296813965 0.06268904358148575 0.2989998459815979
vn -0.7920263409614563 -0.5667206048965454 -0.2269849330186844
vn -0.7824851870536804 -0.5639524459838867 -0.2639596462249756
vn 0.884928286075592 0.09316964447498322 0.45631277561187744
vn 0.9242197871208191 0.054958079010248184 0.3778854310512543
vn -0.7949370741844177 -0.5270565152168274 -0.3004770874977112
vn 0.9411227107048035 0.12228032201528549 0.3151756227016449
vn 0.865070104598999 0.1495613157749176 0.4788373112678528
vn 0.9127253293991089 0.09878213703632355 0.39645251631736755
vn -0.8122113347053528 -0.4914681911468506 -0.31427982449531555
vn 0.9225476384162903 0.19718420505523682 0.33169904351234436
vn 0.800724983215332 0.3265395760536194 0.5022066235542297
vn 0.864651620388031 0.25206372141838074 0.4345589578151703
vn 0.8351574540138245 0.22920972108840942 0.4999750256538391
vn 0.8949232697486877 0.16317923367023468 0.41531315445899963
vn -0.79371178150177 -0.4941721558570862 -0.35470470786094666
vn 0.7676381468772888 0.4048609435558319 0.49680909514427185
vn -0.7669111490249634 -0.4961824119091034 -0.4070017635822296
vn 0.7705159187316895 0.44601958990097046 0.4553808867931366
vn -0.8957761526107788 -0.31747859716415405 -0.31111493706703186
vn -0.8163867592811584 -0.41736316680908203 -0.3991500735282898
vn -0.9139374494552612 -0.2321845144033432 -0.3328794240951538
vn 0.7976207137107849 0.4305453896522522 0.42241206765174866
vn 0.7769488096237183 0.4186151325702667 0.4702255427837372
vn 0.7903604507446289 0.41312718391418457 0.4523894488811493
vn -0.9348793625831604 -0.15925690531730652 -0.3172348141670227
vn 0.8146775960922241 0.41950616240501404 0.40039363503456116
vn 0.7827286720275879 0.41932108998298645 0.459897518157959
vn 0.7993443012237549 0.4154369831085205 0.434120774269104
vn 0.7780066132545471 0.42025598883628845 0.4670017957687378
vn 0.7934662699699402 0.4187927842140198 0.44161513447761536
vn -0.9328543543815613 -0.09760136902332306 -0.3467806279659271
vn 0.7913583517074585 0.40890973806381226 0.45447206497192383
vn -0.9118481278419495 -0.0317927822470665 -0.40929484367370605
vn 0.8266274929046631 0.37071356177330017 0.4233892858028412
vn -0.871457576751709 0.04615318775177002 -0.4882945716381073
vn 0.8719215989112854 0.29987993836402893 0.38707202672958374
vn 0.8634228110313416 0.24342606961727142 0.44186511635780334
vn 0.8645530939102173 0.26601308584213257 0.426362544298172
vn -0.8036696314811707 0.15618741512298584 -0.5742130875587463
vn 0.8995892405509949 0.27065587043762207 0.34276026487350464
vn -0.7766705751419067 0.28406453132629395 -0.562218964099884
vn -0.7614837288856506 0.3453305959701538 -0.5485337972640991
vn 0.8710120916366577 0.23670649528503418 0.4304742217063904
vn 0.8807085156440735 0.25096192955970764 0.40170976519584656
vn -0.7421582341194153 0.3477279245853424 -0.5729629993438721
vn 0.9079838991165161 0.2709539234638214 0.31960800290107727
vn -0.738909125328064 0.2764006555080414 -0.6145047545433044
vn -0.7394818067550659 0.3306233882904053 -0.5863915085792542
vn 0.8670885562896729 0.26119154691696167 0.42418918013572693
vn 0.8901217579841614 0.24910423159599304 0.3816155791282654
vn -0.7319665551185608 0.3254455029964447 -0.5985901355743408
vn 0.8931854963302612 0.31761986017227173 0.3183354437351227
vn 0.8284110426902771 0.40965163707733154 0.38199570775032043
vn 0.8584027886390686 0.36801597476005554 0.35736384987831116
vn -0.693900465965271 0.2799781560897827 -0.6634111404418945
vn -0.7152073979377747 0.3203485608100891 -0.6211723685264587
vn 0.8508625030517578 0.32518821954727173 0.4126569330692291
vn 0.8814781308174133 0.2863425612449646 0.3755052387714386
vn -0.7223724126815796 0.30458515882492065 -0.6208107471466064
vn 0.8298386335372925 0.45126447081565857 0.32821986079216003
vn -0.6649819016456604 0.28130125999450684 -0.6918589472770691
vn -0.6923466324806213 0.3039366900920868 -0.654430091381073
vn -0.7257657647132874 0.26898708939552307 -0.6331745386123657
vn 0.8619585037231445 0.432061105966568 0.2652374505996704
vn -0.7487854361534119 0.2834342420101166 -0.599153995513916
vn -0.7826652526855469 0.3162861168384552 -0.536095380783081
vn 0.7381992340087891 0.5704907178878784 0.360003262758255
vn 0.8194789886474609 0.4815284311771393 0.31078073382377625
vn -0.6490574479103088 0.2789135277271271 -0.7077653408050537
vn -0.6858238577842712 0.2820340692996979 -0.6708967685699463
vn -0.7605234384536743 0.3859245479106903 -0.5221746563911438
vn 0.6562926173210144 0.6837884783744812 0.31892529129981995
vn -0.7111729383468628 0.3336758017539978 -0.6187839508056641
vn -0.755514919757843 0.3338441252708435 -0.5636890530586243
vn -0.6936998963356018 0.47577667236328125 -0.5407560467720032
vn 0.593651533126831 0.7653520107269287 0.2486247420310974
vn -0.6649478077888489 0.3797604441642761 -0.6431379914283752
vn -0.7179258465766907 0.39380592107772827 -0.5740203261375427
vn -0.5979552865028381 0.6066751480102539 -0.5238271355628967
vn 0.5542788505554199 0.8155320286750793 0.1663806289434433
vn -0.43420714139938354 0.7519651651382446 -0.4959965646266937
vn -0.29165905714035034 0.8489949107170105 -0.44061627984046936
vn -0.061014316976070404 0.9149720668792725 -0.39887768030166626
vn 0.14332285523414612 0.9648516178131104 -0.22027240693569183
vn 0.2253323197364807 0.9725481867790222 -0.0580982081592083
vn 0.20188498497009277 0.9791679382324219 -0.02174151875078678
vn 0.29401537775993347 0.9536295533180237 0.0643870010972023
vn 0.39942312240600586 0.9099158048629761 0.11186783015727997
vn -0.6201331615447998 0.41177821159362793 -0.6677377223968506
vn -0.6310971975326538 0.48396065831184387 -0.6062164902687073
vn 0.45855873823165894 0.8707362413406372 0.17760156095027924
vn 0.5724543333053589 0.7965566515922546 0.19440580904483795
vn 0.06786561757326126 0.8911734819412231 -0.4485577642917633
vn 0.23896217346191406 0.9113789200782776 -0.3350905179977417
vn 0.14917495846748352 0.9031558632850647 -0.4025622308254242
vn 0.3059593439102173 0.8900348544120789 -0.33797475695610046
vn -0.5313606262207031 -0.8190376162528992 -0.21641001105308533
vn 0.26037007570266724 -0.9646096229553223 -0.04166306555271149
vn -0.6120831370353699 -0.642956018447876 -0.46039310097694397
vn 0.5213332772254944 -0.6987479329109192 0.48986008763313293
vn -0.7811702489852905 -0.5925672054290771 0.19656336307525635
vn -0.30283263325691223 -0.8032724261283875 0.5128800868988037
vn -0.7239129543304443 -0.6427881717681885 -0.25054627656936646
vn 0.6851798295974731 -0.6793765425682068 0.26263299584388733
vn -0.4785841703414917 -0.8779790997505188 -0.010489067994058132
vn -0.5757866501808167 -0.8171929717063904 -0.025797458365559578
vn 0.5411478281021118 -0.8407216668128967 0.018607785925269127
vn 0.5368464589118958 -0.8423365950584412 0.04759102687239647
vn -0.674119770526886 -0.6791099905967712 0.2904690206050873
vn -0.06983532756567001 -0.7347602844238281 0.6747224926948547
vn -0.5253610610961914 -0.8368561863899231 -0.15384255349636078
vn 0.7041851282119751 -0.6905141472816467 0.16526824235916138
vn -0.530389130115509 -0.8356972336769104 -0.1424693465232849
vn 0.816181480884552 -0.5171431303024292 0.2577030062675476
vn -0.48460423946380615 -0.8694379925727844 -0.09610624611377716
vn -0.5126134157180786 -0.8506150841712952 -0.11696846038103104
vn -0.5143821239471436 -0.8366605043411255 -0.18817628920078278
vn 0.8798854351043701 -0.36382874846458435 0.3056637942790985
vn -0.6851007342338562 -0.710048496723175 -0.1626904457807541
vn -0.5869377255439758 -0.7899731993675232 -0.17733149230480194
vn -0.7497006058692932 -0.6309801340103149 -0.19953206181526184
vn 0.9158372282981873 -0.16337203979492188 0.36681297421455383
vn -0.7637940049171448 -0.6132094264030457 -0.20147691667079926
vn 0.9162179231643677 -0.028988761827349663 0.39963024854660034
vn -0.8085019588470459 -0.5705640912055969 -0.14415724575519562
vn -0.7808224558830261 -0.6015479564666748 -0.16869020462036133
vn -0.8236027956008911 -0.539379894733429 -0.17535051703453064
vn 0.9086264371871948 0.04113122820854187 0.4155793786048889
vn -0.8279109597206116 -0.5260772109031677 -0.19443829357624054
vn 0.9016233682632446 0.0666743740439415 0.42735210061073303
vn -0.7841953635215759 -0.5752483010292053 -0.23265236616134644
vn 0.8945493698120117 0.07149463891983032 0.4412142038345337
vn -0.8060892224311829 -0.576609194278717 -0.13319914042949677
vn -0.7779278755187988 -0.6046447157859802 -0.17097674310207367
vn -0.7771553993225098 -0.5684261918067932 -0.2700392007827759
vn 0.8847973942756653 0.07668407261371613 0.4596227705478668
vn -0.8383601903915405 -0.512782096862793 -0.18495085835456848
vn -0.8053576946258545 -0.5437226891517639 -0.23614563047885895
vn -0.8293262124061584 -0.5343964695930481 -0.1632125973701477
vn -0.7890985608100891 -0.5776056051254272 -0.20903423428535461
vn -0.8316789269447327 -0.5202171802520752 -0.1941245049238205
vn 0.8711189031600952 0.0959254801273346 0.48161208629608154
vn -0.8101916909217834 -0.5592613816261292 -0.17554567754268646
vn 0.853003740310669 0.13852523267269135 0.5031853914260864
vn -0.8157041072845459 -0.5677809119224548 -0.11068792641162872
vn -0.8066591620445251 -0.5732472538948059 -0.14383560419082642
vn -0.8192542791366577 -0.5369102358818054 -0.201369971036911
vn 0.8280072212219238 0.20911318063735962 0.5202651619911194
vn -0.8130100965499878 -0.540441632270813 -0.21665062010288239
vn 0.7937423586845398 0.30962255597114563 0.5235522985458374
vn -0.7597113847732544 -0.5904722213745117 -0.2723623216152191
vn 0.7867735028266907 0.3758143186569214 0.4896438717842102
vn -0.8302428126335144 -0.5493916869163513 -0.09415806084871292
vn -0.7622087597846985 -0.6293083429336548 -0.1516866534948349
vn 0.8027510046958923 0.3543175160884857 0.4796353578567505
vn 0.8015730977058411 0.3442133665084839 0.48887401819229126
vn -0.7817579507827759 -0.5234488248825073 -0.33890387415885925
vn 0.7887744903564453 0.4063197374343872 0.46123653650283813
vn -0.9315169453620911 -0.3129943311214447 -0.18523147702217102
vn -0.8609108328819275 -0.4268084168434143 -0.2768884003162384
vn 0.7747840285301208 0.4120354950428009 0.4795169532299042
vn 0.7830722332000732 0.40320587158203125 0.473521888256073
vn -0.8954240679740906 -0.42007046937942505 -0.14750108122825623
vn -0.8087716698646545 -0.5447158217430115 -0.22175008058547974
vn 0.7859624624252319 0.3907557427883148 0.4791378080844879
vn 0.7896972894668579 0.38146016001701355 0.48048558831214905
vn -0.9500693678855896 -0.23803891241550446 -0.20175659656524658
vn 0.7666558623313904 0.4241968095302582 0.4819708466529846
vn -0.9497513771057129 -0.2077719271183014 -0.234100803732872
vn 0.7709790468215942 0.4170052111148834 0.48135024309158325
vn -0.9357663989067078 -0.17899487912654877 -0.3038126826286316
vn 0.796879768371582 0.3738473057746887 0.47457441687583923
vn 0.8230772614479065 0.326038122177124 0.46501943469047546
vn 0.7961952686309814 0.3625890910625458 0.4843575060367584
vn -0.8993850946426392 -0.14419330656528473 -0.4126920700073242
vn 0.8393538594245911 0.31221315264701843 0.4449809789657593
vn 0.8544785380363464 0.24774450063705444 0.4566061198711395
vn 0.8478502035140991 0.2705639600753784 0.45601022243499756
vn 0.8428259491920471 0.2799358069896698 0.45965251326560974
vn 0.8221110105514526 0.31589168310165405 0.47365179657936096
vn -0.8361383676528931 -0.05951239913702011 -0.5452805757522583
vn 0.8598954081535339 0.2331712245941162 0.4541046917438507
vn -0.8700014352798462 -0.16881628334522247 -0.46324780583381653
vn -0.8399583101272583 -0.18321314454078674 -0.5107866525650024
vn -0.7903908491134644 0.07427302747964859 -0.6080838441848755
vn 0.8593563437461853 0.23871098458766937 0.45224303007125854
vn -0.8459993004798889 -0.06589760631322861 -0.5290961265563965
vn -0.8291760087013245 -0.03451872617006302 -0.5579208731651306
vn -0.736836850643158 0.1945796012878418 -0.6474645733833313
vn 0.8516997694969177 0.2800649106502533 0.4429120421409607
vn -0.793779730796814 0.011325855739414692 -0.6080998778343201
vn -0.7859351634979248 0.07239804416894913 -0.6140557527542114
vn -0.6706432700157166 0.23639725148677826 -0.7031031250953674
vn 0.8444794416427612 0.3499506711959839 0.4054492712020874
vn -0.7582674622535706 0.07379207760095596 -0.6477540135383606
vn -0.7217286825180054 0.13930003345012665 -0.6780142188072205
vn -0.6413439512252808 0.2655613422393799 -0.7198299169540405
vn 0.8636916279792786 0.3612948954105377 0.35142961144447327
vn 0.8159114718437195 0.38055968284606934 0.4352732002735138
vn 0.8514306545257568 0.33888736367225647 0.40027642250061035
vn -0.6229202747344971 0.2665838301181793 -0.7354613542556763
vn 0.8532176613807678 0.4024588167667389 0.3317326605319977
vn -0.6459553837776184 0.2905600070953369 -0.7059153914451599
vn -0.6846738457679749 0.30726566910743713 -0.6609157919883728
vn 0.733914315700531 0.5384380221366882 0.4140704572200775
vn 0.7951890230178833 0.4703443944454193 0.38268861174583435
vn 0.7815926671028137 0.44961774349212646 0.43238508701324463
vn 0.8309064507484436 0.39350563287734985 0.3933800458908081
vn -0.6606693267822266 0.3255840837955475 -0.6763957142829895
vn 0.6887957453727722 0.6266090869903564 0.3645840585231781
vn -0.6116006970405579 0.2859940826892853 -0.7376666069030762
vn -0.6424804329872131 0.30301985144615173 -0.7038450837135315
vn -0.6197004914283752 0.3583882749080658 -0.698232889175415
vn 0.6903311610221863 0.6717900633811951 0.268591046333313
vn 0.5459737181663513 0.7987801432609558 0.2527114748954773
vn 0.6225172281265259 0.7395001649856567 0.25614824891090393
vn -0.5844915509223938 0.28625354170799255 -0.7592289447784424
vn -0.616332471370697 0.3097400367259979 -0.7240133881568909
vn -0.5822449326515198 0.4051753580570221 -0.7048572897911072
vn 0.41164451837539673 0.8952593207359314 0.17046880722045898
vn -0.5293079614639282 0.4718317985534668 -0.7051296830177307
vn -0.4758520722389221 0.6450820565223694 -0.5978578329086304
vn -0.3380492627620697 0.7595371007919312 -0.5557212829589844
vn -0.19849203526973724 0.8399642109870911 -0.5050357580184937
vn 0.44749414920806885 0.8923439979553223 -0.058917075395584106
vn 0.37864044308662415 0.9223493933677673 0.07683134078979492
vn -0.5663984417915344 0.2932983934879303 -0.7701746225357056
vn -0.5666802525520325 0.3448471426963806 -0.7483007311820984
vn -0.041722387075424194 0.8718659281730652 -0.4879641830921173
vn 0.42910149693489075 0.8809421062469482 -0.19953177869319916
vn -0.39782026410102844 0.4915538728237152 -0.7746701240539551
vn -0.3609292805194855 0.6132296323776245 -0.7026233673095703
vn -0.28690406680107117 0.7451006770133972 -0.6020888686180115
vn -0.21453559398651123 0.8172749876976013 -0.534823477268219
vn 0.09172114729881287 0.9112781286239624 -0.40144675970077515
vn 0.47695112228393555 0.8520254492759705 -0.21580170094966888
vn 0.33474040031433105 0.9009238481521606 -0.2761974632740021
vn 0.4755591154098511 0.8561230897903442 -0.2022296041250229
vn -0.328096479177475 0.5335137844085693 -0.7795612215995789
vn -0.25176963210105896 0.6076177358627319 -0.7532680630683899
vn -0.15740880370140076 0.7235293388366699 -0.6721069812774658
vn -0.055788323283195496 0.8504952192306519 -0.5230159163475037
vn -0.3927276134490967 -0.912055492401123 0.11798235774040222
vn -0.3533324599266052 -0.9178130626678467 0.181039959192276
vn -0.26661625504493713 -0.8686707615852356 0.4175247251987457
vn 0.37270402908325195 -0.8258640170097351 0.42313164472579956
vn 0.4707249701023102 -0.8399024605751038 0.2701515555381775
vn 0.597175657749176 -0.7819429039955139 0.17873597145080566
vn -0.49854961037635803 -0.8667312264442444 -0.01500929519534111
vn 0.7397105693817139 -0.6122833490371704 0.27917271852493286
vn 0.4886806905269623 -0.7926273941993713 0.3645997941493988
vn 0.6178528070449829 -0.7280173897743225 0.29706668853759766
vn -0.5128370523452759 -0.8584755659103394 0.00423262408003211
vn 0.8371538519859314 -0.4151001274585724 0.3561815023422241
vn -0.4156392216682434 -0.90947425365448 0.010029692202806473
vn -0.4832610487937927 -0.8749468326568604 0.030445100739598274
vn 0.583317756652832 -0.6740179657936096 0.45325514674186707
vn 0.7206669449806213 -0.573414146900177 0.38966065645217896
vn -0.492809921503067 -0.8639633059501648 -0.1034688651561737
vn 0.8928984999656677 -0.24948474764823914 0.37481942772865295
vn -0.6744410991668701 -0.7319331765174866 -0.09696980565786362
vn -0.5782521963119507 -0.8081355690956116 -0.11198858171701431
vn -0.5595171451568604 -0.8277755379676819 -0.04157331585884094
vn -0.4767143428325653 -0.8780694007873535 -0.041684240102767944
vn -0.7427611947059631 -0.6561962962150574 -0.1330876499414444
vn 0.9051096439361572 -0.10105190426111221 0.4129953384399414
vn -0.7647969126701355 -0.6313090324401855 -0.12858739495277405
vn 0.9044008851051331 0.0056955162435770035 0.4266459047794342
vn -0.8144615292549133 -0.5743521451950073 -0.08229301124811172
vn -0.7875993251800537 -0.6077309250831604 -0.10173780471086502
vn -0.8293986916542053 -0.5424138307571411 -0.13373537361621857
vn 0.8985629677772522 0.06146834045648575 0.4345185160636902
vn -0.8074370622634888 -0.5742102861404419 -0.13538111746311188
vn 0.8919890522956848 0.08321891725063324 0.44433116912841797
vn -0.8319007754325867 -0.5528815984725952 -0.04757169261574745
vn -0.7992374897003174 -0.5951516032218933 -0.08374995738267899
vn -0.849919319152832 -0.5191160440444946 -0.09030865877866745
vn 0.8837257027626038 0.09184689819812775 0.45890429615974426
vn -0.864056408405304 -0.4941644072532654 -0.09595918655395508
vn 0.8727473020553589 0.10351482033729553 0.47707119584083557
vn -0.8370757102966309 -0.5403854250907898 -0.08536934107542038
vn 0.8595643639564514 0.12933821976184845 0.49438923597335815
vn 0.8791130781173706 0.1374586969614029 0.45636096596717834
vn 0.8692476749420166 0.13426481187343597 0.47579553723335266
vn -0.8273907899856567 -0.5583902597427368 -0.06020745262503624
vn 0.8425279259681702 0.17489926517009735 0.5094674229621887
vn -0.8188060522079468 -0.5740585923194885 -0.003678132314234972
vn -0.8209825158119202 -0.5702766180038452 -0.027789760380983353
vn 0.8741824626922607 0.16315120458602905 0.45736947655677795
vn 0.8620347380638123 0.15223543345928192 0.48344653844833374
vn -0.8204430341720581 -0.5638481378555298 -0.094597227871418
vn 0.8245257139205933 0.24047371745109558 0.5121813416481018
vn 0.8637993931770325 0.2101060301065445 0.4579367935657501
vn 0.8501726984977722 0.1962628811597824 0.48855626583099365
vn -0.7835118174552917 -0.6143108010292053 -0.0934423878788948
vn 0.8094355463981628 0.30666494369506836 0.5007702112197876
vn -0.8483514785766602 -0.5290204882621765 0.020909151062369347
vn -0.7785048484802246 -0.6274281144142151 -0.016254182904958725
vn 0.8246482014656067 0.32309240102767944 0.46429160237312317
vn 0.8189931511878967 0.3089759945869446 0.4835122525691986
vn 0.8460727334022522 0.268961101770401 0.460239976644516
vn 0.8354874849319458 0.2537071108818054 0.48743557929992676
vn -0.9078414440155029 -0.41720783710479736 -0.04197276756167412
vn 0.807410717010498 0.36697885394096375 0.4619680643081665
vn -0.950362503528595 -0.302726149559021 -0.07188966870307922
vn 0.7790574431419373 0.4148470163345337 0.4700760245323181
vn -0.9482630491256714 -0.29623377323150635 -0.11420553922653198
vn 0.762337863445282 0.43339717388153076 0.48063281178474426
vn 0.7949935793876648 0.4286460280418396 0.4292410910129547
vn 0.7700206637382507 0.4452219307422638 0.456996351480484
vn -0.9403932094573975 -0.29283347725868225 -0.17294295132160187
vn 0.7707341909408569 0.40844398736953735 0.48902183771133423
vn 0.8275642395019531 0.35028278827667236 0.4386792778968811
vn 0.7952256202697754 0.38408058881759644 0.46914637088775635
vn 0.8102616667747498 0.39614540338516235 0.43190839886665344
vn 0.7772141695022583 0.42153552174568176 0.46716806292533875
vn -0.8913760185241699 -0.3442360460758209 -0.29487344622612
vn 0.8449441194534302 0.3053136169910431 0.4391503930091858
vn -0.8356528878211975 -0.5051100850105286 -0.21575027704238892
vn -0.8446926474571228 -0.48537489771842957 -0.22562265396118164
vn -0.8505349159240723 -0.2738249599933624 -0.4490104019641876
vn 0.8531329035758972 0.25875040888786316 0.45300397276878357
vn -0.8851110935211182 -0.2942746579647064 -0.36052849888801575
vn -0.8582239747047424 -0.3090464770793915 -0.4098072052001953
vn -0.8598613739013672 -0.4144885241985321 -0.29805663228034973
vn -0.8522874712944031 -0.4094589948654175 -0.3254987299442291
vn -0.8808377981185913 -0.2269330620765686 -0.4154830574989319
vn 0.8573989272117615 0.23238784074783325 0.4591982960700989
vn -0.8444026708602905 -0.1446456015110016 -0.5158119201660156
vn 0.8595795631408691 0.23617041110992432 0.4531518518924713
vn -0.8065292239189148 -0.03450214862823486 -0.5901865363121033
vn 0.8627766966819763 0.2632359564304352 0.4316517412662506
vn 0.8696755170822144 0.2530044615268707 0.42385533452033997
vn 0.8702208399772644 0.2380295693874359 0.43134400248527527
vn -0.7661436796188354 0.07944811135530472 -0.6377397179603577
vn 0.8626919984817505 0.3028649687767029 0.40501272678375244
vn -0.714497447013855 0.15349258482456207 -0.6825931668281555
vn -0.6714520454406738 0.1966400444507599 -0.7144822478294373
vn 0.8220639228820801 0.3526391386985779 0.4470532536506653
vn 0.8450024127960205 0.31639495491981506 0.43112093210220337
vn 0.8479796648025513 0.2996983230113983 0.43716302514076233
vn 0.8609225749969482 0.27208593487739563 0.42986226081848145
vn -0.6384545564651489 0.24124811589717865 -0.7308729290962219
vn 0.7921767830848694 0.4141189754009247 0.4482871890068054
vn -0.7108290791511536 0.16898375749588013 -0.682763934135437
vn -0.6719197034835815 0.20397710800170898 -0.7119812369346619
vn -0.6215258240699768 0.24628089368343353 -0.7436742782592773
vn 0.7620536684989929 0.49205461144447327 0.42089956998825073
vn -0.6889314651489258 0.1853729486465454 -0.700721263885498
vn -0.655415952205658 0.21898823976516724 -0.7228237390518188
vn -0.6015697717666626 0.26065710186958313 -0.7550971508026123
vn 0.7710627317428589 0.5306822061538696 0.35190722346305847
vn -0.6661749482154846 0.20801809430122375 -0.7161979079246521
vn -0.6324312090873718 0.23002266883850098 -0.7396758198738098
vn 0.7704085111618042 0.5048667788505554 0.38933321833610535
vn 0.7919208407402039 0.47838154435157776 0.37948983907699585
vn -0.587150514125824 0.2706480920314789 -0.7628918290138245
vn 0.7308833003044128 0.6099414825439453 0.30623698234558105
vn 0.6126112341880798 0.7234756946563721 0.3182617425918579
vn 0.6673073172569275 0.6732124090194702 0.3185688853263855
vn -0.6519195437431335 0.2408655732870102 -0.7190165519714355
vn -0.6134348511695862 0.24974334239959717 -0.7492169737815857
vn 0.7128555774688721 0.59930419921875 0.3642408549785614
vn 0.7491024136543274 0.5576680302619934 0.3575640320777893
vn -0.5785841941833496 0.29908815026283264 -0.7588061094284058
vn 0.5502658486366272 0.8037148714065552 0.22638456523418427
vn -0.5520810484886169 0.3261752426624298 -0.7673436999320984
vn -0.4981902241706848 0.3924165964126587 -0.7731854915618896
vn 0.6332495808601379 0.7728465795516968 0.041269417852163315
vn 0.5927225351333618 0.7988081574440002 0.10288646072149277
vn -0.6515909433364868 0.29554155468940735 -0.6986305117607117
vn -0.6041576266288757 0.2963460385799408 -0.7397112250328064
vn -0.42830368876457214 0.4512532651424408 -0.7828962206840515
vn 0.5752986669540405 0.8148622512817383 -0.0709298774600029
vn -0.5223424434661865 0.36277949810028076 -0.7717185020446777
vn -0.49313822388648987 0.3864709436893463 -0.7793939709663391
vn -0.35171958804130554 0.5548946857452393 -0.7539133429527283
vn 0.6205037832260132 0.7801401019096375 -0.07972748577594757
vn -0.21861225366592407 0.6396932005882263 -0.7368862628936768
vn -0.07461389899253845 0.7170321941375732 -0.6930350661277771
vn 0.10759910196065903 0.7975466847419739 -0.5935837626457214
vn 0.3210064172744751 0.8714684247970581 -0.3708067834377289
vn 0.47617432475090027 0.8623049259185791 -0.1723029762506485
vn 0.5605452656745911 0.8198325037956238 -0.11689161509275436
vn -0.4920322597026825 0.42871057987213135 -0.7577014565467834
vn -0.4237635135650635 0.4766528904438019 -0.7702119946479797
vn -0.4833188056945801 0.5040157437324524 -0.7158010005950928
vn -0.35771146416664124 0.5384071469306946 -0.7629943490028381
vn -0.24826960265636444 0.6319084763526917 -0.7342029809951782
vn -0.06795442849397659 0.7386321425437927 -0.6706749200820923
vn 0.1282244622707367 0.7939069867134094 -0.5943653583526611
vn 0.3554692268371582 0.8152689337730408 -0.4571414589881897
vn -0.4837546944618225 0.5952197313308716 -0.6416345238685608
vn -0.3561669886112213 0.6179460287094116 -0.7009192109107971
vn -0.1999659240245819 0.6646344065666199 -0.7199130058288574
vn -0.030415154993534088 0.751602292060852 -0.6589149832725525
vn 0.14992915093898773 0.8216527104377747 -0.5499164462089539
vn 0.3505789339542389 0.8312147855758667 -0.4314817488193512
vn -0.3278467357158661 -0.914294958114624 0.23786818981170654
vn -0.21781578660011292 -0.9340406060218811 0.28306278586387634
vn -0.09731807559728622 -0.927459716796875 0.36103713512420654
vn 0.19644124805927277 -0.8988451361656189 0.39177584648132324
vn -0.4539901614189148 -0.8821638822555542 0.12521938979625702
vn 0.31098851561546326 -0.8299638628959656 0.46308329701423645
vn -0.3505231440067291 -0.8930491209030151 0.28212907910346985
vn -0.17460325360298157 -0.9091392755508423 0.3781262934207916
vn -0.016239775344729424 -0.8951255083084106 0.445518434047699
vn 0.09915685653686523 -0.8800463676452637 0.4644204378128052
vn -0.4560898542404175 -0.8762005567550659 0.15573914349079132
vn 0.447967529296875 -0.6563013195991516 0.6071192026138306
vn -0.5518293976783752 -0.8339542150497437 0.0021788792219012976
vn -0.3995356857776642 -0.9160038828849792 0.03616826608777046
vn -0.318343847990036 -0.9410918951034546 0.11403168737888336
vn -0.3652343153953552 -0.9129266738891602 0.18212294578552246
vn 0.6468993425369263 -0.5206549167633057 0.5571711659431458
vn 0.7987574934959412 -0.41967764496803284 0.43111154437065125
vn -0.3509010076522827 -0.8846262693405151 0.30709096789360046
vn -0.1801183670759201 -0.8929354548454285 0.4125816524028778
vn 0.034128230065107346 -0.8729623556137085 0.48659229278564453
vn 0.27326399087905884 -0.7644477486610413 0.5839061737060547
vn -0.6874995827674866 -0.7250406742095947 -0.0407475009560585
vn 0.8770492076873779 -0.232171431183815 0.4205724000930786
vn -0.650540828704834 -0.7567851543426514 0.06381978839635849
vn -0.5155442357063293 -0.8517759442329407 0.0932307168841362
vn 0.756328284740448 -0.3725530803203583 0.5377469062805176
vn 0.8052070736885071 -0.342344731092453 0.4841918647289276
vn -0.736325740814209 -0.6736043691635132 -0.06388796120882034
vn 0.8963642716407776 -0.06885045021772385 0.43793928623199463
vn 0.8384878039360046 -0.18124566972255707 0.5138951539993286
vn 0.8610485196113586 -0.17799298465251923 0.4763549864292145
vn -0.7565523982048035 -0.6528018116950989 -0.03844791650772095
vn 0.8975422382354736 0.027379369363188744 0.4400775730609894
vn -0.8076688647270203 -0.5896272659301758 -0.0032724125776439905
vn -0.7807176113128662 -0.6246023774147034 -0.01875971630215645
vn 0.8695475459098816 -0.03901870921254158 0.4923054873943329
vn 0.8849779963493347 -0.04503432288765907 0.4634499251842499
vn -0.8327165246009827 -0.5497601628303528 -0.06593187898397446
vn 0.8937738537788391 0.07651475071907043 0.4419432580471039
vn 0.8787938952445984 0.04537505283951759 0.4750394821166992
vn 0.8903287649154663 0.04057763144373894 0.45350661873817444
vn -0.8379265666007996 -0.545407772064209 -0.020235490053892136
vn 0.8882527351379395 0.0985504537820816 0.4486590027809143
vn -0.8603500723838806 -0.5089850425720215 0.027054699137806892
vn -0.8327171802520752 -0.5534831285476685 0.015445192344486713
vn 0.8821545243263245 0.09033987671136856 0.4622143507003784
vn 0.8894760608673096 0.0866110622882843 0.44869914650917053
vn -0.8760033845901489 -0.4819963574409485 -0.01725252903997898
vn 0.8810028433799744 0.11062171310186386 0.4599964916706085
vn -0.8824625015258789 -0.46554335951805115 0.0673007220029831
vn -0.8661383986473083 -0.4909208118915558 0.09381424635648727
vn 0.8842953443527222 0.11227169632911682 0.4532293677330017
vn 0.8866502046585083 0.10952024906873703 0.44928479194641113
vn -0.871138334274292 -0.4908033609390259 0.01516980491578579
vn 0.8731566667556763 0.12285585701465607 0.4717032015323639
vn 0.8875864148139954 0.12960806488990784 0.4420319199562073
vn 0.8804866671562195 0.13088133931159973 0.455645889043808
vn -0.8821808099746704 -0.458896279335022 0.10569427907466888
vn -0.8818365931510925 -0.45087549090385437 0.1381143182516098
vn 0.8867519497871399 0.12273744493722916 0.44565296173095703
vn 0.8831877112388611 0.12221542745828629 0.45281654596328735
vn -0.8432748913764954 -0.5373671054840088 0.011142282746732235
vn 0.8894689083099365 0.1371079683303833 0.43594321608543396
vn -0.832837700843811 -0.5514818429946899 0.04742574691772461
vn 0.886929988861084 0.16935233771800995 0.42973843216896057
vn -0.8089359402656555 -0.5811724662780762 0.0886639952659607
vn -0.8168430924415588 -0.5722998976707458 0.07238934934139252
vn -0.8151048421859741 -0.5790398120880127 0.017807550728321075
vn 0.8758963346481323 0.22575026750564575 0.4264298677444458
vn -0.7964192032814026 -0.6011261940002441 0.06605973839759827
vn 0.8494347929954529 0.3057916462421417 0.43006056547164917
vn -0.8678378462791443 -0.4873058497905731 0.09690477699041367
vn -0.8041165471076965 -0.5868649482727051 0.0947953388094902
vn -0.9226497411727905 -0.3841110169887543 0.03429587185382843
vn 0.8158337473869324 0.39020517468452454 0.4267965257167816
vn -0.9011116623878479 -0.4194994568824768 0.10962649434804916
vn -0.8416373133659363 -0.5176757574081421 0.1538134217262268
vn 0.814037024974823 0.43032917380332947 0.3900776207447052
vn 0.8290244936943054 0.39696550369262695 0.3938741683959961
vn -0.932746946811676 -0.36026835441589355 0.013780767098069191
vn 0.776240885257721 0.4417385160923004 0.44979679584503174
vn 0.8042864203453064 0.44002610445022583 0.3993751108646393
vn 0.7843592762947083 0.4530804455280304 0.4236729145050049
vn -0.899711012840271 -0.4239906668663025 0.10369200259447098
vn -0.8622390627861023 -0.4816530644893646 0.15669775009155273
vn 0.8010699152946472 0.4505920708179474 0.39402252435684204
vn 0.8000211119651794 0.4384070038795471 0.4095918536186218
vn -0.9308831095695496 -0.36089345812797546 -0.05667969211935997
vn 0.820870041847229 0.41028472781181335 0.3972893953323364
vn -0.8857299089431763 -0.4486404061317444 -0.11918250471353531
vn 0.8348957896232605 0.3665439784526825 0.4106026887893677
vn -0.8014370203018188 -0.5812480449676514 -0.14088818430900574
vn -0.822689414024353 -0.5551543831825256 -0.1224159225821495
vn -0.8443855047225952 -0.49246522784233093 -0.21092934906482697
vn 0.840188205242157 0.3193334937095642 0.43830347061157227
vn 0.8878837823867798 0.2832624018192291 0.36252561211586
vn 0.8451472520828247 0.33983108401298523 0.41260263323783875
vn -0.8662840723991394 -0.406272292137146 -0.2906797528266907
vn 0.8565225005149841 0.2530767321586609 0.449801504611969
vn 0.9059498906135559 0.2231084704399109 0.3598298132419586
vn 0.8660673499107361 0.270287424325943 0.42056170105934143
vn -0.826524555683136 -0.3632148504257202 -0.43003740906715393
vn 0.8674350380897522 0.22210761904716492 0.445224404335022
vn -0.7993791103363037 -0.4608239233493805 -0.3855314254760742
vn -0.7675953507423401 -0.5033714771270752 -0.3967551290988922
vn 0.9112315773963928 0.20502766966819763 0.3572402596473694
vn 0.8826115727424622 0.2225068062543869 0.41411063075065613
vn -0.8228318095207214 -0.19352956116199493 -0.5343164801597595
vn 0.8713275194168091 0.224020317196846 0.43658140301704407
vn 0.8880484104156494 0.23928819596767426 0.39257001876831055
vn 0.8815976977348328 0.22429494559764862 0.4153038263320923
vn -0.8521292209625244 -0.28338173031806946 -0.4399666488170624
vn -0.8158159852027893 -0.33425551652908325 -0.4719296991825104
vn 0.9025886058807373 0.21740111708641052 0.37157851457595825
vn 0.8871264457702637 0.21079573035240173 0.4105750620365143
vn -0.8113704919815063 -0.05264608561992645 -0.5821566581726074
vn 0.8681871294975281 0.2847437262535095 0.4064137041568756
vn -0.8792849183082581 -0.140713632106781 -0.4550360441207886
vn -0.8400919437408447 -0.17033244669437408 -0.5150072574615479
vn -0.8001158237457275 0.042553216218948364 -0.5983343124389648
vn 0.8314452171325684 0.3516755700111389 0.4301431477069855
vn -0.8806115984916687 -0.03527555242180824 -0.472523957490921
vn -0.846173107624054 -0.044433094561100006 -0.5310525298118591
vn -0.7586438059806824 0.12301412224769592 -0.6397867202758789
vn 0.8080497980117798 0.40947890281677246 0.42353570461273193
vn -0.8687435984611511 0.041866887360811234 -0.49348944425582886
vn -0.8299456834793091 0.051520418375730515 -0.5554600954055786
vn 0.8260807394981384 0.3977700471878052 0.39921119809150696
vn 0.8196203708648682 0.39808157086372375 0.41201159358024597
vn -0.7358740568161011 0.15829133987426758 -0.6583565473556519
vn 0.8010655045509338 0.446478009223938 0.3986871540546417
vn 0.7949569821357727 0.45789557695388794 0.3979637026786804
vn 0.802631139755249 0.44156157970428467 0.40100714564323425
vn -0.8585187792778015 0.1044221967458725 -0.5020374059677124
vn -0.8071794509887695 0.10473238676786423 -0.5809410810470581
vn 0.8179277181625366 0.413514107465744 0.4000004529953003
vn 0.8142727613449097 0.4112362563610077 0.4096885323524475
vn -0.7258111834526062 0.19961005449295044 -0.6582962274551392
vn 0.7648279666900635 0.5190762877464294 0.3815728724002838
vn -0.8517330884933472 0.1683335155248642 -0.49620017409324646
vn -0.796284019947052 0.15628467500209808 -0.584385871887207
vn -0.7302790880203247 0.24831946194171906 -0.6364196538925171
vn 0.7145965695381165 0.6231113076210022 0.31793734431266785
vn -0.8418782949447632 0.24094916880130768 -0.48289185762405396
vn -0.792606770992279 0.22448591887950897 -0.5669044852256775
vn -0.7214163541793823 0.3254242241382599 -0.6112754344940186
vn 0.7238820195198059 0.6571794748306274 0.21002373099327087
vn -0.687547504901886 0.334646999835968 -0.6444298624992371
vn -0.5998198390007019 0.30505990982055664 -0.7396990060806274
vn 0.6879676580429077 0.7126832604408264 0.13705164194107056
vn 0.7098302841186523 0.6893951892852783 0.14448270201683044
vn -0.8399472832679749 0.29907360672950745 -0.4528173804283142
vn -0.781773567199707 0.3143664300441742 -0.5385199189186096
vn 0.7407093048095703 0.6365759968757629 0.21475768089294434
vn 0.7767530679702759 0.590381920337677 0.21932584047317505
vn -0.5869277715682983 0.36510270833969116 -0.722645103931427
vn 0.6792124509811401 0.7310734987258911 0.0648236870765686
vn -0.730660617351532 0.35477322340011597 -0.58332759141922
vn -0.6590148210525513 0.33148059248924255 -0.6751444935798645
vn -0.592217743396759 0.4371320307254791 -0.6769000887870789
vn 0.7038941979408264 0.7100473046302795 0.019124817103147507
vn 0.6134955286979675 0.7789329290390015 -0.12994912266731262
vn 0.6566947102546692 0.7532761693000793 -0.036429233849048615
vn -0.7305313348770142 0.41456231474876404 -0.5426436066627502
vn -0.6691080927848816 0.39657098054885864 -0.6285108327865601
vn -0.593890905380249 0.5183162689208984 -0.6153388619422913
vn 0.568926990032196 0.7760577201843262 -0.2721335291862488
vn -0.7123432159423828 0.46764788031578064 -0.5233284831047058
vn -0.6676405072212219 0.4670315384864807 -0.5797738432884216
vn -0.5494502782821655 0.6158490180969238 -0.5646542906761169
vn 0.5644177794456482 0.7821764945983887 -0.2638799548149109
vn -0.4139457046985626 0.6828744411468506 -0.6019397974014282
vn -0.25141558051109314 0.7067338228225708 -0.6612999439239502
vn -0.02967674471437931 0.7447401881217957 -0.6666943430900574
vn 0.29034101963043213 0.7931020259857178 -0.5354357361793518
vn 0.40011894702911377 0.8493149876594543 -0.3443383574485779
vn 0.5388478636741638 0.8070482015609741 -0.2414875626564026
vn -0.6864420175552368 0.5090064406394958 -0.5193360447883606
vn -0.6351987719535828 0.5487130284309387 -0.5435407161712646
vn -0.035349152982234955 0.7737483978271484 -0.6325060129165649
vn 0.24920685589313507 0.7683480381965637 -0.5895229578018188
vn -0.021847788244485855 0.8495872616767883 -0.5269954800605774
vn 0.2159978747367859 0.8267565965652466 -0.5194405913352966
vn -0.2342423051595688 -0.9586381912231445 0.16168932616710663
vn -0.18641573190689087 -0.9521578550338745 0.24216656386852264
vn -0.17881980538368225 -0.9073771834373474 0.38038167357444763
vn 0.016751963645219803 -0.8636853098869324 0.503753125667572
vn 0.2770377993583679 -0.7885996699333191 0.5489633083343506
vn 0.5541157722473145 -0.6141608357429504 0.561927318572998
vn -0.3533298373222351 -0.9279146790504456 0.11887958645820618
vn 0.7266657948493958 -0.39322537183761597 0.5633211135864258
vn -0.6005531549453735 -0.7777104377746582 0.18574824929237366
vn -0.48733967542648315 -0.8439256548881531 0.2242535948753357
vn -0.7057614922523499 -0.7068690657615662 0.04729611054062843
vn 0.8121358752250671 -0.17933744192123413 0.555223822593689
vn -0.7291483879089355 -0.6810734868049622 0.06694421917200089
vn 0.8440550565719604 -0.03894425556063652 0.5348406434059143
vn -0.789356529712677 -0.6061062812805176 0.09773165732622147
vn -0.7564287185668945 -0.6483207941055298 0.0865783840417862
vn -0.8348017334938049 -0.5501407384872437 0.021245641633868217
vn 0.859836995601654 0.04236121103167534 0.5088083744049072
vn -0.8671274781227112 -0.4930161237716675 0.07088743895292282
vn 0.8701137900352478 0.08567627519369125 0.48534688353538513
vn -0.8681976795196533 -0.4861903488636017 0.09925634413957596
vn 0.8793418407440186 0.1049276739358902 0.4644869863986969
vn -0.8749333024024963 -0.4545220732688904 0.16703744232654572
vn 0.8897958397865295 0.11429952085018158 0.4418133497238159
vn -0.8729347586631775 -0.45319610834121704 0.1805497258901596
vn -0.8796440362930298 -0.43151551485061646 0.20005187392234802
vn -0.8543766140937805 -0.5086726546287537 0.10626709461212158
vn 0.8968113660812378 0.1281881183385849 0.4234350025653839
vn -0.8244363069534302 -0.5491302609443665 0.13697022199630737
vn 0.8968105912208557 0.16956090927124023 0.4086317718029022
vn -0.7995955348014832 -0.5791381001472473 0.1588902324438095
vn -0.8024662733078003 -0.5776697993278503 0.14948433637619019
vn -0.8084186315536499 -0.5775483250617981 0.11356595158576965
vn 0.8874427080154419 0.23422765731811523 0.3969670236110687
vn -0.81273353099823 -0.5631162524223328 0.1495468020439148
vn 0.8649256229400635 0.31934991478919983 0.38719412684440613
vn 0.8200485706329346 0.4144105911254883 0.39469510316848755
vn 0.841620683670044 0.3786700963973999 0.3850761651992798
vn -0.8084955811500549 -0.5663760304450989 0.1598537564277649
vn 0.8076034188270569 0.44382452964782715 0.38832542300224304
vn -0.8266699910163879 -0.5318400859832764 0.18374651670455933
vn 0.8148183226585388 0.4354158341884613 0.382732629776001
vn -0.8510255217552185 -0.5093048214912415 0.12792262434959412
vn -0.8355950713157654 -0.5202932357788086 0.1762833148241043
vn -0.8910328149795532 -0.4526003301143646 0.0348353385925293
vn 0.8256788849830627 0.4134255051612854 0.3838406801223755
vn -0.8231959342956543 -0.5670048594474792 -0.029223622754216194
vn 0.8276312351226807 0.3929772675037384 0.40074360370635986
vn -0.7407388687133789 -0.6620407104492188 -0.11405275762081146
vn -0.7712588310241699 -0.6330388784408569 -0.06649553775787354
vn 0.9109847545623779 0.2844713628292084 0.2986350357532501
vn 0.8644055724143982 0.3506682813167572 0.3603261411190033
vn -0.8014006614685059 -0.5668564438819885 -0.19086827337741852
vn 0.9241878390312195 0.23439443111419678 0.30155619978904724
vn -0.7636797428131104 -0.5742013454437256 -0.2951035499572754
vn 0.9327333569526672 0.2081785798072815 0.29439806938171387
vn -0.791361927986145 -0.5370802283287048 -0.2920466661453247
vn -0.7405866980552673 -0.5995100736618042 -0.3035110533237457
vn -0.8496538996696472 -0.3908195495605469 -0.35404568910598755
vn 0.924795925617218 0.21893513202667236 0.3111591339111328
vn -0.8937690258026123 -0.2523716986179352 -0.37079042196273804
vn 0.9003890752792358 0.25904136896133423 0.34956711530685425
vn -0.9075954556465149 -0.1365031898021698 -0.39703577756881714
vn 0.8660579919815063 0.32497408986091614 0.3799150884151459
vn -0.9074640870094299 -0.03681249916553497 -0.418513685464859
vn 0.8318706750869751 0.3822377324104309 0.40235012769699097
vn 0.8394197821617126 0.39168646931648254 0.3767707347869873
vn 0.8306760191917419 0.3948902189731598 0.39247825741767883
vn -0.9025309085845947 0.04773988947272301 -0.42797064781188965
vn 0.8326354026794434 0.3988345265388489 0.38425174355506897
vn -0.8991428017616272 0.11974700540304184 -0.4209548830986023
vn 0.818229079246521 0.4316992461681366 0.3796537220478058
vn -0.8921459317207336 0.184645876288414 -0.41228824853897095
vn 0.8100303411483765 0.47621914744377136 0.34214940667152405
vn -0.8836435079574585 0.2560090124607086 -0.3919612169265747
vn 0.8112995028495789 0.5138496160507202 0.2788401246070862
vn 0.7601034641265869 0.5890352129936218 0.27437227964401245
vn 0.7937189936637878 0.545069694519043 0.27001726627349854
vn -0.8731483221054077 0.31025636196136475 -0.3759694993495941
vn 0.7168465852737427 0.6681180000305176 0.19937242567539215
vn -0.8256450295448303 0.3340372145175934 -0.4546751379966736
vn -0.7742440700531006 0.3395843207836151 -0.5340679883956909
vn -0.7797269225120544 0.3784298896789551 -0.4988153576850891
vn 0.7661042809486389 0.6259623765945435 0.14579170942306519
vn -0.7721653580665588 0.4149170517921448 -0.481253057718277
vn 0.775937557220459 0.6254428625106812 0.08211033046245575
vn 0.7234634757041931 0.6899901628494263 0.022679179906845093
vn 0.7268936634063721 0.6860694289207458 0.030567271634936333
vn -0.7495898604393005 0.4455910325050354 -0.48945245146751404
vn 0.6769465804100037 0.7304507493972778 -0.0904715359210968
vn -0.6967982649803162 0.4952565133571625 -0.5188383460044861
vn 0.6949955224990845 0.7135918736457825 -0.08813586086034775
vn -0.6204262375831604 0.5711764693260193 -0.5374279022216797
vn -0.5345263481140137 0.6407938003540039 -0.5510579347610474
vn -0.41611284017562866 0.7005479335784912 -0.57972651720047
vn -0.25915607810020447 0.7365767955780029 -0.6247342228889465
vn 0.6216738224029541 0.7358414530754089 -0.2684381604194641
vn 0.6336275339126587 0.7613337635993958 -0.1374303102493286
vn -0.20791947841644287 0.79824298620224 -0.5653120279312134
vn 0.529158353805542 0.729461133480072 -0.4334489107131958
vn -0.08480452001094818 0.8814765214920044 -0.46455076336860657
vn 0.4894297420978546 0.7724776864051819 -0.40464404225349426
vn 0.16092713177204132 0.9021738171577454 -0.40023115277290344
vn 0.3995201885700226 0.8448086977005005 -0.35592418909072876
vn -0.16655360162258148 -0.9389535188674927 0.30104193091392517
vn -0.08298466354608536 -0.9441643357276917 0.31885311007499695
vn -0.016511276364326477 -0.9128834009170532 0.40788641571998596
vn 0.06748026609420776 -0.8507083058357239 0.5212886929512024
vn 0.2517090439796448 -0.7736082077026367 0.5815263390541077
vn 0.5210751295089722 -0.6248109936714172 0.5814568400382996
vn -0.32452258467674255 -0.9092323184013367 0.2607331871986389
vn 0.6883163452148438 -0.3774837851524353 0.6194567680358887
vn -0.49325069785118103 -0.8212633728981018 0.2867583930492401
vn -0.4102576971054077 -0.8345627784729004 0.36768683791160583
vn -0.2694111168384552 -0.8605319857597351 0.4323221445083618
vn -0.08684678375720978 -0.877735435962677 0.4712093770503998
vn 0.042124275118112564 -0.8744246363639832 0.48332926630973816
vn 0.21642926335334778 -0.7978450655937195 0.5626736879348755
vn 0.31593307852745056 -0.6699190735816956 0.6718592643737793
vn 0.4778490662574768 -0.5836191773414612 0.6565431356430054
vn -0.6529138684272766 -0.7392464280128479 0.16497960686683655
vn 0.7605047821998596 -0.1812964379787445 0.6235095262527466
vn 0.5168507099151611 -0.5051684975624084 0.69113689661026
vn 0.5853306651115417 -0.3958604037761688 0.7075892686843872
vn -0.700621485710144 -0.6829439401626587 0.20668140053749084
vn 0.8059083819389343 -0.052054740488529205 0.5897474884986877
vn -0.7688138484954834 -0.6028003096580505 0.21344122290611267
vn -0.7063130736351013 -0.6725292205810547 0.22096672654151917
vn 0.6624966263771057 -0.23580648005008698 0.7109807133674622
vn 0.6960228681564331 -0.21920405328273773 0.68374103307724
vn -0.8415643572807312 -0.5250037908554077 0.12704519927501678
vn 0.8334693312644958 0.029631949961185455 0.5517706274986267
vn 0.7088682055473328 -0.08477157354354858 0.7002282738685608
vn 0.7640895247459412 -0.07352778315544128 0.6409063935279846
vn -0.8795524835586548 -0.4425962269306183 0.1746312379837036
vn 0.8524651527404785 0.06952524930238724 0.518140435218811
vn 0.7474263906478882 -0.02320903353393078 0.6639391779899597
vn 0.7978074550628662 0.008733047172427177 0.6028491258621216
vn -0.8779709935188293 -0.43049556016921997 0.20938144624233246
vn 0.8709396719932556 0.08153214305639267 0.48457884788513184
vn 0.7854560613632202 -0.007509886287152767 0.6188719272613525
vn 0.8257025480270386 0.03863254189491272 0.5627814531326294
vn -0.8751212358474731 -0.416856586933136 0.24575075507164001
vn 0.8873491287231445 0.08649206161499023 0.4529135823249817
vn -0.8432278633117676 -0.4820607304573059 0.23787450790405273
vn -0.8645089864730835 -0.4357486367225647 0.2504943609237671
vn 0.8211991786956787 -0.0062300339341163635 0.5706077218055725
vn 0.8521489500999451 0.04324745759367943 0.5215092301368713
vn -0.8392714858055115 -0.5103578567504883 0.18750545382499695
vn 0.8981634378433228 0.11138860881328583 0.4253176748752594
vn 0.8550717830657959 0.012665041722357273 0.5183550119400024
vn 0.8752037882804871 0.05252780020236969 0.48089420795440674
vn -0.806341290473938 -0.5562790632247925 0.20091629028320312
vn 0.9004590511322021 0.16361907124519348 0.40299180150032043
vn -0.7979192137718201 -0.5688841342926025 0.19923806190490723
vn -0.7927504777908325 -0.5768370628356934 0.19699177145957947
vn 0.8722702860832214 0.08990678191184998 0.4806883633136749
vn 0.8907133936882019 0.09235486388206482 0.4450846314430237
vn -0.8068375587463379 -0.5631416440010071 0.1785629689693451
vn 0.8921239376068115 0.23243463039398193 0.38741326332092285
vn -0.8018817901611328 -0.5607002973556519 0.20639948546886444
vn -0.7930843234062195 -0.5712767243385315 0.21132920682430267
vn 0.8652468323707581 0.18869633972644806 0.4644799530506134
vn 0.8905962109565735 0.1653052270412445 0.42368942499160767
vn -0.8077809810638428 -0.5571350455284119 0.19258877635002136
vn 0.8701996803283691 0.30519938468933105 0.38678914308547974
vn 0.8215799927711487 0.3843541741371155 0.421044260263443
vn 0.8444840312004089 0.3476625084877014 0.4074033498764038
vn -0.7981290817260742 -0.5704997181892395 0.19370131194591522
vn -0.7906822562217712 -0.580115020275116 0.1956738829612732
vn 0.8449642658233643 0.2959151268005371 0.44549939036369324
vn 0.8727356791496277 0.25364816188812256 0.41712716221809387
vn -0.8130148649215698 -0.5503380298614502 0.19009199738502502
vn 0.8167568445205688 0.4196574091911316 0.39597463607788086
vn -0.8160935640335083 -0.548554539680481 0.18187709152698517
vn 0.8280960917472839 0.4203050136566162 0.37094566226005554
vn -0.7830920815467834 -0.6140400171279907 0.098598912358284
vn -0.8099821209907532 -0.5674259662628174 0.14817847311496735
vn -0.8102850317955017 -0.5833337306976318 0.05621236190199852
vn 0.8347060084342957 0.4163566529750824 0.36043453216552734
vn 0.8852519989013672 0.3559364378452301 0.29939642548561096
vn 0.857370913028717 0.3960374891757965 0.32873937487602234
vn -0.752731442451477 -0.6583255529403687 -0.0016886265948414803
vn 0.8465144038200378 0.3964320719242096 0.3553239405155182
vn -0.6576241850852966 -0.7453169226646423 -0.1096954494714737
vn -0.6989177465438843 -0.7130880951881409 -0.05494851991534233
vn 0.9237627387046814 0.2813894748687744 0.25977393984794617
vn 0.8891561031341553 0.3407987952232361 0.30538129806518555
vn 0.9065649509429932 0.32194146513938904 0.2729351818561554
vn 0.8677516579627991 0.3826041519641876 0.3172083795070648
vn -0.7134783864021301 -0.6776955127716064 -0.17798133194446564
vn 0.9389640092849731 0.23446205258369446 0.2517421841621399
vn -0.6833237409591675 -0.6933393478393555 -0.2287994921207428
vn 0.9376757740974426 0.2294662892818451 0.2609778344631195
vn -0.789513111114502 -0.565700113773346 -0.23801779747009277
vn -0.7178598046302795 -0.6542053818702698 -0.23810213804244995
vn -0.8634132146835327 -0.4109453558921814 -0.2926459014415741
vn 0.921270489692688 0.26055291295051575 0.2887437343597412
vn -0.9002091288566589 -0.2811662256717682 -0.3325195610523224
vn 0.8894798159599304 0.3200995922088623 0.32613176107406616
vn -0.9177558422088623 -0.14687681198120117 -0.368987113237381
vn 0.8543888926506042 0.3752517104148865 0.3594520092010498
vn -0.9271252155303955 -0.19546182453632355 -0.31973984837532043
vn 0.848013162612915 0.41119691729545593 0.33435142040252686
vn 0.8527215719223022 0.39823850989341736 0.3380415141582489
vn -0.9255267977714539 -0.0207680631428957 -0.3781122863292694
vn 0.8359803557395935 0.3954269289970398 0.3804924190044403
vn 0.8473159670829773 0.39349377155303955 0.35667672753334045
vn 0.8411194086074829 0.39687708020210266 0.36743271350860596
vn -0.9395610094070435 -0.08714695274829865 -0.3311050534248352
vn 0.846269965171814 0.40518084168434143 0.3459128141403198
vn 0.8454480171203613 0.4004315137863159 0.35337281227111816
vn -0.9247941970825195 0.07273866981267929 -0.3734499216079712
vn 0.8442770838737488 0.3946181833744049 0.3625917136669159
vn -0.9393839836120605 0.0072670187801122665 -0.34278997778892517
vn -0.9215196371078491 0.1531078815460205 -0.3568747639656067
vn 0.8411160111427307 0.4092182219028473 0.35364431142807007
vn -0.9337924122810364 0.09723586589097977 -0.344350129365921
vn -0.9121236801147461 0.21562480926513672 -0.34862062335014343
vn 0.8464249968528748 0.42224228382110596 0.32446303963661194
vn 0.8304013013839722 0.4217813014984131 0.3640526831150055
vn 0.8493643999099731 0.3987724781036377 0.3457755744457245
vn -0.9035212993621826 0.2707410454750061 -0.33218759298324585
vn 0.8334195017814636 0.4635150730609894 0.30094146728515625
vn 0.7763033509254456 0.5382774472236633 0.3280404508113861
vn 0.8015809059143066 0.507007896900177 0.316877156496048
vn 0.8073344230651855 0.47153839468955994 0.35477131605148315
vn 0.8326258659362793 0.4396359622478485 0.3368299603462219
vn -0.8917182683944702 0.29550543427467346 -0.34280478954315186
vn 0.7806184887886047 0.5650764107704163 0.2670646011829376
vn -0.8623835444450378 0.32847142219543457 -0.3852287828922272
vn -0.8211250305175781 0.3539925515651703 -0.4477086663246155
vn -0.815558671951294 0.3801344037055969 -0.43630489706993103
vn 0.8358345627784729 0.5159005522727966 0.18768920004367828
vn -0.8733350038528442 0.3192974030971527 -0.3678794503211975
vn -0.8483925461769104 0.34999722242355347 -0.3971549868583679
vn 0.8531271815299988 0.46533918380737305 0.2358676940202713
vn 0.8629271388053894 0.44967684149742126 0.2305375188589096
vn -0.8054220676422119 0.38180798292160034 -0.453341007232666
vn 0.8097573518753052 0.5744054317474365 0.11979702115058899
vn 0.7633814215660095 0.632068932056427 0.13318264484405518
vn 0.7808075547218323 0.6131357550621033 0.1200171709060669
vn -0.8700332641601562 0.2984347939491272 -0.3924013376235962
vn -0.847759485244751 0.3421182334423065 -0.40528860688209534
vn 0.8168362379074097 0.5440542697906494 0.19179023802280426
vn 0.8335961103439331 0.5193703770637512 0.1880745142698288
vn -0.7619421482086182 0.4209066927433014 -0.49222123622894287
vn 0.7636258006095886 0.6431604027748108 0.05674766004085541
vn -0.7124488949775696 0.43146365880966187 -0.5534037947654724
vn 0.7765498757362366 0.6300522685050964 -0.00213561300188303
vn -0.6203218102455139 0.5474734306335449 -0.5616704821586609
vn -0.5392754673957825 0.633003830909729 -0.5554171800613403
vn -0.45738252997398376 0.6974117159843445 -0.5517409443855286
vn -0.34384116530418396 0.7500894069671631 -0.5649240612983704
vn 0.773678183555603 0.6223286986351013 -0.11886584013700485
vn 0.7592041492462158 0.6472264528274536 -0.06860725581645966
vn -0.2532384991645813 0.8185029029846191 -0.5156774520874023
vn 0.6707528233528137 0.6994094848632812 -0.24681402742862701
vn -0.5939939022064209 0.5115453004837036 -0.6208806037902832
vn -0.5096280574798584 0.6216890811920166 -0.5947957634925842
vn -0.4332553446292877 0.7112436890602112 -0.5535541772842407
vn -0.37428417801856995 0.75975501537323 -0.5316799283027649
vn -0.11728088557720184 0.8773003816604614 -0.46539151668548584
vn 0.6105580925941467 0.7558882832527161 -0.23632989823818207
vn 0.17386284470558167 0.9011541604995728 -0.39710575342178345
vn 0.4376617670059204 0.8549675941467285 -0.2783571779727936
vn -0.560793399810791 0.5073288679122925 -0.654315173625946
vn -0.46319836378097534 0.6137292385101318 -0.6393619775772095
vn -0.3689420819282532 0.7151856422424316 -0.5936254858970642
vn -0.27553242444992065 0.8077972531318665 -0.5211003422737122
vn -0.42110589146614075 -0.8025630116462708 0.42256659269332886
vn -0.25663086771965027 -0.8446418642997742 0.4698093831539154
vn -0.16670390963554382 -0.8052241802215576 0.5690551996231079
vn -0.006439263001084328 -0.7712340950965881 0.6365190744400024
vn 0.15504856407642365 -0.7553151845932007 0.6367566585540771
vn 0.3899742066860199 -0.6567997932434082 0.6453945636749268
vn -0.6227824687957764 -0.7188111543655396 0.30895400047302246
vn 0.5269857048988342 -0.38991689682006836 0.7551496624946594
vn -0.4868120551109314 -0.7103773951530457 0.5083090662956238
vn -0.22424274682998657 -0.7605484127998352 0.6093286275863647
vn -0.05292529612779617 -0.7390768527984619 0.6715388298034668
vn 0.03130316361784935 -0.6586028337478638 0.7518393993377686
vn 0.13845627009868622 -0.5822666883468628 0.8011214137077332
vn 0.31013351678848267 -0.5471245050430298 0.777478039264679
vn -0.6399492621421814 -0.6349408030509949 0.43279922008514404
vn 0.576904833316803 -0.19917359948158264 0.7921558022499084
vn -0.7542909383773804 -0.5590890645980835 0.34418708086013794
vn -0.6484953165054321 -0.6605194807052612 0.37837523221969604
vn -0.5377001762390137 -0.5741121768951416 0.6174736618995667
vn -0.2822684049606323 -0.6317954063415527 0.7219135165214539
vn -0.04071018472313881 -0.6448989510536194 0.7631828784942627
vn 0.16134941577911377 -0.5656424760818481 0.8087119460105896
vn 0.24104289710521698 -0.4318544864654541 0.8691375255584717
vn 0.37140294909477234 -0.34864938259124756 0.8605251312255859
vn -0.8489632606506348 -0.4684440493583679 0.24458467960357666
vn 0.6289908289909363 -0.10950450599193573 0.7696618437767029
vn -0.796406626701355 -0.45317596197128296 0.40045976638793945
vn -0.6398706436157227 -0.5703878998756409 0.5149982571601868
vn 0.39374786615371704 -0.34281104803085327 0.8529028296470642
vn 0.46055710315704346 -0.2340066283941269 0.8562289476394653
vn -0.8650996088981628 -0.39943912625312805 0.30339914560317993
vn 0.6859093904495239 -0.07621563225984573 0.7236847281455994
vn -0.8013730049133301 -0.39055871963500977 0.4530620574951172
vn -0.6705389618873596 -0.47307881712913513 0.5714665651321411
vn 0.5036748647689819 -0.23408284783363342 0.8315749168395996
vn 0.5526254177093506 -0.17522254586219788 0.8148019909858704
vn -0.8634546399116516 -0.4023467004299164 0.30424198508262634
vn 0.734434187412262 -0.0691218227148056 0.6751508712768555
vn 0.5509935617446899 -0.21604982018470764 0.8060573935508728
vn 0.6243679523468018 -0.14621400833129883 0.7673240303993225
vn -0.8404045701026917 -0.4288260340690613 0.3314036726951599
vn 0.7842172384262085 -0.07745327055454254 0.6156332492828369
vn -0.8185213804244995 -0.5075795650482178 0.26904594898223877
vn -0.8295062184333801 -0.4760468602180481 0.29205965995788574
vn 0.5674057602882385 -0.23703418672084808 0.7885845303535461
vn 0.6720820069313049 -0.1588624119758606 0.7232348322868347
vn -0.8174329400062561 -0.5248941779136658 0.23725421726703644
vn 0.8363428711891174 0.003803097642958164 0.5481935739517212
vn -0.7907020449638367 -0.5522323846817017 0.26425299048423767
vn -0.7893357872962952 -0.5331558585166931 0.30445656180381775
vn -0.7865439057350159 -0.5719353556632996 0.23289208114147186
vn 0.8450544476509094 0.09363411366939545 0.5264177322387695
vn -0.7603735327720642 -0.6009801626205444 0.24628248810768127
vn -0.7448309659957886 -0.6046499013900757 0.28217971324920654
vn -0.7882077693939209 -0.5767159461975098 0.21477282047271729
vn 0.848136305809021 0.21140381693840027 0.4857707619667053
vn -0.7854047417640686 -0.5875489711761475 0.19474509358406067
vn 0.8400816321372986 0.32705381512641907 0.4327802062034607
vn -0.7843469977378845 -0.6011914610862732 0.15286806225776672
vn -0.7807186245918274 -0.6032746434211731 0.16290563344955444
vn -0.8032746315002441 -0.5683688521385193 0.17806412279605865
vn 0.8513729572296143 0.36720743775367737 0.37459686398506165
vn 0.8703562617301941 0.30298006534576416 0.3881791830062866
vn 0.8704037070274353 0.31155696511268616 0.3812212646007538
vn -0.7974931001663208 -0.5864903926849365 0.1415407657623291
vn 0.8484915494918823 0.39959266781806946 0.34696948528289795
vn -0.7221367955207825 -0.6902052164077759 0.04620986059308052
vn -0.7683794498443604 -0.6324722766876221 0.09783630818128586
vn 0.888861358165741 0.3364870846271515 0.31096944212913513
vn 0.8686639070510864 0.37261590361595154 0.3264665901660919
vn 0.8784068822860718 0.32850322127342224 0.3471125066280365
vn 0.862877368927002 0.36032983660697937 0.35440805554389954
vn -0.7352821826934814 -0.676593005657196 0.03977636620402336
vn 0.9125813841819763 0.29928144812583923 0.2786141335964203
vn -0.6756089925765991 -0.7370679974555969 -0.016831280663609505
vn 0.9344359636306763 0.2593022286891937 0.24411435425281525
vn -0.5824181437492371 -0.8049482703208923 -0.11334656178951263
vn -0.6199887990951538 -0.781629741191864 -0.06832892447710037
vn -0.6311891674995422 -0.7591203451156616 -0.159174382686615
vn 0.9416439533233643 0.23979493975639343 0.23623085021972656
vn -0.6426551342010498 -0.7417001724243164 -0.1920296549797058
vn 0.9325600862503052 0.26133838295936584 0.24906635284423828
vn -0.7654890418052673 -0.6119789481163025 -0.19876722991466522
vn -0.7086577415466309 -0.6766995787620544 -0.1997048705816269
vn -0.8425389528274536 -0.4649052917957306 -0.2720133066177368
vn 0.904741108417511 0.3216400444507599 0.27926915884017944
vn -0.8158678412437439 -0.536250114440918 -0.21632272005081177
vn 0.8646441698074341 0.40477898716926575 0.2975643277168274
vn 0.8933849334716797 0.3561747670173645 0.27386653423309326
vn -0.8920162916183472 -0.31647196412086487 -0.3227267265319824
vn 0.8725240230560303 0.37039121985435486 0.31860992312431335
vn -0.9217926263809204 -0.29115527868270874 -0.255982369184494
vn 0.845740020275116 0.4232743978500366 0.32490408420562744
vn 0.8564255237579346 0.40575429797172546 0.31921595335006714
vn -0.878883957862854 -0.4100281298160553 -0.2438032031059265
vn 0.8502005338668823 0.42311978340148926 0.3132551610469818
vn 0.8750259280204773 0.3837476074695587 0.2950720191001892
vn -0.945942759513855 -0.19125518202781677 -0.2619425356388092
vn 0.8430145382881165 0.42084774374961853 0.334983229637146
vn -0.9464577436447144 -0.09082787483930588 -0.30978718400001526
vn 0.8444175124168396 0.4064390957355499 0.34895044565200806
vn -0.939464271068573 0.024372734129428864 -0.34177902340888977
vn 0.8444508910179138 0.3973621428012848 0.35917404294013977
vn 0.8423099517822266 0.39571791887283325 0.3659527599811554
vn 0.8391991853713989 0.4028970003128052 0.36526525020599365
vn -0.9270583391189575 0.13378873467445374 -0.3502335250377655
vn 0.85167396068573 0.38934701681137085 0.35079967975616455
vn -0.9261949062347412 0.1699671596288681 -0.3365624248981476
vn 0.8331730365753174 0.40615567564964294 0.37531372904777527
vn 0.8462571501731873 0.3891308307647705 0.36390388011932373
vn 0.8421838879585266 0.39064210653305054 0.37165185809135437
vn 0.8468088507652283 0.387157678604126 0.3647242784500122
vn -0.918343186378479 0.22262324392795563 -0.3272380828857422
vn 0.8161537051200867 0.43979501724243164 0.3747979402542114
vn -0.9205506443977356 0.2005600482225418 -0.3352048397064209
vn -0.9057283997535706 0.2646738290786743 -0.33106476068496704
vn 0.8074175119400024 0.47979527711868286 0.34332719445228577
vn -0.9068871736526489 0.23917612433433533 -0.34691566228866577
vn -0.8975503444671631 0.2631085515022278 -0.35380417108535767
vn 0.8504422903060913 0.44594982266426086 0.2790639102458954
vn 0.8747779726982117 0.40912991762161255 0.25956955552101135
vn 0.870652973651886 0.41060835123062134 0.2708582580089569
vn -0.8907076716423035 0.2591555714607239 -0.3734678030014038
vn -0.8867021799087524 0.2773878276348114 -0.3698854446411133
vn 0.8412866592407227 0.48662930727005005 0.2354331910610199
vn -0.8740060329437256 0.24178630113601685 -0.42148882150650024
vn 0.8258056044578552 0.5356380343437195 0.17645691335201263
vn -0.8557595014572144 0.2927851378917694 -0.42655912041664124
vn -0.8351044058799744 0.3311111032962799 -0.43927910923957825
vn -0.7982707023620605 0.35023486614227295 -0.4899995028972626
vn 0.8535400032997131 0.5125166773796082 0.09378762543201447
vn -0.8478655815124512 0.2439202517271042 -0.47077274322509766
vn -0.8353809118270874 0.29323139786720276 -0.46492382884025574
vn -0.7645706534385681 0.3361516296863556 -0.5499398708343506
vn 0.8491921424865723 0.5267286896705627 0.03781057894229889
vn 0.8346751928329468 0.5494933128356934 -0.03707405924797058
vn 0.8422971963882446 0.5389449596405029 -0.008595069870352745
vn -0.8268973231315613 0.21286046504974365 -0.5205104947090149
vn -0.8163878917694092 0.27442502975463867 -0.5081356167793274
vn -0.6801929473876953 0.39756178855895996 -0.6158589720726013
vn 0.7548304796218872 0.6432432532310486 -0.1283319741487503
vn -0.7847082018852234 0.22470222413539886 -0.5777040123939514
vn -0.7699111700057983 0.2907443344593048 -0.5680709481239319
vn -0.5974623560905457 0.4889008104801178 -0.6356216073036194
vn 0.7086681127548218 0.6853123903274536 -0.16773946583271027
vn -0.457675039768219 0.5922864675521851 -0.6631217002868652
vn -0.3131771981716156 0.7225934863090515 -0.6162618398666382
vn -0.18914173543453217 0.8054257035255432 -0.5617071390151978
vn -0.010580001398921013 0.8752931952476501 -0.4834769666194916
vn 0.31166550517082214 0.860247790813446 -0.40353235602378845
vn 0.5440771579742432 0.7848467230796814 -0.29664069414138794
vn -0.75800621509552 0.28501442074775696 -0.586679995059967
vn -0.665198564529419 0.38126352429389954 -0.6419883966445923
vn -0.30592063069343567 0.7063938975334167 -0.6382948160171509
vn -0.23062221705913544 0.7609391808509827 -0.6064527630805969
vn -0.13374783098697662 0.8272228240966797 -0.5457232594490051
vn 0.011666069738566875 0.8706808686256409 -0.49171000719070435
vn 0.25633031129837036 0.8674401044845581 -0.42642998695373535
vn 0.5764040946960449 0.7510906457901001 -0.3219023644924164
vn -0.23658208549022675 0.848392128944397 -0.47356072068214417
vn -0.1436953991651535 0.8645422458648682 -0.48157909512519836
vn -0.07913827151060104 0.8857628703117371 -0.45734158158302307
vn 0.027751833200454712 0.906928300857544 -0.4203699827194214
vn 0.20715893805027008 0.9002352356910706 -0.3829643130302429
vn 0.4958595037460327 0.8015860915184021 -0.33404073119163513
vn -0.41700461506843567 -0.5318870544433594 0.7370232343673706
vn -0.1431548148393631 -0.515592634677887 0.844790518283844
vn 0.08396109938621521 -0.5169788599014282 0.8518705368041992
vn 0.2895830571651459 -0.4527054727077484 0.8433263897895813
vn -0.5071502923965454 -0.6193991303443909 0.5992856025695801
vn 0.3756018877029419 -0.3025608956813812 0.8760023713111877
vn -0.3125963509082794 -0.5261041522026062 0.7908843159675598
vn -0.14791417121887207 -0.4613773822784424 0.8747870326042175
vn 0.03304889425635338 -0.3999580442905426 0.9159374237060547
vn 0.2067752182483673 -0.3756135404109955 0.9034149646759033
vn -0.4759281873703003 -0.5431457757949829 0.6917262077331543
vn 0.41261160373687744 -0.25816985964775085 0.8735559582710266
vn -0.6942465305328369 -0.40463730692863464 0.595223069190979
vn -0.5207936763763428 -0.47326257824897766 0.7104904055595398
vn -0.2850465476512909 -0.5091906189918518 0.8120797276496887
vn -0.0841149166226387 -0.4551854729652405 0.8864147067070007
vn 0.07899443060159683 -0.36741191148757935 0.9266976118087769
vn 0.23546433448791504 -0.29875287413597107 0.9248260855674744
vn -0.8107249140739441 -0.39788803458213806 0.42943012714385986
vn 0.45738619565963745 -0.27650946378707886 0.8451865911483765
vn -0.6676504015922546 -0.4769890308380127 0.57159823179245
vn -0.4719139635562897 -0.49861377477645874 0.7271049618721008
vn -0.21797235310077667 -0.5443112850189209 0.8100699186325073
vn -0.028021901845932007 -0.5167343616485596 0.855687141418457
vn 0.15208293497562408 -0.41494372487068176 0.8970466256141663
vn 0.2863365709781647 -0.31447020173072815 0.9050524234771729
vn -0.7573263645172119 -0.47744572162628174 0.44553595781326294
vn 0.4942951500415802 -0.24290195107460022 0.8346681594848633
vn 0.6048691868782043 -0.256750226020813 0.7537988424301147
vn 0.7260569334030151 -0.15980549156665802 0.6688076257705688
vn -0.6409457325935364 -0.536592423915863 0.5488689541816711
vn -0.49590855836868286 -0.5674106478691101 0.6573583483695984
vn -0.2678159773349762 -0.5892809629440308 0.7622483968734741
vn -0.03419747203588486 -0.5811759233474731 0.8130590915679932
vn 0.17795012891292572 -0.5339964628219604 0.8265479803085327
vn 0.3947194516658783 -0.37531179189682007 0.8386523127555847
vn -0.7825067043304443 -0.5049030780792236 0.3643571436405182
vn 0.8003348112106323 -0.051777686923742294 0.597313404083252
vn 0.694475531578064 -0.25330355763435364 0.6734545826911926
vn 0.7313844561576843 -0.1819009631872177 0.6572585701942444
vn -0.7264001369476318 -0.5944560766220093 0.34491291642189026
vn 0.8401142358779907 0.06912912428379059 0.5379863381385803
vn -0.6908988356590271 -0.6853469610214233 0.23012684285640717
vn -0.6842377781867981 -0.6631457805633545 0.3034079670906067
vn 0.7769080400466919 -0.14751125872135162 0.6120901703834534
vn 0.7890923023223877 -0.0891651064157486 0.6077687740325928
vn -0.7576006650924683 -0.619663655757904 0.20508122444152832
vn 0.8605241775512695 0.18542248010635376 0.4744645655155182
vn 0.8377063870429993 -0.014686023816466331 0.5459234714508057
vn 0.8401639461517334 0.029303571209311485 0.541540265083313
vn -0.7630211114883423 -0.628876268863678 0.14937707781791687
vn 0.8707691431045532 0.26570940017700195 0.4137144088745117
vn -0.7693444490432739 -0.6337838768959045 0.08016998320817947
vn -0.7636622190475464 -0.6361053586006165 0.11040888726711273
vn 0.8677686452865601 0.22984543442726135 0.44062307476997375
vn 0.8756441473960876 0.2310427725315094 0.42410677671432495
vn 0.8667461276054382 0.11899913847446442 0.4843452572822571
vn 0.8693786859512329 0.13879019021987915 0.47425514459609985
vn -0.7874122262001038 -0.6050887107849121 0.11768490821123123
vn 0.8796015977859497 0.2593247890472412 0.39881280064582825
vn -0.7661465406417847 -0.6383087635040283 0.07470908761024475
vn 0.906753420829773 0.27064579725265503 0.3233405351638794
vn -0.6625612378120422 -0.7485843300819397 -0.025182025507092476
vn -0.7205144166946411 -0.6929602026939392 0.025790736079216003
vn -0.665014922618866 -0.7467902898788452 -0.0077118417248129845
vn 0.9330379366874695 0.24072059988975525 0.2673834264278412
vn -0.6066581010818481 -0.7931475639343262 -0.05369265377521515
vn 0.9431784152984619 0.22962944209575653 0.240176722407341
vn -0.5277324318885803 -0.8403023481369019 -0.12405876815319061
vn -0.5555508136749268 -0.8264523148536682 -0.09132318198680878
vn -0.5748002529144287 -0.8044351935386658 -0.1499626338481903
vn 0.9399367570877075 0.24724936485290527 0.2353438287973404
vn -0.5865978002548218 -0.7991724014282227 -0.13125023245811462
vn -0.5470645427703857 -0.8255971074104309 -0.13823840022087097
vn -0.6326805353164673 -0.7549634575843811 -0.17246860265731812
vn 0.921178936958313 0.29875895380973816 0.24934417009353638
vn -0.8006927371025085 -0.5806636810302734 -0.14738021790981293
vn -0.7446664571762085 -0.652283251285553 -0.14141590893268585
vn -0.6936458349227905 -0.7014700174331665 -0.16369283199310303
vn 0.8474998474121094 0.42555469274520874 0.3172495663166046
vn 0.8865070939064026 0.368935763835907 0.2792697846889496
vn -0.6691896915435791 -0.7302575707435608 -0.1375104933977127
vn -0.6073077917098999 -0.7804394364356995 -0.14863251149654388
vn -0.8675284385681152 -0.46759045124053955 -0.16956894099712372
vn 0.8390038013458252 0.4388348460197449 0.3217087686061859
vn -0.915656328201294 -0.3518695831298828 -0.19432280957698822
vn 0.8343282341957092 0.44036638736724854 0.33162328600883484
vn -0.9214648008346558 -0.26964884996414185 -0.2796286940574646
vn 0.8319494128227234 0.43476197123527527 0.34473517537117004
vn -0.8811135292053223 -0.37712299823760986 -0.28533706068992615
vn -0.8775025010108948 -0.39406877756118774 -0.27331143617630005
vn -0.9321207404136658 -0.09937378764152527 -0.34824687242507935
vn 0.8319272398948669 0.4234289526939392 0.35861536860466003
vn 0.8408342003822327 0.40661492943763733 0.3572985529899597
vn 0.835766077041626 0.4137890040874481 0.3609345853328705
vn -0.9086090326309204 -0.22381478548049927 -0.3526139259338379
vn -0.9112905859947205 -0.23723287880420685 -0.33655622601509094
vn -0.9245818257331848 0.038360629230737686 -0.37904736399650574
vn 0.8420575857162476 0.39655694365501404 0.3656251132488251
vn -0.9088816046714783 -0.09988105297088623 -0.40491732954978943
vn -0.9193390011787415 -0.08198059350252151 -0.3848310708999634
vn -0.9053118824958801 0.1381058543920517 -0.401667982339859
vn 0.8324494361877441 0.4091654419898987 0.37364643812179565
vn -0.8943210244178772 -0.01636483520269394 -0.44712647795677185
vn -0.9012340903282166 0.041958291083574295 -0.43129655718803406
vn -0.9049884080886841 0.20047339797019958 -0.37524205446243286
vn 0.8291336297988892 0.42336276173591614 0.36510464549064636
vn -0.8830803036689758 0.23394978046417236 -0.40673911571502686
vn 0.8474550247192383 0.41124796867370605 0.335701048374176
vn -0.8581122756004333 0.23726233839988708 -0.4553568959236145
vn 0.8739469647407532 0.38005152344703674 0.3029482364654541
vn -0.8817912340164185 0.24920502305030823 -0.4004261791706085
vn 0.8940795063972473 0.36024802923202515 0.2661638557910919
vn 0.8866272568702698 0.3649299144744873 0.2841096520423889
vn 0.9067875146865845 0.3173058331012726 0.2775849997997284
vn 0.8892120122909546 0.3437020182609558 0.30194535851478577
vn -0.8839482665061951 0.22880281507968903 -0.4077802300453186
vn 0.8873215913772583 0.4010867774486542 0.22757378220558167
vn -0.8598583340644836 0.21951019763946533 -0.4609327018260956
vn -0.8718231916427612 0.1942872703075409 -0.44964075088500977
vn 0.9020962715148926 0.4017051160335541 0.1576557457447052
vn -0.8530629873275757 0.1963563710451126 -0.48345401883125305
vn -0.8607779741287231 0.17860077321529388 -0.4766163229942322
vn 0.9018656015396118 0.4186209738254547 0.10674704611301422
vn -0.8534318208694458 0.1666458398103714 -0.4938454329967499
vn -0.8417342305183411 0.16321304440498352 -0.5146309733390808
vn 0.8945155739784241 0.4421454071998596 0.06594999134540558
vn 0.8756755590438843 0.4825020134449005 0.019601140171289444
vn 0.883701741695404 0.46667173504829407 0.0358988493680954
vn -0.8563973307609558 0.13991037011146545 -0.4969996511936188
vn -0.8201530575752258 0.21746639907360077 -0.5292044878005981
vn 0.8272702693939209 0.5587286949157715 -0.05870405584573746
vn -0.7969818115234375 0.34869202971458435 -0.49318745732307434
vn 0.836969792842865 0.5419524908065796 -0.07595468312501907
vn -0.6899234652519226 0.4129588007926941 -0.5945340394973755
vn -0.5148444175720215 0.5314825177192688 -0.6726527214050293
vn -0.42128217220306396 0.734531044960022 -0.5319638848304749
vn 0.789814293384552 0.5897695422172546 -0.1684200018644333
vn -0.6821625232696533 0.5610119700431824 -0.46895623207092285
vn -0.5795844793319702 0.6092228889465332 -0.5412294864654541
vn -0.3224440813064575 0.8842629194259644 -0.33780011534690857
vn 0.7727672457695007 0.5950765013694763 -0.22071434557437897
vn -0.15130017697811127 0.9445874094963074 -0.2913125157356262
vn -0.05387049540877342 0.9494081139564514 -0.3093900978565216
vn 0.04034651070833206 0.9537779688835144 -0.2977915406227112
vn 0.1783447265625 0.9448962807655334 -0.2745254933834076
vn 0.3931984603404999 0.886382520198822 -0.24437902867794037
vn 0.657345175743103 0.7237938046455383 -0.2098090946674347
vn -0.5828010439872742 0.7342047691345215 -0.3482617735862732
vn -0.4675542116165161 0.8057301044464111 -0.36358240246772766
vn -0.5184013247489929 -0.6375899314880371 0.569858968257904
vn -0.2912586033344269 -0.6890208721160889 0.663640558719635
vn -0.06735160946846008 -0.658692479133606 0.7493917942047119
vn 0.12601204216480255 -0.6190728545188904 0.7751579880714417
vn 0.34495291113853455 -0.571036159992218 0.7449330687522888
vn 0.551516592502594 -0.41897109150886536 0.7213131785392761
vn -0.671919047832489 -0.586462676525116 0.45231232047080994
vn 0.6702598333358765 -0.3362385034561157 0.6615855097770691
vn -0.5127530097961426 -0.7227616310119629 0.46335726976394653
vn -0.3610999882221222 -0.75518798828125 0.5470812320709229
vn 0.40980029106140137 -0.6222233772277832 0.6670096516609192
vn 0.527363657951355 -0.5040292143821716 0.6839898824691772
vn -0.6168071627616882 -0.6948167681694031 0.3698360323905945
vn 0.7728527188301086 -0.21097086369991302 0.5984897613525391
vn -0.581761360168457 -0.7992085218429565 0.1510612815618515
vn -0.5550309419631958 -0.7857168912887573 0.27311110496520996
vn -0.4907556474208832 -0.7854048013687134 0.3772243857383728
vn -0.3453778922557831 -0.824028491973877 0.44910040497779846
vn 0.4698708653450012 -0.6007001996040344 0.6468234658241272
vn 0.6203938722610474 -0.45105940103530884 0.641605019569397
vn -0.7000582218170166 -0.6989768743515015 0.14611612260341644
vn 0.8415178060531616 -0.008794142864644527 0.5401577949523926
vn -0.7236832976341248 -0.6844781041145325 0.08816066384315491
vn 0.8719737529754639 0.12319429963827133 0.4737984836101532
vn -0.7404059767723083 -0.672127902507782 0.00657009519636631
vn -0.7385935187339783 -0.6726216673851013 0.04538537189364433
vn -0.7601033449172974 -0.6485586762428284 0.040182698518037796
vn 0.9098806381225586 0.16759638488292694 0.37951114773750305
vn -0.7242439389228821 -0.6895182132720947 -0.0059574865736067295
vn 0.9314680695533752 0.1843806952238083 0.31364166736602783
vn -0.6093999743461609 -0.7868130803108215 -0.09775927662849426
vn -0.6674486994743347 -0.7427285313606262 -0.05353998765349388
vn -0.6082099080085754 -0.790802538394928 -0.06864514201879501
vn 0.9428728818893433 0.19346925616264343 0.2712201476097107
vn -0.5610417723655701 -0.8223268389701843 -0.09492456167936325
vn 0.9442824721336365 0.21366652846336365 0.250354140996933
vn -0.5966731309890747 -0.7941007614135742 -0.11569443345069885
vn -0.5351128578186035 -0.8345704078674316 -0.13094519078731537
vn -0.504820704460144 -0.8526906967163086 -0.1344422698020935
vn -0.5166884064674377 -0.8480471968650818 -0.1176820695400238
vn -0.6506130695343018 -0.7504976987838745 -0.11599947512149811
vn 0.9326266646385193 0.2594320476055145 0.250803679227829
vn 0.8721129298210144 0.33121517300605774 0.3601604998111725
vn 0.9161829948425293 0.26785174012184143 0.2981010377407074
vn -0.7272684574127197 -0.6773853302001953 -0.11058814823627472
vn 0.9070292115211487 0.3249303102493286 0.26780280470848083
vn -0.7908052802085876 -0.602039098739624 -0.11034505069255829
vn 0.8310198783874512 0.43400245904922485 0.34791937470436096
vn 0.8669721484184265 0.38866081833839417 0.31193283200263977
vn 0.8457945585250854 0.39441990852355957 0.35925552248954773
vn 0.8931398391723633 0.3326091468334198 0.30277472734451294
vn -0.8555982708930969 -0.49938634037971497 -0.13625331223011017
vn 0.8244118690490723 0.44906166195869446 0.34451237320899963
vn -0.8650535345077515 -0.46225661039352417 -0.19493921101093292
vn 0.8244889974594116 0.44974589347839355 0.3434334695339203
vn -0.8475224375724792 -0.4800015389919281 -0.22650477290153503
vn -0.8438050150871277 -0.4948098659515381 -0.20774084329605103
vn -0.8898531794548035 -0.3515862226486206 -0.29077237844467163
vn 0.8227211236953735 0.44810256361961365 0.34976282715797424
vn 0.831841766834259 0.4450981914997101 0.3315521478652954
vn 0.8238925337791443 0.45306065678596497 0.3404955267906189
vn -0.9068820476531982 -0.24704673886299133 -0.3413691520690918
vn 0.8271062970161438 0.43525850772857666 0.35559138655662537
vn 0.841889500617981 0.41693827509880066 0.34261444211006165
vn 0.835669994354248 0.4242688715457916 0.3487859070301056
vn 0.8368251919746399 0.4332321882247925 0.3347141444683075
vn 0.8285462856292725 0.44211575388908386 0.3435764014720917
vn -0.8991062641143799 -0.14285676181316376 -0.413763165473938
vn 0.8385551571846008 0.41215935349464417 0.35630032420158386
vn -0.8670100569725037 -0.017781205475330353 -0.49797338247299194
vn 0.8320102095603943 0.4150693118572235 0.3680713176727295
vn -0.8735330104827881 0.08896468579769135 -0.4785660207271576
vn -0.8803602457046509 0.13420988619327545 -0.4549216032028198
vn -0.8737878799438477 0.18953031301498413 -0.44785380363464355
vn 0.8495599031448364 0.38835033774375916 0.35697630047798157
vn -0.8403236865997314 0.112882599234581 -0.5302015542984009
vn -0.8589217066764832 0.14889100193977356 -0.4899847209453583
vn 0.9035249352455139 0.30426886677742004 0.3017667829990387
vn 0.8670853972434998 0.3601926267147064 0.3441281020641327
vn -0.8445010781288147 0.22050319612026215 -0.4880535900592804
vn 0.8737015128135681 0.3610134422779083 0.3260597884654999
vn 0.9217056632041931 0.2821847200393677 0.2661401033401489
vn 0.9004103541374207 0.31604209542274475 0.2989625036716461
vn -0.8005933165550232 0.15260857343673706 -0.579448938369751
vn -0.8343909382820129 0.18140485882759094 -0.5204653143882751
vn 0.9196330904960632 0.27741503715515137 0.2780574560165405
vn 0.8858097791671753 0.3310806155204773 0.32515645027160645
vn -0.8230925798416138 0.21201691031455994 -0.5268468260765076
vn 0.9249867796897888 0.2952347993850708 0.23924046754837036
vn -0.7697109580039978 0.18505768477916718 -0.610981822013855
vn -0.8027450442314148 0.20149189233779907 -0.5612499713897705
vn -0.8225432634353638 0.20619679987430573 -0.5300050973892212
vn 0.9334393739700317 0.30332502722740173 0.19153298437595367
vn -0.7550676465034485 0.20974178612232208 -0.6211934685707092
vn -0.7863177061080933 0.20227959752082825 -0.5837700366973877
vn -0.8204927444458008 0.193330779671669 -0.5379729270935059
vn 0.9328932166099548 0.32585281133651733 0.15339569747447968
vn -0.748108983039856 0.23076342046260834 -0.6221585869789124
vn -0.7799173593521118 0.21472619473934174 -0.5878958702087402
vn -0.8414067029953003 0.15779447555541992 -0.5168517827987671
vn 0.9276502728462219 0.35356971621513367 0.12022294849157333
vn -0.8511121273040771 0.1550312042236328 -0.5015711188316345
vn 0.9196158051490784 0.3825829029083252 0.08909107744693756
vn -0.8516862392425537 0.14934946596622467 -0.5023199915885925
vn 0.9002284407615662 0.42867568135261536 0.07632811367511749
vn 0.9032063484191895 0.422531396150589 0.07540320605039597
vn -0.8419627547264099 0.2257196456193924 -0.49005037546157837
vn 0.8843600153923035 0.46671468019485474 0.009209885261952877
vn -0.8576549887657166 0.18059153854846954 -0.48147130012512207
vn -0.8207645416259766 0.3818216621875763 -0.4249209463596344
vn 0.8972915410995483 0.44028130173683167 -0.03194224089384079
vn -0.8463776707649231 0.28344663977622986 -0.4508912265300751
vn -0.7498565316200256 0.535326361656189 -0.3887684941291809
vn 0.898912787437439 0.42946887016296387 -0.08667365461587906
vn -0.5830975770950317 0.7677124738693237 -0.26573461294174194
vn 0.8350838422775269 0.5407832264900208 -0.10093823075294495
vn -0.3897509276866913 0.892764687538147 -0.2259768545627594
vn -0.2719840109348297 0.9411237835884094 -0.20077532529830933
vn -0.14432671666145325 0.9779073596000671 -0.15121833980083466
vn -0.045547980815172195 0.9845068454742432 -0.1693272739648819
vn 0.045150838792324066 0.9852156639099121 -0.16526217758655548
vn 0.16648800671100616 0.9741091132164001 -0.1529484987258911
vn 0.360543817281723 0.9229975938796997 -0.13447535037994385
vn 0.6240804195404053 0.7738385200500488 -0.10815533250570297
vn -0.05827184021472931 -0.7555527687072754 0.6524909138679504
vn 0.156716987490654 -0.704190194606781 0.6924998760223389
vn -0.19176869094371796 -0.7734223008155823 0.6041876673698425
vn 0.2747710049152374 -0.7074087262153625 0.6512094736099243
vn -0.03595798462629318 -0.7879500389099121 0.6146883964538574
vn 0.08254051208496094 -0.7545171976089478 0.6510690450668335
vn -0.19230739772319794 -0.8226456046104431 0.5350440740585327
vn 0.36547723412513733 -0.5998698472976685 0.711746096611023
vn -0.4873274266719818 -0.8695838451385498 0.07959871739149094
vn -0.39731767773628235 -0.9028945565223694 0.16407379508018494
vn -0.31159648299217224 -0.8997189402580261 0.30563607811927795
vn -0.14077842235565186 -0.8845982551574707 0.444597989320755
vn 0.5497864484786987 -0.5192937850952148 0.6542697548866272
vn 0.7277188897132874 -0.33763810992240906 0.5970140695571899
vn -0.014397419057786465 -0.8433642387390137 0.5371494293212891
vn 0.2189510017633438 -0.7306374311447144 0.6467066407203674
vn -0.6343318223953247 -0.7690808176994324 0.07834485173225403
vn 0.838350772857666 -0.11838658899068832 0.5321208834648132
vn 0.7008375525474548 -0.4296294152736664 0.5694254040718079
vn 0.7506027221679688 -0.3349112570285797 0.5695876479148865
vn -0.6787804365158081 -0.7338160872459412 0.02776724472641945
vn 0.8959996700286865 0.014535263180732727 0.4438168704509735
vn -0.6958070397377014 -0.7163571715354919 -0.05181662738323212
vn -0.701339066028595 -0.7127326726913452 -0.011646225117146969
vn 0.8198854327201843 -0.25342488288879395 0.5133845806121826
vn 0.8370866775512695 -0.18267479538917542 0.5156702995300293
vn -0.7191633582115173 -0.6938611268997192 -0.03688998892903328
vn 0.9228643178939819 0.08834231644868851 0.37485602498054504
vn 0.8792425394058228 -0.09132517874240875 0.46753865480422974
vn 0.8932680487632751 -0.05172805115580559 0.4465382397174835
vn -0.6749083995819092 -0.7334969639778137 -0.08050457388162613
vn 0.9360925555229187 0.13192591071128845 0.3260773718357086
vn -0.5680866837501526 -0.8071939945220947 -0.16036050021648407
vn -0.6158577799797058 -0.778510570526123 -0.12099809944629669
vn 0.8988317251205444 0.02898831106722355 0.4373343288898468
vn 0.9172773361206055 0.04216625541448593 0.39601048827171326
vn -0.5688484311103821 -0.8123924732208252 -0.12817968428134918
vn 0.940531849861145 0.1657520830631256 0.2965233325958252
vn -0.5283278822898865 -0.8273664712905884 -0.19061577320098877
vn -0.5484282970428467 -0.8180375099182129 -0.17332366108894348
vn 0.8983158469200134 0.12110520899295807 0.4223294258117676
vn 0.9246485829353333 0.10925032198429108 0.36481428146362305
vn -0.531507670879364 -0.8369370102882385 -0.130522221326828
vn 0.9368033409118652 0.2046533226966858 0.2837544083595276
vn -0.6322870850563049 -0.7668712735176086 -0.11009829491376877
vn -0.564774751663208 -0.8153073191642761 -0.12768521904945374
vn -0.5233137011528015 -0.839205801486969 -0.1479070782661438
vn -0.5053055286407471 -0.8502770662307739 -0.14729253947734833
vn 0.8624383807182312 0.29334333539009094 0.4124920666217804
vn 0.9065980911254883 0.23353460431098938 0.35148483514785767
vn -0.5153831243515015 -0.8393123149871826 -0.17301791906356812
vn -0.5275433659553528 -0.833976149559021 -0.16180787980556488
vn 0.8844670653343201 0.2041035145521164 0.419594943523407
vn 0.9217458367347717 0.16550904512405396 0.35070130228996277
vn -0.6804767847061157 -0.7261935472488403 -0.09795083850622177
vn 0.8355469703674316 0.3661345839500427 0.4096423387527466
vn -0.7494824528694153 -0.6554532647132874 -0.09304385632276535
vn 0.827724814414978 0.4169137179851532 0.37557241320610046
vn -0.7879402041435242 -0.6083966493606567 -0.0948885902762413
vn -0.8231616616249084 -0.5544931888580322 -0.12223826348781586
vn 0.8318060636520386 0.4329775869846344 0.3473169803619385
vn 0.839440643787384 0.4198431372642517 0.3450669050216675
vn 0.8443882465362549 0.410028874874115 0.34479689598083496
vn -0.8141940236091614 -0.5617545247077942 -0.14669698476791382
vn 0.8243805766105652 0.45186346769332886 0.3409048914909363
vn -0.8024839758872986 -0.5576736927032471 -0.21217826008796692
vn -0.8040123581886292 -0.5704222321510315 -0.16787683963775635
vn 0.8328618407249451 0.4459092319011688 0.32788145542144775
vn 0.8278310894966125 0.4514218866825104 0.33303752541542053
vn 0.8333878517150879 0.4407850503921509 0.33342650532722473
vn 0.831976056098938 0.4405173063278198 0.33728379011154175
vn -0.868103563785553 -0.41602227091789246 -0.27077969908714294
vn 0.8382152318954468 0.4379911422729492 0.32489848136901855
vn -0.8719148635864258 -0.33193689584732056 -0.3599756360054016
vn 0.8370558619499207 0.43353068828582764 0.333749383687973
vn -0.8437774181365967 -0.22947558760643005 -0.4851604700088501
vn 0.8260281085968018 0.4387585520744324 0.35379156470298767
vn -0.7990210652351379 -0.2885435223579407 -0.5275490283966064
vn -0.7899312973022461 -0.3411577343940735 -0.5095292329788208
vn 0.8618921041488647 0.4081498682498932 0.30092474818229675
vn 0.8287942409515381 0.45005354285240173 0.33249354362487793
vn -0.8281648755073547 -0.08235076814889908 -0.5544017553329468
vn 0.8387978076934814 0.4078534245491028 0.36065754294395447
vn 0.9118800163269043 0.3026142418384552 0.2773076891899109
vn 0.8729303479194641 0.3634926378726959 0.32537007331848145
vn -0.8148044347763062 -0.14801551401615143 -0.560522198677063
vn -0.8176891207695007 -0.1810678094625473 -0.5464421510696411
vn 0.889964759349823 0.35202881693840027 0.2898939549922943
vn 0.8463062047958374 0.4123770296573639 0.3372107148170471
vn -0.8122279047966003 0.0534905381500721 -0.5808826684951782
vn 0.9324259161949158 0.25602856278419495 0.25501248240470886
vn -0.8053085803985596 -0.042107827961444855 -0.5913586020469666
vn -0.8124269843101501 -0.04848180338740349 -0.5810438990592957
vn -0.7743387818336487 0.13009321689605713 -0.6192538142204285
vn 0.9407727718353271 0.2409675270318985 0.2384980171918869
vn -0.782321572303772 0.04775122553110123 -0.6210416555404663
vn -0.7900205850601196 0.05155729129910469 -0.6109086871147156
vn -0.7520239353179932 0.18184314668178558 -0.6335559487342834
vn 0.9482523798942566 0.23696506023406982 0.2113410085439682
vn -0.757925271987915 0.1260778307914734 -0.6400420069694519
vn -0.7647503018379211 0.1268511712551117 -0.6317166090011597
vn -0.7419212460517883 0.22075015306472778 -0.6331053376197815
vn 0.9487578868865967 0.25413522124290466 0.18781322240829468
vn -0.7340909838676453 0.1899583488702774 -0.6519404053688049
vn -0.7454314231872559 0.18973147869110107 -0.6390101909637451
vn -0.7383243441581726 0.2380753606557846 -0.6310288310050964
vn 0.9450463056564331 0.28154340386390686 0.16619527339935303
vn -0.7544416785240173 0.24682314693927765 -0.6081909537315369
vn -0.7899512052536011 0.21572677791118622 -0.5739678144454956
vn -0.7168500423431396 0.23763737082481384 -0.6554803252220154
vn -0.7320215106010437 0.24372947216033936 -0.6361921429634094
vn -0.8205093145370483 0.187082439661026 -0.5401524305343628
vn 0.9419040083885193 0.3058123290538788 0.13890908658504486
vn -0.7695624232292175 0.2671595811843872 -0.579999566078186
vn -0.7871814966201782 0.22904109954833984 -0.5726129412651062
vn 0.9144655466079712 0.3369540274143219 0.22408665716648102
vn 0.9388443231582642 0.2912476360797882 0.18370163440704346
vn -0.836259126663208 0.19853340089321136 -0.5111313462257385
vn 0.9249504208564758 0.36266380548477173 0.11376174539327621
vn 0.9064965844154358 0.39747506380081177 0.14239969849586487
vn 0.910325288772583 0.3941102921962738 0.12643207609653473
vn -0.7898057103157043 0.30054786801338196 -0.534675657749176
vn -0.8059366345405579 0.23252923786640167 -0.54442298412323
vn 0.9106011390686035 0.36939314007759094 0.1853492259979248
vn 0.9247100949287415 0.34525638818740845 0.16034115850925446
vn -0.8603374361991882 0.21836227178573608 -0.4605838656425476
vn 0.9248520135879517 0.3717414140701294 0.08035646378993988
vn -0.800494909286499 0.3772466480731964 -0.4657176733016968
vn -0.8255115747451782 0.27447959780693054 -0.4931447505950928
vn -0.8582909107208252 0.30304867029190063 -0.41412353515625
vn 0.9460928440093994 0.3230566680431366 0.02329731546342373
vn -0.8279832005500793 0.42536306381225586 -0.3653903901576996
vn -0.77708500623703 0.505989670753479 -0.3743171691894531
vn -0.8341721296310425 0.38990381360054016 -0.39004096388816833
vn -0.7410776019096375 0.5910386443138123 -0.31855508685112
vn 0.9251546263694763 0.37957000732421875 -0.003936403430998325
vn -0.7803223729133606 0.5668777227401733 -0.26409584283828735
vn -0.5666037201881409 0.7969346046447754 -0.2094172090291977
vn 0.8218381404876709 0.5695297122001648 -0.01476508378982544
vn -0.36035260558128357 0.9219736456871033 -0.14181199669837952
vn -0.23377397656440735 0.9669678807258606 -0.10160167515277863
vn -0.15370222926139832 0.9861854314804077 -0.061757251620292664
vn -0.053220171481370926 0.9976496696472168 -0.04315965995192528
vn 0.04099143669009209 0.9981848001480103 -0.04412233456969261
vn 0.14963558316230774 0.9880868792533875 -0.03596573323011398
vn 0.31887388229370117 0.9472864866256714 -0.031109614297747612
vn 0.5850347876548767 0.8105783462524414 -0.026403144001960754
vn -0.6595920920372009 0.7272399663925171 -0.18989577889442444
vn -0.41063180565834045 -0.9110231995582581 0.03765994682908058
vn -0.2847408056259155 -0.9529228210449219 0.10421556979417801
vn -0.16519640386104584 -0.9669244289398193 0.19433821737766266
vn -0.019190972670912743 -0.9498348832130432 0.3121624290943146
vn 0.15987622737884521 -0.8644603490829468 0.4766004681587219
vn 0.46499505639076233 -0.6823839545249939 0.5640316009521484
vn -0.5733163952827454 -0.8189659714698792 0.02455865405499935
vn 0.6753559112548828 -0.5087327361106873 0.5339339971542358
vn -0.6345680356025696 -0.7727928757667542 -0.010707305744290352
vn 0.8067852854728699 -0.2840762734413147 0.5180716514587402
vn -0.6359691619873047 -0.7674729228019714 -0.080799899995327
vn -0.655230700969696 -0.7542933225631714 -0.04140452295541763
vn -0.6662792563438416 -0.7394073009490967 -0.09668951481580734
vn 0.8607101440429688 -0.0958273783326149 0.4999951422214508
vn -0.6231744289398193 -0.7701398134231567 -0.13615532219409943
vn 0.8747227787971497 0.0447285957634449 0.48255521059036255
vn -0.5381788611412048 -0.8168227076530457 -0.20776015520095825
vn -0.5420497059822083 -0.8157108426094055 -0.2019852250814438
vn -0.5464532375335693 -0.8140429854393005 -0.1967812031507492
vn -0.5761063098907471 -0.7993810772895813 -0.17056183516979218
vn -0.5293227434158325 -0.8263058066368103 -0.19244787096977234
vn 0.8687441349029541 0.1582850068807602 0.469286173582077
vn -0.544079601764679 -0.8205386400222778 -0.17519661784172058
vn 0.8523123860359192 0.26816728711128235 0.4490545392036438
vn -0.6681594252586365 -0.7339882850646973 -0.12175476551055908
vn -0.5915929079055786 -0.7933400869369507 -0.1436295211315155
vn -0.7064972519874573 -0.7011178135871887 -0.09641317278146744
vn 0.8475816249847412 0.3379029631614685 0.4091784954071045
vn -0.7589954733848572 -0.6446717381477356 -0.09123746305704117
vn 0.8522853255271912 0.3727145493030548 0.3670063316822052
vn -0.7816229462623596 -0.6165754795074463 -0.09434172511100769
vn 0.8448064923286438 0.38981226086616516 0.36653566360473633
vn 0.8501487374305725 0.38185837864875793 0.3625347316265106
vn -0.7964361906051636 -0.595518946647644 -0.10510306060314178
vn 0.8355162739753723 0.4252878427505493 0.34791213274002075
vn -0.7804528474807739 -0.6124861836433411 -0.12551474571228027
vn 0.8394195437431335 0.430936336517334 0.331162691116333
vn -0.7226859927177429 -0.6520012617111206 -0.22938910126686096
vn -0.7518798112869263 -0.6387820839881897 -0.16320013999938965
vn -0.8024739027023315 -0.5192455053329468 -0.29397261142730713
vn 0.8413094282150269 0.43691062927246094 0.31828853487968445
vn -0.7773938179016113 -0.4646514654159546 -0.4239785969257355
vn 0.8275182247161865 0.4591730535030365 0.32306918501853943
vn -0.7710530757904053 -0.386407732963562 -0.5061287879943848
vn -0.7581158876419067 -0.44015535712242126 -0.4811690151691437
vn 0.8752678036689758 0.4012485146522522 0.27001121640205383
vn 0.8411361575126648 0.4496367573738098 0.30052751302719116
vn -0.8083652257919312 -0.2442653477191925 -0.5356119275093079
vn 0.8998184204101562 0.3478865623474121 0.26325228810310364
vn -0.8081420063972473 -0.15287719666957855 -0.5688014626502991
vn 0.9259995222091675 0.28492897748947144 0.24766987562179565
vn -0.787398099899292 -0.05055448040366173 -0.6143683791160583
vn 0.9418256878852844 0.23612473905086517 0.23918510973453522
vn -0.7656438946723938 0.04357107728719711 -0.6417874097824097
vn 0.9495953917503357 0.2121940702199936 0.23074297606945038
vn -0.7403268814086914 0.12252587080001831 -0.6609868407249451
vn 0.9523230791091919 0.21159091591835022 0.2197955697774887
vn -0.7150470018386841 0.1898973286151886 -0.6727902889251709
vn 0.9499415755271912 0.230724036693573 0.2106596678495407
vn -0.6930626630783081 0.25368618965148926 -0.6747647523880005
vn 0.948337972164154 0.2484385073184967 0.19731566309928894
vn -0.7078889608383179 0.28569495677948 -0.6459657549858093
vn -0.7341161370277405 0.28919923305511475 -0.6143593192100525
vn 0.8970814943313599 0.3272019326686859 0.29695752263069153
vn 0.9241877794265747 0.2905694246292114 0.24788379669189453
vn -0.7470470666885376 0.330213725566864 -0.5769571661949158
vn 0.8975445032119751 0.3575821816921234 0.2579706311225891
vn -0.76198810338974 0.3983616828918457 -0.5105704069137573
vn 0.9218717813491821 0.3333229720592499 0.19760653376579285
vn -0.7546838521957397 0.5076107978820801 -0.4156724512577057
vn 0.9593604207038879 0.25199007987976074 0.12699849903583527
vn -0.7131614089012146 0.6362336874008179 -0.2942914068698883
vn 0.960425853729248 0.26313942670822144 0.09132324159145355
vn -0.7609962224960327 0.590441107749939 -0.26881977915763855
vn -0.8164137601852417 0.518952488899231 -0.2532922923564911
vn -0.7503857016563416 0.6462126970291138 -0.13903434574604034
vn 0.9208508729934692 0.38211503624916077 0.07760048657655716
vn -0.6265750527381897 0.7760989665985107 -0.0712328776717186
vn 0.787906289100647 0.6128634214401245 0.06001845374703407
vn -0.45385974645614624 0.8859293460845947 -0.09560682624578476
vn -0.2629600763320923 0.964252233505249 -0.03270512819290161
vn -0.17190919816493988 0.9850213527679443 -0.013425401411950588
vn -0.11064169555902481 0.9934815168380737 0.027439715340733528
vn -0.053002115339040756 0.9969183802604675 0.05783255770802498
vn 0.023105310276150703 0.9976072311401367 0.06516174226999283
vn 0.13294126093387604 0.9884273409843445 0.07306238263845444
vn 0.26033732295036316 0.962009847164154 0.08222882449626923
vn 0.5023769736289978 0.8623617887496948 0.06284616142511368
vn -0.3617766797542572 -0.9314607381820679 0.03871138021349907
vn -0.18147888779640198 -0.9797365665435791 0.08474479615688324
vn -0.03860148414969444 -0.9829495549201965 0.17977826297283173
vn 0.05846786871552467 -0.9641777873039246 0.2587328553199768
vn 0.2676312029361725 -0.8843288421630859 0.38253891468048096
vn 0.467058390378952 -0.741941511631012 0.48101913928985596
vn -0.5278224945068359 -0.8493397831916809 0.005037758033722639
vn 0.6807413101196289 -0.5168538093566895 0.5190889835357666
vn 0.48834824562072754 -0.7312001585960388 0.47630074620246887
vn 0.5110284090042114 -0.7108079195022583 0.4833240807056427
vn -0.5950450301170349 -0.8036367297172546 -0.009462008252739906
vn 0.7947816848754883 -0.27443385124206543 0.5413023829460144
vn -0.5395597815513611 -0.8386431336402893 -0.07451871782541275
vn -0.5997380614280701 -0.7997238636016846 -0.027496693655848503
vn 0.6762207746505737 -0.47676989436149597 0.5616190433502197
vn 0.6725679039955139 -0.4951120615005493 0.5500149726867676
vn -0.5886962413787842 -0.7963775396347046 -0.13863490521907806
vn 0.8430387377738953 -0.0802035927772522 0.5318394303321838
vn -0.4763087034225464 -0.864055871963501 -0.1629038155078888
vn -0.5138154029846191 -0.8465782403945923 -0.13892123103141785
vn 0.7799587845802307 -0.23425620794296265 0.5803347229957581
vn 0.7831830382347107 -0.2558165192604065 0.5667294859886169
vn -0.5759556889533997 -0.7982664704322815 -0.17619800567626953
vn 0.857229471206665 0.06463146209716797 0.510862410068512
vn -0.5522677898406982 -0.805641770362854 -0.21434001624584198
vn -0.5394739508628845 -0.8135817646980286 -0.2169160693883896
vn -0.5326141119003296 -0.8187698721885681 -0.2143319696187973
vn -0.5460301637649536 -0.8135200142860413 -0.20009079575538635
vn -0.5149387717247009 -0.8334370255470276 -0.2005515992641449
vn -0.539280354976654 -0.8227368593215942 -0.17966875433921814
vn 0.8240285515785217 -0.050059519708156586 0.5643324255943298
vn 0.8318633437156677 -0.06494379788637161 0.5511675477027893
vn -0.5524613261222839 -0.8096992373466492 -0.19792330265045166
vn 0.8590378761291504 0.171291783452034 0.4824034869670868
vn 0.8397691249847412 0.06637946516275406 0.5388706922531128
vn 0.8486228585243225 0.07123114168643951 0.5241806507110596
vn -0.5914523005485535 -0.7864264249801636 -0.17809462547302246
vn 0.8594027161598206 0.2484358698129654 0.44688543677330017
vn -0.7025436758995056 -0.6972941756248474 -0.1421736627817154
vn -0.6482576727867126 -0.7451266050338745 -0.15667958557605743
vn 0.8524523377418518 0.14447297155857086 0.5024466514587402
vn 0.8562150597572327 0.16065126657485962 0.49100619554519653
vn -0.7289666533470154 -0.6755605340003967 -0.11056974530220032
vn 0.8634418249130249 0.29770421981811523 0.40723517537117004
vn 0.8588756918907166 0.21087956428527832 0.46675732731819153
vn 0.8621947765350342 0.2239343822002411 0.4543936550617218
vn -0.7669951319694519 -0.6324909925460815 -0.1080448254942894
vn 0.8620768189430237 0.3304893970489502 0.3841879069805145
vn -0.7750562429428101 -0.6214616894721985 -0.1143384501338005
vn 0.8471295833587646 0.35070064663887024 0.3992248475551605
vn 0.8546286225318909 0.3380126655101776 0.39415398240089417
vn 0.8574172854423523 0.2798181474208832 0.43189987540245056
vn 0.8624057173728943 0.2779353857040405 0.4230937957763672
vn -0.7751932740211487 -0.6225782036781311 -0.10710623115301132
vn 0.848815381526947 0.3844817876815796 0.3628860414028168
vn -0.738112211227417 -0.6618770956993103 -0.1308019608259201
vn 0.8594946265220642 0.3977034091949463 0.3210935890674591
vn -0.6015805006027222 -0.7587715983390808 -0.2497330904006958
vn -0.6775383949279785 -0.7142198085784912 -0.1755898892879486
vn -0.679456889629364 -0.6505781412124634 -0.33924388885498047
vn 0.8516302108764648 0.43126100301742554 0.29789260029792786
vn -0.5331622958183289 -0.758423924446106 -0.37487486004829407
vn -0.5747456550598145 -0.7492428421974182 -0.3290935754776001
vn 0.8520594239234924 0.4310516119003296 0.2969668507575989
vn 0.8645500540733337 0.4115378260612488 0.28842657804489136
vn -0.6946142911911011 -0.578213632106781 -0.42799535393714905
vn 0.8376036882400513 0.4595734179019928 0.29531729221343994
vn -0.7587760090827942 -0.44175612926483154 -0.47865498065948486
vn -0.7114248275756836 -0.5278627872467041 -0.4639349579811096
vn 0.8753376603126526 0.40388792753219604 0.26581665873527527
vn 0.8528444766998291 0.4419995844364166 0.27801573276519775
vn -0.6362462043762207 -0.5890275835990906 -0.4982343018054962
vn -0.6402466893196106 -0.6592505574226379 -0.394300639629364
vn 0.8559186458587646 0.4357289671897888 0.27846652269363403
vn 0.8486674427986145 0.4475466012954712 0.2818966209888458
vn -0.7586814761161804 -0.33452799916267395 -0.5590111613273621
vn 0.9062409996986389 0.33810189366340637 0.2537999451160431
vn -0.6239747405052185 -0.3800622224807739 -0.682794451713562
vn -0.6243371963500977 -0.4622610807418823 -0.6296966671943665
vn -0.7575386166572571 -0.16794541478157043 -0.6308166980743408
vn 0.9281472563743591 0.27348771691322327 0.2524820566177368
vn -0.6632888913154602 -0.24299916625022888 -0.7078130841255188
vn -0.6938400268554688 -0.27837350964546204 -0.6641492247581482
vn -0.7506868839263916 -0.05170232430100441 -0.6586319208145142
vn 0.939436137676239 0.22986920177936554 0.254204660654068
vn -0.6614243984222412 -0.137950137257576 -0.7372161149978638
vn -0.7100491523742676 -0.14846523106098175 -0.6883227825164795
vn -0.7310066819190979 0.040891941636800766 -0.6811439990997314
vn 0.9449348449707031 0.20528261363506317 0.25486716628074646
vn -0.6443731784820557 -0.049315229058265686 -0.7631193995475769
vn -0.7010633945465088 -0.0476098470389843 -0.7115079164505005
vn -0.7042670845985413 0.11958020180463791 -0.6997917294502258
vn 0.9442039728164673 0.2072221040725708 0.25600382685661316
vn -0.621204674243927 0.03484221547842026 -0.7828734517097473
vn -0.6784319281578064 0.03769353777170181 -0.7336957454681396
vn -0.6764474511146545 0.19757677614688873 -0.709494411945343
vn 0.9382394552230835 0.2229873538017273 0.26454392075538635
vn -0.5964071750640869 0.1273406594991684 -0.7925167679786682
vn -0.6494118571281433 0.12301989644765854 -0.7504201531410217
vn 0.8701406717300415 0.28510117530822754 0.40196096897125244
vn 0.9073274731636047 0.24408400058746338 0.34231558442115784
vn -0.6579471826553345 0.2808055877685547 -0.6987516283988953
vn 0.9305615425109863 0.25060340762138367 0.266932874917984
vn -0.6768229603767395 0.3196144700050354 -0.6631419658660889
vn -0.7054932713508606 0.3409664034843445 -0.6213060617446899
vn 0.8729441165924072 0.31757980585098267 0.3702860474586487
vn 0.8962819576263428 0.2970970571041107 0.3292599022388458
vn -0.5702328681945801 0.24727796018123627 -0.7833824753761292
vn -0.6113438010215759 0.24116107821464539 -0.753724217414856
vn 0.8686466217041016 0.2967236638069153 0.39674705266952515
vn 0.9026824831962585 0.26357367634773254 0.3401370942592621
vn -0.705363392829895 0.4184212386608124 -0.5721767544746399
vn 0.9001465439796448 0.3004876375198364 0.31534653902053833
vn -0.5405415296554565 0.4174412786960602 -0.7304502725601196
vn -0.539932370185852 0.3996807038784027 -0.7407620549201965
vn -0.6179612278938293 0.38780027627944946 -0.6839115619659424
vn -0.6698876023292542 0.3992455005645752 -0.6259821653366089
vn -0.6922162771224976 0.5522909760475159 -0.4645549952983856
vn 0.9477512836456299 0.20958851277828217 0.24049976468086243
vn -0.4986647963523865 0.6373957991600037 -0.5874180793762207
vn -0.4783414900302887 0.6148102879524231 -0.6270548105239868
vn -0.5257920622825623 0.5744258761405945 -0.6273577213287354
vn -0.6334584355354309 0.5239311456680298 -0.5694088935852051
vn -0.6907480359077454 0.6358507871627808 -0.34432685375213623
vn 0.9640896916389465 0.18214742839336395 0.19327037036418915
vn -0.5989618301391602 0.7709930539131165 -0.21636660397052765
vn 0.9522645473480225 0.24913059175014496 0.17642614245414734
vn -0.6463779807090759 0.7495533227920532 -0.14270766079425812
vn -0.7408519387245178 0.662584662437439 -0.11009115725755692
vn -0.7031633853912354 0.7108710408210754 0.014958555810153484
vn 0.8849628567695618 0.4318626821041107 0.17417074739933014
vn 0.5517910718917847 0.7076050639152527 0.4413861334323883
vn 0.8046392202377319 0.49651166796684265 0.3256254494190216
vn -0.6340571045875549 0.7693340182304382 0.07808168232440948
vn 0.6871500611305237 0.7109110355377197 0.1497677117586136
vn -0.42817941308021545 0.9036933779716492 0.0008134524105116725
vn -0.24779848754405975 0.9677505493164062 0.04533009231090546
vn -0.12266711890697479 0.9877600073814392 0.09634850919246674
vn -0.06294576078653336 0.9901164770126343 0.12532857060432434
vn -0.02237359620630741 0.9876314997673035 0.1551886349916458
vn 0.02348281256854534 0.9840202927589417 0.1765011101961136
vn 0.09775584191083908 0.9807720184326172 0.1689085215330124
vn 0.21153178811073303 0.9562796950340271 0.2019493132829666
vn 0.4062398076057434 0.894260048866272 0.18779827654361725
vn 0.3820814788341522 0.868941605091095 0.31456995010375977
vn 0.643362283706665 0.7157805562019348 0.2715572118759155
vn -0.3090943694114685 -0.9449959993362427 0.10697346180677414
vn -0.14040625095367432 -0.983956515789032 0.11007101833820343
vn 0.09822972118854523 -0.9752907752990723 0.19788607954978943
vn 0.26324090361595154 -0.9105334281921387 0.31879958510398865
vn -0.4964132010936737 -0.8672593235969543 0.03788502886891365
vn 0.5450953841209412 -0.6929585933685303 0.4718892574310303
vn 0.3081492483615875 -0.885753333568573 0.34710976481437683
vn 0.38346099853515625 -0.8514293432235718 0.3578067719936371
vn -0.556603729724884 -0.8292379379272461 0.05056428909301758
vn 0.7014598250389099 -0.41420978307724 0.579986572265625
vn -0.4109349548816681 -0.9023008346557617 -0.13032913208007812
vn -0.4309828281402588 -0.8986330628395081 -0.08192984759807587
vn -0.4304782748222351 -0.9025747179985046 0.006879651919007301
vn -0.5240518450737 -0.8502845168113708 0.04884638637304306
vn 0.44900232553482056 -0.7147912979125977 0.5361627340316772
vn 0.5711369514465332 -0.6359547972679138 0.5190029740333557
vn -0.47544950246810913 -0.8613503575325012 -0.17895063757896423
vn 0.7780371308326721 -0.1868389993906021 0.5997912287712097
vn -0.5086271166801453 -0.8368556499481201 -0.20241308212280273
vn 0.8060617446899414 -0.047961778938770294 0.589884877204895
vn -0.5695390105247498 -0.7920042872428894 -0.21989652514457703
vn -0.5340762734413147 -0.8166829347610474 -0.21861256659030914
vn -0.5864191651344299 -0.784104585647583 -0.2032056748867035
vn 0.8327050805091858 0.05056910589337349 0.551402747631073
vn -0.6357142925262451 -0.7487378120422363 -0.18777374923229218
vn 0.8501201868057251 0.12906710803508759 0.5105266571044922
vn -0.723242461681366 -0.669334888458252 -0.17003296315670013
vn -0.6821707487106323 -0.7099040150642395 -0.17515519261360168
vn -0.7466020584106445 -0.6505602598190308 -0.13912846148014069
vn 0.8594947457313538 0.2049197405576706 0.46826988458633423
vn -0.7750994563102722 -0.6167014241218567 -0.13747836649417877
vn 0.8657663464546204 0.285033255815506 0.41134509444236755
vn -0.7707213759422302 -0.6203838586807251 -0.14530156552791595
vn -0.7474042177200317 -0.6518190503120422 -0.12852555513381958
vn 0.8808841705322266 0.3176919221878052 0.3508775234222412
vn -0.6681643128395081 -0.7240813374519348 -0.17106325924396515
vn -0.7301642298698425 -0.666203498840332 -0.15176701545715332
vn -0.6889998316764832 -0.7091312408447266 -0.1497068703174591
vn 0.8828420042991638 0.3550526797771454 0.30745363235473633
vn -0.4033341407775879 -0.8685497641563416 -0.28799816966056824
vn -0.5013762712478638 -0.8208438754081726 -0.273563951253891
vn -0.5266491174697876 -0.8233403563499451 -0.21154530346393585
vn -0.611559271812439 -0.7692579030990601 -0.1850341409444809
vn 0.8481565713882446 0.4074161946773529 0.33858904242515564
vn 0.8671150207519531 0.3845374584197998 0.3166109025478363
vn -0.5870941877365112 -0.7891407012939453 -0.18049192428588867
vn -0.6714842319488525 -0.7238718271255493 -0.15848872065544128
vn -0.4422663152217865 -0.7769476771354675 -0.44805455207824707
vn 0.8473868370056152 0.43096253275871277 0.31017208099365234
vn -0.3278559148311615 -0.8635022044181824 -0.3832421600818634
vn -0.3615526258945465 -0.8627200126647949 -0.35354480147361755
vn -0.5251157879829407 -0.6422794461250305 -0.5583283305168152
vn 0.8750529885292053 0.3902209997177124 0.2863737940788269
vn -0.6023660898208618 -0.4664527475833893 -0.6477476358413696
vn -0.5478193163871765 -0.5601717829704285 -0.6213707327842712
vn -0.47813671827316284 -0.627530038356781 -0.6144846081733704
vn -0.4508815109729767 -0.7434282302856445 -0.4939841032028198
vn -0.6168345808982849 -0.3659147620201111 -0.696865439414978
vn 0.9055792093276978 0.3226250410079956 0.27538955211639404
vn -0.7429940104484558 -0.3198213577270508 -0.5879406929016113
vn -0.5748651027679443 -0.42210355401039124 -0.7009698152542114
vn -0.6320940256118774 -0.2294236570596695 -0.740149974822998
vn 0.9212974905967712 0.27272874116897583 0.2771822214126587
vn -0.7548903822898865 -0.3138553500175476 -0.575877845287323
vn -0.6484363675117493 -0.2916623651981354 -0.7031809091567993
vn -0.6192077398300171 -0.1384117603302002 -0.7729321122169495
vn 0.9254953861236572 0.24087990820407867 0.29229292273521423
vn -0.6303669810295105 -0.46217361092567444 -0.623725175857544
vn -0.6846081018447876 -0.39289596676826477 -0.6139581203460693
vn -0.6426998972892761 -0.24493463337421417 -0.7259090542793274
vn -0.6354023218154907 -0.23090170323848724 -0.7368502616882324
vn 0.9034936428070068 0.2812672257423401 0.3234008550643921
vn 0.9089357852935791 0.27065128087997437 0.31714943051338196
vn -0.5995656847953796 -0.048812054097652435 -0.7988356351852417
vn 0.9280329942703247 0.2187468409538269 0.3015040159225464
vn -0.6274740695953369 -0.17009736597537994 -0.7598310708999634
vn -0.5722995400428772 -0.18038524687290192 -0.7999590039253235
vn -0.6041969060897827 -0.16081497073173523 -0.7804387807846069
vn -0.5981141328811646 -0.141293466091156 -0.7888571619987488
vn 0.893193781375885 0.28698259592056274 0.3461877703666687
vn 0.9101520776748657 0.25276443362236023 0.32822751998901367
vn -0.5916994214057922 0.04812755063176155 -0.8047207593917847
vn 0.9222345352172852 0.221581369638443 0.31683632731437683
vn 0.8593079447746277 0.298173189163208 0.4155511260032654
vn 0.8863424062728882 0.26111724972724915 0.3823806643486023
vn -0.6945584416389465 0.07512008398771286 -0.7155037522315979
vn -0.6077115535736084 0.13945096731185913 -0.7818184494972229
vn -0.5939732193946838 0.02185080014169216 -0.804188072681427
vn -0.5872175693511963 -0.032105159014463425 -0.8087921738624573
vn 0.8721221089363098 0.3010033667087555 0.3857461214065552
vn 0.9009637832641602 0.2519347071647644 0.35326096415519714
vn -0.5990145206451416 0.15755711495876312 -0.7850843071937561
vn 0.8475784063339233 0.3088168799877167 0.431558758020401
vn -0.6923890113830566 0.2782907485961914 -0.6656964421272278
vn -0.6146231293678284 0.10508716106414795 -0.7817897200584412
vn -0.6156362295150757 0.2932085394859314 -0.731451153755188
vn 0.8681417107582092 0.2781866192817688 0.41102591156959534
vn -0.793769121170044 0.3636566996574402 -0.4875289797782898
vn -0.6696884632110596 0.24310536682605743 -0.7017244696617126
vn -0.6206898093223572 0.49053409695625305 -0.6116539835929871
vn 0.914691686630249 0.19007106125354767 0.35666823387145996
vn -0.8126302361488342 0.4241204559803009 -0.3996924161911011
vn -0.7051178812980652 0.3903711438179016 -0.5919620990753174
vn -0.5440033674240112 0.7259165048599243 -0.4208391308784485
vn 0.9416884183883667 0.13157324492931366 0.3096957206726074
vn -0.4465954005718231 0.8100743293762207 -0.3799108564853668
vn -0.46839049458503723 0.7436433434486389 -0.4770796597003937
vn -0.54872727394104 0.7082529664039612 -0.44415780901908875
vn -0.6022368669509888 0.6570131778717041 -0.45348045229911804
vn -0.7698476314544678 0.5538478493690491 -0.31715479493141174
vn -0.6399790048599243 0.6288750767707825 -0.44152358174324036
vn -0.5876066088676453 0.7390019297599792 -0.32953715324401855
vn 0.9478002190589905 0.14561744034290314 0.28367292881011963
vn -0.5283785462379456 0.8041383028030396 -0.27235594391822815
vn -0.5439656972885132 0.7642136216163635 -0.34652405977249146
vn -0.4912516474723816 0.8537889719009399 -0.17238427698612213
vn 0.916698694229126 0.26580747961997986 0.2983453571796417
vn -0.45929279923439026 0.8870672583580017 -0.04649556800723076
vn -0.5710470676422119 0.8179672360420227 0.0695338249206543
vn 0.45305532217025757 0.6538020372390747 0.6060394644737244
vn 0.7201842665672302 0.4947054088115692 0.486416757106781
vn -0.46696409583091736 0.8687789440155029 -0.16482645273208618
vn -0.44258835911750793 0.8697954416275024 -0.2181089222431183
vn -0.6011250019073486 0.7655137777328491 0.2294284701347351
vn 0.3417658507823944 0.8132908940315247 0.47090765833854675
vn -0.33437901735305786 0.8553556799888611 0.39567330479621887
vn -0.10749882459640503 0.8989298939704895 0.4246988296508789
vn 0.007490949705243111 0.8937610387802124 0.4484809637069702
vn 0.07885164767503738 0.8757601380348206 0.4762631952762604
vn 0.14096765220165253 0.842549741268158 0.5198443531990051
vn 0.18042397499084473 0.8005095720291138 0.5715169906616211
vn 0.2728407084941864 0.7622256278991699 0.5870009064674377
vn -0.540866494178772 0.7933322787284851 0.279441237449646
vn 0.21511968970298767 0.9167606830596924 0.3365612328052521
vn -0.4286786615848541 0.8923683762550354 0.1411144733428955
vn -0.20281429588794708 0.9664954543113708 0.15733058750629425
vn -0.10139495879411697 0.9733933210372925 0.2054862678050995
vn -0.03595384210348129 0.9713193774223328 0.2350446581840515
vn 0.007677573710680008 0.9660438299179077 0.2582642138004303
vn 0.048886775970458984 0.9583331942558289 0.28143852949142456
vn 0.10268612951040268 0.9510245323181152 0.2915613055229187
vn -0.2901376187801361 0.9067873954772949 0.30587059259414673
vn -0.1353035569190979 0.931510329246521 0.3376115560531616
vn -0.04411172866821289 0.9372854828834534 0.34576016664505005
vn 0.018305087462067604 0.9315230250358582 0.36322149634361267
vn 0.06805593520402908 0.9190226793289185 0.3882855176925659
vn 0.10781392455101013 0.9023937582969666 0.41720709204673767
vn 0.16401557624340057 0.8788118362426758 0.4480944871902466
vn -0.2762291729450226 -0.9308712482452393 0.23911558091640472
vn -0.007088906597346067 -0.9723621010780334 0.23337046802043915
vn -0.4674258828163147 -0.871342122554779 0.14925135672092438
vn 0.13304825127124786 -0.8720868825912476 0.470916748046875
vn -0.34452739357948303 -0.8562331199645996 0.3849230706691742
vn -0.12482941895723343 -0.889914870262146 0.43871304392814636
vn -0.4757460057735443 -0.8580217361450195 0.19355742633342743
vn 0.26074373722076416 -0.6488362550735474 0.7148596048355103
vn -0.3420684337615967 -0.9336785078048706 -0.1059894785284996
vn -0.3036642372608185 -0.951565682888031 -0.04807216301560402
vn -0.3095061480998993 -0.9501795768737793 0.036943595856428146
vn -0.3374241888523102 -0.9219419360160828 0.1901790052652359
vn 0.49017512798309326 -0.5098328590393066 0.7069644927978516
vn 0.6611887216567993 -0.4302298128604889 0.6145988702774048
vn -0.29315701127052307 -0.8700417280197144 0.39634135365486145
vn 0.023157799616456032 -0.7583179473876953 0.6514734625816345
vn -0.4471236765384674 -0.8792024254798889 -0.1645708978176117
vn 0.754966139793396 -0.2200353890657425 0.6177464127540588
vn 0.6153958439826965 -0.38884031772613525 0.6856319904327393
vn 0.6651102304458618 -0.34483861923217773 0.6623554825782776
vn -0.4854707717895508 -0.8512392044067383 -0.19927388429641724
vn 0.7995267510414124 -0.06761084496974945 0.5968130826950073
vn -0.5842043161392212 -0.7804766893386841 -0.22262415289878845
vn -0.5289624333381653 -0.819536030292511 -0.22036240994930267
vn 0.7339547276496887 -0.23237325251102448 0.6382108926773071
vn 0.7379186153411865 -0.19884833693504333 0.6449306607246399
vn -0.622168242931366 -0.7531972527503967 -0.21354304254055023
vn 0.8303999304771423 0.029349878430366516 0.5563943386077881
vn -0.666973352432251 -0.7131414413452148 -0.21581435203552246
vn -0.632308840751648 -0.7428504228591919 -0.21990643441677094
vn 0.8010607957839966 -0.10890353471040726 0.5885930061340332
vn 0.7941161394119263 -0.08434820175170898 0.6018846035003662
vn -0.6643993258476257 -0.7205450534820557 -0.19846534729003906
vn 0.8535153865814209 0.1069621741771698 0.5099712610244751
vn -0.7328580021858215 -0.6525560617446899 -0.19258739054203033
vn -0.7013804912567139 -0.6853488087654114 -0.1958635002374649
vn -0.7239567041397095 -0.657250165939331 -0.2095445990562439
vn -0.6717439293861389 -0.7089245915412903 -0.21490922570228577
vn 0.8369191884994507 -0.01861482486128807 0.5470098853111267
vn 0.8318701982498169 0.004402433056384325 0.5549529194831848
vn -0.7614954113960266 -0.6234400272369385 -0.17733395099639893
vn 0.872700572013855 0.17227663099765778 0.4568529725074768
vn -0.7731063961982727 -0.6043682098388672 -0.19247230887413025
vn 0.8572830557823181 0.05042083561420441 0.5123705863952637
vn 0.8575634360313416 0.07674712687730789 0.5086206197738647
vn -0.7805449366569519 -0.6031104922294617 -0.16433925926685333
vn 0.8873109221458435 0.22255927324295044 0.403914213180542
vn -0.6807135343551636 -0.7142949104309082 -0.16251729428768158
vn -0.7410904765129089 -0.6507911086082458 -0.16509386897087097
vn -0.781681478023529 -0.6010865569114685 -0.16634021699428558
vn -0.7910948991775513 -0.5839211344718933 -0.18222223222255707
vn 0.8698765635490417 0.11378451436758041 0.4799666404724121
vn 0.8755292892456055 0.1343831568956375 0.4641009569168091
vn -0.6029776930809021 -0.7785802483558655 -0.17387007176876068
vn 0.8948808312416077 0.265137255191803 0.3590133786201477
vn 0.8703330755233765 0.1883256584405899 0.4550316035747528
vn 0.8848546743392944 0.18877209722995758 0.4259076416492462
vn -0.5303650498390198 -0.8299908638000488 -0.17270834743976593
vn 0.8864827752113342 0.3130456209182739 0.3408088982105255
vn -0.22892987728118896 -0.9665858745574951 -0.11533823609352112
vn -0.32389816641807556 -0.9320110082626343 -0.16262081265449524
vn -0.38949912786483765 -0.9102887511253357 -0.14023184776306152
vn -0.4535501301288605 -0.8722274899482727 -0.18306149542331696
vn 0.8424127101898193 0.3687247037887573 0.3929159343242645
vn 0.8623311519622803 0.34193962812423706 0.373446524143219
vn 0.8587849736213684 0.28004950284957886 0.42902305722236633
vn 0.8799788951873779 0.25489702820777893 0.4008300006389618
vn -0.2667417824268341 -0.84599769115448 -0.46166741847991943
vn 0.8522157669067383 0.3902488946914673 0.3484741449356079
vn -0.5020890831947327 -0.8603929281234741 -0.08735357969999313
vn -0.2683488428592682 -0.9421977400779724 -0.20062990486621857
vn -0.4487013518810272 -0.6322073340415955 -0.6316494345664978
vn 0.8857907652854919 0.34666040539741516 0.30854710936546326
vn -0.8583943247795105 -0.3786998689174652 -0.34604284167289734
vn -0.6479856967926025 -0.49458417296409607 -0.5792245864868164
vn -0.7650723457336426 -0.5806789994239807 -0.27834561467170715
vn -0.4678058326244354 -0.7602343559265137 -0.45077866315841675
vn -0.911887526512146 -0.32088834047317505 -0.25591376423835754
vn 0.9017356634140015 0.31238219141960144 0.29881465435028076
vn 0.9049002528190613 0.30665746331214905 0.29515567421913147
vn 0.8998696804046631 0.3137698173522949 0.3029572367668152
vn -0.8798666596412659 -0.45098021626472473 -0.14983846247196198
vn 0.9086383581161499 0.28490906953811646 0.3052918314933777
vn -0.7732832431793213 -0.604197084903717 -0.19229893386363983
vn -0.7627512812614441 -0.6161861419677734 -0.19627806544303894
vn 0.9069225192070007 0.294922798871994 0.30085232853889465
vn 0.9036624431610107 0.29332655668258667 0.3120156526565552
vn 0.9073141813278198 0.3005823791027069 0.29399189352989197
vn 0.9013848900794983 0.30717864632606506 0.3051993250846863
vn -0.7880703210830688 -0.39275532960891724 -0.47401314973831177
vn 0.902327835559845 0.3022075891494751 0.30736789107322693
vn -0.9014601111412048 -0.4309224486351013 0.04093414917588234
vn -0.8062204122543335 -0.5360032916069031 0.25041815638542175
vn -0.9034450054168701 -0.17592556774616241 -0.39094415307044983
vn 0.8823960423469543 0.3313538730144501 0.33403870463371277
vn -0.9682131409645081 -0.17062534391880035 0.18289434909820557
vn -0.855940043926239 -0.2656456232070923 0.4436205327510834
vn -0.8797520399093628 0.2133585810661316 -0.42486992478370667
vn 0.8371093273162842 0.3654172718524933 0.4070850908756256
vn -0.7154613137245178 0.4614088535308838 -0.5246112942695618
vn -0.7312665581703186 0.4645336866378784 -0.4994575083255768
vn 0.8311132192611694 0.44971761107444763 0.32711607217788696
vn 0.8132946491241455 0.4569858908653259 0.36016085743904114
vn -0.8251814842224121 0.4935935437679291 -0.27466535568237305
vn 0.837783694267273 0.30279892683029175 0.454347163438797
vn 0.8571022748947144 0.3389489948749542 0.3879294693470001
vn 0.8237295150756836 0.372153639793396 0.4277515411376953
vn -0.9010609984397888 0.40493205189704895 -0.15530332922935486
vn 0.872694194316864 0.20770852267742157 0.4418845772743225
vn 0.8700564503669739 0.2583431899547577 0.41983407735824585
vn 0.8496068716049194 0.26377567648887634 0.4567170739173889
vn -0.9102113842964172 0.3955056667327881 -0.1228431686758995
vn 0.8977362513542175 0.12964484095573425 0.42102479934692383
vn 0.8402340412139893 0.23470227420330048 0.4887961745262146
vn 0.8636680841445923 0.18116311728954315 0.4703799784183502
vn -0.8233375549316406 0.5548049211502075 -0.11961136758327484
vn 0.9074763655662537 0.09334106743335724 0.4096023738384247
vn -0.5547721982002258 0.7976990938186646 -0.23644030094146729
vn -0.4668903350830078 0.8604546785354614 -0.20403718948364258
vn -0.4295719861984253 0.8918600082397461 -0.14161096513271332
vn -0.48400649428367615 0.8393982648849487 -0.2472817450761795
vn 0.7478985786437988 0.24664844572544098 0.6162891387939453
vn 0.8515169620513916 0.13287463784217834 0.5072112083435059
vn -0.5546179413795471 0.8267967104911804 -0.09384145587682724
vn 0.8992636799812317 0.1332639902830124 0.41661208868026733
vn 0.5010581612586975 0.49825483560562134 0.7075894474983215
vn 0.5834654569625854 0.36391252279281616 0.7260411381721497
vn 0.6893372535705566 0.22652795910835266 0.6881129145622253
vn 0.8277069926261902 0.11898716539144516 0.5484005212783813
vn -0.48906567692756653 0.8717718124389648 -0.028787458315491676
vn 0.8275036215782166 0.28963997960090637 0.48098498582839966
vn -0.32521530985832214 0.9411391615867615 -0.09215334057807922
vn -0.3422580659389496 0.9387502670288086 -0.040092483162879944
vn -0.297085702419281 0.9522941708564758 0.06982801109552383
vn -0.32312220335006714 0.9365020394325256 0.13622067868709564
vn -0.34679901599884033 0.8922319412231445 0.28922775387763977
vn -0.16024313867092133 0.8944146037101746 0.41754618287086487
vn -0.006997633259743452 0.8808795213699341 0.47328880429267883
vn 0.09652915596961975 0.8443266153335571 0.5270623564720154
vn 0.15854763984680176 0.8101076483726501 0.5644363164901733
vn 0.24873307347297668 0.7322998046875 0.6339313387870789
vn 0.3090662956237793 0.6550536155700684 0.6894800662994385
vn 0.4398827850818634 0.5403316617012024 0.7173178195953369
vn 0.6227712035179138 0.4501314163208008 0.6399513483047485
vn 0.3749835193157196 0.6071087121963501 0.7005758285522461
vn 0.43009263277053833 0.49348515272140503 0.755971372127533
vn 0.5699377059936523 0.3663322329521179 0.7355077862739563
vn 0.7609370350837708 0.2248908132314682 0.6086041331291199
vn -0.26719024777412415 -0.9596059918403625 -0.08812353760004044
vn -0.1877368837594986 -0.9818755388259888 -0.025987323373556137
vn -0.12874814867973328 -0.989115297794342 0.07123848050832748
vn -0.11821524798870087 -0.9777318239212036 0.17339465022087097
vn 0.0742187649011612 -0.8936606049537659 0.44256335496902466
vn 0.394818514585495 -0.6351788640022278 0.6638268828392029
vn -0.39675968885421753 -0.904886782169342 -0.1541486531496048
vn 0.63289475440979 -0.44742026925086975 0.6318697929382324
vn 0.4687587320804596 -0.7741038799285889 0.4254743158817291
vn 0.4633561372756958 -0.6871392130851746 0.5595898032188416
vn -0.45223864912986755 -0.869982898235321 -0.19649407267570496
vn 0.771390438079834 -0.2588074207305908 0.5813567638397217
vn -0.6644789576530457 -0.7278306484222412 -0.16950049996376038
vn -0.6194420456886292 -0.7603793144226074 -0.1952303647994995
vn -0.5809916257858276 -0.7900537848472595 -0.19561147689819336
vn -0.5232936143875122 -0.8248400092124939 -0.2140161246061325
vn 0.662253737449646 -0.613896906375885 0.42959362268447876
vn 0.6864763498306274 -0.507696807384491 0.5205709934234619
vn -0.7080191969871521 -0.6778939962387085 -0.19791042804718018
vn 0.8188033103942871 -0.11345817148685455 0.5627508163452148
vn -0.7568100094795227 -0.6284012794494629 -0.1798625886440277
vn 0.8431774973869324 -0.03715476766228676 0.5363499522209167
vn -0.7970249056816101 -0.5855224132537842 -0.14803673326969147
vn -0.8038876056671143 -0.5702180862426758 -0.16916310787200928
vn 0.8618218302726746 0.033822447061538696 0.5060822367668152
vn -0.8083242177963257 -0.5685160756111145 -0.15297573804855347
vn 0.8692620396614075 0.11055896431207657 0.48183009028434753
vn -0.6966114044189453 -0.7099056243896484 -0.10376230627298355
vn -0.766154408454895 -0.6276137232780457 -0.1382334977388382
vn -0.6028828620910645 -0.7853010892868042 -0.14083540439605713
vn 0.8667148351669312 0.2018824815750122 0.4561237692832947
vn -0.5310652256011963 -0.840200662612915 -0.10969337821006775
vn 0.8626664280891418 0.29907599091529846 0.4078728258609772
vn -0.5533666610717773 -0.7646036148071289 0.3304038941860199
vn -0.3422130346298218 -0.9146859645843506 0.21503473818302155
vn -0.3487022817134857 -0.909084677696228 0.22797326743602753
vn -0.377023309469223 -0.9173855781555176 0.12750346958637238
vn -0.4262335002422333 -0.9045764803886414 0.008152484893798828
vn -0.46269670128822327 -0.8842586874961853 -0.06323292851448059
vn -0.7876554131507874 -0.6053558588027954 0.11464352160692215
vn 0.8832461833953857 0.3142133355140686 0.3480605185031891
vn -0.7494637966156006 -0.498319149017334 0.43586939573287964
vn -0.5326076745986938 -0.6711958646774292 0.5155823826789856
vn -0.4899691939353943 -0.7401225566864014 0.4605962336063385
vn -0.49014249444007874 -0.7825756669044495 0.38384339213371277
vn -0.9194405674934387 -0.3826948404312134 0.09040898829698563
vn 0.8971185684204102 0.3100171983242035 0.314750075340271
vn 0.9160073399543762 0.2821120619773865 0.2852075397968292
vn 0.9042813777923584 0.3002302050590515 0.303540974855423
vn -0.8033178448677063 -0.4133206605911255 0.4287732243537903
vn -0.6592409014701843 -0.5024594664573669 0.5594068765640259
vn -0.5907898545265198 -0.5594455003738403 0.5813673734664917
vn -0.6002345085144043 -0.6056395769119263 0.5224167704582214
vn -0.9064916372299194 -0.38244569301605225 0.17890822887420654
vn 0.9151301383972168 0.2926982045173645 0.2772446572780609
vn -0.7849574685096741 -0.4416470229625702 0.4344994127750397
vn -0.670501172542572 -0.48591533303260803 0.5606376528739929
vn -0.8602877259254456 -0.42716869711875916 0.278266042470932
vn 0.9173887372016907 0.29260796308517456 0.2697749435901642
vn -0.7832614779472351 -0.43746933341026306 0.44172629714012146
vn -0.6964840888977051 -0.4928457736968994 0.5215486288070679
vn -0.8377251029014587 -0.49154725670814514 0.23790323734283447
vn 0.9069183468818665 0.3265700340270996 0.26617905497550964
vn -0.8380244970321655 -0.27024564146995544 0.4740065634250641
vn 0.8641328811645508 0.41133245825767517 0.28996554017066956
vn -0.8847503066062927 0.12996019423007965 0.44757935404777527
vn -0.8419089317321777 0.03188691288232803 0.5386766791343689
vn 0.855604887008667 0.47849592566490173 0.19743867218494415
vn 0.8426800966262817 0.48081454634666443 0.2422964870929718
vn -0.9853149652481079 0.15891312062740326 0.06245903670787811
vn 0.8704077005386353 0.41038423776626587 0.2719838321208954
vn -0.8485067486763 0.5164690017700195 -0.11530893296003342
vn -0.7881463766098022 0.614871621131897 -0.02753564901649952
vn -0.842629611492157 0.4629203677177429 0.2751002311706543
vn -0.8218320608139038 0.4042455554008484 0.40146923065185547
vn -0.883702278137207 0.43488162755966187 0.17305560410022736
vn 0.8936170935630798 0.33875980973243713 0.2944321632385254
vn -0.9352059364318848 0.33922573924064636 0.10156702250242233
vn 0.8710272312164307 0.33614662289619446 0.3582136631011963
vn -0.9130710363388062 0.3969021439552307 0.09364842623472214
vn 0.7680959105491638 0.4082219898700714 0.4933391809463501
vn -0.7706537246704102 0.5916170477867126 0.23681683838367462
vn -0.700310468673706 0.6395023465156555 0.317178338766098
vn 0.7385168671607971 0.5727147459983826 0.35579589009284973
vn 0.7508261203765869 0.5344462990760803 0.3881074786186218
vn -0.8045024275779724 0.5870721340179443 0.0901232659816742
vn 0.6668069958686829 0.399444043636322 0.6291366815567017
vn -0.6048533916473389 0.7949642539024353 -0.046736765652894974
vn -0.4202066659927368 0.9069988131523132 0.02792050689458847
vn -0.4213224947452545 0.9066501259803772 0.021749580278992653
vn -0.46382349729537964 0.885689914226532 0.02052384801208973
vn 0.5574982166290283 0.5479002594947815 0.6236995458602905
vn 0.6054187417030334 0.4776548743247986 0.6366427540779114
vn -0.5919954776763916 0.7888372540473938 0.16515809297561646
vn -0.559614360332489 0.7960753440856934 0.23042556643486023
vn 0.6437990069389343 0.5910515189170837 0.4859845042228699
vn 0.7023407220840454 0.49316081404685974 0.5133323073387146
vn -0.540412962436676 0.8331003189086914 0.11788900196552277
vn 0.4863617718219757 0.6160918474197388 0.619583010673523
vn -0.40362557768821716 0.8797040581703186 0.25141051411628723
vn -0.2732589840888977 0.9177653789520264 0.2881602346897125
vn 0.42409396171569824 0.8054496049880981 0.41399917006492615
vn 0.5346266627311707 0.711820662021637 0.4555060565471649
vn -0.4625912010669708 0.876975953578949 0.1300869584083557
vn 0.3450191020965576 0.6860837340354919 0.6405084133148193
vn -0.31750306487083435 0.9480563998222351 0.01951594464480877
vn -0.20608702301979065 0.9763811230659485 0.06487035751342773
vn -0.21606573462486267 0.9699598550796509 0.11177467554807663
vn -0.18697406351566315 0.9653788805007935 0.1818910837173462
vn -0.16409693658351898 0.9497380256652832 0.26658928394317627
vn -0.10560159385204315 0.923567533493042 0.3686072826385498
vn -0.011825498193502426 0.8968977928161621 0.4420798122882843
vn 0.13457681238651276 0.861777126789093 0.4891107380390167
vn 0.2370539903640747 0.7792655825614929 0.5801297426223755
vn -0.28887733817100525 0.944423258304596 0.15689079463481903
vn -0.22518441081047058 0.9525146484375 0.20495812594890594
vn 0.29181748628616333 0.8274597525596619 0.4797425866127014
vn 0.398034930229187 0.7389569282531738 0.5436091423034668
vn -0.1876979023218155 -0.98005211353302 -0.0653257891535759
vn -0.08106955140829086 -0.9966705441474915 -0.008694729767739773
vn 0.040479663759469986 -0.9964286088943481 0.07410439103841782
vn 0.16926541924476624 -0.9559686183929443 0.23973584175109863
vn -0.33814355731010437 -0.9297167658805847 -0.14589622616767883
vn 0.5303181409835815 -0.781656801700592 0.3282916247844696
vn -0.3629283607006073 -0.9282775521278381 -0.08114118129014969
vn -0.28761982917785645 -0.9524767994880676 -0.10031376779079437
vn -0.44396328926086426 -0.8761792778968811 -0.1876339465379715
vn 0.7635580897331238 -0.5126811861991882 0.3926028609275818
vn -0.6714761257171631 -0.7369637489318848 -0.077488012611866
vn -0.6300312280654907 -0.7665937542915344 -0.12407593429088593
vn -0.6065796613693237 -0.7840635180473328 -0.13155090808868408
vn -0.5264886617660522 -0.8322281837463379 -0.1737985759973526
vn 0.7874205112457275 -0.3953891098499298 0.4729021191596985
vn 0.8049063682556152 -0.3086700141429901 0.5068023800849915
vn -0.5177947878837585 -0.8467251062393188 -0.12225068360567093
vn -0.4126778244972229 -0.8990415334701538 -0.14636047184467316
vn -0.7217171788215637 -0.6787513494491577 -0.13572412729263306
vn 0.8386225700378418 -0.1549869030714035 0.5221985578536987
vn 0.8492400050163269 -0.27703046798706055 0.4494948089122772
vn 0.8379160165786743 -0.2454969882965088 0.4874710738658905
vn -0.7768153548240662 -0.6210103631019592 -0.10442297160625458
vn 0.8648136258125305 -0.05231948569417 0.4993596374988556
vn -0.8239935040473938 -0.5628803968429565 -0.06481026113033295
vn 0.8930317163467407 -0.14871878921985626 0.42470845580101013
vn 0.867756724357605 -0.14273463189601898 0.4760516583919525
vn -0.8283464312553406 -0.5485518574714661 -0.11372344940900803
vn 0.8772319555282593 0.026935920119285583 0.4793104827404022
vn 0.9103081226348877 -0.0498063787817955 0.41092395782470703
vn 0.8886564373970032 -0.05303338170051575 0.45549657940864563
vn -0.8252941966056824 -0.5581740736961365 -0.08562316745519638
vn 0.8830711245536804 0.1065954715013504 0.4569714069366455
vn -0.7221547365188599 -0.6915324926376343 -0.01659545674920082
vn -0.7789498567581177 -0.6246069073677063 -0.05570843443274498
vn 0.9155763983726501 0.024734124541282654 0.40138277411460876
vn 0.8979830145835876 0.02482474595308304 0.4393293559551239
vn -0.6308916211128235 -0.7734228372573853 -0.06158720329403877
vn 0.8876075148582458 0.18302331864833832 0.4226764738559723
vn 0.9184911847114563 0.08363308012485504 0.3864963948726654
vn 0.9027936458587646 0.09515900164842606 0.41941431164741516
vn -0.5780467987060547 -0.8160020709037781 -0.0016181672690436244
vn 0.8939707279205322 0.23810400068759918 0.37963512539863586
vn -0.5556679368019104 -0.8047357201576233 0.20888656377792358
vn -0.5443691611289978 -0.8351665735244751 0.07847945392131805
vn 0.9220503568649292 0.1315314620733261 0.3640366792678833
vn 0.9072180986404419 0.154563769698143 0.39123570919036865
vn -0.5575878024101257 -0.7658424377441406 0.3202832043170929
vn 0.9024707078933716 0.2651655673980713 0.3394613265991211
vn 0.9259210228919983 0.17184700071811676 0.33636119961738586
vn 0.9119841456413269 0.19962824881076813 0.358376145362854
vn -0.6588855385780334 -0.6078046560287476 0.4432193636894226
vn 0.9068681001663208 0.27774280309677124 0.3169372081756592
vn -0.6374529600143433 -0.5234203934669495 0.5654069185256958
vn -0.6791126728057861 -0.5238636136054993 0.5141721367835999
vn 0.9263951778411865 0.24694566428661346 0.2842708230018616
vn 0.9149888753890991 0.26411890983581543 0.3050191402435303
vn 0.9287617206573486 0.20926201343536377 0.3059593439102173
vn 0.9150951504707336 0.233633354306221 0.3286586105823517
vn -0.6183706521987915 -0.5244830250740051 0.5852652192115784
vn 0.9326678514480591 0.2545793652534485 0.2555779218673706
vn -0.6433877944946289 -0.5208336710929871 0.5610566139221191
vn -0.7029173374176025 -0.49182313680648804 0.5138261914253235
vn -0.6257502436637878 -0.5461393594741821 0.5569278001785278
vn 0.9360852241516113 0.27349647879600525 0.22123321890830994
vn -0.7427529096603394 -0.4592397212982178 0.48725464940071106
vn -0.6682652235031128 -0.5243948698043823 0.5276661515235901
vn -0.6309899687767029 -0.559004008769989 0.5379277467727661
vn -0.6911901235580444 -0.5188228487968445 0.5030696392059326
vn -0.8273730874061584 -0.38046661019325256 0.41315728425979614
vn 0.9235314130783081 0.32752689719200134 0.19953913986682892
vn -0.8020123839378357 -0.38914787769317627 0.4531446695327759
vn -0.7008070349693298 -0.5024806261062622 0.5063424706459045
vn -0.8825241923332214 -0.19574600458145142 0.42759156227111816
vn 0.8930767774581909 0.413332462310791 0.1776800900697708
vn 0.8710401058197021 0.4761185348033905 0.12083148211240768
vn 0.8742581605911255 0.464692622423172 0.14047610759735107
vn -0.864204466342926 -0.25737422704696655 0.43232986330986023
vn -0.7582314610481262 -0.4355369508266449 0.48517274856567383
vn -0.8901972770690918 0.13268844783306122 0.4358241558074951
vn 0.8864508271217346 0.4273284077644348 0.17775098979473114
vn -0.9289915561676025 0.22877717018127441 0.2909223735332489
vn 0.884861171245575 0.414092481136322 0.21342024207115173
vn -0.90566086769104 0.2482447624206543 0.34373390674591064
vn -0.8346856832504272 0.32892581820487976 0.4417099058628082
vn -0.9362044930458069 0.27865126729011536 0.21418367326259613
vn 0.827090322971344 0.4838033616542816 0.28610485792160034
vn -0.8810117244720459 0.4164731204509735 0.2244292050600052
vn -0.8012592792510986 0.49686533212661743 0.3333294093608856
vn 0.7486851215362549 0.6187638640403748 0.23791177570819855
vn 0.7804258465766907 0.5713627338409424 0.25392940640449524
vn -0.8858559131622314 0.3416321277618408 0.31392160058021545
vn -0.8227568864822388 0.39945662021636963 0.4043581783771515
vn -0.7472232580184937 0.525553822517395 0.40675628185272217
vn 0.7115229964256287 0.6239268183708191 0.323187917470932
vn -0.6506868004798889 0.6929570436477661 0.31051117181777954
vn 0.6368927955627441 0.6948605179786682 0.3339706063270569
vn -0.463009774684906 0.8694301247596741 0.17237545549869537
vn -0.38374587893486023 0.9102784395217896 0.15534567832946777
vn -0.40885114669799805 0.8831661939620972 0.2299092411994934
vn -0.32476088404655457 0.886521577835083 0.32956019043922424
vn 0.3992472290992737 0.8656051158905029 0.3022075891494751
vn 0.5327868461608887 0.7830937504768372 0.32078418135643005
vn -0.20138253271579742 0.9209727048873901 0.33354809880256653
vn 0.30036622285842896 0.872406542301178 0.3855995833873749
vn -0.09756915271282196 0.943513035774231 0.31664398312568665
vn -0.0113713713362813 0.9519767165184021 0.30595940351486206
vn 0.07979127019643784 0.9496411681175232 0.30300986766815186
vn 0.18277086317539215 0.9332484006881714 0.30926069617271423
vn 0.2783671021461487 0.9053755402565002 0.3206351101398468
vn -0.15860135853290558 0.9499585032463074 0.2691180109977722
vn 0.20454949140548706 0.8801446557044983 0.4283747673034668
vn -0.16195176541805267 0.9695362448692322 0.18376949429512024
vn -0.11966857314109802 0.9691966772079468 0.21526099741458893
vn -0.07842548191547394 0.9599414467811584 0.26900172233581543
vn -0.0214840117841959 0.9444056749343872 0.32807978987693787
vn 0.07085613161325455 0.9133069515228271 0.40106096863746643
vn -0.10558890551328659 0.9595608115196228 0.2609485387802124
vn -0.053966790437698364 0.95686936378479 0.28546226024627686
vn 0.007549261674284935 0.9512780904769897 0.30824193358421326
vn 0.09109354019165039 0.9370952248573303 0.3369785249233246
vn 0.1989661306142807 0.9105451703071594 0.36238107085227966
vn -0.34025058150291443 -0.9401646256446838 0.01789131388068199
vn -0.23240581154823303 -0.9726148843765259 -0.002801604103296995
vn -0.10948162525892258 -0.9938341975212097 0.017533818259835243
vn 0.025551291182637215 -0.999367892742157 0.0247188787907362
vn 0.16537491977214813 -0.9818227291107178 0.09314136207103729
vn 0.34595707058906555 -0.9191194176673889 0.18850262463092804
vn -0.48346227407455444 -0.8741616606712341 -0.04588713496923447
vn 0.628407895565033 -0.7266336679458618 0.27768170833587646
vn -0.6175991296768188 -0.7856631875038147 -0.03611964359879494
vn 0.7935355305671692 -0.5022192001342773 0.3436238467693329
vn -0.6537804007530212 -0.7556936144828796 0.03870885819196701
vn -0.6503456830978394 -0.759608268737793 -0.006769211497157812
vn -0.7270541787147522 -0.6852994561195374 -0.04191676154732704
vn 0.8757817149162292 -0.29593154788017273 0.38135403394699097
vn -0.7943814396858215 -0.6074175834655762 -0.001443695742636919
vn 0.9133286476135254 -0.13619504868984222 0.3837730288505554
vn -0.8393319249153137 -0.5419595241546631 0.042448218911886215
vn -0.8489428162574768 -0.5278463959693909 -0.02596893534064293
vn 0.9216604828834534 -0.03904322534799576 0.3860279619693756
vn -0.8367938995361328 -0.5473660826683044 0.012901241891086102
vn 0.9245893359184265 0.025986555963754654 0.38007795810699463
vn -0.7502260208129883 -0.6566227674484253 0.07750748097896576
vn -0.786259651184082 -0.6162686944007874 0.04481911286711693
vn -0.6842337250709534 -0.7282052636146545 0.03926030918955803
vn 0.9278868436813354 0.0725889652967453 0.36572781205177307
vn -0.6570563912391663 -0.7442116737365723 0.12010780721902847
vn 0.9332171678543091 0.10968292504549026 0.34216275811195374
vn -0.6960810422897339 -0.6563593149185181 0.29097023606300354
vn -0.6454169750213623 -0.7351816892623901 0.2072312980890274
vn -0.669119119644165 -0.6578168869018555 0.34576961398124695
vn 0.9397119283676147 0.14394670724868774 0.31019508838653564
vn -0.7425495386123657 -0.5372018814086914 0.40004289150238037
vn 0.9468421339988708 0.18125341832637787 0.2657766044139862
vn -0.7528370022773743 -0.4840461015701294 0.4460221827030182
vn 0.9574782252311707 0.1942577213048935 0.2133057862520218
vn -0.7551378011703491 -0.4731256067752838 0.45378318428993225
vn 0.9567318558692932 0.23338854312896729 0.17376428842544556
vn -0.6544063687324524 -0.5582597851753235 0.5099985003471375
vn -0.7240142226219177 -0.5119998455047607 0.462233304977417
vn -0.6469444632530212 -0.5482398271560669 0.5299962162971497
vn 0.9441477656364441 0.2984772324562073 0.13962945342063904
vn -0.6665311455726624 -0.5246865749359131 0.5295660495758057
vn 0.9187191724777222 0.37918969988822937 0.11031880229711533
vn -0.8309139609336853 -0.3252790868282318 0.451415091753006
vn -0.7163525223731995 -0.4481993615627289 0.534748911857605
vn 0.8597285151481628 0.49881741404533386 0.10976428538560867
vn 0.8870387673377991 0.4515761137008667 0.0961315706372261
vn -0.9285890460014343 -0.004697913303971291 0.3710799217224121
vn 0.8711472749710083 0.4727395176887512 0.13273969292640686
vn -0.905153751373291 0.17871598899364471 0.3856907784938812
vn -0.8689465522766113 0.21140030026435852 0.4474838972091675
vn -0.7903220653533936 0.29750198125839233 0.5356152653694153
vn 0.8568572998046875 0.4887664318084717 0.1640215963125229
vn -0.7633023858070374 0.40831196308135986 0.5006504654884338
vn 0.8185380697250366 0.544644296169281 0.18264205753803253
vn 0.7413316369056702 0.6473875641822815 0.17696548998355865
vn 0.7860428094863892 0.5931591391563416 0.1740659773349762
vn -0.7535746693611145 0.4815640449523926 0.44746097922325134
vn 0.7022919058799744 0.6723979115486145 0.2338101714849472
vn -0.7228201627731323 0.5852789282798767 0.3673958480358124
vn 0.6205847263336182 0.7468560338020325 0.23891578614711761
vn -0.5257861018180847 0.8165942430496216 0.23816579580307007
vn -0.3537810742855072 0.9064992070198059 0.2304305136203766
vn -0.30705726146698 0.9100910425186157 0.27829882502555847
vn -0.2886231243610382 0.899987518787384 0.32667890191078186
vn -0.18937745690345764 0.9196054339408875 0.34418317675590515
vn -0.06700856983661652 0.9467719793319702 0.3148534893989563
vn 0.03894375264644623 0.9564092755317688 0.2894212603569031
vn 0.1519203633069992 0.9501157402992249 0.27239730954170227
vn 0.28142088651657104 0.9227504730224609 0.263313353061676
vn 0.4053817391395569 0.882746696472168 0.23753738403320312
vn 0.516768217086792 0.8231382966041565 0.235359326004982
vn -0.39465129375457764 -0.9078593850135803 0.14156894385814667
vn -0.2219681292772293 -0.9656477570533752 0.13510972261428833
vn -0.0989307314157486 -0.9868102669715881 0.12813353538513184
vn 0.05602622404694557 -0.991998553276062 0.11313659697771072
vn 0.2554838955402374 -0.9535133838653564 0.15981322526931763
vn 0.44627395272254944 -0.8721725940704346 0.2003861367702484
vn -0.5391203165054321 -0.839772641658783 0.06427489221096039
vn 0.6917027831077576 -0.6511015295982361 0.3124326169490814
vn -0.546351432800293 -0.8023900389671326 0.24014662206172943
vn -0.3746308982372284 -0.8745080828666687 0.30803781747817993
vn 0.4236873686313629 -0.8567299246788025 0.29411402344703674
vn 0.5207318067550659 -0.8101420402526855 0.2692737281322479
vn -0.651615560054779 -0.7494344115257263 0.11723989248275757
vn 0.8317988514900208 -0.4054383337497711 0.3791179358959198
vn -0.6149817109107971 -0.7724578976631165 0.15844962000846863
vn -0.6197457909584045 -0.758078932762146 0.20305554568767548
vn -0.6172112226486206 -0.7196905016899109 0.31795579195022583
vn -0.47992008924484253 -0.7517342567443848 0.4522967040538788
vn 0.573309063911438 -0.6846299767494202 0.45010942220687866
vn 0.700373649597168 -0.5975660085678101 0.39037376642227173
vn -0.7298740148544312 -0.680314838886261 0.06675087660551071
vn 0.8953111171722412 -0.2265506088733673 0.38352683186531067
vn -0.8062741160392761 -0.5779726505279541 0.1259753406047821
vn 0.9116585850715637 -0.11203750967979431 0.39538121223449707
vn -0.8310114145278931 -0.5305267572402954 0.16721704602241516
vn -0.8573780655860901 -0.5077275633811951 0.08435443788766861
vn 0.9190911054611206 -0.029422719031572342 0.3929450511932373
vn -0.8341715335845947 -0.5324956178665161 0.143548846244812
vn 0.9236444234848022 0.022618338465690613 0.38258254528045654
vn -0.7673047184944153 -0.6210107803344727 0.15996630489826202
vn -0.7818151712417603 -0.6050012707710266 0.1507931351661682
vn -0.7485048770904541 -0.6490406394004822 0.13596589863300323
vn 0.9307497143745422 0.05502891540527344 0.3614925742149353
vn -0.7724388241767883 -0.5958129167556763 0.21987570822238922
vn -0.7709852457046509 -0.5881868004798889 0.24416804313659668
vn -0.7475956678390503 -0.6186441779136658 0.24161991477012634
vn 0.9410601258277893 0.07836219668388367 0.329036682844162
vn -0.7551494240760803 -0.568712055683136 0.3260614275932312
vn -0.7213662266731262 -0.6264389753341675 0.29530489444732666
vn -0.7893435955047607 -0.5453177094459534 0.28207334876060486
vn -0.7682041525840759 -0.5601359605789185 0.310016393661499
vn -0.7600045800209045 -0.5473770499229431 0.35038766264915466
vn 0.9534931182861328 0.09614486247301102 0.28566962480545044
vn -0.7970002293586731 -0.4926070272922516 0.34946951270103455
vn -0.7677907347679138 -0.5403517484664917 0.3442637026309967
vn -0.7995253205299377 -0.4640435576438904 0.3813435137271881
vn 0.964678168296814 0.11184271425008774 0.23851056396961212
vn -0.8248546719551086 -0.43459469079971313 0.36158305406570435
vn -0.8066616058349609 -0.4661197364330292 0.3633585572242737
vn -0.7989729046821594 -0.4416278004646301 0.40817543864250183
vn 0.9712797403335571 0.13818314671516418 0.19370366632938385
vn -0.787522554397583 -0.4476967751979828 0.42352792620658875
vn 0.9703453779220581 0.1858808696269989 0.15452563762664795
vn -0.6801987886428833 -0.5319225192070007 0.5043689608573914
vn -0.7246615886688232 -0.5007200241088867 0.47343969345092773
vn -0.657651424407959 -0.5387874841690063 0.5265003442764282
vn 0.9581246376037598 0.2591651678085327 0.12178141623735428
vn -0.6819766759872437 -0.5045118927955627 0.5295050144195557
vn -0.7090997099876404 -0.48144620656967163 0.5151574611663818
vn -0.6949055790901184 -0.4189143478870392 0.5844801664352417
vn 0.9280456900596619 0.35828956961631775 0.10178292542695999
vn -0.8052495121955872 -0.2117016613483429 0.5538553595542908
vn -0.7063193321228027 -0.3397170305252075 0.6210518479347229
vn 0.8345094919204712 0.5259931683540344 0.164088636636734
vn 0.8749769926071167 0.4688411355018616 0.12084393948316574
vn -0.7090354561805725 -0.40023598074913025 0.5805858373641968
vn -0.7029624581336975 -0.40609362721443176 0.5838936567306519
vn -0.9094229340553284 -0.08254691958427429 0.40759778022766113
vn 0.8442975878715515 0.5166071057319641 0.14240361750125885
vn -0.892234742641449 0.18960121273994446 0.4098396301269531
vn -0.7858442664146423 0.22391094267368317 0.5764657855033875
vn -0.8361267447471619 0.11813293397426605 0.5356647372245789
vn -0.7259607911109924 0.0031672269105911255 0.6877288222312927
vn -0.7376536726951599 0.30131781101226807 0.604214072227478
vn 0.8410749435424805 0.5177552103996277 0.15659676492214203
vn -0.6895071268081665 0.3198756277561188 0.649815022945404
vn -0.6810492277145386 0.33142197132110596 0.6529406309127808
vn -0.7262455224990845 0.37307482957839966 0.5773930549621582
vn 0.8214970827102661 0.5497344136238098 0.15144143998622894
vn 0.7157625555992126 0.6753250360488892 0.17782016098499298
vn 0.7772606015205383 0.6095771789550781 0.15582618117332458
vn -0.6299279928207397 0.4260186553001404 0.6493834853172302
vn -0.598293662071228 0.4702015519142151 0.6488106846809387
vn -0.7178167700767517 0.4299105703830719 0.5476459264755249
vn 0.676530122756958 0.7098419070243835 0.19603942334651947
vn -0.5304461121559143 0.5630959868431091 0.6336795687675476
vn -0.4682290852069855 0.6107149124145508 0.6385835409164429
vn -0.48350298404693604 0.640174150466919 0.5969940423965454
vn -0.46412381529808044 0.6863337159156799 0.5599421858787537
vn -0.6504311561584473 0.568429172039032 0.5038131475448608
vn 0.5994691848754883 0.7731329202651978 0.20712842047214508
vn -0.5490690469741821 0.7624020576477051 0.34244176745414734
vn -0.329800546169281 0.8862419128417969 0.3252798020839691
vn -0.27706801891326904 0.8873251676559448 0.3686291575431824
vn -0.29351145029067993 0.8715264201164246 0.3928011357784271
vn -0.23417310416698456 0.9029266834259033 0.3603975772857666
vn -0.13265441358089447 0.9336678981781006 0.33266666531562805
vn -0.021690426394343376 0.9537768959999084 0.2997318208217621
vn 0.09365159273147583 0.9582943320274353 0.2700026035308838
vn 0.21854551136493683 0.9431214928627014 0.25051888823509216
vn 0.3483292758464813 0.9064797759056091 0.2386653870344162
vn 0.4816399812698364 0.8485168218612671 0.2191854864358902
vn -0.42351484298706055 0.7581738829612732 0.4957898259162903
vn -0.32514551281929016 0.7861906886100769 0.525532603263855
vn -0.34599319100379944 0.781750500202179 0.5188014507293701
vn -0.38893604278564453 0.7760379910469055 0.4964815080165863
vn -0.05350159853696823 -0.9616208076477051 0.2691153883934021
vn 0.13991475105285645 -0.9600104689598083 0.24249504506587982
vn -0.20157399773597717 -0.9204604029655457 0.334844172000885
vn 0.26184603571891785 -0.8535453677177429 0.4504408538341522
vn -0.04638810083270073 -0.850162923336029 0.5244722366333008
vn 0.09218955785036087 -0.8853553533554077 0.4556831419467926
vn -0.293626606464386 -0.7977150082588196 0.5267202258110046
vn 0.394962877035141 -0.6251382231712341 0.6732061505317688
vn -0.5915793180465698 -0.7590007185935974 0.2719408869743347
vn -0.46213194727897644 -0.8139649629592896 0.351987361907959
vn -0.48331743478775024 -0.7288104891777039 0.48501500487327576
vn -0.31696370244026184 -0.6824259757995605 0.6586567759513855
vn 0.6036691069602966 -0.4770144820213318 0.6387807726860046
vn 0.7863225936889648 -0.4206171929836273 0.45252397656440735
vn -0.09449543803930283 -0.7172296047210693 0.6904001832008362
vn 0.18722926080226898 -0.6704985499382019 0.7178975343704224
vn -0.7445242404937744 -0.6408247947692871 0.18715564906597137
vn 0.8736348748207092 -0.23173542320728302 0.42785608768463135
vn -0.6890510320663452 -0.6347429752349854 0.3497285842895508
vn -0.5013114213943481 -0.7320880889892578 0.4612308740615845
vn 0.6525659561157227 -0.35567474365234375 0.6690689325332642
vn 0.7739161849021912 -0.33263131976127625 0.5388972163200378
vn -0.8001773357391357 -0.5114339590072632 0.31329163908958435
vn 0.8925554156303406 -0.10158126801252365 0.4393473267555237
vn -0.8071848750114441 -0.504389762878418 0.3066651225090027
vn -0.7480435371398926 -0.4829627275466919 0.4551680088043213
vn -0.5751467943191528 -0.5901267528533936 0.5665303468704224
vn 0.7186892032623291 -0.20467287302017212 0.6645260453224182
vn 0.8201645016670227 -0.1913999319076538 0.5391625761985779
vn -0.8480082750320435 -0.4831579029560089 0.2178082913160324
vn 0.900970458984375 -0.02936897985637188 0.4328853189945221
vn -0.7859348654747009 -0.4839206039905548 0.3848732113838196
vn 0.753523051738739 -0.12171739339828491 0.6460556387901306
vn 0.8428451418876648 -0.09626008570194244 0.5294771194458008
vn -0.8260219097137451 -0.4836578369140625 0.2894183397293091
vn 0.9112231135368347 0.006490756757557392 0.41186198592185974
vn -0.7560722827911377 -0.4935583174228668 0.42983120679855347
vn 0.7919191718101501 -0.09669389575719833 0.6029214859008789
vn 0.8605384826660156 -0.04725449159741402 0.5071888566017151
vn -0.797485888004303 -0.543879508972168 0.2611730098724365
vn 0.9255691170692444 0.02369564212858677 0.37783634662628174
vn 0.838631808757782 -0.0931144431233406 0.5366808772087097
vn 0.8837087154388428 -0.031135527417063713 0.4670005440711975
vn -0.7622833251953125 -0.5400551557540894 0.35674166679382324
vn 0.9412391781806946 0.03518291562795639 0.33590325713157654
vn -0.7657734155654907 -0.5378378033638 0.35259270668029785
vn -0.7462449073791504 -0.5303548574447632 0.4022962749004364
vn 0.8722570538520813 -0.05986413359642029 0.48536986112594604
vn 0.9082048535346985 -0.021499572321772575 0.41797342896461487
vn -0.7536441683769226 -0.5678527355194092 0.33100414276123047
vn 0.9552468061447144 0.044749870896339417 0.2924056947231293
vn 0.8869902491569519 -0.040565039962530136 0.4600031077861786
vn 0.9266138076782227 -0.008031845092773438 0.37592872977256775
vn -0.7813490629196167 -0.4915788769721985 0.38450485467910767
vn 0.9658913016319275 0.060809776186943054 0.25170668959617615
vn -0.8329232931137085 -0.40313446521759033 0.37910619378089905
vn -0.8090652823448181 -0.43146833777427673 0.39905959367752075
vn 0.8982702493667603 -0.019300810992717743 0.43901947140693665
vn 0.9397051334381104 0.004122662823647261 0.34196096658706665
vn -0.828525722026825 -0.4093586802482605 0.38206103444099426
vn 0.97178715467453 0.09452245384454727 0.21609088778495789
vn -0.8371231555938721 -0.3670063316822052 0.40562453866004944
vn -0.8203883171081543 -0.3726314306259155 0.43371519446372986
vn 0.90447598695755 0.02546830102801323 0.4257635474205017
vn 0.9490923285484314 0.028980813920497894 0.31366223096847534
vn -0.8269015550613403 -0.3759368658065796 0.41821688413619995
vn 0.9700372219085693 0.15428616106510162 0.18767954409122467
vn -0.8359559178352356 -0.3233529031276703 0.44341927766799927
vn -0.8208744525909424 -0.32291609048843384 0.4710523784160614
vn 0.9010869860649109 0.11133229732513428 0.41910305619239807
vn 0.9525060057640076 0.0810055136680603 0.2935481071472168
vn -0.776593029499054 -0.42099618911743164 0.4686848819255829
vn 0.9547067284584045 0.24550393223762512 0.16811580955982208
vn 0.8788067102432251 0.24748605489730835 0.40798211097717285
vn 0.9435837268829346 0.17275816202163696 0.28249678015708923
vn -0.7492642402648926 -0.33504024147987366 0.5712716579437256
vn 0.913382351398468 0.3733452558517456 0.16231468319892883
vn -0.7392621040344238 -0.23205433785915375 0.632172703742981
vn -0.7143746614456177 -0.25280383229255676 0.652502179145813
vn 0.8115952610969543 0.5147663950920105 0.276276558637619
vn 0.8591341376304626 0.461091011762619 0.22199906408786774
vn 0.8410530686378479 0.4037242829799652 0.3600507378578186
vn 0.9096050262451172 0.3141486346721649 0.27189958095550537
vn -0.728954017162323 -0.06856966018676758 0.6811199188232422
vn 0.8290553092956543 0.5138677358627319 0.2204706370830536
vn -0.7363226413726807 0.18109166622161865 0.651947021484375
vn -0.7144168615341187 0.16480675339698792 0.680034875869751
vn -0.7384808659553528 0.01779749058187008 0.6740396022796631
vn -0.7257866263389587 -0.05353087559342384 0.6858340501785278
vn -0.6848148703575134 0.279487669467926 0.6729897856712341
vn 0.8445534706115723 0.5014477968215942 0.18782851099967957
vn -0.6552507877349854 0.34078118205070496 0.6741769909858704
vn -0.6335274577140808 0.35943982005119324 0.685161292552948
vn 0.7392687797546387 0.5847027897834778 0.3340722620487213
vn 0.8285877108573914 0.4966297745704651 0.2584594786167145
vn -0.6315519213676453 0.4097902178764343 0.6581900715827942
vn 0.8086944222450256 0.5632065534591675 0.16974015533924103
vn -0.5666439533233643 0.5271217226982117 0.6332910060882568
vn -0.5306568145751953 0.5754775404930115 0.6222773194313049
vn 0.6944820284843445 0.6820080876350403 0.22925910353660583
vn 0.7530759572982788 0.6255360841751099 0.20391499996185303
vn -0.5909596085548401 0.46918413043022156 0.6562263369560242
vn -0.5994332432746887 0.45914629101753235 0.6556406021118164
vn 0.694801926612854 0.6565812230110168 0.2935156226158142
vn 0.7807334661483765 0.5799818634986877 0.23254308104515076
vn -0.4608438014984131 0.6792252659797668 0.5712057948112488
vn 0.6456226110458374 0.7278547883033752 0.23108205199241638
vn -0.39194074273109436 0.7522310614585876 0.5296516418457031
vn -0.31229302287101746 0.7924500107765198 0.5239237546920776
vn 0.489420622587204 0.7866758704185486 0.3763091266155243
vn 0.6193447709083557 0.720215380191803 0.3125731945037842
vn -0.39262712001800537 0.7703178524971008 0.5024484395980835
vn 0.5613648891448975 0.7962288856506348 0.2255859375
vn -0.3077276051044464 0.8536766171455383 0.4201667010784149
vn -0.20945221185684204 0.9040027856826782 0.37270471453666687
vn -0.0853424072265625 0.9403897523880005 0.32921695709228516
vn 0.036501310765743256 0.9518979787826538 0.3042334020137787
vn 0.15384195744991302 0.9476384520530701 0.2798464298248291
vn 0.27823811769485474 0.9222900867462158 0.26826199889183044
vn 0.4354991316795349 0.8655784726142883 0.24721339344978333
vn -0.3128259778022766 0.8378889560699463 0.4473053514957428
vn -0.2683267295360565 0.8572131991386414 0.439529687166214
vn 0.4103085398674011 0.8599393367767334 0.3035643994808197
vn 0.5507873892784119 0.7881504893302917 0.2746855914592743
vn -0.3067905306816101 -0.7473863959312439 0.5893158316612244
vn -0.2270062118768692 -0.6860081553459167 0.6912749409675598
vn 0.010964314453303814 -0.6390069723129272 0.769122838973999
vn 0.38223797082901 -0.5462367534637451 0.7453318238258362
vn -0.35755378007888794 -0.7534507513046265 0.5517855882644653
vn 0.5080223083496094 -0.36582815647125244 0.7797968983650208
vn -0.23648563027381897 -0.6401495933532715 0.7309467196464539
vn -0.13118062913417816 -0.6159173846244812 0.7768123745918274
vn 0.015083224512636662 -0.5626991391181946 0.8265241980552673
vn 0.24091553688049316 -0.5235466361045837 0.817226231098175
vn -0.388860285282135 -0.6327712535858154 0.6696179509162903
vn 0.5655147433280945 -0.2350279688835144 0.7905409932136536
vn -0.6680620312690735 -0.45566439628601074 0.5882713198661804
vn -0.472383052110672 -0.5089197754859924 0.7196214199066162
vn -0.24758832156658173 -0.5344825983047485 0.8081017136573792
vn -0.06674446165561676 -0.5178308486938477 0.8528754115104675
vn 0.09763627499341965 -0.45909741520881653 0.8830044269561768
vn 0.29637855291366577 -0.38754287362098694 0.8729091286659241
vn -0.7297413349151611 -0.49429959058761597 0.4723828434944153
vn 0.6203257441520691 -0.18480366468429565 0.762262225151062
vn -0.5729697942733765 -0.4949944317340851 0.6532121896743774
vn -0.4126546084880829 -0.4814518690109253 0.7732531428337097
vn -0.19709065556526184 -0.4686508774757385 0.8611165285110474
vn -0.019365793094038963 -0.46842634677886963 0.8832902908325195
vn 0.17392194271087646 -0.40083545446395874 0.8994899392127991
vn 0.3715322017669678 -0.3068217933177948 0.8762558102607727
vn -0.659261167049408 -0.46724802255630493 0.5891129374504089
vn 0.6993008852005005 -0.1916947364807129 0.6886446475982666
vn -0.6973341107368469 -0.4711490869522095 0.540132999420166
vn -0.5570746660232544 -0.4152168035507202 0.7192099094390869
vn -0.39581477642059326 -0.4399458169937134 0.8060883283615112
vn -0.23126910626888275 -0.4133535325527191 0.8807119131088257
vn -0.024816565215587616 -0.39959174394607544 0.9163572788238525
vn 0.1924862265586853 -0.38918599486351013 0.900823712348938
vn 0.447597473859787 -0.3082851767539978 0.8394145965576172
vn -0.7820547819137573 -0.4727015197277069 0.40613263845443726
vn 0.7894790172576904 -0.12597347795963287 0.600710928440094
vn -0.6688275337219238 -0.4682804048061371 0.5773935914039612
vn -0.7171629667282104 -0.47262442111968994 0.5121557712554932
vn 0.7986097931861877 -0.08771652728319168 0.5954227447509766
vn -0.7104169726371765 -0.5455526113510132 0.4446122944355011
vn -0.7014414072036743 -0.5277868509292603 0.478979229927063
vn -0.6510060429573059 -0.4224424362182617 0.6306611895561218
vn -0.7587199211120605 -0.5198650360107422 0.392535924911499
vn 0.8112475275993347 -0.0616125613451004 0.5814476609230042
vn -0.7079777121543884 -0.5112452507019043 0.4872329533100128
vn -0.6283437609672546 -0.5339872241020203 0.5657224655151367
vn -0.7761423587799072 -0.4474649131298065 0.4442727267742157
vn 0.8187887072563171 -0.02260052040219307 0.5736500024795532
vn -0.7257186770439148 -0.43828755617141724 0.5303173661231995
vn -0.615182638168335 -0.5044806003570557 0.6058462262153625
vn -0.7965033650398254 -0.4045272171497345 0.4493775963783264
vn 0.8210312724113464 0.04905681684613228 0.5687715411186218
vn -0.7955183386802673 -0.30980750918388367 0.5207397937774658
vn 0.8147240877151489 0.16666479408740997 0.555380642414093
vn -0.8199295401573181 -0.24233654141426086 0.5186410546302795
vn -0.7920347452163696 -0.24592016637325287 0.5587524175643921
vn -0.8139773607254028 -0.304547518491745 0.4946632385253906
vn 0.8009915947914124 0.3152071535587311 0.508976399898529
vn -0.7943057417869568 -0.16421553492546082 0.5849031805992126
vn -0.7765676975250244 -0.1297002136707306 0.6165390610694885
vn -0.7911362648010254 -0.19827190041542053 0.5786118507385254
vn 0.8127583861351013 0.42989006638526917 0.393215537071228
vn -0.759641170501709 -0.05102352425456047 0.6483377814292908
vn -0.7388753890991211 -0.00906009878963232 0.6737812161445618
vn -0.7498092651367188 -0.06846259534358978 0.6581025719642639
vn 0.8595337867736816 0.4123436212539673 0.30195099115371704
vn -0.7196462154388428 0.16731424629688263 0.6738807559013367
vn -0.6879922747612 0.23170152306556702 0.6877361536026001
vn 0.6983266472816467 0.5288163423538208 0.48238280415534973
vn 0.8002086877822876 0.46098417043685913 0.38361406326293945
vn -0.7384029626846313 0.08612116426229477 0.6688379645347595
vn -0.7034685611724854 0.11583780497312546 0.7012230157852173
vn 0.7144736647605896 0.408250093460083 0.5682070851325989
vn 0.8174415826797485 0.3490927517414093 0.4581742286682129
vn -0.6497337818145752 0.28184399008750916 0.7059816122055054
vn 0.6789028644561768 0.5848726034164429 0.4438636004924774
vn -0.6037831902503967 0.4644489884376526 0.6478680968284607
vn 0.6582959294319153 0.6386837363243103 0.39840883016586304
vn -0.4920034110546112 0.6402302384376526 0.5899474620819092
vn -0.3736724257469177 0.7061077356338501 0.6014821529388428
vn 0.3419327437877655 0.7701447010040283 0.5384785532951355
vn 0.5227574706077576 0.732191264629364 0.43660128116607666
vn -0.22965063154697418 0.7633034586906433 0.6038447618484497
vn 0.33904850482940674 0.8393118381500244 0.42497265338897705
vn -0.08857704699039459 0.8013066649436951 0.5916602611541748
vn 0.033298905938863754 0.8096534609794617 0.5859629511833191
vn 0.20083585381507874 0.8052272200584412 0.5579193830490112
vn -0.1772468388080597 0.8530882596969604 0.49073830246925354
vn 0.2560157775878906 0.9065102338790894 0.33570101857185364
vn -0.14310255646705627 0.9125851988792419 0.38302743434906006
vn -0.007932447828352451 0.9339379072189331 0.3573472201824188
vn 0.12184962630271912 0.9343414306640625 0.3349010944366455
vn -0.06711731851100922 0.8880933523178101 0.45473673939704895
vn 0.03032091073691845 0.8888939619064331 0.4571085572242737
vn 0.1475745439529419 0.884490430355072 0.4426042139530182
vn -0.4511773884296417 -0.391696035861969 0.8018810153007507
vn -0.25111469626426697 -0.3567372262477875 0.8998222351074219
vn -0.0594891794025898 -0.33779287338256836 0.9393386244773865
vn 0.14355875551700592 -0.32844078540802 0.9335510730743408
vn 0.3557838797569275 -0.32018205523490906 0.8780098557472229
vn 0.5682252049446106 -0.2673860788345337 0.7782190442085266
vn -0.5466942191123962 -0.4636420011520386 0.6972528696060181
vn 0.6745327711105347 -0.1549685150384903 0.7217966318130493
vn -0.36906567215919495 -0.403381884098053 0.8373014330863953
vn -0.2286771684885025 -0.3454398512840271 0.910152792930603
vn -0.062029916793107986 -0.29263678193092346 0.9542096257209778
vn 0.12156762182712555 -0.2596203684806824 0.9580284953117371
vn 0.3125569522380829 -0.23341384530067444 0.9207747578620911
vn 0.49857527017593384 -0.21592558920383453 0.8395230174064636
vn -0.5127625465393066 -0.43861252069473267 0.738033652305603
vn 0.684407114982605 -0.10756303369998932 0.7211222052574158
vn -0.5709406733512878 -0.4254266619682312 0.7021673917770386
vn -0.3296540379524231 -0.41535112261772156 0.847827672958374
vn -0.1741187572479248 -0.3346528708934784 0.9261156320571899
vn -0.028321485966444016 -0.26646870374679565 0.9634274244308472
vn 0.13641540706157684 -0.21400479972362518 0.967260479927063
vn 0.3209894001483917 -0.17706935107707977 0.9303829073905945
vn 0.5139244794845581 -0.15160325169563293 0.8443329334259033
vn -0.5986988544464111 -0.49788182973861694 0.6274340152740479
vn 0.6903150677680969 -0.06883835047483444 0.7202267050743103
vn -0.40726083517074585 -0.478821337223053 0.7777330875396729
vn -0.19601568579673767 -0.4229077398777008 0.8847185373306274
vn -0.08043667674064636 -0.34995776414871216 0.9333057403564453
vn 0.03659375384449959 -0.24898217618465424 0.9678165316581726
vn 0.17433252930641174 -0.18028952181339264 0.9680413007736206
vn 0.33960384130477905 -0.13824467360973358 0.9303535223007202
vn 0.5210429430007935 -0.11599332839250565 0.845612108707428
vn -0.4978586733341217 -0.4842754900455475 0.7194539904594421
vn 0.6967077851295471 -0.01330071222037077 0.717231810092926
vn -0.6770361065864563 -0.38305357098579407 0.628404438495636
vn -0.5455596446990967 -0.4449205994606018 0.7102185487747192
vn -0.38290536403656006 -0.43998223543167114 0.8122802376747131
vn -0.20472855865955353 -0.4365910291671753 0.8760561943054199
vn 0.02081308141350746 -0.3605002462863922 0.9325268864631653
vn 0.1257413923740387 -0.23147180676460266 0.9646812677383423
vn 0.2319319248199463 -0.1456063836812973 0.9617725610733032
vn 0.36932680010795593 -0.09541504085063934 0.9243882894515991
vn 0.5319736003875732 -0.07371002435684204 0.8435466885566711
vn -0.7702536582946777 -0.35237935185432434 0.5315431356430054
vn 0.7050220370292664 0.07396508753299713 0.7053177952766418
vn -0.6979163289070129 -0.27786707878112793 0.6600778698921204
vn -0.5717443227767944 -0.32686832547187805 0.7525061964988708
vn 0.25484535098075867 -0.21239887177944183 0.9433666467666626
vn 0.3098030984401703 -0.10346738994121552 0.9451543092727661
vn 0.413728803396225 -0.04124358668923378 0.909465491771698
vn 0.5506821870803833 -0.013100983574986458 0.834612250328064
vn -0.7657222747802734 -0.24626067280769348 0.5941591858863831
vn 0.7208073139190674 0.18787355720996857 0.6671884655952454
vn -0.7052028179168701 -0.1425601840019226 0.694525420665741
vn -0.5933440327644348 -0.19775806367397308 0.7802785634994507
vn 0.3543068766593933 -0.08103042095899582 0.931611955165863
vn 0.39951497316360474 -0.04237323999404907 0.9157468676567078
vn 0.4746291935443878 0.024513782933354378 0.8798444271087646
vn 0.5823174715042114 0.0676473081111908 0.8101421594619751
vn -0.7608580589294434 -0.15240158140659332 0.6307684183120728
vn 0.7592793703079224 0.28236714005470276 0.5863136649131775
vn -0.6945416927337646 0.0016918100882321596 0.7194504737854004
vn -0.6074129939079285 -0.045677244663238525 0.793071985244751
vn 0.3832951486110687 0.04732446372509003 0.9224127531051636
vn 0.470469206571579 0.051496583968400955 0.8809125423431396
vn 0.5398188829421997 0.10114788264036179 0.8356821537017822
vn 0.6311071515083313 0.15326456725597382 0.7604037523269653
vn -0.720369815826416 0.008172458969056606 0.6935420632362366
vn 0.8123113512992859 0.3073958456516266 0.4956391155719757
vn 0.6137653589248657 0.32884320616722107 0.7177425026893616
vn 0.7204317450523376 0.2724764943122864 0.6377575993537903
vn -0.6406365633010864 0.16106794774532318 0.7507609128952026
vn -0.5993064045906067 0.13221870362758636 0.7895252704620361
vn 0.4123295843601227 0.18533463776111603 0.8919839859008789
vn 0.48274704813957214 0.16066822409629822 0.8608955144882202
vn 0.5815509557723999 0.19304387271404266 0.7902737259864807
vn 0.6850957274436951 0.2152349203824997 0.6959295272827148
vn -0.6704641580581665 0.16451942920684814 0.7234716415405273
vn 0.6207336783409119 0.4512229859828949 0.6411610841751099
vn -0.5665304660797119 0.29189443588256836 0.7706107497215271
vn -0.5051820874214172 0.3444337248802185 0.7913005948066711
vn 0.41943076252937317 0.304715633392334 0.8551177382469177
vn 0.5238133072853088 0.29565149545669556 0.798880398273468
vn -0.62554532289505 0.3155032992362976 0.7135480046272278
vn 0.6437955498695374 0.5103945136070251 0.5701093673706055
vn -0.49249404668807983 0.4081776440143585 0.768661618232727
vn -0.3848230838775635 0.4544098973274231 0.8033820986747742
vn -0.24772699177265167 0.543196439743042 0.8022274971008301
vn 0.010864450596272945 0.5567558407783508 0.830605149269104
vn 0.24182486534118652 0.46402665972709656 0.8521736860275269
vn 0.41528695821762085 0.4210851490497589 0.8063647747039795
vn 0.5540408492088318 0.3806431293487549 0.7403712272644043
vn -0.5843448042869568 0.43933236598968506 0.6822963356971741
vn 0.5755314230918884 0.6224849224090576 0.5303547978401184
vn -0.5372803211212158 0.581110417842865 0.6112614274024963
vn -0.39205360412597656 0.6614420413970947 0.6393656730651855
vn -0.23417390882968903 0.6948075890541077 0.6800037026405334
vn -0.0809967890381813 0.7174712419509888 0.6918630599975586
vn 0.09881994873285294 0.7302674055099487 0.6759764552116394
vn 0.2391422539949417 0.6982460618019104 0.6747321486473083
vn 0.416646808385849 0.6778940558433533 0.6056938767433167
vn -0.4574022889137268 0.5476858615875244 0.7005878686904907
vn -0.33240798115730286 0.5777298212051392 0.745475172996521
vn -0.21335767209529877 0.6120709776878357 0.7614772915840149
vn -0.059061989188194275 0.6395729780197144 0.7664582133293152
vn 0.11879482865333557 0.6142324805259705 0.7801322340965271
vn 0.31620773673057556 0.5662115812301636 0.7611945867538452
vn 0.5087846517562866 0.5189836025238037 0.6868728399276733
vn -0.3154827356338501 -0.3877614438533783 0.866089940071106
vn -0.09071050584316254 -0.3755699396133423 0.9223442077636719
vn 0.1374356597661972 -0.325412392616272 0.9355310201644897
vn -0.42147296667099 -0.39853593707084656 0.814573347568512
vn 0.22204066812992096 -0.17871792614459991 0.9585186243057251
vn -0.28190383315086365 -0.30031102895736694 0.9112319350242615
vn -0.14008188247680664 -0.2832688093185425 0.9487549662590027
vn 0.03649551421403885 -0.2628227472305298 0.9641537070274353
vn -0.43421557545661926 -0.2656986117362976 0.860732913017273
vn 0.254650741815567 -0.05868975818157196 0.965250551700592
vn -0.26253536343574524 -0.17714324593544006 0.9485228061676025
vn -0.09416496008634567 -0.17789210379123688 0.9795342683792114
vn 0.06554841250181198 -0.1527933031320572 0.9860819578170776
vn -0.4496331214904785 -0.12565185129642487 0.884331226348877
vn 0.28867998719215393 0.05699606239795685 0.9557276964187622
vn -0.25238779187202454 -0.04776453226804733 0.966446578502655
vn -0.049530278891325 -0.06847134232521057 0.9964228868484497
vn 0.11637689918279648 -0.05811161920428276 0.9915037155151367
vn -0.4658341109752655 0.029431825503706932 0.8843824863433838
vn 0.3172915577888489 0.17668384313583374 0.9317235946655273
vn -0.24792985618114471 0.1015453115105629 0.9634414315223694
vn -0.022135190665721893 0.06301864981651306 0.9977668523788452
vn 0.15678563714027405 0.05217863991856575 0.9862533807754517
vn -0.4671027362346649 0.21896041929721832 0.856662929058075
vn 0.2821308970451355 0.3180980980396271 0.9051053524017334
vn -0.36209338903427124 0.43853843212127686 0.8225402235984802
vn -0.10047253966331482 0.47647133469581604 0.8734302520751953
vn 0.11372778564691544 0.40814605355262756 0.9058050513267517
vn -0.23962657153606415 0.3013031482696533 0.9229276776313782
vn -0.015073050744831562 0.25415775179862976 0.9670453667640686
vn 0.16099052131175995 0.20214276015758514 0.9660333395004272

g grp1
usemtl mtl1
f 1//1 13//13 15//15 
f 1//1 2//2 14//14 
f 13//13 1//1 14//14 
f 14//14 2//2 16//16 
f 3//3 1//1 15//15 
f 17//17 3//3 15//15 
f 2//2 1//1 4//4 
f 4//4 1//1 3//3 
f 18//18 16//16 2//2 
f 4//4 18//18 2//2 
f 5//5 19//19 21//21 
f 5//5 6//6 20//20 
f 19//19 5//5 20//20 
f 17//17 20//20 6//6 
f 17//17 6//6 3//3 
f 3//3 6//6 7//7 
f 4//4 3//3 8//8 
f 8//8 3//3 7//7 
f 22//22 18//18 4//4 
f 8//8 22//22 4//4 
f 9//9 5//5 21//21 
f 23//23 9//9 21//21 
f 6//6 5//5 10//10 
f 10//10 5//5 9//9 
f 7//7 6//6 11//11 
f 11//11 6//6 10//10 
f 8//8 7//7 12//12 
f 12//12 7//7 11//11 
f 24//24 22//22 8//8 
f 12//12 24//24 8//8 
f 9//9 23//23 25//25 
f 10//10 9//9 25//25 
f 26//26 10//10 25//25 
f 11//11 10//10 26//26 
f 27//27 11//11 26//26 
f 12//12 11//11 27//27 
f 28//28 12//12 27//27 
f 24//24 12//12 28//28 
f 13//13 71//71 83//83 
f 15//15 13//13 83//83 
f 14//14 72//72 13//13 
f 13//13 72//72 71//71 
f 72//72 14//14 16//16 
f 84//84 72//72 16//16 
f 15//15 83//83 17//17 
f 83//83 93//93 17//17 
f 16//16 18//18 84//84 
f 84//84 18//18 94//94 
f 19//19 95//95 105//105 
f 21//21 19//19 105//105 
f 20//20 96//96 19//19 
f 19//19 96//96 95//95 
f 93//93 20//20 17//17 
f 96//96 20//20 93//93 
f 18//18 22//22 94//94 
f 94//94 22//22 106//106 
f 21//21 105//105 23//23 
f 105//105 111//111 23//23 
f 22//22 24//24 106//106 
f 106//106 24//24 112//112 
f 23//23 111//111 113//113 
f 25//25 23//23 113//113 
f 26//26 25//25 114//114 
f 25//25 113//113 114//114 
f 27//27 26//26 115//115 
f 26//26 114//114 115//115 
f 28//28 27//27 116//116 
f 27//27 115//115 116//116 
f 112//112 24//24 28//28 
f 116//116 112//112 28//28 
f 29//29 165//165 179//179 
f 29//29 30//30 166//166 
f 165//165 29//29 166//166 
f 30//30 31//31 167//167 
f 166//166 30//30 167//167 
f 31//31 32//32 168//168 
f 167//167 31//31 168//168 
f 32//32 33//33 169//169 
f 168//168 32//32 169//169 
f 33//33 34//34 170//170 
f 169//169 33//33 170//170 
f 170//170 34//34 180//180 
f 35//35 29//29 179//179 
f 187//187 35//35 179//179 
f 30//30 29//29 36//36 
f 36//36 29//29 35//35 
f 31//31 30//30 37//37 
f 37//37 30//30 36//36 
f 32//32 31//31 38//38 
f 38//38 31//31 37//37 
f 33//33 32//32 39//39 
f 39//39 32//32 38//38 
f 34//34 33//33 40//40 
f 40//40 33//33 39//39 
f 188//188 180//180 34//34 
f 40//40 188//188 34//34 
f 41//41 189//189 199//199 
f 41//41 42//42 190//190 
f 189//189 41//41 190//190 
f 187//187 190//190 42//42 
f 187//187 42//42 35//35 
f 35//35 42//42 43//43 
f 36//36 35//35 44//44 
f 44//44 35//35 43//43 
f 37//37 36//36 45//45 
f 45//45 36//36 44//44 
f 38//38 37//37 46//46 
f 46//46 37//37 45//45 
f 39//39 38//38 47//47 
f 47//47 38//38 46//46 
f 40//40 39//39 48//48 
f 48//48 39//39 47//47 
f 191//191 188//188 40//40 
f 191//191 40//40 49//49 
f 49//49 40//40 48//48 
f 49//49 50//50 192//192 
f 191//191 49//49 192//192 
f 192//192 50//50 200//200 
f 51//51 41//41 199//199 
f 203//203 51//51 199//199 
f 42//42 41//41 52//52 
f 52//52 41//41 51//51 
f 43//43 42//42 53//53 
f 53//53 42//42 52//52 
f 44//44 43//43 54//54 
f 54//54 43//43 53//53 
f 45//45 44//44 55//55 
f 55//55 44//44 54//54 
f 46//46 45//45 56//56 
f 56//56 45//45 55//55 
f 47//47 46//46 57//57 
f 57//57 46//46 56//56 
f 48//48 47//47 58//58 
f 58//58 47//47 57//57 
f 49//49 48//48 59//59 
f 59//59 48//48 58//58 
f 50//50 49//49 60//60 
f 60//60 49//49 59//59 
f 204//204 200//200 50//50 
f 60//60 204//204 50//50 
f 61//61 51//51 203//203 
f 207//207 61//61 203//203 
f 52//52 51//51 62//62 
f 62//62 51//51 61//61 
f 53//53 52//52 63//63 
f 63//63 52//52 62//62 
f 54//54 53//53 64//64 
f 64//64 53//53 63//63 
f 55//55 54//54 65//65 
f 65//65 54//54 64//64 
f 56//56 55//55 66//66 
f 66//66 55//55 65//65 
f 57//57 56//56 67//67 
f 67//67 56//56 66//66 
f 58//58 57//57 68//68 
f 68//68 57//57 67//67 
f 59//59 58//58 69//69 
f 69//69 58//58 68//68 
f 60//60 59//59 70//70 
f 70//70 59//59 69//69 
f 208//208 204//204 60//60 
f 70//70 208//208 60//60 
f 73//73 61//61 207//207 
f 211//211 73//73 207//207 
f 62//62 61//61 74//74 
f 74//74 61//61 73//73 
f 63//63 62//62 75//75 
f 75//75 62//62 74//74 
f 64//64 63//63 76//76 
f 76//76 63//63 75//75 
f 65//65 64//64 77//77 
f 77//77 64//64 76//76 
f 66//66 65//65 78//78 
f 78//78 65//65 77//77 
f 67//67 66//66 79//79 
f 79//79 66//66 78//78 
f 68//68 67//67 80//80 
f 80//80 67//67 79//79 
f 69//69 68//68 81//81 
f 81//81 68//68 80//80 
f 70//70 69//69 82//82 
f 82//82 69//69 81//81 
f 212//212 208//208 70//70 
f 82//82 212//212 70//70 
f 85//85 213//213 219//219 
f 85//85 86//86 214//214 
f 213//213 85//85 214//214 
f 211//211 214//214 86//86 
f 211//211 86//86 73//73 
f 73//73 86//86 87//87 
f 74//74 73//73 88//88 
f 88//88 73//73 87//87 
f 75//75 74//74 89//89 
f 89//89 74//74 88//88 
f 76//76 75//75 90//90 
f 90//90 75//75 89//89 
f 71//71 90//90 83//83 
f 71//71 77//77 90//90 
f 77//77 76//76 90//90 
f 72//72 77//77 71//71 
f 78//78 77//77 72//72 
f 84//84 78//78 72//72 
f 84//84 91//91 78//78 
f 91//91 79//79 78//78 
f 80//80 79//79 92//92 
f 92//92 79//79 91//91 
f 220//220 215//215 81//81 
f 220//220 81//81 92//92 
f 92//92 81//81 80//80 
f 82//82 81//81 215//215 
f 216//216 82//82 215//215 
f 212//212 82//82 216//216 
f 97//97 85//85 219//219 
f 223//223 97//97 219//219 
f 86//86 85//85 98//98 
f 98//98 85//85 97//97 
f 87//87 86//86 99//99 
f 99//99 86//86 98//98 
f 88//88 87//87 100//100 
f 100//100 87//87 99//99 
f 89//89 88//88 101//101 
f 101//101 88//88 100//100 
f 90//90 89//89 102//102 
f 102//102 89//89 101//101 
f 83//83 102//102 93//93 
f 90//90 102//102 83//83 
f 91//91 94//94 103//103 
f 84//84 94//94 91//91 
f 92//92 91//91 104//104 
f 104//104 91//91 103//103 
f 224//224 220//220 92//92 
f 104//104 224//224 92//92 
f 97//97 223//223 225//225 
f 98//98 97//97 225//225 
f 226//226 98//98 225//225 
f 226//226 229//229 107//107 
f 226//226 107//107 98//98 
f 98//98 107//107 99//99 
f 100//100 99//99 108//108 
f 108//108 99//99 107//107 
f 95//95 108//108 105//105 
f 95//95 101//101 108//108 
f 101//101 100//100 108//108 
f 96//96 101//101 95//95 
f 102//102 101//101 96//96 
f 93//93 102//102 96//96 
f 103//103 106//106 109//109 
f 94//94 106//106 103//103 
f 104//104 103//103 110//110 
f 110//110 103//103 109//109 
f 230//230 224//224 104//104 
f 110//110 230//230 104//104 
f 117//117 107//107 229//229 
f 233//233 117//117 229//229 
f 108//108 107//107 118//118 
f 118//118 107//107 117//117 
f 105//105 118//118 111//111 
f 108//108 118//118 105//105 
f 109//109 112//112 119//119 
f 106//106 112//112 109//109 
f 110//110 109//109 120//120 
f 120//120 109//109 119//119 
f 234//234 230//230 110//110 
f 120//120 234//234 110//110 
f 121//121 117//117 233//233 
f 237//237 121//121 233//233 
f 118//118 117//117 122//122 
f 122//122 117//117 121//121 
f 111//111 123//123 113//113 
f 111//111 118//118 123//123 
f 118//118 122//122 123//123 
f 113//113 124//124 114//114 
f 123//123 124//124 113//113 
f 114//114 125//125 115//115 
f 124//124 125//125 114//114 
f 115//115 126//126 116//116 
f 125//125 126//126 115//115 
f 116//116 119//119 112//112 
f 116//116 126//126 119//119 
f 126//126 127//127 119//119 
f 120//120 119//119 128//128 
f 128//128 119//119 127//127 
f 238//238 234//234 120//120 
f 128//128 238//238 120//120 
f 129//129 121//121 237//237 
f 241//241 129//129 237//237 
f 122//122 121//121 130//130 
f 130//130 121//121 129//129 
f 123//123 122//122 131//131 
f 131//131 122//122 130//130 
f 124//124 123//123 132//132 
f 132//132 123//123 131//131 
f 125//125 124//124 133//133 
f 133//133 124//124 132//132 
f 126//126 125//125 134//134 
f 134//134 125//125 133//133 
f 127//127 126//126 135//135 
f 135//135 126//126 134//134 
f 128//128 127//127 136//136 
f 136//136 127//127 135//135 
f 242//242 238//238 128//128 
f 136//136 242//242 128//128 
f 129//129 241//241 243//243 
f 130//130 129//129 243//243 
f 244//244 130//130 243//243 
f 244//244 249//249 137//137 
f 244//244 137//137 130//130 
f 130//130 137//137 131//131 
f 132//132 131//131 138//138 
f 138//138 131//131 137//137 
f 133//133 132//132 139//139 
f 139//139 132//132 138//138 
f 134//134 133//133 140//140 
f 140//140 133//133 139//139 
f 250//250 245//245 135//135 
f 250//250 135//135 140//140 
f 140//140 135//135 134//134 
f 136//136 135//135 245//245 
f 246//246 136//136 245//245 
f 242//242 136//136 246//246 
f 141//141 137//137 249//249 
f 255//255 141//141 249//249 
f 138//138 137//137 142//142 
f 142//142 137//137 141//141 
f 139//139 138//138 143//143 
f 143//143 138//138 142//142 
f 140//140 139//139 144//144 
f 144//144 139//139 143//143 
f 256//256 250//250 140//140 
f 144//144 256//256 140//140 
f 141//141 255//255 257//257 
f 142//142 141//141 257//257 
f 258//258 142//142 257//257 
f 143//143 142//142 258//258 
f 259//259 143//143 258//258 
f 144//144 143//143 259//259 
f 260//260 144//144 259//259 
f 256//256 144//144 260//260 
f 145//145 279//279 291//291 
f 145//145 146//146 280//280 
f 279//279 145//145 280//280 
f 146//146 147//147 281//281 
f 280//280 146//146 281//281 
f 147//147 148//148 282//282 
f 281//281 147//147 282//282 
f 148//148 149//149 283//283 
f 282//282 148//148 283//283 
f 149//149 150//150 284//284 
f 283//283 149//149 284//284 
f 284//284 150//150 292//292 
f 151//151 145//145 291//291 
f 297//297 151//151 291//291 
f 146//146 145//145 152//152 
f 152//152 145//145 151//151 
f 147//147 146//146 153//153 
f 153//153 146//146 152//152 
f 148//148 147//147 154//154 
f 154//154 147//147 153//153 
f 149//149 148//148 155//155 
f 155//155 148//148 154//154 
f 150//150 149//149 156//156 
f 156//156 149//149 155//155 
f 298//298 292//292 150//150 
f 156//156 298//298 150//150 
f 157//157 299//299 305//305 
f 157//157 158//158 300//300 
f 299//299 157//157 300//300 
f 297//297 300//300 158//158 
f 297//297 158//158 151//151 
f 151//151 158//158 159//159 
f 152//152 151//151 160//160 
f 160//160 151//151 159//159 
f 153//153 152//152 161//161 
f 161//161 152//152 160//160 
f 154//154 153//153 162//162 
f 162//162 153//153 161//161 
f 155//155 154//154 163//163 
f 163//163 154//154 162//162 
f 156//156 155//155 164//164 
f 164//164 155//155 163//163 
f 306//306 298//298 156//156 
f 164//164 306//306 156//156 
f 171//171 157//157 305//305 
f 311//311 171//171 305//305 
f 158//158 157//157 172//172 
f 172//172 157//157 171//171 
f 159//159 158//158 173//173 
f 173//173 158//158 172//172 
f 160//160 159//159 174//174 
f 174//174 159//159 173//173 
f 161//161 160//160 175//175 
f 175//175 160//160 174//174 
f 162//162 161//161 176//176 
f 176//176 161//161 175//175 
f 163//163 162//162 177//177 
f 177//177 162//162 176//176 
f 164//164 163//163 178//178 
f 178//178 163//163 177//177 
f 312//312 306//306 164//164 
f 178//178 312//312 164//164 
f 181//181 313//313 321//321 
f 181//181 182//182 314//314 
f 313//313 181//181 314//314 
f 182//182 183//183 315//315 
f 314//314 182//182 315//315 
f 183//183 184//184 316//316 
f 315//315 183//183 316//316 
f 311//311 316//316 184//184 
f 171//171 311//311 184//184 
f 171//171 184//184 179//179 
f 171//171 179//179 165//165 
f 166//166 171//171 165//165 
f 172//172 171//171 166//166 
f 167//167 172//172 166//166 
f 173//173 172//172 167//167 
f 168//168 173//173 167//167 
f 174//174 173//173 168//168 
f 169//169 174//174 168//168 
f 175//175 174//174 169//169 
f 170//170 175//175 169//169 
f 176//176 175//175 170//170 
f 180//180 176//176 170//170 
f 180//180 185//185 176//176 
f 185//185 177//177 176//176 
f 178//178 177//177 186//186 
f 186//186 177//177 185//185 
f 322//322 312//312 178//178 
f 186//186 322//322 178//178 
f 193//193 181//181 321//321 
f 323//323 193//193 321//321 
f 182//182 181//181 194//194 
f 194//194 181//181 193//193 
f 183//183 182//182 195//195 
f 195//195 182//182 194//194 
f 184//184 183//183 196//196 
f 196//196 183//183 195//195 
f 179//179 196//196 187//187 
f 184//184 196//196 179//179 
f 185//185 188//188 197//197 
f 180//180 188//188 185//185 
f 186//186 185//185 198//198 
f 198//198 185//185 197//197 
f 324//324 322//322 186//186 
f 198//198 324//324 186//186 
f 201//201 193//193 323//323 
f 325//325 201//201 323//323 
f 194//194 193//193 202//202 
f 202//202 193//193 201//201 
f 189//189 202//202 199//199 
f 189//189 195//195 202//202 
f 195//195 194//194 202//202 
f 190//190 195//195 189//189 
f 196//196 195//195 190//190 
f 187//187 196//196 190//190 
f 188//188 191//191 197//197 
f 192//192 197//197 191//191 
f 198//198 197//197 192//192 
f 198//198 192//192 200//200 
f 198//198 200//200 324//324 
f 324//324 200//200 326//326 
f 205//205 201//201 325//325 
f 329//329 205//205 325//325 
f 202//202 201//201 206//206 
f 206//206 201//201 205//205 
f 199//199 206//206 203//203 
f 202//202 206//206 199//199 
f 200//200 204//204 326//326 
f 326//326 204//204 330//330 
f 209//209 205//205 329//329 
f 333//333 209//209 329//329 
f 206//206 205//205 210//210 
f 210//210 205//205 209//209 
f 203//203 210//210 207//207 
f 206//206 210//210 203//203 
f 204//204 208//208 330//330 
f 330//330 208//208 334//334 
f 217//217 209//209 333//333 
f 337//337 217//217 333//333 
f 210//210 209//209 218//218 
f 218//218 209//209 217//217 
f 207//207 218//218 211//211 
f 210//210 218//218 207//207 
f 208//208 212//212 334//334 
f 334//334 212//212 338//338 
f 213//213 217//217 337//337 
f 213//213 337//337 219//219 
f 219//219 337//337 341//341 
f 214//214 217//217 213//213 
f 218//218 217//217 214//214 
f 211//211 218//218 214//214 
f 215//215 220//220 221//221 
f 215//215 222//222 216//216 
f 221//221 222//222 215//215 
f 216//216 222//222 342//342 
f 216//216 342//342 212//212 
f 212//212 342//342 338//338 
f 219//219 341//341 223//223 
f 341//341 347//347 223//223 
f 221//221 224//224 227//227 
f 220//220 224//224 221//221 
f 222//222 221//221 228//228 
f 228//228 221//221 227//227 
f 348//348 342//342 222//222 
f 228//228 348//348 222//222 
f 231//231 225//225 223//223 
f 231//231 223//223 355//355 
f 355//355 223//223 347//347 
f 225//225 232//232 226//226 
f 231//231 232//232 225//225 
f 226//226 232//232 229//229 
f 227//227 356//356 349//349 
f 227//227 224//224 356//356 
f 224//224 230//230 356//356 
f 228//228 227//227 349//349 
f 350//350 228//228 349//349 
f 348//348 228//228 350//350 
f 235//235 231//231 355//355 
f 359//359 235//235 355//355 
f 232//232 231//231 236//236 
f 236//236 231//231 235//235 
f 229//229 236//236 233//233 
f 232//232 236//236 229//229 
f 230//230 234//234 356//356 
f 356//356 234//234 360//360 
f 239//239 235//235 359//359 
f 363//363 239//239 359//359 
f 236//236 235//235 240//240 
f 240//240 235//235 239//239 
f 233//233 240//240 237//237 
f 236//236 240//240 233//233 
f 234//234 238//238 360//360 
f 360//360 238//238 364//364 
f 247//247 239//239 363//363 
f 369//369 247//247 363//363 
f 240//240 239//239 248//248 
f 248//248 239//239 247//247 
f 237//237 248//248 241//241 
f 240//240 248//248 237//237 
f 238//238 242//242 364//364 
f 364//364 242//242 370//370 
f 251//251 247//247 369//369 
f 377//377 251//251 369//369 
f 248//248 247//247 252//252 
f 252//252 247//247 251//251 
f 241//241 253//253 243//243 
f 241//241 248//248 253//253 
f 248//248 252//252 253//253 
f 243//243 254//254 244//244 
f 253//253 254//254 243//243 
f 244//244 254//254 249//249 
f 245//245 378//378 371//371 
f 250//250 378//378 245//245 
f 246//246 245//245 372//372 
f 245//245 371//371 372//372 
f 370//370 242//242 246//246 
f 372//372 370//370 246//246 
f 261//261 251//251 377//377 
f 379//379 261//261 377//377 
f 252//252 251//251 262//262 
f 262//262 251//251 261//261 
f 253//253 252//252 263//263 
f 263//263 252//252 262//262 
f 254//254 253//253 264//264 
f 264//264 253//253 263//263 
f 249//249 264//264 255//255 
f 254//254 264//264 249//249 
f 250//250 256//256 378//378 
f 378//378 256//256 380//380 
f 261//261 379//379 381//381 
f 262//262 261//261 381//381 
f 382//382 262//262 381//381 
f 263//263 262//262 382//382 
f 383//383 263//263 382//382 
f 264//264 263//263 383//383 
f 384//384 264//264 383//383 
f 255//255 264//264 384//384 
f 255//255 384//384 257//257 
f 257//257 384//384 385//385 
f 258//258 257//257 386//386 
f 257//257 385//385 386//386 
f 259//259 258//258 387//387 
f 258//258 386//386 387//387 
f 260//260 259//259 388//388 
f 259//259 387//387 388//388 
f 380//380 256//256 260//260 
f 388//388 380//380 260//260 
f 265//265 397//397 405//405 
f 265//265 266//266 398//398 
f 397//397 265//265 398//398 
f 266//266 267//267 399//399 
f 398//398 266//266 399//399 
f 267//267 268//268 400//400 
f 399//399 267//267 400//400 
f 400//400 268//268 406//406 
f 269//269 265//265 405//405 
f 409//409 269//269 405//405 
f 266//266 265//265 270//270 
f 270//270 265//265 269//269 
f 267//267 266//266 271//271 
f 271//271 266//266 270//270 
f 268//268 267//267 272//272 
f 272//272 267//267 271//271 
f 410//410 406//406 268//268 
f 272//272 410//410 268//268 
f 273//273 411//411 415//415 
f 273//273 274//274 412//412 
f 411//411 273//273 412//412 
f 409//409 412//412 274//274 
f 409//409 274//274 269//269 
f 269//269 274//274 275//275 
f 270//270 269//269 276//276 
f 276//276 269//269 275//275 
f 271//271 270//270 277//277 
f 277//277 270//270 276//276 
f 272//272 271//271 278//278 
f 278//278 271//271 277//277 
f 416//416 410//410 272//272 
f 278//278 416//416 272//272 
f 285//285 273//273 415//415 
f 421//421 285//285 415//415 
f 274//274 273//273 286//286 
f 286//286 273//273 285//285 
f 275//275 274//274 287//287 
f 287//287 274//274 286//286 
f 276//276 275//275 288//288 
f 288//288 275//275 287//287 
f 277//277 276//276 289//289 
f 289//289 276//276 288//288 
f 278//278 277//277 290//290 
f 290//290 277//277 289//289 
f 422//422 416//416 278//278 
f 290//290 422//422 278//278 
f 293//293 423//423 431//431 
f 293//293 294//294 424//424 
f 423//423 293//293 424//424 
f 294//294 295//295 425//425 
f 424//424 294//294 425//425 
f 295//295 296//296 426//426 
f 425//425 295//295 426//426 
f 421//421 426//426 296//296 
f 285//285 421//421 296//296 
f 285//285 296//296 291//291 
f 285//285 291//291 279//279 
f 280//280 285//285 279//279 
f 286//286 285//285 280//280 
f 281//281 286//286 280//280 
f 287//287 286//286 281//281 
f 282//282 287//287 281//281 
f 288//288 287//287 282//282 
f 283//283 288//288 282//282 
f 289//289 288//288 283//283 
f 284//284 289//289 283//283 
f 290//290 289//289 284//284 
f 290//290 284//284 292//292 
f 290//290 292//292 422//422 
f 422//422 292//292 432//432 
f 301//301 293//293 431//431 
f 435//435 301//301 431//431 
f 294//294 293//293 302//302 
f 302//302 293//293 301//301 
f 295//295 294//294 303//303 
f 303//303 294//294 302//302 
f 296//296 295//295 304//304 
f 304//304 295//295 303//303 
f 291//291 304//304 297//297 
f 296//296 304//304 291//291 
f 292//292 298//298 432//432 
f 432//432 298//298 436//436 
f 307//307 437//437 441//441 
f 307//307 308//308 438//438 
f 437//437 307//307 438//438 
f 435//435 438//438 308//308 
f 435//435 308//308 301//301 
f 301//301 308//308 309//309 
f 302//302 301//301 310//310 
f 310//310 301//301 309//309 
f 299//299 310//310 305//305 
f 299//299 303//303 310//310 
f 303//303 302//302 310//310 
f 300//300 303//303 299//299 
f 304//304 303//303 300//300 
f 297//297 304//304 300//300 
f 298//298 306//306 436//436 
f 436//436 306//306 442//442 
f 317//317 307//307 441//441 
f 445//445 317//317 441//441 
f 308//308 307//307 318//318 
f 318//318 307//307 317//317 
f 309//309 308//308 319//319 
f 319//319 308//308 318//318 
f 310//310 309//309 320//320 
f 320//320 309//309 319//319 
f 305//305 320//320 311//311 
f 310//310 320//320 305//305 
f 306//306 312//312 442//442 
f 442//442 312//312 446//446 
f 313//313 317//317 445//445 
f 313//313 445//445 321//321 
f 321//321 445//445 449//449 
f 314//314 317//317 313//313 
f 318//318 317//317 314//314 
f 315//315 318//318 314//314 
f 319//319 318//318 315//315 
f 316//316 319//319 315//315 
f 320//320 319//319 316//316 
f 311//311 320//320 316//316 
f 312//312 322//322 446//446 
f 446//446 322//322 450//450 
f 321//321 449//449 323//323 
f 449//449 453//453 323//323 
f 322//322 324//324 450//450 
f 450//450 324//324 454//454 
f 327//327 455//455 459//459 
f 327//327 328//328 456//456 
f 455//455 327//327 456//456 
f 328//328 453//453 456//456 
f 328//328 325//325 453//453 
f 325//325 323//323 453//453 
f 324//324 326//326 454//454 
f 454//454 326//326 460//460 
f 331//331 327//327 459//459 
f 461//461 331//331 459//459 
f 328//328 327//327 332//332 
f 332//332 327//327 331//331 
f 325//325 332//332 329//329 
f 328//328 332//332 325//325 
f 326//326 330//330 460//460 
f 460//460 330//330 462//462 
f 335//335 331//331 461//461 
f 463//463 335//335 461//461 
f 332//332 331//331 336//336 
f 336//336 331//331 335//335 
f 329//329 336//336 333//333 
f 332//332 336//336 329//329 
f 330//330 334//334 462//462 
f 462//462 334//334 464//464 
f 339//339 335//335 463//463 
f 467//467 339//339 463//463 
f 336//336 335//335 340//340 
f 340//340 335//335 339//339 
f 333//333 340//340 337//337 
f 336//336 340//340 333//333 
f 334//334 338//338 464//464 
f 464//464 338//338 468//468 
f 343//343 339//339 467//467 
f 473//473 343//343 467//467 
f 340//340 339//339 344//344 
f 344//344 339//339 343//343 
f 337//337 344//344 341//341 
f 340//340 344//344 337//337 
f 345//345 474//474 469//469 
f 345//345 470//470 346//346 
f 469//469 470//470 345//345 
f 346//346 470//470 468//468 
f 346//346 468//468 342//342 
f 342//342 468//468 338//338 
f 351//351 343//343 473//473 
f 477//477 351//351 473//473 
f 344//344 343//343 352//352 
f 352//352 343//343 351//351 
f 341//341 352//352 347//347 
f 344//344 352//352 341//341 
f 353//353 474//474 345//345 
f 478//478 474//474 353//353 
f 346//346 354//354 345//345 
f 354//354 353//353 345//345 
f 342//342 348//348 354//354 
f 346//346 342//342 354//354 
f 357//357 351//351 477//477 
f 481//481 357//357 477//477 
f 352//352 351//351 358//358 
f 358//358 351//351 357//357 
f 347//347 358//358 355//355 
f 352//352 358//358 347//347 
f 349//349 478//478 353//353 
f 349//349 356//356 478//478 
f 356//356 482//482 478//478 
f 350//350 349//349 353//353 
f 354//354 350//350 353//353 
f 348//348 350//350 354//354 
f 361//361 357//357 481//481 
f 485//485 361//361 481//481 
f 358//358 357//357 362//362 
f 362//362 357//357 361//361 
f 355//355 362//362 359//359 
f 358//358 362//362 355//355 
f 356//356 360//360 482//482 
f 482//482 360//360 486//486 
f 365//365 361//361 485//485 
f 491//491 365//365 485//485 
f 362//362 361//361 366//366 
f 366//366 361//361 365//365 
f 359//359 366//366 363//363 
f 362//362 366//366 359//359 
f 367//367 492//492 487//487 
f 367//367 488//488 368//368 
f 487//487 488//488 367//367 
f 368//368 488//488 486//486 
f 368//368 486//486 364//364 
f 364//364 486//486 360//360 
f 373//373 365//365 491//491 
f 495//495 373//373 491//491 
f 366//366 365//365 374//374 
f 374//374 365//365 373//373 
f 363//363 374//374 369//369 
f 366//366 374//374 363//363 
f 375//375 492//492 367//367 
f 496//496 492//492 375//375 
f 368//368 376//376 367//367 
f 376//376 375//375 367//367 
f 364//364 370//370 376//376 
f 368//368 364//364 376//376 
f 373//373 495//495 497//497 
f 374//374 373//373 497//497 
f 498//498 374//374 497//497 
f 498//498 369//369 374//374 
f 498//498 501//501 369//369 
f 501//501 377//377 369//369 
f 371//371 496//496 375//375 
f 371//371 378//378 496//496 
f 378//378 502//502 496//496 
f 372//372 371//371 375//375 
f 376//376 372//372 375//375 
f 370//370 372//372 376//376 
f 377//377 501//501 379//379 
f 501//501 505//505 379//379 
f 378//378 380//380 502//502 
f 502//502 380//380 506//506 
f 379//379 505//505 507//507 
f 381//381 379//379 507//507 
f 382//382 381//381 508//508 
f 381//381 507//507 508//508 
f 389//389 508//508 513//513 
f 389//389 383//383 508//508 
f 383//383 382//382 508//508 
f 383//383 390//390 384//384 
f 389//389 390//390 383//383 
f 384//384 391//391 385//385 
f 390//390 391//391 384//384 
f 385//385 392//392 386//386 
f 391//391 392//392 385//385 
f 514//514 386//386 392//392 
f 514//514 509//509 386//386 
f 509//509 387//387 386//386 
f 388//388 387//387 510//510 
f 387//387 509//509 510//510 
f 506//506 380//380 388//388 
f 510//510 506//506 388//388 
f 393//393 389//389 513//513 
f 519//519 393//393 513//513 
f 390//390 389//389 394//394 
f 394//394 389//389 393//393 
f 391//391 390//390 395//395 
f 395//395 390//390 394//394 
f 392//392 391//391 396//396 
f 396//396 391//391 395//395 
f 520//520 514//514 392//392 
f 396//396 520//520 392//392 
f 393//393 519//519 521//521 
f 394//394 393//393 521//521 
f 522//522 394//394 521//521 
f 395//395 394//394 522//522 
f 523//523 395//395 522//522 
f 396//396 395//395 523//523 
f 524//524 396//396 523//523 
f 520//520 396//396 524//524 
f 401//401 531//531 537//537 
f 401//401 402//402 532//532 
f 531//531 401//401 532//532 
f 402//402 403//403 533//533 
f 532//532 402//402 533//533 
f 403//403 404//404 534//534 
f 533//533 403//403 534//534 
f 534//534 404//404 538//538 
f 407//407 539//539 543//543 
f 407//407 408//408 540//540 
f 539//539 407//407 540//540 
f 537//537 540//540 408//408 
f 401//401 537//537 408//408 
f 401//401 408//408 405//405 
f 401//401 405//405 397//397 
f 398//398 401//401 397//397 
f 402//402 401//401 398//398 
f 399//399 402//402 398//398 
f 403//403 402//402 399//399 
f 400//400 403//403 399//399 
f 404//404 403//403 400//400 
f 404//404 400//400 406//406 
f 404//404 406//406 538//538 
f 538//538 406//406 544//544 
f 413//413 407//407 543//543 
f 549//549 413//413 543//543 
f 408//408 407//407 414//414 
f 414//414 407//407 413//413 
f 405//405 414//414 409//409 
f 408//408 414//414 405//405 
f 406//406 410//410 544//544 
f 544//544 410//410 550//550 
f 417//417 551//551 559//559 
f 417//417 418//418 552//552 
f 551//551 417//417 552//552 
f 418//418 419//419 553//553 
f 552//552 418//418 553//553 
f 419//419 420//420 554//554 
f 553//553 419//419 554//554 
f 549//549 554//554 420//420 
f 413//413 549//549 420//420 
f 413//413 420//420 415//415 
f 413//413 415//415 411//411 
f 412//412 413//413 411//411 
f 414//414 413//413 412//412 
f 409//409 414//414 412//412 
f 410//410 416//416 550//550 
f 550//550 416//416 560//560 
f 427//427 417//417 559//559 
f 563//563 427//427 559//559 
f 418//418 417//417 428//428 
f 428//428 417//417 427//427 
f 419//419 418//418 429//429 
f 429//429 418//418 428//428 
f 420//420 419//419 430//430 
f 430//430 419//419 429//429 
f 415//415 430//430 421//421 
f 420//420 430//430 415//415 
f 416//416 422//422 560//560 
f 560//560 422//422 564//564 
f 433//433 565//565 569//569 
f 433//433 434//434 566//566 
f 565//565 433//433 566//566 
f 563//563 566//566 434//434 
f 427//427 563//563 434//434 
f 427//427 434//434 431//431 
f 427//427 431//431 423//423 
f 424//424 427//427 423//423 
f 428//428 427//427 424//424 
f 425//425 428//428 424//424 
f 429//429 428//428 425//425 
f 426//426 429//429 425//425 
f 430//430 429//429 426//426 
f 421//421 430//430 426//426 
f 422//422 432//432 564//564 
f 564//564 432//432 570//570 
f 439//439 433//433 569//569 
f 573//573 439//439 569//569 
f 434//434 433//433 440//440 
f 440//440 433//433 439//439 
f 431//431 440//440 435//435 
f 434//434 440//440 431//431 
f 432//432 436//436 570//570 
f 570//570 436//436 574//574 
f 443//443 575//575 579//579 
f 443//443 444//444 576//576 
f 575//575 443//443 576//576 
f 573//573 576//576 444//444 
f 439//439 573//573 444//444 
f 439//439 444//444 441//441 
f 439//439 441//441 437//437 
f 438//438 439//439 437//437 
f 440//440 439//439 438//438 
f 435//435 440//440 438//438 
f 436//436 442//442 574//574 
f 574//574 442//442 580//580 
f 447//447 443//443 579//579 
f 581//581 447//447 579//579 
f 444//444 443//443 448//448 
f 448//448 443//443 447//447 
f 441//441 448//448 445//445 
f 444//444 448//448 441//441 
f 442//442 446//446 580//580 
f 580//580 446//446 582//582 
f 451//451 447//447 581//581 
f 583//583 451//451 581//581 
f 448//448 447//447 452//452 
f 452//452 447//447 451//451 
f 445//445 452//452 449//449 
f 448//448 452//452 445//445 
f 446//446 450//450 582//582 
f 582//582 450//450 584//584 
f 457//457 451//451 583//583 
f 587//587 457//457 583//583 
f 452//452 451//451 458//458 
f 458//458 451//451 457//457 
f 449//449 458//458 453//453 
f 452//452 458//458 449//449 
f 450//450 454//454 584//584 
f 584//584 454//454 588//588 
f 455//455 457//457 587//587 
f 455//455 587//587 459//459 
f 459//459 587//587 591//591 
f 456//456 457//457 455//455 
f 458//458 457//457 456//456 
f 453//453 458//458 456//456 
f 454//454 460//460 588//588 
f 588//588 460//460 592//592 
f 459//459 591//591 461//461 
f 591//591 595//595 461//461 
f 460//460 462//462 592//592 
f 592//592 462//462 596//596 
f 465//465 597//597 601//601 
f 465//465 466//466 598//598 
f 597//597 465//465 598//598 
f 466//466 595//595 598//598 
f 466//466 463//463 595//595 
f 463//463 461//461 595//595 
f 462//462 464//464 596//596 
f 596//596 464//464 602//602 
f 471//471 465//465 601//601 
f 607//607 471//471 601//601 
f 466//466 465//465 472//472 
f 472//472 465//465 471//471 
f 463//463 472//472 467//467 
f 466//466 472//472 463//463 
f 464//464 468//468 602//602 
f 602//602 468//468 608//608 
f 475//475 471//471 607//607 
f 615//615 475//475 607//607 
f 472//472 471//471 476//476 
f 476//476 471//471 475//475 
f 467//467 476//476 473//473 
f 472//472 476//476 467//467 
f 469//469 616//616 609//609 
f 474//474 616//616 469//469 
f 470//470 469//469 610//610 
f 469//469 609//609 610//610 
f 608//608 468//468 470//470 
f 610//610 608//608 470//470 
f 479//479 475//475 615//615 
f 619//619 479//479 615//615 
f 476//476 475//475 480//480 
f 480//480 475//475 479//479 
f 473//473 480//480 477//477 
f 476//476 480//480 473//473 
f 474//474 478//478 616//616 
f 616//616 478//478 620//620 
f 483//483 479//479 619//619 
f 623//623 483//483 619//619 
f 480//480 479//479 484//484 
f 484//484 479//479 483//483 
f 477//477 484//484 481//481 
f 480//480 484//484 477//477 
f 478//478 482//482 620//620 
f 620//620 482//482 624//624 
f 489//489 483//483 623//623 
f 629//629 489//489 623//623 
f 484//484 483//483 490//490 
f 490//490 483//483 489//489 
f 481//481 490//490 485//485 
f 484//484 490//490 481//481 
f 482//482 486//486 624//624 
f 624//624 486//486 630//630 
f 493//493 489//489 629//629 
f 637//637 493//493 629//629 
f 490//490 489//489 494//494 
f 494//494 489//489 493//493 
f 485//485 494//494 491//491 
f 490//490 494//494 485//485 
f 487//487 638//638 631//631 
f 492//492 638//638 487//487 
f 488//488 487//487 632//632 
f 487//487 631//631 632//632 
f 630//630 486//486 488//488 
f 632//632 630//630 488//488 
f 499//499 493//493 637//637 
f 639//639 499//499 637//637 
f 494//494 493//493 500//500 
f 500//500 493//493 499//499 
f 491//491 500//500 495//495 
f 494//494 500//500 491//491 
f 492//492 496//496 638//638 
f 638//638 496//496 640//640 
f 499//499 639//639 641//641 
f 500//500 499//499 641//641 
f 642//642 500//500 641//641 
f 503//503 642//642 643//643 
f 497//497 642//642 503//503 
f 497//497 500//500 642//642 
f 497//497 495//495 500//500 
f 497//497 504//504 498//498 
f 503//503 504//504 497//497 
f 498//498 504//504 501//501 
f 496//496 502//502 640//640 
f 640//640 502//502 644//644 
f 511//511 503//503 643//643 
f 649//649 511//511 643//643 
f 504//504 503//503 512//512 
f 512//512 503//503 511//511 
f 501//501 512//512 505//505 
f 504//504 512//512 501//501 
f 502//502 506//506 644//644 
f 644//644 506//506 650//650 
f 515//515 511//511 649//649 
f 657//657 515//515 649//649 
f 512//512 511//511 516//516 
f 516//516 511//511 515//515 
f 505//505 517//517 507//507 
f 505//505 512//512 517//517 
f 512//512 516//516 517//517 
f 507//507 518//518 508//508 
f 517//517 518//518 507//507 
f 508//508 518//518 513//513 
f 509//509 658//658 651//651 
f 514//514 658//658 509//509 
f 510//510 509//509 652//652 
f 509//509 651//651 652//652 
f 650//650 506//506 510//510 
f 652//652 650//650 510//510 
f 525//525 515//515 657//657 
f 661//661 525//525 657//657 
f 516//516 515//515 526//526 
f 526//526 515//515 525//525 
f 517//517 516//516 527//527 
f 527//527 516//516 526//526 
f 518//518 517//517 528//528 
f 528//528 517//517 527//527 
f 513//513 528//528 519//519 
f 518//518 528//528 513//513 
f 514//514 520//520 658//658 
f 658//658 520//520 662//662 
f 525//525 661//661 663//663 
f 526//526 525//525 663//663 
f 664//664 526//526 663//663 
f 527//527 526//526 664//664 
f 665//665 527//527 664//664 
f 528//528 527//527 665//665 
f 666//666 528//528 665//665 
f 519//519 528//528 666//666 
f 519//519 666//666 521//521 
f 521//521 666//666 667//667 
f 522//522 521//521 668//668 
f 521//521 667//667 668//668 
f 523//523 522//522 669//669 
f 522//522 668//668 669//669 
f 524//524 523//523 670//670 
f 523//523 669//669 670//670 
f 662//662 520//520 524//524 
f 670//670 662//662 524//524 
f 529//529 677//677 679//679 
f 529//529 530//530 678//678 
f 677//677 529//529 678//678 
f 678//678 530//530 680//680 
f 535//535 529//529 679//679 
f 681//681 535//535 679//679 
f 530//530 529//529 536//536 
f 536//536 529//529 535//535 
f 682//682 680//680 530//530 
f 536//536 682//682 530//530 
f 541//541 683//683 687//687 
f 541//541 542//542 684//684 
f 683//683 541//541 684//684 
f 681//681 684//684 542//542 
f 535//535 681//681 542//542 
f 535//535 542//542 537//537 
f 535//535 537//537 531//531 
f 532//532 535//535 531//531 
f 536//536 535//535 532//532 
f 536//536 685//685 682//682 
f 536//536 532//532 685//685 
f 532//532 533//533 685//685 
f 534//534 686//686 533//533 
f 533//533 686//686 685//685 
f 686//686 534//534 538//538 
f 688//688 686//686 538//538 
f 545//545 689//689 693//693 
f 545//545 546//546 690//690 
f 689//689 545//545 690//690 
f 546//546 547//547 691//691 
f 690//690 546//546 691//691 
f 547//547 548//548 692//692 
f 691//691 547//547 692//692 
f 687//687 692//692 548//548 
f 541//541 687//687 548//548 
f 541//541 548//548 543//543 
f 541//541 543//543 539//539 
f 540//540 541//541 539//539 
f 542//542 541//541 540//540 
f 537//537 542//542 540//540 
f 538//538 544//544 688//688 
f 688//688 544//544 694//694 
f 555//555 545//545 693//693 
f 695//695 555//555 693//693 
f 546//546 545//545 556//556 
f 556//556 545//545 555//555 
f 547//547 546//546 557//557 
f 557//557 546//546 556//556 
f 548//548 547//547 558//558 
f 558//558 547//547 557//557 
f 543//543 558//558 549//549 
f 548//548 558//558 543//543 
f 544//544 550//550 694//694 
f 694//694 550//550 696//696 
f 561//561 697//697 699//699 
f 561//561 562//562 698//698 
f 697//697 561//561 698//698 
f 695//695 698//698 562//562 
f 555//555 695//695 562//562 
f 555//555 562//562 559//559 
f 555//555 559//559 551//551 
f 552//552 555//555 551//551 
f 556//556 555//555 552//552 
f 553//553 556//556 552//552 
f 557//557 556//556 553//553 
f 554//554 557//557 553//553 
f 558//558 557//557 554//554 
f 549//549 558//558 554//554 
f 550//550 560//560 696//696 
f 696//696 560//560 700//700 
f 567//567 561//561 699//699 
f 701//701 567//567 699//699 
f 562//562 561//561 568//568 
f 568//568 561//561 567//567 
f 559//559 568//568 563//563 
f 562//562 568//568 559//559 
f 560//560 564//564 700//700 
f 700//700 564//564 702//702 
f 571//571 703//703 705//705 
f 571//571 572//572 704//704 
f 703//703 571//571 704//704 
f 701//701 704//704 572//572 
f 567//567 701//701 572//572 
f 567//567 572//572 569//569 
f 567//567 569//569 565//565 
f 566//566 567//567 565//565 
f 568//568 567//567 566//566 
f 563//563 568//568 566//566 
f 564//564 570//570 702//702 
f 702//702 570//570 706//706 
f 577//577 571//571 705//705 
f 707//707 577//577 705//705 
f 572//572 571//571 578//578 
f 578//578 571//571 577//577 
f 569//569 578//578 573//573 
f 572//572 578//578 569//569 
f 570//570 574//574 706//706 
f 706//706 574//574 708//708 
f 575//575 577//577 707//707 
f 575//575 707//707 579//579 
f 579//579 707//707 709//709 
f 576//576 577//577 575//575 
f 578//578 577//577 576//576 
f 573//573 578//578 576//576 
f 574//574 580//580 708//708 
f 708//708 580//580 710//710 
f 579//579 709//709 581//581 
f 709//709 711//711 581//581 
f 580//580 582//582 710//710 
f 710//710 582//582 712//712 
f 585//585 713//713 715//715 
f 585//585 586//586 714//714 
f 713//713 585//585 714//714 
f 586//586 711//711 714//714 
f 586//586 583//583 711//711 
f 583//583 581//581 711//711 
f 582//582 584//584 712//712 
f 712//712 584//584 716//716 
f 589//589 585//585 715//715 
f 717//717 589//589 715//715 
f 586//586 585//585 590//590 
f 590//590 585//585 589//589 
f 583//583 590//590 587//587 
f 586//586 590//590 583//583 
f 584//584 588//588 716//716 
f 716//716 588//588 718//718 
f 593//593 589//589 717//717 
f 719//719 593//593 717//717 
f 590//590 589//589 594//594 
f 594//594 589//589 593//593 
f 587//587 594//594 591//591 
f 590//590 594//594 587//587 
f 588//588 592//592 718//718 
f 718//718 592//592 720//720 
f 599//599 593//593 719//719 
f 721//721 599//599 719//719 
f 594//594 593//593 600//600 
f 600//600 593//593 599//599 
f 591//591 600//600 595//595 
f 594//594 600//600 591//591 
f 592//592 596//596 720//720 
f 720//720 596//596 722//722 
f 603//603 723//723 727//727 
f 603//603 604//604 724//724 
f 723//723 603//603 724//724 
f 721//721 724//724 604//604 
f 599//599 721//721 604//604 
f 599//599 604//604 601//601 
f 599//599 601//601 597//597 
f 598//598 599//599 597//597 
f 600//600 599//599 598//598 
f 595//595 600//600 598//598 
f 605//605 728//728 725//725 
f 605//605 726//726 606//606 
f 725//725 726//726 605//605 
f 606//606 726//726 722//722 
f 606//606 722//722 602//602 
f 602//602 722//722 596//596 
f 611//611 603//603 727//727 
f 729//729 611//611 727//727 
f 604//604 603//603 612//612 
f 612//612 603//603 611//611 
f 601//601 612//612 607//607 
f 604//604 612//612 601//601 
f 613//613 728//728 605//605 
f 730//730 728//728 613//613 
f 606//606 614//614 605//605 
f 614//614 613//613 605//605 
f 602//602 608//608 614//614 
f 606//606 602//602 614//614 
f 617//617 611//611 729//729 
f 731//731 617//617 729//729 
f 612//612 611//611 618//618 
f 618//618 611//611 617//617 
f 607//607 618//618 615//615 
f 612//612 618//618 607//607 
f 609//609 730//730 613//613 
f 609//609 616//616 730//730 
f 616//616 732//732 730//730 
f 610//610 609//609 613//613 
f 614//614 610//610 613//613 
f 608//608 610//610 614//614 
f 621//621 617//617 731//731 
f 733//733 621//621 731//731 
f 618//618 617//617 622//622 
f 622//622 617//617 621//621 
f 615//615 622//622 619//619 
f 618//618 622//622 615//615 
f 616//616 620//620 732//732 
f 732//732 620//620 734//734 
f 625//625 621//621 733//733 
f 737//737 625//625 733//733 
f 622//622 621//621 626//626 
f 626//626 621//621 625//625 
f 619//619 626//626 623//623 
f 622//622 626//626 619//619 
f 627//627 738//738 735//735 
f 627//627 736//736 628//628 
f 735//735 736//736 627//627 
f 628//628 736//736 734//734 
f 628//628 734//734 624//624 
f 624//624 734//734 620//620 
f 633//633 625//625 737//737 
f 739//739 633//633 737//737 
f 626//626 625//625 634//634 
f 634//634 625//625 633//633 
f 623//623 634//634 629//629 
f 626//626 634//634 623//623 
f 635//635 738//738 627//627 
f 740//740 738//738 635//635 
f 628//628 636//636 627//627 
f 636//636 635//635 627//627 
f 624//624 630//630 636//636 
f 628//628 624//624 636//636 
f 633//633 739//739 741//741 
f 634//634 633//633 741//741 
f 742//742 634//634 741//741 
f 742//742 629//629 634//634 
f 742//742 743//743 629//629 
f 743//743 637//637 629//629 
f 631//631 740//740 635//635 
f 631//631 638//638 740//740 
f 638//638 744//744 740//740 
f 632//632 631//631 635//635 
f 636//636 632//632 635//635 
f 630//630 632//632 636//636 
f 637//637 743//743 639//639 
f 743//743 745//745 639//639 
f 638//638 640//640 744//744 
f 744//744 640//640 746//746 
f 645//645 641//641 639//639 
f 645//645 639//639 749//749 
f 749//749 639//639 745//745 
f 641//641 646//646 642//642 
f 645//645 646//646 641//641 
f 642//642 646//646 643//643 
f 647//647 750//750 747//747 
f 647//647 748//748 648//648 
f 747//747 748//748 647//647 
f 648//648 748//748 746//746 
f 648//648 746//746 644//644 
f 644//644 746//746 640//640 
f 653//653 645//645 749//749 
f 751//751 653//653 749//749 
f 646//646 645//645 654//654 
f 654//654 645//645 653//653 
f 643//643 654//654 649//649 
f 646//646 654//654 643//643 
f 655//655 750//750 647//647 
f 752//752 750//750 655//655 
f 648//648 656//656 647//647 
f 656//656 655//655 647//647 
f 644//644 650//650 656//656 
f 648//648 644//644 656//656 
f 659//659 653//653 751//751 
f 753//753 659//659 751//751 
f 654//654 653//653 660//660 
f 660//660 653//653 659//659 
f 649//649 660//660 657//657 
f 654//654 660//660 649//649 
f 651//651 752//752 655//655 
f 651//651 658//658 752//752 
f 658//658 754//754 752//752 
f 652//652 651//651 655//655 
f 656//656 652//652 655//655 
f 650//650 652//652 656//656 
f 671//671 659//659 753//753 
f 755//755 671//671 753//753 
f 660//660 659//659 672//672 
f 672//672 659//659 671//671 
f 657//657 672//672 661//661 
f 660//660 672//672 657//657 
f 658//658 662//662 754//754 
f 754//754 662//662 756//756 
f 671//671 755//755 757//757 
f 672//672 671//671 757//757 
f 758//758 672//672 757//757 
f 661//661 672//672 758//758 
f 661//661 758//758 663//663 
f 663//663 758//758 759//759 
f 664//664 663//663 760//760 
f 663//663 759//759 760//760 
f 673//673 760//760 763//763 
f 673//673 665//665 760//760 
f 665//665 664//664 760//760 
f 665//665 674//674 666//666 
f 673//673 674//674 665//665 
f 666//666 675//675 667//667 
f 674//674 675//675 666//666 
f 667//667 676//676 668//668 
f 675//675 676//676 667//667 
f 764//764 668//668 676//676 
f 764//764 761//761 668//668 
f 761//761 669//669 668//668 
f 670//670 669//669 762//762 
f 669//669 761//761 762//762 
f 756//756 662//662 670//670 
f 762//762 756//756 670//670 
f 673//673 763//763 765//765 
f 674//674 673//673 765//765 
f 766//766 674//674 765//765 
f 675//675 674//674 766//766 
f 767//767 675//675 766//766 
f 676//676 675//675 767//767 
f 768//768 676//676 767//767 
f 764//764 676//676 768//768 
f 677//677 769//769 771//771 
f 679//679 677//677 771//771 
f 678//678 770//770 677//677 
f 677//677 770//770 769//769 
f 770//770 678//678 680//680 
f 772//772 770//770 680//680 
f 679//679 771//771 681//681 
f 771//771 777//777 681//681 
f 680//680 682//682 772//772 
f 772//772 682//682 778//778 
f 683//683 779//779 787//787 
f 687//687 683//683 787//787 
f 684//684 780//780 683//683 
f 683//683 780//780 779//779 
f 777//777 684//684 681//681 
f 780//780 684//684 777//777 
f 682//682 781//781 778//778 
f 685//685 781//781 682//682 
f 686//686 782//782 685//685 
f 685//685 782//782 781//781 
f 782//782 686//686 688//688 
f 788//788 782//782 688//688 
f 689//689 789//789 797//797 
f 693//693 689//689 797//797 
f 690//690 790//790 689//689 
f 689//689 790//790 789//789 
f 691//691 791//791 690//690 
f 690//690 791//791 790//790 
f 692//692 792//792 691//691 
f 691//691 792//792 791//791 
f 787//787 692//692 687//687 
f 792//792 692//692 787//787 
f 688//688 694//694 788//788 
f 788//788 694//694 798//798 
f 693//693 797//797 695//695 
f 797//797 801//801 695//695 
f 694//694 696//696 798//798 
f 798//798 696//696 802//802 
f 697//697 803//803 807//807 
f 699//699 697//697 807//807 
f 698//698 804//804 697//697 
f 697//697 804//804 803//803 
f 801//801 698//698 695//695 
f 804//804 698//698 801//801 
f 696//696 700//700 802//802 
f 802//802 700//700 808//808 
f 699//699 807//807 701//701 
f 807//807 809//809 701//701 
f 700//700 702//702 808//808 
f 808//808 702//702 810//810 
f 703//703 811//811 813//813 
f 705//705 703//703 813//813 
f 704//704 812//812 703//703 
f 703//703 812//812 811//811 
f 809//809 704//704 701//701 
f 812//812 704//704 809//809 
f 702//702 706//706 810//810 
f 810//810 706//706 814//814 
f 705//705 813//813 707//707 
f 813//813 815//815 707//707 
f 706//706 708//708 814//814 
f 814//814 708//708 816//816 
f 707//707 815//815 709//709 
f 815//815 817//817 709//709 
f 708//708 710//710 816//816 
f 816//816 710//710 818//818 
f 709//709 817//817 711//711 
f 817//817 821//821 711//711 
f 710//710 712//712 818//818 
f 818//818 712//712 822//822 
f 713//713 823//823 827//827 
f 715//715 713//713 827//827 
f 714//714 824//824 713//713 
f 713//713 824//824 823//823 
f 821//821 714//714 711//711 
f 824//824 714//714 821//821 
f 712//712 716//716 822//822 
f 822//822 716//716 828//828 
f 715//715 827//827 717//717 
f 827//827 831//831 717//717 
f 716//716 718//718 828//828 
f 828//828 718//718 832//832 
f 717//717 831//831 719//719 
f 831//831 835//835 719//719 
f 718//718 720//720 832//832 
f 832//832 720//720 836//836 
f 719//719 835//835 721//721 
f 835//835 841//841 721//721 
f 720//720 722//722 836//836 
f 836//836 722//722 842//842 
f 723//723 843//843 851//851 
f 727//727 723//723 851//851 
f 724//724 844//844 723//723 
f 723//723 844//844 843//843 
f 841//841 724//724 721//721 
f 844//844 724//724 841//841 
f 725//725 852//852 845//845 
f 728//728 852//852 725//725 
f 726//726 725//725 846//846 
f 725//725 845//845 846//846 
f 842//842 722//722 726//726 
f 846//846 842//842 726//726 
f 727//727 851//851 729//729 
f 851//851 855//855 729//729 
f 728//728 730//730 852//852 
f 852//852 730//730 856//856 
f 729//729 855//855 731//731 
f 855//855 859//859 731//731 
f 730//730 732//732 856//856 
f 856//856 732//732 860//860 
f 731//731 859//859 733//733 
f 859//859 865//865 733//733 
f 732//732 734//734 860//860 
f 860//860 734//734 866//866 
f 733//733 865//865 737//737 
f 865//865 873//873 737//737 
f 735//735 874//874 867//867 
f 738//738 874//874 735//735 
f 736//736 735//735 868//868 
f 735//735 867//867 868//868 
f 866//866 734//734 736//736 
f 868//868 866//866 736//736 
f 737//737 873//873 739//739 
f 873//873 877//877 739//739 
f 738//738 740//740 874//874 
f 874//874 740//740 878//878 
f 739//739 877//877 879//879 
f 741//741 739//739 879//879 
f 742//742 741//741 880//880 
f 741//741 879//879 880//880 
f 880//880 743//743 742//742 
f 883//883 743//743 880//880 
f 740//740 744//744 878//878 
f 878//878 744//744 884//884 
f 743//743 883//883 745//745 
f 883//883 887//887 745//745 
f 744//744 746//746 884//884 
f 884//884 746//746 888//888 
f 745//745 887//887 749//749 
f 887//887 893//893 749//749 
f 747//747 894//894 889//889 
f 750//750 894//894 747//747 
f 748//748 747//747 890//890 
f 747//747 889//889 890//890 
f 888//888 746//746 748//748 
f 890//890 888//888 748//748 
f 749//749 893//893 751//751 
f 893//893 897//897 751//751 
f 750//750 752//752 894//894 
f 894//894 752//752 898//898 
f 751//751 897//897 753//753 
f 897//897 901//901 753//753 
f 752//752 754//754 898//898 
f 898//898 754//754 902//902 
f 753//753 901//901 755//755 
f 901//901 905//905 755//755 
f 754//754 756//756 902//902 
f 902//902 756//756 906//906 
f 755//755 905//905 907//907 
f 757//757 755//755 907//907 
f 758//758 757//757 908//908 
f 757//757 907//907 908//908 
f 759//759 758//758 909//909 
f 758//758 908//908 909//909 
f 760//760 759//759 910//910 
f 759//759 909//909 910//910 
f 910//910 763//763 760//760 
f 915//915 763//763 910//910 
f 761//761 916//916 911//911 
f 764//764 916//916 761//761 
f 762//762 761//761 912//912 
f 761//761 911//911 912//912 
f 906//906 756//756 762//762 
f 912//912 906//906 762//762 
f 763//763 915//915 917//917 
f 765//765 763//763 917//917 
f 766//766 765//765 918//918 
f 765//765 917//917 918//918 
f 767//767 766//766 919//919 
f 766//766 918//918 919//919 
f 768//768 767//767 920//920 
f 767//767 919//919 920//920 
f 916//916 764//764 768//768 
f 920//920 916//916 768//768 
f 773//773 927//927 935//935 
f 773//773 774//774 928//928 
f 927//927 773//773 928//928 
f 774//774 775//775 929//929 
f 928//928 774//774 929//929 
f 775//775 776//776 930//930 
f 929//929 775//775 930//930 
f 776//776 771//771 769//769 
f 776//776 769//769 930//930 
f 930//930 769//769 931//931 
f 770//770 932//932 769//769 
f 769//769 932//932 931//931 
f 932//932 770//770 772//772 
f 936//936 932//932 772//772 
f 783//783 773//773 935//935 
f 937//937 783//783 935//935 
f 774//774 773//773 784//784 
f 784//784 773//773 783//783 
f 775//775 774//774 785//785 
f 785//785 774//774 784//784 
f 776//776 775//775 786//786 
f 786//786 775//775 785//785 
f 771//771 786//786 777//777 
f 776//776 786//786 771//771 
f 772//772 778//778 936//936 
f 936//936 778//778 938//938 
f 793//793 939//939 943//943 
f 793//793 794//794 940//940 
f 939//939 793//793 940//940 
f 937//937 940//940 794//794 
f 937//937 794//794 783//783 
f 783//783 794//794 795//795 
f 784//784 783//783 796//796 
f 796//796 783//783 795//795 
f 779//779 796//796 787//787 
f 779//779 785//785 796//796 
f 785//785 784//784 796//796 
f 780//780 785//785 779//779 
f 786//786 785//785 780//780 
f 777//777 786//786 780//780 
f 778//778 941//941 938//938 
f 781//781 941//941 778//778 
f 782//782 942//942 781//781 
f 781//781 942//942 941//941 
f 942//942 782//782 788//788 
f 944//944 942//942 788//788 
f 799//799 945//945 949//949 
f 799//799 800//800 946//946 
f 945//945 799//799 946//946 
f 943//943 946//946 800//800 
f 793//793 943//943 800//800 
f 793//793 800//800 797//797 
f 793//793 797//797 789//789 
f 790//790 793//793 789//789 
f 794//794 793//793 790//790 
f 791//791 794//794 790//790 
f 795//795 794//794 791//791 
f 792//792 795//795 791//791 
f 796//796 795//795 792//792 
f 787//787 796//796 792//792 
f 788//788 798//798 944//944 
f 944//944 798//798 950//950 
f 805//805 799//799 949//949 
f 953//953 805//805 949//949 
f 800//800 799//799 806//806 
f 806//806 799//799 805//805 
f 797//797 806//806 801//801 
f 800//800 806//806 797//797 
f 798//798 802//802 950//950 
f 950//950 802//802 954//954 
f 803//803 805//805 953//953 
f 803//803 953//953 807//807 
f 807//807 953//953 957//957 
f 804//804 805//805 803//803 
f 806//806 805//805 804//804 
f 801//801 806//806 804//804 
f 802//802 808//808 954//954 
f 954//954 808//808 958//958 
f 807//807 957//957 809//809 
f 957//957 963//963 809//809 
f 808//808 810//810 958//958 
f 958//958 810//810 964//964 
f 811//811 965//965 971//971 
f 813//813 811//811 971//971 
f 812//812 966//966 811//811 
f 811//811 966//966 965//965 
f 963//963 812//812 809//809 
f 966//966 812//812 963//963 
f 810//810 814//814 964//964 
f 964//964 814//814 972//972 
f 813//813 971//971 815//815 
f 971//971 975//975 815//815 
f 814//814 816//816 972//972 
f 972//972 816//816 976//976 
f 819//819 977//977 981//981 
f 819//819 820//820 978//978 
f 977//977 819//819 978//978 
f 820//820 975//975 978//978 
f 820//820 817//817 975//975 
f 817//817 815//815 975//975 
f 816//816 818//818 976//976 
f 976//976 818//818 982//982 
f 825//825 819//819 981//981 
f 985//985 825//825 981//981 
f 820//820 819//819 826//826 
f 826//826 819//819 825//825 
f 817//817 826//826 821//821 
f 820//820 826//826 817//817 
f 818//818 822//822 982//982 
f 982//982 822//822 986//986 
f 829//829 987//987 991//991 
f 829//829 830//830 988//988 
f 987//987 829//829 988//988 
f 985//985 988//988 830//830 
f 825//825 985//985 830//830 
f 825//825 830//830 827//827 
f 825//825 827//827 823//823 
f 824//824 825//825 823//823 
f 826//826 825//825 824//824 
f 821//821 826//826 824//824 
f 822//822 828//828 986//986 
f 986//986 828//828 992//992 
f 833//833 829//829 991//991 
f 995//995 833//833 991//991 
f 830//830 829//829 834//834 
f 834//834 829//829 833//833 
f 827//827 834//834 831//831 
f 830//830 834//834 827//827 
f 828//828 832//832 992//992 
f 992//992 832//832 996//996 
f 837//837 833//833 995//995 
f 1001//1001 837//837 995//995 
f 834//834 833//833 838//838 
f 838//838 833//833 837//837 
f 831//831 838//838 835//835 
f 834//834 838//838 831//831 
f 839//839 1002//1002 997//997 
f 839//839 998//998 840//840 
f 997//997 998//998 839//839 
f 840//840 998//998 996//996 
f 840//840 996//996 836//836 
f 836//836 996//996 832//832 
f 847//847 837//837 1001//1001 
f 1003//1003 847//847 1001//1001 
f 838//838 837//837 848//848 
f 848//848 837//837 847//847 
f 835//835 848//848 841//841 
f 838//838 848//848 835//835 
f 849//849 1002//1002 839//839 
f 1004//1004 1002//1002 849//849 
f 840//840 850//850 839//839 
f 850//850 849//849 839//839 
f 836//836 842//842 850//850 
f 840//840 836//836 850//850 
f 853//853 1005//1005 1007//1007 
f 853//853 854//854 1006//1006 
f 1005//1005 853//853 1006//1006 
f 1003//1003 1006//1006 854//854 
f 847//847 1003//1003 854//854 
f 847//847 854//854 851//851 
f 847//847 851//851 843//843 
f 844//844 847//847 843//843 
f 848//848 847//847 844//844 
f 841//841 848//848 844//844 
f 845//845 1004//1004 849//849 
f 845//845 852//852 1004//1004 
f 852//852 1008//1008 1004//1004 
f 846//846 845//845 849//849 
f 850//850 846//846 849//849 
f 842//842 846//846 850//850 
f 857//857 853//853 1007//1007 
f 1011//1011 857//857 1007//1007 
f 854//854 853//853 858//858 
f 858//858 853//853 857//857 
f 851//851 858//858 855//855 
f 854//854 858//858 851//851 
f 852//852 856//856 1008//1008 
f 1008//1008 856//856 1012//1012 
f 861//861 857//857 1011//1011 
f 1017//1017 861//861 1011//1011 
f 858//858 857//857 862//862 
f 862//862 857//857 861//861 
f 855//855 862//862 859//859 
f 858//858 862//862 855//855 
f 863//863 1018//1018 1013//1013 
f 863//863 1014//1014 864//864 
f 1013//1013 1014//1014 863//863 
f 864//864 1014//1014 1012//1012 
f 864//864 1012//1012 860//860 
f 860//860 1012//1012 856//856 
f 869//869 861//861 1017//1017 
f 1019//1019 869//869 1017//1017 
f 862//862 861//861 870//870 
f 870//870 861//861 869//869 
f 859//859 870//870 865//865 
f 862//862 870//870 859//859 
f 871//871 1018//1018 863//863 
f 1020//1020 1018//1018 871//871 
f 864//864 872//872 863//863 
f 872//872 871//871 863//863 
f 860//860 866//866 872//872 
f 864//864 860//860 872//872 
f 875//875 869//869 1019//1019 
f 1021//1021 875//875 1019//1019 
f 870//870 869//869 876//876 
f 876//876 869//869 875//875 
f 865//865 876//876 873//873 
f 870//870 876//876 865//865 
f 867//867 1020//1020 871//871 
f 867//867 874//874 1020//1020 
f 874//874 1022//1022 1020//1020 
f 868//868 867//867 871//871 
f 872//872 868//868 871//871 
f 866//866 868//868 872//872 
f 881//881 875//875 1021//1021 
f 1025//1025 881//881 1021//1021 
f 876//876 875//875 882//882 
f 882//882 875//875 881//881 
f 873//873 882//882 877//877 
f 876//876 882//882 873//873 
f 874//874 878//878 1022//1022 
f 1022//1022 878//878 1026//1026 
f 881//881 1025//1025 1027//1027 
f 882//882 881//881 1027//1027 
f 1028//1028 882//882 1027//1027 
f 885//885 1028//1028 1031//1031 
f 879//879 1028//1028 885//885 
f 879//879 882//882 1028//1028 
f 879//879 877//877 882//882 
f 879//879 886//886 880//880 
f 885//885 886//886 879//879 
f 880//880 886//886 883//883 
f 878//878 884//884 1026//1026 
f 1026//1026 884//884 1032//1032 
f 891//891 885//885 1031//1031 
f 1037//1037 891//891 1031//1031 
f 886//886 885//885 892//892 
f 892//892 885//885 891//891 
f 883//883 892//892 887//887 
f 886//886 892//892 883//883 
f 884//884 888//888 1032//1032 
f 1032//1032 888//888 1038//1038 
f 895//895 891//891 1037//1037 
f 1045//1045 895//895 1037//1037 
f 892//892 891//891 896//896 
f 896//896 891//891 895//895 
f 887//887 896//896 893//893 
f 892//892 896//896 887//887 
f 889//889 1046//1046 1039//1039 
f 894//894 1046//1046 889//889 
f 890//890 889//889 1040//1040 
f 889//889 1039//1039 1040//1040 
f 1038//1038 888//888 890//890 
f 1040//1040 1038//1038 890//890 
f 899//899 895//895 1045//1045 
f 1049//1049 899//899 1045//1045 
f 896//896 895//895 900//900 
f 900//900 895//895 899//899 
f 893//893 900//900 897//897 
f 896//896 900//900 893//893 
f 894//894 898//898 1046//1046 
f 1046//1046 898//898 1050//1050 
f 899//899 1049//1049 1051//1051 
f 900//900 899//899 1051//1051 
f 1052//1052 900//900 1051//1051 
f 1052//1052 897//897 900//900 
f 1052//1052 1057//1057 897//897 
f 1057//1057 901//901 897//897 
f 903//903 1058//1058 1053//1053 
f 903//903 1054//1054 904//904 
f 1053//1053 1054//1054 903//903 
f 904//904 1054//1054 1050//1050 
f 904//904 1050//1050 902//902 
f 902//902 1050//1050 898//898 
f 901//901 1057//1057 905//905 
f 1057//1057 1061//1061 905//905 
f 913//913 1058//1058 903//903 
f 1062//1062 1058//1058 913//913 
f 904//904 914//914 903//903 
f 914//914 913//913 903//903 
f 902//902 906//906 914//914 
f 904//904 902//902 914//914 
f 921//921 907//907 905//905 
f 921//921 905//905 1065//1065 
f 1065//1065 905//905 1061//1061 
f 907//907 922//922 908//908 
f 921//921 922//922 907//907 
f 908//908 923//923 909//909 
f 922//922 923//923 908//908 
f 909//909 924//924 910//910 
f 923//923 924//924 909//909 
f 910//910 924//924 915//915 
f 911//911 1062//1062 913//913 
f 911//911 916//916 1062//1062 
f 916//916 1066//1066 1062//1062 
f 912//912 911//911 913//913 
f 914//914 912//912 913//913 
f 906//906 912//912 914//914 
f 921//921 1065//1065 1067//1067 
f 922//922 921//921 1067//1067 
f 1068//1068 922//922 1067//1067 
f 923//923 922//922 1068//1068 
f 1069//1069 923//923 1068//1068 
f 924//924 923//923 1069//1069 
f 1070//1070 924//924 1069//1069 
f 915//915 924//924 1070//1070 
f 915//915 1070//1070 917//917 
f 917//917 1070//1070 1071//1071 
f 918//918 917//917 1072//1072 
f 917//917 1071//1071 1072//1072 
f 919//919 918//918 1073//1073 
f 918//918 1072//1072 1073//1073 
f 920//920 919//919 1074//1074 
f 919//919 1073//1073 1074//1074 
f 1066//1066 916//916 920//920 
f 1074//1074 1066//1066 920//920 
f 925//925 1083//1083 1085//1085 
f 925//925 926//926 1084//1084 
f 1083//1083 925//925 1084//1084 
f 1084//1084 926//926 1086//1086 
f 933//933 925//925 1085//1085 
f 1089//1089 933//933 1085//1085 
f 926//926 925//925 934//934 
f 934//934 925//925 933//933 
f 1090//1090 1086//1086 926//926 
f 934//934 1090//1090 926//926 
f 927//927 1091//1091 1097//1097 
f 935//935 927//927 1097//1097 
f 928//928 1092//1092 927//927 
f 927//927 1092//1092 1091//1091 
f 1089//1089 929//929 933//933 
f 1089//1089 1092//1092 929//929 
f 1092//1092 928//928 929//929 
f 930//930 933//933 929//929 
f 934//934 933//933 930//930 
f 934//934 1093//1093 1090//1090 
f 934//934 930//930 1093//1093 
f 930//930 931//931 1093//1093 
f 932//932 1094//1094 931//931 
f 931//931 1094//1094 1093//1093 
f 1094//1094 932//932 936//936 
f 1098//1098 1094//1094 936//936 
f 935//935 1097//1097 937//937 
f 1097//1097 1099//1099 937//937 
f 936//936 938//938 1098//1098 
f 1098//1098 938//938 1100//1100 
f 939//939 1101//1101 1103//1103 
f 943//943 939//939 1103//1103 
f 940//940 1102//1102 939//939 
f 939//939 1102//1102 1101//1101 
f 1099//1099 940//940 937//937 
f 1102//1102 940//940 1099//1099 
f 947//947 938//938 941//941 
f 947//947 1104//1104 938//938 
f 1104//1104 1100//1100 938//938 
f 941//941 942//942 948//948 
f 947//947 941//941 948//948 
f 942//942 944//944 948//948 
f 945//945 1105//1105 1107//1107 
f 949//949 945//945 1107//1107 
f 946//946 1106//1106 945//945 
f 945//945 1106//1106 1105//1105 
f 1103//1103 946//946 943//943 
f 1106//1106 946//946 1103//1103 
f 951//951 1104//1104 947//947 
f 1108//1108 1104//1104 951//951 
f 948//948 952//952 947//947 
f 952//952 951//951 947//947 
f 944//944 950//950 952//952 
f 948//948 944//944 952//952 
f 949//949 1107//1107 953//953 
f 1107//1107 1109//1109 953//953 
f 955//955 1108//1108 951//951 
f 1110//1110 1108//1108 955//955 
f 952//952 956//956 951//951 
f 956//956 955//955 951//951 
f 950//950 954//954 956//956 
f 952//952 950//950 956//956 
f 959//959 1111//1111 1113//1113 
f 959//959 960//960 1112//1112 
f 1111//1111 959//959 1112//1112 
f 960//960 1109//1109 1112//1112 
f 960//960 957//957 1109//1109 
f 957//957 953//953 1109//1109 
f 961//961 1110//1110 955//955 
f 1114//1114 1110//1110 961//961 
f 956//956 962//962 955//955 
f 962//962 961//961 955//955 
f 954//954 958//958 962//962 
f 956//956 954//954 962//962 
f 967//967 959//959 1113//1113 
f 1115//1115 967//967 1113//1113 
f 960//960 959//959 968//968 
f 968//968 959//959 967//967 
f 957//957 968//968 963//963 
f 960//960 968//968 957//957 
f 969//969 1114//1114 961//961 
f 1116//1116 1114//1114 969//969 
f 962//962 970//970 961//961 
f 970//970 969//969 961//961 
f 958//958 964//964 970//970 
f 962//962 958//958 970//970 
f 965//965 967//967 1115//1115 
f 965//965 1115//1115 971//971 
f 971//971 1115//1115 1117//1117 
f 966//966 967//967 965//965 
f 968//968 967//967 966//966 
f 963//963 968//968 966//966 
f 973//973 1116//1116 969//969 
f 1118//1118 1116//1116 973//973 
f 970//970 974//974 969//969 
f 974//974 973//973 969//969 
f 964//964 972//972 974//974 
f 970//970 964//964 974//974 
f 971//971 1117//1117 975//975 
f 1117//1117 1121//1121 975//975 
f 979//979 1118//1118 973//973 
f 1122//1122 1118//1118 979//979 
f 974//974 980//980 973//973 
f 980//980 979//979 973//973 
f 972//972 976//976 980//980 
f 974//974 972//972 980//980 
f 977//977 1123//1123 1127//1127 
f 981//981 977//977 1127//1127 
f 978//978 1124//1124 977//977 
f 977//977 1124//1124 1123//1123 
f 1121//1121 978//978 975//975 
f 1124//1124 978//978 1121//1121 
f 983//983 1122//1122 979//979 
f 1128//1128 1122//1122 983//983 
f 980//980 984//984 979//979 
f 984//984 983//983 979//979 
f 976//976 982//982 984//984 
f 980//980 976//976 984//984 
f 981//981 1127//1127 985//985 
f 1127//1127 1129//1129 985//985 
f 989//989 1128//1128 983//983 
f 1130//1130 1128//1128 989//989 
f 984//984 990//990 983//983 
f 990//990 989//989 983//983 
f 982//982 986//986 990//990 
f 984//984 982//982 990//990 
f 987//987 1131//1131 1133//1133 
f 991//991 987//987 1133//1133 
f 988//988 1132//1132 987//987 
f 987//987 1132//1132 1131//1131 
f 1129//1129 988//988 985//985 
f 1132//1132 988//988 1129//1129 
f 993//993 1130//1130 989//989 
f 1134//1134 1130//1130 993//993 
f 990//990 994//994 989//989 
f 994//994 993//993 989//989 
f 986//986 992//992 994//994 
f 990//990 986//986 994//994 
f 991//991 1133//1133 995//995 
f 1133//1133 1135//1135 995//995 
f 999//999 1134//1134 993//993 
f 1136//1136 1134//1134 999//999 
f 994//994 1000//1000 993//993 
f 1000//1000 999//999 993//993 
f 992//992 996//996 1000//1000 
f 994//994 992//992 1000//1000 
f 995//995 1135//1135 1001//1001 
f 1135//1135 1137//1137 1001//1001 
f 997//997 1136//1136 999//999 
f 997//997 1002//1002 1136//1136 
f 1002//1002 1138//1138 1136//1136 
f 998//998 997//997 999//999 
f 1000//1000 998//998 999//999 
f 996//996 998//998 1000//1000 
f 1001//1001 1137//1137 1003//1003 
f 1137//1137 1143//1143 1003//1003 
f 1002//1002 1004//1004 1138//1138 
f 1138//1138 1004//1004 1144//1144 
f 1005//1005 1145//1145 1153//1153 
f 1007//1007 1005//1005 1153//1153 
f 1006//1006 1146//1146 1005//1005 
f 1005//1005 1146//1146 1145//1145 
f 1143//1143 1006//1006 1003//1003 
f 1146//1146 1006//1006 1143//1143 
f 1009//1009 1154//1154 1147//1147 
f 1009//1009 1148//1148 1010//1010 
f 1147//1147 1148//1148 1009//1009 
f 1010//1010 1148//1148 1144//1144 
f 1010//1010 1144//1144 1008//1008 
f 1008//1008 1144//1144 1004//1004 
f 1007//1007 1153//1153 1011//1011 
f 1153//1153 1155//1155 1011//1011 
f 1015//1015 1154//1154 1009//1009 
f 1156//1156 1154//1154 1015//1015 
f 1010//1010 1016//1016 1009//1009 
f 1016//1016 1015//1015 1009//1009 
f 1008//1008 1012//1012 1016//1016 
f 1010//1010 1008//1008 1016//1016 
f 1011//1011 1155//1155 1017//1017 
f 1155//1155 1157//1157 1017//1017 
f 1013//1013 1156//1156 1015//1015 
f 1013//1013 1018//1018 1156//1156 
f 1018//1018 1158//1158 1156//1156 
f 1014//1014 1013//1013 1015//1015 
f 1016//1016 1014//1014 1015//1015 
f 1012//1012 1014//1014 1016//1016 
f 1017//1017 1157//1157 1019//1019 
f 1157//1157 1161//1161 1019//1019 
f 1018//1018 1020//1020 1158//1158 
f 1158//1158 1020//1020 1162//1162 
f 1019//1019 1161//1161 1021//1021 
f 1161//1161 1167//1167 1021//1021 
f 1023//1023 1168//1168 1163//1163 
f 1023//1023 1164//1164 1024//1024 
f 1163//1163 1164//1164 1023//1023 
f 1024//1024 1164//1164 1162//1162 
f 1024//1024 1162//1162 1022//1022 
f 1022//1022 1162//1162 1020//1020 
f 1021//1021 1167//1167 1025//1025 
f 1167//1167 1171//1171 1025//1025 
f 1029//1029 1168//1168 1023//1023 
f 1172//1172 1168//1168 1029//1029 
f 1024//1024 1030//1030 1023//1023 
f 1030//1030 1029//1029 1023//1023 
f 1022//1022 1026//1026 1030//1030 
f 1024//1024 1022//1022 1030//1030 
f 1033//1033 1027//1027 1025//1025 
f 1033//1033 1025//1025 1175//1175 
f 1175//1175 1025//1025 1171//1171 
f 1027//1027 1034//1034 1028//1028 
f 1033//1033 1034//1034 1027//1027 
f 1028//1028 1034//1034 1031//1031 
f 1035//1035 1172//1172 1029//1029 
f 1176//1176 1172//1172 1035//1035 
f 1030//1030 1036//1036 1029//1029 
f 1036//1036 1035//1035 1029//1029 
f 1026//1026 1032//1032 1036//1036 
f 1030//1030 1026//1026 1036//1036 
f 1041//1041 1033//1033 1175//1175 
f 1179//1179 1041//1041 1175//1175 
f 1034//1034 1033//1033 1042//1042 
f 1042//1042 1033//1033 1041//1041 
f 1031//1031 1042//1042 1037//1037 
f 1034//1034 1042//1042 1031//1031 
f 1043//1043 1176//1176 1035//1035 
f 1180//1180 1176//1176 1043//1043 
f 1036//1036 1044//1044 1035//1035 
f 1044//1044 1043//1043 1035//1035 
f 1032//1032 1038//1038 1044//1044 
f 1036//1036 1032//1032 1044//1044 
f 1047//1047 1041//1041 1179//1179 
f 1183//1183 1047//1047 1179//1179 
f 1042//1042 1041//1041 1048//1048 
f 1048//1048 1041//1041 1047//1047 
f 1037//1037 1048//1048 1045//1045 
f 1042//1042 1048//1048 1037//1037 
f 1039//1039 1180//1180 1043//1043 
f 1039//1039 1046//1046 1180//1180 
f 1046//1046 1184//1184 1180//1180 
f 1040//1040 1039//1039 1043//1043 
f 1044//1044 1040//1040 1043//1043 
f 1038//1038 1040//1040 1044//1044 
f 1055//1055 1047//1047 1183//1183 
f 1187//1187 1055//1055 1183//1183 
f 1048//1048 1047//1047 1056//1056 
f 1056//1056 1047//1047 1055//1055 
f 1045//1045 1056//1056 1049//1049 
f 1048//1048 1056//1056 1045//1045 
f 1046//1046 1050//1050 1184//1184 
f 1184//1184 1050//1050 1188//1188 
f 1055//1055 1187//1187 1189//1189 
f 1056//1056 1055//1055 1189//1189 
f 1190//1190 1056//1056 1189//1189 
f 1059//1059 1190//1190 1195//1195 
f 1051//1051 1190//1190 1059//1059 
f 1051//1051 1056//1056 1190//1190 
f 1051//1051 1049//1049 1056//1056 
f 1051//1051 1060//1060 1052//1052 
f 1059//1059 1060//1060 1051//1051 
f 1052//1052 1060//1060 1057//1057 
f 1053//1053 1196//1196 1191//1191 
f 1058//1058 1196//1196 1053//1053 
f 1054//1054 1053//1053 1192//1192 
f 1053//1053 1191//1191 1192//1192 
f 1188//1188 1050//1050 1054//1054 
f 1192//1192 1188//1188 1054//1054 
f 1063//1063 1059//1059 1195//1195 
f 1199//1199 1063//1063 1195//1195 
f 1060//1060 1059//1059 1064//1064 
f 1064//1064 1059//1059 1063//1063 
f 1057//1057 1064//1064 1061//1061 
f 1060//1060 1064//1064 1057//1057 
f 1058//1058 1062//1062 1196//1196 
f 1196//1196 1062//1062 1200//1200 
f 1075//1075 1063//1063 1199//1199 
f 1205//1205 1075//1075 1199//1199 
f 1064//1064 1063//1063 1076//1076 
f 1076//1076 1063//1063 1075//1075 
f 1061//1061 1076//1076 1065//1065 
f 1064//1064 1076//1076 1061//1061 
f 1077//1077 1206//1206 1201//1201 
f 1077//1077 1202//1202 1078//1078 
f 1201//1201 1202//1202 1077//1077 
f 1078//1078 1202//1202 1200//1200 
f 1078//1078 1200//1200 1066//1066 
f 1066//1066 1200//1200 1062//1062 
f 1075//1075 1205//1205 1207//1207 
f 1076//1076 1075//1075 1207//1207 
f 1208//1208 1076//1076 1207//1207 
f 1065//1065 1076//1076 1208//1208 
f 1065//1065 1208//1208 1067//1067 
f 1067//1067 1208//1208 1209//1209 
f 1068//1068 1067//1067 1210//1210 
f 1067//1067 1209//1209 1210//1210 
f 1079//1079 1210//1210 1215//1215 
f 1079//1079 1069//1069 1210//1210 
f 1069//1069 1068//1068 1210//1210 
f 1069//1069 1080//1080 1070//1070 
f 1079//1079 1080//1080 1069//1069 
f 1216//1216 1070//1070 1080//1080 
f 1216//1216 1211//1211 1070//1070 
f 1211//1211 1071//1071 1070//1070 
f 1072//1072 1071//1071 1212//1212 
f 1071//1071 1211//1211 1212//1212 
f 1206//1206 1077//1077 1073//1073 
f 1206//1206 1073//1073 1212//1212 
f 1212//1212 1073//1073 1072//1072 
f 1074//1074 1073//1073 1077//1077 
f 1078//1078 1074//1074 1077//1077 
f 1066//1066 1074//1074 1078//1078 
f 1081//1081 1079//1079 1215//1215 
f 1221//1221 1081//1081 1215//1215 
f 1080//1080 1079//1079 1082//1082 
f 1082//1082 1079//1079 1081//1081 
f 1222//1222 1216//1216 1080//1080 
f 1082//1082 1222//1222 1080//1080 
f 1081//1081 1221//1221 1223//1223 
f 1082//1082 1081//1081 1223//1223 
f 1224//1224 1082//1082 1223//1223 
f 1222//1222 1082//1082 1224//1224 
f 1083//1083 1087//1087 1085//1085 
f 1083//1083 1084//1084 1088//1088 
f 1087//1087 1083//1083 1088//1088 
f 1084//1084 1086//1086 1088//1088 
f 1087//1087 1095//1095 1089//1089 
f 1085//1085 1087//1087 1089//1089 
f 1088//1088 1096//1096 1087//1087 
f 1096//1096 1095//1095 1087//1087 
f 1086//1086 1090//1090 1096//1096 
f 1088//1088 1086//1086 1096//1096 
f 1091//1091 1229//1229 1235//1235 
f 1097//1097 1091//1091 1235//1235 
f 1092//1092 1230//1230 1091//1091 
f 1091//1091 1230//1230 1229//1229 
f 1095//1095 1092//1092 1089//1089 
f 1095//1095 1231//1231 1092//1092 
f 1231//1231 1230//1230 1092//1092 
f 1096//1096 1231//1231 1095//1095 
f 1232//1232 1231//1231 1096//1096 
f 1090//1090 1232//1232 1096//1096 
f 1090//1090 1093//1093 1232//1232 
f 1093//1093 1233//1233 1232//1232 
f 1094//1094 1234//1234 1093//1093 
f 1093//1093 1234//1234 1233//1233 
f 1234//1234 1094//1094 1098//1098 
f 1236//1236 1234//1234 1098//1098 
f 1097//1097 1235//1235 1099//1099 
f 1235//1235 1239//1239 1099//1099 
f 1098//1098 1100//1100 1236//1236 
f 1236//1236 1100//1100 1240//1240 
f 1101//1101 1241//1241 1245//1245 
f 1103//1103 1101//1101 1245//1245 
f 1102//1102 1242//1242 1101//1101 
f 1101//1101 1242//1242 1241//1241 
f 1239//1239 1102//1102 1099//1099 
f 1242//1242 1102//1102 1239//1239 
f 1100//1100 1104//1104 1240//1240 
f 1240//1240 1104//1104 1246//1246 
f 1105//1105 1247//1247 1251//1251 
f 1107//1107 1105//1105 1251//1251 
f 1106//1106 1248//1248 1105//1105 
f 1105//1105 1248//1248 1247//1247 
f 1245//1245 1106//1106 1103//1103 
f 1248//1248 1106//1106 1245//1245 
f 1104//1104 1108//1108 1246//1246 
f 1246//1246 1108//1108 1252//1252 
f 1107//1107 1251//1251 1109//1109 
f 1251//1251 1253//1253 1109//1109 
f 1108//1108 1110//1110 1252//1252 
f 1252//1252 1110//1110 1254//1254 
f 1111//1111 1255//1255 1257//1257 
f 1113//1113 1111//1111 1257//1257 
f 1112//1112 1256//1256 1111//1111 
f 1111//1111 1256//1256 1255//1255 
f 1253//1253 1112//1112 1109//1109 
f 1256//1256 1112//1112 1253//1253 
f 1110//1110 1114//1114 1254//1254 
f 1254//1254 1114//1114 1258//1258 
f 1113//1113 1257//1257 1115//1115 
f 1257//1257 1259//1259 1115//1115 
f 1114//1114 1116//1116 1258//1258 
f 1258//1258 1116//1116 1260//1260 
f 1119//1119 1261//1261 1263//1263 
f 1119//1119 1120//1120 1262//1262 
f 1261//1261 1119//1119 1262//1262 
f 1120//1120 1259//1259 1262//1262 
f 1120//1120 1117//1117 1259//1259 
f 1117//1117 1115//1115 1259//1259 
f 1116//1116 1118//1118 1260//1260 
f 1260//1260 1118//1118 1264//1264 
f 1125//1125 1119//1119 1263//1263 
f 1265//1265 1125//1125 1263//1263 
f 1120//1120 1119//1119 1126//1126 
f 1126//1126 1119//1119 1125//1125 
f 1117//1117 1126//1126 1121//1121 
f 1120//1120 1126//1126 1117//1117 
f 1118//1118 1122//1122 1264//1264 
f 1264//1264 1122//1122 1266//1266 
f 1123//1123 1125//1125 1265//1265 
f 1123//1123 1265//1265 1127//1127 
f 1127//1127 1265//1265 1267//1267 
f 1124//1124 1125//1125 1123//1123 
f 1126//1126 1125//1125 1124//1124 
f 1121//1121 1126//1126 1124//1124 
f 1122//1122 1128//1128 1266//1266 
f 1266//1266 1128//1128 1268//1268 
f 1127//1127 1267//1267 1129//1129 
f 1267//1267 1271//1271 1129//1129 
f 1128//1128 1130//1130 1268//1268 
f 1268//1268 1130//1130 1272//1272 
f 1131//1131 1273//1273 1277//1277 
f 1133//1133 1131//1131 1277//1277 
f 1132//1132 1274//1274 1131//1131 
f 1131//1131 1274//1274 1273//1273 
f 1271//1271 1132//1132 1129//1129 
f 1274//1274 1132//1132 1271//1271 
f 1130//1130 1134//1134 1272//1272 
f 1272//1272 1134//1134 1278//1278 
f 1133//1133 1277//1277 1135//1135 
f 1277//1277 1281//1281 1135//1135 
f 1134//1134 1136//1136 1278//1278 
f 1278//1278 1136//1136 1282//1282 
f 1139//1139 1283//1283 1289//1289 
f 1139//1139 1140//1140 1284//1284 
f 1283//1283 1139//1139 1284//1284 
f 1140//1140 1281//1281 1284//1284 
f 1140//1140 1137//1137 1281//1281 
f 1137//1137 1135//1135 1281//1281 
f 1141//1141 1290//1290 1285//1285 
f 1141//1141 1286//1286 1142//1142 
f 1285//1285 1286//1286 1141//1141 
f 1142//1142 1286//1286 1282//1282 
f 1142//1142 1282//1282 1138//1138 
f 1138//1138 1282//1282 1136//1136 
f 1149//1149 1139//1139 1289//1289 
f 1291//1291 1149//1149 1289//1289 
f 1140//1140 1139//1139 1150//1150 
f 1150//1150 1139//1139 1149//1149 
f 1137//1137 1150//1150 1143//1143 
f 1140//1140 1150//1150 1137//1137 
f 1151//1151 1290//1290 1141//1141 
f 1292//1292 1290//1290 1151//1151 
f 1142//1142 1152//1152 1141//1141 
f 1152//1152 1151//1151 1141//1141 
f 1138//1138 1144//1144 1152//1152 
f 1142//1142 1138//1138 1152//1152 
f 1145//1145 1149//1149 1291//1291 
f 1145//1145 1291//1291 1153//1153 
f 1153//1153 1291//1291 1293//1293 
f 1146//1146 1149//1149 1145//1145 
f 1150//1150 1149//1149 1146//1146 
f 1143//1143 1150//1150 1146//1146 
f 1147//1147 1292//1292 1151//1151 
f 1147//1147 1154//1154 1292//1292 
f 1154//1154 1294//1294 1292//1292 
f 1148//1148 1147//1147 1151//1151 
f 1152//1152 1148//1148 1151//1151 
f 1144//1144 1148//1148 1152//1152 
f 1153//1153 1293//1293 1155//1155 
f 1293//1293 1297//1297 1155//1155 
f 1154//1154 1156//1156 1294//1294 
f 1294//1294 1156//1156 1298//1298 
f 1155//1155 1297//1297 1157//1157 
f 1297//1297 1303//1303 1157//1157 
f 1159//1159 1304//1304 1299//1299 
f 1159//1159 1300//1300 1160//1160 
f 1299//1299 1300//1300 1159//1159 
f 1160//1160 1300//1300 1298//1298 
f 1160//1160 1298//1298 1158//1158 
f 1158//1158 1298//1298 1156//1156 
f 1157//1157 1303//1303 1161//1161 
f 1303//1303 1307//1307 1161//1161 
f 1165//1165 1304//1304 1159//1159 
f 1308//1308 1304//1304 1165//1165 
f 1160//1160 1166//1166 1159//1159 
f 1166//1166 1165//1165 1159//1159 
f 1158//1158 1162//1162 1166//1166 
f 1160//1160 1158//1158 1166//1166 
f 1169//1169 1309//1309 1313//1313 
f 1169//1169 1170//1170 1310//1310 
f 1309//1309 1169//1169 1310//1310 
f 1170//1170 1307//1307 1310//1310 
f 1170//1170 1167//1167 1307//1307 
f 1167//1167 1161//1161 1307//1307 
f 1163//1163 1308//1308 1165//1165 
f 1163//1163 1168//1168 1308//1308 
f 1168//1168 1314//1314 1308//1308 
f 1164//1164 1163//1163 1165//1165 
f 1166//1166 1164//1164 1165//1165 
f 1162//1162 1164//1164 1166//1166 
f 1173//1173 1169//1169 1313//1313 
f 1315//1315 1173//1173 1313//1313 
f 1170//1170 1169//1169 1174//1174 
f 1174//1174 1169//1169 1173//1173 
f 1167//1167 1174//1174 1171//1171 
f 1170//1170 1174//1174 1167//1167 
f 1168//1168 1172//1172 1314//1314 
f 1314//1314 1172//1172 1316//1316 
f 1177//1177 1173//1173 1315//1315 
f 1317//1317 1177//1177 1315//1315 
f 1174//1174 1173//1173 1178//1178 
f 1178//1178 1173//1173 1177//1177 
f 1171//1171 1178//1178 1175//1175 
f 1174//1174 1178//1178 1171//1171 
f 1172//1172 1176//1176 1316//1316 
f 1316//1316 1176//1176 1318//1318 
f 1181//1181 1177//1177 1317//1317 
f 1321//1321 1181//1181 1317//1317 
f 1178//1178 1177//1177 1182//1182 
f 1182//1182 1177//1177 1181//1181 
f 1175//1175 1182//1182 1179//1179 
f 1178//1178 1182//1182 1175//1175 
f 1176//1176 1180//1180 1318//1318 
f 1318//1318 1180//1180 1322//1322 
f 1181//1181 1321//1321 1323//1323 
f 1182//1182 1181//1181 1323//1323 
f 1324//1324 1182//1182 1323//1323 
f 1324//1324 1179//1179 1182//1182 
f 1324//1324 1329//1329 1179//1179 
f 1329//1329 1183//1183 1179//1179 
f 1185//1185 1330//1330 1325//1325 
f 1185//1185 1326//1326 1186//1186 
f 1325//1325 1326//1326 1185//1185 
f 1186//1186 1326//1326 1322//1322 
f 1186//1186 1322//1322 1184//1184 
f 1184//1184 1322//1322 1180//1180 
f 1183//1183 1329//1329 1187//1187 
f 1329//1329 1333//1333 1187//1187 
f 1193//1193 1330//1330 1185//1185 
f 1334//1334 1330//1330 1193//1193 
f 1186//1186 1194//1194 1185//1185 
f 1194//1194 1193//1193 1185//1185 
f 1184//1184 1188//1188 1194//1194 
f 1186//1186 1184//1184 1194//1194 
f 1197//1197 1189//1189 1187//1187 
f 1197//1197 1187//1187 1337//1337 
f 1337//1337 1187//1187 1333//1333 
f 1189//1189 1198//1198 1190//1190 
f 1197//1197 1198//1198 1189//1189 
f 1190//1190 1198//1198 1195//1195 
f 1191//1191 1334//1334 1193//1193 
f 1191//1191 1196//1196 1334//1334 
f 1196//1196 1338//1338 1334//1334 
f 1192//1192 1191//1191 1193//1193 
f 1194//1194 1192//1192 1193//1193 
f 1188//1188 1192//1192 1194//1194 
f 1203//1203 1197//1197 1337//1337 
f 1343//1343 1203//1203 1337//1337 
f 1198//1198 1197//1197 1204//1204 
f 1204//1204 1197//1197 1203//1203 
f 1195//1195 1204//1204 1199//1199 
f 1198//1198 1204//1204 1195//1195 
f 1196//1196 1200//1200 1338//1338 
f 1338//1338 1200//1200 1344//1344 
f 1213//1213 1203//1203 1343//1343 
f 1351//1351 1213//1213 1343//1343 
f 1204//1204 1203//1203 1214//1214 
f 1214//1214 1203//1203 1213//1213 
f 1199//1199 1214//1214 1205//1205 
f 1204//1204 1214//1214 1199//1199 
f 1201//1201 1352//1352 1345//1345 
f 1206//1206 1352//1352 1201//1201 
f 1202//1202 1201//1201 1346//1346 
f 1201//1201 1345//1345 1346//1346 
f 1344//1344 1200//1200 1202//1202 
f 1346//1346 1344//1344 1202//1202 
f 1213//1213 1351//1351 1353//1353 
f 1214//1214 1213//1213 1353//1353 
f 1354//1354 1214//1214 1353//1353 
f 1217//1217 1354//1354 1359//1359 
f 1207//1207 1354//1354 1217//1217 
f 1207//1207 1214//1214 1354//1354 
f 1207//1207 1205//1205 1214//1214 
f 1207//1207 1218//1218 1208//1208 
f 1217//1217 1218//1218 1207//1207 
f 1208//1208 1219//1219 1209//1209 
f 1218//1218 1219//1219 1208//1208 
f 1209//1209 1220//1220 1210//1210 
f 1219//1219 1220//1220 1209//1209 
f 1210//1210 1220//1220 1215//1215 
f 1211//1211 1360//1360 1355//1355 
f 1216//1216 1360//1360 1211//1211 
f 1212//1212 1211//1211 1356//1356 
f 1211//1211 1355//1355 1356//1356 
f 1352//1352 1206//1206 1212//1212 
f 1356//1356 1352//1352 1212//1212 
f 1225//1225 1217//1217 1359//1359 
f 1363//1363 1225//1225 1359//1359 
f 1218//1218 1217//1217 1226//1226 
f 1226//1226 1217//1217 1225//1225 
f 1219//1219 1218//1218 1227//1227 
f 1227//1227 1218//1218 1226//1226 
f 1220//1220 1219//1219 1228//1228 
f 1228//1228 1219//1219 1227//1227 
f 1215//1215 1228//1228 1221//1221 
f 1220//1220 1228//1228 1215//1215 
f 1216//1216 1222//1222 1360//1360 
f 1360//1360 1222//1222 1364//1364 
f 1225//1225 1363//1363 1365//1365 
f 1226//1226 1225//1225 1365//1365 
f 1366//1366 1226//1226 1365//1365 
f 1227//1227 1226//1226 1366//1366 
f 1367//1367 1227//1227 1366//1366 
f 1228//1228 1227//1227 1367//1367 
f 1368//1368 1228//1228 1367//1367 
f 1221//1221 1228//1228 1368//1368 
f 1221//1221 1368//1368 1223//1223 
f 1223//1223 1368//1368 1369//1369 
f 1224//1224 1223//1223 1370//1370 
f 1223//1223 1369//1369 1370//1370 
f 1364//1364 1222//1222 1224//1224 
f 1370//1370 1364//1364 1224//1224 
f 1229//1229 1385//1385 1389//1389 
f 1235//1235 1229//1229 1389//1389 
f 1230//1230 1386//1386 1229//1229 
f 1229//1229 1386//1386 1385//1385 
f 1231//1231 1387//1387 1230//1230 
f 1230//1230 1387//1387 1386//1386 
f 1232//1232 1388//1388 1231//1231 
f 1231//1231 1388//1388 1387//1387 
f 1237//1237 1390//1390 1388//1388 
f 1237//1237 1388//1388 1233//1233 
f 1233//1233 1388//1388 1232//1232 
f 1233//1233 1234//1234 1238//1238 
f 1237//1237 1233//1233 1238//1238 
f 1234//1234 1236//1236 1238//1238 
f 1235//1235 1389//1389 1239//1239 
f 1389//1389 1395//1395 1239//1239 
f 1243//1243 1390//1390 1237//1237 
f 1396//1396 1390//1390 1243//1243 
f 1238//1238 1244//1244 1237//1237 
f 1244//1244 1243//1243 1237//1237 
f 1236//1236 1240//1240 1244//1244 
f 1238//1238 1236//1236 1244//1244 
f 1249//1249 1397//1397 1407//1407 
f 1249//1249 1250//1250 1398//1398 
f 1397//1397 1249//1249 1398//1398 
f 1250//1250 1245//1245 1241//1241 
f 1250//1250 1241//1241 1398//1398 
f 1398//1398 1241//1241 1399//1399 
f 1242//1242 1400//1400 1241//1241 
f 1241//1241 1400//1400 1399//1399 
f 1395//1395 1242//1242 1239//1239 
f 1400//1400 1242//1242 1395//1395 
f 1243//1243 1401//1401 1396//1396 
f 1244//1244 1401//1401 1243//1243 
f 1402//1402 1401//1401 1244//1244 
f 1402//1402 1244//1244 1240//1240 
f 1402//1402 1240//1240 1408//1408 
f 1408//1408 1240//1240 1246//1246 
f 1247//1247 1249//1249 1407//1407 
f 1247//1247 1407//1407 1251//1251 
f 1251//1251 1407//1407 1413//1413 
f 1248//1248 1249//1249 1247//1247 
f 1250//1250 1249//1249 1248//1248 
f 1245//1245 1250//1250 1248//1248 
f 1246//1246 1252//1252 1408//1408 
f 1408//1408 1252//1252 1414//1414 
f 1251//1251 1413//1413 1253//1253 
f 1413//1413 1417//1417 1253//1253 
f 1252//1252 1254//1254 1414//1414 
f 1414//1414 1254//1254 1418//1418 
f 1255//1255 1419//1419 1423//1423 
f 1257//1257 1255//1255 1423//1423 
f 1256//1256 1420//1420 1255//1255 
f 1255//1255 1420//1420 1419//1419 
f 1417//1417 1256//1256 1253//1253 
f 1420//1420 1256//1256 1417//1417 
f 1254//1254 1258//1258 1418//1418 
f 1418//1418 1258//1258 1424//1424 
f 1257//1257 1423//1423 1259//1259 
f 1423//1423 1427//1427 1259//1259 
f 1258//1258 1260//1260 1424//1424 
f 1424//1424 1260//1260 1428//1428 
f 1261//1261 1429//1429 1433//1433 
f 1263//1263 1261//1261 1433//1433 
f 1262//1262 1430//1430 1261//1261 
f 1261//1261 1430//1430 1429//1429 
f 1427//1427 1262//1262 1259//1259 
f 1430//1430 1262//1262 1427//1427 
f 1260//1260 1264//1264 1428//1428 
f 1428//1428 1264//1264 1434//1434 
f 1263//1263 1433//1433 1265//1265 
f 1433//1433 1439//1439 1265//1265 
f 1264//1264 1266//1266 1434//1434 
f 1434//1434 1266//1266 1440//1440 
f 1265//1265 1439//1439 1267//1267 
f 1439//1439 1447//1447 1267//1267 
f 1269//1269 1448//1448 1441//1441 
f 1269//1269 1442//1442 1270//1270 
f 1441//1441 1442//1442 1269//1269 
f 1270//1270 1442//1442 1440//1440 
f 1270//1270 1440//1440 1268//1268 
f 1268//1268 1440//1440 1266//1266 
f 1267//1267 1447//1447 1271//1271 
f 1447//1447 1449//1449 1271//1271 
f 1275//1275 1448//1448 1269//1269 
f 1450//1450 1448//1448 1275//1275 
f 1270//1270 1276//1276 1269//1269 
f 1276//1276 1275//1275 1269//1269 
f 1268//1268 1272//1272 1276//1276 
f 1270//1270 1268//1268 1276//1276 
f 1273//1273 1451//1451 1453//1453 
f 1277//1277 1273//1273 1453//1453 
f 1274//1274 1452//1452 1273//1273 
f 1273//1273 1452//1452 1451//1451 
f 1449//1449 1274//1274 1271//1271 
f 1452//1452 1274//1274 1449//1449 
f 1279//1279 1450//1450 1275//1275 
f 1454//1454 1450//1450 1279//1279 
f 1276//1276 1280//1280 1275//1275 
f 1280//1280 1279//1279 1275//1275 
f 1272//1272 1278//1278 1280//1280 
f 1276//1276 1272//1272 1280//1280 
f 1277//1277 1453//1453 1281//1281 
f 1453//1453 1455//1455 1281//1281 
f 1287//1287 1454//1454 1279//1279 
f 1456//1456 1454//1454 1287//1287 
f 1280//1280 1288//1288 1279//1279 
f 1288//1288 1287//1287 1279//1279 
f 1278//1278 1282//1282 1288//1288 
f 1280//1280 1278//1278 1288//1288 
f 1283//1283 1457//1457 1459//1459 
f 1289//1289 1283//1283 1459//1459 
f 1284//1284 1458//1458 1283//1283 
f 1283//1283 1458//1458 1457//1457 
f 1455//1455 1284//1284 1281//1281 
f 1458//1458 1284//1284 1455//1455 
f 1285//1285 1456//1456 1287//1287 
f 1285//1285 1290//1290 1456//1456 
f 1290//1290 1460//1460 1456//1456 
f 1286//1286 1285//1285 1287//1287 
f 1288//1288 1286//1286 1287//1287 
f 1282//1282 1286//1286 1288//1288 
f 1289//1289 1459//1459 1291//1291 
f 1459//1459 1465//1465 1291//1291 
f 1290//1290 1292//1292 1460//1460 
f 1460//1460 1292//1292 1466//1466 
f 1291//1291 1465//1465 1293//1293 
f 1465//1465 1473//1473 1293//1293 
f 1295//1295 1474//1474 1467//1467 
f 1295//1295 1468//1468 1296//1296 
f 1467//1467 1468//1468 1295//1295 
f 1296//1296 1468//1468 1466//1466 
f 1296//1296 1466//1466 1294//1294 
f 1294//1294 1466//1466 1292//1292 
f 1293//1293 1473//1473 1297//1297 
f 1473//1473 1475//1475 1297//1297 
f 1301//1301 1474//1474 1295//1295 
f 1476//1476 1474//1474 1301//1301 
f 1296//1296 1302//1302 1295//1295 
f 1302//1302 1301//1301 1295//1295 
f 1294//1294 1298//1298 1302//1302 
f 1296//1296 1294//1294 1302//1302 
f 1305//1305 1477//1477 1479//1479 
f 1305//1305 1306//1306 1478//1478 
f 1477//1477 1305//1305 1478//1478 
f 1306//1306 1475//1475 1478//1478 
f 1306//1306 1303//1303 1475//1475 
f 1303//1303 1297//1297 1475//1475 
f 1299//1299 1476//1476 1301//1301 
f 1299//1299 1304//1304 1476//1476 
f 1304//1304 1480//1480 1476//1476 
f 1300//1300 1299//1299 1301//1301 
f 1302//1302 1300//1300 1301//1301 
f 1298//1298 1300//1300 1302//1302 
f 1311//1311 1305//1305 1479//1479 
f 1483//1483 1311//1311 1479//1479 
f 1306//1306 1305//1305 1312//1312 
f 1312//1312 1305//1305 1311//1311 
f 1303//1303 1312//1312 1307//1307 
f 1306//1306 1312//1312 1303//1303 
f 1304//1304 1308//1308 1480//1480 
f 1480//1480 1308//1308 1484//1484 
f 1309//1309 1311//1311 1483//1483 
f 1309//1309 1483//1483 1313//1313 
f 1313//1313 1483//1483 1487//1487 
f 1310//1310 1311//1311 1309//1309 
f 1312//1312 1311//1311 1310//1310 
f 1307//1307 1312//1312 1310//1310 
f 1308//1308 1314//1314 1484//1484 
f 1484//1484 1314//1314 1488//1488 
f 1313//1313 1487//1487 1315//1315 
f 1487//1487 1493//1493 1315//1315 
f 1314//1314 1316//1316 1488//1488 
f 1488//1488 1316//1316 1494//1494 
f 1315//1315 1493//1493 1317//1317 
f 1493//1493 1501//1501 1317//1317 
f 1319//1319 1502//1502 1495//1495 
f 1319//1319 1496//1496 1320//1320 
f 1495//1495 1496//1496 1319//1319 
f 1320//1320 1496//1496 1494//1494 
f 1320//1320 1494//1494 1318//1318 
f 1318//1318 1494//1494 1316//1316 
f 1317//1317 1501//1501 1321//1321 
f 1501//1501 1505//1505 1321//1321 
f 1327//1327 1502//1502 1319//1319 
f 1506//1506 1502//1502 1327//1327 
f 1320//1320 1328//1328 1319//1319 
f 1328//1328 1327//1327 1319//1319 
f 1318//1318 1322//1322 1328//1328 
f 1320//1320 1318//1318 1328//1328 
f 1331//1331 1323//1323 1321//1321 
f 1331//1331 1321//1321 1509//1509 
f 1509//1509 1321//1321 1505//1505 
f 1323//1323 1332//1332 1324//1324 
f 1331//1331 1332//1332 1323//1323 
f 1324//1324 1332//1332 1329//1329 
f 1325//1325 1506//1506 1327//1327 
f 1325//1325 1330//1330 1506//1506 
f 1330//1330 1510//1510 1506//1506 
f 1326//1326 1325//1325 1327//1327 
f 1328//1328 1326//1326 1327//1327 
f 1322//1322 1326//1326 1328//1328 
f 1335//1335 1331//1331 1509//1509 
f 1515//1515 1335//1335 1509//1509 
f 1332//1332 1331//1331 1336//1336 
f 1336//1336 1331//1331 1335//1335 
f 1329//1329 1336//1336 1333//1333 
f 1332//1332 1336//1336 1329//1329 
f 1330//1330 1334//1334 1510//1510 
f 1510//1510 1334//1334 1516//1516 
f 1339//1339 1335//1335 1515//1515 
f 1523//1523 1339//1339 1515//1515 
f 1336//1336 1335//1335 1340//1340 
f 1340//1340 1335//1335 1339//1339 
f 1333//1333 1340//1340 1337//1337 
f 1336//1336 1340//1340 1333//1333 
f 1341//1341 1524//1524 1517//1517 
f 1341//1341 1518//1518 1342//1342 
f 1517//1517 1518//1518 1341//1341 
f 1342//1342 1518//1518 1516//1516 
f 1342//1342 1516//1516 1338//1338 
f 1338//1338 1516//1516 1334//1334 
f 1347//1347 1339//1339 1523//1523 
f 1527//1527 1347//1347 1523//1523 
f 1340//1340 1339//1339 1348//1348 
f 1348//1348 1339//1339 1347//1347 
f 1337//1337 1348//1348 1343//1343 
f 1340//1340 1348//1348 1337//1337 
f 1349//1349 1524//1524 1341//1341 
f 1528//1528 1524//1524 1349//1349 
f 1342//1342 1350//1350 1341//1341 
f 1350//1350 1349//1349 1341//1341 
f 1338//1338 1344//1344 1350//1350 
f 1342//1342 1338//1338 1350//1350 
f 1357//1357 1347//1347 1527//1527 
f 1531//1531 1357//1357 1527//1527 
f 1348//1348 1347//1347 1358//1358 
f 1358//1358 1347//1347 1357//1357 
f 1343//1343 1358//1358 1351//1351 
f 1348//1348 1358//1358 1343//1343 
f 1345//1345 1528//1528 1349//1349 
f 1345//1345 1352//1352 1528//1528 
f 1352//1352 1532//1532 1528//1528 
f 1346//1346 1345//1345 1349//1349 
f 1350//1350 1346//1346 1349//1349 
f 1344//1344 1346//1346 1350//1350 
f 1357//1357 1531//1531 1533//1533 
f 1358//1358 1357//1357 1533//1533 
f 1534//1534 1358//1358 1533//1533 
f 1361//1361 1534//1534 1541//1541 
f 1353//1353 1534//1534 1361//1361 
f 1353//1353 1358//1358 1534//1534 
f 1353//1353 1351//1351 1358//1358 
f 1353//1353 1362//1362 1354//1354 
f 1361//1361 1362//1362 1353//1353 
f 1354//1354 1362//1362 1359//1359 
f 1355//1355 1542//1542 1535//1535 
f 1360//1360 1542//1542 1355//1355 
f 1356//1356 1355//1355 1536//1536 
f 1355//1355 1535//1535 1536//1536 
f 1532//1532 1352//1352 1356//1356 
f 1536//1536 1532//1532 1356//1356 
f 1371//1371 1361//1361 1541//1541 
f 1545//1545 1371//1371 1541//1541 
f 1362//1362 1361//1361 1372//1372 
f 1372//1372 1361//1361 1371//1371 
f 1359//1359 1372//1372 1363//1363 
f 1362//1362 1372//1372 1359//1359 
f 1360//1360 1364//1364 1542//1542 
f 1542//1542 1364//1364 1546//1546 
f 1373//1373 1371//1371 1545//1545 
f 1551//1551 1373//1373 1545//1545 
f 1372//1372 1371//1371 1374//1374 
f 1374//1374 1371//1371 1373//1373 
f 1363//1363 1375//1375 1365//1365 
f 1363//1363 1372//1372 1375//1375 
f 1372//1372 1374//1374 1375//1375 
f 1365//1365 1376//1376 1366//1366 
f 1375//1375 1376//1376 1365//1365 
f 1366//1366 1377//1377 1367//1367 
f 1376//1376 1377//1377 1366//1366 
f 1367//1367 1378//1378 1368//1368 
f 1377//1377 1378//1378 1367//1367 
f 1552//1552 1368//1368 1378//1378 
f 1552//1552 1547//1547 1368//1368 
f 1547//1547 1369//1369 1368//1368 
f 1370//1370 1369//1369 1548//1548 
f 1369//1369 1547//1547 1548//1548 
f 1546//1546 1364//1364 1370//1370 
f 1548//1548 1546//1546 1370//1370 
f 1379//1379 1373//1373 1551//1551 
f 1555//1555 1379//1379 1551//1551 
f 1374//1374 1373//1373 1380//1380 
f 1380//1380 1373//1373 1379//1379 
f 1375//1375 1374//1374 1381//1381 
f 1381//1381 1374//1374 1380//1380 
f 1376//1376 1375//1375 1382//1382 
f 1382//1382 1375//1375 1381//1381 
f 1377//1377 1376//1376 1383//1383 
f 1383//1383 1376//1376 1382//1382 
f 1378//1378 1377//1377 1384//1384 
f 1384//1384 1377//1377 1383//1383 
f 1556//1556 1552//1552 1378//1378 
f 1384//1384 1556//1556 1378//1378 
f 1379//1379 1555//1555 1557//1557 
f 1380//1380 1379//1379 1557//1557 
f 1558//1558 1380//1380 1557//1557 
f 1381//1381 1380//1380 1558//1558 
f 1559//1559 1381//1381 1558//1558 
f 1382//1382 1381//1381 1559//1559 
f 1560//1560 1382//1382 1559//1559 
f 1383//1383 1382//1382 1560//1560 
f 1561//1561 1383//1383 1560//1560 
f 1384//1384 1383//1383 1561//1561 
f 1562//1562 1384//1384 1561//1561 
f 1556//1556 1384//1384 1562//1562 
f 1385//1385 1391//1391 1389//1389 
f 1385//1385 1386//1386 1392//1392 
f 1391//1391 1385//1385 1392//1392 
f 1386//1386 1387//1387 1393//1393 
f 1392//1392 1386//1386 1393//1393 
f 1387//1387 1388//1388 1394//1394 
f 1393//1393 1387//1387 1394//1394 
f 1388//1388 1390//1390 1394//1394 
f 1391//1391 1403//1403 1395//1395 
f 1389//1389 1391//1391 1395//1395 
f 1392//1392 1404//1404 1391//1391 
f 1404//1404 1403//1403 1391//1391 
f 1393//1393 1405//1405 1392//1392 
f 1405//1405 1404//1404 1392//1392 
f 1394//1394 1406//1406 1393//1393 
f 1406//1406 1405//1405 1393//1393 
f 1390//1390 1396//1396 1406//1406 
f 1394//1394 1390//1390 1406//1406 
f 1397//1397 1409//1409 1407//1407 
f 1397//1397 1398//1398 1410//1410 
f 1409//1409 1397//1397 1410//1410 
f 1575//1575 1410//1410 1398//1398 
f 1575//1575 1398//1398 1569//1569 
f 1569//1569 1398//1398 1399//1399 
f 1400//1400 1570//1570 1399//1399 
f 1399//1399 1570//1570 1569//1569 
f 1403//1403 1400//1400 1395//1395 
f 1403//1403 1571//1571 1400//1400 
f 1571//1571 1570//1570 1400//1400 
f 1404//1404 1571//1571 1403//1403 
f 1572//1572 1571//1571 1404//1404 
f 1405//1405 1572//1572 1404//1404 
f 1573//1573 1572//1572 1405//1405 
f 1406//1406 1573//1573 1405//1405 
f 1574//1574 1573//1573 1406//1406 
f 1411//1411 1576//1576 1574//1574 
f 1401//1401 1411//1411 1574//1574 
f 1401//1401 1574//1574 1406//1406 
f 1401//1401 1406//1406 1396//1396 
f 1401//1401 1402//1402 1412//1412 
f 1411//1411 1401//1401 1412//1412 
f 1402//1402 1408//1408 1412//1412 
f 1409//1409 1577//1577 1579//1579 
f 1409//1409 1579//1579 1407//1407 
f 1407//1407 1579//1579 1413//1413 
f 1410//1410 1577//1577 1409//1409 
f 1578//1578 1577//1577 1410//1410 
f 1575//1575 1578//1578 1410//1410 
f 1415//1415 1576//1576 1411//1411 
f 1580//1580 1576//1576 1415//1415 
f 1412//1412 1416//1416 1411//1411 
f 1416//1416 1415//1415 1411//1411 
f 1408//1408 1414//1414 1416//1416 
f 1412//1412 1408//1408 1416//1416 
f 1413//1413 1579//1579 1417//1417 
f 1579//1579 1581//1581 1417//1417 
f 1421//1421 1580//1580 1415//1415 
f 1582//1582 1580//1580 1421//1421 
f 1416//1416 1422//1422 1415//1415 
f 1422//1422 1421//1421 1415//1415 
f 1414//1414 1418//1418 1422//1422 
f 1416//1416 1414//1414 1422//1422 
f 1419//1419 1583//1583 1585//1585 
f 1423//1423 1419//1419 1585//1585 
f 1420//1420 1584//1584 1419//1419 
f 1419//1419 1584//1584 1583//1583 
f 1581//1581 1420//1420 1417//1417 
f 1584//1584 1420//1420 1581//1581 
f 1425//1425 1582//1582 1421//1421 
f 1586//1586 1582//1582 1425//1425 
f 1422//1422 1426//1426 1421//1421 
f 1426//1426 1425//1425 1421//1421 
f 1418//1418 1424//1424 1426//1426 
f 1422//1422 1418//1418 1426//1426 
f 1423//1423 1585//1585 1427//1427 
f 1585//1585 1587//1587 1427//1427 
f 1431//1431 1586//1586 1425//1425 
f 1588//1588 1586//1586 1431//1431 
f 1426//1426 1432//1432 1425//1425 
f 1432//1432 1431//1431 1425//1425 
f 1424//1424 1428//1428 1432//1432 
f 1426//1426 1424//1424 1432//1432 
f 1429//1429 1435//1435 1433//1433 
f 1429//1429 1430//1430 1436//1436 
f 1435//1435 1429//1429 1436//1436 
f 1430//1430 1589//1589 1436//1436 
f 1430//1430 1427//1427 1589//1589 
f 1427//1427 1587//1587 1589//1589 
f 1437//1437 1588//1588 1431//1431 
f 1590//1590 1588//1588 1437//1437 
f 1432//1432 1438//1438 1431//1431 
f 1438//1438 1437//1437 1431//1431 
f 1428//1428 1434//1434 1438//1438 
f 1432//1432 1428//1428 1438//1438 
f 1435//1435 1443//1443 1439//1439 
f 1433//1433 1435//1435 1439//1439 
f 1436//1436 1444//1444 1435//1435 
f 1444//1444 1443//1443 1435//1435 
f 1591//1591 1436//1436 1589//1589 
f 1444//1444 1436//1436 1591//1591 
f 1445//1445 1590//1590 1437//1437 
f 1592//1592 1590//1590 1445//1445 
f 1438//1438 1446//1446 1437//1437 
f 1446//1446 1445//1445 1437//1437 
f 1434//1434 1440//1440 1446//1446 
f 1438//1438 1434//1434 1446//1446 
f 1443//1443 1593//1593 1595//1595 
f 1443//1443 1595//1595 1439//1439 
f 1439//1439 1595//1595 1447//1447 
f 1444//1444 1593//1593 1443//1443 
f 1594//1594 1593//1593 1444//1444 
f 1591//1591 1594//1594 1444//1444 
f 1441//1441 1592//1592 1445//1445 
f 1441//1441 1448//1448 1592//1592 
f 1448//1448 1596//1596 1592//1592 
f 1442//1442 1441//1441 1445//1445 
f 1446//1446 1442//1442 1445//1445 
f 1440//1440 1442//1442 1446//1446 
f 1447//1447 1595//1595 1449//1449 
f 1595//1595 1597//1597 1449//1449 
f 1448//1448 1450//1450 1596//1596 
f 1596//1596 1450//1450 1598//1598 
f 1451//1451 1599//1599 1601//1601 
f 1453//1453 1451//1451 1601//1601 
f 1452//1452 1600//1600 1451//1451 
f 1451//1451 1600//1600 1599//1599 
f 1597//1597 1452//1452 1449//1449 
f 1600//1600 1452//1452 1597//1597 
f 1450//1450 1454//1454 1598//1598 
f 1598//1598 1454//1454 1602//1602 
f 1453//1453 1601//1601 1455//1455 
f 1601//1601 1603//1603 1455//1455 
f 1454//1454 1456//1456 1602//1602 
f 1602//1602 1456//1456 1604//1604 
f 1457//1457 1461//1461 1459//1459 
f 1457//1457 1458//1458 1462//1462 
f 1461//1461 1457//1457 1462//1462 
f 1458//1458 1607//1607 1462//1462 
f 1458//1458 1455//1455 1607//1607 
f 1455//1455 1603//1603 1607//1607 
f 1463//1463 1608//1608 1605//1605 
f 1463//1463 1606//1606 1464//1464 
f 1605//1605 1606//1606 1463//1463 
f 1464//1464 1606//1606 1604//1604 
f 1464//1464 1604//1604 1460//1460 
f 1460//1460 1604//1604 1456//1456 
f 1461//1461 1469//1469 1465//1465 
f 1459//1459 1461//1461 1465//1465 
f 1462//1462 1470//1470 1461//1461 
f 1470//1470 1469//1469 1461//1461 
f 1609//1609 1462//1462 1607//1607 
f 1470//1470 1462//1462 1609//1609 
f 1471//1471 1608//1608 1463//1463 
f 1610//1610 1608//1608 1471//1471 
f 1464//1464 1472//1472 1463//1463 
f 1472//1472 1471//1471 1463//1463 
f 1460//1460 1466//1466 1472//1472 
f 1464//1464 1460//1460 1472//1472 
f 1469//1469 1611//1611 1613//1613 
f 1469//1469 1613//1613 1465//1465 
f 1465//1465 1613//1613 1473//1473 
f 1470//1470 1611//1611 1469//1469 
f 1612//1612 1611//1611 1470//1470 
f 1609//1609 1612//1612 1470//1470 
f 1467//1467 1610//1610 1471//1471 
f 1467//1467 1474//1474 1610//1610 
f 1474//1474 1614//1614 1610//1610 
f 1468//1468 1467//1467 1471//1471 
f 1472//1472 1468//1468 1471//1471 
f 1466//1466 1468//1468 1472//1472 
f 1473//1473 1613//1613 1475//1475 
f 1613//1613 1615//1615 1475//1475 
f 1474//1474 1476//1476 1614//1614 
f 1614//1614 1476//1476 1616//1616 
f 1477//1477 1617//1617 1621//1621 
f 1479//1479 1477//1477 1621//1621 
f 1478//1478 1618//1618 1477//1477 
f 1477//1477 1618//1618 1617//1617 
f 1615//1615 1478//1478 1475//1475 
f 1618//1618 1478//1478 1615//1615 
f 1481//1481 1622//1622 1619//1619 
f 1481//1481 1620//1620 1482//1482 
f 1619//1619 1620//1620 1481//1481 
f 1482//1482 1620//1620 1616//1616 
f 1482//1482 1616//1616 1480//1480 
f 1480//1480 1616//1616 1476//1476 
f 1479//1479 1621//1621 1483//1483 
f 1621//1621 1623//1623 1483//1483 
f 1485//1485 1622//1622 1481//1481 
f 1624//1624 1622//1622 1485//1485 
f 1482//1482 1486//1486 1481//1481 
f 1486//1486 1485//1485 1481//1481 
f 1480//1480 1484//1484 1486//1486 
f 1482//1482 1480//1480 1486//1486 
f 1489//1489 1625//1625 1627//1627 
f 1489//1489 1490//1490 1626//1626 
f 1625//1625 1489//1489 1626//1626 
f 1490//1490 1623//1623 1626//1626 
f 1490//1490 1487//1487 1623//1623 
f 1487//1487 1483//1483 1623//1623 
f 1491//1491 1624//1624 1485//1485 
f 1628//1628 1624//1624 1491//1491 
f 1486//1486 1492//1492 1485//1485 
f 1492//1492 1491//1491 1485//1485 
f 1484//1484 1488//1488 1492//1492 
f 1486//1486 1484//1484 1492//1492 
f 1497//1497 1489//1489 1627//1627 
f 1629//1629 1497//1497 1627//1627 
f 1490//1490 1489//1489 1498//1498 
f 1498//1498 1489//1489 1497//1497 
f 1487//1487 1498//1498 1493//1493 
f 1490//1490 1498//1498 1487//1487 
f 1499//1499 1628//1628 1491//1491 
f 1630//1630 1628//1628 1499//1499 
f 1492//1492 1500//1500 1491//1491 
f 1500//1500 1499//1499 1491//1491 
f 1488//1488 1494//1494 1500//1500 
f 1492//1492 1488//1488 1500//1500 
f 1503//1503 1497//1497 1629//1629 
f 1631//1631 1503//1503 1629//1629 
f 1498//1498 1497//1497 1504//1504 
f 1504//1504 1497//1497 1503//1503 
f 1493//1493 1504//1504 1501//1501 
f 1498//1498 1504//1504 1493//1493 
f 1495//1495 1630//1630 1499//1499 
f 1495//1495 1502//1502 1630//1630 
f 1502//1502 1632//1632 1630//1630 
f 1496//1496 1495//1495 1499//1499 
f 1500//1500 1496//1496 1499//1499 
f 1494//1494 1496//1496 1500//1500 
f 1507//1507 1503//1503 1631//1631 
f 1633//1633 1507//1507 1631//1631 
f 1504//1504 1503//1503 1508//1508 
f 1508//1508 1503//1503 1507//1507 
f 1501//1501 1508//1508 1505//1505 
f 1504//1504 1508//1508 1501//1501 
f 1502//1502 1506//1506 1632//1632 
f 1632//1632 1506//1506 1634//1634 
f 1511//1511 1507//1507 1633//1633 
f 1637//1637 1511//1511 1633//1633 
f 1508//1508 1507//1507 1512//1512 
f 1512//1512 1507//1507 1511//1511 
f 1505//1505 1512//1512 1509//1509 
f 1508//1508 1512//1512 1505//1505 
f 1513//1513 1638//1638 1635//1635 
f 1513//1513 1636//1636 1514//1514 
f 1635//1635 1636//1636 1513//1513 
f 1514//1514 1636//1636 1634//1634 
f 1514//1514 1634//1634 1510//1510 
f 1510//1510 1634//1634 1506//1506 
f 1519//1519 1511//1511 1637//1637 
f 1639//1639 1519//1519 1637//1637 
f 1512//1512 1511//1511 1520//1520 
f 1520//1520 1511//1511 1519//1519 
f 1509//1509 1520//1520 1515//1515 
f 1512//1512 1520//1520 1509//1509 
f 1521//1521 1638//1638 1513//1513 
f 1640//1640 1638//1638 1521//1521 
f 1514//1514 1522//1522 1513//1513 
f 1522//1522 1521//1521 1513//1513 
f 1510//1510 1516//1516 1522//1522 
f 1514//1514 1510//1510 1522//1522 
f 1525//1525 1519//1519 1639//1639 
f 1641//1641 1525//1525 1639//1639 
f 1520//1520 1519//1519 1526//1526 
f 1526//1526 1519//1519 1525//1525 
f 1515//1515 1526//1526 1523//1523 
f 1520//1520 1526//1526 1515//1515 
f 1517//1517 1640//1640 1521//1521 
f 1517//1517 1524//1524 1640//1640 
f 1524//1524 1642//1642 1640//1640 
f 1518//1518 1517//1517 1521//1521 
f 1522//1522 1518//1518 1521//1521 
f 1516//1516 1518//1518 1522//1522 
f 1529//1529 1525//1525 1641//1641 
f 1643//1643 1529//1529 1641//1641 
f 1526//1526 1525//1525 1530//1530 
f 1530//1530 1525//1525 1529//1529 
f 1523//1523 1530//1530 1527//1527 
f 1526//1526 1530//1530 1523//1523 
f 1524//1524 1528//1528 1642//1642 
f 1642//1642 1528//1528 1644//1644 
f 1537//1537 1529//1529 1643//1643 
f 1647//1647 1537//1537 1643//1643 
f 1530//1530 1529//1529 1538//1538 
f 1538//1538 1529//1529 1537//1537 
f 1527//1527 1538//1538 1531//1531 
f 1530//1530 1538//1538 1527//1527 
f 1539//1539 1648//1648 1645//1645 
f 1539//1539 1646//1646 1540//1540 
f 1645//1645 1646//1646 1539//1539 
f 1540//1540 1646//1646 1644//1644 
f 1540//1540 1644//1644 1532//1532 
f 1532//1532 1644//1644 1528//1528 
f 1537//1537 1647//1647 1649//1649 
f 1538//1538 1537//1537 1649//1649 
f 1650//1650 1538//1538 1649//1649 
f 1543//1543 1650//1650 1651//1651 
f 1533//1533 1650//1650 1543//1543 
f 1533//1533 1538//1538 1650//1650 
f 1533//1533 1531//1531 1538//1538 
f 1533//1533 1544//1544 1534//1534 
f 1543//1543 1544//1544 1533//1533 
f 1534//1534 1544//1544 1541//1541 
f 1535//1535 1648//1648 1539//1539 
f 1535//1535 1542//1542 1648//1648 
f 1542//1542 1652//1652 1648//1648 
f 1536//1536 1535//1535 1539//1539 
f 1540//1540 1536//1536 1539//1539 
f 1532//1532 1536//1536 1540//1540 
f 1549//1549 1543//1543 1651//1651 
f 1653//1653 1549//1549 1651//1651 
f 1544//1544 1543//1543 1550//1550 
f 1550//1550 1543//1543 1549//1549 
f 1541//1541 1550//1550 1545//1545 
f 1544//1544 1550//1550 1541//1541 
f 1542//1542 1546//1546 1652//1652 
f 1652//1652 1546//1546 1654//1654 
f 1553//1553 1549//1549 1653//1653 
f 1657//1657 1553//1553 1653//1653 
f 1550//1550 1549//1549 1554//1554 
f 1554//1554 1549//1549 1553//1553 
f 1545//1545 1554//1554 1551//1551 
f 1550//1550 1554//1554 1545//1545 
f 1547//1547 1658//1658 1655//1655 
f 1552//1552 1658//1658 1547//1547 
f 1548//1548 1547//1547 1656//1656 
f 1547//1547 1655//1655 1656//1656 
f 1654//1654 1546//1546 1548//1548 
f 1656//1656 1654//1654 1548//1548 
f 1563//1563 1553//1553 1657//1657 
f 1659//1659 1563//1563 1657//1657 
f 1554//1554 1553//1553 1564//1564 
f 1564//1564 1553//1553 1563//1563 
f 1551//1551 1564//1564 1555//1555 
f 1554//1554 1564//1564 1551//1551 
f 1552//1552 1556//1556 1658//1658 
f 1658//1658 1556//1556 1660//1660 
f 1563//1563 1659//1659 1661//1661 
f 1564//1564 1563//1563 1661//1661 
f 1662//1662 1564//1564 1661//1661 
f 1555//1555 1564//1564 1662//1662 
f 1555//1555 1662//1662 1557//1557 
f 1557//1557 1662//1662 1663//1663 
f 1558//1558 1557//1557 1664//1664 
f 1557//1557 1663//1663 1664//1664 
f 1565//1565 1664//1664 1667//1667 
f 1565//1565 1559//1559 1664//1664 
f 1559//1559 1558//1558 1664//1664 
f 1559//1559 1566//1566 1560//1560 
f 1565//1565 1566//1566 1559//1559 
f 1668//1668 1560//1560 1566//1566 
f 1668//1668 1665//1665 1560//1560 
f 1665//1665 1561//1561 1560//1560 
f 1562//1562 1561//1561 1666//1666 
f 1561//1561 1665//1665 1666//1666 
f 1660//1660 1556//1556 1562//1562 
f 1666//1666 1660//1660 1562//1562 
f 1567//1567 1565//1565 1667//1667 
f 1669//1669 1567//1567 1667//1667 
f 1566//1566 1565//1565 1568//1568 
f 1568//1568 1565//1565 1567//1567 
f 1670//1670 1668//1668 1566//1566 
f 1568//1568 1670//1670 1566//1566 
f 1567//1567 1669//1669 1671//1671 
f 1568//1568 1567//1567 1671//1671 
f 1672//1672 1568//1568 1671//1671 
f 1670//1670 1568//1568 1672//1672 
f 1569//1569 1673//1673 1679//1679 
f 1575//1575 1569//1569 1679//1679 
f 1570//1570 1674//1674 1569//1569 
f 1569//1569 1674//1674 1673//1673 
f 1571//1571 1675//1675 1570//1570 
f 1570//1570 1675//1675 1674//1674 
f 1572//1572 1676//1676 1571//1571 
f 1571//1571 1676//1676 1675//1675 
f 1573//1573 1677//1677 1572//1572 
f 1572//1572 1677//1677 1676//1676 
f 1574//1574 1678//1678 1573//1573 
f 1573//1573 1678//1678 1677//1677 
f 1678//1678 1574//1574 1576//1576 
f 1680//1680 1678//1678 1576//1576 
f 1577//1577 1681//1681 1689//1689 
f 1579//1579 1577//1577 1689//1689 
f 1578//1578 1682//1682 1577//1577 
f 1577//1577 1682//1682 1681//1681 
f 1679//1679 1578//1578 1575//1575 
f 1682//1682 1578//1578 1679//1679 
f 1576//1576 1580//1580 1680//1680 
f 1680//1680 1580//1580 1690//1690 
f 1579//1579 1689//1689 1581//1581 
f 1689//1689 1693//1693 1581//1581 
f 1580//1580 1582//1582 1690//1690 
f 1690//1690 1582//1582 1694//1694 
f 1583//1583 1695//1695 1699//1699 
f 1585//1585 1583//1583 1699//1699 
f 1584//1584 1696//1696 1583//1583 
f 1583//1583 1696//1696 1695//1695 
f 1693//1693 1584//1584 1581//1581 
f 1696//1696 1584//1584 1693//1693 
f 1582//1582 1586//1586 1694//1694 
f 1694//1694 1586//1586 1700//1700 
f 1585//1585 1699//1699 1587//1587 
f 1699//1699 1703//1703 1587//1587 
f 1586//1586 1588//1588 1700//1700 
f 1700//1700 1588//1588 1704//1704 
f 1587//1587 1703//1703 1589//1589 
f 1703//1703 1707//1707 1589//1589 
f 1588//1588 1590//1590 1704//1704 
f 1704//1704 1590//1590 1708//1708 
f 1589//1589 1707//1707 1591//1591 
f 1707//1707 1711//1711 1591//1591 
f 1590//1590 1592//1592 1708//1708 
f 1708//1708 1592//1592 1712//1712 
f 1593//1593 1713//1713 1717//1717 
f 1595//1595 1593//1593 1717//1717 
f 1594//1594 1714//1714 1593//1593 
f 1593//1593 1714//1714 1713//1713 
f 1711//1711 1594//1594 1591//1591 
f 1714//1714 1594//1594 1711//1711 
f 1592//1592 1596//1596 1712//1712 
f 1712//1712 1596//1596 1718//1718 
f 1595//1595 1717//1717 1597//1597 
f 1717//1717 1721//1721 1597//1597 
f 1596//1596 1598//1598 1718//1718 
f 1718//1718 1598//1598 1722//1722 
f 1599//1599 1723//1723 1727//1727 
f 1601//1601 1599//1599 1727//1727 
f 1600//1600 1724//1724 1599//1599 
f 1599//1599 1724//1724 1723//1723 
f 1721//1721 1600//1600 1597//1597 
f 1724//1724 1600//1600 1721//1721 
f 1598//1598 1602//1602 1722//1722 
f 1722//1722 1602//1602 1728//1728 
f 1601//1601 1727//1727 1603//1603 
f 1727//1727 1733//1733 1603//1603 
f 1602//1602 1604//1604 1728//1728 
f 1728//1728 1604//1604 1734//1734 
f 1603//1603 1733//1733 1607//1607 
f 1733//1733 1741//1741 1607//1607 
f 1605//1605 1742//1742 1735//1735 
f 1608//1608 1742//1742 1605//1605 
f 1606//1606 1605//1605 1736//1736 
f 1605//1605 1735//1735 1736//1736 
f 1734//1734 1604//1604 1606//1606 
f 1736//1736 1734//1734 1606//1606 
f 1607//1607 1741//1741 1609//1609 
f 1741//1741 1743//1743 1609//1609 
f 1608//1608 1610//1610 1742//1742 
f 1742//1742 1610//1610 1744//1744 
f 1611//1611 1745//1745 1747//1747 
f 1613//1613 1611//1611 1747//1747 
f 1612//1612 1746//1746 1611//1611 
f 1611//1611 1746//1746 1745//1745 
f 1743//1743 1612//1612 1609//1609 
f 1746//1746 1612//1612 1743//1743 
f 1610//1610 1614//1614 1744//1744 
f 1744//1744 1614//1614 1748//1748 
f 1613//1613 1747//1747 1615//1615 
f 1747//1747 1751//1751 1615//1615 
f 1614//1614 1616//1616 1748//1748 
f 1748//1748 1616//1616 1752//1752 
f 1617//1617 1753//1753 1759//1759 
f 1621//1621 1617//1617 1759//1759 
f 1618//1618 1754//1754 1617//1617 
f 1617//1617 1754//1754 1753//1753 
f 1751//1751 1618//1618 1615//1615 
f 1754//1754 1618//1618 1751//1751 
f 1619//1619 1760//1760 1755//1755 
f 1622//1622 1760//1760 1619//1619 
f 1620//1620 1619//1619 1756//1756 
f 1619//1619 1755//1755 1756//1756 
f 1752//1752 1616//1616 1620//1620 
f 1756//1756 1752//1752 1620//1620 
f 1621//1621 1759//1759 1623//1623 
f 1759//1759 1761//1761 1623//1623 
f 1622//1622 1624//1624 1760//1760 
f 1760//1760 1624//1624 1762//1762 
f 1625//1625 1763//1763 1765//1765 
f 1627//1627 1625//1625 1765//1765 
f 1626//1626 1764//1764 1625//1625 
f 1625//1625 1764//1764 1763//1763 
f 1761//1761 1626//1626 1623//1623 
f 1764//1764 1626//1626 1761//1761 
f 1624//1624 1628//1628 1762//1762 
f 1762//1762 1628//1628 1766//1766 
f 1627//1627 1765//1765 1629//1629 
f 1765//1765 1767//1767 1629//1629 
f 1628//1628 1630//1630 1766//1766 
f 1766//1766 1630//1630 1768//1768 
f 1629//1629 1767//1767 1631//1631 
f 1767//1767 1769//1769 1631//1631 
f 1630//1630 1632//1632 1768//1768 
f 1768//1768 1632//1632 1770//1770 
f 1631//1631 1769//1769 1633//1633 
f 1769//1769 1774//1774 1633//1633 
f 1632//1632 1634//1634 1770//1770 
f 1770//1770 1634//1634 1775//1775 
f 1633//1633 1774//1774 1637//1637 
f 1774//1774 1781//1781 1637//1637 
f 1635//1635 1782//1782 1776//1776 
f 1638//1638 1782//1782 1635//1635 
f 1636//1636 1635//1635 1777//1777 
f 1635//1635 1776//1776 1777//1777 
f 1775//1775 1634//1634 1636//1636 
f 1777//1777 1775//1775 1636//1636 
f 1637//1637 1781//1781 1639//1639 
f 1781//1781 1784//1784 1639//1639 
f 1638//1638 1640//1640 1782//1782 
f 1782//1782 1640//1640 1785//1785 
f 1639//1639 1784//1784 1641//1641 
f 1784//1784 1787//1787 1641//1641 
f 1640//1640 1642//1642 1785//1785 
f 1785//1785 1642//1642 1788//1788 
f 1641//1641 1787//1787 1643//1643 
f 1787//1787 1791//1791 1643//1643 
f 1642//1642 1644//1644 1788//1788 
f 1788//1788 1644//1644 1792//1792 
f 1643//1643 1791//1791 1647//1647 
f 1791//1791 1797//1797 1647//1647 
f 1645//1645 1798//1798 1793//1793 
f 1648//1648 1798//1798 1645//1645 
f 1646//1646 1645//1645 1794//1794 
f 1645//1645 1793//1793 1794//1794 
f 1792//1792 1644//1644 1646//1646 
f 1794//1794 1792//1792 1646//1646 
f 1647//1647 1797//1797 1799//1799 
f 1649//1649 1647//1647 1799//1799 
f 1650//1650 1649//1649 1800//1800 
f 1649//1649 1799//1799 1800//1800 
f 1800//1800 1651//1651 1650//1650 
f 1801//1801 1651//1651 1800//1800 
f 1648//1648 1652//1652 1798//1798 
f 1798//1798 1652//1652 1802//1802 
f 1651//1651 1801//1801 1653//1653 
f 1801//1801 1807//1807 1653//1653 
f 1652//1652 1654//1654 1802//1802 
f 1802//1802 1654//1654 1808//1808 
f 1653//1653 1807//1807 1657//1657 
f 1807//1807 1815//1815 1657//1657 
f 1655//1655 1816//1816 1809//1809 
f 1658//1658 1816//1816 1655//1655 
f 1656//1656 1655//1655 1810//1810 
f 1655//1655 1809//1809 1810//1810 
f 1808//1808 1654//1654 1656//1656 
f 1810//1810 1808//1808 1656//1656 
f 1657//1657 1815//1815 1659//1659 
f 1815//1815 1817//1817 1659//1659 
f 1658//1658 1660//1660 1816//1816 
f 1816//1816 1660//1660 1818//1818 
f 1659//1659 1817//1817 1819//1819 
f 1661//1661 1659//1659 1819//1819 
f 1662//1662 1661//1661 1820//1820 
f 1661//1661 1819//1819 1820//1820 
f 1663//1663 1662//1662 1821//1821 
f 1662//1662 1820//1820 1821//1821 
f 1664//1664 1663//1663 1822//1822 
f 1663//1663 1821//1821 1822//1822 
f 1822//1822 1667//1667 1664//1664 
f 1825//1825 1667//1667 1822//1822 
f 1665//1665 1826//1826 1823//1823 
f 1668//1668 1826//1826 1665//1665 
f 1666//1666 1665//1665 1824//1824 
f 1665//1665 1823//1823 1824//1824 
f 1818//1818 1660//1660 1666//1666 
f 1824//1824 1818//1818 1666//1666 
f 1667//1667 1825//1825 1669//1669 
f 1825//1825 1831//1831 1669//1669 
f 1668//1668 1670//1670 1826//1826 
f 1826//1826 1670//1670 1832//1832 
f 1669//1669 1831//1831 1833//1833 
f 1671//1671 1669//1669 1833//1833 
f 1672//1672 1671//1671 1834//1834 
f 1671//1671 1833//1833 1834//1834 
f 1832//1832 1670//1670 1672//1672 
f 1834//1834 1832//1832 1672//1672 
f 1673//1673 1683//1683 1679//1679 
f 1673//1673 1674//1674 1684//1684 
f 1683//1683 1673//1673 1684//1684 
f 1674//1674 1675//1675 1685//1685 
f 1684//1684 1674//1674 1685//1685 
f 1675//1675 1676//1676 1686//1686 
f 1685//1685 1675//1675 1686//1686 
f 1676//1676 1677//1677 1687//1687 
f 1686//1686 1676//1676 1687//1687 
f 1677//1677 1678//1678 1688//1688 
f 1687//1687 1677//1677 1688//1688 
f 1678//1678 1680//1680 1688//1688 
f 1681//1681 1839//1839 1845//1845 
f 1689//1689 1681//1681 1845//1845 
f 1682//1682 1840//1840 1681//1681 
f 1681//1681 1840//1840 1839//1839 
f 1683//1683 1682//1682 1679//1679 
f 1683//1683 1841//1841 1682//1682 
f 1841//1841 1840//1840 1682//1682 
f 1684//1684 1841//1841 1683//1683 
f 1842//1842 1841//1841 1684//1684 
f 1685//1685 1842//1842 1684//1684 
f 1843//1843 1842//1842 1685//1685 
f 1686//1686 1843//1843 1685//1685 
f 1844//1844 1843//1843 1686//1686 
f 1844//1844 1691//1691 1846//1846 
f 1844//1844 1686//1686 1691//1691 
f 1686//1686 1687//1687 1691//1691 
f 1688//1688 1692//1692 1687//1687 
f 1692//1692 1691//1691 1687//1687 
f 1680//1680 1690//1690 1692//1692 
f 1688//1688 1680//1680 1692//1692 
f 1689//1689 1845//1845 1693//1693 
f 1845//1845 1853//1853 1693//1693 
f 1697//1697 1846//1846 1691//1691 
f 1854//1854 1846//1846 1697//1697 
f 1692//1692 1698//1698 1691//1691 
f 1698//1698 1697//1697 1691//1691 
f 1690//1690 1694//1694 1698//1698 
f 1692//1692 1690//1690 1698//1698 
f 1695//1695 1855//1855 1863//1863 
f 1699//1699 1695//1695 1863//1863 
f 1696//1696 1856//1856 1695//1695 
f 1695//1695 1856//1856 1855//1855 
f 1853//1853 1696//1696 1693//1693 
f 1856//1856 1696//1696 1853//1853 
f 1701//1701 1854//1854 1697//1697 
f 1864//1864 1854//1854 1701//1701 
f 1698//1698 1702//1702 1697//1697 
f 1702//1702 1701//1701 1697//1697 
f 1694//1694 1700//1700 1702//1702 
f 1698//1698 1694//1694 1702//1702 
f 1699//1699 1863//1863 1703//1703 
f 1863//1863 1869//1869 1703//1703 
f 1705//1705 1864//1864 1701//1701 
f 1870//1870 1864//1864 1705//1705 
f 1702//1702 1706//1706 1701//1701 
f 1706//1706 1705//1705 1701//1701 
f 1700//1700 1704//1704 1706//1706 
f 1702//1702 1700//1700 1706//1706 
f 1703//1703 1869//1869 1707//1707 
f 1869//1869 1875//1875 1707//1707 
f 1709//1709 1870//1870 1705//1705 
f 1876//1876 1870//1870 1709//1709 
f 1706//1706 1710//1710 1705//1705 
f 1710//1710 1709//1709 1705//1705 
f 1704//1704 1708//1708 1710//1710 
f 1706//1706 1704//1704 1710//1710 
f 1707//1707 1875//1875 1711//1711 
f 1875//1875 1879//1879 1711//1711 
f 1715//1715 1876//1876 1709//1709 
f 1880//1880 1876//1876 1715//1715 
f 1710//1710 1716//1716 1709//1709 
f 1716//1716 1715//1715 1709//1709 
f 1708//1708 1712//1712 1716//1716 
f 1710//1710 1708//1708 1716//1716 
f 1713//1713 1881//1881 1885//1885 
f 1717//1717 1713//1713 1885//1885 
f 1714//1714 1882//1882 1713//1713 
f 1713//1713 1882//1882 1881//1881 
f 1879//1879 1714//1714 1711//1711 
f 1882//1882 1714//1714 1879//1879 
f 1719//1719 1880//1880 1715//1715 
f 1886//1886 1880//1880 1719//1719 
f 1716//1716 1720//1720 1715//1715 
f 1720//1720 1719//1719 1715//1715 
f 1712//1712 1718//1718 1720//1720 
f 1716//1716 1712//1712 1720//1720 
f 1717//1717 1885//1885 1721//1721 
f 1885//1885 1889//1889 1721//1721 
f 1725//1725 1886//1886 1719//1719 
f 1890//1890 1886//1886 1725//1725 
f 1720//1720 1726//1726 1719//1719 
f 1726//1726 1725//1725 1719//1719 
f 1718//1718 1722//1722 1726//1726 
f 1720//1720 1718//1718 1726//1726 
f 1723//1723 1729//1729 1727//1727 
f 1723//1723 1724//1724 1730//1730 
f 1729//1729 1723//1723 1730//1730 
f 1724//1724 1893//1893 1730//1730 
f 1724//1724 1721//1721 1893//1893 
f 1721//1721 1889//1889 1893//1893 
f 1731//1731 1890//1890 1725//1725 
f 1894//1894 1890//1890 1731//1731 
f 1726//1726 1732//1732 1725//1725 
f 1732//1732 1731//1731 1725//1725 
f 1722//1722 1728//1728 1732//1732 
f 1726//1726 1722//1722 1732//1732 
f 1729//1729 1737//1737 1733//1733 
f 1727//1727 1729//1729 1733//1733 
f 1730//1730 1738//1738 1729//1729 
f 1738//1738 1737//1737 1729//1729 
f 1895//1895 1730//1730 1893//1893 
f 1738//1738 1730//1730 1895//1895 
f 1739//1739 1894//1894 1731//1731 
f 1896//1896 1894//1894 1739//1739 
f 1732//1732 1740//1740 1731//1731 
f 1740//1740 1739//1739 1731//1731 
f 1728//1728 1734//1734 1740//1740 
f 1732//1732 1728//1728 1740//1740 
f 1737//1737 1897//1897 1899//1899 
f 1737//1737 1899//1899 1733//1733 
f 1733//1733 1899//1899 1741//1741 
f 1738//1738 1897//1897 1737//1737 
f 1898//1898 1897//1897 1738//1738 
f 1895//1895 1898//1898 1738//1738 
f 1735//1735 1896//1896 1739//1739 
f 1735//1735 1742//1742 1896//1896 
f 1742//1742 1900//1900 1896//1896 
f 1736//1736 1735//1735 1739//1739 
f 1740//1740 1736//1736 1739//1739 
f 1734//1734 1736//1736 1740//1740 
f 1741//1741 1899//1899 1743//1743 
f 1899//1899 1903//1903 1743//1743 
f 1742//1742 1744//1744 1900//1900 
f 1900//1900 1744//1744 1904//1904 
f 1745//1745 1905//1905 1911//1911 
f 1747//1747 1745//1745 1911//1911 
f 1746//1746 1906//1906 1745//1745 
f 1745//1745 1906//1906 1905//1905 
f 1903//1903 1746//1746 1743//1743 
f 1906//1906 1746//1746 1903//1903 
f 1749//1749 1912//1912 1907//1907 
f 1749//1749 1908//1908 1750//1750 
f 1907//1907 1908//1908 1749//1749 
f 1750//1750 1908//1908 1904//1904 
f 1750//1750 1904//1904 1748//1748 
f 1748//1748 1904//1904 1744//1744 
f 1747//1747 1911//1911 1751//1751 
f 1911//1911 1913//1913 1751//1751 
f 1757//1757 1912//1912 1749//1749 
f 1914//1914 1912//1912 1757//1757 
f 1750//1750 1758//1758 1749//1749 
f 1758//1758 1757//1757 1749//1749 
f 1748//1748 1752//1752 1758//1758 
f 1750//1750 1748//1748 1758//1758 
f 1753//1753 1915//1915 1917//1917 
f 1759//1759 1753//1753 1917//1917 
f 1754//1754 1916//1916 1753//1753 
f 1753//1753 1916//1916 1915//1915 
f 1913//1913 1754//1754 1751//1751 
f 1916//1916 1754//1754 1913//1913 
f 1755//1755 1914//1914 1757//1757 
f 1755//1755 1760//1760 1914//1914 
f 1760//1760 1918//1918 1914//1914 
f 1756//1756 1755//1755 1757//1757 
f 1758//1758 1756//1756 1757//1757 
f 1752//1752 1756//1756 1758//1758 
f 1759//1759 1917//1917 1761//1761 
f 1917//1917 1919//1919 1761//1761 
f 1760//1760 1762//1762 1918//1918 
f 1918//1918 1762//1762 1920//1920 
f 1763//1763 1921//1921 1923//1923 
f 1765//1765 1763//1763 1923//1923 
f 1764//1764 1922//1922 1763//1763 
f 1763//1763 1922//1922 1921//1921 
f 1919//1919 1764//1764 1761//1761 
f 1922//1922 1764//1764 1919//1919 
f 1762//1762 1766//1766 1920//1920 
f 1920//1920 1766//1766 1924//1924 
f 1765//1765 1923//1923 1767//1767 
f 1923//1923 1928//1928 1767//1767 
f 1766//1766 1768//1768 1924//1924 
f 1924//1924 1768//1768 1929//1929 
f 1771//1771 1930//1930 1936//1936 
f 1771//1771 1928//1928 1930//1930 
f 1771//1771 1769//1769 1928//1928 
f 1769//1769 1767//1767 1928//1928 
f 1772//1772 1937//1937 1931//1931 
f 1772//1772 1932//1932 1773//1773 
f 1931//1931 1932//1932 1772//1772 
f 1773//1773 1932//1932 1929//1929 
f 1773//1773 1929//1929 1770//1770 
f 1770//1770 1929//1929 1768//1768 
f 1778//1778 1771//1771 1936//1936 
f 1938//1938 1778//1778 1936//1936 
f 1769//1769 1778//1778 1774//1774 
f 1771//1771 1778//1778 1769//1769 
f 1779//1779 1937//1937 1772//1772 
f 1939//1939 1937//1937 1779//1779 
f 1773//1773 1780//1780 1772//1772 
f 1780//1780 1779//1779 1772//1772 
f 1770//1770 1775//1775 1780//1780 
f 1773//1773 1770//1770 1780//1780 
f 1783//1783 1778//1778 1938//1938 
f 1940//1940 1783//1783 1938//1938 
f 1774//1774 1783//1783 1781//1781 
f 1778//1778 1783//1783 1774//1774 
f 1776//1776 1939//1939 1779//1779 
f 1776//1776 1782//1782 1939//1939 
f 1782//1782 1941//1941 1939//1939 
f 1777//1777 1776//1776 1779//1779 
f 1780//1780 1777//1777 1779//1779 
f 1775//1775 1777//1777 1780//1780 
f 1786//1786 1783//1783 1940//1940 
f 1944//1944 1786//1786 1940//1940 
f 1781//1781 1786//1786 1784//1784 
f 1783//1783 1786//1786 1781//1781 
f 1782//1782 1785//1785 1941//1941 
f 1941//1941 1785//1785 1945//1945 
f 1786//1786 1944//1944 1946//1946 
f 1946//1946 1784//1784 1786//1786 
f 1946//1946 1951//1951 1784//1784 
f 1951//1951 1787//1787 1784//1784 
f 1789//1789 1952//1952 1947//1947 
f 1789//1789 1948//1948 1790//1790 
f 1947//1947 1948//1948 1789//1789 
f 1790//1790 1948//1948 1945//1945 
f 1790//1790 1945//1945 1788//1788 
f 1788//1788 1945//1945 1785//1785 
f 1787//1787 1951//1951 1791//1791 
f 1951//1951 1954//1954 1791//1791 
f 1795//1795 1952//1952 1789//1789 
f 1955//1955 1952//1952 1795//1795 
f 1790//1790 1796//1796 1789//1789 
f 1796//1796 1795//1795 1789//1789 
f 1788//1788 1792//1792 1796//1796 
f 1790//1790 1788//1788 1796//1796 
f 1791//1791 1954//1954 1797//1797 
f 1954//1954 1957//1957 1797//1797 
f 1793//1793 1955//1955 1795//1795 
f 1793//1793 1798//1798 1955//1955 
f 1798//1798 1958//1958 1955//1955 
f 1794//1794 1793//1793 1795//1795 
f 1796//1796 1794//1794 1795//1795 
f 1792//1792 1794//1794 1796//1796 
f 1803//1803 1799//1799 1797//1797 
f 1803//1803 1797//1797 1962//1962 
f 1962//1962 1797//1797 1957//1957 
f 1799//1799 1804//1804 1800//1800 
f 1803//1803 1804//1804 1799//1799 
f 1800//1800 1804//1804 1801//1801 
f 1805//1805 1963//1963 1959//1959 
f 1805//1805 1960//1960 1806//1806 
f 1959//1959 1960//1960 1805//1805 
f 1806//1806 1960//1960 1958//1958 
f 1806//1806 1958//1958 1802//1802 
f 1802//1802 1958//1958 1798//1798 
f 1811//1811 1803//1803 1962//1962 
f 1964//1964 1811//1811 1962//1962 
f 1804//1804 1803//1803 1812//1812 
f 1812//1812 1803//1803 1811//1811 
f 1801//1801 1812//1812 1807//1807 
f 1804//1804 1812//1812 1801//1801 
f 1813//1813 1963//1963 1805//1805 
f 1965//1965 1963//1963 1813//1813 
f 1806//1806 1814//1814 1805//1805 
f 1814//1814 1813//1813 1805//1805 
f 1802//1802 1808//1808 1814//1814 
f 1806//1806 1802//1802 1814//1814 
f 1811//1811 1964//1964 1966//1966 
f 1812//1812 1811//1811 1966//1966 
f 1967//1967 1812//1812 1966//1966 
f 1967//1967 1807//1807 1812//1812 
f 1967//1967 1968//1968 1807//1807 
f 1968//1968 1815//1815 1807//1807 
f 1809//1809 1965//1965 1813//1813 
f 1809//1809 1816//1816 1965//1965 
f 1816//1816 1969//1969 1965//1965 
f 1810//1810 1809//1809 1813//1813 
f 1814//1814 1810//1810 1813//1813 
f 1808//1808 1810//1810 1814//1814 
f 1815//1815 1968//1968 1817//1817 
f 1968//1968 1972//1972 1817//1817 
f 1816//1816 1818//1818 1969//1969 
f 1969//1969 1818//1818 1973//1973 
f 1827//1827 1819//1819 1817//1817 
f 1827//1827 1817//1817 1978//1978 
f 1978//1978 1817//1817 1972//1972 
f 1819//1819 1828//1828 1820//1820 
f 1827//1827 1828//1828 1819//1819 
f 1820//1820 1829//1829 1821//1821 
f 1828//1828 1829//1829 1820//1820 
f 1821//1821 1830//1830 1822//1822 
f 1829//1829 1830//1830 1821//1821 
f 1822//1822 1830//1830 1825//1825 
f 1823//1823 1979//1979 1974//1974 
f 1826//1826 1979//1979 1823//1823 
f 1824//1824 1823//1823 1975//1975 
f 1823//1823 1974//1974 1975//1975 
f 1973//1973 1818//1818 1824//1824 
f 1975//1975 1973//1973 1824//1824 
f 1835//1835 1827//1827 1978//1978 
f 1982//1982 1835//1835 1978//1978 
f 1828//1828 1827//1827 1836//1836 
f 1836//1836 1827//1827 1835//1835 
f 1829//1829 1828//1828 1837//1837 
f 1837//1837 1828//1828 1836//1836 
f 1830//1830 1829//1829 1838//1838 
f 1838//1838 1829//1829 1837//1837 
f 1825//1825 1838//1838 1831//1831 
f 1830//1830 1838//1838 1825//1825 
f 1826//1826 1832//1832 1979//1979 
f 1979//1979 1832//1832 1983//1983 
f 1835//1835 1982//1982 1984//1984 
f 1836//1836 1835//1835 1984//1984 
f 1985//1985 1836//1836 1984//1984 
f 1837//1837 1836//1836 1985//1985 
f 1986//1986 1837//1837 1985//1985 
f 1838//1838 1837//1837 1986//1986 
f 1987//1987 1838//1838 1986//1986 
f 1831//1831 1838//1838 1987//1987 
f 1831//1831 1987//1987 1833//1833 
f 1833//1833 1987//1987 1988//1988 
f 1834//1834 1833//1833 1989//1989 
f 1833//1833 1988//1988 1989//1989 
f 1983//1983 1832//1832 1834//1834 
f 1989//1989 1983//1983 1834//1834 
f 1839//1839 1847//1847 1845//1845 
f 1839//1839 1840//1840 1848//1848 
f 1847//1847 1839//1839 1848//1848 
f 1840//1840 1841//1841 1849//1849 
f 1848//1848 1840//1840 1849//1849 
f 1841//1841 1842//1842 1850//1850 
f 1849//1849 1841//1841 1850//1850 
f 1842//1842 1843//1843 1851//1851 
f 1850//1850 1842//1842 1851//1851 
f 1843//1843 1844//1844 1852//1852 
f 1851//1851 1843//1843 1852//1852 
f 1844//1844 1846//1846 1852//1852 
f 1847//1847 1857//1857 1853//1853 
f 1845//1845 1847//1847 1853//1853 
f 1848//1848 1858//1858 1847//1847 
f 1858//1858 1857//1857 1847//1847 
f 1849//1849 1859//1859 1848//1848 
f 1859//1859 1858//1858 1848//1848 
f 1850//1850 1860//1860 1849//1849 
f 1860//1860 1859//1859 1849//1849 
f 1851//1851 1861//1861 1850//1850 
f 1861//1861 1860//1860 1850//1850 
f 1852//1852 1862//1862 1851//1851 
f 1862//1862 1861//1861 1851//1851 
f 1846//1846 1854//1854 1862//1862 
f 1852//1852 1846//1846 1862//1862 
f 1855//1855 1865//1865 1863//1863 
f 1855//1855 1856//1856 1866//1866 
f 1865//1865 1855//1855 1866//1866 
f 1856//1856 2008//2008 1866//1866 
f 1853//1853 2008//2008 1856//1856 
f 1853//1853 2004//2004 2008//2008 
f 1853//1853 1857//1857 2004//2004 
f 1858//1858 2004//2004 1857//1857 
f 2005//2005 2004//2004 1858//1858 
f 1859//1859 2005//2005 1858//1858 
f 2006//2006 2005//2005 1859//1859 
f 1860//1860 2006//2006 1859//1859 
f 2007//2007 2006//2006 1860//1860 
f 2007//2007 1867//1867 2009//2009 
f 2007//2007 1860//1860 1867//1867 
f 1860//1860 1861//1861 1867//1867 
f 1862//1862 1868//1868 1861//1861 
f 1868//1868 1867//1867 1861//1861 
f 1854//1854 1864//1864 1868//1868 
f 1862//1862 1854//1854 1868//1868 
f 1865//1865 1871//1871 1869//1869 
f 1863//1863 1865//1865 1869//1869 
f 1866//1866 1872//1872 1865//1865 
f 1872//1872 1871//1871 1865//1865 
f 2014//2014 1866//1866 2008//2008 
f 1872//1872 1866//1866 2014//2014 
f 1873//1873 2009//2009 1867//1867 
f 2015//2015 2009//2009 1873//1873 
f 1868//1868 1874//1874 1867//1867 
f 1874//1874 1873//1873 1867//1867 
f 1864//1864 1870//1870 1874//1874 
f 1868//1868 1864//1864 1874//1874 
f 1871//1871 2016//2016 2022//2022 
f 1871//1871 2022//2022 1869//1869 
f 1869//1869 2022//2022 1875//1875 
f 1872//1872 2016//2016 1871//1871 
f 2017//2017 2016//2016 1872//1872 
f 2014//2014 2017//2017 1872//1872 
f 1877//1877 2015//2015 1873//1873 
f 2023//2023 2015//2015 1877//1877 
f 1874//1874 1878//1878 1873//1873 
f 1878//1878 1877//1877 1873//1873 
f 1870//1870 1876//1876 1878//1878 
f 1874//1874 1870//1870 1878//1878 
f 1875//1875 2022//2022 1879//1879 
f 2022//2022 2030//2030 1879//1879 
f 1883//1883 2023//2023 1877//1877 
f 2031//2031 2023//2023 1883//1883 
f 1878//1878 1884//1884 1877//1877 
f 1884//1884 1883//1883 1877//1877 
f 1876//1876 1880//1880 1884//1884 
f 1878//1878 1876//1876 1884//1884 
f 1881//1881 1887//1887 1885//1885 
f 1881//1881 1882//1882 1888//1888 
f 1887//1887 1881//1881 1888//1888 
f 1882//1882 2040//2040 1888//1888 
f 1882//1882 1879//1879 2040//2040 
f 1879//1879 2030//2030 2040//2040 
f 1883//1883 2032//2032 2031//2031 
f 1884//1884 2032//2032 1883//1883 
f 2033//2033 2032//2032 1884//1884 
f 2033//2033 1884//1884 1880//1880 
f 2033//2033 1880//1880 2041//2041 
f 2041//2041 1880//1880 1886//1886 
f 1887//1887 1891//1891 1889//1889 
f 1885//1885 1887//1887 1889//1889 
f 1888//1888 1892//1892 1887//1887 
f 1892//1892 1891//1891 1887//1887 
f 2044//2044 1888//1888 2040//2040 
f 1892//1892 1888//1888 2044//2044 
f 1886//1886 1890//1890 2041//2041 
f 2041//2041 1890//1890 2045//2045 
f 1891//1891 2046//2046 2050//2050 
f 1891//1891 2050//2050 1889//1889 
f 1889//1889 2050//2050 1893//1893 
f 1892//1892 2046//2046 1891//1891 
f 2047//2047 2046//2046 1892//1892 
f 2044//2044 2047//2047 1892//1892 
f 1890//1890 1894//1894 2045//2045 
f 2045//2045 1894//1894 2051//2051 
f 1893//1893 2050//2050 1895//1895 
f 2050//2050 2054//2054 1895//1895 
f 1894//1894 1896//1896 2051//2051 
f 2051//2051 1896//1896 2055//2055 
f 1897//1897 2056//2056 2062//2062 
f 1899//1899 1897//1897 2062//2062 
f 1898//1898 2057//2057 1897//1897 
f 1897//1897 2057//2057 2056//2056 
f 2054//2054 1898//1898 1895//1895 
f 2057//2057 1898//1898 2054//2054 
f 1901//1901 2063//2063 2058//2058 
f 1901//1901 2059//2059 1902//1902 
f 2058//2058 2059//2059 1901//1901 
f 1902//1902 2059//2059 2055//2055 
f 1902//1902 2055//2055 1900//1900 
f 1900//1900 2055//2055 1896//1896 
f 1899//1899 2062//2062 1903//1903 
f 2062//2062 2064//2064 1903//1903 
f 1909//1909 2063//2063 1901//1901 
f 2065//2065 2063//2063 1909//1909 
f 1902//1902 1910//1910 1901//1901 
f 1910//1910 1909//1909 1901//1901 
f 1900//1900 1904//1904 1910//1910 
f 1902//1902 1900//1900 1910//1910 
f 1905//1905 2066//2066 2068//2068 
f 1911//1911 1905//1905 2068//2068 
f 1906//1906 2067//2067 1905//1905 
f 1905//1905 2067//2067 2066//2066 
f 2064//2064 1906//1906 1903//1903 
f 2067//2067 1906//1906 2064//2064 
f 1907//1907 2065//2065 1909//1909 
f 1907//1907 1912//1912 2065//2065 
f 1912//1912 2069//2069 2065//2065 
f 1908//1908 1907//1907 1909//1909 
f 1910//1910 1908//1908 1909//1909 
f 1904//1904 1908//1908 1910//1910 
f 1911//1911 2068//2068 1913//1913 
f 2068//2068 2070//2070 1913//1913 
f 1912//1912 1914//1914 2069//2069 
f 2069//2069 1914//1914 2071//2071 
f 1915//1915 2072//2072 2074//2074 
f 1917//1917 1915//1915 2074//2074 
f 1916//1916 2073//2073 1915//1915 
f 1915//1915 2073//2073 2072//2072 
f 2070//2070 1916//1916 1913//1913 
f 2073//2073 1916//1916 2070//2070 
f 1914//1914 1918//1918 2071//2071 
f 2071//2071 1918//1918 2075//2075 
f 1917//1917 2074//2074 1919//1919 
f 2074//2074 2078//2078 1919//1919 
f 1918//1918 1920//1920 2075//2075 
f 2075//2075 1920//1920 2079//2079 
f 1925//1925 2080//2080 2087//2087 
f 1925//1925 1923//1923 1921//1921 
f 1925//1925 1921//1921 2080//2080 
f 2080//2080 1921//1921 2081//2081 
f 1922//1922 2082//2082 1921//1921 
f 1921//1921 2082//2082 2081//2081 
f 2078//2078 1922//1922 1919//1919 
f 2082//2082 1922//1922 2078//2078 
f 1926//1926 2088//2088 2083//2083 
f 1926//1926 2084//2084 1927//1927 
f 2083//2083 2084//2084 1926//1926 
f 1927//1927 2084//2084 2079//2079 
f 1927//1927 2079//2079 1924//1924 
f 1924//1924 2079//2079 1920//1920 
f 1933//1933 1925//1925 2087//2087 
f 2089//2089 1933//1933 2087//2087 
f 1923//1923 1933//1933 1928//1928 
f 1925//1925 1933//1933 1923//1923 
f 1934//1934 2088//2088 1926//1926 
f 2090//2090 2088//2088 1934//1934 
f 1927//1927 1935//1935 1926//1926 
f 1935//1935 1934//1934 1926//1926 
f 1924//1924 1929//1929 1935//1935 
f 1927//1927 1924//1924 1935//1935 
f 1930//1930 1933//1933 2089//2089 
f 1930//1930 2089//2089 1936//1936 
f 1936//1936 2089//2089 2091//2091 
f 1928//1928 1933//1933 1930//1930 
f 1931//1931 2090//2090 1934//1934 
f 1931//1931 1937//1937 2090//2090 
f 1937//1937 2092//2092 2090//2090 
f 1932//1932 1931//1931 1934//1934 
f 1935//1935 1932//1932 1934//1934 
f 1929//1929 1932//1932 1935//1935 
f 1936//1936 2091//2091 1938//1938 
f 2091//2091 2095//2095 1938//1938 
f 1937//1937 1939//1939 2092//2092 
f 2092//2092 1939//1939 2096//2096 
f 1938//1938 2095//2095 1940//1940 
f 2095//2095 2101//2101 1940//1940 
f 1942//1942 2102//2102 2097//2097 
f 1942//1942 2098//2098 1943//1943 
f 2097//2097 2098//2098 1942//1942 
f 1943//1943 2098//2098 2096//2096 
f 1943//1943 2096//2096 1941//1941 
f 1941//1941 2096//2096 1939//1939 
f 1940//1940 2101//2101 1944//1944 
f 2101//2101 2105//2105 1944//1944 
f 1949//1949 2102//2102 1942//1942 
f 2106//2106 2102//2102 1949//1949 
f 1943//1943 1950//1950 1942//1942 
f 1950//1950 1949//1949 1942//1942 
f 1941//1941 1945//1945 1950//1950 
f 1943//1943 1941//1941 1950//1950 
f 1953//1953 1946//1946 1944//1944 
f 1953//1953 1944//1944 2109//2109 
f 2109//2109 1944//1944 2105//2105 
f 1946//1946 1953//1953 1951//1951 
f 1947//1947 2106//2106 1949//1949 
f 1947//1947 1952//1952 2106//2106 
f 1952//1952 2110//2110 2106//2106 
f 1948//1948 1947//1947 1949//1949 
f 1950//1950 1948//1948 1949//1949 
f 1945//1945 1948//1948 1950//1950 
f 1956//1956 1953//1953 2109//2109 
f 2111//2111 1956//1956 2109//2109 
f 1951//1951 1956//1956 1954//1954 
f 1953//1953 1956//1956 1951//1951 
f 1952//1952 1955//1955 2110//2110 
f 2110//2110 1955//1955 2112//2112 
f 1961//1961 1956//1956 2111//2111 
f 2113//2113 1961//1961 2111//2111 
f 1954//1954 1961//1961 1957//1957 
f 1956//1956 1961//1961 1954//1954 
f 1955//1955 1958//1958 2112//2112 
f 2112//2112 1958//1958 2114//2114 
f 1961//1961 2113//2113 2115//2115 
f 2115//2115 1957//1957 1961//1961 
f 2115//2115 2120//2120 1957//1957 
f 2120//2120 1962//1962 1957//1957 
f 1959//1959 2121//2121 2116//2116 
f 1963//1963 2121//2121 1959//1959 
f 1960//1960 1959//1959 2117//2117 
f 1959//1959 2116//2116 2117//2117 
f 2114//2114 1958//1958 1960//1960 
f 2117//2117 2114//2114 1960//1960 
f 1962//1962 2120//2120 1964//1964 
f 2120//2120 2123//2123 1964//1964 
f 1963//1963 1965//1965 2121//2121 
f 2121//2121 1965//1965 2124//2124 
f 1970//1970 1966//1966 1964//1964 
f 1970//1970 1964//1964 2126//2126 
f 2126//2126 1964//1964 2123//2123 
f 1966//1966 1971//1971 1967//1967 
f 1970//1970 1971//1971 1966//1966 
f 1967//1967 1971//1971 1968//1968 
f 1965//1965 1969//1969 2124//2124 
f 2124//2124 1969//1969 2127//2127 
f 1976//1976 1970//1970 2126//2126 
f 2129//2129 1976//1976 2126//2126 
f 1971//1971 1970//1970 1977//1977 
f 1977//1977 1970//1970 1976//1976 
f 1968//1968 1977//1977 1972//1972 
f 1971//1971 1977//1977 1968//1968 
f 1969//1969 1973//1973 2127//2127 
f 2127//2127 1973//1973 2130//2130 
f 1980//1980 1976//1976 2129//2129 
f 2134//2134 1980//1980 2129//2129 
f 1977//1977 1976//1976 1981//1981 
f 1981//1981 1976//1976 1980//1980 
f 1972//1972 1981//1981 1978//1978 
f 1977//1977 1981//1981 1972//1972 
f 1974//1974 2135//2135 2131//2131 
f 1979//1979 2135//2135 1974//1974 
f 1975//1975 1974//1974 2132//2132 
f 1974//1974 2131//2131 2132//2132 
f 2130//2130 1973//1973 1975//1975 
f 2132//2132 2130//2130 1975//1975 
f 1990//1990 1980//1980 2134//2134 
f 2136//2136 1990//1990 2134//2134 
f 1981//1981 1980//1980 1991//1991 
f 1991//1991 1980//1980 1990//1990 
f 1978//1978 1991//1991 1982//1982 
f 1981//1981 1991//1991 1978//1978 
f 1979//1979 1983//1983 2135//2135 
f 2135//2135 1983//1983 2137//2137 
f 1990//1990 2136//2136 2138//2138 
f 1991//1991 1990//1990 2138//2138 
f 2139//2139 1991//1991 2138//2138 
f 1992//1992 2139//2139 2140//2140 
f 1984//1984 2139//2139 1992//1992 
f 1984//1984 1991//1991 2139//2139 
f 1984//1984 1982//1982 1991//1991 
f 1984//1984 1993//1993 1985//1985 
f 1992//1992 1993//1993 1984//1984 
f 1985//1985 1994//1994 1986//1986 
f 1993//1993 1994//1994 1985//1985 
f 1986//1986 1995//1995 1987//1987 
f 1994//1994 1995//1995 1986//1986 
f 1987//1987 1996//1996 1988//1988 
f 1995//1995 1996//1996 1987//1987 
f 1988//1988 1997//1997 1989//1989 
f 1996//1996 1997//1997 1988//1988 
f 1989//1989 1997//1997 2141//2141 
f 1989//1989 2141//2141 1983//1983 
f 1983//1983 2141//2141 2137//2137 
f 1998//1998 1992//1992 2140//2140 
f 2144//2144 1998//1998 2140//2140 
f 1993//1993 1992//1992 1999//1999 
f 1999//1999 1992//1992 1998//1998 
f 1994//1994 1993//1993 2000//2000 
f 2000//2000 1993//1993 1999//1999 
f 1995//1995 1994//1994 2001//2001 
f 2001//2001 1994//1994 2000//2000 
f 1996//1996 1995//1995 2002//2002 
f 2002//2002 1995//1995 2001//2001 
f 1997//1997 1996//1996 2003//2003 
f 2003//2003 1996//1996 2002//2002 
f 2145//2145 2141//2141 1997//1997 
f 2003//2003 2145//2145 1997//1997 
f 1998//1998 2144//2144 2146//2146 
f 1999//1999 1998//1998 2146//2146 
f 2147//2147 1999//1999 2146//2146 
f 2000//2000 1999//1999 2147//2147 
f 2148//2148 2000//2000 2147//2147 
f 2001//2001 2000//2000 2148//2148 
f 2149//2149 2001//2001 2148//2148 
f 2002//2002 2001//2001 2149//2149 
f 2150//2150 2002//2002 2149//2149 
f 2003//2003 2002//2002 2150//2150 
f 2151//2151 2003//2003 2150//2150 
f 2145//2145 2003//2003 2151//2151 
f 2004//2004 2010//2010 2008//2008 
f 2004//2004 2005//2005 2011//2011 
f 2010//2010 2004//2004 2011//2011 
f 2005//2005 2006//2006 2012//2012 
f 2011//2011 2005//2005 2012//2012 
f 2006//2006 2007//2007 2013//2013 
f 2012//2012 2006//2006 2013//2013 
f 2007//2007 2009//2009 2013//2013 
f 2010//2010 2018//2018 2014//2014 
f 2008//2008 2010//2010 2014//2014 
f 2011//2011 2019//2019 2010//2010 
f 2019//2019 2018//2018 2010//2010 
f 2012//2012 2020//2020 2011//2011 
f 2020//2020 2019//2019 2011//2011 
f 2013//2013 2021//2021 2012//2012 
f 2021//2021 2020//2020 2012//2012 
f 2009//2009 2015//2015 2021//2021 
f 2013//2013 2009//2009 2021//2021 
f 2016//2016 2024//2024 2022//2022 
f 2016//2016 2017//2017 2025//2025 
f 2024//2024 2016//2016 2025//2025 
f 2017//2017 2014//2014 2018//2018 
f 2017//2017 2018//2018 2025//2025 
f 2025//2025 2018//2018 2026//2026 
f 2019//2019 2027//2027 2018//2018 
f 2027//2027 2026//2026 2018//2018 
f 2020//2020 2028//2028 2019//2019 
f 2028//2028 2027//2027 2019//2019 
f 2021//2021 2029//2029 2020//2020 
f 2029//2029 2028//2028 2020//2020 
f 2015//2015 2023//2023 2029//2029 
f 2021//2021 2015//2015 2029//2029 
f 2024//2024 2034//2034 2030//2030 
f 2022//2022 2024//2024 2030//2030 
f 2025//2025 2035//2035 2024//2024 
f 2035//2035 2034//2034 2024//2024 
f 2026//2026 2036//2036 2025//2025 
f 2036//2036 2035//2035 2025//2025 
f 2027//2027 2037//2037 2026//2026 
f 2037//2037 2036//2036 2026//2026 
f 2028//2028 2038//2038 2027//2027 
f 2038//2038 2037//2037 2027//2027 
f 2029//2029 2039//2039 2028//2028 
f 2039//2039 2038//2038 2028//2028 
f 2023//2023 2031//2031 2039//2039 
f 2029//2029 2023//2023 2039//2039 
f 2034//2034 2154//2154 2160//2160 
f 2034//2034 2160//2160 2030//2030 
f 2030//2030 2160//2160 2040//2040 
f 2035//2035 2154//2154 2034//2034 
f 2155//2155 2154//2154 2035//2035 
f 2036//2036 2155//2155 2035//2035 
f 2156//2156 2155//2155 2036//2036 
f 2037//2037 2156//2156 2036//2036 
f 2157//2157 2156//2156 2037//2037 
f 2038//2038 2157//2157 2037//2037 
f 2158//2158 2157//2157 2038//2038 
f 2039//2039 2158//2158 2038//2038 
f 2159//2159 2158//2158 2039//2039 
f 2042//2042 2161//2161 2159//2159 
f 2032//2032 2042//2042 2159//2159 
f 2032//2032 2159//2159 2039//2039 
f 2032//2032 2039//2039 2031//2031 
f 2032//2032 2033//2033 2043//2043 
f 2042//2042 2032//2032 2043//2043 
f 2033//2033 2041//2041 2043//2043 
f 2040//2040 2160//2160 2044//2044 
f 2160//2160 2166//2166 2044//2044 
f 2048//2048 2161//2161 2042//2042 
f 2167//2167 2161//2161 2048//2048 
f 2043//2043 2049//2049 2042//2042 
f 2049//2049 2048//2048 2042//2042 
f 2041//2041 2045//2045 2049//2049 
f 2043//2043 2041//2041 2049//2049 
f 2046//2046 2168//2168 2174//2174 
f 2050//2050 2046//2046 2174//2174 
f 2047//2047 2169//2169 2046//2046 
f 2046//2046 2169//2169 2168//2168 
f 2166//2166 2047//2047 2044//2044 
f 2169//2169 2047//2047 2166//2166 
f 2052//2052 2167//2167 2048//2048 
f 2175//2175 2167//2167 2052//2052 
f 2049//2049 2053//2053 2048//2048 
f 2053//2053 2052//2052 2048//2048 
f 2045//2045 2051//2051 2053//2053 
f 2049//2049 2045//2045 2053//2053 
f 2050//2050 2174//2174 2054//2054 
f 2174//2174 2176//2176 2054//2054 
f 2060//2060 2175//2175 2052//2052 
f 2177//2177 2175//2175 2060//2060 
f 2053//2053 2061//2061 2052//2052 
f 2061//2061 2060//2060 2052//2052 
f 2051//2051 2055//2055 2061//2061 
f 2053//2053 2051//2051 2061//2061 
f 2056//2056 2178//2178 2180//2180 
f 2062//2062 2056//2056 2180//2180 
f 2057//2057 2179//2179 2056//2056 
f 2056//2056 2179//2179 2178//2178 
f 2176//2176 2057//2057 2054//2054 
f 2179//2179 2057//2057 2176//2176 
f 2058//2058 2177//2177 2060//2060 
f 2058//2058 2063//2063 2177//2177 
f 2063//2063 2181//2181 2177//2177 
f 2059//2059 2058//2058 2060//2060 
f 2061//2061 2059//2059 2060//2060 
f 2055//2055 2059//2059 2061//2061 
f 2062//2062 2180//2180 2064//2064 
f 2180//2180 2182//2182 2064//2064 
f 2063//2063 2065//2065 2181//2181 
f 2181//2181 2065//2065 2183//2183 
f 2066//2066 2184//2184 2186//2186 
f 2068//2068 2066//2066 2186//2186 
f 2067//2067 2185//2185 2066//2066 
f 2066//2066 2185//2185 2184//2184 
f 2182//2182 2067//2067 2064//2064 
f 2185//2185 2067//2067 2182//2182 
f 2065//2065 2069//2069 2183//2183 
f 2183//2183 2069//2069 2187//2187 
f 2068//2068 2186//2186 2070//2070 
f 2186//2186 2188//2188 2070//2070 
f 2069//2069 2071//2071 2187//2187 
f 2187//2187 2071//2071 2189//2189 
f 2076//2076 2190//2190 2194//2194 
f 2076//2076 2077//2077 2191//2191 
f 2190//2190 2076//2076 2191//2191 
f 2077//2077 2074//2074 2072//2072 
f 2077//2077 2072//2072 2191//2191 
f 2191//2191 2072//2072 2192//2192 
f 2073//2073 2193//2193 2072//2072 
f 2072//2072 2193//2193 2192//2192 
f 2188//2188 2073//2073 2070//2070 
f 2193//2193 2073//2073 2188//2188 
f 2071//2071 2075//2075 2189//2189 
f 2189//2189 2075//2075 2195//2195 
f 2085//2085 2076//2076 2194//2194 
f 2198//2198 2085//2085 2194//2194 
f 2077//2077 2076//2076 2086//2086 
f 2086//2086 2076//2076 2085//2085 
f 2074//2074 2086//2086 2078//2078 
f 2077//2077 2086//2086 2074//2074 
f 2075//2075 2079//2079 2195//2195 
f 2195//2195 2079//2079 2199//2199 
f 2080//2080 2200//2200 2205//2205 
f 2087//2087 2080//2080 2205//2205 
f 2198//2198 2081//2081 2085//2085 
f 2198//2198 2200//2200 2081//2081 
f 2200//2200 2080//2080 2081//2081 
f 2082//2082 2085//2085 2081//2081 
f 2086//2086 2085//2085 2082//2082 
f 2078//2078 2086//2086 2082//2082 
f 2083//2083 2206//2206 2201//2201 
f 2088//2088 2206//2206 2083//2083 
f 2084//2084 2083//2083 2202//2202 
f 2083//2083 2201//2201 2202//2202 
f 2199//2199 2079//2079 2084//2084 
f 2202//2202 2199//2199 2084//2084 
f 2087//2087 2205//2205 2089//2089 
f 2205//2205 2207//2207 2089//2089 
f 2088//2088 2090//2090 2206//2206 
f 2206//2206 2090//2090 2208//2208 
f 2093//2093 2209//2209 2211//2211 
f 2093//2093 2094//2094 2210//2210 
f 2209//2209 2093//2093 2210//2210 
f 2094//2094 2207//2207 2210//2210 
f 2094//2094 2091//2091 2207//2207 
f 2091//2091 2089//2089 2207//2207 
f 2090//2090 2092//2092 2208//2208 
f 2208//2208 2092//2092 2212//2212 
f 2099//2099 2093//2093 2211//2211 
f 2215//2215 2099//2099 2211//2211 
f 2094//2094 2093//2093 2100//2100 
f 2100//2100 2093//2093 2099//2099 
f 2091//2091 2100//2100 2095//2095 
f 2094//2094 2100//2100 2091//2091 
f 2092//2092 2096//2096 2212//2212 
f 2212//2212 2096//2096 2216//2216 
f 2103//2103 2099//2099 2215//2215 
f 2221//2221 2103//2103 2215//2215 
f 2100//2100 2099//2099 2104//2104 
f 2104//2104 2099//2099 2103//2103 
f 2095//2095 2104//2104 2101//2101 
f 2100//2100 2104//2104 2095//2095 
f 2097//2097 2222//2222 2217//2217 
f 2102//2102 2222//2222 2097//2097 
f 2098//2098 2097//2097 2218//2218 
f 2097//2097 2217//2217 2218//2218 
f 2216//2216 2096//2096 2098//2098 
f 2218//2218 2216//2216 2098//2098 
f 2107//2107 2103//2103 2221//2221 
f 2223//2223 2107//2107 2221//2221 
f 2104//2104 2103//2103 2108//2108 
f 2108//2108 2103//2103 2107//2107 
f 2101//2101 2108//2108 2105//2105 
f 2104//2104 2108//2108 2101//2101 
f 2102//2102 2106//2106 2222//2222 
f 2222//2222 2106//2106 2224//2224 
f 2107//2107 2223//2223 2225//2225 
f 2108//2108 2107//2107 2225//2225 
f 2226//2226 2108//2108 2225//2225 
f 2226//2226 2105//2105 2108//2108 
f 2226//2226 2227//2227 2105//2105 
f 2227//2227 2109//2109 2105//2105 
f 2106//2106 2110//2110 2224//2224 
f 2224//2224 2110//2110 2228//2228 
f 2109//2109 2227//2227 2111//2111 
f 2227//2227 2233//2233 2111//2111 
f 2110//2110 2112//2112 2228//2228 
f 2228//2228 2112//2112 2234//2234 
f 2111//2111 2233//2233 2113//2113 
f 2233//2233 2241//2241 2113//2113 
f 2118//2118 2242//2242 2235//2235 
f 2118//2118 2236//2236 2119//2119 
f 2235//2235 2236//2236 2118//2118 
f 2119//2119 2236//2236 2234//2234 
f 2119//2119 2234//2234 2114//2114 
f 2114//2114 2234//2234 2112//2112 
f 2122//2122 2115//2115 2113//2113 
f 2122//2122 2113//2113 2245//2245 
f 2245//2245 2113//2113 2241//2241 
f 2115//2115 2122//2122 2120//2120 
f 2116//2116 2242//2242 2118//2118 
f 2116//2116 2121//2121 2242//2242 
f 2121//2121 2246//2246 2242//2242 
f 2117//2117 2116//2116 2118//2118 
f 2119//2119 2117//2117 2118//2118 
f 2114//2114 2117//2117 2119//2119 
f 2125//2125 2122//2122 2245//2245 
f 2249//2249 2125//2125 2245//2245 
f 2120//2120 2125//2125 2123//2123 
f 2122//2122 2125//2125 2120//2120 
f 2121//2121 2124//2124 2246//2246 
f 2246//2246 2124//2124 2250//2250 
f 2128//2128 2125//2125 2249//2249 
f 2253//2253 2128//2128 2249//2249 
f 2123//2123 2128//2128 2126//2126 
f 2125//2125 2128//2128 2123//2123 
f 2124//2124 2127//2127 2250//2250 
f 2250//2250 2127//2127 2254//2254 
f 2133//2133 2128//2128 2253//2253 
f 2255//2255 2133//2133 2253//2253 
f 2126//2126 2133//2133 2129//2129 
f 2128//2128 2133//2133 2126//2126 
f 2127//2127 2130//2130 2254//2254 
f 2254//2254 2130//2130 2256//2256 
f 2133//2133 2255//2255 2257//2257 
f 2257//2257 2129//2129 2133//2133 
f 2257//2257 2260//2260 2129//2129 
f 2260//2260 2134//2134 2129//2129 
f 2131//2131 2261//2261 2258//2258 
f 2135//2135 2261//2261 2131//2131 
f 2132//2132 2131//2131 2259//2259 
f 2131//2131 2258//2258 2259//2259 
f 2256//2256 2130//2130 2132//2132 
f 2259//2259 2256//2256 2132//2132 
f 2134//2134 2260//2260 2136//2136 
f 2260//2260 2263//2263 2136//2136 
f 2135//2135 2137//2137 2261//2261 
f 2261//2261 2137//2137 2264//2264 
f 2142//2142 2138//2138 2136//2136 
f 2142//2142 2136//2136 2266//2266 
f 2266//2266 2136//2136 2263//2263 
f 2138//2138 2143//2143 2139//2139 
f 2142//2142 2143//2143 2138//2138 
f 2139//2139 2143//2143 2140//2140 
f 2137//2137 2141//2141 2264//2264 
f 2264//2264 2141//2141 2267//2267 
f 2152//2152 2142//2142 2266//2266 
f 2268//2268 2152//2152 2266//2266 
f 2143//2143 2142//2142 2153//2153 
f 2153//2153 2142//2142 2152//2152 
f 2140//2140 2153//2153 2144//2144 
f 2143//2143 2153//2153 2140//2140 
f 2141//2141 2145//2145 2267//2267 
f 2267//2267 2145//2145 2269//2269 
f 2152//2152 2268//2268 2270//2270 
f 2153//2153 2152//2152 2270//2270 
f 2271//2271 2153//2153 2270//2270 
f 2144//2144 2153//2153 2271//2271 
f 2144//2144 2271//2271 2146//2146 
f 2146//2146 2271//2271 2272//2272 
f 2147//2147 2146//2146 2273//2273 
f 2146//2146 2272//2272 2273//2273 
f 2148//2148 2147//2147 2274//2274 
f 2147//2147 2273//2273 2274//2274 
f 2149//2149 2148//2148 2275//2275 
f 2148//2148 2274//2274 2275//2275 
f 2150//2150 2149//2149 2276//2276 
f 2149//2149 2275//2275 2276//2276 
f 2151//2151 2150//2150 2277//2277 
f 2150//2150 2276//2276 2277//2277 
f 2269//2269 2145//2145 2151//2151 
f 2277//2277 2269//2269 2151//2151 
f 2154//2154 2162//2162 2160//2160 
f 2154//2154 2155//2155 2163//2163 
f 2162//2162 2154//2154 2163//2163 
f 2280//2280 2163//2163 2155//2155 
f 2280//2280 2155//2155 2278//2278 
f 2278//2278 2155//2155 2156//2156 
f 2157//2157 2279//2279 2156//2156 
f 2156//2156 2279//2279 2278//2278 
f 2164//2164 2281//2281 2279//2279 
f 2164//2164 2279//2279 2158//2158 
f 2158//2158 2279//2279 2157//2157 
f 2158//2158 2159//2159 2165//2165 
f 2164//2164 2158//2158 2165//2165 
f 2159//2159 2161//2161 2165//2165 
f 2162//2162 2170//2170 2166//2166 
f 2160//2160 2162//2162 2166//2166 
f 2163//2163 2171//2171 2162//2162 
f 2171//2171 2170//2170 2162//2162 
f 2284//2284 2163//2163 2280//2280 
f 2171//2171 2163//2163 2284//2284 
f 2172//2172 2281//2281 2164//2164 
f 2285//2285 2281//2281 2172//2172 
f 2165//2165 2173//2173 2164//2164 
f 2173//2173 2172//2172 2164//2164 
f 2161//2161 2167//2167 2173//2173 
f 2165//2165 2161//2161 2173//2173 
f 2168//2168 2286//2286 2294//2294 
f 2174//2174 2168//2168 2294//2294 
f 2169//2169 2287//2287 2168//2168 
f 2168//2168 2287//2287 2286//2286 
f 2170//2170 2169//2169 2166//2166 
f 2170//2170 2288//2288 2169//2169 
f 2288//2288 2287//2287 2169//2169 
f 2171//2171 2288//2288 2170//2170 
f 2289//2289 2288//2288 2171//2171 
f 2284//2284 2289//2289 2171//2171 
f 2172//2172 2290//2290 2285//2285 
f 2173//2173 2290//2290 2172//2172 
f 2291//2291 2290//2290 2173//2173 
f 2291//2291 2173//2173 2167//2167 
f 2291//2291 2167//2167 2295//2295 
f 2295//2295 2167//2167 2175//2175 
f 2174//2174 2294//2294 2176//2176 
f 2294//2294 2298//2298 2176//2176 
f 2175//2175 2177//2177 2295//2295 
f 2295//2295 2177//2177 2299//2299 
f 2178//2178 2300//2300 2304//2304 
f 2180//2180 2178//2178 2304//2304 
f 2179//2179 2301//2301 2178//2178 
f 2178//2178 2301//2301 2300//2300 
f 2298//2298 2179//2179 2176//2176 
f 2301//2301 2179//2179 2298//2298 
f 2177//2177 2181//2181 2299//2299 
f 2299//2299 2181//2181 2305//2305 
f 2180//2180 2304//2304 2182//2182 
f 2304//2304 2308//2308 2182//2182 
f 2181//2181 2183//2183 2305//2305 
f 2305//2305 2183//2183 2309//2309 
f 2184//2184 2310//2310 2314//2314 
f 2186//2186 2184//2184 2314//2314 
f 2185//2185 2311//2311 2184//2184 
f 2184//2184 2311//2311 2310//2310 
f 2308//2308 2185//2185 2182//2182 
f 2311//2311 2185//2185 2308//2308 
f 2183//2183 2187//2187 2309//2309 
f 2309//2309 2187//2187 2315//2315 
f 2186//2186 2314//2314 2188//2188 
f 2314//2314 2320//2320 2188//2188 
f 2187//2187 2189//2189 2315//2315 
f 2315//2315 2189//2189 2321//2321 
f 2190//2190 2322//2322 2332//2332 
f 2194//2194 2190//2190 2332//2332 
f 2191//2191 2323//2323 2190//2190 
f 2190//2190 2323//2323 2322//2322 
f 2192//2192 2324//2324 2191//2191 
f 2191//2191 2324//2324 2323//2323 
f 2193//2193 2325//2325 2192//2192 
f 2192//2192 2325//2325 2324//2324 
f 2320//2320 2193//2193 2188//2188 
f 2325//2325 2193//2193 2320//2320 
f 2196//2196 2333//2333 2326//2326 
f 2196//2196 2327//2327 2197//2197 
f 2326//2326 2327//2327 2196//2196 
f 2197//2197 2327//2327 2321//2321 
f 2197//2197 2321//2321 2195//2195 
f 2195//2195 2321//2321 2189//2189 
f 2194//2194 2332//2332 2198//2198 
f 2332//2332 2334//2334 2198//2198 
f 2203//2203 2333//2333 2196//2196 
f 2335//2335 2333//2333 2203//2203 
f 2197//2197 2204//2204 2196//2196 
f 2204//2204 2203//2203 2196//2196 
f 2195//2195 2199//2199 2204//2204 
f 2197//2197 2195//2195 2204//2204 
f 2200//2200 2336//2336 2337//2337 
f 2205//2205 2200//2200 2337//2337 
f 2334//2334 2200//2200 2198//2198 
f 2336//2336 2200//2200 2334//2334 
f 2201//2201 2335//2335 2203//2203 
f 2201//2201 2206//2206 2335//2335 
f 2206//2206 2338//2338 2335//2335 
f 2202//2202 2201//2201 2203//2203 
f 2204//2204 2202//2202 2203//2203 
f 2199//2199 2202//2202 2204//2204 
f 2205//2205 2337//2337 2207//2207 
f 2337//2337 2341//2341 2207//2207 
f 2206//2206 2208//2208 2338//2338 
f 2338//2338 2208//2208 2342//2342 
f 2209//2209 2343//2343 2349//2349 
f 2211//2211 2209//2209 2349//2349 
f 2210//2210 2344//2344 2209//2209 
f 2209//2209 2344//2344 2343//2343 
f 2341//2341 2210//2210 2207//2207 
f 2344//2344 2210//2210 2341//2341 
f 2213//2213 2350//2350 2345//2345 
f 2213//2213 2346//2346 2214//2214 
f 2345//2345 2346//2346 2213//2213 
f 2214//2214 2346//2346 2342//2342 
f 2214//2214 2342//2342 2212//2212 
f 2212//2212 2342//2342 2208//2208 
f 2211//2211 2349//2349 2215//2215 
f 2349//2349 2351//2351 2215//2215 
f 2219//2219 2350//2350 2213//2213 
f 2352//2352 2350//2350 2219//2219 
f 2214//2214 2220//2220 2213//2213 
f 2220//2220 2219//2219 2213//2213 
f 2212//2212 2216//2216 2220//2220 
f 2214//2214 2212//2212 2220//2220 
f 2215//2215 2351//2351 2221//2221 
f 2351//2351 2353//2353 2221//2221 
f 2217//2217 2352//2352 2219//2219 
f 2217//2217 2222//2222 2352//2352 
f 2222//2222 2354//2354 2352//2352 
f 2218//2218 2217//2217 2219//2219 
f 2220//2220 2218//2218 2219//2219 
f 2216//2216 2218//2218 2220//2220 
f 2221//2221 2353//2353 2223//2223 
f 2353//2353 2359//2359 2223//2223 
f 2222//2222 2224//2224 2354//2354 
f 2354//2354 2224//2224 2360//2360 
f 2229//2229 2225//2225 2223//2223 
f 2229//2229 2223//2223 2367//2367 
f 2367//2367 2223//2223 2359//2359 
f 2225//2225 2230//2230 2226//2226 
f 2229//2229 2230//2230 2225//2225 
f 2226//2226 2230//2230 2227//2227 
f 2231//2231 2368//2368 2361//2361 
f 2231//2231 2362//2362 2232//2232 
f 2361//2361 2362//2362 2231//2231 
f 2232//2232 2362//2362 2360//2360 
f 2232//2232 2360//2360 2228//2228 
f 2228//2228 2360//2360 2224//2224 
f 2237//2237 2229//2229 2367//2367 
f 2371//2371 2237//2237 2367//2367 
f 2230//2230 2229//2229 2238//2238 
f 2238//2238 2229//2229 2237//2237 
f 2227//2227 2238//2238 2233//2233 
f 2230//2230 2238//2238 2227//2227 
f 2239//2239 2368//2368 2231//2231 
f 2372//2372 2368//2368 2239//2239 
f 2232//2232 2240//2240 2231//2231 
f 2240//2240 2239//2239 2231//2231 
f 2228//2228 2234//2234 2240//2240 
f 2232//2232 2228//2228 2240//2240 
f 2243//2243 2237//2237 2371//2371 
f 2375//2375 2243//2243 2371//2371 
f 2238//2238 2237//2237 2244//2244 
f 2244//2244 2237//2237 2243//2243 
f 2233//2233 2244//2244 2241//2241 
f 2238//2238 2244//2244 2233//2233 
f 2235//2235 2372//2372 2239//2239 
f 2235//2235 2242//2242 2372//2372 
f 2242//2242 2376//2376 2372//2372 
f 2236//2236 2235//2235 2239//2239 
f 2240//2240 2236//2236 2239//2239 
f 2234//2234 2236//2236 2240//2240 
f 2247//2247 2243//2243 2375//2375 
f 2379//2379 2247//2247 2375//2375 
f 2244//2244 2243//2243 2248//2248 
f 2248//2248 2243//2243 2247//2247 
f 2241//2241 2248//2248 2245//2245 
f 2244//2244 2248//2248 2241//2241 
f 2242//2242 2246//2246 2376//2376 
f 2376//2376 2246//2246 2380//2380 
f 2251//2251 2247//2247 2379//2379 
f 2383//2383 2251//2251 2379//2379 
f 2248//2248 2247//2247 2252//2252 
f 2252//2252 2247//2247 2251//2251 
f 2245//2245 2252//2252 2249//2249 
f 2248//2248 2252//2252 2245//2245 
f 2246//2246 2250//2250 2380//2380 
f 2380//2380 2250//2250 2384//2384 
f 2251//2251 2383//2383 2385//2385 
f 2252//2252 2251//2251 2385//2385 
f 2386//2386 2252//2252 2385//2385 
f 2386//2386 2249//2249 2252//2252 
f 2386//2386 2389//2389 2249//2249 
f 2389//2389 2253//2253 2249//2249 
f 2250//2250 2254//2254 2384//2384 
f 2384//2384 2254//2254 2390//2390 
f 2253//2253 2389//2389 2255//2255 
f 2389//2389 2395//2395 2255//2255 
f 2254//2254 2256//2256 2390//2390 
f 2390//2390 2256//2256 2396//2396 
f 2262//2262 2257//2257 2255//2255 
f 2262//2262 2255//2255 2403//2403 
f 2403//2403 2255//2255 2395//2395 
f 2257//2257 2262//2262 2260//2260 
f 2258//2258 2404//2404 2397//2397 
f 2261//2261 2404//2404 2258//2258 
f 2259//2259 2258//2258 2398//2398 
f 2258//2258 2397//2397 2398//2398 
f 2396//2396 2256//2256 2259//2259 
f 2398//2398 2396//2396 2259//2259 
f 2265//2265 2262//2262 2403//2403 
f 2407//2407 2265//2265 2403//2403 
f 2260//2260 2265//2265 2263//2263 
f 2262//2262 2265//2265 2260//2260 
f 2261//2261 2264//2264 2404//2404 
f 2404//2404 2264//2264 2408//2408 
f 2265//2265 2407//2407 2409//2409 
f 2409//2409 2263//2263 2265//2265 
f 2409//2409 2412//2412 2263//2263 
f 2412//2412 2266//2266 2263//2263 
f 2264//2264 2267//2267 2408//2408 
f 2408//2408 2267//2267 2413//2413 
f 2266//2266 2412//2412 2268//2268 
f 2412//2412 2415//2415 2268//2268 
f 2267//2267 2269//2269 2413//2413 
f 2413//2413 2269//2269 2416//2416 
f 2268//2268 2415//2415 2417//2417 
f 2270//2270 2268//2268 2417//2417 
f 2271//2271 2270//2270 2418//2418 
f 2270//2270 2417//2417 2418//2418 
f 2272//2272 2271//2271 2419//2419 
f 2271//2271 2418//2418 2419//2419 
f 2273//2273 2272//2272 2420//2420 
f 2272//2272 2419//2419 2420//2420 
f 2274//2274 2273//2273 2421//2421 
f 2273//2273 2420//2420 2421//2421 
f 2275//2275 2274//2274 2422//2422 
f 2274//2274 2421//2421 2422//2422 
f 2276//2276 2275//2275 2423//2423 
f 2275//2275 2422//2422 2423//2423 
f 2277//2277 2276//2276 2424//2424 
f 2276//2276 2423//2423 2424//2424 
f 2416//2416 2269//2269 2277//2277 
f 2424//2424 2416//2416 2277//2277 
f 2278//2278 2282//2282 2280//2280 
f 2278//2278 2279//2279 2283//2283 
f 2282//2282 2278//2278 2283//2283 
f 2279//2279 2281//2281 2283//2283 
f 2282//2282 2292//2292 2284//2284 
f 2280//2280 2282//2282 2284//2284 
f 2283//2283 2293//2293 2282//2282 
f 2293//2293 2292//2292 2282//2282 
f 2281//2281 2285//2285 2293//2293 
f 2283//2283 2281//2281 2293//2293 
f 2286//2286 2426//2426 2432//2432 
f 2294//2294 2286//2286 2432//2432 
f 2287//2287 2427//2427 2286//2286 
f 2286//2286 2427//2427 2426//2426 
f 2288//2288 2428//2428 2287//2287 
f 2287//2287 2428//2428 2427//2427 
f 2289//2289 2429//2429 2288//2288 
f 2288//2288 2429//2429 2428//2428 
f 2292//2292 2289//2289 2284//2284 
f 2292//2292 2430//2430 2289//2289 
f 2430//2430 2429//2429 2289//2289 
f 2293//2293 2430//2430 2292//2292 
f 2431//2431 2430//2430 2293//2293 
f 2296//2296 2433//2433 2431//2431 
f 2290//2290 2296//2296 2431//2431 
f 2290//2290 2431//2431 2293//2293 
f 2290//2290 2293//2293 2285//2285 
f 2290//2290 2291//2291 2297//2297 
f 2296//2296 2290//2290 2297//2297 
f 2291//2291 2295//2295 2297//2297 
f 2294//2294 2432//2432 2298//2298 
f 2432//2432 2434//2434 2298//2298 
f 2302//2302 2433//2433 2296//2296 
f 2435//2435 2433//2433 2302//2302 
f 2297//2297 2303//2303 2296//2296 
f 2303//2303 2302//2302 2296//2296 
f 2295//2295 2299//2299 2303//2303 
f 2297//2297 2295//2295 2303//2303 
f 2300//2300 2436//2436 2438//2438 
f 2304//2304 2300//2300 2438//2438 
f 2301//2301 2437//2437 2300//2300 
f 2300//2300 2437//2437 2436//2436 
f 2434//2434 2301//2301 2298//2298 
f 2437//2437 2301//2301 2434//2434 
f 2306//2306 2435//2435 2302//2302 
f 2439//2439 2435//2435 2306//2306 
f 2303//2303 2307//2307 2302//2302 
f 2307//2307 2306//2306 2302//2302 
f 2299//2299 2305//2305 2307//2307 
f 2303//2303 2299//2299 2307//2307 
f 2304//2304 2438//2438 2308//2308 
f 2438//2438 2440//2440 2308//2308 
f 2312//2312 2439//2439 2306//2306 
f 2441//2441 2439//2439 2312//2312 
f 2307//2307 2313//2313 2306//2306 
f 2313//2313 2312//2312 2306//2306 
f 2305//2305 2309//2309 2313//2313 
f 2307//2307 2305//2305 2313//2313 
f 2316//2316 2442//2442 2446//2446 
f 2316//2316 2317//2317 2443//2443 
f 2442//2442 2316//2316 2443//2443 
f 2317//2317 2314//2314 2310//2310 
f 2317//2317 2310//2310 2443//2443 
f 2443//2443 2310//2310 2444//2444 
f 2311//2311 2445//2445 2310//2310 
f 2310//2310 2445//2445 2444//2444 
f 2440//2440 2311//2311 2308//2308 
f 2445//2445 2311//2311 2440//2440 
f 2318//2318 2441//2441 2312//2312 
f 2447//2447 2441//2441 2318//2318 
f 2313//2313 2319//2319 2312//2312 
f 2319//2319 2318//2318 2312//2312 
f 2309//2309 2315//2315 2319//2319 
f 2313//2313 2309//2309 2319//2319 
f 2328//2328 2316//2316 2446//2446 
f 2448//2448 2328//2328 2446//2446 
f 2317//2317 2316//2316 2329//2329 
f 2329//2329 2316//2316 2328//2328 
f 2314//2314 2329//2329 2320//2320 
f 2317//2317 2329//2329 2314//2314 
f 2330//2330 2447//2447 2318//2318 
f 2449//2449 2447//2447 2330//2330 
f 2319//2319 2331//2331 2318//2318 
f 2331//2331 2330//2330 2318//2318 
f 2315//2315 2321//2321 2331//2331 
f 2319//2319 2315//2315 2331//2331 
f 2322//2322 2450//2450 2452//2452 
f 2332//2332 2322//2322 2452//2452 
f 2323//2323 2451//2451 2322//2322 
f 2322//2322 2451//2451 2450//2450 
f 2448//2448 2324//2324 2328//2328 
f 2448//2448 2451//2451 2324//2324 
f 2451//2451 2323//2323 2324//2324 
f 2325//2325 2328//2328 2324//2324 
f 2329//2329 2328//2328 2325//2325 
f 2320//2320 2329//2329 2325//2325 
f 2326//2326 2449//2449 2330//2330 
f 2326//2326 2333//2333 2449//2449 
f 2333//2333 2453//2453 2449//2449 
f 2327//2327 2326//2326 2330//2330 
f 2331//2331 2327//2327 2330//2330 
f 2321//2321 2327//2327 2331//2331 
f 2332//2332 2452//2452 2334//2334 
f 2452//2452 2454//2454 2334//2334 
f 2333//2333 2335//2335 2453//2453 
f 2453//2453 2335//2335 2455//2455 
f 2336//2336 2456//2456 2459//2459 
f 2337//2337 2336//2336 2459//2459 
f 2454//2454 2336//2336 2334//2334 
f 2456//2456 2336//2336 2454//2454 
f 2339//2339 2460//2460 2457//2457 
f 2339//2339 2458//2458 2340//2340 
f 2457//2457 2458//2458 2339//2339 
f 2340//2340 2458//2458 2455//2455 
f 2340//2340 2455//2455 2338//2338 
f 2338//2338 2455//2455 2335//2335 
f 2337//2337 2459//2459 2341//2341 
f 2459//2459 2461//2461 2341//2341 
f 2347//2347 2460//2460 2339//2339 
f 2462//2462 2460//2460 2347//2347 
f 2340//2340 2348//2348 2339//2339 
f 2348//2348 2347//2347 2339//2339 
f 2338//2338 2342//2342 2348//2348 
f 2340//2340 2338//2338 2348//2348 
f 2343//2343 2463//2463 2465//2465 
f 2349//2349 2343//2343 2465//2465 
f 2344//2344 2464//2464 2343//2343 
f 2343//2343 2464//2464 2463//2463 
f 2461//2461 2344//2344 2341//2341 
f 2464//2464 2344//2344 2461//2461 
f 2345//2345 2462//2462 2347//2347 
f 2345//2345 2350//2350 2462//2462 
f 2350//2350 2466//2466 2462//2462 
f 2346//2346 2345//2345 2347//2347 
f 2348//2348 2346//2346 2347//2347 
f 2342//2342 2346//2346 2348//2348 
f 2349//2349 2465//2465 2351//2351 
f 2465//2465 2467//2467 2351//2351 
f 2350//2350 2352//2352 2466//2466 
f 2466//2466 2352//2352 2468//2468 
f 2355//2355 2469//2469 2473//2473 
f 2355//2355 2356//2356 2470//2470 
f 2469//2469 2355//2355 2470//2470 
f 2356//2356 2467//2467 2470//2470 
f 2356//2356 2353//2353 2467//2467 
f 2353//2353 2351//2351 2467//2467 
f 2357//2357 2474//2474 2471//2471 
f 2357//2357 2472//2472 2358//2358 
f 2471//2471 2472//2472 2357//2357 
f 2358//2358 2472//2472 2468//2468 
f 2358//2358 2468//2468 2354//2354 
f 2354//2354 2468//2468 2352//2352 
f 2363//2363 2355//2355 2473//2473 
f 2475//2475 2363//2363 2473//2473 
f 2356//2356 2355//2355 2364//2364 
f 2364//2364 2355//2355 2363//2363 
f 2353//2353 2364//2364 2359//2359 
f 2356//2356 2364//2364 2353//2353 
f 2365//2365 2474//2474 2357//2357 
f 2476//2476 2474//2474 2365//2365 
f 2358//2358 2366//2366 2357//2357 
f 2366//2366 2365//2365 2357//2357 
f 2354//2354 2360//2360 2366//2366 
f 2358//2358 2354//2354 2366//2366 
f 2369//2369 2363//2363 2475//2475 
f 2477//2477 2369//2369 2475//2475 
f 2364//2364 2363//2363 2370//2370 
f 2370//2370 2363//2363 2369//2369 
f 2359//2359 2370//2370 2367//2367 
f 2364//2364 2370//2370 2359//2359 
f 2361//2361 2476//2476 2365//2365 
f 2361//2361 2368//2368 2476//2476 
f 2368//2368 2478//2478 2476//2476 
f 2362//2362 2361//2361 2365//2365 
f 2366//2366 2362//2362 2365//2365 
f 2360//2360 2362//2362 2366//2366 
f 2373//2373 2369//2369 2477//2477 
f 2479//2479 2373//2373 2477//2477 
f 2370//2370 2369//2369 2374//2374 
f 2374//2374 2369//2369 2373//2373 
f 2367//2367 2374//2374 2371//2371 
f 2370//2370 2374//2374 2367//2367 
f 2368//2368 2372//2372 2478//2478 
f 2478//2478 2372//2372 2480//2480 
f 2377//2377 2373//2373 2479//2479 
f 2481//2481 2377//2377 2479//2479 
f 2374//2374 2373//2373 2378//2378 
f 2378//2378 2373//2373 2377//2377 
f 2371//2371 2378//2378 2375//2375 
f 2374//2374 2378//2378 2371//2371 
f 2372//2372 2376//2376 2480//2480 
f 2480//2480 2376//2376 2482//2482 
f 2381//2381 2377//2377 2481//2481 
f 2483//2483 2381//2381 2481//2481 
f 2378//2378 2377//2377 2382//2382 
f 2382//2382 2377//2377 2381//2381 
f 2375//2375 2382//2382 2379//2379 
f 2378//2378 2382//2382 2375//2375 
f 2376//2376 2380//2380 2482//2482 
f 2482//2482 2380//2380 2484//2484 
f 2387//2387 2381//2381 2483//2483 
f 2485//2485 2387//2387 2483//2483 
f 2382//2382 2381//2381 2388//2388 
f 2388//2388 2381//2381 2387//2387 
f 2379//2379 2388//2388 2383//2383 
f 2382//2382 2388//2388 2379//2379 
f 2380//2380 2384//2384 2484//2484 
f 2484//2484 2384//2384 2486//2486 
f 2387//2387 2485//2485 2487//2487 
f 2388//2388 2387//2387 2487//2487 
f 2488//2488 2388//2388 2487//2487 
f 2391//2391 2488//2488 2491//2491 
f 2385//2385 2488//2488 2391//2391 
f 2385//2385 2388//2388 2488//2488 
f 2385//2385 2383//2383 2388//2388 
f 2385//2385 2392//2392 2386//2386 
f 2391//2391 2392//2392 2385//2385 
f 2386//2386 2392//2392 2389//2389 
f 2393//2393 2492//2492 2489//2489 
f 2393//2393 2490//2490 2394//2394 
f 2489//2489 2490//2490 2393//2393 
f 2394//2394 2490//2490 2486//2486 
f 2394//2394 2486//2486 2390//2390 
f 2390//2390 2486//2486 2384//2384 
f 2399//2399 2391//2391 2491//2491 
f 2493//2493 2399//2399 2491//2491 
f 2392//2392 2391//2391 2400//2400 
f 2400//2400 2391//2391 2399//2399 
f 2389//2389 2400//2400 2395//2395 
f 2392//2392 2400//2400 2389//2389 
f 2401//2401 2492//2492 2393//2393 
f 2494//2494 2492//2492 2401//2401 
f 2394//2394 2402//2402 2393//2393 
f 2402//2402 2401//2401 2393//2393 
f 2390//2390 2396//2396 2402//2402 
f 2394//2394 2390//2390 2402//2402 
f 2405//2405 2399//2399 2493//2493 
f 2495//2495 2405//2405 2493//2493 
f 2400//2400 2399//2399 2406//2406 
f 2406//2406 2399//2399 2405//2405 
f 2395//2395 2406//2406 2403//2403 
f 2400//2400 2406//2406 2395//2395 
f 2397//2397 2494//2494 2401//2401 
f 2397//2397 2404//2404 2494//2494 
f 2404//2404 2496//2496 2494//2494 
f 2398//2398 2397//2397 2401//2401 
f 2402//2402 2398//2398 2401//2401 
f 2396//2396 2398//2398 2402//2402 
f 2410//2410 2405//2405 2495//2495 
f 2497//2497 2410//2410 2495//2495 
f 2406//2406 2405//2405 2411//2411 
f 2411//2411 2405//2405 2410//2410 
f 2403//2403 2411//2411 2407//2407 
f 2406//2406 2411//2411 2403//2403 
f 2404//2404 2408//2408 2496//2496 
f 2496//2496 2408//2408 2498//2498 
f 2410//2410 2497//2497 2499//2499 
f 2411//2411 2410//2410 2499//2499 
f 2500//2500 2411//2411 2499//2499 
f 2414//2414 2500//2500 2501//2501 
f 2409//2409 2500//2500 2414//2414 
f 2409//2409 2411//2411 2500//2500 
f 2409//2409 2407//2407 2411//2411 
f 2409//2409 2414//2414 2412//2412 
f 2408//2408 2413//2413 2498//2498 
f 2498//2498 2413//2413 2502//2502 
f 2425//2425 2414//2414 2501//2501 
f 2503//2503 2425//2425 2501//2501 
f 2412//2412 2425//2425 2415//2415 
f 2414//2414 2425//2425 2412//2412 
f 2413//2413 2416//2416 2502//2502 
f 2502//2502 2416//2416 2504//2504 
f 2425//2425 2503//2503 2505//2505 
f 2415//2415 2425//2425 2505//2505 
f 2415//2415 2505//2505 2417//2417 
f 2417//2417 2505//2505 2506//2506 
f 2418//2418 2417//2417 2507//2507 
f 2417//2417 2506//2506 2507//2507 
f 2419//2419 2418//2418 2508//2508 
f 2418//2418 2507//2507 2508//2508 
f 2420//2420 2419//2419 2509//2509 
f 2419//2419 2508//2508 2509//2509 
f 2421//2421 2420//2420 2510//2510 
f 2420//2420 2509//2509 2510//2510 
f 2422//2422 2421//2421 2511//2511 
f 2421//2421 2510//2510 2511//2511 
f 2423//2423 2422//2422 2512//2512 
f 2422//2422 2511//2511 2512//2512 
f 2424//2424 2423//2423 2513//2513 
f 2423//2423 2512//2512 2513//2513 
f 2504//2504 2416//2416 2424//2424 
f 2513//2513 2504//2504 2424//2424 
f 2426//2426 2514//2514 2520//2520 
f 2432//2432 2426//2426 2520//2520 
f 2427//2427 2515//2515 2426//2426 
f 2426//2426 2515//2515 2514//2514 
f 2428//2428 2516//2516 2427//2427 
f 2427//2427 2516//2516 2515//2515 
f 2429//2429 2517//2517 2428//2428 
f 2428//2428 2517//2517 2516//2516 
f 2430//2430 2518//2518 2429//2429 
f 2429//2429 2518//2518 2517//2517 
f 2431//2431 2519//2519 2430//2430 
f 2430//2430 2519//2519 2518//2518 
f 2519//2519 2431//2431 2433//2433 
f 2521//2521 2519//2519 2433//2433 
f 2432//2432 2520//2520 2434//2434 
f 2520//2520 2524//2524 2434//2434 
f 2433//2433 2435//2435 2521//2521 
f 2521//2521 2435//2435 2525//2525 
f 2436//2436 2526//2526 2530//2530 
f 2438//2438 2436//2436 2530//2530 
f 2437//2437 2527//2527 2436//2436 
f 2436//2436 2527//2527 2526//2526 
f 2524//2524 2437//2437 2434//2434 
f 2527//2527 2437//2437 2524//2524 
f 2435//2435 2439//2439 2525//2525 
f 2525//2525 2439//2439 2531//2531 
f 2438//2438 2530//2530 2440//2440 
f 2530//2530 2536//2536 2440//2440 
f 2439//2439 2441//2441 2531//2531 
f 2531//2531 2441//2441 2537//2537 
f 2442//2442 2538//2538 2546//2546 
f 2446//2446 2442//2442 2546//2546 
f 2443//2443 2539//2539 2442//2442 
f 2442//2442 2539//2539 2538//2538 
f 2444//2444 2540//2540 2443//2443 
f 2443//2443 2540//2540 2539//2539 
f 2445//2445 2541//2541 2444//2444 
f 2444//2444 2541//2541 2540//2540 
f 2536//2536 2445//2445 2440//2440 
f 2541//2541 2445//2445 2536//2536 
f 2441//2441 2447//2447 2537//2537 
f 2537//2537 2447//2447 2547//2547 
f 2446//2446 2546//2546 2448//2448 
f 2546//2546 2550//2550 2448//2448 
f 2447//2447 2449//2449 2547//2547 
f 2547//2547 2449//2449 2551//2551 
f 2450//2450 2552//2552 2556//2556 
f 2452//2452 2450//2450 2556//2556 
f 2451//2451 2553//2553 2450//2450 
f 2450//2450 2553//2553 2552//2552 
f 2550//2550 2451//2451 2448//2448 
f 2553//2553 2451//2451 2550//2550 
f 2449//2449 2453//2453 2551//2551 
f 2551//2551 2453//2453 2557//2557 
f 2452//2452 2556//2556 2454//2454 
f 2556//2556 2560//2560 2454//2454 
f 2453//2453 2455//2455 2557//2557 
f 2557//2557 2455//2455 2561//2561 
f 2456//2456 2562//2562 2567//2567 
f 2459//2459 2456//2456 2567//2567 
f 2560//2560 2456//2456 2454//2454 
f 2562//2562 2456//2456 2560//2560 
f 2457//2457 2568//2568 2563//2563 
f 2460//2460 2568//2568 2457//2457 
f 2458//2458 2457//2457 2564//2564 
f 2457//2457 2563//2563 2564//2564 
f 2561//2561 2455//2455 2458//2458 
f 2564//2564 2561//2561 2458//2458 
f 2459//2459 2567//2567 2461//2461 
f 2567//2567 2569//2569 2461//2461 
f 2460//2460 2462//2462 2568//2568 
f 2568//2568 2462//2462 2570//2570 
f 2463//2463 2571//2571 2573//2573 
f 2465//2465 2463//2463 2573//2573 
f 2464//2464 2572//2572 2463//2463 
f 2463//2463 2572//2572 2571//2571 
f 2569//2569 2464//2464 2461//2461 
f 2572//2572 2464//2464 2569//2569 
f 2462//2462 2466//2466 2570//2570 
f 2570//2570 2466//2466 2574//2574 
f 2465//2465 2573//2573 2467//2467 
f 2573//2573 2579//2579 2467//2467 
f 2466//2466 2468//2468 2574//2574 
f 2574//2574 2468//2468 2580//2580 
f 2469//2469 2581//2581 2589//2589 
f 2473//2473 2469//2469 2589//2589 
f 2470//2470 2582//2582 2469//2469 
f 2469//2469 2582//2582 2581//2581 
f 2579//2579 2470//2470 2467//2467 
f 2582//2582 2470//2470 2579//2579 
f 2471//2471 2590//2590 2583//2583 
f 2474//2474 2590//2590 2471//2471 
f 2472//2472 2471//2471 2584//2584 
f 2471//2471 2583//2583 2584//2584 
f 2580//2580 2468//2468 2472//2472 
f 2584//2584 2580//2580 2472//2472 
f 2473//2473 2589//2589 2475//2475 
f 2589//2589 2593//2593 2475//2475 
f 2474//2474 2476//2476 2590//2590 
f 2590//2590 2476//2476 2594//2594 
f 2475//2475 2593//2593 2477//2477 
f 2593//2593 2597//2597 2477//2477 
f 2476//2476 2478//2478 2594//2594 
f 2594//2594 2478//2478 2598//2598 
f 2477//2477 2597//2597 2479//2479 
f 2597//2597 2601//2601 2479//2479 
f 2478//2478 2480//2480 2598//2598 
f 2598//2598 2480//2480 2602//2602 
f 2479//2479 2601//2601 2481//2481 
f 2601//2601 2605//2605 2481//2481 
f 2480//2480 2482//2482 2602//2602 
f 2602//2602 2482//2482 2606//2606 
f 2481//2481 2605//2605 2483//2483 
f 2605//2605 2609//2609 2483//2483 
f 2482//2482 2484//2484 2606//2606 
f 2606//2606 2484//2484 2610//2610 
f 2483//2483 2609//2609 2485//2485 
f 2609//2609 2615//2615 2485//2485 
f 2484//2484 2486//2486 2610//2610 
f 2610//2610 2486//2486 2616//2616 
f 2485//2485 2615//2615 2617//2617 
f 2487//2487 2485//2485 2617//2617 
f 2488//2488 2487//2487 2618//2618 
f 2487//2487 2617//2617 2618//2618 
f 2618//2618 2491//2491 2488//2488 
f 2625//2625 2491//2491 2618//2618 
f 2489//2489 2626//2626 2619//2619 
f 2492//2492 2626//2626 2489//2489 
f 2490//2490 2489//2489 2620//2620 
f 2489//2489 2619//2619 2620//2620 
f 2616//2616 2486//2486 2490//2490 
f 2620//2620 2616//2616 2490//2490 
f 2491//2491 2625//2625 2493//2493 
f 2625//2625 2631//2631 2493//2493 
f 2492//2492 2494//2494 2626//2626 
f 2626//2626 2494//2494 2632//2632 
f 2493//2493 2631//2631 2495//2495 
f 2631//2631 2637//2637 2495//2495 
f 2494//2494 2496//2496 2632//2632 
f 2632//2632 2496//2496 2638//2638 
f 2495//2495 2637//2637 2497//2497 
f 2637//2637 2639//2639 2497//2497 
f 2496//2496 2498//2498 2638//2638 
f 2638//2638 2498//2498 2640//2640 
f 2497//2497 2639//2639 2641//2641 
f 2499//2499 2497//2497 2641//2641 
f 2500//2500 2499//2499 2642//2642 
f 2499//2499 2641//2641 2642//2642 
f 2642//2642 2501//2501 2500//2500 
f 2643//2643 2501//2501 2642//2642 
f 2498//2498 2502//2502 2640//2640 
f 2640//2640 2502//2502 2644//2644 
f 2501//2501 2643//2643 2503//2503 
f 2643//2643 2647//2647 2503//2503 
f 2502//2502 2504//2504 2644//2644 
f 2644//2644 2504//2504 2648//2648 
f 2503//2503 2647//2647 2649//2649 
f 2505//2505 2503//2503 2649//2649 
f 2506//2506 2505//2505 2650//2650 
f 2505//2505 2649//2649 2650//2650 
f 2507//2507 2506//2506 2651//2651 
f 2506//2506 2650//2650 2651//2651 
f 2508//2508 2507//2507 2652//2652 
f 2507//2507 2651//2651 2652//2652 
f 2509//2509 2508//2508 2653//2653 
f 2508//2508 2652//2652 2653//2653 
f 2510//2510 2509//2509 2654//2654 
f 2509//2509 2653//2653 2654//2654 
f 2511//2511 2510//2510 2655//2655 
f 2510//2510 2654//2654 2655//2655 
f 2512//2512 2511//2511 2656//2656 
f 2511//2511 2655//2655 2656//2656 
f 2513//2513 2512//2512 2657//2657 
f 2512//2512 2656//2656 2657//2657 
f 2648//2648 2504//2504 2513//2513 
f 2657//2657 2648//2648 2513//2513 
f 2514//2514 2660//2660 2664//2664 
f 2520//2520 2514//2514 2664//2664 
f 2515//2515 2661//2661 2514//2514 
f 2514//2514 2661//2661 2660//2660 
f 2516//2516 2662//2662 2515//2515 
f 2515//2515 2662//2662 2661//2661 
f 2517//2517 2663//2663 2516//2516 
f 2516//2516 2663//2663 2662//2662 
f 2522//2522 2665//2665 2663//2663 
f 2522//2522 2663//2663 2518//2518 
f 2518//2518 2663//2663 2517//2517 
f 2518//2518 2519//2519 2523//2523 
f 2522//2522 2518//2518 2523//2523 
f 2519//2519 2521//2521 2523//2523 
f 2520//2520 2664//2664 2524//2524 
f 2664//2664 2668//2668 2524//2524 
f 2528//2528 2665//2665 2522//2522 
f 2669//2669 2665//2665 2528//2528 
f 2523//2523 2529//2529 2522//2522 
f 2529//2529 2528//2528 2522//2522 
f 2521//2521 2525//2525 2529//2529 
f 2523//2523 2521//2521 2529//2529 
f 2532//2532 2670//2670 2676//2676 
f 2532//2532 2533//2533 2671//2671 
f 2670//2670 2532//2532 2671//2671 
f 2533//2533 2530//2530 2526//2526 
f 2533//2533 2526//2526 2671//2671 
f 2671//2671 2526//2526 2672//2672 
f 2527//2527 2673//2673 2526//2526 
f 2526//2526 2673//2673 2672//2672 
f 2668//2668 2527//2527 2524//2524 
f 2673//2673 2527//2527 2668//2668 
f 2534//2534 2669//2669 2528//2528 
f 2677//2677 2669//2669 2534//2534 
f 2529//2529 2535//2535 2528//2528 
f 2535//2535 2534//2534 2528//2528 
f 2525//2525 2531//2531 2535//2535 
f 2529//2529 2525//2525 2535//2535 
f 2542//2542 2532//2532 2676//2676 
f 2678//2678 2542//2542 2676//2676 
f 2533//2533 2532//2532 2543//2543 
f 2543//2543 2532//2532 2542//2542 
f 2530//2530 2543//2543 2536//2536 
f 2533//2533 2543//2543 2530//2530 
f 2544//2544 2677//2677 2534//2534 
f 2679//2679 2677//2677 2544//2544 
f 2535//2535 2545//2545 2534//2534 
f 2545//2545 2544//2544 2534//2534 
f 2531//2531 2537//2537 2545//2545 
f 2535//2535 2531//2531 2545//2545 
f 2538//2538 2680//2680 2682//2682 
f 2546//2546 2538//2538 2682//2682 
f 2539//2539 2681//2681 2538//2538 
f 2538//2538 2681//2681 2680//2680 
f 2678//2678 2540//2540 2542//2542 
f 2678//2678 2681//2681 2540//2540 
f 2681//2681 2539//2539 2540//2540 
f 2541//2541 2542//2542 2540//2540 
f 2543//2543 2542//2542 2541//2541 
f 2536//2536 2543//2543 2541//2541 
f 2548//2548 2679//2679 2544//2544 
f 2683//2683 2679//2679 2548//2548 
f 2545//2545 2549//2549 2544//2544 
f 2549//2549 2548//2548 2544//2544 
f 2537//2537 2547//2547 2549//2549 
f 2545//2545 2537//2537 2549//2549 
f 2546//2546 2682//2682 2550//2550 
f 2682//2682 2684//2684 2550//2550 
f 2554//2554 2683//2683 2548//2548 
f 2685//2685 2683//2683 2554//2554 
f 2549//2549 2555//2555 2548//2548 
f 2555//2555 2554//2554 2548//2548 
f 2547//2547 2551//2551 2555//2555 
f 2549//2549 2547//2547 2555//2555 
f 2552//2552 2686//2686 2688//2688 
f 2556//2556 2552//2552 2688//2688 
f 2553//2553 2687//2687 2552//2552 
f 2552//2552 2687//2687 2686//2686 
f 2684//2684 2553//2553 2550//2550 
f 2687//2687 2553//2553 2684//2684 
f 2558//2558 2685//2685 2554//2554 
f 2689//2689 2685//2685 2558//2558 
f 2555//2555 2559//2559 2554//2554 
f 2559//2559 2558//2558 2554//2554 
f 2551//2551 2557//2557 2559//2559 
f 2555//2555 2551//2551 2559//2559 
f 2556//2556 2688//2688 2560//2560 
f 2688//2688 2690//2690 2560//2560 
f 2565//2565 2689//2689 2558//2558 
f 2691//2691 2689//2689 2565//2565 
f 2559//2559 2566//2566 2558//2558 
f 2566//2566 2565//2565 2558//2558 
f 2557//2557 2561//2561 2566//2566 
f 2559//2559 2557//2557 2566//2566 
f 2562//2562 2692//2692 2693//2693 
f 2567//2567 2562//2562 2693//2693 
f 2690//2690 2562//2562 2560//2560 
f 2692//2692 2562//2562 2690//2690 
f 2563//2563 2691//2691 2565//2565 
f 2563//2563 2568//2568 2691//2691 
f 2568//2568 2694//2694 2691//2691 
f 2564//2564 2563//2563 2565//2565 
f 2566//2566 2564//2564 2565//2565 
f 2561//2561 2564//2564 2566//2566 
f 2567//2567 2693//2693 2569//2569 
f 2693//2693 2697//2697 2569//2569 
f 2568//2568 2570//2570 2694//2694 
f 2694//2694 2570//2570 2698//2698 
f 2575//2575 2699//2699 2707//2707 
f 2575//2575 2576//2576 2700//2700 
f 2699//2699 2575//2575 2700//2700 
f 2576//2576 2573//2573 2571//2571 
f 2576//2576 2571//2571 2700//2700 
f 2700//2700 2571//2571 2701//2701 
f 2572//2572 2702//2702 2571//2571 
f 2571//2571 2702//2702 2701//2701 
f 2697//2697 2572//2572 2569//2569 
f 2702//2702 2572//2572 2697//2697 
f 2577//2577 2708//2708 2703//2703 
f 2577//2577 2704//2704 2578//2578 
f 2703//2703 2704//2704 2577//2577 
f 2578//2578 2704//2704 2698//2698 
f 2578//2578 2698//2698 2574//2574 
f 2574//2574 2698//2698 2570//2570 
f 2585//2585 2575//2575 2707//2707 
f 2711//2711 2585//2585 2707//2707 
f 2576//2576 2575//2575 2586//2586 
f 2586//2586 2575//2575 2585//2585 
f 2573//2573 2586//2586 2579//2579 
f 2576//2576 2586//2586 2573//2573 
f 2587//2587 2708//2708 2577//2577 
f 2712//2712 2708//2708 2587//2587 
f 2578//2578 2588//2588 2577//2577 
f 2588//2588 2587//2587 2577//2577 
f 2574//2574 2580//2580 2588//2588 
f 2578//2578 2574//2574 2588//2588 
f 2591//2591 2713//2713 2717//2717 
f 2591//2591 2592//2592 2714//2714 
f 2713//2713 2591//2591 2714//2714 
f 2711//2711 2714//2714 2592//2592 
f 2585//2585 2711//2711 2592//2592 
f 2585//2585 2592//2592 2589//2589 
f 2585//2585 2589//2589 2581//2581 
f 2582//2582 2585//2585 2581//2581 
f 2586//2586 2585//2585 2582//2582 
f 2579//2579 2586//2586 2582//2582 
f 2583//2583 2712//2712 2587//2587 
f 2583//2583 2590//2590 2712//2712 
f 2590//2590 2718//2718 2712//2712 
f 2584//2584 2583//2583 2587//2587 
f 2588//2588 2584//2584 2587//2587 
f 2580//2580 2584//2584 2588//2588 
f 2595//2595 2591//2591 2717//2717 
f 2721//2721 2595//2595 2717//2717 
f 2592//2592 2591//2591 2596//2596 
f 2596//2596 2591//2591 2595//2595 
f 2589//2589 2596//2596 2593//2593 
f 2592//2592 2596//2596 2589//2589 
f 2590//2590 2594//2594 2718//2718 
f 2718//2718 2594//2594 2722//2722 
f 2599//2599 2595//2595 2721//2721 
f 2725//2725 2599//2599 2721//2721 
f 2596//2596 2595//2595 2600//2600 
f 2600//2600 2595//2595 2599//2599 
f 2593//2593 2600//2600 2597//2597 
f 2596//2596 2600//2600 2593//2593 
f 2594//2594 2598//2598 2722//2722 
f 2722//2722 2598//2598 2726//2726 
f 2603//2603 2599//2599 2725//2725 
f 2733//2733 2603//2603 2725//2725 
f 2600//2600 2599//2599 2604//2604 
f 2604//2604 2599//2599 2603//2603 
f 2597//2597 2604//2604 2601//2601 
f 2600//2600 2604//2604 2597//2597 
f 2598//2598 2602//2602 2726//2726 
f 2726//2726 2602//2602 2734//2734 
f 2607//2607 2603//2603 2733//2733 
f 2741//2741 2607//2607 2733//2733 
f 2604//2604 2603//2603 2608//2608 
f 2608//2608 2603//2603 2607//2607 
f 2601//2601 2608//2608 2605//2605 
f 2604//2604 2608//2608 2601//2601 
f 2602//2602 2606//2606 2734//2734 
f 2734//2734 2606//2606 2742//2742 
f 2611//2611 2607//2607 2741//2741 
f 2751//2751 2611//2611 2741//2741 
f 2608//2608 2607//2607 2612//2612 
f 2612//2612 2607//2607 2611//2611 
f 2605//2605 2612//2612 2609//2609 
f 2608//2608 2612//2612 2605//2605 
f 2613//2613 2752//2752 2743//2743 
f 2613//2613 2744//2744 2614//2614 
f 2743//2743 2744//2744 2613//2613 
f 2614//2614 2744//2744 2742//2742 
f 2614//2614 2742//2742 2610//2610 
f 2610//2610 2742//2742 2606//2606 
f 2621//2621 2611//2611 2751//2751 
f 2755//2755 2621//2621 2751//2751 
f 2612//2612 2611//2611 2622//2622 
f 2622//2622 2611//2611 2621//2621 
f 2609//2609 2622//2622 2615//2615 
f 2612//2612 2622//2622 2609//2609 
f 2623//2623 2752//2752 2613//2613 
f 2756//2756 2752//2752 2623//2623 
f 2614//2614 2624//2624 2613//2613 
f 2624//2624 2623//2623 2613//2613 
f 2610//2610 2616//2616 2624//2624 
f 2614//2614 2610//2610 2624//2624 
f 2627//2627 2621//2621 2755//2755 
f 2759//2759 2627//2627 2755//2755 
f 2622//2622 2621//2621 2628//2628 
f 2628//2628 2621//2621 2627//2627 
f 2615//2615 2629//2629 2617//2617 
f 2615//2615 2622//2622 2629//2629 
f 2622//2622 2628//2628 2629//2629 
f 2617//2617 2630//2630 2618//2618 
f 2629//2629 2630//2630 2617//2617 
f 2618//2618 2630//2630 2625//2625 
f 2619//2619 2756//2756 2623//2623 
f 2619//2619 2626//2626 2756//2756 
f 2626//2626 2760//2760 2756//2756 
f 2620//2620 2619//2619 2623//2623 
f 2624//2624 2620//2620 2623//2623 
f 2616//2616 2620//2620 2624//2624 
f 2633//2633 2627//2627 2759//2759 
f 2763//2763 2633//2633 2759//2759 
f 2628//2628 2627//2627 2634//2634 
f 2634//2634 2627//2627 2633//2633 
f 2629//2629 2628//2628 2635//2635 
f 2635//2635 2628//2628 2634//2634 
f 2630//2630 2629//2629 2636//2636 
f 2636//2636 2629//2629 2635//2635 
f 2625//2625 2636//2636 2631//2631 
f 2630//2630 2636//2636 2625//2625 
f 2626//2626 2632//2632 2760//2760 
f 2760//2760 2632//2632 2764//2764 
f 2633//2633 2763//2763 2765//2765 
f 2634//2634 2633//2633 2765//2765 
f 2766//2766 2634//2634 2765//2765 
f 2635//2635 2634//2634 2766//2766 
f 2767//2767 2635//2635 2766//2766 
f 2636//2636 2635//2635 2767//2767 
f 2768//2768 2636//2636 2767//2767 
f 2768//2768 2631//2631 2636//2636 
f 2768//2768 2771//2771 2631//2631 
f 2771//2771 2637//2637 2631//2631 
f 2632//2632 2638//2638 2764//2764 
f 2764//2764 2638//2638 2772//2772 
f 2637//2637 2771//2771 2639//2639 
f 2771//2771 2775//2775 2639//2639 
f 2638//2638 2640//2640 2772//2772 
f 2772//2772 2640//2640 2776//2776 
f 2639//2639 2775//2775 2777//2777 
f 2641//2641 2639//2639 2777//2777 
f 2642//2642 2641//2641 2778//2778 
f 2641//2641 2777//2777 2778//2778 
f 2778//2778 2643//2643 2642//2642 
f 2783//2783 2643//2643 2778//2778 
f 2645//2645 2784//2784 2779//2779 
f 2645//2645 2780//2780 2646//2646 
f 2779//2779 2780//2780 2645//2645 
f 2646//2646 2780//2780 2776//2776 
f 2646//2646 2776//2776 2644//2644 
f 2644//2644 2776//2776 2640//2640 
f 2643//2643 2783//2783 2647//2647 
f 2783//2783 2792//2792 2647//2647 
f 2658//2658 2784//2784 2645//2645 
f 2793//2793 2784//2784 2658//2658 
f 2646//2646 2659//2659 2645//2645 
f 2659//2659 2658//2658 2645//2645 
f 2644//2644 2648//2648 2659//2659 
f 2646//2646 2644//2644 2659//2659 
f 2647//2647 2792//2792 2794//2794 
f 2649//2649 2647//2647 2794//2794 
f 2650//2650 2649//2649 2795//2795 
f 2649//2649 2794//2794 2795//2795 
f 2651//2651 2650//2650 2796//2796 
f 2650//2650 2795//2795 2796//2796 
f 2652//2652 2651//2651 2797//2797 
f 2651//2651 2796//2796 2797//2797 
f 2653//2653 2652//2652 2798//2798 
f 2652//2652 2797//2797 2798//2798 
f 2654//2654 2653//2653 2799//2799 
f 2653//2653 2798//2798 2799//2799 
f 2655//2655 2654//2654 2800//2800 
f 2654//2654 2799//2799 2800//2800 
f 2793//2793 2658//2658 2656//2656 
f 2793//2793 2656//2656 2800//2800 
f 2800//2800 2656//2656 2655//2655 
f 2657//2657 2656//2656 2658//2658 
f 2659//2659 2657//2657 2658//2658 
f 2648//2648 2657//2657 2659//2659 
f 2660//2660 2808//2808 2810//2810 
f 2664//2664 2660//2660 2810//2810 
f 2661//2661 2809//2809 2660//2660 
f 2660//2660 2809//2809 2808//2808 
f 2666//2666 2811//2811 2809//2809 
f 2666//2666 2809//2809 2662//2662 
f 2662//2662 2809//2809 2661//2661 
f 2662//2662 2663//2663 2667//2667 
f 2666//2666 2662//2662 2667//2667 
f 2663//2663 2665//2665 2667//2667 
f 2664//2664 2810//2810 2668//2668 
f 2810//2810 2814//2814 2668//2668 
f 2674//2674 2811//2811 2666//2666 
f 2815//2815 2811//2811 2674//2674 
f 2667//2667 2675//2675 2666//2666 
f 2675//2675 2674//2674 2666//2666 
f 2665//2665 2669//2669 2675//2675 
f 2667//2667 2665//2665 2675//2675 
f 2670//2670 2816//2816 2824//2824 
f 2676//2676 2670//2670 2824//2824 
f 2671//2671 2817//2817 2670//2670 
f 2670//2670 2817//2817 2816//2816 
f 2672//2672 2818//2818 2671//2671 
f 2671//2671 2818//2818 2817//2817 
f 2673//2673 2819//2819 2672//2672 
f 2672//2672 2819//2819 2818//2818 
f 2814//2814 2673//2673 2668//2668 
f 2819//2819 2673//2673 2814//2814 
f 2674//2674 2820//2820 2815//2815 
f 2675//2675 2820//2820 2674//2674 
f 2821//2821 2820//2820 2675//2675 
f 2821//2821 2675//2675 2669//2669 
f 2821//2821 2669//2669 2825//2825 
f 2825//2825 2669//2669 2677//2677 
f 2676//2676 2824//2824 2678//2678 
f 2824//2824 2828//2828 2678//2678 
f 2677//2677 2679//2679 2825//2825 
f 2825//2825 2679//2679 2829//2829 
f 2680//2680 2830//2830 2834//2834 
f 2682//2682 2680//2680 2834//2834 
f 2681//2681 2831//2831 2680//2680 
f 2680//2680 2831//2831 2830//2830 
f 2828//2828 2681//2681 2678//2678 
f 2831//2831 2681//2681 2828//2828 
f 2679//2679 2683//2683 2829//2829 
f 2829//2829 2683//2683 2835//2835 
f 2682//2682 2834//2834 2684//2684 
f 2834//2834 2840//2840 2684//2684 
f 2683//2683 2685//2685 2835//2835 
f 2835//2835 2685//2685 2841//2841 
f 2686//2686 2842//2842 2848//2848 
f 2688//2688 2686//2686 2848//2848 
f 2687//2687 2843//2843 2686//2686 
f 2686//2686 2843//2843 2842//2842 
f 2840//2840 2687//2687 2684//2684 
f 2843//2843 2687//2687 2840//2840 
f 2685//2685 2689//2689 2841//2841 
f 2841//2841 2689//2689 2849//2849 
f 2688//2688 2848//2848 2690//2690 
f 2848//2848 2853//2853 2690//2690 
f 2689//2689 2691//2691 2849//2849 
f 2849//2849 2691//2691 2854//2854 
f 2695//2695 2855//2855 2861//2861 
f 2695//2695 2696//2696 2856//2856 
f 2855//2855 2695//2695 2856//2856 
f 2696//2696 2693//2693 2692//2692 
f 2696//2696 2692//2692 2856//2856 
f 2856//2856 2692//2692 2857//2857 
f 2853//2853 2692//2692 2690//2690 
f 2857//2857 2692//2692 2853//2853 
f 2691//2691 2694//2694 2854//2854 
f 2854//2854 2694//2694 2862//2862 
f 2705//2705 2695//2695 2861//2861 
f 2865//2865 2705//2705 2861//2861 
f 2696//2696 2695//2695 2706//2706 
f 2706//2706 2695//2695 2705//2705 
f 2693//2693 2706//2706 2697//2697 
f 2696//2696 2706//2706 2693//2693 
f 2694//2694 2698//2698 2862//2862 
f 2862//2862 2698//2698 2866//2866 
f 2709//2709 2867//2867 2875//2875 
f 2709//2709 2710//2710 2868//2868 
f 2867//2867 2709//2709 2868//2868 
f 2710//2710 2707//2707 2699//2699 
f 2710//2710 2699//2699 2868//2868 
f 2868//2868 2699//2699 2869//2869 
f 2700//2700 2870//2870 2699//2699 
f 2699//2699 2870//2870 2869//2869 
f 2865//2865 2701//2701 2705//2705 
f 2865//2865 2870//2870 2701//2701 
f 2870//2870 2700//2700 2701//2701 
f 2702//2702 2705//2705 2701//2701 
f 2706//2706 2705//2705 2702//2702 
f 2697//2697 2706//2706 2702//2702 
f 2703//2703 2876//2876 2871//2871 
f 2708//2708 2876//2876 2703//2703 
f 2704//2704 2703//2703 2872//2872 
f 2703//2703 2871//2871 2872//2872 
f 2866//2866 2698//2698 2704//2704 
f 2872//2872 2866//2866 2704//2704 
f 2715//2715 2709//2709 2875//2875 
f 2879//2879 2715//2715 2875//2875 
f 2710//2710 2709//2709 2716//2716 
f 2716//2716 2709//2709 2715//2715 
f 2707//2707 2716//2716 2711//2711 
f 2710//2710 2716//2716 2707//2707 
f 2708//2708 2712//2712 2876//2876 
f 2876//2876 2712//2712 2880//2880 
f 2719//2719 2881//2881 2885//2885 
f 2719//2719 2720//2720 2882//2882 
f 2881//2881 2719//2719 2882//2882 
f 2879//2879 2882//2882 2720//2720 
f 2715//2715 2879//2879 2720//2720 
f 2715//2715 2720//2720 2717//2717 
f 2715//2715 2717//2717 2713//2713 
f 2714//2714 2715//2715 2713//2713 
f 2716//2716 2715//2715 2714//2714 
f 2711//2711 2716//2716 2714//2714 
f 2712//2712 2718//2718 2880//2880 
f 2880//2880 2718//2718 2886//2886 
f 2723//2723 2719//2719 2885//2885 
f 2889//2889 2723//2723 2885//2885 
f 2720//2720 2719//2719 2724//2724 
f 2724//2724 2719//2719 2723//2723 
f 2717//2717 2724//2724 2721//2721 
f 2720//2720 2724//2724 2717//2717 
f 2718//2718 2722//2722 2886//2886 
f 2886//2886 2722//2722 2890//2890 
f 2727//2727 2891//2891 2897//2897 
f 2727//2727 2728//2728 2892//2892 
f 2891//2891 2727//2727 2892//2892 
f 2889//2889 2892//2892 2728//2728 
f 2889//2889 2728//2728 2723//2723 
f 2723//2723 2728//2728 2729//2729 
f 2724//2724 2723//2723 2730//2730 
f 2730//2730 2723//2723 2729//2729 
f 2721//2721 2730//2730 2725//2725 
f 2724//2724 2730//2730 2721//2721 
f 2731//2731 2898//2898 2893//2893 
f 2731//2731 2894//2894 2732//2732 
f 2893//2893 2894//2894 2731//2731 
f 2732//2732 2894//2894 2890//2890 
f 2732//2732 2890//2890 2726//2726 
f 2726//2726 2890//2890 2722//2722 
f 2735//2735 2727//2727 2897//2897 
f 2901//2901 2735//2735 2897//2897 
f 2728//2728 2727//2727 2736//2736 
f 2736//2736 2727//2727 2735//2735 
f 2729//2729 2728//2728 2737//2737 
f 2737//2737 2728//2728 2736//2736 
f 2730//2730 2729//2729 2738//2738 
f 2738//2738 2729//2729 2737//2737 
f 2725//2725 2738//2738 2733//2733 
f 2730//2730 2738//2738 2725//2725 
f 2739//2739 2898//2898 2731//2731 
f 2902//2902 2898//2898 2739//2739 
f 2732//2732 2740//2740 2731//2731 
f 2740//2740 2739//2739 2731//2731 
f 2726//2726 2734//2734 2740//2740 
f 2732//2732 2726//2726 2740//2740 
f 2745//2745 2735//2735 2901//2901 
f 2905//2905 2745//2745 2901//2901 
f 2736//2736 2735//2735 2746//2746 
f 2746//2746 2735//2735 2745//2745 
f 2737//2737 2736//2736 2747//2747 
f 2747//2747 2736//2736 2746//2746 
f 2738//2738 2737//2737 2748//2748 
f 2748//2748 2737//2737 2747//2747 
f 2733//2733 2748//2748 2741//2741 
f 2738//2738 2748//2748 2733//2733 
f 2749//2749 2902//2902 2739//2739 
f 2906//2906 2902//2902 2749//2749 
f 2740//2740 2750//2750 2739//2739 
f 2750//2750 2749//2749 2739//2739 
f 2734//2734 2742//2742 2750//2750 
f 2740//2740 2734//2734 2750//2750 
f 2745//2745 2905//2905 2907//2907 
f 2746//2746 2745//2745 2907//2907 
f 2908//2908 2746//2746 2907//2907 
f 2908//2908 2911//2911 2753//2753 
f 2908//2908 2753//2753 2746//2746 
f 2746//2746 2753//2753 2747//2747 
f 2748//2748 2747//2747 2754//2754 
f 2754//2754 2747//2747 2753//2753 
f 2741//2741 2754//2754 2751//2751 
f 2748//2748 2754//2754 2741//2741 
f 2743//2743 2906//2906 2749//2749 
f 2743//2743 2752//2752 2906//2906 
f 2752//2752 2912//2912 2906//2906 
f 2744//2744 2743//2743 2749//2749 
f 2750//2750 2744//2744 2749//2749 
f 2742//2742 2744//2744 2750//2750 
f 2757//2757 2753//2753 2911//2911 
f 2915//2915 2757//2757 2911//2911 
f 2754//2754 2753//2753 2758//2758 
f 2758//2758 2753//2753 2757//2757 
f 2751//2751 2758//2758 2755//2755 
f 2754//2754 2758//2758 2751//2751 
f 2752//2752 2756//2756 2912//2912 
f 2912//2912 2756//2756 2916//2916 
f 2761//2761 2757//2757 2915//2915 
f 2919//2919 2761//2761 2915//2915 
f 2758//2758 2757//2757 2762//2762 
f 2762//2762 2757//2757 2761//2761 
f 2755//2755 2762//2762 2759//2759 
f 2758//2758 2762//2762 2755//2755 
f 2756//2756 2760//2760 2916//2916 
f 2916//2916 2760//2760 2920//2920 
f 2769//2769 2761//2761 2919//2919 
f 2923//2923 2769//2769 2919//2919 
f 2762//2762 2761//2761 2770//2770 
f 2770//2770 2761//2761 2769//2769 
f 2759//2759 2770//2770 2763//2763 
f 2762//2762 2770//2770 2759//2759 
f 2760//2760 2764//2764 2920//2920 
f 2920//2920 2764//2764 2924//2924 
f 2769//2769 2923//2923 2925//2925 
f 2770//2770 2769//2769 2925//2925 
f 2926//2926 2770//2770 2925//2925 
f 2763//2763 2770//2770 2926//2926 
f 2763//2763 2926//2926 2765//2765 
f 2765//2765 2926//2926 2927//2927 
f 2766//2766 2765//2765 2928//2928 
f 2765//2765 2927//2927 2928//2928 
f 2773//2773 2928//2928 2931//2931 
f 2773//2773 2767//2767 2928//2928 
f 2767//2767 2766//2766 2928//2928 
f 2767//2767 2774//2774 2768//2768 
f 2773//2773 2774//2774 2767//2767 
f 2768//2768 2774//2774 2771//2771 
f 2764//2764 2772//2772 2924//2924 
f 2924//2924 2772//2772 2932//2932 
f 2781//2781 2773//2773 2931//2931 
f 2937//2937 2781//2781 2931//2931 
f 2774//2774 2773//2773 2782//2782 
f 2782//2782 2773//2773 2781//2781 
f 2771//2771 2782//2782 2775//2775 
f 2774//2774 2782//2782 2771//2771 
f 2772//2772 2776//2776 2932//2932 
f 2932//2932 2776//2776 2938//2938 
f 2781//2781 2937//2937 2939//2939 
f 2782//2782 2781//2781 2939//2939 
f 2940//2940 2782//2782 2939//2939 
f 2775//2775 2782//2782 2940//2940 
f 2775//2775 2940//2940 2777//2777 
f 2777//2777 2940//2940 2941//2941 
f 2778//2778 2777//2777 2942//2942 
f 2777//2777 2941//2941 2942//2942 
f 2783//2783 2943//2943 2785//2785 
f 2783//2783 2778//2778 2943//2943 
f 2778//2778 2942//2942 2943//2943 
f 2785//2785 2944//2944 2786//2786 
f 2943//2943 2944//2944 2785//2785 
f 2786//2786 2945//2945 2787//2787 
f 2944//2944 2945//2945 2786//2786 
f 2787//2787 2946//2946 2788//2788 
f 2945//2945 2946//2946 2787//2787 
f 2788//2788 2947//2947 2789//2789 
f 2946//2946 2947//2947 2788//2788 
f 2789//2789 2948//2948 2790//2790 
f 2947//2947 2948//2948 2789//2789 
f 2790//2790 2949//2949 2791//2791 
f 2948//2948 2949//2949 2790//2790 
f 2791//2791 2779//2779 2784//2784 
f 2791//2791 2949//2949 2779//2779 
f 2949//2949 2950//2950 2779//2779 
f 2780//2780 2779//2779 2951//2951 
f 2779//2779 2950//2950 2951//2951 
f 2938//2938 2776//2776 2780//2780 
f 2951//2951 2938//2938 2780//2780 
f 2785//2785 2801//2801 2792//2792 
f 2783//2783 2785//2785 2792//2792 
f 2786//2786 2802//2802 2785//2785 
f 2802//2802 2801//2801 2785//2785 
f 2787//2787 2803//2803 2786//2786 
f 2803//2803 2802//2802 2786//2786 
f 2788//2788 2804//2804 2787//2787 
f 2804//2804 2803//2803 2787//2787 
f 2789//2789 2805//2805 2788//2788 
f 2805//2805 2804//2804 2788//2788 
f 2790//2790 2806//2806 2789//2789 
f 2806//2806 2805//2805 2789//2789 
f 2791//2791 2807//2807 2790//2790 
f 2807//2807 2806//2806 2790//2790 
f 2784//2784 2793//2793 2807//2807 
f 2791//2791 2784//2784 2807//2807 
f 2792//2792 2801//2801 2794//2794 
f 2795//2795 2794//2794 2801//2801 
f 2802//2802 2795//2795 2801//2801 
f 2796//2796 2795//2795 2802//2802 
f 2803//2803 2796//2796 2802//2802 
f 2797//2797 2796//2796 2803//2803 
f 2804//2804 2797//2797 2803//2803 
f 2798//2798 2797//2797 2804//2804 
f 2805//2805 2798//2798 2804//2804 
f 2799//2799 2798//2798 2805//2805 
f 2806//2806 2799//2799 2805//2805 
f 2800//2800 2799//2799 2806//2806 
f 2807//2807 2800//2800 2806//2806 
f 2793//2793 2800//2800 2807//2807 
f 2808//2808 2812//2812 2810//2810 
f 2808//2808 2809//2809 2813//2813 
f 2812//2812 2808//2808 2813//2813 
f 2809//2809 2811//2811 2813//2813 
f 2812//2812 2822//2822 2814//2814 
f 2810//2810 2812//2812 2814//2814 
f 2813//2813 2823//2823 2812//2812 
f 2823//2823 2822//2822 2812//2812 
f 2811//2811 2815//2815 2823//2823 
f 2813//2813 2811//2811 2823//2823 
f 2816//2816 2956//2956 2962//2962 
f 2824//2824 2816//2816 2962//2962 
f 2817//2817 2957//2957 2816//2816 
f 2816//2816 2957//2957 2956//2956 
f 2818//2818 2958//2958 2817//2817 
f 2817//2817 2958//2958 2957//2957 
f 2819//2819 2959//2959 2818//2818 
f 2818//2818 2959//2959 2958//2958 
f 2822//2822 2819//2819 2814//2814 
f 2822//2822 2960//2960 2819//2819 
f 2960//2960 2959//2959 2819//2819 
f 2823//2823 2960//2960 2822//2822 
f 2961//2961 2960//2960 2823//2823 
f 2826//2826 2963//2963 2961//2961 
f 2820//2820 2826//2826 2961//2961 
f 2820//2820 2961//2961 2823//2823 
f 2820//2820 2823//2823 2815//2815 
f 2820//2820 2821//2821 2827//2827 
f 2826//2826 2820//2820 2827//2827 
f 2821//2821 2825//2825 2827//2827 
f 2824//2824 2962//2962 2828//2828 
f 2962//2962 2966//2966 2828//2828 
f 2832//2832 2963//2963 2826//2826 
f 2967//2967 2963//2963 2832//2832 
f 2827//2827 2833//2833 2826//2826 
f 2833//2833 2832//2832 2826//2826 
f 2825//2825 2829//2829 2833//2833 
f 2827//2827 2825//2825 2833//2833 
f 2836//2836 2968//2968 2974//2974 
f 2836//2836 2837//2837 2969//2969 
f 2968//2968 2836//2836 2969//2969 
f 2837//2837 2834//2834 2830//2830 
f 2837//2837 2830//2830 2969//2969 
f 2969//2969 2830//2830 2970//2970 
f 2831//2831 2971//2971 2830//2830 
f 2830//2830 2971//2971 2970//2970 
f 2966//2966 2831//2831 2828//2828 
f 2971//2971 2831//2831 2966//2966 
f 2838//2838 2967//2967 2832//2832 
f 2975//2975 2967//2967 2838//2838 
f 2833//2833 2839//2839 2832//2832 
f 2839//2839 2838//2838 2832//2832 
f 2829//2829 2835//2835 2839//2839 
f 2833//2833 2829//2829 2839//2839 
f 2844//2844 2836//2836 2974//2974 
f 2976//2976 2844//2844 2974//2974 
f 2837//2837 2836//2836 2845//2845 
f 2845//2845 2836//2836 2844//2844 
f 2834//2834 2845//2845 2840//2840 
f 2837//2837 2845//2845 2834//2834 
f 2846//2846 2975//2975 2838//2838 
f 2977//2977 2975//2975 2846//2846 
f 2839//2839 2847//2847 2838//2838 
f 2847//2847 2846//2846 2838//2838 
f 2835//2835 2841//2841 2847//2847 
f 2839//2839 2835//2835 2847//2847 
f 2850//2850 2978//2978 2979//2979 
f 2976//2976 2978//2978 2850//2850 
f 2844//2844 2976//2976 2850//2850 
f 2844//2844 2850//2850 2848//2848 
f 2844//2844 2848//2848 2842//2842 
f 2843//2843 2844//2844 2842//2842 
f 2845//2845 2844//2844 2843//2843 
f 2840//2840 2845//2845 2843//2843 
f 2851//2851 2977//2977 2846//2846 
f 2980//2980 2977//2977 2851//2851 
f 2847//2847 2852//2852 2846//2846 
f 2852//2852 2851//2851 2846//2846 
f 2841//2841 2849//2849 2852//2852 
f 2847//2847 2841//2841 2852//2852 
f 2858//2858 2850//2850 2979//2979 
f 2981//2981 2858//2858 2979//2979 
f 2848//2848 2858//2858 2853//2853 
f 2850//2850 2858//2858 2848//2848 
f 2859//2859 2980//2980 2851//2851 
f 2982//2982 2980//2980 2859//2859 
f 2852//2852 2860//2860 2851//2851 
f 2860//2860 2859//2859 2851//2851 
f 2849//2849 2854//2854 2860//2860 
f 2852//2852 2849//2849 2860//2860 
f 2855//2855 2983//2983 2985//2985 
f 2861//2861 2855//2855 2985//2985 
f 2856//2856 2984//2984 2855//2855 
f 2855//2855 2984//2984 2983//2983 
f 2981//2981 2857//2857 2858//2858 
f 2981//2981 2984//2984 2857//2857 
f 2984//2984 2856//2856 2857//2857 
f 2853//2853 2858//2858 2857//2857 
f 2863//2863 2982//2982 2859//2859 
f 2986//2986 2982//2982 2863//2863 
f 2860//2860 2864//2864 2859//2859 
f 2864//2864 2863//2863 2859//2859 
f 2854//2854 2862//2862 2864//2864 
f 2860//2860 2854//2854 2864//2864 
f 2861//2861 2985//2985 2865//2865 
f 2985//2985 2987//2987 2865//2865 
f 2873//2873 2986//2986 2863//2863 
f 2988//2988 2986//2986 2873//2873 
f 2864//2864 2874//2874 2863//2863 
f 2874//2874 2873//2873 2863//2863 
f 2862//2862 2866//2866 2874//2874 
f 2864//2864 2862//2862 2874//2874 
f 2877//2877 2989//2989 2995//2995 
f 2877//2877 2878//2878 2990//2990 
f 2989//2989 2877//2877 2990//2990 
f 2878//2878 2875//2875 2867//2867 
f 2878//2878 2867//2867 2990//2990 
f 2990//2990 2867//2867 2991//2991 
f 2868//2868 2992//2992 2867//2867 
f 2867//2867 2992//2992 2991//2991 
f 2869//2869 2993//2993 2868//2868 
f 2868//2868 2993//2993 2992//2992 
f 2870//2870 2994//2994 2869//2869 
f 2869//2869 2994//2994 2993//2993 
f 2987//2987 2870//2870 2865//2865 
f 2994//2994 2870//2870 2987//2987 
f 2871//2871 2988//2988 2873//2873 
f 2871//2871 2876//2876 2988//2988 
f 2876//2876 2996//2996 2988//2988 
f 2872//2872 2871//2871 2873//2873 
f 2874//2874 2872//2872 2873//2873 
f 2866//2866 2872//2872 2874//2874 
f 2883//2883 2877//2877 2995//2995 
f 3001//3001 2883//2883 2995//2995 
f 2878//2878 2877//2877 2884//2884 
f 2884//2884 2877//2877 2883//2883 
f 2875//2875 2884//2884 2879//2879 
f 2878//2878 2884//2884 2875//2875 
f 2876//2876 2880//2880 2996//2996 
f 2996//2996 2880//2880 3002//3002 
f 2881//2881 2883//2883 3001//3001 
f 2881//2881 3001//3001 2885//2885 
f 2885//2885 3001//3001 3009//3009 
f 2882//2882 2883//2883 2881//2881 
f 2884//2884 2883//2883 2882//2882 
f 2879//2879 2884//2884 2882//2882 
f 2887//2887 3010//3010 3003//3003 
f 2887//2887 3004//3004 2888//2888 
f 3003//3003 3004//3004 2887//2887 
f 2888//2888 3004//3004 3002//3002 
f 2888//2888 3002//3002 2886//2886 
f 2886//2886 3002//3002 2880//2880 
f 2885//2885 3009//3009 2889//2889 
f 3009//3009 3013//3013 2889//2889 
f 2895//2895 3010//3010 2887//2887 
f 3014//3014 3010//3010 2895//2895 
f 2888//2888 2896//2896 2887//2887 
f 2896//2896 2895//2895 2887//2887 
f 2886//2886 2890//2890 2896//2896 
f 2888//2888 2886//2886 2896//2896 
f 2891//2891 2899//2899 2897//2897 
f 2891//2891 2892//2892 2900//2900 
f 2899//2899 2891//2891 2900//2900 
f 2892//2892 3017//3017 2900//2900 
f 2892//2892 2889//2889 3017//3017 
f 2889//2889 3013//3013 3017//3017 
f 2893//2893 3014//3014 2895//2895 
f 2893//2893 2898//2898 3014//3014 
f 2898//2898 3018//3018 3014//3014 
f 2894//2894 2893//2893 2895//2895 
f 2896//2896 2894//2894 2895//2895 
f 2890//2890 2894//2894 2896//2896 
f 2899//2899 2903//2903 2901//2901 
f 2897//2897 2899//2899 2901//2901 
f 2900//2900 2904//2904 2899//2899 
f 2904//2904 2903//2903 2899//2899 
f 3019//3019 2900//2900 3017//3017 
f 2904//2904 2900//2900 3019//3019 
f 2898//2898 2902//2902 3018//3018 
f 3018//3018 2902//2902 3020//3020 
f 2903//2903 3021//3021 3025//3025 
f 2903//2903 3025//3025 2901//2901 
f 2901//2901 3025//3025 2905//2905 
f 2904//2904 3021//3021 2903//2903 
f 3022//3022 3021//3021 2904//2904 
f 3019//3019 3022//3022 2904//2904 
f 2909//2909 3026//3026 3023//3023 
f 2909//2909 3024//3024 2910//2910 
f 3023//3023 3024//3024 2909//2909 
f 2910//2910 3024//3024 3020//3020 
f 2910//2910 3020//3020 2906//2906 
f 2906//2906 3020//3020 2902//2902 
f 2905//2905 3025//3025 3027//3027 
f 2907//2907 2905//2905 3027//3027 
f 2908//2908 2907//2907 3028//3028 
f 2907//2907 3027//3027 3028//3028 
f 3028//3028 2911//2911 2908//2908 
f 3031//3031 2911//2911 3028//3028 
f 2913//2913 3026//3026 2909//2909 
f 3032//3032 3026//3026 2913//2913 
f 2910//2910 2914//2914 2909//2909 
f 2914//2914 2913//2913 2909//2909 
f 2906//2906 2912//2912 2914//2914 
f 2910//2910 2906//2906 2914//2914 
f 2911//2911 3031//3031 2915//2915 
f 3031//3031 3033//3033 2915//2915 
f 2917//2917 3032//3032 2913//2913 
f 3034//3034 3032//3032 2917//2917 
f 2914//2914 2918//2918 2913//2913 
f 2918//2918 2917//2917 2913//2913 
f 2912//2912 2916//2916 2918//2918 
f 2914//2914 2912//2912 2918//2918 
f 2915//2915 3033//3033 2919//2919 
f 3033//3033 3035//3035 2919//2919 
f 2921//2921 3034//3034 2917//2917 
f 3036//3036 3034//3034 2921//2921 
f 2918//2918 2922//2922 2917//2917 
f 2922//2922 2921//2921 2917//2917 
f 2916//2916 2920//2920 2922//2922 
f 2918//2918 2916//2916 2922//2922 
f 2919//2919 3035//3035 2923//2923 
f 3035//3035 3041//3041 2923//2923 
f 2929//2929 3036//3036 2921//2921 
f 3042//3042 3036//3036 2929//2929 
f 2922//2922 2930//2930 2921//2921 
f 2930//2930 2929//2929 2921//2921 
f 2920//2920 2924//2924 2930//2930 
f 2922//2922 2920//2920 2930//2930 
f 2923//2923 3041//3041 3043//3043 
f 2925//2925 2923//2923 3043//3043 
f 2926//2926 2925//2925 3044//3044 
f 2925//2925 3043//3043 3044//3044 
f 2927//2927 2926//2926 3045//3045 
f 2926//2926 3044//3044 3045//3045 
f 2928//2928 2927//2927 3046//3046 
f 2927//2927 3045//3045 3046//3046 
f 3046//3046 2931//2931 2928//2928 
f 3053//3053 2931//2931 3046//3046 
f 2933//2933 3054//3054 3047//3047 
f 2933//2933 3048//3048 2934//2934 
f 3047//3047 3048//3048 2933//2933 
f 3042//3042 2934//2934 3048//3048 
f 3042//3042 2929//2929 2934//2934 
f 2929//2929 2935//2935 2934//2934 
f 2930//2930 2936//2936 2929//2929 
f 2936//2936 2935//2935 2929//2929 
f 2924//2924 2932//2932 2936//2936 
f 2930//2930 2924//2924 2936//2936 
f 2931//2931 3053//3053 2937//2937 
f 3053//3053 3059//3059 2937//2937 
f 2952//2952 3054//3054 2933//2933 
f 3060//3060 3054//3054 2952//2952 
f 2934//2934 2953//2953 2933//2933 
f 2953//2953 2952//2952 2933//2933 
f 2935//2935 2954//2954 2934//2934 
f 2954//2954 2953//2953 2934//2934 
f 2936//2936 2955//2955 2935//2935 
f 2955//2955 2954//2954 2935//2935 
f 2932//2932 2938//2938 2955//2955 
f 2936//2936 2932//2932 2955//2955 
f 2937//2937 3059//3059 3061//3061 
f 2939//2939 2937//2937 3061//3061 
f 2940//2940 2939//2939 3062//3062 
f 2939//2939 3061//3061 3062//3062 
f 2941//2941 2940//2940 3063//3063 
f 2940//2940 3062//3062 3063//3063 
f 2942//2942 2941//2941 3064//3064 
f 2941//2941 3063//3063 3064//3064 
f 2943//2943 2942//2942 3065//3065 
f 2942//2942 3064//3064 3065//3065 
f 2944//2944 2943//2943 3066//3066 
f 2943//2943 3065//3065 3066//3066 
f 2945//2945 2944//2944 3067//3067 
f 2944//2944 3066//3066 3067//3067 
f 2946//2946 2945//2945 3068//3068 
f 2945//2945 3067//3067 3068//3068 
f 2947//2947 2946//2946 3069//3069 
f 2946//2946 3068//3068 3069//3069 
f 3060//3060 2952//2952 2948//2948 
f 3060//3060 2948//2948 3069//3069 
f 3069//3069 2948//2948 2947//2947 
f 2949//2949 2948//2948 2952//2952 
f 2953//2953 2949//2949 2952//2952 
f 2950//2950 2949//2949 2953//2953 
f 2954//2954 2950//2950 2953//2953 
f 2951//2951 2950//2950 2954//2954 
f 2955//2955 2951//2951 2954//2954 
f 2938//2938 2951//2951 2955//2955 
f 2956//2956 3074//3074 3078//3078 
f 2962//2962 2956//2956 3078//3078 
f 2957//2957 3075//3075 2956//2956 
f 2956//2956 3075//3075 3074//3074 
f 2958//2958 3076//3076 2957//2957 
f 2957//2957 3076//3076 3075//3075 
f 2959//2959 3077//3077 2958//2958 
f 2958//2958 3077//3077 3076//3076 
f 2964//2964 3079//3079 3077//3077 
f 2964//2964 3077//3077 2960//2960 
f 2960//2960 3077//3077 2959//2959 
f 2960//2960 2961//2961 2965//2965 
f 2964//2964 2960//2960 2965//2965 
f 2961//2961 2963//2963 2965//2965 
f 2962//2962 3078//3078 2966//2966 
f 3078//3078 3082//3082 2966//2966 
f 2972//2972 3079//3079 2964//2964 
f 3083//3083 3079//3079 2972//2972 
f 2965//2965 2973//2973 2964//2964 
f 2973//2973 2972//2972 2964//2964 
f 2963//2963 2967//2967 2973//2973 
f 2965//2965 2963//2963 2973//2973 
f 2968//2968 3084//3084 3092//3092 
f 2974//2974 2968//2968 3092//3092 
f 2969//2969 3085//3085 2968//2968 
f 2968//2968 3085//3085 3084//3084 
f 2970//2970 3086//3086 2969//2969 
f 2969//2969 3086//3086 3085//3085 
f 2971//2971 3087//3087 2970//2970 
f 2970//2970 3087//3087 3086//3086 
f 3082//3082 2971//2971 2966//2966 
f 3087//3087 2971//2971 3082//3082 
f 2972//2972 3088//3088 3083//3083 
f 2973//2973 3088//3088 2972//2972 
f 3089//3089 3088//3088 2973//2973 
f 3089//3089 2973//2973 2967//2967 
f 3089//3089 2967//2967 3093//3093 
f 3093//3093 2967//2967 2975//2975 
f 2974//2974 3092//3092 2976//2976 
f 3092//3092 3096//3096 2976//2976 
f 2975//2975 2977//2977 3093//3093 
f 3093//3093 2977//2977 3097//3097 
f 2978//2978 3098//3098 3101//3101 
f 2979//2979 2978//2978 3101//3101 
f 3096//3096 2978//2978 2976//2976 
f 3098//3098 2978//2978 3096//3096 
f 2977//2977 2980//2980 3097//3097 
f 3097//3097 2980//2980 3102//3102 
f 2979//2979 3101//3101 2981//2981 
f 3101//3101 3105//3105 2981//2981 
f 2980//2980 2982//2982 3102//3102 
f 3102//3102 2982//2982 3106//3106 
f 2983//2983 3107//3107 3111//3111 
f 2985//2985 2983//2983 3111//3111 
f 2984//2984 3108//3108 2983//2983 
f 2983//2983 3108//3108 3107//3107 
f 3105//3105 2984//2984 2981//2981 
f 3108//3108 2984//2984 3105//3105 
f 2982//2982 2986//2986 3106//3106 
f 3106//3106 2986//2986 3112//3112 
f 2985//2985 3111//3111 2987//2987 
f 3111//3111 3115//3115 2987//2987 
f 2986//2986 2988//2988 3112//3112 
f 3112//3112 2988//2988 3116//3116 
f 2989//2989 2997//2997 2995//2995 
f 2989//2989 2990//2990 2998//2998 
f 2997//2997 2989//2989 2998//2998 
f 2990//2990 2991//2991 2999//2999 
f 2998//2998 2990//2990 2999//2999 
f 2991//2991 2992//2992 3000//3000 
f 2999//2999 2991//2991 3000//3000 
f 3121//3121 3000//3000 2992//2992 
f 3121//3121 2992//2992 3117//3117 
f 3117//3117 2992//2992 2993//2993 
f 2994//2994 3118//3118 2993//2993 
f 2993//2993 3118//3118 3117//3117 
f 3115//3115 2994//2994 2987//2987 
f 3118//3118 2994//2994 3115//3115 
f 2988//2988 2996//2996 3116//3116 
f 3116//3116 2996//2996 3122//3122 
f 2997//2997 3005//3005 3001//3001 
f 2995//2995 2997//2997 3001//3001 
f 2998//2998 3006//3006 2997//2997 
f 3006//3006 3005//3005 2997//2997 
f 2999//2999 3007//3007 2998//2998 
f 3007//3007 3006//3006 2998//2998 
f 3000//3000 3008//3008 2999//2999 
f 3008//3008 3007//3007 2999//2999 
f 3125//3125 3000//3000 3121//3121 
f 3008//3008 3000//3000 3125//3125 
f 2996//2996 3002//3002 3122//3122 
f 3122//3122 3002//3002 3126//3126 
f 3005//3005 3011//3011 3009//3009 
f 3001//3001 3005//3005 3009//3009 
f 3006//3006 3012//3012 3005//3005 
f 3012//3012 3011//3011 3005//3005 
f 3133//3133 3007//3007 3127//3127 
f 3133//3133 3012//3012 3007//3007 
f 3012//3012 3006//3006 3007//3007 
f 3008//3008 3127//3127 3007//3007 
f 3128//3128 3127//3127 3008//3008 
f 3125//3125 3128//3128 3008//3008 
f 3003//3003 3134//3134 3129//3129 
f 3010//3010 3134//3134 3003//3003 
f 3004//3004 3003//3003 3130//3130 
f 3003//3003 3129//3129 3130//3130 
f 3126//3126 3002//3002 3004//3004 
f 3130//3130 3126//3126 3004//3004 
f 3011//3011 3015//3015 3013//3013 
f 3009//3009 3011//3011 3013//3013 
f 3012//3012 3016//3016 3011//3011 
f 3016//3016 3015//3015 3011//3011 
f 3137//3137 3012//3012 3133//3133 
f 3016//3016 3012//3012 3137//3137 
f 3010//3010 3014//3014 3134//3134 
f 3134//3134 3014//3014 3138//3138 
f 3015//3015 3139//3139 3143//3143 
f 3015//3015 3143//3143 3013//3013 
f 3013//3013 3143//3143 3017//3017 
f 3016//3016 3139//3139 3015//3015 
f 3140//3140 3139//3139 3016//3016 
f 3137//3137 3140//3140 3016//3016 
f 3014//3014 3018//3018 3138//3138 
f 3138//3138 3018//3018 3144//3144 
f 3017//3017 3143//3143 3019//3019 
f 3143//3143 3147//3147 3019//3019 
f 3018//3018 3020//3020 3144//3144 
f 3144//3144 3020//3020 3148//3148 
f 3021//3021 3029//3029 3025//3025 
f 3021//3021 3022//3022 3030//3030 
f 3029//3029 3021//3021 3030//3030 
f 3022//3022 3153//3153 3030//3030 
f 3022//3022 3019//3019 3153//3153 
f 3019//3019 3147//3147 3153//3153 
f 3023//3023 3154//3154 3149//3149 
f 3026//3026 3154//3154 3023//3023 
f 3024//3024 3023//3023 3150//3150 
f 3023//3023 3149//3149 3150//3150 
f 3148//3148 3020//3020 3024//3024 
f 3150//3150 3148//3148 3024//3024 
f 3025//3025 3029//3029 3027//3027 
f 3028//3028 3027//3027 3029//3029 
f 3030//3030 3028//3028 3029//3029 
f 3030//3030 3031//3031 3028//3028 
f 3030//3030 3153//3153 3031//3031 
f 3153//3153 3155//3155 3031//3031 
f 3026//3026 3032//3032 3154//3154 
f 3154//3154 3032//3032 3156//3156 
f 3031//3031 3155//3155 3033//3033 
f 3155//3155 3159//3159 3033//3033 
f 3032//3032 3034//3034 3156//3156 
f 3156//3156 3034//3034 3160//3160 
f 3161//3161 3037//3037 3035//3035 
f 3161//3161 3035//3035 3159//3159 
f 3159//3159 3035//3035 3033//3033 
f 3037//3037 3162//3162 3038//3038 
f 3161//3161 3162//3162 3037//3037 
f 3162//3162 3167//3167 3038//3038 
f 3039//3039 3168//3168 3163//3163 
f 3039//3039 3164//3164 3040//3040 
f 3163//3163 3164//3164 3039//3039 
f 3040//3040 3164//3164 3160//3160 
f 3040//3040 3160//3160 3036//3036 
f 3036//3036 3160//3160 3034//3034 
f 3037//3037 3049//3049 3041//3041 
f 3035//3035 3037//3037 3041//3041 
f 3038//3038 3050//3050 3037//3037 
f 3050//3050 3049//3049 3037//3037 
f 3169//3169 3038//3038 3167//3167 
f 3050//3050 3038//3038 3169//3169 
f 3051//3051 3168//3168 3039//3039 
f 3170//3170 3168//3168 3051//3051 
f 3040//3040 3052//3052 3039//3039 
f 3052//3052 3051//3051 3039//3039 
f 3036//3036 3042//3042 3052//3052 
f 3040//3040 3036//3036 3052//3052 
f 3041//3041 3049//3049 3043//3043 
f 3044//3044 3043//3043 3049//3049 
f 3050//3050 3044//3044 3049//3049 
f 3050//3050 3169//3169 3171//3171 
f 3050//3050 3171//3171 3044//3044 
f 3044//3044 3171//3171 3045//3045 
f 3046//3046 3045//3045 3172//3172 
f 3045//3045 3171//3171 3172//3172 
f 3053//3053 3173//3173 3055//3055 
f 3053//3053 3046//3046 3173//3173 
f 3046//3046 3172//3172 3173//3173 
f 3055//3055 3174//3174 3056//3056 
f 3173//3173 3174//3174 3055//3055 
f 3174//3174 3177//3177 3056//3056 
f 3057//3057 3178//3178 3175//3175 
f 3057//3057 3176//3176 3058//3058 
f 3175//3175 3176//3176 3057//3057 
f 3170//3170 3058//3058 3176//3176 
f 3051//3051 3058//3058 3170//3170 
f 3051//3051 3054//3054 3058//3058 
f 3051//3051 3047//3047 3054//3054 
f 3048//3048 3047//3047 3051//3051 
f 3052//3052 3048//3048 3051//3051 
f 3042//3042 3048//3048 3052//3052 
f 3055//3055 3070//3070 3059//3059 
f 3053//3053 3055//3055 3059//3059 
f 3056//3056 3071//3071 3055//3055 
f 3071//3071 3070//3070 3055//3055 
f 3184//3184 3056//3056 3177//3177 
f 3071//3071 3056//3056 3184//3184 
f 3072//3072 3178//3178 3057//3057 
f 3185//3185 3178//3178 3072//3072 
f 3058//3058 3073//3073 3057//3057 
f 3073//3073 3072//3072 3057//3057 
f 3054//3054 3060//3060 3073//3073 
f 3058//3058 3054//3054 3073//3073 
f 3059//3059 3070//3070 3061//3061 
f 3062//3062 3061//3061 3070//3070 
f 3071//3071 3062//3062 3070//3070 
f 3071//3071 3184//3184 3186//3186 
f 3071//3071 3186//3186 3062//3062 
f 3062//3062 3186//3186 3063//3063 
f 3064//3064 3063//3063 3187//3187 
f 3063//3063 3186//3186 3187//3187 
f 3065//3065 3064//3064 3188//3188 
f 3064//3064 3187//3187 3188//3188 
f 3066//3066 3065//3065 3189//3189 
f 3065//3065 3188//3188 3189//3189 
f 3067//3067 3066//3066 3190//3190 
f 3066//3066 3189//3189 3190//3190 
f 3185//3185 3072//3072 3068//3068 
f 3185//3185 3068//3068 3190//3190 
f 3190//3190 3068//3068 3067//3067 
f 3069//3069 3068//3068 3072//3072 
f 3073//3073 3069//3069 3072//3072 
f 3060//3060 3069//3069 3073//3073 
f 3080//3080 3196//3196 3202//3202 
f 3080//3080 3081//3081 3197//3197 
f 3196//3196 3080//3080 3197//3197 
f 3081//3081 3078//3078 3074//3074 
f 3081//3081 3074//3074 3197//3197 
f 3197//3197 3074//3074 3198//3198 
f 3075//3075 3199//3199 3074//3074 
f 3074//3074 3199//3199 3198//3198 
f 3076//3076 3200//3200 3075//3075 
f 3075//3075 3200//3200 3199//3199 
f 3077//3077 3201//3201 3076//3076 
f 3076//3076 3201//3201 3200//3200 
f 3201//3201 3077//3077 3079//3079 
f 3203//3203 3201//3201 3079//3079 
f 3090//3090 3080//3080 3202//3202 
f 3204//3204 3090//3090 3202//3202 
f 3081//3081 3080//3080 3091//3091 
f 3091//3091 3080//3080 3090//3090 
f 3078//3078 3091//3091 3082//3082 
f 3081//3081 3091//3091 3078//3078 
f 3079//3079 3083//3083 3203//3203 
f 3203//3203 3083//3083 3205//3205 
f 3084//3084 3206//3206 3208//3208 
f 3092//3092 3084//3084 3208//3208 
f 3085//3085 3207//3207 3084//3084 
f 3084//3084 3207//3207 3206//3206 
f 3204//3204 3086//3086 3090//3090 
f 3204//3204 3207//3207 3086//3086 
f 3207//3207 3085//3085 3086//3086 
f 3087//3087 3090//3090 3086//3086 
f 3091//3091 3090//3090 3087//3087 
f 3082//3082 3091//3091 3087//3087 
f 3094//3094 3083//3083 3088//3088 
f 3094//3094 3209//3209 3083//3083 
f 3209//3209 3205//3205 3083//3083 
f 3088//3088 3089//3089 3095//3095 
f 3094//3094 3088//3088 3095//3095 
f 3089//3089 3093//3093 3095//3095 
f 3092//3092 3208//3208 3096//3096 
f 3208//3208 3210//3210 3096//3096 
f 3099//3099 3209//3209 3094//3094 
f 3211//3211 3209//3209 3099//3099 
f 3095//3095 3100//3100 3094//3094 
f 3100//3100 3099//3099 3094//3094 
f 3093//3093 3097//3097 3100//3100 
f 3095//3095 3093//3093 3100//3100 
f 3098//3098 3212//3212 3213//3213 
f 3101//3101 3098//3098 3213//3213 
f 3210//3210 3098//3098 3096//3096 
f 3212//3212 3098//3098 3210//3210 
f 3103//3103 3211//3211 3099//3099 
f 3214//3214 3211//3211 3103//3103 
f 3100//3100 3104//3104 3099//3099 
f 3104//3104 3103//3103 3099//3099 
f 3097//3097 3102//3102 3104//3104 
f 3100//3100 3097//3097 3104//3104 
f 3101//3101 3213//3213 3105//3105 
f 3213//3213 3215//3215 3105//3105 
f 3109//3109 3214//3214 3103//3103 
f 3216//3216 3214//3214 3109//3109 
f 3104//3104 3110//3110 3103//3103 
f 3110//3110 3109//3109 3103//3103 
f 3102//3102 3106//3106 3110//3110 
f 3104//3104 3102//3102 3110//3110 
f 3107//3107 3217//3217 3219//3219 
f 3111//3111 3107//3107 3219//3219 
f 3108//3108 3218//3218 3107//3107 
f 3107//3107 3218//3218 3217//3217 
f 3215//3215 3108//3108 3105//3105 
f 3218//3218 3108//3108 3215//3215 
f 3113//3113 3216//3216 3109//3109 
f 3220//3220 3216//3216 3113//3113 
f 3110//3110 3114//3114 3109//3109 
f 3114//3114 3113//3113 3109//3109 
f 3106//3106 3112//3112 3114//3114 
f 3110//3110 3106//3106 3114//3114 
f 3111//3111 3219//3219 3115//3115 
f 3219//3219 3221//3221 3115//3115 
f 3119//3119 3220//3220 3113//3113 
f 3222//3222 3220//3220 3119//3119 
f 3114//3114 3120//3120 3113//3113 
f 3120//3120 3119//3119 3113//3113 
f 3112//3112 3116//3116 3120//3120 
f 3114//3114 3112//3112 3120//3120 
f 3117//3117 3223//3223 3225//3225 
f 3121//3121 3117//3117 3225//3225 
f 3118//3118 3224//3224 3117//3117 
f 3117//3117 3224//3224 3223//3223 
f 3221//3221 3118//3118 3115//3115 
f 3224//3224 3118//3118 3221//3221 
f 3123//3123 3222//3222 3119//3119 
f 3226//3226 3222//3222 3123//3123 
f 3120//3120 3124//3124 3119//3119 
f 3124//3124 3123//3123 3119//3119 
f 3116//3116 3122//3122 3124//3124 
f 3120//3120 3116//3116 3124//3124 
f 3121//3121 3225//3225 3125//3125 
f 3225//3225 3227//3227 3125//3125 
f 3131//3131 3226//3226 3123//3123 
f 3228//3228 3226//3226 3131//3131 
f 3124//3124 3132//3132 3123//3123 
f 3132//3132 3131//3131 3123//3123 
f 3122//3122 3126//3126 3132//3132 
f 3124//3124 3122//3122 3132//3132 
f 3127//3127 3135//3135 3133//3133 
f 3127//3127 3128//3128 3136//3136 
f 3135//3135 3127//3127 3136//3136 
f 3128//3128 3229//3229 3136//3136 
f 3128//3128 3125//3125 3229//3229 
f 3125//3125 3227//3227 3229//3229 
f 3129//3129 3228//3228 3131//3131 
f 3129//3129 3134//3134 3228//3228 
f 3134//3134 3230//3230 3228//3228 
f 3130//3130 3129//3129 3131//3131 
f 3132//3132 3130//3130 3131//3131 
f 3126//3126 3130//3130 3132//3132 
f 3135//3135 3141//3141 3137//3137 
f 3133//3133 3135//3135 3137//3137 
f 3136//3136 3142//3142 3135//3135 
f 3142//3142 3141//3141 3135//3135 
f 3231//3231 3136//3136 3229//3229 
f 3142//3142 3136//3136 3231//3231 
f 3134//3134 3138//3138 3230//3230 
f 3230//3230 3138//3138 3232//3232 
f 3139//3139 3145//3145 3143//3143 
f 3139//3139 3140//3140 3146//3146 
f 3145//3145 3139//3139 3146//3146 
f 3140//3140 3235//3235 3146//3146 
f 3137//3137 3235//3235 3140//3140 
f 3137//3137 3233//3233 3235//3235 
f 3137//3137 3141//3141 3233//3233 
f 3142//3142 3233//3233 3141//3141 
f 3234//3234 3233//3233 3142//3142 
f 3231//3231 3234//3234 3142//3142 
f 3138//3138 3144//3144 3232//3232 
f 3232//3232 3144//3144 3236//3236 
f 3145//3145 3151//3151 3147//3147 
f 3143//3143 3145//3145 3147//3147 
f 3146//3146 3152//3152 3145//3145 
f 3152//3152 3151//3151 3145//3145 
f 3237//3237 3146//3146 3235//3235 
f 3152//3152 3146//3146 3237//3237 
f 3144//3144 3148//3148 3236//3236 
f 3236//3236 3148//3148 3238//3238 
f 3151//3151 3239//3239 3243//3243 
f 3151//3151 3243//3243 3147//3147 
f 3147//3147 3243//3243 3153//3153 
f 3152//3152 3239//3239 3151//3151 
f 3240//3240 3239//3239 3152//3152 
f 3237//3237 3240//3240 3152//3152 
f 3149//3149 3244//3244 3241//3241 
f 3154//3154 3244//3244 3149//3149 
f 3150//3150 3149//3149 3242//3242 
f 3149//3149 3241//3241 3242//3242 
f 3238//3238 3148//3148 3150//3150 
f 3242//3242 3238//3238 3150//3150 
f 3245//3245 3157//3157 3155//3155 
f 3245//3245 3155//3155 3243//3243 
f 3243//3243 3155//3155 3153//3153 
f 3157//3157 3246//3246 3158//3158 
f 3245//3245 3246//3246 3157//3157 
f 3246//3246 3247//3247 3158//3158 
f 3154//3154 3156//3156 3244//3244 
f 3244//3244 3156//3156 3248//3248 
f 3157//3157 3165//3165 3159//3159 
f 3155//3155 3157//3157 3159//3159 
f 3158//3158 3166//3166 3157//3157 
f 3166//3166 3165//3165 3157//3157 
f 3249//3249 3158//3158 3247//3247 
f 3166//3166 3158//3158 3249//3249 
f 3156//3156 3160//3160 3248//3248 
f 3248//3248 3160//3160 3250//3250 
f 3159//3159 3165//3165 3161//3161 
f 3162//3162 3161//3161 3165//3165 
f 3166//3166 3162//3162 3165//3165 
f 3166//3166 3167//3167 3162//3162 
f 3166//3166 3249//3249 3167//3167 
f 3249//3249 3253//3253 3167//3167 
f 3163//3163 3254//3254 3251//3251 
f 3168//3168 3254//3254 3163//3163 
f 3164//3164 3163//3163 3252//3252 
f 3163//3163 3251//3251 3252//3252 
f 3250//3250 3160//3160 3164//3164 
f 3252//3252 3250//3250 3164//3164 
f 3167//3167 3253//3253 3169//3169 
f 3253//3253 3255//3255 3169//3169 
f 3168//3168 3170//3170 3254//3254 
f 3254//3254 3170//3170 3256//3256 
f 3169//3169 3255//3255 3257//3257 
f 3171//3171 3169//3169 3257//3257 
f 3172//3172 3171//3171 3258//3258 
f 3171//3171 3257//3257 3258//3258 
f 3173//3173 3172//3172 3259//3259 
f 3172//3172 3258//3258 3259//3259 
f 3174//3174 3173//3173 3260//3260 
f 3173//3173 3259//3259 3260//3260 
f 3177//3177 3261//3261 3179//3179 
f 3177//3177 3174//3174 3261//3261 
f 3174//3174 3260//3260 3261//3261 
f 3179//3179 3262//3262 3180//3180 
f 3261//3261 3262//3262 3179//3179 
f 3180//3180 3263//3263 3181//3181 
f 3262//3262 3263//3263 3180//3180 
f 3181//3181 3264//3264 3182//3182 
f 3263//3263 3264//3264 3181//3181 
f 3182//3182 3265//3265 3183//3183 
f 3264//3264 3265//3265 3182//3182 
f 3183//3183 3175//3175 3178//3178 
f 3183//3183 3265//3265 3175//3175 
f 3265//3265 3266//3266 3175//3175 
f 3176//3176 3175//3175 3267//3267 
f 3175//3175 3266//3266 3267//3267 
f 3256//3256 3170//3170 3176//3176 
f 3267//3267 3256//3256 3176//3176 
f 3179//3179 3191//3191 3184//3184 
f 3177//3177 3179//3179 3184//3184 
f 3180//3180 3192//3192 3179//3179 
f 3192//3192 3191//3191 3179//3179 
f 3181//3181 3193//3193 3180//3180 
f 3193//3193 3192//3192 3180//3180 
f 3182//3182 3194//3194 3181//3181 
f 3194//3194 3193//3193 3181//3181 
f 3183//3183 3195//3195 3182//3182 
f 3195//3195 3194//3194 3182//3182 
f 3178//3178 3185//3185 3195//3195 
f 3183//3183 3178//3178 3195//3195 
f 3184//3184 3191//3191 3186//3186 
f 3187//3187 3186//3186 3191//3191 
f 3192//3192 3187//3187 3191//3191 
f 3188//3188 3187//3187 3192//3192 
f 3193//3193 3188//3188 3192//3192 
f 3189//3189 3188//3188 3193//3193 
f 3194//3194 3189//3189 3193//3193 
f 3190//3190 3189//3189 3194//3194 
f 3195//3195 3190//3190 3194//3194 
f 3185//3185 3190//3190 3195//3195 
f 3196//3196 3268//3268 3274//3274 
f 3202//3202 3196//3196 3274//3274 
f 3197//3197 3269//3269 3196//3196 
f 3196//3196 3269//3269 3268//3268 
f 3198//3198 3270//3270 3197//3197 
f 3197//3197 3270//3270 3269//3269 
f 3199//3199 3271//3271 3198//3198 
f 3198//3198 3271//3271 3270//3270 
f 3200//3200 3272//3272 3199//3199 
f 3199//3199 3272//3272 3271//3271 
f 3201//3201 3273//3273 3200//3200 
f 3200//3200 3273//3273 3272//3272 
f 3273//3273 3201//3201 3203//3203 
f 3275//3275 3273//3273 3203//3203 
f 3202//3202 3274//3274 3204//3204 
f 3274//3274 3280//3280 3204//3204 
f 3203//3203 3205//3205 3275//3275 
f 3275//3275 3205//3205 3281//3281 
f 3206//3206 3282//3282 3288//3288 
f 3208//3208 3206//3206 3288//3288 
f 3207//3207 3283//3283 3206//3206 
f 3206//3206 3283//3283 3282//3282 
f 3280//3280 3207//3207 3204//3204 
f 3283//3283 3207//3207 3280//3280 
f 3205//3205 3209//3209 3281//3281 
f 3281//3281 3209//3209 3289//3289 
f 3208//3208 3288//3288 3210//3210 
f 3288//3288 3290//3290 3210//3210 
f 3209//3209 3211//3211 3289//3289 
f 3289//3289 3211//3211 3291//3291 
f 3212//3212 3292//3292 3293//3293 
f 3213//3213 3212//3212 3293//3293 
f 3290//3290 3212//3212 3210//3210 
f 3292//3292 3212//3212 3290//3290 
f 3211//3211 3214//3214 3291//3291 
f 3291//3291 3214//3214 3294//3294 
f 3213//3213 3293//3293 3215//3215 
f 3293//3293 3295//3295 3215//3215 
f 3214//3214 3216//3216 3294//3294 
f 3294//3294 3216//3216 3296//3296 
f 3217//3217 3297//3297 3299//3299 
f 3219//3219 3217//3217 3299//3299 
f 3218//3218 3298//3298 3217//3217 
f 3217//3217 3298//3298 3297//3297 
f 3295//3295 3218//3218 3215//3215 
f 3298//3298 3218//3218 3295//3295 
f 3216//3216 3220//3220 3296//3296 
f 3296//3296 3220//3220 3300//3300 
f 3219//3219 3299//3299 3221//3221 
f 3299//3299 3303//3303 3221//3221 
f 3220//3220 3222//3222 3300//3300 
f 3300//3300 3222//3222 3304//3304 
f 3223//3223 3305//3305 3309//3309 
f 3225//3225 3223//3223 3309//3309 
f 3224//3224 3306//3306 3223//3223 
f 3223//3223 3306//3306 3305//3305 
f 3303//3303 3224//3224 3221//3221 
f 3306//3306 3224//3224 3303//3303 
f 3222//3222 3226//3226 3304//3304 
f 3304//3304 3226//3226 3310//3310 
f 3225//3225 3309//3309 3227//3227 
f 3309//3309 3313//3313 3227//3227 
f 3226//3226 3228//3228 3310//3310 
f 3310//3310 3228//3228 3314//3314 
f 3227//3227 3313//3313 3229//3229 
f 3313//3313 3317//3317 3229//3229 
f 3228//3228 3230//3230 3314//3314 
f 3314//3314 3230//3230 3318//3318 
f 3229//3229 3317//3317 3231//3231 
f 3317//3317 3319//3319 3231//3231 
f 3230//3230 3232//3232 3318//3318 
f 3318//3318 3232//3232 3320//3320 
f 3233//3233 3321//3321 3323//3323 
f 3235//3235 3233//3233 3323//3323 
f 3234//3234 3322//3322 3233//3233 
f 3233//3233 3322//3322 3321//3321 
f 3319//3319 3234//3234 3231//3231 
f 3322//3322 3234//3234 3319//3319 
f 3232//3232 3236//3236 3320//3320 
f 3320//3320 3236//3236 3324//3324 
f 3235//3235 3323//3323 3237//3237 
f 3323//3323 3327//3327 3237//3237 
f 3236//3236 3238//3238 3324//3324 
f 3324//3324 3238//3238 3328//3328 
f 3239//3239 3329//3329 3335//3335 
f 3243//3243 3239//3239 3335//3335 
f 3240//3240 3330//3330 3239//3239 
f 3239//3239 3330//3330 3329//3329 
f 3327//3327 3240//3240 3237//3237 
f 3330//3330 3240//3240 3327//3327 
f 3241//3241 3336//3336 3331//3331 
f 3244//3244 3336//3336 3241//3241 
f 3242//3242 3241//3241 3332//3332 
f 3241//3241 3331//3331 3332//3332 
f 3328//3328 3238//3238 3242//3242 
f 3332//3332 3328//3328 3242//3242 
f 3243//3243 3335//3335 3337//3337 
f 3245//3245 3243//3243 3337//3337 
f 3246//3246 3245//3245 3338//3338 
f 3245//3245 3337//3337 3338//3338 
f 3338//3338 3247//3247 3246//3246 
f 3341//3341 3247//3247 3338//3338 
f 3244//3244 3248//3248 3336//3336 
f 3336//3336 3248//3248 3342//3342 
f 3247//3247 3341//3341 3249//3249 
f 3341//3341 3345//3345 3249//3249 
f 3248//3248 3250//3250 3342//3342 
f 3342//3342 3250//3250 3346//3346 
f 3249//3249 3345//3345 3253//3253 
f 3345//3345 3351//3351 3253//3253 
f 3251//3251 3352//3352 3347//3347 
f 3254//3254 3352//3352 3251//3251 
f 3252//3252 3251//3251 3348//3348 
f 3251//3251 3347//3347 3348//3348 
f 3346//3346 3250//3250 3252//3252 
f 3348//3348 3346//3346 3252//3252 
f 3253//3253 3351//3351 3255//3255 
f 3351//3351 3357//3357 3255//3255 
f 3254//3254 3256//3256 3352//3352 
f 3352//3352 3256//3256 3358//3358 
f 3255//3255 3357//3357 3359//3359 
f 3257//3257 3255//3255 3359//3359 
f 3258//3258 3257//3257 3360//3360 
f 3257//3257 3359//3359 3360//3360 
f 3259//3259 3258//3258 3361//3361 
f 3258//3258 3360//3360 3361//3361 
f 3260//3260 3259//3259 3362//3362 
f 3259//3259 3361//3361 3362//3362 
f 3261//3261 3260//3260 3363//3363 
f 3260//3260 3362//3362 3363//3363 
f 3262//3262 3261//3261 3364//3364 
f 3261//3261 3363//3363 3364//3364 
f 3263//3263 3262//3262 3365//3365 
f 3262//3262 3364//3364 3365//3365 
f 3264//3264 3263//3263 3366//3366 
f 3263//3263 3365//3365 3366//3366 
f 3265//3265 3264//3264 3367//3367 
f 3264//3264 3366//3366 3367//3367 
f 3266//3266 3265//3265 3368//3368 
f 3265//3265 3367//3367 3368//3368 
f 3267//3267 3266//3266 3369//3369 
f 3266//3266 3368//3368 3369//3369 
f 3358//3358 3256//3256 3267//3267 
f 3369//3369 3358//3358 3267//3267 
f 3268//3268 3276//3276 3274//3274 
f 3268//3268 3269//3269 3277//3277 
f 3276//3276 3268//3268 3277//3277 
f 3376//3376 3277//3277 3269//3269 
f 3376//3376 3269//3269 3374//3374 
f 3374//3374 3269//3269 3270//3270 
f 3271//3271 3375//3375 3270//3270 
f 3270//3270 3375//3375 3374//3374 
f 3278//3278 3377//3377 3375//3375 
f 3278//3278 3375//3375 3272//3272 
f 3272//3272 3375//3375 3271//3271 
f 3272//3272 3273//3273 3279//3279 
f 3278//3278 3272//3272 3279//3279 
f 3273//3273 3275//3275 3279//3279 
f 3276//3276 3284//3284 3280//3280 
f 3274//3274 3276//3276 3280//3280 
f 3277//3277 3285//3285 3276//3276 
f 3285//3285 3284//3284 3276//3276 
f 3380//3380 3277//3277 3376//3376 
f 3285//3285 3277//3277 3380//3380 
f 3286//3286 3377//3377 3278//3278 
f 3381//3381 3377//3377 3286//3286 
f 3279//3279 3287//3287 3278//3278 
f 3287//3287 3286//3286 3278//3278 
f 3275//3275 3281//3281 3287//3287 
f 3279//3279 3275//3275 3287//3287 
f 3282//3282 3382//3382 3390//3390 
f 3288//3288 3282//3282 3390//3390 
f 3283//3283 3383//3383 3282//3282 
f 3282//3282 3383//3383 3382//3382 
f 3284//3284 3283//3283 3280//3280 
f 3284//3284 3384//3384 3283//3283 
f 3384//3384 3383//3383 3283//3283 
f 3285//3285 3384//3384 3284//3284 
f 3385//3385 3384//3384 3285//3285 
f 3380//3380 3385//3385 3285//3285 
f 3286//3286 3386//3386 3381//3381 
f 3287//3287 3386//3386 3286//3286 
f 3387//3387 3386//3386 3287//3287 
f 3387//3387 3287//3287 3281//3281 
f 3387//3387 3281//3281 3391//3391 
f 3391//3391 3281//3281 3289//3289 
f 3288//3288 3390//3390 3290//3290 
f 3390//3390 3396//3396 3290//3290 
f 3289//3289 3291//3291 3391//3391 
f 3391//3391 3291//3291 3397//3397 
f 3292//3292 3398//3398 3403//3403 
f 3293//3293 3292//3292 3403//3403 
f 3396//3396 3292//3292 3290//3290 
f 3398//3398 3292//3292 3396//3396 
f 3291//3291 3294//3294 3397//3397 
f 3397//3397 3294//3294 3404//3404 
f 3293//3293 3403//3403 3295//3295 
f 3403//3403 3408//3408 3295//3295 
f 3294//3294 3296//3296 3404//3404 
f 3404//3404 3296//3296 3409//3409 
f 3297//3297 3301//3301 3299//3299 
f 3297//3297 3298//3298 3302//3302 
f 3301//3301 3297//3297 3302//3302 
f 3298//3298 3413//3413 3302//3302 
f 3298//3298 3295//3295 3413//3413 
f 3295//3295 3408//3408 3413//3413 
f 3296//3296 3300//3300 3409//3409 
f 3409//3409 3300//3300 3414//3414 
f 3301//3301 3307//3307 3303//3303 
f 3299//3299 3301//3301 3303//3303 
f 3302//3302 3308//3308 3301//3301 
f 3308//3308 3307//3307 3301//3301 
f 3417//3417 3302//3302 3413//3413 
f 3308//3308 3302//3302 3417//3417 
f 3300//3300 3304//3304 3414//3414 
f 3414//3414 3304//3304 3418//3418 
f 3305//3305 3311//3311 3309//3309 
f 3305//3305 3306//3306 3312//3312 
f 3311//3311 3305//3305 3312//3312 
f 3306//3306 3423//3423 3312//3312 
f 3303//3303 3423//3423 3306//3306 
f 3303//3303 3419//3419 3423//3423 
f 3303//3303 3307//3307 3419//3419 
f 3308//3308 3419//3419 3307//3307 
f 3420//3420 3419//3419 3308//3308 
f 3417//3417 3420//3420 3308//3308 
f 3304//3304 3310//3310 3418//3418 
f 3418//3418 3310//3310 3424//3424 
f 3311//3311 3315//3315 3313//3313 
f 3309//3309 3311//3311 3313//3313 
f 3312//3312 3316//3316 3311//3311 
f 3316//3316 3315//3315 3311//3311 
f 3427//3427 3312//3312 3423//3423 
f 3316//3316 3312//3312 3427//3427 
f 3310//3310 3314//3314 3424//3424 
f 3424//3424 3314//3314 3428//3428 
f 3315//3315 3429//3429 3433//3433 
f 3315//3315 3433//3433 3313//3313 
f 3313//3313 3433//3433 3317//3317 
f 3316//3316 3429//3429 3315//3315 
f 3430//3430 3429//3429 3316//3316 
f 3427//3427 3430//3430 3316//3316 
f 3314//3314 3318//3318 3428//3428 
f 3428//3428 3318//3318 3434//3434 
f 3317//3317 3433//3433 3319//3319 
f 3433//3433 3439//3439 3319//3319 
f 3318//3318 3320//3320 3434//3434 
f 3434//3434 3320//3320 3440//3440 
f 3321//3321 3325//3325 3323//3323 
f 3321//3321 3322//3322 3326//3326 
f 3325//3325 3321//3321 3326//3326 
f 3322//3322 3445//3445 3326//3326 
f 3322//3322 3319//3319 3445//3445 
f 3319//3319 3439//3439 3445//3445 
f 3320//3320 3324//3324 3440//3440 
f 3440//3440 3324//3324 3446//3446 
f 3325//3325 3333//3333 3327//3327 
f 3323//3323 3325//3325 3327//3327 
f 3326//3326 3334//3334 3325//3325 
f 3334//3334 3333//3333 3325//3325 
f 3449//3449 3326//3326 3445//3445 
f 3334//3334 3326//3326 3449//3449 
f 3324//3324 3328//3328 3446//3446 
f 3446//3446 3328//3328 3450//3450 
f 3329//3329 3339//3339 3335//3335 
f 3329//3329 3330//3330 3340//3340 
f 3339//3339 3329//3329 3340//3340 
f 3330//3330 3457//3457 3340//3340 
f 3327//3327 3457//3457 3330//3330 
f 3327//3327 3451//3451 3457//3457 
f 3327//3327 3333//3333 3451//3451 
f 3334//3334 3451//3451 3333//3333 
f 3452//3452 3451//3451 3334//3334 
f 3449//3449 3452//3452 3334//3334 
f 3331//3331 3458//3458 3453//3453 
f 3336//3336 3458//3458 3331//3331 
f 3332//3332 3331//3331 3454//3454 
f 3331//3331 3453//3453 3454//3454 
f 3450//3450 3328//3328 3332//3332 
f 3454//3454 3450//3450 3332//3332 
f 3335//3335 3339//3339 3337//3337 
f 3338//3338 3337//3337 3339//3339 
f 3340//3340 3338//3338 3339//3339 
f 3341//3341 3459//3459 3343//3343 
f 3338//3338 3459//3459 3341//3341 
f 3338//3338 3457//3457 3459//3459 
f 3338//3338 3340//3340 3457//3457 
f 3343//3343 3460//3460 3344//3344 
f 3459//3459 3460//3460 3343//3343 
f 3460//3460 3463//3463 3344//3344 
f 3336//3336 3342//3342 3458//3458 
f 3458//3458 3342//3342 3464//3464 
f 3343//3343 3349//3349 3345//3345 
f 3341//3341 3343//3343 3345//3345 
f 3344//3344 3350//3350 3343//3343 
f 3350//3350 3349//3349 3343//3343 
f 3469//3469 3344//3344 3463//3463 
f 3350//3350 3344//3344 3469//3469 
f 3342//3342 3346//3346 3464//3464 
f 3464//3464 3346//3346 3470//3470 
f 3349//3349 3353//3353 3351//3351 
f 3345//3345 3349//3349 3351//3351 
f 3350//3350 3354//3354 3349//3349 
f 3354//3354 3353//3353 3349//3349 
f 3471//3471 3350//3350 3469//3469 
f 3471//3471 3355//3355 3350//3350 
f 3355//3355 3354//3354 3350//3350 
f 3355//3355 3472//3472 3356//3356 
f 3471//3471 3472//3472 3355//3355 
f 3472//3472 3479//3479 3356//3356 
f 3347//3347 3480//3480 3473//3473 
f 3352//3352 3480//3480 3347//3347 
f 3348//3348 3347//3347 3474//3474 
f 3347//3347 3473//3473 3474//3474 
f 3470//3470 3346//3346 3348//3348 
f 3474//3474 3470//3470 3348//3348 
f 3353//3353 3370//3370 3357//3357 
f 3351//3351 3353//3353 3357//3357 
f 3354//3354 3371//3371 3353//3353 
f 3371//3371 3370//3370 3353//3353 
f 3355//3355 3372//3372 3354//3354 
f 3372//3372 3371//3371 3354//3354 
f 3356//3356 3373//3373 3355//3355 
f 3373//3373 3372//3372 3355//3355 
f 3485//3485 3356//3356 3479//3479 
f 3373//3373 3356//3356 3485//3485 
f 3352//3352 3358//3358 3480//3480 
f 3480//3480 3358//3358 3486//3486 
f 3357//3357 3370//3370 3359//3359 
f 3360//3360 3359//3359 3370//3370 
f 3371//3371 3360//3360 3370//3370 
f 3361//3361 3360//3360 3371//3371 
f 3372//3372 3361//3361 3371//3371 
f 3362//3362 3361//3361 3372//3372 
f 3373//3373 3362//3362 3372//3372 
f 3373//3373 3485//3485 3487//3487 
f 3373//3373 3487//3487 3362//3362 
f 3362//3362 3487//3487 3363//3363 
f 3364//3364 3363//3363 3488//3488 
f 3363//3363 3487//3487 3488//3488 
f 3365//3365 3364//3364 3489//3489 
f 3364//3364 3488//3488 3489//3489 
f 3366//3366 3365//3365 3490//3490 
f 3365//3365 3489//3489 3490//3490 
f 3367//3367 3366//3366 3491//3491 
f 3366//3366 3490//3490 3491//3491 
f 3368//3368 3367//3367 3492//3492 
f 3367//3367 3491//3491 3492//3492 
f 3369//3369 3368//3368 3493//3493 
f 3368//3368 3492//3492 3493//3493 
f 3486//3486 3358//3358 3369//3369 
f 3493//3493 3486//3486 3369//3369 
f 3374//3374 3378//3378 3376//3376 
f 3374//3374 3375//3375 3379//3379 
f 3378//3378 3374//3374 3379//3379 
f 3375//3375 3377//3377 3379//3379 
f 3378//3378 3388//3388 3380//3380 
f 3376//3376 3378//3378 3380//3380 
f 3379//3379 3389//3389 3378//3378 
f 3389//3389 3388//3388 3378//3378 
f 3377//3377 3381//3381 3389//3389 
f 3379//3379 3377//3377 3389//3389 
f 3382//3382 3392//3392 3390//3390 
f 3382//3382 3383//3383 3393//3393 
f 3392//3392 3382//3382 3393//3393 
f 3502//3502 3393//3393 3383//3383 
f 3502//3502 3383//3383 3498//3498 
f 3498//3498 3383//3383 3384//3384 
f 3385//3385 3499//3499 3384//3384 
f 3384//3384 3499//3499 3498//3498 
f 3388//3388 3385//3385 3380//3380 
f 3388//3388 3500//3500 3385//3385 
f 3500//3500 3499//3499 3385//3385 
f 3389//3389 3500//3500 3388//3388 
f 3501//3501 3500//3500 3389//3389 
f 3394//3394 3503//3503 3501//3501 
f 3386//3386 3394//3394 3501//3501 
f 3386//3386 3501//3501 3389//3389 
f 3386//3386 3389//3389 3381//3381 
f 3386//3386 3387//3387 3395//3395 
f 3394//3394 3386//3386 3395//3395 
f 3387//3387 3391//3391 3395//3395 
f 3392//3392 3399//3399 3396//3396 
f 3390//3390 3392//3392 3396//3396 
f 3393//3393 3400//3400 3392//3392 
f 3400//3400 3399//3399 3392//3392 
f 3508//3508 3393//3393 3502//3502 
f 3400//3400 3393//3393 3508//3508 
f 3401//3401 3503//3503 3394//3394 
f 3509//3509 3503//3503 3401//3401 
f 3395//3395 3402//3402 3394//3394 
f 3402//3402 3401//3401 3394//3394 
f 3391//3391 3397//3397 3402//3402 
f 3395//3395 3391//3391 3402//3402 
f 3398//3398 3405//3405 3403//3403 
f 3398//3398 3516//3516 3405//3405 
f 3396//3396 3516//3516 3398//3398 
f 3396//3396 3510//3510 3516//3516 
f 3396//3396 3399//3399 3510//3510 
f 3400//3400 3510//3510 3399//3399 
f 3511//3511 3510//3510 3400//3400 
f 3508//3508 3511//3511 3400//3400 
f 3406//3406 3509//3509 3401//3401 
f 3517//3517 3509//3509 3406//3406 
f 3402//3402 3407//3407 3401//3401 
f 3407//3407 3406//3406 3401//3401 
f 3397//3397 3404//3404 3407//3407 
f 3402//3402 3397//3397 3407//3407 
f 3405//3405 3410//3410 3408//3408 
f 3403//3403 3405//3405 3408//3408 
f 3524//3524 3405//3405 3516//3516 
f 3410//3410 3405//3405 3524//3524 
f 3411//3411 3517//3517 3406//3406 
f 3525//3525 3517//3517 3411//3411 
f 3407//3407 3412//3412 3406//3406 
f 3412//3412 3411//3411 3406//3406 
f 3404//3404 3409//3409 3412//3412 
f 3407//3407 3404//3404 3412//3412 
f 3410//3410 3526//3526 3533//3533 
f 3410//3410 3533//3533 3408//3408 
f 3408//3408 3533//3533 3413//3413 
f 3524//3524 3526//3526 3410//3410 
f 3415//3415 3525//3525 3411//3411 
f 3534//3534 3525//3525 3415//3415 
f 3412//3412 3416//3416 3411//3411 
f 3416//3416 3415//3415 3411//3411 
f 3409//3409 3414//3414 3416//3416 
f 3412//3412 3409//3409 3416//3416 
f 3413//3413 3533//3533 3417//3417 
f 3533//3533 3536//3536 3417//3417 
f 3421//3421 3534//3534 3415//3415 
f 3537//3537 3534//3534 3421//3421 
f 3416//3416 3422//3422 3415//3415 
f 3422//3422 3421//3421 3415//3415 
f 3414//3414 3418//3418 3422//3422 
f 3416//3416 3414//3414 3422//3422 
f 3419//3419 3538//3538 3541//3541 
f 3423//3423 3419//3419 3541//3541 
f 3420//3420 3539//3539 3419//3419 
f 3419//3419 3539//3539 3538//3538 
f 3536//3536 3420//3420 3417//3417 
f 3539//3539 3420//3420 3536//3536 
f 3425//3425 3537//3537 3421//3421 
f 3542//3542 3537//3537 3425//3425 
f 3422//3422 3426//3426 3421//3421 
f 3426//3426 3425//3425 3421//3421 
f 3418//3418 3424//3424 3426//3426 
f 3422//3422 3418//3418 3426//3426 
f 3423//3423 3541//3541 3427//3427 
f 3541//3541 3545//3545 3427//3427 
f 3431//3431 3542//3542 3425//3425 
f 3546//3546 3542//3542 3431//3431 
f 3426//3426 3432//3432 3425//3425 
f 3432//3432 3431//3431 3425//3425 
f 3424//3424 3428//3428 3432//3432 
f 3426//3426 3424//3424 3432//3432 
f 3429//3429 3435//3435 3433//3433 
f 3429//3429 3430//3430 3436//3436 
f 3435//3435 3429//3429 3436//3436 
f 3430//3430 3549//3549 3436//3436 
f 3430//3430 3427//3427 3549//3549 
f 3427//3427 3545//3545 3549//3549 
f 3437//3437 3546//3546 3431//3431 
f 3550//3550 3546//3546 3437//3437 
f 3432//3432 3438//3438 3431//3431 
f 3438//3438 3437//3437 3431//3431 
f 3428//3428 3434//3434 3438//3438 
f 3432//3432 3428//3428 3438//3438 
f 3435//3435 3441//3441 3439//3439 
f 3433//3433 3435//3435 3439//3439 
f 3436//3436 3442//3442 3435//3435 
f 3442//3442 3441//3441 3435//3435 
f 3551//3551 3436//3436 3549//3549 
f 3442//3442 3436//3436 3551//3551 
f 3443//3443 3550//3550 3437//3437 
f 3552//3552 3550//3550 3443//3443 
f 3438//3438 3444//3444 3437//3437 
f 3444//3444 3443//3443 3437//3437 
f 3434//3434 3440//3440 3444//3444 
f 3438//3438 3434//3434 3444//3444 
f 3441//3441 3553//3553 3555//3555 
f 3441//3441 3555//3555 3439//3439 
f 3439//3439 3555//3555 3445//3445 
f 3442//3442 3553//3553 3441//3441 
f 3554//3554 3553//3553 3442//3442 
f 3551//3551 3554//3554 3442//3442 
f 3447//3447 3552//3552 3443//3443 
f 3556//3556 3552//3552 3447//3447 
f 3444//3444 3448//3448 3443//3443 
f 3448//3448 3447//3447 3443//3443 
f 3440//3440 3446//3446 3448//3448 
f 3444//3444 3440//3440 3448//3448 
f 3445//3445 3555//3555 3449//3449 
f 3555//3555 3559//3559 3449//3449 
f 3455//3455 3556//3556 3447//3447 
f 3560//3560 3556//3556 3455//3455 
f 3448//3448 3456//3456 3447//3447 
f 3456//3456 3455//3455 3447//3447 
f 3446//3446 3450//3450 3456//3456 
f 3448//3448 3446//3446 3456//3456 
f 3451//3451 3461//3461 3457//3457 
f 3451//3451 3452//3452 3462//3462 
f 3461//3461 3451//3451 3462//3462 
f 3452//3452 3563//3563 3462//3462 
f 3452//3452 3449//3449 3563//3563 
f 3449//3449 3559//3559 3563//3563 
f 3453//3453 3560//3560 3455//3455 
f 3453//3453 3458//3458 3560//3560 
f 3458//3458 3564//3564 3560//3560 
f 3454//3454 3453//3453 3455//3455 
f 3456//3456 3454//3454 3455//3455 
f 3450//3450 3454//3454 3456//3456 
f 3457//3457 3461//3461 3459//3459 
f 3460//3460 3459//3459 3461//3461 
f 3462//3462 3460//3460 3461//3461 
f 3463//3463 3565//3565 3465//3465 
f 3460//3460 3565//3565 3463//3463 
f 3460//3460 3563//3563 3565//3565 
f 3460//3460 3462//3462 3563//3563 
f 3465//3465 3566//3566 3466//3466 
f 3565//3565 3566//3566 3465//3465 
f 3566//3566 3573//3573 3466//3466 
f 3467//3467 3574//3574 3567//3567 
f 3467//3467 3568//3568 3468//3468 
f 3567//3567 3568//3568 3467//3467 
f 3468//3468 3568//3568 3564//3564 
f 3468//3468 3564//3564 3464//3464 
f 3464//3464 3564//3564 3458//3458 
f 3465//3465 3475//3475 3469//3469 
f 3463//3463 3465//3465 3469//3469 
f 3466//3466 3476//3476 3465//3465 
f 3476//3476 3475//3475 3465//3465 
f 3575//3575 3466//3466 3573//3573 
f 3476//3476 3466//3466 3575//3575 
f 3477//3477 3574//3574 3467//3467 
f 3576//3576 3574//3574 3477//3477 
f 3468//3468 3478//3478 3467//3467 
f 3478//3478 3477//3477 3467//3467 
f 3464//3464 3470//3470 3478//3478 
f 3468//3468 3464//3464 3478//3478 
f 3469//3469 3475//3475 3471//3471 
f 3472//3472 3471//3471 3475//3475 
f 3476//3476 3472//3472 3475//3475 
f 3479//3479 3577//3577 3481//3481 
f 3472//3472 3577//3577 3479//3479 
f 3472//3472 3575//3575 3577//3577 
f 3472//3472 3476//3476 3575//3575 
f 3481//3481 3578//3578 3482//3482 
f 3577//3577 3578//3578 3481//3481 
f 3578//3578 3581//3581 3482//3482 
f 3483//3483 3582//3582 3579//3579 
f 3483//3483 3580//3580 3484//3484 
f 3579//3579 3580//3580 3483//3483 
f 3576//3576 3484//3484 3580//3580 
f 3477//3477 3484//3484 3576//3576 
f 3477//3477 3480//3480 3484//3484 
f 3477//3477 3473//3473 3480//3480 
f 3474//3474 3473//3473 3477//3477 
f 3478//3478 3474//3474 3477//3477 
f 3470//3470 3474//3474 3478//3478 
f 3481//3481 3494//3494 3485//3485 
f 3479//3479 3481//3481 3485//3485 
f 3482//3482 3495//3495 3481//3481 
f 3495//3495 3494//3494 3481//3481 
f 3586//3586 3482//3482 3581//3581 
f 3495//3495 3482//3482 3586//3586 
f 3496//3496 3582//3582 3483//3483 
f 3587//3587 3582//3582 3496//3496 
f 3484//3484 3497//3497 3483//3483 
f 3497//3497 3496//3496 3483//3483 
f 3480//3480 3486//3486 3497//3497 
f 3484//3484 3480//3480 3497//3497 
f 3485//3485 3494//3494 3487//3487 
f 3488//3488 3487//3487 3494//3494 
f 3495//3495 3488//3488 3494//3494 
f 3495//3495 3586//3586 3588//3588 
f 3495//3495 3588//3588 3488//3488 
f 3488//3488 3588//3588 3489//3489 
f 3490//3490 3489//3489 3589//3589 
f 3489//3489 3588//3588 3589//3589 
f 3491//3491 3490//3490 3590//3590 
f 3490//3490 3589//3589 3590//3590 
f 3587//3587 3496//3496 3492//3492 
f 3587//3587 3492//3492 3590//3590 
f 3590//3590 3492//3492 3491//3491 
f 3493//3493 3492//3492 3496//3496 
f 3497//3497 3493//3493 3496//3496 
f 3486//3486 3493//3493 3497//3497 
f 3498//3498 3504//3504 3502//3502 
f 3498//3498 3499//3499 3505//3505 
f 3504//3504 3498//3498 3505//3505 
f 3499//3499 3500//3500 3506//3506 
f 3505//3505 3499//3499 3506//3506 
f 3500//3500 3501//3501 3507//3507 
f 3506//3506 3500//3500 3507//3507 
f 3501//3501 3503//3503 3507//3507 
f 3504//3504 3512//3512 3508//3508 
f 3502//3502 3504//3504 3508//3508 
f 3505//3505 3513//3513 3504//3504 
f 3513//3513 3512//3512 3504//3504 
f 3506//3506 3514//3514 3505//3505 
f 3514//3514 3513//3513 3505//3505 
f 3507//3507 3515//3515 3506//3506 
f 3515//3515 3514//3514 3506//3506 
f 3503//3503 3509//3509 3515//3515 
f 3507//3507 3503//3503 3515//3515 
f 3510//3510 3518//3518 3516//3516 
f 3510//3510 3511//3511 3519//3519 
f 3518//3518 3510//3510 3519//3519 
f 3511//3511 3508//3508 3512//3512 
f 3511//3511 3512//3512 3519//3519 
f 3519//3519 3512//3512 3520//3520 
f 3513//3513 3521//3521 3512//3512 
f 3521//3521 3520//3520 3512//3512 
f 3514//3514 3522//3522 3513//3513 
f 3522//3522 3521//3521 3513//3513 
f 3515//3515 3523//3523 3514//3514 
f 3523//3523 3522//3522 3514//3514 
f 3509//3509 3517//3517 3523//3523 
f 3515//3515 3509//3509 3523//3523 
f 3518//3518 3527//3527 3524//3524 
f 3516//3516 3518//3518 3524//3524 
f 3519//3519 3528//3528 3518//3518 
f 3528//3528 3527//3527 3518//3518 
f 3520//3520 3529//3529 3519//3519 
f 3529//3529 3528//3528 3519//3519 
f 3521//3521 3530//3530 3520//3520 
f 3530//3530 3529//3529 3520//3520 
f 3522//3522 3531//3531 3521//3521 
f 3531//3531 3530//3530 3521//3521 
f 3523//3523 3532//3532 3522//3522 
f 3532//3532 3531//3531 3522//3522 
f 3517//3517 3525//3525 3532//3532 
f 3523//3523 3517//3517 3532//3532 
f 3526//3526 3535//3535 3533//3533 
f 3526//3526 3600//3600 3535//3535 
f 3524//3524 3600//3600 3526//3526 
f 3524//3524 3594//3594 3600//3600 
f 3524//3524 3527//3527 3594//3594 
f 3528//3528 3594//3594 3527//3527 
f 3595//3595 3594//3594 3528//3528 
f 3529//3529 3595//3595 3528//3528 
f 3596//3596 3595//3595 3529//3529 
f 3530//3530 3596//3596 3529//3529 
f 3597//3597 3596//3596 3530//3530 
f 3531//3531 3597//3597 3530//3530 
f 3598//3598 3597//3597 3531//3531 
f 3532//3532 3598//3598 3531//3531 
f 3599//3599 3598//3598 3532//3532 
f 3599//3599 3532//3532 3525//3525 
f 3599//3599 3525//3525 3601//3601 
f 3601//3601 3525//3525 3534//3534 
f 3535//3535 3540//3540 3536//3536 
f 3533//3533 3535//3535 3536//3536 
f 3608//3608 3535//3535 3600//3600 
f 3540//3540 3535//3535 3608//3608 
f 3534//3534 3537//3537 3601//3601 
f 3601//3601 3537//3537 3609//3609 
f 3538//3538 3543//3543 3541//3541 
f 3538//3538 3539//3539 3544//3544 
f 3543//3543 3538//3538 3544//3544 
f 3539//3539 3617//3617 3544//3544 
f 3536//3536 3617//3617 3539//3539 
f 3536//3536 3610//3610 3617//3617 
f 3536//3536 3540//3540 3610//3610 
f 3608//3608 3610//3610 3540//3540 
f 3537//3537 3542//3542 3609//3609 
f 3609//3609 3542//3542 3618//3618 
f 3543//3543 3547//3547 3545//3545 
f 3541//3541 3543//3543 3545//3545 
f 3544//3544 3548//3548 3543//3543 
f 3548//3548 3547//3547 3543//3543 
f 3626//3626 3544//3544 3617//3617 
f 3548//3548 3544//3544 3626//3626 
f 3542//3542 3546//3546 3618//3618 
f 3618//3618 3546//3546 3627//3627 
f 3547//3547 3628//3628 3637//3637 
f 3547//3547 3637//3637 3545//3545 
f 3545//3545 3637//3637 3549//3549 
f 3548//3548 3628//3628 3547//3547 
f 3629//3629 3628//3628 3548//3548 
f 3626//3626 3629//3629 3548//3548 
f 3546//3546 3550//3550 3627//3627 
f 3627//3627 3550//3550 3638//3638 
f 3549//3549 3637//3637 3551//3551 
f 3637//3637 3645//3645 3551//3551 
f 3550//3550 3552//3552 3638//3638 
f 3638//3638 3552//3552 3646//3646 
f 3553//3553 3557//3557 3555//3555 
f 3553//3553 3554//3554 3558//3558 
f 3557//3557 3553//3553 3558//3558 
f 3554//3554 3653//3653 3558//3558 
f 3554//3554 3551//3551 3653//3653 
f 3551//3551 3645//3645 3653//3653 
f 3552//3552 3556//3556 3646//3646 
f 3646//3646 3556//3556 3654//3654 
f 3557//3557 3561//3561 3559//3559 
f 3555//3555 3557//3557 3559//3559 
f 3558//3558 3562//3562 3557//3557 
f 3562//3562 3561//3561 3557//3557 
f 3661//3661 3558//3558 3653//3653 
f 3562//3562 3558//3558 3661//3661 
f 3556//3556 3560//3560 3654//3654 
f 3654//3654 3560//3560 3662//3662 
f 3561//3561 3569//3569 3563//3563 
f 3559//3559 3561//3561 3563//3563 
f 3562//3562 3570//3570 3561//3561 
f 3570//3570 3569//3569 3561//3561 
f 3671//3671 3562//3562 3661//3661 
f 3570//3570 3562//3562 3671//3671 
f 3571//3571 3672//3672 3663//3663 
f 3571//3571 3664//3664 3572//3572 
f 3663//3663 3664//3664 3571//3571 
f 3572//3572 3664//3664 3662//3662 
f 3572//3572 3662//3662 3564//3564 
f 3564//3564 3662//3662 3560//3560 
f 3563//3563 3569//3569 3565//3565 
f 3566//3566 3565//3565 3569//3569 
f 3570//3570 3566//3566 3569//3569 
f 3570//3570 3573//3573 3566//3566 
f 3570//3570 3671//3671 3573//3573 
f 3671//3671 3677//3677 3573//3573 
f 3567//3567 3672//3672 3571//3571 
f 3567//3567 3574//3574 3672//3672 
f 3574//3574 3678//3678 3672//3672 
f 3568//3568 3567//3567 3571//3571 
f 3572//3572 3568//3568 3571//3571 
f 3564//3564 3568//3568 3572//3572 
f 3573//3573 3677//3677 3575//3575 
f 3677//3677 3686//3686 3575//3575 
f 3574//3574 3576//3576 3678//3678 
f 3678//3678 3576//3576 3687//3687 
f 3575//3575 3686//3686 3688//3688 
f 3577//3577 3575//3575 3688//3688 
f 3578//3578 3577//3577 3689//3689 
f 3577//3577 3688//3688 3689//3689 
f 3581//3581 3690//3690 3583//3583 
f 3581//3581 3578//3578 3690//3690 
f 3578//3578 3689//3689 3690//3690 
f 3583//3583 3691//3691 3584//3584 
f 3690//3690 3691//3691 3583//3583 
f 3584//3584 3692//3692 3585//3585 
f 3691//3691 3692//3692 3584//3584 
f 3585//3585 3579//3579 3582//3582 
f 3585//3585 3692//3692 3579//3579 
f 3692//3692 3693//3693 3579//3579 
f 3580//3580 3579//3579 3694//3694 
f 3579//3579 3693//3693 3694//3694 
f 3687//3687 3576//3576 3580//3580 
f 3694//3694 3687//3687 3580//3580 
f 3583//3583 3591//3591 3586//3586 
f 3581//3581 3583//3583 3586//3586 
f 3584//3584 3592//3592 3583//3583 
f 3592//3592 3591//3591 3583//3583 
f 3585//3585 3593//3593 3584//3584 
f 3593//3593 3592//3592 3584//3584 
f 3582//3582 3587//3587 3593//3593 
f 3585//3585 3582//3582 3593//3593 
f 3586//3586 3591//3591 3588//3588 
f 3589//3589 3588//3588 3591//3591 
f 3592//3592 3589//3589 3591//3591 
f 3590//3590 3589//3589 3592//3592 
f 3593//3593 3590//3590 3592//3592 
f 3587//3587 3590//3590 3593//3593 
f 3594//3594 3602//3602 3600//3600 
f 3594//3594 3595//3595 3603//3603 
f 3602//3602 3594//3594 3603//3603 
f 3595//3595 3596//3596 3604//3604 
f 3603//3603 3595//3595 3604//3604 
f 3596//3596 3597//3597 3605//3605 
f 3604//3604 3596//3596 3605//3605 
f 3597//3597 3598//3598 3606//3606 
f 3605//3605 3597//3597 3606//3606 
f 3598//3598 3599//3599 3607//3607 
f 3606//3606 3598//3598 3607//3607 
f 3599//3599 3601//3601 3607//3607 
f 3602//3602 3611//3611 3608//3608 
f 3600//3600 3602//3602 3608//3608 
f 3603//3603 3612//3612 3602//3602 
f 3612//3612 3611//3611 3602//3602 
f 3604//3604 3613//3613 3603//3603 
f 3613//3613 3612//3612 3603//3603 
f 3605//3605 3614//3614 3604//3604 
f 3614//3614 3613//3613 3604//3604 
f 3606//3606 3615//3615 3605//3605 
f 3615//3615 3614//3614 3605//3605 
f 3607//3607 3616//3616 3606//3606 
f 3616//3616 3615//3615 3606//3606 
f 3601//3601 3609//3609 3616//3616 
f 3607//3607 3601//3601 3616//3616 
f 3610//3610 3619//3619 3617//3617 
f 3610//3610 3608//3608 3611//3611 
f 3610//3610 3611//3611 3619//3619 
f 3619//3619 3611//3611 3620//3620 
f 3612//3612 3621//3621 3611//3611 
f 3621//3621 3620//3620 3611//3611 
f 3613//3613 3622//3622 3612//3612 
f 3622//3622 3621//3621 3612//3612 
f 3614//3614 3623//3623 3613//3613 
f 3623//3623 3622//3622 3613//3613 
f 3615//3615 3624//3624 3614//3614 
f 3624//3624 3623//3623 3614//3614 
f 3616//3616 3625//3625 3615//3615 
f 3625//3625 3624//3624 3615//3615 
f 3609//3609 3618//3618 3625//3625 
f 3616//3616 3609//3609 3625//3625 
f 3619//3619 3630//3630 3626//3626 
f 3617//3617 3619//3619 3626//3626 
f 3620//3620 3631//3631 3619//3619 
f 3631//3631 3630//3630 3619//3619 
f 3621//3621 3632//3632 3620//3620 
f 3632//3632 3631//3631 3620//3620 
f 3622//3622 3633//3633 3621//3621 
f 3633//3633 3632//3632 3621//3621 
f 3623//3623 3634//3634 3622//3622 
f 3634//3634 3633//3633 3622//3622 
f 3624//3624 3635//3635 3623//3623 
f 3635//3635 3634//3634 3623//3623 
f 3625//3625 3636//3636 3624//3624 
f 3636//3636 3635//3635 3624//3624 
f 3618//3618 3627//3627 3636//3636 
f 3625//3625 3618//3618 3636//3636 
f 3628//3628 3639//3639 3637//3637 
f 3628//3628 3629//3629 3640//3640 
f 3639//3639 3628//3628 3640//3640 
f 3629//3629 3705//3705 3640//3640 
f 3626//3626 3705//3705 3629//3629 
f 3626//3626 3702//3702 3705//3705 
f 3626//3626 3630//3630 3702//3702 
f 3631//3631 3702//3702 3630//3630 
f 3703//3703 3702//3702 3631//3631 
f 3632//3632 3703//3703 3631//3631 
f 3704//3704 3703//3703 3632//3632 
f 3704//3704 3641//3641 3706//3706 
f 3704//3704 3632//3632 3641//3641 
f 3632//3632 3633//3633 3641//3641 
f 3634//3634 3642//3642 3633//3633 
f 3642//3642 3641//3641 3633//3633 
f 3635//3635 3643//3643 3634//3634 
f 3643//3643 3642//3642 3634//3634 
f 3636//3636 3644//3644 3635//3635 
f 3644//3644 3643//3643 3635//3635 
f 3627//3627 3638//3638 3644//3644 
f 3636//3636 3627//3627 3644//3644 
f 3639//3639 3647//3647 3645//3645 
f 3637//3637 3639//3639 3645//3645 
f 3640//3640 3648//3648 3639//3639 
f 3648//3648 3647//3647 3639//3639 
f 3710//3710 3640//3640 3705//3705 
f 3648//3648 3640//3640 3710//3710 
f 3649//3649 3706//3706 3641//3641 
f 3711//3711 3706//3706 3649//3649 
f 3642//3642 3650//3650 3641//3641 
f 3650//3650 3649//3649 3641//3641 
f 3643//3643 3651//3651 3642//3642 
f 3651//3651 3650//3650 3642//3642 
f 3644//3644 3652//3652 3643//3643 
f 3652//3652 3651//3651 3643//3643 
f 3638//3638 3646//3646 3652//3652 
f 3644//3644 3638//3638 3652//3652 
f 3647//3647 3655//3655 3653//3653 
f 3645//3645 3647//3647 3653//3653 
f 3648//3648 3656//3656 3647//3647 
f 3656//3656 3655//3655 3647//3647 
f 3715//3715 3648//3648 3710//3710 
f 3656//3656 3648//3648 3715//3715 
f 3657//3657 3711//3711 3649//3649 
f 3716//3716 3711//3711 3657//3657 
f 3650//3650 3658//3658 3649//3649 
f 3658//3658 3657//3657 3649//3649 
f 3651//3651 3659//3659 3650//3650 
f 3659//3659 3658//3658 3650//3650 
f 3652//3652 3660//3660 3651//3651 
f 3660//3660 3659//3659 3651//3651 
f 3646//3646 3654//3654 3660//3660 
f 3652//3652 3646//3646 3660//3660 
f 3655//3655 3665//3665 3661//3661 
f 3653//3653 3655//3655 3661//3661 
f 3656//3656 3666//3666 3655//3655 
f 3666//3666 3665//3665 3655//3655 
f 3720//3720 3656//3656 3715//3715 
f 3666//3666 3656//3656 3720//3720 
f 3667//3667 3716//3716 3657//3657 
f 3721//3721 3716//3716 3667//3667 
f 3658//3658 3668//3668 3657//3657 
f 3668//3668 3667//3667 3657//3657 
f 3659//3659 3669//3669 3658//3658 
f 3669//3669 3668//3668 3658//3658 
f 3660//3660 3670//3670 3659//3659 
f 3670//3670 3669//3669 3659//3659 
f 3654//3654 3662//3662 3670//3670 
f 3660//3660 3654//3654 3670//3670 
f 3665//3665 3673//3673 3671//3671 
f 3661//3661 3665//3665 3671//3671 
f 3666//3666 3674//3674 3665//3665 
f 3674//3674 3673//3673 3665//3665 
f 3725//3725 3666//3666 3720//3720 
f 3674//3674 3666//3666 3725//3725 
f 3675//3675 3721//3721 3667//3667 
f 3726//3726 3721//3721 3675//3675 
f 3668//3668 3676//3676 3667//3667 
f 3676//3676 3675//3675 3667//3667 
f 3663//3663 3672//3672 3676//3676 
f 3663//3663 3676//3676 3669//3669 
f 3669//3669 3676//3676 3668//3668 
f 3664//3664 3663//3663 3669//3669 
f 3670//3670 3664//3664 3669//3669 
f 3662//3662 3664//3664 3670//3670 
f 3673//3673 3679//3679 3677//3677 
f 3671//3671 3673//3673 3677//3677 
f 3674//3674 3680//3680 3673//3673 
f 3680//3680 3679//3679 3673//3673 
f 3727//3727 3674//3674 3725//3725 
f 3727//3727 3681//3681 3674//3674 
f 3681//3681 3680//3680 3674//3674 
f 3681//3681 3728//3728 3682//3682 
f 3727//3727 3728//3728 3681//3681 
f 3682//3682 3729//3729 3683//3683 
f 3728//3728 3729//3729 3682//3682 
f 3726//3726 3683//3683 3729//3729 
f 3726//3726 3675//3675 3683//3683 
f 3675//3675 3684//3684 3683//3683 
f 3676//3676 3685//3685 3675//3675 
f 3685//3685 3684//3684 3675//3675 
f 3672//3672 3678//3678 3685//3685 
f 3676//3676 3672//3672 3685//3685 
f 3679//3679 3695//3695 3686//3686 
f 3677//3677 3679//3679 3686//3686 
f 3680//3680 3696//3696 3679//3679 
f 3696//3696 3695//3695 3679//3679 
f 3681//3681 3697//3697 3680//3680 
f 3697//3697 3696//3696 3680//3680 
f 3682//3682 3698//3698 3681//3681 
f 3698//3698 3697//3697 3681//3681 
f 3683//3683 3699//3699 3682//3682 
f 3699//3699 3698//3698 3682//3682 
f 3684//3684 3700//3700 3683//3683 
f 3700//3700 3699//3699 3683//3683 
f 3685//3685 3701//3701 3684//3684 
f 3701//3701 3700//3700 3684//3684 
f 3678//3678 3687//3687 3701//3701 
f 3685//3685 3678//3678 3701//3701 
f 3686//3686 3695//3695 3688//3688 
f 3689//3689 3688//3688 3695//3695 
f 3696//3696 3689//3689 3695//3695 
f 3690//3690 3689//3689 3696//3696 
f 3697//3697 3690//3690 3696//3696 
f 3691//3691 3690//3690 3697//3697 
f 3698//3698 3691//3691 3697//3697 
f 3692//3692 3691//3691 3698//3698 
f 3699//3699 3692//3692 3698//3698 
f 3693//3693 3692//3692 3699//3699 
f 3700//3700 3693//3693 3699//3699 
f 3694//3694 3693//3693 3700//3700 
f 3701//3701 3694//3694 3700//3700 
f 3687//3687 3694//3694 3701//3701 
f 3702//3702 3707//3707 3705//3705 
f 3702//3702 3703//3703 3708//3708 
f 3707//3707 3702//3702 3708//3708 
f 3703//3703 3704//3704 3709//3709 
f 3708//3708 3703//3703 3709//3709 
f 3704//3704 3706//3706 3709//3709 
f 3707//3707 3712//3712 3710//3710 
f 3705//3705 3707//3707 3710//3710 
f 3708//3708 3713//3713 3707//3707 
f 3713//3713 3712//3712 3707//3707 
f 3709//3709 3714//3714 3708//3708 
f 3714//3714 3713//3713 3708//3708 
f 3706//3706 3711//3711 3714//3714 
f 3709//3709 3706//3706 3714//3714 
f 3712//3712 3717//3717 3715//3715 
f 3710//3710 3712//3712 3715//3715 
f 3713//3713 3718//3718 3712//3712 
f 3718//3718 3717//3717 3712//3712 
f 3714//3714 3719//3719 3713//3713 
f 3719//3719 3718//3718 3713//3713 
f 3711//3711 3716//3716 3719//3719 
f 3714//3714 3711//3711 3719//3719 
f 3717//3717 3722//3722 3720//3720 
f 3715//3715 3717//3717 3720//3720 
f 3718//3718 3723//3723 3717//3717 
f 3723//3723 3722//3722 3717//3717 
f 3719//3719 3724//3724 3718//3718 
f 3724//3724 3723//3723 3718//3718 
f 3716//3716 3721//3721 3724//3724 
f 3719//3719 3716//3716 3724//3724 
f 3722//3722 3730//3730 3725//3725 
f 3720//3720 3722//3722 3725//3725 
f 3723//3723 3731//3731 3722//3722 
f 3731//3731 3730//3730 3722//3722 
f 3724//3724 3732//3732 3723//3723 
f 3732//3732 3731//3731 3723//3723 
f 3721//3721 3726//3726 3732//3732 
f 3724//3724 3721//3721 3732//3732 
f 3725//3725 3730//3730 3727//3727 
f 3728//3728 3727//3727 3730//3730 
f 3731//3731 3728//3728 3730//3730 
f 3729//3729 3728//3728 3731//3731 
f 3732//3732 3729//3729 3731//3731 
f 3726//3726 3729//3729 3732//3732 
