#  3D Slicer output. SPACE=LPS

mtllib left adrenal gland.mtl

v 39.02704620361328 -12.307584762573242 -333.651123046875
v 39.68768310546875 -12.161075592041016 -333.7806701660156
v 40.28213119506836 -12.106000900268555 -333.7593078613281
v 40.63623046875 -12.126350402832031 -333.5544128417969
v 38.71540832519531 -12.00615119934082 -333.8132019042969
v 39.335323333740234 -11.706554412841797 -333.99749755859375
v 40.13690948486328 -11.638509750366211 -334.01104736328125
v 40.90280532836914 -11.654233932495117 -333.7835998535156
v 39.85247802734375 -11.017346382141113 -334.11285400390625
v 40.756534576416016 -11.019468307495117 -334.093994140625
v 41.743587493896484 -10.978424072265625 -333.9601135253906
v 42.66214370727539 -10.709083557128906 -333.98883056640625
v 43.270851135253906 -10.582340240478516 -333.9576721191406
v 43.59443283081055 -10.53732681274414 -333.82525634765625
v 39.762210845947266 -10.475481033325195 -333.99139404296875
v 40.45741653442383 -10.349571228027344 -334.02880859375
v 41.39857482910156 -10.392391204833984 -334.11749267578125
v 42.27895736694336 -10.33383560180664 -334.12017822265625
v 43.03486251831055 -10.252845764160156 -334.05462646484375
v 43.57669448852539 -10.23923110961914 -333.8450622558594
v 41.12987518310547 -9.83473014831543 -333.9287109375
v 41.93008041381836 -9.822141647338867 -334.0115051269531
v 42.729949951171875 -9.781932830810547 -334.00018310546875
v 43.43833923339844 -9.764755249023438 -333.82373046875
v 34.18755340576172 -13.695943832397461 -332.4817199707031
v 34.98015594482422 -13.737940788269043 -332.615478515625
v 35.74037551879883 -13.75875473022461 -332.7044982910156
v 36.43486404418945 -13.76451301574707 -332.7252502441406
v 37.01369857788086 -13.751769065856934 -332.65106201171875
v 37.350318908691406 -13.754308700561523 -332.42364501953125
v 38.83213806152344 -12.683367729187012 -333.1607360839844
v 39.39764404296875 -12.54281997680664 -333.3218994140625
v 39.952945709228516 -12.425840377807617 -333.4471435546875
v 40.34559631347656 -12.342155456542969 -333.4869384765625
v 33.885765075683594 -13.163698196411133 -332.7522277832031
v 34.64982604980469 -13.21570873260498 -332.889892578125
v 35.442115783691406 -13.245558738708496 -332.997802734375
v 36.20906066894531 -13.282405853271484 -333.0575256347656
v 36.90402603149414 -13.321352005004883 -333.02581787109375
v 37.57467269897461 -13.303720474243164 -332.80548095703125
v 38.21680450439453 -12.541866302490234 -333.36444091796875
v 40.57879638671875 -12.296223640441895 -333.24688720703125
v 33.65218734741211 -12.593555450439453 -332.7975158691406
v 34.35740661621094 -12.61252212524414 -332.9581298828125
v 35.15846633911133 -12.593852996826172 -333.08953857421875
v 35.986351013183594 -12.61301040649414 -333.2016296386719
v 36.775543212890625 -12.698006629943848 -333.28179931640625
v 37.40188980102539 -12.819981575012207 -333.25494384765625
v 38.27996063232422 -11.875772476196289 -333.7126159667969
v 41.01874923706055 -11.966455459594727 -333.12432861328125
v 38.759849548339844 -11.502647399902344 -333.9312744140625
v 39.217926025390625 -11.189233779907227 -334.0682373046875
v 41.66386032104492 -11.475348472595215 -333.40582275390625
v 42.384910583496094 -11.09205436706543 -333.5877990722656
v 43.034698486328125 -10.85364818572998 -333.7057189941406
v 43.42994689941406 -10.716426849365234 -333.7838439941406
v 33.476806640625 -12.137579917907715 -332.6766662597656
v 34.05017852783203 -12.040352821350098 -332.7997131347656
v 34.838531494140625 -11.95526123046875 -332.9622802734375
v 35.73904037475586 -11.79312515258789 -333.08404541015625
v 36.634490966796875 -11.91510009765625 -333.2705993652344
v 37.541507720947266 -12.053812026977539 -333.4609375
v 39.323211669921875 -10.730039596557617 -333.97711181640625
v 43.62449645996094 -10.628759384155273 -333.60760498046875
v 36.47236633300781 -11.088848114013672 -332.9565124511719
v 37.30792999267578 -11.217033386230469 -333.2443542480469
v 38.20712661743164 -11.219429969787598 -333.60955810546875
v 38.864280700683594 -10.998678207397461 -333.8917236328125
v 39.423583984375 -10.376394271850586 -333.8363342285156
v 43.798614501953125 -10.350966453552246 -333.5034484863281
v 39.76597595214844 -9.978222846984863 -333.602783203125
v 40.504051208496094 -9.793245315551758 -333.7620849609375
v 36.57147979736328 -10.500204086303711 -332.5497741699219
v 37.112762451171875 -10.558855056762695 -332.7640075683594
v 37.884117126464844 -10.536599159240723 -333.06011962890625
v 38.85631561279297 -10.402881622314453 -333.4857482910156
v 40.86229705810547 -9.460819244384766 -333.586669921875
v 44.013450622558594 -9.802925109863281 -333.34918212890625
v 41.561031341552734 -9.273099899291992 -333.5643005371094
v 42.35844421386719 -9.352863311767578 -333.7788391113281
v 43.144371032714844 -9.158182144165039 -333.6158447265625
v 43.86434555053711 -9.301864624023438 -333.4854736328125
v 39.7099494934082 -9.464025497436523 -332.99920654296875
v 40.27645492553711 -9.443855285644531 -333.30126953125
v 44.54774856567383 -9.091496467590332 -332.96331787109375
v 45.055747985839844 -8.933889389038086 -332.5448303222656
v 43.1370735168457 -8.491659164428711 -333.1211853027344
v 43.947364807128906 -8.685386657714844 -333.1856994628906
v 44.61521911621094 -8.54989242553711 -332.9033203125
v 45.02124786376953 -8.63189697265625 -332.605712890625
v 43.08409881591797 -8.067071914672852 -332.6778869628906
v 43.682743072509766 -8.117401123046875 -332.78240966796875
v 44.37885284423828 -8.164703369140625 -332.7415466308594
v 44.93653869628906 -8.218622207641602 -332.5045471191406
v 33.73436737060547 -14.063680648803711 -331.82928466796875
v 34.598899841308594 -14.076590538024902 -332.03814697265625
v 35.35969161987305 -14.080465316772461 -332.19451904296875
v 36.0539665222168 -14.063369750976562 -332.2698974609375
v 36.6642951965332 -14.021682739257812 -332.30224609375
v 37.07544708251953 -13.96021842956543 -332.31951904296875
v 33.42771530151367 -13.601362228393555 -332.36114501953125
v 37.29372024536133 -13.892757415771484 -332.09527587890625
v 31.05611801147461 -13.761353492736816 -331.1065979003906
v 31.695890426635742 -13.807415962219238 -331.39501953125
v 32.41191101074219 -13.866174697875977 -331.6636962890625
v 33.03024673461914 -13.891183853149414 -331.9166564941406
v 33.18846130371094 -13.052868843078613 -332.5690002441406
v 37.693809509277344 -13.552427291870117 -332.03607177734375
v 38.373661041259766 -13.030838966369629 -332.50567626953125
v 39.13042449951172 -12.784266471862793 -332.6482849121094
v 39.73667526245117 -12.614274024963379 -332.84130859375
v 40.23356628417969 -12.468218803405762 -333.068115234375
v 30.798648834228516 -13.359308242797852 -331.1570739746094
v 31.31191635131836 -13.243579864501953 -331.5557861328125
v 32.04128646850586 -13.345968246459961 -331.9079895019531
v 32.73487091064453 -13.472021102905273 -332.19122314453125
v 33.070899963378906 -12.462413787841797 -332.56866455078125
v 40.5949821472168 -12.291299819946289 -332.68792724609375
v 31.806230545043945 -12.66167163848877 -331.90826416015625
v 32.534767150878906 -12.857257843017578 -332.2867126464844
v 33.14530944824219 -12.042403221130371 -332.5027160644531
v 41.01996612548828 -11.969804763793945 -332.2022705078125
v 33.53559875488281 -11.545348167419434 -332.3492431640625
v 34.49647521972656 -11.400723457336426 -332.62066650390625
v 35.25686264038086 -11.297845840454102 -332.80084228515625
v 35.83173751831055 -11.110496520996094 -332.8512878417969
v 41.62013626098633 -11.615121841430664 -332.577392578125
v 42.180992126464844 -11.315345764160156 -332.990234375
v 42.831016540527344 -11.01483154296875 -333.029052734375
v 43.366695404052734 -10.794639587402344 -333.417724609375
v 31.815505981445312 -12.06856918334961 -331.7808532714844
v 32.55939483642578 -12.033605575561523 -332.1356506347656
v 36.074974060058594 -10.664522171020508 -332.5727844238281
v 43.66462326049805 -10.562503814697266 -333.1268615722656
v 33.535648345947266 -10.780787467956543 -331.7266540527344
v 34.26578140258789 -10.84653091430664 -332.081298828125
v 35.02714538574219 -10.819828033447266 -332.35699462890625
v 35.578346252441406 -10.823404312133789 -332.575927734375
v 43.00069808959961 -10.83885383605957 -332.1874694824219
v 43.32978820800781 -10.770106315612793 -332.8469543457031
v 36.281681060791016 -10.276460647583008 -332.19598388671875
v 43.9925422668457 -10.157108306884766 -332.791259765625
v 36.86676025390625 -10.063039779663086 -332.08355712890625
v 37.541053771972656 -10.102092742919922 -332.4551696777344
v 38.27617263793945 -9.850824356079102 -332.5222473144531
v 39.12935256958008 -9.696638107299805 -332.90582275390625
v 44.50387954711914 -9.6024751663208 -332.42315673828125
v 44.915653228759766 -9.193527221679688 -332.46142578125
v 33.51862335205078 -10.339927673339844 -331.2051086425781
v 34.111427307128906 -10.341608047485352 -331.4172058105469
v 34.865997314453125 -10.347736358642578 -331.70916748046875
v 35.648536682128906 -10.370742797851562 -332.060791015625
v 43.17061996459961 -10.59151840209961 -331.4848327636719
v 43.580963134765625 -10.477852821350098 -332.2177429199219
v 39.37618637084961 -9.28199291229248 -332.47967529296875
v 45.17803192138672 -9.010660171508789 -332.1406555175781
v 39.99061584472656 -9.043252944946289 -332.49005126953125
v 40.80290985107422 -9.066211700439453 -333.0345458984375
v 41.44575500488281 -8.713197708129883 -332.83489990234375
v 42.316341400146484 -8.785319328308105 -333.2525634765625
v 38.18313980102539 -9.40392017364502 -331.72955322265625
v 38.78302764892578 -9.350228309631348 -332.10565185546875
v 42.53766632080078 -8.247625350952148 -332.7122497558594
v 45.29497528076172 -8.708274841308594 -332.1047668457031
v 41.37840270996094 -8.292495727539062 -332.1035461425781
v 41.94040298461914 -8.386241912841797 -332.625732421875
v 42.70458221435547 -7.890713214874268 -332.2506408691406
v 45.32308578491211 -8.29777717590332 -332.0235900878906
v 43.32408905029297 -7.700240612030029 -332.159423828125
v 44.11167907714844 -7.721841335296631 -332.2786865234375
v 44.77090835571289 -7.799887657165527 -332.1877746582031
v 45.218299865722656 -7.9367995262146 -331.9470520019531
v 41.38505554199219 -7.993924617767334 -331.4716796875
v 42.0206298828125 -7.988929748535156 -331.97161865234375
v 30.78577423095703 -14.116716384887695 -330.5211181640625
v 31.43610954284668 -14.211666107177734 -330.7315368652344
v 32.18841552734375 -14.224767684936523 -330.9436340332031
v 33.02769470214844 -14.21821117401123 -331.20556640625
v 33.730220794677734 -14.308619499206543 -331.1062316894531
v 34.34319305419922 -14.268863677978516 -331.30352783203125
v 35.10093688964844 -14.234268188476562 -331.4947204589844
v 35.72864532470703 -14.201581954956055 -331.7510986328125
v 36.369346618652344 -14.131820678710938 -331.6688232421875
v 36.946678161621094 -14.039838790893555 -331.927490234375
v 30.59549331665039 -13.673758506774902 -330.7821960449219
v 37.275386810302734 -13.842177391052246 -331.6070251464844
v 36.48075866699219 -13.988245010375977 -330.8872985839844
v 36.85679626464844 -13.997459411621094 -331.39593505859375
v 30.405925750732422 -13.119686126708984 -330.6656188964844
v 37.612056732177734 -13.538562774658203 -331.2587890625
v 30.862545013427734 -12.902164459228516 -331.2777099609375
v 31.23784065246582 -12.718856811523438 -331.608154296875
v 38.22639083862305 -13.144636154174805 -331.33355712890625
v 38.860321044921875 -12.901806831359863 -331.8833923339844
v 39.52081298828125 -12.657678604125977 -331.9023132324219
v 40.120361328125 -12.496984481811523 -332.3601989746094
v 36.617923736572266 -13.739919662475586 -330.24755859375
v 37.08934783935547 -13.706911087036133 -330.8009033203125
v 31.391216278076172 -12.281942367553711 -331.60546875
v 40.49980545043945 -12.23897933959961 -331.86590576171875
v 30.663776397705078 -12.448382377624512 -330.8987731933594
v 31.01968765258789 -12.44819164276123 -331.35748291015625
v 39.674713134765625 -12.407791137695312 -330.92645263671875
v 40.038063049316406 -12.41617202758789 -331.596435546875
v 31.537628173828125 -11.913644790649414 -331.5304870605469
v 40.83294677734375 -11.923992156982422 -331.36822509765625
v 31.92300796508789 -11.459695816040039 -331.42803955078125
v 32.812835693359375 -11.187195777893066 -331.7410888671875
v 41.44380187988281 -11.539649963378906 -331.40771484375
v 42.269752502441406 -11.200308799743652 -332.07781982421875
v 30.583786010742188 -11.931920051574707 -330.4645080566406
v 31.134201049804688 -11.864412307739258 -331.089111328125
v 39.81475830078125 -12.11813735961914 -330.2002258300781
v 40.28125 -12.090826034545898 -330.8638916015625
v 32.97927474975586 -10.5818510055542 -331.2610168457031
v 42.646026611328125 -10.825347900390625 -331.2635498046875
v 31.912158966064453 -10.756945610046387 -330.80303955078125
v 32.4080696105957 -10.839009284973145 -331.217529296875
v 33.16130828857422 -10.181069374084473 -330.77978515625
v 42.958282470703125 -10.477399826049805 -330.5929870605469
v 33.81330871582031 -9.961402893066406 -330.6303405761719
v 34.65034866333008 -9.94722843170166 -330.9124755859375
v 35.443878173828125 -9.938371658325195 -331.21014404296875
v 36.18748092651367 -9.944939613342285 -331.5719909667969
v 36.771392822265625 -9.623849868774414 -331.19171142578125
v 37.539363861083984 -9.636056900024414 -331.70635986328125
v 43.55316162109375 -10.253799438476562 -331.055908203125
v 44.09413146972656 -10.000192642211914 -331.75042724609375
v 44.602203369140625 -9.586441040039062 -331.3426208496094
v 44.980716705322266 -9.271013259887695 -331.83782958984375
v 31.8972110748291 -10.353004455566406 -330.3085632324219
v 32.479454040527344 -10.330462455749512 -330.6168212890625
v 37.8408203125 -9.259819984436035 -331.1309509277344
v 45.31951141357422 -8.887577056884766 -331.3745422363281
v 38.46435546875 -9.027934074401855 -331.12005615234375
v 39.260459899902344 -8.97275161743164 -331.75079345703125
v 39.84735107421875 -8.631526947021484 -331.5094299316406
v 40.657066345214844 -8.592260360717773 -332.11907958984375
v 36.68148422241211 -9.352970123291016 -330.417724609375
v 37.26131820678711 -9.309935569763184 -330.75048828125
v 44.65701675415039 -9.480071067810059 -330.45245361328125
v 45.01471710205078 -9.248149871826172 -330.9305114746094
v 40.854408264160156 -8.17880630493164 -331.4010925292969
v 45.4900016784668 -8.451581001281738 -331.43829345703125
v 39.794254302978516 -8.317971229553223 -330.646240234375
v 40.30401611328125 -8.338796615600586 -331.2501525878906
v 41.05029296875 -7.895302772521973 -330.85919189453125
v 45.63157653808594 -7.86060094833374 -330.99359130859375
v 41.67850112915039 -7.676064968109131 -330.9167785644531
v 42.57054138183594 -7.556021213531494 -331.44989013671875
v 43.278621673583984 -7.32579231262207 -331.43817138671875
v 43.826316833496094 -7.386434078216553 -331.7467956542969
v 44.58401107788086 -7.305455207824707 -331.51190185546875
v 45.190765380859375 -7.571113109588623 -331.5450744628906
v 39.83182907104492 -8.082067489624023 -329.95489501953125
v 40.41228485107422 -8.029497146606445 -330.4962463378906
v 44.688079833984375 -6.7855000495910645 -330.6243896484375
v 45.55673599243164 -7.0493340492248535 -330.6256103515625
v 46.38740921020508 -6.7855119705200195 -329.9375
v 46.763275146484375 -6.665456295013428 -329.6165466308594
v 44.69905090332031 -6.4446330070495605 -329.98663330078125
v 45.33233642578125 -6.506550312042236 -330.0118713378906
v 46.06978988647461 -6.5332770347595215 -329.84844970703125
v 46.617008209228516 -6.509232521057129 -329.5606994628906
v 30.724166870117188 -15.306925773620605 -328.7251281738281
v 31.15451431274414 -15.412282943725586 -328.5508728027344
v 30.582427978515625 -14.377260208129883 -330.0474548339844
v 31.145048141479492 -14.614272117614746 -329.9035949707031
v 31.999038696289062 -14.56037712097168 -330.04962158203125
v 32.790802001953125 -14.46331787109375 -330.2186584472656
v 33.54265594482422 -14.389348030090332 -330.3795166015625
v 34.132362365722656 -14.34473991394043 -330.6119079589844
v 34.87419891357422 -14.242256164550781 -330.5232238769531
v 35.74421310424805 -14.161443710327148 -330.9600524902344
v 30.396270751953125 -14.766478538513184 -329.3779296875
v 31.142425537109375 -15.102028846740723 -329.0561218261719
v 30.171276092529297 -13.909053802490234 -330.0402526855469
v 36.09476089477539 -13.914310455322266 -330.19000244140625
v 29.17211151123047 -14.169096946716309 -328.7461853027344
v 29.667282104492188 -14.378416061401367 -329.200439453125
v 35.07170867919922 -14.038658142089844 -329.4670104980469
v 35.51445007324219 -14.052618026733398 -330.0923156738281
v 29.852914810180664 -13.060701370239258 -329.8150329589844
v 36.3713264465332 -13.613486289978027 -329.639404296875
v 36.968994140625 -13.336014747619629 -329.710205078125
v 37.654685974121094 -13.243365287780762 -330.439697265625
v 38.28511047363281 -12.810063362121582 -330.1941223144531
v 38.97056579589844 -12.697494506835938 -330.8978576660156
v 29.048728942871094 -13.73136043548584 -328.64227294921875
v 29.447078704833984 -13.640928268432617 -329.246826171875
v 35.286521911621094 -13.782238960266113 -328.684326171875
v 35.772705078125 -13.742696762084961 -329.2981262207031
v 30.20708465576172 -12.410569190979004 -330.169677734375
v 39.3143424987793 -12.309575080871582 -330.0936279296875
v 38.34409713745117 -12.426054000854492 -329.26513671875
v 38.79084777832031 -12.4769926071167 -329.9142150878906
v 30.25314712524414 -11.616301536560059 -329.6090087890625
v 39.57035446166992 -11.983656883239746 -329.525390625
v 30.825401306152344 -11.36019229888916 -330.2970886230469
v 31.374835968017578 -11.123418807983398 -330.7107238769531
v 40.1555061340332 -11.725509643554688 -329.6392822265625
v 40.83380889892578 -11.631345748901367 -330.45068359375
v 41.41078186035156 -11.201704025268555 -330.197265625
v 42.01130676269531 -11.065757751464844 -330.872314453125
v 38.43448257446289 -12.093770980834961 -328.5668640136719
v 38.9755973815918 -12.099337577819824 -329.1466979980469
v 31.50324821472168 -10.582590103149414 -330.2757263183594
v 42.37189483642578 -10.6919527053833 -330.27081298828125
v 30.67987060546875 -10.893392562866211 -329.53656005859375
v 31.09695816040039 -10.831296920776367 -330.10577392578125
v 41.46692657470703 -10.851526260375977 -329.2538146972656
v 41.8665657043457 -10.86726188659668 -329.96246337890625
v 31.64608383178711 -10.274291038513184 -329.97894287109375
v 42.66016387939453 -10.376143455505371 -329.6944580078125
v 32.04612731933594 -9.961854934692383 -329.6717529296875
v 33.04882049560547 -9.834814071655273 -329.9940185546875
v 33.785701751708984 -9.631813049316406 -329.8350524902344
v 34.434295654296875 -9.632932662963867 -330.0653076171875
v 35.209320068359375 -9.610962867736816 -330.30517578125
v 36.05303955078125 -9.562325477600098 -330.59429931640625
v 43.28398895263672 -10.083842277526855 -329.738525390625
v 44.090248107910156 -9.808754920959473 -330.4388732910156
v 30.65929412841797 -10.45335578918457 -328.8719177246094
v 31.23114013671875 -10.314977645874023 -329.5076904296875
v 41.579341888427734 -10.559141159057617 -328.54638671875
v 42.0668830871582 -10.526334762573242 -329.2165832519531
v 36.333919525146484 -9.260344505310059 -329.8469543457031
v 44.44246292114258 -9.463512420654297 -329.5270080566406
v 36.97242736816406 -9.06716537475586 -329.7391357421875
v 37.74774169921875 -9.00428295135498 -330.3311767578125
v 38.33660888671875 -8.697975158691406 -330.0457763671875
v 39.11018371582031 -8.6104154586792 -330.68865966796875
v 44.95179748535156 -9.202361106872559 -329.9444274902344
v 45.281028747558594 -8.948016166687012 -330.4341125488281
v 32.05630874633789 -9.539758682250977 -328.8159484863281
v 32.68043899536133 -9.510278701782227 -329.0612487792969
v 33.46038055419922 -9.43559455871582 -329.16436767578125
v 34.206626892089844 -9.384322166442871 -329.2413330078125
v 34.94942092895508 -9.360861778259277 -329.4063720703125
v 35.707496643066406 -9.317838668823242 -329.619873046875
v 39.324642181396484 -8.265411376953125 -329.9073791503906
v 45.58076858520508 -8.47679328918457 -330.3453369140625
v 38.3199462890625 -8.436870574951172 -329.1333312988281
v 38.79644775390625 -8.429967880249023 -329.7630310058594
v 39.543487548828125 -8.020782470703125 -329.3326110839844
v 45.99895477294922 -7.892799377441406 -329.5704650878906
v 40.15174102783203 -7.800185680389404 -329.3446044921875
v 40.99032974243164 -7.639861106872559 -329.9495849609375
v 41.661216735839844 -7.388961315155029 -330.041015625
v 42.17546081542969 -7.342648506164551 -330.5400085449219
v 42.89379119873047 -7.0929765701293945 -330.5755310058594
v 43.82395935058594 -7.007789611816406 -330.960205078125
v 46.26403045654297 -7.258343696594238 -329.8846435546875
v 46.67687225341797 -6.869947910308838 -329.6574401855469
v 38.406253814697266 -8.220386505126953 -328.4141845703125
v 38.94626998901367 -8.162283897399902 -328.994140625
v 44.096351623535156 -6.59327507019043 -330.17034912109375
v 46.87190246582031 -6.746399402618408 -329.36065673828125
v 42.91582107543945 -6.736469268798828 -329.575439453125
v 43.454551696777344 -6.749856472015381 -330.1777648925781
v 44.34957504272461 -6.3211798667907715 -329.52447509765625
v 46.88301086425781 -6.564617156982422 -329.24261474609375
v 45.04280090332031 -6.200289726257324 -329.23211669921875
v 45.82600402832031 -6.255173683166504 -329.2898864746094
v 46.42317199707031 -6.321287155151367 -329.21795654296875
v 46.7701416015625 -6.403779983520508 -329.1056823730469
v 43.027305603027344 -6.4818501472473145 -328.8194580078125
v 43.64230728149414 -6.433570384979248 -329.34844970703125
v 30.565093994140625 -15.541326522827148 -328.0468444824219
v 30.980514526367188 -15.548526763916016 -328.21923828125
v 30.24661636352539 -15.23892879486084 -328.6456604003906
v 31.341171264648438 -15.561461448669434 -328.06146240234375
v 29.79061508178711 -14.967525482177734 -328.738525390625
v 31.647539138793945 -15.357017517089844 -328.34857177734375
v 28.968692779541016 -14.470541000366211 -328.1285400390625
v 29.311418533325195 -14.698469161987305 -328.56475830078125
v 31.914234161376953 -14.963376998901367 -328.9924621582031
v 32.69657897949219 -14.70145034790039 -329.1349792480469
v 33.44926834106445 -14.478874206542969 -329.3214416503906
v 34.25994110107422 -14.282393455505371 -329.6176452636719
v 28.906631469726562 -14.026510238647461 -328.2525634765625
v 34.741783142089844 -14.004969596862793 -328.57061767578125
v 28.859020233154297 -13.575517654418945 -328.0052185058594
v 35.164093017578125 -13.656210899353027 -327.8280944824219
v 29.113842010498047 -13.240182876586914 -328.62371826171875
v 29.430770874023438 -12.967538833618164 -329.1426086425781
v 35.7005615234375 -13.45367431640625 -328.26519775390625
v 36.35530471801758 -13.261055946350098 -328.7542419433594
v 36.97760009765625 -12.915349006652832 -328.77130126953125
v 37.63811492919922 -12.790417671203613 -329.30511474609375
v 29.706192016601562 -12.309062957763672 -329.20806884765625
v 37.90471649169922 -12.296808242797852 -328.4842529296875
v 29.804157257080078 -11.596369743347168 -328.67608642578125
v 38.162567138671875 -11.92222785949707 -327.83819580078125
v 38.79079818725586 -11.77161979675293 -328.1149597167969
v 39.535545349121094 -11.63979721069336 -328.6086730957031
v 40.174842834472656 -11.348688125610352 -328.6604309082031
v 40.80641174316406 -11.216235160827637 -329.2342834472656
v 30.179929733276367 -10.932493209838867 -328.58966064453125
v 41.0853157043457 -10.768699645996094 -328.38311767578125
v 30.42342758178711 -10.285019874572754 -328.0326843261719
v 41.376495361328125 -10.425912857055664 -327.7395935058594
v 30.924964904785156 -9.995138168334961 -328.5062255859375
v 31.507396697998047 -9.759259223937988 -328.81085205078125
v 41.93751907348633 -10.274624824523926 -328.14630126953125
v 42.620182037353516 -10.111152648925781 -328.65008544921875
v 43.24081039428711 -9.838032722473145 -328.6097412109375
v 43.81668472290039 -9.696602821350098 -329.1153564453125
v 31.761455535888672 -9.36318588256836 -328.1498718261719
v 44.20022964477539 -9.37497615814209 -328.400146484375
v 32.42061233520508 -9.232354164123535 -328.22998046875
v 33.17043685913086 -9.180474281311035 -328.3503723144531
v 33.943485260009766 -9.15418815612793 -328.4351806640625
v 34.70241928100586 -9.1383695602417 -328.5429382324219
v 35.444950103759766 -9.110319137573242 -328.71441650390625
v 36.24839782714844 -9.027671813964844 -328.9284973144531
v 36.91816329956055 -8.821654319763184 -328.76812744140625
v 37.62424087524414 -8.714973449707031 -329.2120056152344
v 44.798065185546875 -9.123552322387695 -328.828857421875
v 45.289634704589844 -8.830869674682617 -329.44818115234375
v 37.875343322753906 -8.399605751037598 -328.3408203125
v 45.67422866821289 -8.378171920776367 -328.9171142578125
v 38.1575813293457 -8.12777328491211 -327.6466369628906
v 46.06494903564453 -7.911920547485352 -328.2965087890625
v 38.79161071777344 -7.96513557434082 -327.92926025390625
v 39.53025436401367 -7.8078389167785645 -328.4153747558594
v 40.149044036865234 -7.580101490020752 -328.42218017578125
v 40.69635772705078 -7.458150386810303 -328.7986755371094
v 41.386268615722656 -7.261312007904053 -329.1444396972656
v 42.16377639770508 -7.055330276489258 -329.60076904296875
v 46.42729949951172 -7.4347615242004395 -328.84613037109375
v 46.72296142578125 -7.0059895515441895 -329.1913146972656
v 42.45228576660156 -6.694531440734863 -328.73492431640625
v 46.9071159362793 -6.747615337371826 -328.8442687988281
v 42.77448654174805 -6.396210193634033 -328.024658203125
v 46.891998291015625 -6.503236293792725 -328.6701965332031
v 43.47066879272461 -6.216442584991455 -328.2684631347656
v 44.33207702636719 -6.1023712158203125 -328.5701904296875
v 45.07868194580078 -5.9891581535339355 -328.3144836425781
v 45.65641784667969 -6.059110164642334 -328.4884338378906
v 46.245765686035156 -6.167697906494141 -328.5682373046875
v 46.67494201660156 -6.309545040130615 -328.6003112792969
v 30.464553833007812 -15.752542495727539 -326.9674377441406
v 31.179737091064453 -15.706598281860352 -327.3876647949219
v 29.924606323242188 -15.41231918334961 -327.9568176269531
v 31.76181411743164 -15.58544635772705 -327.5178527832031
v 29.397869110107422 -15.503716468811035 -326.6994934082031
v 29.79772186279297 -15.613365173339844 -327.0840148925781
v 32.34443664550781 -15.505874633789062 -326.92645263671875
v 32.74383544921875 -15.445208549499512 -326.22381591796875
v 29.462360382080078 -15.108978271484375 -328.2153625488281
v 32.08136749267578 -15.423345565795898 -327.73004150390625
v 28.882957458496094 -14.720046997070312 -327.486328125
v 29.12459373474121 -14.944100379943848 -327.912109375
v 32.16049575805664 -15.231013298034668 -328.1456298828125
v 32.70208740234375 -14.992391586303711 -327.9228210449219
v 33.402870178222656 -14.605927467346191 -328.0788879394531
v 34.08226776123047 -14.28215503692627 -328.3585205078125
v 29.05569076538086 -15.132200241088867 -327.14752197265625
v 29.4097900390625 -15.333080291748047 -327.55743408203125
v 32.437705993652344 -15.29853343963623 -327.53179931640625
v 32.823848724365234 -15.228069305419922 -326.80889892578125
v 28.763723373413086 -14.152801513671875 -327.4240417480469
v 34.6165657043457 -13.947380065917969 -327.463134765625
v 28.703571319580078 -13.371265411376953 -326.92840576171875
v 35.082435607910156 -13.545549392700195 -326.73712158203125
v 28.930831909179688 -12.946855545043945 -327.83856201171875
v 29.2386531829834 -12.621843338012695 -328.5040588378906
v 35.593055725097656 -13.250791549682617 -327.24884033203125
v 36.065818786621094 -13.073671340942383 -327.770751953125
v 36.639404296875 -12.719202041625977 -327.8061218261719
v 37.29472351074219 -12.508010864257812 -328.2565002441406
v 29.40099334716797 -11.983466148376465 -328.16851806640625
v 37.58235168457031 -12.113666534423828 -327.65692138671875
v 28.858089447021484 -12.577009201049805 -326.9664306640625
v 29.077672958374023 -12.379180908203125 -327.7412414550781
v 36.69819641113281 -12.332439422607422 -326.8038635253906
v 37.08126449584961 -12.305843353271484 -327.4651794433594
v 29.626846313476562 -11.259805679321289 -327.60284423828125
v 37.85700988769531 -11.799955368041992 -327.10601806640625
v 38.462303161621094 -11.546695709228516 -327.0793151855469
v 39.188575744628906 -11.382568359375 -327.4746398925781
v 39.863990783691406 -11.186159133911133 -327.76824951171875
v 40.494441986083984 -10.98672103881836 -328.09869384765625
v 28.868793487548828 -12.192368507385254 -326.2298889160156
v 29.14240264892578 -11.879611015319824 -327.0463562011719
v 36.83380889892578 -12.049114227294922 -326.0876770019531
v 37.284423828125 -11.963510513305664 -326.72747802734375
v 30.006837844848633 -10.627735137939453 -327.5433654785156
v 40.81206512451172 -10.621297836303711 -327.44500732421875
v 30.23242950439453 -10.115230560302734 -326.8812255859375
v 41.1423454284668 -10.29202938079834 -326.7908935546875
v 30.7098388671875 -9.796178817749023 -327.5938720703125
v 31.203197479248047 -9.561120986938477 -327.9949951171875
v 41.74776077270508 -10.103344917297363 -327.1273498535156
v 42.29047393798828 -9.986257553100586 -327.60296630859375
v 42.904544830322266 -9.735655784606934 -327.5631408691406
v 43.58916473388672 -9.564924240112305 -328.0190734863281
v 31.47833251953125 -9.24791145324707 -327.51153564453125
v 43.94576644897461 -9.306478500366211 -327.4926452636719
v 32.08797073364258 -9.000635147094727 -327.33551025390625
v 32.91473388671875 -8.914554595947266 -327.52728271484375
v 33.70098876953125 -8.896505355834961 -327.6312561035156
v 34.472991943359375 -8.900344848632812 -327.7186584472656
v 35.21835708618164 -8.89582633972168 -327.8492736816406
v 35.84978485107422 -8.883106231689453 -328.0802001953125
v 36.51959991455078 -8.694314956665039 -327.8844909667969
v 37.24555969238281 -8.570444107055664 -328.1640625
v 44.54758071899414 -9.01991081237793 -327.5286560058594
v 45.2037353515625 -8.733261108398438 -328.21319580078125
v 30.627870559692383 -9.637069702148438 -326.7574768066406
v 31.035852432250977 -9.400725364685059 -327.1713562011719
v 42.92020797729492 -9.50937271118164 -326.5556335449219
v 43.433998107910156 -9.414076805114746 -327.0262145996094
v 37.55707550048828 -8.296239852905273 -327.4892883300781
v 45.624088287353516 -8.311009407043457 -327.67132568359375
v 36.553932189941406 -8.400368690490723 -326.8841247558594
v 37.01655960083008 -8.435773849487305 -327.37872314453125
v 37.86406707763672 -8.037543296813965 -326.8910217285156
v 45.95687484741211 -7.893550395965576 -327.15936279296875
v 38.50948715209961 -7.808494567871094 -326.8260192871094
v 39.26267623901367 -7.6491475105285645 -327.253662109375
v 39.94214630126953 -7.478475570678711 -327.5910949707031
v 40.472721099853516 -7.355701923370361 -327.94964599609375
v 41.09571075439453 -7.1141839027404785 -327.97552490234375
v 41.799068450927734 -6.923174858093262 -328.4808044433594
v 46.38002014160156 -7.472431659698486 -327.732421875
v 46.72718048095703 -7.065069675445557 -328.3529968261719
v 36.658668518066406 -8.126449584960938 -326.1622314453125
v 37.22751235961914 -8.13637924194336 -326.58905029296875
v 42.157649993896484 -6.61391019821167 -327.8140869140625
v 46.85435485839844 -6.728780269622803 -328.09967041015625
v 41.23003387451172 -6.841754913330078 -326.9125671386719
v 41.62590408325195 -6.806278228759766 -327.59381103515625
v 42.49186706542969 -6.342434883117676 -327.2200012207031
v 46.79286575317383 -6.44909143447876 -327.99346923828125
v 43.16685104370117 -6.074047088623047 -327.17999267578125
v 44.00596618652344 -5.9166669845581055 -327.463134765625
v 44.82207489013672 -5.850648880004883 -327.5008850097656
v 45.526004791259766 -5.919206142425537 -327.5530700683594
v 46.09138870239258 -6.0713887214660645 -327.71612548828125
v 46.53050994873047 -6.241822242736816 -327.88714599609375
v 41.39814376831055 -6.617021560668945 -326.14166259765625
v 41.887020111083984 -6.526708602905273 -326.79779052734375
v 29.37450408935547 -15.548980712890625 -325.77728271484375
v 29.988361358642578 -15.779102325439453 -326.0223083496094
v 30.695415496826172 -15.92673110961914 -325.83477783203125
v 31.238483428955078 -15.884244918823242 -326.177001953125
v 31.922435760498047 -15.73934555053711 -326.42718505859375
v 32.476043701171875 -15.61741828918457 -326.1357116699219
v 29.065418243408203 -15.274834632873535 -326.3963623046875
v 32.770774841308594 -15.526496887207031 -325.6471252441406
v 28.811359405517578 -14.758932113647461 -326.562255859375
v 33.13169479370117 -15.22057056427002 -325.6175537109375
v 33.43639373779297 -14.78893756866455 -326.5908508300781
v 34.047603607177734 -14.31175422668457 -327.0631408691406
v 28.63390350341797 -14.058184623718262 -326.2789306640625
v 34.59226989746094 -13.908815383911133 -326.2271728515625
v 28.5787353515625 -13.504433631896973 -325.90789794921875
v 35.04595947265625 -13.481402397155762 -325.531494140625
v 35.515045166015625 -13.111984252929688 -326.1143493652344
v 36.09638214111328 -12.764490127563477 -326.742431640625
v 28.676151275634766 -12.818634033203125 -325.86651611328125
v 36.38961410522461 -12.328851699829102 -325.8807373046875
v 28.80780792236328 -12.149810791015625 -325.29937744140625
v 36.70732879638672 -11.98080825805664 -325.2427673339844
v 29.048728942871094 -11.677635192871094 -325.927734375
v 29.339265823364258 -11.3011474609375 -326.5345764160156
v 37.21647262573242 -11.747097969055176 -325.6762390136719
v 37.87512969970703 -11.542582511901855 -326.1769104003906
v 38.49830627441406 -11.276435852050781 -326.19281005859375
v 38.934017181396484 -11.219942092895508 -326.6282653808594
v 39.561676025390625 -10.978019714355469 -326.671875
v 40.226863861083984 -10.8140230178833 -327.1350402832031
v 29.702831268310547 -10.727155685424805 -326.4625549316406
v 40.5695915222168 -10.48933219909668 -326.53155517578125
v 39.67499542236328 -10.666775703430176 -325.6799011230469
v 40.066505432128906 -10.659229278564453 -326.31298828125
v 29.959129333496094 -10.250722885131836 -325.82550048828125
v 40.878963470458984 -10.212993621826172 -325.9541015625
v 41.49942398071289 -9.947216033935547 -325.9435729980469
v 42.29204559326172 -9.7508544921875 -326.541259765625
v 39.82174301147461 -10.432731628417969 -324.9574279785156
v 40.30086898803711 -10.371458053588867 -325.553466796875
v 30.385351181030273 -9.75381088256836 -325.74835205078125
v 42.684722900390625 -9.414505958557129 -325.6778564453125
v 30.925155639648438 -9.304428100585938 -326.21832275390625
v 31.4666748046875 -9.060108184814453 -326.7245788574219
v 32.037353515625 -8.701669692993164 -326.31292724609375
v 32.72631072998047 -8.628833770751953 -326.69317626953125
v 33.492828369140625 -8.603286743164062 -326.85467529296875
v 34.271358489990234 -8.617424964904785 -326.9427185058594
v 35.023380279541016 -8.640885353088379 -327.04541015625
v 35.82024383544922 -8.616018295288086 -327.1812744140625
v 43.326210021972656 -9.237014770507812 -326.027099609375
v 43.949745178222656 -9.110379219055176 -326.6116943359375
v 44.541954040527344 -8.764469146728516 -326.33197021484375
v 45.10219192504883 -8.601177215576172 -327.04498291015625
v 36.08407974243164 -8.265697479248047 -326.31005859375
v 45.508811950683594 -8.209598541259766 -326.6319274902344
v 32.05387496948242 -8.430231094360352 -325.4493713378906
v 32.62040710449219 -8.333599090576172 -325.8959655761719
v 33.31658935546875 -8.278619766235352 -326.1168212890625
v 34.08916091918945 -8.276235580444336 -326.2185363769531
v 34.86750030517578 -8.318161964416504 -326.3059997558594
v 35.484336853027344 -8.38667106628418 -326.4736328125
v 44.64683532714844 -8.461009979248047 -325.4522399902344
v 45.050357818603516 -8.426403999328613 -326.17041015625
v 36.361167907714844 -7.940638065338135 -325.6778564453125
v 45.77257537841797 -7.901096343994141 -326.42626953125
v 37.06298065185547 -7.771623134613037 -325.528076171875
v 37.90190124511719 -7.7588677406311035 -325.9656982421875
v 38.55156707763672 -7.577478885650635 -325.9169006347656
v 39.081119537353516 -7.487380504608154 -326.2243957519531
v 39.75739288330078 -7.32651948928833 -326.53973388671875
v 40.51263427734375 -7.140028476715088 -326.9697265625
v 46.11322784423828 -7.437622547149658 -326.498779296875
v 46.61729431152344 -7.045352458953857 -327.4293212890625
v 32.14106750488281 -8.192825317382812 -324.8128967285156
v 32.55031204223633 -8.07441520690918 -325.1929931640625
v 33.14621353149414 -7.954883575439453 -325.42694091796875
v 33.89093780517578 -7.884800434112549 -325.533935546875
v 34.71675109863281 -7.900679111480713 -325.6065673828125
v 35.60981750488281 -7.97799825668335 -325.7122802734375
v 44.76883316040039 -8.16250991821289 -324.8001708984375
v 45.36016082763672 -7.977557182312012 -325.6620788574219
v 40.86553955078125 -6.819319725036621 -326.0382385253906
v 46.72257995605469 -6.671023368835449 -327.36236572265625
v 46.212196350097656 -6.88091516494751 -326.0119323730469
v 46.49505615234375 -6.917226314544678 -326.7537841796875
v 41.191123962402344 -6.533384323120117 -325.3266906738281
v 46.6507682800293 -6.411242485046387 -327.3798828125
v 41.8015251159668 -6.331384181976318 -325.6767578125
v 42.541168212890625 -6.112253665924072 -326.2345886230469
v 43.245697021484375 -5.829226970672607 -326.2546081542969
v 43.75259780883789 -5.772972106933594 -326.6342468261719
v 44.57290267944336 -5.610024929046631 -326.4115905761719
v 45.423126220703125 -5.744564533233643 -326.473876953125
v 45.982505798339844 -6.007289886474609 -326.6653137207031
v 46.38116455078125 -6.250810623168945 -327.0565490722656
v 46.221160888671875 -6.360161304473877 -326.0767822265625
v 46.50566482543945 -6.56815767288208 -326.7301025390625
v 44.691490173339844 -5.247616767883301 -325.3966979980469
v 45.48518753051758 -5.3810954093933105 -325.4648132324219
v 46.245361328125 -5.298101902008057 -324.9400634765625
v 46.669315338134766 -5.181384086608887 -324.7091979980469
v 44.75338363647461 -4.970228672027588 -324.77935791015625
v 45.299983978271484 -5.013918876647949 -324.8837585449219
v 45.94869613647461 -5.0566792488098145 -324.8092041015625
v 46.46999740600586 -5.06213903427124 -324.6654052734375
v 29.278945922851562 -15.464056015014648 -325.02911376953125
v 29.836009979248047 -15.726911544799805 -324.76806640625
v 30.57744598388672 -15.924417495727539 -324.89215087890625
v 31.256126403808594 -15.966188430786133 -325.06524658203125
v 31.8814754486084 -15.870559692382812 -325.30242919921875
v 32.42871856689453 -15.703225135803223 -325.4659423828125
v 28.987550735473633 -15.1719331741333 -325.65032958984375
v 32.87310791015625 -15.497732162475586 -324.865478515625
v 29.025936126708984 -15.11237621307373 -324.7189025878906
v 29.43873405456543 -15.447437286376953 -324.2144470214844
v 28.738475799560547 -14.561104774475098 -325.33154296875
v 33.32295227050781 -15.152776718139648 -324.304931640625
v 33.69615173339844 -14.765310287475586 -324.9902648925781
v 34.11638641357422 -14.328872680664062 -325.6674499511719
v 28.876161575317383 -14.67245864868164 -324.3048400878906
v 29.192256927490234 -15.03812026977539 -323.79022216796875
v 28.58507537841797 -13.91139030456543 -325.38641357421875
v 34.61654281616211 -13.8871431350708 -324.9249267578125
v 28.589271545410156 -13.358521461486816 -325.0250244140625
v 35.03203582763672 -13.45623779296875 -324.2800598144531
v 35.443092346191406 -13.05704116821289 -324.9013671875
v 35.898780822753906 -12.682258605957031 -325.4718017578125
v 28.66668701171875 -12.685751914978027 -324.67242431640625
v 36.24403381347656 -12.290132522583008 -324.8131103515625
v 28.807235717773438 -12.089311599731445 -324.2773742675781
v 36.61050796508789 -11.927282333374023 -324.20672607421875
v 29.010845184326172 -11.607694625854492 -324.8768310546875
v 29.307292938232422 -11.149382591247559 -325.56396484375
v 37.08930206298828 -11.649286270141602 -324.6723937988281
v 37.64371871948242 -11.404430389404297 -325.0425720214844
v 38.28134536743164 -11.167156219482422 -325.3354187011719
v 38.989830017089844 -10.959792137145996 -325.7205505371094
v 29.616975784301758 -10.664283752441406 -325.1629333496094
v 39.30959701538086 -10.624181747436523 -324.8699645996094
v 29.97293472290039 -10.195196151733398 -324.78094482421875
v 39.616512298583984 -10.341798782348633 -324.19818115234375
v 40.1972541809082 -10.17259407043457 -324.4960021972656
v 40.89086151123047 -9.988594055175781 -324.9502258300781
v 41.51887893676758 -9.720540046691895 -324.8980712890625
v 42.05470275878906 -9.596597671508789 -325.34814453125
v 30.360816955566406 -9.731221199035645 -324.4701843261719
v 42.45221710205078 -9.298431396484375 -324.68524169921875
v 30.79149627685547 -9.30081558227539 -325.1129455566406
v 31.415390014648438 -8.870601654052734 -325.5777282714844
v 43.10023880004883 -9.091197967529297 -324.96630859375
v 43.899417877197266 -8.85103988647461 -325.4384765625
v 31.687450408935547 -8.511554718017578 -324.6578369140625
v 44.203948974609375 -8.461654663085938 -324.5880432128906
v 32.013797760009766 -8.153831481933594 -324.05126953125
v 44.48323059082031 -8.0780029296875 -324.01611328125
v 32.49590301513672 -7.86900520324707 -324.4788818359375
v 32.95071029663086 -7.739078998565674 -324.84228515625
v 33.62529373168945 -7.454085350036621 -324.8008728027344
v 34.486793518066406 -7.424640655517578 -324.9700622558594
v 35.354278564453125 -7.4428558349609375 -324.9688720703125
v 36.37764358520508 -7.441127300262451 -324.8581237792969
v 37.175537109375 -7.390022277832031 -324.7048645019531
v 37.738563537597656 -7.454884052276611 -324.9652404785156
v 38.38136291503906 -7.415628433227539 -325.1918029785156
v 38.895965576171875 -7.358908653259277 -325.4537658691406
v 39.51873779296875 -7.156682014465332 -325.4148864746094
v 40.22567367553711 -7.015717029571533 -325.8279113769531
v 45.09975814819336 -7.731449604034424 -324.51019287109375
v 45.72208023071289 -7.3212504386901855 -325.2679138183594
v 40.60003662109375 -6.725585460662842 -325.1205139160156
v 45.926666259765625 -6.67647123336792 -325.0651550292969
v 33.66851806640625 -6.9000244140625 -324.09454345703125
v 34.297203063964844 -6.916320323944092 -324.405517578125
v 35.05632781982422 -6.920015811920166 -324.4412536621094
v 35.87028884887695 -6.911170482635498 -324.29498291015625
v 39.63489532470703 -6.8587422370910645 -324.40045166015625
v 40.06218719482422 -6.879746913909912 -324.96337890625
v 40.911338806152344 -6.457424163818359 -324.5196838378906
v 46.04463577270508 -5.8495283126831055 -325.12432861328125
v 41.527462005615234 -6.191456317901611 -324.5423889160156
v 42.26014709472656 -5.965840816497803 -325.04937744140625
v 42.99538040161133 -5.715906620025635 -325.40087890625
v 43.833065032958984 -5.507791042327881 -325.7098693847656
v 46.554161071777344 -5.367183685302734 -324.7214050292969
v 46.770931243896484 -5.227231979370117 -324.647705078125
v 33.71753692626953 -6.455433368682861 -323.61334228515625
v 34.18204879760742 -6.417405605316162 -323.910888671875
v 34.814857482910156 -6.405282020568848 -324.0217590332031
v 35.52791976928711 -6.399166584014893 -323.9211730957031
v 39.74275588989258 -6.598114967346191 -323.6541442871094
v 40.28742218017578 -6.58336877822876 -324.15008544921875
v 44.16957092285156 -5.128347873687744 -324.8809509277344
v 46.82319259643555 -5.158424377441406 -324.58306884765625
v 44.468379974365234 -4.816555976867676 -324.2262268066406
v 46.752262115478516 -5.07199764251709 -324.54827880859375
v 45.09196472167969 -4.7597527503967285 -324.26251220703125
v 45.697357177734375 -4.820728302001953 -324.30963134765625
v 46.24464416503906 -4.910397529602051 -324.3518371582031
v 46.59857940673828 -4.981601238250732 -324.42822265625
v 30.533981323242188 -15.812897682189941 -323.7031555175781
v 31.22854232788086 -15.926492691040039 -324.0016174316406
v 31.864023208618164 -15.88705825805664 -324.24688720703125
v 32.428382873535156 -15.730201721191406 -324.5054931640625
v 29.912614822387695 -15.637886047363281 -323.7597961425781
v 32.898475646972656 -15.465843200683594 -323.8172912597656
v 29.672813415527344 -15.328550338745117 -323.2748718261719
v 33.31012725830078 -15.110933303833008 -323.12432861328125
v 29.025959014892578 -14.44098949432373 -323.35772705078125
v 29.43069839477539 -14.912819862365723 -322.95562744140625
v 33.77509307861328 -14.729785919189453 -323.61395263671875
v 34.20195770263672 -14.312898635864258 -324.2744140625
v 28.700088500976562 -14.004063606262207 -324.3690185546875
v 34.63544845581055 -13.870012283325195 -323.6264343261719
v 28.66950035095215 -13.226175308227539 -323.9897155761719
v 35.014007568359375 -13.444625854492188 -323.0390930175781
v 35.401607513427734 -13.041043281555176 -323.681884765625
v 35.80696487426758 -12.6509428024292 -324.2869873046875
v 28.732824325561523 -12.568902969360352 -323.6891174316406
v 36.16569137573242 -12.264442443847656 -323.6863708496094
v 28.850221633911133 -12.055074691772461 -323.42938232421875
v 36.54103088378906 -11.884916305541992 -323.10394287109375
v 29.000450134277344 -11.639892578125 -323.86846923828125
v 29.275535583496094 -11.160194396972656 -324.41717529296875
v 37.01736831665039 -11.56660270690918 -323.63665771484375
v 37.45386505126953 -11.352300643920898 -324.1401672363281
v 38.043617248535156 -11.046731948852539 -324.18499755859375
v 38.70112991333008 -10.834860801696777 -324.65814208984375
v 29.61542510986328 -10.746932029724121 -323.905029296875
v 39.054725646972656 -10.535025596618652 -324.0126037597656
v 38.190101623535156 -10.765850067138672 -323.15081787109375
v 38.55388259887695 -10.717689514160156 -323.81744384765625
v 30.023622512817383 -10.248970985412598 -323.5030517578125
v 39.35279846191406 -10.280954360961914 -323.4632873535156
v 39.951419830322266 -10.020804405212402 -323.41143798828125
v 40.58702087402344 -9.887420654296875 -323.927490234375
v 41.2486572265625 -9.6174955368042 -323.89801025390625
v 41.905357360839844 -9.455001831054688 -324.3681335449219
v 38.35628128051758 -10.516571998596191 -322.4404296875
v 38.79754638671875 -10.439765930175781 -323.0810546875
v 30.428457260131836 -9.712421417236328 -323.3755187988281
v 42.25022888183594 -9.244537353515625 -324.039794921875
v 30.6802978515625 -9.367561340332031 -324.1686706542969
v 31.118059158325195 -8.956670761108398 -324.2958984375
v 42.73448181152344 -8.967363357543945 -323.7625732421875
v 43.52593231201172 -8.736907958984375 -324.301513671875
v 30.791282653808594 -9.26774787902832 -323.44219970703125
v 31.08658790588379 -8.956396102905273 -323.3550720214844
v 41.280555725097656 -9.381473541259766 -322.9046936035156
v 41.90974426269531 -9.23520278930664 -323.38104248046875
v 31.499624252319336 -8.572566986083984 -323.4969482421875
v 43.88599395751953 -8.376110076904297 -323.71942138671875
v 42.969085693359375 -8.599591255187988 -322.7754211425781
v 43.341182708740234 -8.599483489990234 -323.45843505859375
v 31.945276260375977 -8.11821174621582 -322.993896484375
v 44.1676139831543 -8.032369613647461 -323.2745666503906
v 32.41073989868164 -7.736027240753174 -323.5843200683594
v 33.010528564453125 -7.388269901275635 -324.09722900390625
v 37.04159164428711 -7.050430774688721 -324.1394348144531
v 37.652706146240234 -7.120561599731445 -324.20562744140625
v 38.25897979736328 -7.149779796600342 -324.384765625
v 38.94267272949219 -7.096707820892334 -324.6123962402344
v 44.74208450317383 -7.5901031494140625 -323.408935546875
v 45.42324447631836 -7.143151760101318 -324.18719482421875
v 43.1446533203125 -8.317268371582031 -322.162353515625
v 43.594383239746094 -8.253419876098633 -322.8144836425781
v 33.265377044677734 -6.820583343505859 -323.4506530761719
v 36.527488708496094 -6.882059574127197 -324.0694885253906
v 39.21022415161133 -6.74511194229126 -323.757568359375
v 45.71321105957031 -6.4836859703063965 -323.96282958984375
v 36.96620559692383 -6.611001491546631 -323.6015319824219
v 37.53795623779297 -6.734251976013184 -323.59161376953125
v 38.15677261352539 -6.812989711761475 -323.65911865234375
v 38.673282623291016 -6.877732276916504 -323.8685607910156
v 33.507728576660156 -6.213164329528809 -322.9248352050781
v 36.36860656738281 -6.317305564880371 -323.56787109375
v 39.45295715332031 -6.439733505249023 -323.10272216796875
v 46.01316452026367 -5.817902088165283 -323.582275390625
v 34.05375671386719 -5.980992317199707 -323.41448974609375
v 34.623146057128906 -5.9098124504089355 -323.6312255859375
v 35.24520492553711 -5.907547473907471 -323.63287353515625
v 35.81912612915039 -5.934691429138184 -323.4994201660156
v 40.09136962890625 -6.266379356384277 -323.009033203125
v 40.90766906738281 -6.183922290802002 -323.5536193847656
v 41.568946838378906 -5.925428867340088 -323.614501953125
v 42.024085998535156 -5.8521270751953125 -324.1460876464844
v 42.68779754638672 -5.551159381866455 -324.2897033691406
v 43.452476501464844 -5.338954925537109 -324.76544189453125
v 46.470306396484375 -5.467939376831055 -324.3232421875
v 46.75469207763672 -5.254077911376953 -324.49859619140625
v 36.93003845214844 -6.281769275665283 -323.271728515625
v 37.372684478759766 -6.306195259094238 -323.12109375
v 38.02254104614258 -6.3852667808532715 -323.0198669433594
v 38.78049850463867 -6.482815742492676 -323.09381103515625
v 43.823814392089844 -4.984652996063232 -324.1583251953125
v 46.80168533325195 -5.128312110900879 -324.39666748046875
v 33.938026428222656 -5.542802810668945 -322.8641357421875
v 34.46452713012695 -5.427646636962891 -323.2204895019531
v 35.05256271362305 -5.401730537414551 -323.316162109375
v 35.66372299194336 -5.454432964324951 -323.23187255859375
v 42.795467376708984 -5.201554298400879 -323.3509521484375
v 43.242835998535156 -5.179190635681152 -323.9886779785156
v 46.410011291503906 -5.323135852813721 -323.7575988769531
v 46.683265686035156 -5.243980884552002 -324.221923828125
v 44.139625549316406 -4.684972763061523 -323.6014404296875
v 46.72245788574219 -5.026900768280029 -324.330322265625
v 44.7880973815918 -4.494667053222656 -323.3886413574219
v 45.41967010498047 -4.602670669555664 -323.6797790527344
v 45.95417785644531 -4.746067523956299 -323.5877990722656
v 46.46940231323242 -4.943406581878662 -324.06982421875
v 33.90152359008789 -5.084586143493652 -322.4220275878906
v 34.332393646240234 -4.944741725921631 -322.80743408203125
v 34.88996124267578 -4.885625839233398 -322.9822998046875
v 35.48383712768555 -4.924488067626953 -322.95440673828125
v 42.92843246459961 -4.893100261688232 -322.6873474121094
v 43.48089599609375 -4.822993278503418 -323.269287109375
v 46.27723693847656 -5.0202250480651855 -323.46710205078125
v 46.63050079345703 -5.099761486053467 -324.0618896484375
v 33.943511962890625 -2.0598769187927246 -322.4862365722656
v 34.21673583984375 -2.0256757736206055 -322.625
v 33.901309967041016 -1.4762639999389648 -322.52398681640625
v 34.22637176513672 -1.5206456184387207 -322.6952819824219
v 33.89885330200195 -0.7652521133422852 -322.57080078125
v 34.25114059448242 -0.8438348770141602 -322.7538757324219
v 33.90915298461914 0.008463859558105469 -322.61114501953125
v 34.282257080078125 -0.0852823257446289 -322.8031921386719
v 33.90736389160156 0.7940769195556641 -322.6244812011719
v 34.30457305908203 0.7020711898803711 -322.82818603515625
v 33.872413635253906 1.5463829040527344 -322.59893798828125
v 34.29656219482422 1.4743328094482422 -322.81121826171875
v 33.79387664794922 2.216196060180664 -322.5273132324219
v 34.23392868041992 2.190232276916504 -322.73773193359375
v 33.68492126464844 2.7244091033935547 -322.4000549316406
v 34.08710861206055 2.810359001159668 -322.5868225097656
v 30.780458450317383 -15.683388710021973 -322.7411193847656
v 31.252336502075195 -15.788936614990234 -322.99908447265625
v 31.839942932128906 -15.803993225097656 -323.26837158203125
v 32.394004821777344 -15.694629669189453 -323.52166748046875
v 30.24642562866211 -15.546560287475586 -322.92523193359375
v 32.79960250854492 -15.409588813781738 -322.8309631347656
v 30.661916732788086 -15.420663833618164 -322.11285400390625
v 31.2436580657959 -15.557300567626953 -322.14215087890625
v 31.846237182617188 -15.606081008911133 -322.3709716796875
v 32.31146240234375 -15.604114532470703 -322.7264099121094
v 30.052757263183594 -15.037477493286133 -322.1285400390625
v 33.128501892089844 -15.085351943969727 -322.2054748535156
v 29.087018966674805 -14.017653465270996 -322.61810302734375
v 29.431079864501953 -14.475393295288086 -322.3455810546875
v 33.6817741394043 -14.680183410644531 -322.2433776855469
v 34.213661193847656 -14.279449462890625 -322.9527587890625
v 30.616832733154297 -15.153635025024414 -321.56268310546875
v 31.103538513183594 -15.232908248901367 -321.40234375
v 31.795883178710938 -15.310144424438477 -321.4889831542969
v 32.515289306640625 -15.291393280029297 -321.8939208984375
v 28.83346176147461 -13.710808753967285 -323.27386474609375
v 34.61820983886719 -13.83979320526123 -322.38958740234375
v 29.019474029541016 -13.448429107666016 -322.42291259765625
v 29.358291625976562 -13.876092910766602 -321.8505554199219
v 28.807735443115234 -13.027084350585938 -323.0635070800781
v 34.96227264404297 -13.425827026367188 -321.8506164550781
v 35.356998443603516 -13.033330917358398 -322.47613525390625
v 35.752750396728516 -12.639463424682617 -323.10467529296875
v 29.007673263549805 -12.788200378417969 -322.3201904296875
v 29.283666610717773 -13.18957805633545 -321.6424560546875
v 28.855777740478516 -12.426460266113281 -322.9224853515625
v 36.10441589355469 -12.244308471679688 -322.54461669921875
v 29.038047790527344 -12.195777893066406 -322.4226379394531
v 29.270671844482422 -12.456226348876953 -321.71478271484375
v 28.927825927734375 -12.020004272460938 -322.89178466796875
v 36.45722961425781 -11.848616600036621 -321.9872741699219
v 28.989505767822266 -11.748981475830078 -323.1864929199219
v 29.249404907226562 -11.385393142700195 -323.2180480957031
v 36.94145584106445 -11.492514610290527 -322.52569580078125
v 37.54212951660156 -11.147475242614746 -323.118896484375
v 29.07030487060547 -11.800230026245117 -322.7438659667969
v 29.292869567871094 -11.783552169799805 -322.2255859375
v 29.680204391479492 -11.039220809936523 -322.3934326171875
v 37.8739128112793 -10.767769813537598 -322.26263427734375
v 30.193424224853516 -10.247051239013672 -322.0575256347656
v 38.18843460083008 -10.42172908782959 -321.65191650390625
v 30.61366081237793 -9.56002426147461 -322.49493408203125
v 30.90200424194336 -9.174739837646484 -322.78582763671875
v 38.746978759765625 -10.214757919311523 -322.0684509277344
v 39.33942413330078 -10.083282470703125 -322.6368713378906
v 39.918636322021484 -9.74923324584961 -322.2933654785156
v 40.63334655761719 -9.632134437561035 -322.9165344238281
v 31.182575225830078 -8.890830993652344 -322.580322265625
v 40.990447998046875 -9.319400787353516 -322.2222595214844
v 41.601444244384766 -9.066856384277344 -322.1864318847656
v 42.331146240234375 -8.862173080444336 -322.6014709472656
v 39.87643814086914 -9.521472930908203 -321.4709777832031
v 40.43648147583008 -9.419584274291992 -321.85089111328125
v 31.55419921875 -8.514833450317383 -322.2641296386719
v 42.65825653076172 -8.521139144897461 -321.9512634277344
v 31.934619903564453 -8.10030746459961 -321.8100280761719
v 42.95949935913086 -8.172059059143066 -321.46185302734375
v 32.3201904296875 -7.6792120933532715 -322.5101318359375
v 32.764339447021484 -7.260489463806152 -323.0868225097656
v 43.523956298828125 -7.965707778930664 -321.900634765625
v 44.118690490722656 -7.775330543518066 -322.5350646972656
v 44.63565444946289 -7.26999044418335 -322.4076843261719
v 45.192291259765625 -6.967043876647949 -323.1563720703125
v 33.02717208862305 -6.756794452667236 -322.5738830566406
v 45.48249053955078 -6.401169300079346 -322.82373046875
v 44.636322021484375 -6.926333904266357 -321.63323974609375
v 45.03450393676758 -6.810522079467773 -322.32763671875
v 33.19137191772461 -6.314873695373535 -322.1200256347656
v 45.631980895996094 -5.856585502624512 -322.3088073730469
v 36.9959831237793 -5.848085880279541 -322.8720397949219
v 37.75894546508789 -5.889034271240234 -322.521484375
v 38.5075569152832 -5.972611904144287 -322.3208923339844
v 39.414833068847656 -5.994915962219238 -322.1672058105469
v 40.16785430908203 -5.92418909072876 -322.09808349609375
v 40.6346549987793 -5.978155136108398 -322.5638427734375
v 41.2999382019043 -5.7463765144348145 -322.6468505859375
v 42.080711364746094 -5.562448501586914 -323.2681884765625
v 44.678688049316406 -6.598830223083496 -321.0655517578125
v 45.123172760009766 -6.390857696533203 -321.7423095703125
v 33.498382568359375 -5.676841735839844 -322.083740234375
v 36.28861999511719 -5.618381500244141 -323.0766296386719
v 42.383934020996094 -5.154740810394287 -322.55328369140625
v 46.01206970214844 -5.338692665100098 -322.8423767089844
v 36.7619514465332 -5.168414115905762 -322.4847717285156
v 37.455413818359375 -5.315291881561279 -322.14105224609375
v 38.17203140258789 -5.428791046142578 -321.7907409667969
v 38.87944030761719 -5.537617206573486 -321.51776123046875
v 41.388465881347656 -5.375349521636963 -321.69195556640625
v 41.831756591796875 -5.389618873596191 -322.3419494628906
v 33.67176055908203 -4.832088947296143 -321.7254333496094
v 36.10234069824219 -5.013668537139893 -322.7620849609375
v 42.66755676269531 -4.794406890869141 -322.058349609375
v 45.817420959472656 -4.765212535858154 -322.3700256347656
v 34.18500518798828 -4.467868804931641 -322.3892822265625
v 34.740257263183594 -4.351532459259033 -322.65545654296875
v 35.34569549560547 -4.376363754272461 -322.6623229980469
v 35.87610626220703 -4.521524906158447 -322.5668640136719
v 43.33534240722656 -4.46392297744751 -322.15972900390625
v 44.106910705566406 -4.388415813446045 -322.75909423828125
v 44.747711181640625 -4.057800769805908 -322.25347900390625
v 45.392059326171875 -4.337465763092041 -322.6167297363281
v 36.527156829833984 -4.469537734985352 -322.14410400390625
v 37.16905212402344 -4.770779609680176 -321.89544677734375
v 37.841796875 -4.757833480834961 -321.348876953125
v 38.571311950683594 -5.018055438995361 -321.0322570800781
v 41.499996185302734 -5.056917667388916 -321.06292724609375
v 42.03753662109375 -4.996085166931152 -321.6491394042969
v 34.020233154296875 -3.898453712463379 -322.032958984375
v 34.583900451660156 -3.7537336349487305 -322.393798828125
v 35.20579528808594 -3.77960205078125 -322.4076843261719
v 35.92483901977539 -3.9058685302734375 -322.17608642578125
v 36.59918212890625 -3.8233518600463867 -321.6695861816406
v 37.23232650756836 -4.1535139083862305 -321.36395263671875
v 44.74153518676758 -3.6069631576538086 -321.3335876464844
v 45.19279098510742 -3.8007497787475586 -321.5286560058594
v 33.783363342285156 -2.624392509460449 -322.0987548828125
v 34.073402404785156 -2.536296844482422 -322.40985107421875
v 33.86716842651367 -3.2186508178710938 -321.9366760253906
v 34.403324127197266 -2.9994606971740723 -322.31976318359375
v 35.070037841796875 -3.091311454772949 -322.249755859375
v 35.63630676269531 -3.289926052093506 -322.0611572265625
v 36.2996826171875 -3.178238868713379 -321.53924560546875
v 37.005615234375 -3.449273109436035 -321.0674743652344
v 44.76544952392578 -3.2999753952026367 -320.70245361328125
v 45.092796325683594 -3.3916234970092773 -320.81884765625
v 33.66932678222656 -2.1875619888305664 -322.01123046875
v 34.41925048828125 -2.3006558418273926 -322.5152587890625
v 34.96024703979492 -2.2344470024108887 -322.26556396484375
v 35.713409423828125 -2.5518178939819336 -321.7760009765625
v 33.61899948120117 -1.5113592147827148 -322.0159606933594
v 34.56804656982422 -1.7333626747131348 -322.57940673828125
v 35.06631851196289 -1.334977149963379 -322.2717590332031
v 35.583160400390625 -1.6769647598266602 -321.7582702636719
v 33.602691650390625 -0.7522106170654297 -322.05474853515625
v 34.639549255371094 -1.0266900062561035 -322.63079833984375
v 35.119102478027344 -0.530707836151123 -322.2970886230469
v 35.57636642456055 -0.855863094329834 -321.7431335449219
v 33.588836669921875 0.040078163146972656 -322.08795166015625
v 34.689903259277344 -0.26335716247558594 -322.6788635253906
v 35.1583251953125 0.27005672454833984 -322.3251953125
v 35.589290618896484 -0.050377845764160156 -321.744384765625
v 33.55236053466797 0.8288860321044922 -322.101318359375
v 34.72812271118164 0.5284547805786133 -322.7127380371094
v 35.18130874633789 1.0689258575439453 -322.33660888671875
v 35.599159240722656 0.744938850402832 -321.7535705566406
v 33.48560333251953 1.5767097473144531 -322.1029052734375
v 34.74185562133789 1.3187885284423828 -322.7138977050781
v 35.17274856567383 1.852107048034668 -322.3095703125
v 35.5971565246582 1.5262842178344727 -321.73638916015625
v 33.407379150390625 2.2394418716430664 -322.0933837890625
v 34.70878601074219 2.0781993865966797 -322.6650390625
v 35.11030578613281 2.6144027709960938 -322.2295837402344
v 35.56730651855469 2.292633056640625 -321.6753845214844
v 33.3729248046875 2.786731719970703 -322.0576477050781
v 34.60066223144531 2.7782678604125977 -322.55804443359375
v 33.76727294921875 3.40423583984375 -322.2449035644531
v 34.3917121887207 3.319692611694336 -322.4215087890625
v 34.95964813232422 3.410482406616211 -322.0909423828125
v 35.50007247924805 3.043341636657715 -321.5621643066406
v 32.61478042602539 4.278016090393066 -321.4543151855469
v 33.22808837890625 4.049372673034668 -321.87744140625
v 33.889915466308594 4.206967353820801 -322.1530456542969
v 34.461952209472656 4.007315635681152 -322.1376953125
v 35.03522872924805 4.098033905029297 -321.7566223144531
v 35.440086364746094 3.757333755493164 -321.3739013671875
v 32.52923583984375 4.961085319519043 -321.5250244140625
v 33.08849334716797 4.887819290161133 -321.8677978515625
v 33.72199630737305 4.79893684387207 -322.0304870605469
v 34.249351501464844 4.646515846252441 -322.03533935546875
v 34.81977081298828 4.7446489334106445 -321.6429443359375
v 35.3668212890625 4.419374465942383 -321.15679931640625
v 32.420135498046875 5.644989013671875 -321.5244140625
v 32.96417999267578 5.623745918273926 -321.8643493652344
v 33.59074401855469 5.530714988708496 -321.9468994140625
v 34.292579650878906 5.346417427062988 -321.7806396484375
v 32.33885955810547 6.363391876220703 -321.50506591796875
v 32.851600646972656 6.346440315246582 -321.8414001464844
v 33.44135284423828 6.2694549560546875 -321.89495849609375
v 34.063720703125 6.135797500610352 -321.6908264160156
v 32.30035400390625 7.069921493530273 -321.4367980957031
v 32.76889419555664 7.051658630371094 -321.77203369140625
v 33.318687438964844 6.980395317077637 -321.8183898925781
v 33.897518157958984 6.850171089172363 -321.6028137207031
v 32.305145263671875 7.712697982788086 -321.2881774902344
v 32.71861267089844 7.7048540115356445 -321.6188049316406
v 33.22508239746094 7.645201683044434 -321.67596435546875
v 33.766197204589844 7.522225379943848 -321.46832275390625
v 32.344581604003906 8.205795288085938 -321.06585693359375
v 32.68909454345703 8.265113830566406 -321.34881591796875
v 33.157325744628906 8.23965072631836 -321.427490234375
v 33.65705108642578 8.127522468566895 -321.2695617675781
v 30.70895767211914 -14.734781265258789 -320.7626037597656
v 31.615520477294922 -14.95159912109375 -320.6104736328125
v 32.37495422363281 -14.976751327514648 -320.8168029785156
v 33.14647674560547 -14.802562713623047 -321.1917724609375
v 33.758522033691406 -14.435636520385742 -321.17144775390625
v 34.18662643432617 -14.195656776428223 -321.75299072265625
v 29.87902069091797 -14.335370063781738 -321.3447570800781
v 34.555171966552734 -13.784086227416992 -321.2650146484375
v 29.683303833007812 -13.631391525268555 -320.9456787109375
v 34.852027893066406 -13.396585464477539 -320.7645263671875
v 35.26856994628906 -13.013935089111328 -321.2901611328125
v 35.69228744506836 -12.6234769821167 -321.9404602050781
v 29.580665588378906 -12.863969802856445 -320.83929443359375
v 36.0285530090332 -12.212621688842773 -321.44158935546875
v 29.615020751953125 -11.936891555786133 -321.0802001953125
v 36.334373474121094 -11.814713478088379 -320.93096923828125
v 36.79582977294922 -11.44115924835205 -321.38641357421875
v 37.32550048828125 -11.089361190795898 -321.909912109375
v 29.92701530456543 -11.083078384399414 -320.87298583984375
v 37.664268493652344 -10.695350646972656 -321.3105773925781
v 30.246305465698242 -10.431170463562012 -320.4565734863281
v 37.96668243408203 -10.314440727233887 -320.7623291015625
v 30.550575256347656 -9.788918495178223 -321.27423095703125
v 30.883716583251953 -9.27424430847168 -321.91180419921875
v 38.545440673828125 -10.040987014770508 -321.08404541015625
v 39.2720947265625 -9.806406021118164 -321.54510498046875
v 31.215381622314453 -8.921027183532715 -321.4793701171875
v 39.55226135253906 -9.410429000854492 -320.7803955078125
v 40.20891189575195 -9.202325820922852 -320.9585266113281
v 40.97983932495117 -9.054458618164062 -321.3550109863281
v 41.5904541015625 -8.823966979980469 -321.334716796875
v 42.09089279174805 -8.713043212890625 -321.6668395996094
v 31.579612731933594 -8.528959274291992 -321.03289794921875
v 42.42138671875 -8.376466751098633 -321.17266845703125
v 31.941390991210938 -8.109533309936523 -320.556396484375
v 42.687843322753906 -8.00992202758789 -320.71246337890625
v 32.28144836425781 -7.664024829864502 -321.33111572265625
v 32.63595199584961 -7.216501235961914 -322.0242614746094
v 43.280029296875 -7.744598388671875 -321.01312255859375
v 44.01595687866211 -7.429540157318115 -321.53509521484375
v 32.88886642456055 -6.734037399291992 -321.57757568359375
v 44.228267669677734 -6.93202018737793 -320.86077880859375
v 33.11469650268555 -6.193864345550537 -321.25518798828125
v 44.408843994140625 -6.484997272491455 -320.4027099609375
v 40.00017547607422 -5.599486827850342 -321.26458740234375
v 40.70560836791992 -5.636703968048096 -321.6793212890625
v 44.887115478515625 -6.155848503112793 -320.81268310546875
v 45.31309509277344 -5.864083766937256 -321.38775634765625
v 33.3017578125 -5.566120147705078 -321.00433349609375
v 39.43419647216797 -5.531513690948486 -321.2263488769531
v 41.006256103515625 -5.255460739135742 -320.9653015136719
v 45.59566879272461 -5.282413959503174 -321.57196044921875
v 33.38649368286133 -4.98502254486084 -320.7603759765625
v 39.18027877807617 -5.147135257720947 -320.7679443359375
v 41.25261306762695 -4.874515533447266 -320.45880126953125
v 45.58470153808594 -4.6503424644470215 -321.15087890625
v 38.421485900878906 -4.40669059753418 -320.5090026855469
v 38.941287994384766 -4.727268218994141 -320.42108154296875
v 41.86849594116211 -4.646885395050049 -320.721435546875
v 42.675994873046875 -4.420351982116699 -321.24566650390625
v 43.39132308959961 -4.051446914672852 -321.3121032714844
v 44.076133728027344 -3.923976421356201 -321.66796875
v 33.56573486328125 -4.131841659545898 -321.1276550292969
v 37.854530334472656 -4.165029525756836 -320.8020324707031
v 44.33038330078125 -3.4499406814575195 -320.8421630859375
v 45.51313018798828 -4.120349884033203 -321.2728271484375
v 33.54270553588867 -3.1059861183166504 -321.2593078613281
v 37.61360549926758 -3.650510311126709 -320.622802734375
v 44.49314880371094 -3.180241584777832 -320.1911926269531
v 45.36323547363281 -3.5633206367492676 -320.7126159667969
v 36.89668273925781 -2.761054039001465 -320.7366943359375
v 37.402198791503906 -3.13413143157959 -320.4617919921875
v 44.92950439453125 -3.1628966331481934 -320.2103271484375
v 45.22426223754883 -3.266775608062744 -320.2960205078125
v 33.44721984863281 -2.3319125175476074 -321.17230224609375
v 36.34147644042969 -2.507913112640381 -321.18353271484375
v 33.40716552734375 -1.5640497207641602 -321.192138671875
v 36.149906158447266 -1.9228577613830566 -321.17852783203125
v 33.37791061401367 -0.7706761360168457 -321.23101806640625
v 36.06333923339844 -1.182878017425537 -321.1186218261719
v 33.32700729370117 0.03752708435058594 -321.2612609863281
v 36.0356559753418 -0.3918290138244629 -321.05194091796875
v 33.23309326171875 0.8457422256469727 -321.2972412109375
v 36.00385284423828 0.39577484130859375 -321.0500793457031
v 33.121917724609375 1.627039909362793 -321.40203857421875
v 35.976837158203125 1.148223876953125 -321.0460205078125
v 33.03670883178711 2.3430347442626953 -321.52655029296875
v 35.95840835571289 1.8969535827636719 -320.97528076171875
v 33.00804901123047 3.094148635864258 -321.6075134277344
v 35.91136932373047 2.640533447265625 -320.8850402832031
v 32.21519088745117 3.7895917892456055 -320.78924560546875
v 32.6054573059082 3.559541702270508 -321.2518310546875
v 32.22360610961914 4.389429092407227 -321.02960205078125
v 35.84785461425781 3.3580541610717773 -320.74554443359375
v 32.08544158935547 4.900121688842773 -320.9320068359375
v 35.77101135253906 4.048395156860352 -320.5639343261719
v 35.321571350097656 5.10866641998291 -320.8126220703125
v 35.66954040527344 4.628562927246094 -320.444580078125
v 31.985139846801758 5.600523948669434 -320.90057373046875
v 34.86587905883789 5.416512489318848 -321.30218505859375
v 31.94043731689453 6.339526176452637 -320.8773193359375
v 34.653900146484375 5.999469757080078 -321.2485046386719
v 31.953907012939453 7.063841819763184 -320.810791015625
v 34.45444107055664 6.681323051452637 -321.16705322265625
v 32.031368255615234 7.742547988891602 -320.67584228515625
v 34.29079055786133 7.339310646057129 -321.0485534667969
v 32.216094970703125 8.406400680541992 -320.486328125
v 34.15550994873047 7.973146438598633 -320.85015869140625
v 32.634925842285156 8.704018592834473 -320.90704345703125
v 33.101844787597656 8.760714530944824 -321.04254150390625
v 33.589744567871094 8.663105964660645 -320.9414367675781
v 33.997962951660156 8.469343185424805 -320.71405029296875
v 30.834125518798828 -14.238225936889648 -319.4865417480469
v 31.47258758544922 -14.560115814208984 -319.649169921875
v 32.22172164916992 -14.665651321411133 -319.8428039550781
v 32.84716796875 -14.644325256347656 -320.197021484375
v 33.512569427490234 -14.330720901489258 -320.1814270019531
v 34.11021423339844 -14.078628540039062 -320.72076416015625
v 30.225419998168945 -14.035379409790039 -320.25006103515625
v 34.451820373535156 -13.69727897644043 -320.30328369140625
v 33.640933990478516 -13.961278915405273 -319.2145080566406
v 34.03194046020508 -13.931119918823242 -319.90423583984375
v 29.970001220703125 -13.334381103515625 -319.96697998046875
v 34.6928596496582 -13.406729698181152 -320.0614929199219
v 35.05680465698242 -12.979496002197266 -319.9841003417969
v 35.60504913330078 -12.576055526733398 -320.8296203613281
v 33.76552963256836 -13.655031204223633 -318.54803466796875
v 34.32533645629883 -13.494729995727539 -319.3282470703125
v 29.85539436340332 -12.562775611877441 -319.89599609375
v 35.94396209716797 -12.14151382446289 -320.4595642089844
v 35.28792953491211 -12.487422943115234 -319.12347412109375
v 35.56859588623047 -12.4345064163208 -319.95062255859375
v 29.900074005126953 -11.797761917114258 -319.8116455078125
v 36.187744140625 -11.827194213867188 -320.2298583984375
v 36.559391021728516 -11.386262893676758 -320.12103271484375
v 37.152408599853516 -11.007142066955566 -320.8606262207031
v 35.43100357055664 -12.125003814697266 -318.5581970214844
v 35.87772750854492 -11.93488883972168 -319.44384765625
v 30.0750732421875 -11.108123779296875 -319.5107727050781
v 37.49635314941406 -10.579813003540039 -320.4278259277344
v 36.774681091308594 -10.86111068725586 -319.2465515136719
v 37.073970794677734 -10.838603973388672 -320.0228271484375
v 30.298471450805664 -10.510039329528809 -319.10150146484375
v 37.75248718261719 -10.27688980102539 -320.15283203125
v 30.55484390258789 -9.920703887939453 -319.9371032714844
v 30.879806518554688 -9.383249282836914 -320.72247314453125
v 38.1821403503418 -9.870219230651855 -319.9591369628906
v 38.94746398925781 -9.62221622467041 -320.543701171875
v 36.90452575683594 -10.459685325622559 -318.66033935546875
v 37.38539123535156 -10.33024787902832 -319.46575927734375
v 31.229854583740234 -8.980762481689453 -320.231201171875
v 39.27989196777344 -9.321308135986328 -320.2430419921875
v 39.75408172607422 -8.965325355529785 -319.99334716796875
v 40.6559944152832 -8.797812461853027 -320.41485595703125
v 41.344024658203125 -8.672988891601562 -320.6985778808594
v 41.898895263671875 -8.540868759155273 -320.9205627441406
v 38.28518295288086 -9.380615234375 -319.1258544921875
v 38.892818450927734 -9.27079963684082 -319.6899108886719
v 31.593536376953125 -8.565128326416016 -319.7427978515625
v 42.18103790283203 -8.204233169555664 -320.50091552734375
v 39.802886962890625 -8.455694198608398 -319.176025390625
v 40.44990539550781 -8.447610855102539 -319.62322998046875
v 41.186119079589844 -8.374953269958496 -320.0070495605469
v 41.710899353027344 -8.35679817199707 -320.35296630859375
v 31.949115753173828 -8.122587203979492 -319.262939453125
v 42.40765380859375 -7.930099964141846 -320.2397155761719
v 32.27500915527344 -7.660841941833496 -320.08563232421875
v 32.58130645751953 -7.199084758758545 -320.8700256347656
v 42.82221984863281 -7.5278401374816895 -320.0650634765625
v 43.62075424194336 -7.254195213317871 -320.54986572265625
v 39.76554870605469 -8.122312545776367 -318.6922607421875
v 40.28096008300781 -8.045948028564453 -318.9385986328125
v 41.0252571105957 -7.978248596191406 -319.31488037109375
v 41.90180206298828 -7.907748222351074 -319.8102111816406
v 32.83269500732422 -6.692695617675781 -320.4714660644531
v 43.916011810302734 -6.771087646484375 -320.12493896484375
v 42.935848236083984 -6.940746307373047 -319.3275146484375
v 43.39482879638672 -7.0012688636779785 -319.8548583984375
v 33.035423278808594 -6.128859519958496 -320.16015625
v 44.12805938720703 -6.416130065917969 -319.8961181640625
v 40.12071990966797 -5.288362503051758 -320.5718994140625
v 40.487789154052734 -5.355203151702881 -320.80487060546875
v 44.48466491699219 -5.915868282318115 -319.8280334472656
v 45.13263702392578 -5.579137802124023 -320.6150817871094
v 42.9656982421875 -6.5224289894104 -318.84783935546875
v 43.623687744140625 -6.416153907775879 -319.35888671875
v 33.180763244628906 -5.513298511505127 -319.9473571777344
v 39.718936920166016 -5.235230922698975 -320.6183166503906
v 40.77320098876953 -5.034768581390381 -320.3546142578125
v 45.323062896728516 -4.941749572753906 -320.4256591796875
v 40.064598083496094 -4.971766471862793 -320.13763427734375
v 40.39204025268555 -5.099093914031982 -320.28851318359375
v 44.56352996826172 -5.231678485870361 -319.1360778808594
v 44.94109344482422 -5.271399021148682 -319.8381042480469
v 33.288719177246094 -4.8102498054504395 -319.924072265625
v 39.568878173828125 -4.680538177490234 -320.01873779296875
v 40.999507904052734 -4.754829406738281 -320.0721740722656
v 45.37990188598633 -4.239058494567871 -320.1614685058594
v 38.60616683959961 -3.9780378341674805 -319.9508972167969
v 38.993717193603516 -4.278624057769775 -319.94110107421875
v 41.43760299682617 -4.332590103149414 -319.8260803222656
v 42.350791931152344 -4.104304313659668 -320.2460021972656
v 43.089176177978516 -3.8763999938964844 -320.60125732421875
v 43.736244201660156 -3.6559700965881348 -320.8164978027344
v 40.079044342041016 -4.661083221435547 -319.79571533203125
v 40.582157135009766 -4.665577411651611 -319.8348388671875
v 44.588470458984375 -4.782044887542725 -318.7198181152344
v 44.984127044677734 -4.677975177764893 -319.38775634765625
v 33.34512710571289 -3.998291492462158 -320.0225524902344
v 38.16888427734375 -3.8256168365478516 -320.2228088378906
v 43.965126037597656 -3.3195018768310547 -320.20001220703125
v 45.43869400024414 -3.7444472312927246 -320.318603515625
v 38.51585388183594 -3.5413742065429688 -319.6883850097656
v 38.97013854980469 -3.7605762481689453 -319.5157165527344
v 41.48676300048828 -3.726637363433838 -318.97845458984375
v 42.14611053466797 -3.748452663421631 -319.3861389160156
v 42.879127502441406 -3.6237597465515137 -319.79937744140625
v 43.448280334472656 -3.51487398147583 -320.17919921875
v 33.33375549316406 -3.1775712966918945 -320.07025146484375
v 38.037776947021484 -3.1467556953430176 -319.8645324707031
v 44.12176513671875 -3.134489059448242 -319.65362548828125
v 45.32682800292969 -3.3850789070129395 -319.98345947265625
v 37.11044692993164 -2.271103858947754 -320.2196044921875
v 37.4888916015625 -2.6325345039367676 -320.050537109375
v 44.57502365112305 -3.081381320953369 -319.47723388671875
v 45.07622528076172 -3.156149387359619 -319.7251892089844
v 38.50493621826172 -3.185391426086426 -319.4599609375
v 38.86358642578125 -3.265821933746338 -319.2460632324219
v 41.46623611450195 -3.354978561401367 -318.4203796386719
v 41.99192428588867 -3.4064412117004395 -318.6371154785156
v 42.686771392822266 -3.378129005432129 -318.9891052246094
v 43.47553253173828 -3.2787322998046875 -319.46624755859375
v 33.30438232421875 -2.39255428314209 -320.09283447265625
v 36.67366409301758 -2.1230101585388184 -320.6438903808594
v 37.03696823120117 -1.7462968826293945 -320.0343322753906
v 37.513160705566406 -2.0331621170043945 -319.6765441894531
v 33.27565002441406 -1.6032814979553223 -320.1292724609375
v 36.55677032470703 -1.4802098274230957 -320.5264587402344
v 36.97113800048828 -1.0914206504821777 -319.8232421875
v 37.47477722167969 -1.3877034187316895 -319.3797607421875
v 33.223297119140625 -0.7987380027770996 -320.1583557128906
v 36.49656677246094 -0.7512927055358887 -320.38165283203125
v 36.91773223876953 -0.39130449295043945 -319.6054382324219
v 37.423179626464844 -0.6854057312011719 -319.0858154296875
v 33.11052322387695 0.026488304138183594 -320.1748352050781
v 36.47499084472656 0.09779930114746094 -320.19146728515625
v 36.90190124511719 0.21576881408691406 -319.3694763183594
v 37.31277084350586 -0.01735687255859375 -318.8711242675781
v 32.90090560913086 0.8982419967651367 -320.2459411621094
v 36.29834747314453 0.7951498031616211 -320.405517578125
v 32.47113037109375 0.9876728057861328 -318.82489013671875
v 32.69536590576172 0.7130146026611328 -319.2081298828125
v 32.7606201171875 1.7638206481933594 -320.69610595703125
v 36.3179931640625 1.459670066833496 -320.21575927734375
v 32.29763412475586 1.5259265899658203 -319.20672607421875
v 32.567596435546875 1.2974023818969727 -319.74114990234375
v 32.64741897583008 2.448248863220215 -320.8988037109375
v 36.26797103881836 2.213764190673828 -320.1236572265625
v 32.1361083984375 2.108931541442871 -319.43804931640625
v 32.41970443725586 1.9431591033935547 -320.07061767578125
v 32.5251579284668 2.9645442962646484 -320.9532470703125
v 36.199928283691406 2.9210567474365234 -320.02923583984375
v 31.980466842651367 3.355526924133301 -320.06683349609375
v 32.230735778808594 3.1560420989990234 -320.5330810546875
v 32.013248443603516 2.7496814727783203 -319.6948547363281
v 32.29198455810547 2.554965019226074 -320.28643798828125
v 31.900310516357422 4.0264129638671875 -320.163330078125
v 36.13774871826172 3.6240100860595703 -319.84063720703125
v 31.7464599609375 4.775428771972656 -320.0379943847656
v 36.048912048339844 4.410982131958008 -319.5975341796875
v 35.49523162841797 5.563688278198242 -320.1890563964844
v 35.75258255004883 5.097794532775879 -319.9040222167969
v 31.676197052001953 5.534958839416504 -320.00738525390625
v 35.14427947998047 5.793571472167969 -320.70599365234375
v 35.420013427734375 6.090497970581055 -319.9496154785156
v 35.76622009277344 5.703473091125488 -319.413330078125
v 31.673789978027344 6.302666664123535 -319.982666015625
v 34.998966217041016 6.517171859741211 -320.461669921875
v 35.36317443847656 6.623315811157227 -319.64569091796875
v 35.67628860473633 6.327486038208008 -319.130615234375
v 31.734634399414062 7.059979438781738 -319.91815185546875
v 34.72023010253906 7.1181535720825195 -320.5648193359375
v 31.860733032226562 7.814884185791016 -319.78533935546875
v 34.644771575927734 7.725739479064941 -320.2513427734375
v 32.05497360229492 8.668828010559082 -319.5387268066406
v 34.47015380859375 8.453655242919922 -319.97320556640625
v 32.542015075683594 9.096574783325195 -320.28289794921875
v 33.03635025024414 9.243535995483398 -320.5399169921875
v 33.54537582397461 9.183645248413086 -320.47711181640625
v 34.03709030151367 8.939743041992188 -320.2200622558594
v 32.454036712646484 9.60087776184082 -319.63946533203125
v 32.95888900756836 9.753990173339844 -320.00579833984375
v 33.479286193847656 9.731578826904297 -319.98834228515625
v 33.99903869628906 9.529805183410645 -319.7044677734375
v 32.39019012451172 10.265493392944336 -319.2049865722656
v 32.881046295166016 10.343503952026367 -319.55914306640625
v 33.40019989013672 10.324716567993164 -319.5599670410156
v 33.92047882080078 10.158753395080566 -319.279296875
v 32.333518981933594 10.989689826965332 -319.002685546875
v 32.79955291748047 10.999441146850586 -319.2698974609375
v 33.313011169433594 10.97869873046875 -319.249267578125
v 33.84337615966797 10.825920104980469 -318.94635009765625
v 32.31029510498047 11.745047569274902 -318.9148254394531
v 32.69412612915039 11.577272415161133 -319.1247863769531
v 33.20636749267578 11.738777160644531 -319.05731201171875
v 33.75000762939453 11.51571273803711 -318.76678466796875
v 32.291770935058594 12.55791187286377 -318.8717346191406
v 32.8343620300293 12.344717979431152 -319.016357421875
v 32.23163986206055 13.368964195251465 -318.8284606933594
v 32.745765686035156 13.201284408569336 -318.9283447265625
v 32.14731216430664 14.1099214553833 -318.7573547363281
v 32.666038513183594 13.996505737304688 -318.8345642089844
v 32.05611801147461 14.689826965332031 -318.6473083496094
v 32.501792907714844 14.676356315612793 -318.73138427734375
v 30.87158203125 -13.946986198425293 -318.6894226074219
v 31.405948638916016 -14.183378219604492 -318.61083984375
v 32.08832550048828 -14.35295295715332 -318.884521484375
v 32.88323974609375 -14.30816650390625 -319.22723388671875
v 30.437707901000977 -13.725018501281738 -319.22406005859375
v 33.21306610107422 -13.911783218383789 -318.4061279296875
v 30.668903350830078 -13.543569564819336 -318.33123779296875
v 31.131099700927734 -13.831114768981934 -318.02288818359375
v 30.228042602539062 -13.02899169921875 -318.85650634765625
v 33.4761848449707 -13.533342361450195 -317.8414306640625
v 34.088016510009766 -13.261032104492188 -318.2044677734375
v 34.711647033691406 -12.924742698669434 -318.73419189453125
v 30.561279296875 -13.07944107055664 -317.89971923828125
v 30.970287322998047 -13.405454635620117 -317.55096435546875
v 30.03881072998047 -12.328731536865234 -318.997802734375
v 34.9818229675293 -12.453770637512207 -318.19976806640625
v 30.086088180541992 -11.746883392333984 -318.64093017578125
v 35.21728515625 -12.007797241210938 -317.7891845703125
v 35.708404541015625 -11.686695098876953 -318.3141784667969
v 36.23592758178711 -11.312031745910645 -318.885009765625
v 30.179332733154297 -11.103403091430664 -318.2687072753906
v 36.471961975097656 -10.786771774291992 -318.3240966796875
v 30.337833404541016 -10.544384002685547 -317.87188720703125
v 36.70368194580078 -10.26613712310791 -317.86077880859375
v 30.56270980834961 -10.004949569702148 -318.6361999511719
v 30.880046844482422 -9.473884582519531 -319.4296875
v 37.18681335449219 -10.003555297851562 -318.3892517089844
v 37.74244689941406 -9.69809341430664 -318.8634948730469
v 31.230377197265625 -9.047651290893555 -318.9241943359375
v 38.02726364135742 -9.093273162841797 -318.283203125
v 38.638160705566406 -8.944201469421387 -318.835205078125
v 39.226959228515625 -8.760309219360352 -319.15863037109375
v 31.59253692626953 -8.605682373046875 -318.42645263671875
v 39.3782844543457 -8.343732833862305 -318.685546875
v 38.51850128173828 -8.581972122192383 -318.1643981933594
v 38.95335388183594 -8.547103881835938 -318.5847473144531
v 31.942535400390625 -8.119463920593262 -317.9678649902344
v 39.51523208618164 -8.05974006652832 -318.42388916015625
v 32.274391174316406 -7.642853260040283 -318.8211364746094
v 32.564735412597656 -7.175147533416748 -319.6557922363281
v 39.89193344116211 -7.665383815765381 -318.23492431640625
v 40.77959060668945 -7.541561126708984 -318.63824462890625
v 41.55049133300781 -7.4669718742370605 -318.99444580078125
v 42.27947998046875 -7.287919521331787 -319.2509460449219
v 38.461448669433594 -8.223140716552734 -317.6233215332031
v 39.066410064697266 -8.078802108764648 -318.06396484375
v 32.80122375488281 -6.643331050872803 -319.29248046875
v 42.4881706237793 -6.77943229675293 -318.7823486328125
v 39.92793655395508 -6.969654560089111 -317.5750732421875
v 40.60051345825195 -7.021975517272949 -318.0223388671875
v 41.363121032714844 -6.991291046142578 -318.3850402832031
v 41.95800018310547 -7.0000529289245605 -318.7015075683594
v 32.98094177246094 -6.056654453277588 -319.0142517089844
v 42.66669845581055 -6.429886817932129 -318.5326843261719
v 43.093727111816406 -5.960893630981445 -318.42083740234375
v 43.962646484375 -5.662381649017334 -318.865966796875
v 39.95628356933594 -6.438744068145752 -317.1429443359375
v 40.498779296875 -6.451559066772461 -317.4841613769531
v 41.21441650390625 -6.43538236618042 -317.82684326171875
v 42.12262725830078 -6.392693519592285 -318.2237243652344
v 33.11050033569336 -5.407238006591797 -318.86016845703125
v 44.20361328125 -5.064678192138672 -318.493408203125
v 43.19615173339844 -5.22383451461792 -317.85614013671875
v 43.684051513671875 -5.324995517730713 -318.2650451660156
v 33.19544982910156 -4.6959757804870605 -318.83123779296875
v 44.36261749267578 -4.6950578689575195 -318.3656005859375
v 40.14527893066406 -4.209291934967041 -319.3852233886719
v 40.85443115234375 -4.037177562713623 -319.20556640625
v 44.627498626708984 -4.2791008949279785 -318.5360107421875
v 45.108177185058594 -4.093945026397705 -319.239501953125
v 43.263912200927734 -4.736995697021484 -317.57598876953125
v 43.89283752441406 -4.693305492401123 -317.99755859375
v 33.23600387573242 -3.9447903633117676 -318.8488464355469
v 39.50135803222656 -4.001021385192871 -319.4222717285156
v 40.99156951904297 -3.508579730987549 -318.6077880859375
v 45.264434814453125 -3.657698631286621 -319.51275634765625
v 39.98167419433594 -3.563559055328369 -318.8740539550781
v 40.497039794921875 -3.708469867706299 -318.84979248046875
v 44.61665344238281 -3.683769702911377 -318.3566589355469
v 44.978641510009766 -3.78267765045166 -318.8470458984375
v 33.24665832519531 -3.1798243522644043 -318.8677673339844
v 39.3915901184082 -3.396904468536377 -319.01806640625
v 41.093017578125 -3.0610084533691406 -318.04022216796875
v 45.16453552246094 -3.2921910285949707 -319.4017028808594
v 38.64178466796875 -2.7329087257385254 -319.1195068359375
v 39.20631408691406 -2.892577648162842 -318.81787109375
v 41.70191192626953 -3.1493067741394043 -318.01116943359375
v 42.378662109375 -3.2224416732788086 -318.2312316894531
v 43.138980865478516 -3.199911117553711 -318.5672302246094
v 43.8979377746582 -3.1165122985839844 -318.9625549316406
v 44.29357147216797 -3.1357645988464355 -318.648681640625
v 44.833396911621094 -3.1648874282836914 -319.0570373535156
v 39.850189208984375 -2.8188228607177734 -318.40985107421875
v 40.506099700927734 -3.178274631500244 -318.3725280761719
v 44.542930603027344 -3.31575870513916 -318.436279296875
v 44.96586227416992 -3.423190116882324 -318.8829345703125
v 33.24224853515625 -2.408301830291748 -318.8924560546875
v 38.0375862121582 -2.3813962936401367 -319.4051513671875
v 38.59687042236328 -1.976001262664795 -318.75543212890625
v 39.29273986816406 -2.202582359313965 -318.4080505371094
v 39.95127868652344 -2.06986665725708 -317.90386962890625
v 40.558719635009766 -2.4238109588623047 -317.64849853515625
v 33.21330642700195 -1.6262292861938477 -318.9111328125
v 38.0142936706543 -1.6850590705871582 -319.0429992675781
v 38.55278396606445 -1.2685060501098633 -318.4144592285156
v 39.0660285949707 -1.5305519104003906 -318.20880126953125
v 39.68279266357422 -1.3932466506958008 -317.7392883300781
v 40.25199508666992 -1.5771985054016113 -317.38482666015625
v 33.12831115722656 -0.829470157623291 -318.9005126953125
v 37.98003387451172 -0.9724140167236328 -318.6932373046875
v 38.506935119628906 -0.5847334861755371 -318.0653076171875
v 39.15779495239258 -0.8199810981750488 -317.75604248046875
v 32.930137634277344 0.00858306884765625 -318.83270263671875
v 37.9694938659668 -0.12718439102172852 -318.229736328125
v 32.436466217041016 0.8277177810668945 -317.9405517578125
v 32.680938720703125 0.4270792007446289 -318.2290954589844
v 37.16871643066406 0.6103038787841797 -318.75555419921875
v 37.58301544189453 0.4155158996582031 -318.2955627441406
v 38.478065490722656 -0.12886524200439453 -317.80474853515625
v 38.89007568359375 -0.1579880714416504 -317.5107421875
v 32.274627685546875 1.2347936630249023 -318.48651123046875
v 36.695098876953125 0.8834362030029297 -319.5184631347656
v 37.075592041015625 1.2938261032104492 -318.58880615234375
v 37.527610778808594 1.0210990905761719 -318.03558349609375
v 32.10160827636719 1.680612564086914 -318.57965087890625
v 36.67168426513672 1.8193721771240234 -319.21942138671875
v 37.04600524902344 1.903533935546875 -318.341796875
v 37.41917419433594 1.6733407974243164 -317.83349609375
v 31.92462921142578 2.294778823852539 -318.7293701171875
v 36.49201202392578 2.521991729736328 -319.3887939453125
v 31.785701751708984 3.1178712844848633 -319.0557861328125
v 36.479305267333984 3.1333446502685547 -319.13568115234375
v 31.626392364501953 3.9264440536499023 -318.98809814453125
v 36.42568588256836 3.845810890197754 -318.89605712890625
v 31.52706527709961 4.696941375732422 -318.9307861328125
v 36.3922119140625 4.471850395202637 -318.61444091796875
v 31.49585723876953 5.478167533874512 -318.9027404785156
v 36.15050506591797 5.151629447937012 -318.8114013671875
v 31.526588439941406 6.265568733215332 -318.875732421875
v 36.068389892578125 6.004643440246582 -318.39520263671875
v 35.548187255859375 6.936359405517578 -318.9208679199219
v 35.8637809753418 6.632518768310547 -318.3980712890625
v 31.60696029663086 7.0472002029418945 -318.8192443847656
v 35.114837646484375 7.23876953125 -319.68115234375
v 35.42583084106445 7.592463493347168 -318.6239013671875
v 35.81075668334961 7.220768928527832 -318.0182189941406
v 31.713462829589844 7.8125 -318.70623779296875
v 35.000038146972656 8.106398582458496 -319.1776123046875
v 35.35535430908203 8.176708221435547 -318.2470397949219
v 35.68482208251953 7.876133918762207 -317.7134704589844
v 31.775402069091797 8.445978164672852 -318.5048828125
v 34.79137420654297 8.648133277893066 -319.16387939453125
v 31.96923828125 9.327077865600586 -318.7514953613281
v 34.53326416015625 9.132933616638184 -319.21917724609375
v 31.947113037109375 10.226798057556152 -318.55584716796875
v 34.41233825683594 9.854578971862793 -318.8209228515625
v 31.886720657348633 11.048126220703125 -318.5000305175781
v 34.344268798828125 10.535287857055664 -318.4620361328125
v 31.839370727539062 11.888933181762695 -318.5228271484375
v 34.310245513916016 11.314558982849121 -318.1588439941406
v 33.717369079589844 12.188220024108887 -318.6605529785156
v 34.107852935791016 11.935949325561523 -318.28680419921875
v 31.801532745361328 12.73190975189209 -318.56268310546875
v 33.347679138183594 12.450265884399414 -318.88568115234375
v 33.734989166259766 12.853026390075684 -318.5589294433594
v 34.173606872558594 12.53499984741211 -318.1306457519531
v 31.74748420715332 13.532543182373047 -318.55352783203125
v 33.25977325439453 13.04929256439209 -318.8357238769531
v 33.715415954589844 13.552069664001465 -318.4983825683594
v 34.22813415527344 13.255953788757324 -318.04730224609375
v 31.69569969177246 14.279532432556152 -318.4835205078125
v 33.20374298095703 13.81065845489502 -318.7498779296875
v 33.68280029296875 14.264845848083496 -318.4427490234375
v 34.224605560302734 14.00308609008789 -318.0468444824219
v 31.705642700195312 15.046858787536621 -318.31884765625
v 33.18040466308594 14.715719223022461 -318.58087158203125
v 32.2559814453125 15.207934379577637 -318.5544128417969
v 32.727169036865234 15.207648277282715 -318.5777282714844
v 33.6995849609375 14.752745628356934 -318.365478515625
v 34.11803436279297 14.678955078125 -318.09832763671875
v 32.02302551269531 15.715765953063965 -318.24017333984375
v 32.5698127746582 15.732288360595703 -318.3575134277344
v 31.870126724243164 16.14222526550293 -317.8955383300781
v 32.339595794677734 16.239093780517578 -318.00164794921875
v 31.979084014892578 -14.091312408447266 -318.057861328125
v 32.56914520263672 -14.087533950805664 -318.2586669921875
v 31.563138961791992 -13.964282989501953 -317.8525085449219
v 32.87012481689453 -13.757884979248047 -317.688720703125
v 31.92966079711914 -13.817334175109863 -317.44842529296875
v 32.35821533203125 -13.894140243530273 -317.64764404296875
v 31.44872283935547 -13.671445846557617 -317.4053649902344
v 33.117889404296875 -13.401317596435547 -317.24603271484375
v 30.814027786254883 -12.81167221069336 -317.0419921875
v 31.386398315429688 -13.235580444335938 -316.89581298828125
v 33.72764587402344 -13.058209419250488 -317.28094482421875
v 34.41898727416992 -12.782323837280273 -317.7627868652344
v 31.841182708740234 -13.49945068359375 -316.9952697753906
v 32.45482635498047 -13.521921157836914 -317.0921630859375
v 30.314016342163086 -12.42523193359375 -317.9228210449219
v 34.715057373046875 -12.320971488952637 -317.37847900390625
v 30.250286102294922 -11.667990684509277 -317.48431396484375
v 34.9268913269043 -11.876654624938965 -316.9964904785156
v 35.43174362182617 -11.522733688354492 -317.3770751953125
v 35.96794509887695 -11.15826416015625 -317.87603759765625
v 30.269790649414062 -11.048614501953125 -317.14801025390625
v 36.20855712890625 -10.601139068603516 -317.3956298828125
v 30.374313354492188 -10.562562942504883 -316.8125915527344
v 36.47003173828125 -9.942197799682617 -316.8463134765625
v 30.563617706298828 -10.082757949829102 -317.42279052734375
v 30.870962142944336 -9.562087059020996 -318.13555908203125
v 36.97047424316406 -9.740745544433594 -317.5152587890625
v 37.44483184814453 -9.467840194702148 -317.95263671875
v 31.21652603149414 -9.130692481994629 -317.61175537109375
v 37.606407165527344 -8.960461616516113 -317.4587707519531
v 36.84630584716797 -9.44715690612793 -316.821044921875
v 37.19763946533203 -9.257638931274414 -317.19732666015625
v 31.574678421020508 -8.64759635925293 -317.1098327636719
v 38.04914855957031 -8.575260162353516 -317.57318115234375
v 31.912158966064453 -8.07594108581543 -316.686279296875
v 38.113380432128906 -8.102631568908691 -317.0449523925781
v 32.257652282714844 -7.585346698760986 -317.5901794433594
v 32.551048278808594 -7.123816013336182 -318.440673828125
v 38.63191604614258 -7.756292819976807 -317.2436828613281
v 39.28001022338867 -7.407104969024658 -317.4984130859375
v 32.76646041870117 -6.562697887420654 -318.1158752441406
v 39.42253494262695 -6.7684173583984375 -317.010498046875
v 32.92565155029297 -5.940663814544678 -317.84954833984375
v 39.65019989013672 -6.039905548095703 -316.59130859375
v 40.358543395996094 -5.906832218170166 -317.0002746582031
v 41.034271240234375 -5.862057209014893 -317.322998046875
v 41.75541305541992 -5.813348293304443 -317.597412109375
v 42.500450134277344 -5.617678165435791 -317.7827453613281
v 33.049537658691406 -5.268526077270508 -317.74127197265625
v 42.72658920288086 -5.002498626708984 -317.47064208984375
v 40.218116760253906 -5.32534122467041 -316.5445251464844
v 40.89434051513672 -5.258083343505859 -316.90411376953125
v 41.59481430053711 -5.246162414550781 -317.19488525390625
v 42.1626091003418 -5.269813537597656 -317.40545654296875
v 33.13264846801758 -4.58446741104126 -317.7091979980469
v 42.969940185546875 -4.527604579925537 -317.3639221191406
v 43.51279830932617 -4.286766052246094 -317.5596923828125
v 44.11847686767578 -4.025602340698242 -317.9210205078125
v 40.11378479003906 -4.800677299499512 -316.1863708496094
v 40.74170684814453 -4.57686185836792 -316.5289611816406
v 41.51380157470703 -4.5989990234375 -316.919189453125
v 42.308380126953125 -4.6588897705078125 -317.20758056640625
v 33.180999755859375 -3.8754940032958984 -317.6571960449219
v 44.148780822753906 -3.5668134689331055 -317.9449768066406
v 41.39080047607422 -3.8840889930725098 -316.77142333984375
v 42.2083625793457 -4.0108323097229 -317.1163635253906
v 43.036006927490234 -4.030263423919678 -317.3666076660156
v 43.70732116699219 -3.8499832153320312 -317.6167297363281
v 33.215999603271484 -3.136873245239258 -317.6457214355469
v 44.067405700683594 -3.298616409301758 -318.1060485839844
v 41.225528717041016 -2.8490781784057617 -317.3739318847656
v 41.9408073425293 -3.166687488555908 -317.5714416503906
v 42.686580657958984 -3.2659530639648438 -317.8287048339844
v 43.54202651977539 -3.243422508239746 -318.134521484375
v 41.42823028564453 -3.2388806343078613 -316.972412109375
v 42.10276794433594 -3.486168384552002 -317.2472839355469
v 42.8797492980957 -3.5531997680664062 -317.50494384765625
v 43.59254837036133 -3.5400867462158203 -317.7047119140625
v 33.22825622558594 -2.389359474182129 -317.6407165527344
v 40.80648422241211 -2.32393741607666 -316.97882080078125
v 33.19845199584961 -1.6328811645507812 -317.61273193359375
v 40.560699462890625 -1.6741037368774414 -316.89935302734375
v 40.11595153808594 -0.9531974792480469 -317.20123291015625
v 40.39060974121094 -1.1286735534667969 -316.96405029296875
v 33.099342346191406 -0.8816123008728027 -317.53033447265625
v 39.7415885925293 -0.7249832153320312 -317.3382568359375
v 40.01922607421875 -0.45435428619384766 -316.96337890625
v 40.30351638793945 -0.6730556488037109 -316.8042297363281
v 32.92033767700195 -0.21759271621704102 -317.306640625
v 39.52679443359375 -0.15685558319091797 -317.0045166015625
v 32.409812927246094 0.8406400680541992 -317.06719970703125
v 32.674957275390625 0.34236907958984375 -317.11126708984375
v 38.528656005859375 0.37403106689453125 -317.4206848144531
v 39.04068374633789 0.31867027282714844 -316.9914245605469
v 39.93721008300781 -0.18799304962158203 -316.7504577636719
v 40.15626907348633 -0.3060340881347656 -316.62652587890625
v 32.20415115356445 1.2588739395141602 -317.8105163574219
v 37.99858093261719 0.7111072540283203 -317.68896484375
v 38.41230773925781 1.1074542999267578 -317.037353515625
v 38.839385986328125 0.8975744247436523 -316.6958923339844
v 31.986736297607422 1.7933130264282227 -317.765869140625
v 37.985443115234375 1.571202278137207 -317.20794677734375
v 37.28549575805664 2.297496795654297 -317.73602294921875
v 37.66109848022461 2.107882499694824 -317.28680419921875
v 38.388179779052734 1.572561264038086 -316.77880859375
v 38.65671157836914 1.5260696411132812 -316.4782409667969
v 31.785465240478516 2.4495363235473633 -317.83319091796875
v 36.84172821044922 2.5582313537597656 -318.4934997558594
v 37.19618225097656 2.9882192611694336 -317.5947570800781
v 37.618709564208984 2.701258659362793 -317.0767517089844
v 31.617904663085938 3.1572341918945312 -317.86865234375
v 36.7905387878418 3.3757448196411133 -318.226806640625
v 37.13417053222656 3.717327117919922 -317.3777770996094
v 37.570072174072266 3.3951282501220703 -316.845458984375
v 31.495784759521484 3.8814306259155273 -317.77056884765625
v 36.729454040527344 4.106736183166504 -317.99566650390625
v 37.06343078613281 4.419469833374023 -317.162841796875
v 37.51464080810547 4.098677635192871 -316.58160400390625
v 31.42838478088379 4.64475154876709 -317.6939697265625
v 36.6379508972168 4.887223243713379 -317.78118896484375
v 37.01753616333008 5.000829696655273 -316.9317932128906
v 37.40174865722656 4.753732681274414 -316.38623046875
v 31.421588897705078 5.431866645812988 -317.6531982421875
v 36.40370178222656 5.527019500732422 -317.9202575683594
v 31.463241577148438 6.226873397827148 -317.62896728515625
v 36.42389678955078 6.034040451049805 -317.537841796875
v 31.528902053833008 7.013487815856934 -317.6016845703125
v 36.21919250488281 6.704568862915039 -317.509033203125
v 31.585384368896484 7.773756980895996 -317.5711364746094
v 36.122276306152344 7.606625556945801 -316.95330810546875
v 35.53583526611328 8.466053009033203 -317.5102233886719
v 35.851646423339844 8.207392692565918 -316.985107421875
v 31.626272201538086 8.558845520019531 -317.61785888671875
v 35.097312927246094 8.835816383361816 -318.2642822265625
v 35.450862884521484 8.983612060546875 -317.2451171875
v 35.76104736328125 8.719253540039062 -316.7051696777344
v 31.611204147338867 9.402751922607422 -317.691162109375
v 34.8200798034668 9.52160358428955 -318.3015441894531
v 31.528949737548828 10.258960723876953 -317.7640075683594
v 34.78874969482422 10.129380226135254 -317.90777587890625
v 31.389999389648438 11.129355430603027 -317.81640625
v 34.74845886230469 10.819506645202637 -317.6029968261719
v 30.730009078979492 10.942220687866211 -316.5929870605469
v 31.003498077392578 10.839366912841797 -317.0941162109375
v 31.381629943847656 12.071657180786133 -318.0347900390625
v 34.768341064453125 11.41040325164795 -317.3690490722656
v 30.65230941772461 11.602783203125 -316.6739501953125
v 31.00581169128418 11.47606372833252 -317.33349609375
v 31.340789794921875 12.903904914855957 -318.11041259765625
v 34.59804153442383 12.043309211730957 -317.57373046875
v 30.580829620361328 12.361884117126465 -316.7254333496094
v 30.962800979614258 12.253355979919434 -317.4585266113281
v 31.29489517211914 13.699126243591309 -318.10906982421875
v 34.68894958496094 12.848949432373047 -317.46478271484375
v 30.531238555908203 13.160300254821777 -316.7480773925781
v 30.91259002685547 13.053655624389648 -317.5094299316406
v 31.265663146972656 14.45016860961914 -318.033203125
v 34.87977981567383 13.678884506225586 -317.36541748046875
v 30.517745971679688 13.954710960388184 -316.732421875
v 30.877304077148438 13.84425163269043 -317.5013427734375
v 35.59131622314453 14.348912239074707 -316.823486328125
v 36.27734375 14.454150199890137 -316.3077087402344
v 31.240558624267578 15.055036544799805 -317.86834716796875
v 34.773136138916016 14.53251838684082 -317.5804443359375
v 33.84700012207031 15.294671058654785 -318.1259460449219
v 34.52546691894531 15.157413482666016 -317.7463073730469
v 30.55901527404785 14.714956283569336 -316.66436767578125
v 30.87749481201172 14.589333534240723 -317.4307556152344
v 35.321044921875 15.287375450134277 -317.1751708984375
v 36.253501892089844 15.063166618347168 -316.5677490234375
v 31.493854522705078 15.69225788116455 -317.8341064453125
v 33.16023254394531 15.579056739807129 -318.3192138671875
v 30.66027069091797 15.415811538696289 -316.5136413574219
v 30.97303009033203 15.301942825317383 -317.3034973144531
v 33.70578384399414 16.120601654052734 -317.8683776855469
v 34.58180236816406 15.927362442016602 -317.5159912109375
v 35.39304733276367 16.08321762084961 -317.01019287109375
v 36.06345748901367 15.815973281860352 -316.6750793457031
v 36.7847900390625 15.614008903503418 -316.30010986328125
v 37.21036911010742 15.644264221191406 -316.0221862792969
v 31.613540649414062 16.189861297607422 -317.6123352050781
v 32.98041915893555 16.243457794189453 -318.01617431640625
v 32.00285339355469 16.644309997558594 -317.3700256347656
v 32.707763671875 16.700172424316406 -317.658935546875
v 30.73003387451172 15.906310081481934 -316.2390441894531
v 31.20899200439453 16.08798599243164 -317.0034484863281
v 33.478092193603516 16.86420440673828 -317.4642639160156
v 34.22815704345703 16.628528594970703 -317.38897705078125
v 35.03580093383789 16.74785614013672 -316.90985107421875
v 35.87915802001953 16.504907608032227 -316.5068359375
v 36.569358825683594 16.212581634521484 -316.1960144042969
v 37.085079193115234 15.981841087341309 -315.9862060546875
v 32.1553955078125 17.310810089111328 -316.6322021484375
v 32.83979797363281 17.276477813720703 -317.052001953125
v 33.62085723876953 17.47052764892578 -316.8963928222656
v 34.3404541015625 17.291568756103516 -316.8671875
v 32.24578094482422 17.69237518310547 -316.1468811035156
v 32.69951248168945 17.748117446899414 -316.369873046875
v 33.37943649291992 17.814041137695312 -316.4090576171875
v 34.11488342285156 17.821979522705078 -316.32452392578125
v 30.884719848632812 -12.403118133544922 -316.2890319824219
v 31.34136199951172 -12.733650207519531 -316.2798767089844
v 32.06796646118164 -13.034116744995117 -316.4275817871094
v 33.027957916259766 -12.986159324645996 -316.6090393066406
v 33.690093994140625 -12.707233428955078 -316.64105224609375
v 34.182857513427734 -12.580644607543945 -316.9939880371094
v 30.52225112915039 -12.14348030090332 -316.78900146484375
v 34.44866943359375 -12.152981758117676 -316.678955078125
v 30.748462677001953 -11.931217193603516 -315.9222717285156
v 31.2255859375 -12.227249145507812 -315.6786804199219
v 31.87241554260254 -12.457799911499023 -315.6777648925781
v 32.663368225097656 -12.535703659057617 -315.84002685546875
v 33.45603942871094 -12.440037727355957 -316.1015319824219
v 33.99479293823242 -12.367010116577148 -316.4364929199219
v 30.421876907348633 -11.471819877624512 -316.35345458984375
v 34.640647888183594 -11.828231811523438 -316.47802734375
v 34.98912048339844 -11.372434616088867 -316.36077880859375
v 35.67426300048828 -10.983610153198242 -316.95135498046875
v 30.675148010253906 -11.477888107299805 -315.5536193847656
v 31.070232391357422 -11.704408645629883 -315.2113037109375
v 31.680892944335938 -11.926436424255371 -315.0442199707031
v 32.40213394165039 -12.072288513183594 -315.1372985839844
v 33.193756103515625 -12.036895751953125 -315.3934020996094
v 34.11939239501953 -11.872673034667969 -315.9381408691406
v 30.350065231323242 -10.939264297485352 -316.3299865722656
v 35.90409851074219 -10.416436195373535 -316.46990966796875
v 35.04800796508789 -10.830402374267578 -315.590087890625
v 35.442447662353516 -10.789144515991211 -316.194091796875
v 30.43365478515625 -10.604333877563477 -315.988525390625
v 36.04385757446289 -9.827280044555664 -315.81207275390625
v 30.56473731994629 -10.194957733154297 -316.37188720703125
v 30.85372543334961 -9.687698364257812 -316.8908386230469
v 35.06496047973633 -10.49947738647461 -315.070556640625
v 35.49296951293945 -10.325014114379883 -315.54583740234375
v 31.20172119140625 -9.260929107666016 -316.3026123046875
v 36.5788459777832 -9.241795539855957 -315.9889221191406
v 37.032676696777344 -9.011470794677734 -316.53717041015625
v 37.34390640258789 -8.865701675415039 -316.89422607421875
v 31.549453735351562 -8.686410903930664 -315.7841796875
v 37.65771484375 -8.46095085144043 -316.852294921875
v 36.98837661743164 -8.612192153930664 -315.884765625
v 37.287498474121094 -8.604372024536133 -316.4316101074219
v 31.845855712890625 -7.932400703430176 -315.32916259765625
v 37.83082962036133 -8.040404319763184 -316.5710144042969
v 32.218170166015625 -7.451891899108887 -316.4474182128906
v 32.51576232910156 -7.029438018798828 -317.29925537109375
v 38.134910583496094 -7.54091739654541 -316.3870849609375
v 38.813926696777344 -7.160747051239014 -316.7966003417969
v 37.00339889526367 -8.148384094238281 -315.2752685546875
v 37.4709358215332 -8.047938346862793 -315.9964599609375
v 32.69386291503906 -6.4522504806518555 -316.975830078125
v 38.983680725097656 -6.5407395362854 -316.3786315917969
v 32.197452545166016 -7.1311235427856445 -315.509765625
v 32.452919006347656 -6.907296180725098 -316.3831787109375
v 38.1119499206543 -6.936037540435791 -315.6954650878906
v 38.49980926513672 -6.920135021209717 -316.1956481933594
v 32.8338623046875 -5.7497382164001465 -316.5963439941406
v 39.073394775390625 -5.9082865715026855 -315.93035888671875
v 32.201839447021484 -6.704533100128174 -314.86566162109375
v 32.511878967285156 -6.418430805206299 -315.7958984375
v 38.086055755615234 -6.557917594909668 -315.2593994140625
v 38.50273895263672 -6.4041852951049805 -315.6814270019531
v 33.00242614746094 -5.07204532623291 -316.8205261230469
v 39.626548767089844 -5.318975448608398 -316.06781005859375
v 33.0571403503418 -4.48155403137207 -316.5660095214844
v 39.69306945800781 -4.532527923583984 -315.7052307128906
v 40.32707214355469 -4.217720031738281 -316.1143493652344
v 40.786861419677734 -3.9557814598083496 -316.38604736328125
v 33.13594055175781 -3.7598252296447754 -316.4842224121094
v 40.93124771118164 -3.438425064086914 -316.4718933105469
v 40.100074768066406 -3.7399649620056152 -315.8039855957031
v 40.53535461425781 -3.699052333831787 -316.15570068359375
v 33.199310302734375 -3.051459789276123 -316.4639892578125
v 40.876556396484375 -2.7709484100341797 -316.6058349609375
v 40.02592468261719 -3.043842315673828 -315.6158142089844
v 40.499210357666016 -3.182065486907959 -316.09722900390625
v 33.22412872314453 -2.339470386505127 -316.3885192871094
v 40.63114929199219 -2.055799961090088 -316.47052001953125
v 40.012813568115234 -2.2718191146850586 -315.54669189453125
v 40.429161071777344 -2.4933815002441406 -316.04150390625
v 33.20515060424805 -1.6108989715576172 -316.30450439453125
v 40.510009765625 -1.49153470993042 -316.38555908203125
v 40.00263214111328 -1.5346527099609375 -315.567138671875
v 40.356231689453125 -1.796877384185791 -316.00238037109375
v 33.11903381347656 -0.9049654006958008 -316.158203125
v 40.437339782714844 -0.9896397590637207 -316.53912353515625
v 39.9764289855957 -0.8700013160705566 -315.67657470703125
v 40.30549621582031 -1.1697053909301758 -316.0551452636719
v 32.94544219970703 -0.19977092742919922 -315.86871337890625
v 40.324256896972656 -0.5226612091064453 -316.498779296875
v 32.39207458496094 0.9378194808959961 -316.34375
v 32.64317321777344 0.4839181900024414 -316.130859375
v 39.82353210449219 -0.0329136848449707 -316.35784912109375
v 40.153167724609375 -0.30465126037597656 -316.3197326660156
v 39.91265106201172 -0.3227114677429199 -315.89410400390625
v 40.243385314941406 -0.6383061408996582 -316.1694641113281
v 32.173683166503906 1.3181209564208984 -316.95587158203125
v 39.285850524902344 0.5408048629760742 -316.28802490234375
v 32.236717224121094 1.3083457946777344 -316.0081481933594
v 32.53157043457031 0.8291721343994141 -315.4597473144531
v 31.94413185119629 1.906132698059082 -316.6733093261719
v 38.96095657348633 1.4182329177856445 -315.9330749511719
v 38.43257522583008 2.0831823348999023 -316.4340515136719
v 38.75343704223633 1.9951820373535156 -315.99847412109375
v 32.09335708618164 1.7035484313964844 -315.5504150390625
v 32.36379623413086 1.2646198272705078 -314.9840087890625
v 31.713151931762695 2.5756120681762695 -316.9313049316406
v 38.021541595458984 2.3990631103515625 -316.7398681640625
v 38.379669189453125 2.850198745727539 -316.12701416015625
v 38.68107604980469 2.602219581604004 -315.7767333984375
v 31.58574104309082 3.1316280364990234 -316.6614990234375
v 37.99665069580078 3.1138181686401367 -316.44647216796875
v 38.34524154663086 3.5192489624023438 -315.86566162109375
v 38.63265609741211 3.277873992919922 -315.564697265625
v 31.471084594726562 3.8490772247314453 -316.479736328125
v 37.96491622924805 3.798222541809082 -316.1497497558594
v 38.31550979614258 4.077458381652832 -315.5804443359375
v 38.5880241394043 3.835606575012207 -315.3736572265625
v 31.415414810180664 4.610610008239746 -316.3737487792969
v 37.94546127319336 4.506707191467285 -315.6637268066406
v 37.24208068847656 5.364489555358887 -316.2872314453125
v 37.61947250366211 5.105304718017578 -315.7232360839844
v 38.31572723388672 4.370760917663574 -315.301513671875
v 38.519859313964844 4.222774505615234 -315.1453857421875
v 31.41415023803711 5.395340919494629 -316.32476806640625
v 36.781192779541016 5.59697151184082 -317.0574645996094
v 37.10768127441406 6.019186973571777 -316.1343994140625
v 37.5168571472168 5.672025680541992 -315.4654235839844
v 31.44364356994629 6.187963485717773 -316.3138122558594
v 36.68482208251953 6.362295150756836 -316.7741394042969
v 37.00413513183594 6.707668304443359 -315.88616943359375
v 37.38787078857422 6.346416473388672 -315.25482177734375
v 31.47106170654297 6.975531578063965 -316.32989501953125
v 36.58638000488281 7.089972496032715 -316.4440612792969
v 36.92262268066406 7.338356971740723 -315.5509948730469
v 37.27617263793945 6.98702335357666 -315.03216552734375
v 31.464553833007812 7.762861251831055 -316.383056640625
v 36.54899597167969 7.764029502868652 -315.8976745605469
v 36.86611557006836 7.811689376831055 -315.14642333984375
v 37.16664123535156 7.531142234802246 -314.75164794921875
v 31.393861770629883 8.570313453674316 -316.48394775390625
v 36.156272888183594 8.370184898376465 -316.0937805175781
v 35.630462646484375 9.297704696655273 -316.509033203125
v 35.93866729736328 8.98587703704834 -315.9802551269531
v 31.234050750732422 9.422159194946289 -316.62371826171875
v 35.2142333984375 9.59162712097168 -317.33740234375
v 30.743741989135742 9.342408180236816 -315.27874755859375
v 30.96628189086914 9.162545204162598 -315.66552734375
v 35.52658462524414 9.953999519348145 -316.2891845703125
v 35.88020706176758 9.539270401000977 -315.6134033203125
v 31.138587951660156 10.291647911071777 -317.03277587890625
v 35.146522521972656 10.379266738891602 -316.98016357421875
v 30.575870513916016 10.455703735351562 -315.920654296875
v 30.81684112548828 10.358500480651855 -316.4419250488281
v 30.635929107666016 9.911894798278809 -315.60595703125
v 30.911422729492188 9.741950035095215 -316.15008544921875
v 35.46855545043945 10.663938522338867 -316.07379150390625
v 35.80110168457031 10.229682922363281 -315.3421630859375
v 30.444669723510742 10.941147804260254 -315.83489990234375
v 35.1099739074707 11.072540283203125 -316.77752685546875
v 35.44635772705078 11.370992660522461 -315.97723388671875
v 35.76569366455078 10.950589179992676 -315.18743896484375
v 30.33132553100586 11.637282371520996 -315.82177734375
v 35.07666778564453 11.741876602172852 -316.74169921875
v 35.465431213378906 12.07723617553711 -316.00439453125
v 35.78805923461914 11.696481704711914 -315.164794921875
v 30.25670051574707 12.414884567260742 -315.828857421875
v 35.08906555175781 12.430238723754883 -316.7822570800781
v 35.53032684326172 12.738370895385742 -316.1166687011719
v 35.87269592285156 12.47568130493164 -315.29473876953125
v 30.226253509521484 13.223958015441895 -315.8308410644531
v 35.213111877441406 13.100671768188477 -316.77532958984375
v 35.485504150390625 13.635730743408203 -316.64031982421875
v 36.104129791259766 13.801741600036621 -315.94354248046875
v 35.64794158935547 13.267827033996582 -316.2252502441406
v 35.9135856628418 13.091087341308594 -315.63018798828125
v 30.246139526367188 14.024519920349121 -315.8080749511719
v 36.6175651550293 14.344644546508789 -315.92242431640625
v 37.03398895263672 14.635229110717773 -315.76739501953125
v 37.289833068847656 14.77501392364502 -315.55108642578125
v 30.320571899414062 14.7810697555542 -315.74383544921875
v 36.71336364746094 14.758920669555664 -316.1717224121094
v 36.83228302001953 15.143537521362305 -316.2666015625
v 37.14151382446289 15.308284759521484 -316.0704345703125
v 37.047481536865234 14.968490600585938 -316.0426025390625
v 37.26909255981445 15.023303031921387 -315.79278564453125
v 30.439353942871094 15.450572967529297 -315.6455993652344
v 37.365604400634766 15.409159660339355 -315.77593994140625
v 30.6063175201416 15.994858741760254 -315.5845642089844
v 37.36064529418945 15.790963172912598 -315.7604675292969
v 30.977344512939453 16.369365692138672 -316.0408020019531
v 31.53316879272461 16.811275482177734 -316.4266357421875
v 35.65325927734375 17.138553619384766 -316.201171875
v 36.36705780029297 16.800762176513672 -315.724365234375
v 36.946632385253906 16.338729858398438 -315.6817626953125
v 37.26560974121094 16.074705123901367 -315.66986083984375
v 31.834529876708984 17.369152069091797 -315.9120178222656
v 35.06972885131836 17.37542152404785 -316.46142578125
v 35.409881591796875 17.657257080078125 -315.8677978515625
v 35.957481384277344 17.428897857666016 -315.4159240722656
v 32.16166687011719 17.78948211669922 -315.6289978027344
v 34.80446243286133 17.76561737060547 -316.1630859375
v 32.576988220214844 17.966175079345703 -315.767578125
v 33.18104553222656 18.069194793701172 -315.72503662109375
v 33.907962799072266 18.11842918395996 -315.65338134765625
v 34.620689392089844 18.085622787475586 -315.5762939453125
v 35.15741729736328 17.976402282714844 -315.5392150878906
v 35.61534881591797 17.874813079833984 -315.1284484863281
v 30.885910034179688 -11.179197311401367 -314.98480224609375
v 31.482864379882812 -11.311149597167969 -314.4653625488281
v 32.22050476074219 -11.580121994018555 -314.4558410644531
v 32.86804962158203 -11.702859878540039 -314.72607421875
v 33.64410400390625 -11.450695991516113 -314.8571472167969
v 34.467411041259766 -11.22170639038086 -315.3849792480469
v 30.521726608276367 -11.005056381225586 -315.60772705078125
v 34.692405700683594 -10.76204776763916 -314.9279479980469
v 30.736589431762695 -10.702180862426758 -315.0296630859375
v 31.12552261352539 -10.750937461853027 -314.44537353515625
v 33.70013427734375 -10.962379455566406 -314.0635681152344
v 34.196807861328125 -10.995697975158691 -314.6667175292969
v 30.535484313964844 -10.604751586914062 -315.4547119140625
v 34.84382629394531 -10.475754737854004 -314.67919921875
v 30.564044952392578 -10.338390350341797 -315.69891357421875
v 30.835819244384766 -9.938060760498047 -315.7018737792969
v 35.124969482421875 -10.106313705444336 -314.53521728515625
v 35.672401428222656 -9.800374984741211 -315.0374755859375
v 30.681657791137695 -10.367560386657715 -315.2762145996094
v 30.96358871459961 -10.242902755737305 -314.8157958984375
v 33.774017333984375 -10.629022598266602 -313.4920654296875
v 34.39879608154297 -10.531830787658691 -314.1356201171875
v 31.24980926513672 -9.48082160949707 -314.9100036621094
v 36.06350326538086 -9.22044563293457 -314.89990234375
v 35.133575439453125 -9.692180633544922 -313.8139343261719
v 35.53841018676758 -9.523355484008789 -314.31024169921875
v 31.519699096679688 -8.6989164352417 -314.51312255859375
v 36.591766357421875 -8.59835147857666 -315.07318115234375
v 31.62713050842285 -8.106350898742676 -314.14862060546875
v 36.74094772338867 -7.863140106201172 -314.3645935058594
v 37.24958801269531 -7.6148271560668945 -315.05523681640625
v 37.699554443359375 -7.347345352172852 -315.5204772949219
v 31.851886749267578 -7.352745532989502 -314.30780029296875
v 37.80140686035156 -6.837522983551025 -315.1132507324219
v 37.13953399658203 -7.1755170822143555 -314.3034362792969
v 37.485408782958984 -7.107102870941162 -314.8792724609375
v 31.995750427246094 -6.509900093078613 -313.89697265625
v 37.897254943847656 -6.513106822967529 -314.9171447753906
v 32.388973236083984 -6.122016906738281 -314.84033203125
v 32.65159225463867 -5.810654163360596 -315.541259765625
v 38.1535530090332 -6.086993217468262 -314.8854064941406
v 38.66355514526367 -5.842459201812744 -315.3866271972656
v 37.11650466918945 -6.719088554382324 -313.7156982421875
v 37.57672119140625 -6.560802459716797 -314.4152526855469
v 32.830955505371094 -5.156052112579346 -315.6968994140625
v 39.061641693115234 -5.2483439445495605 -315.4331970214844
v 32.30230712890625 -5.731022357940674 -314.0977783203125
v 32.573699951171875 -5.568885803222656 -314.9002380371094
v 38.231563568115234 -5.402493476867676 -314.41790771484375
v 38.55633544921875 -5.520844459533691 -314.9841613769531
v 32.93352127075195 -4.296934604644775 -315.2783203125
v 39.156768798828125 -4.571104049682617 -315.1526184082031
v 32.27119445800781 -5.29484748840332 -313.52362060546875
v 32.59651565551758 -5.016195774078369 -314.4174499511719
v 38.35708999633789 -4.737758636474609 -314.15057373046875
v 38.698768615722656 -4.970741271972656 -314.79400634765625
v 33.09686279296875 -3.564906120300293 -315.5374450683594
v 39.485313415527344 -3.78720760345459 -315.20953369140625
v 38.485931396484375 -4.012775421142578 -313.97711181640625
v 38.860511779785156 -4.269564151763916 -314.6331481933594
v 33.14552307128906 -2.9656052589416504 -315.300537109375
v 39.54014587402344 -2.8692126274108887 -315.06353759765625
v 38.59233856201172 -3.2428741455078125 -313.879150390625
v 39.0054931640625 -3.4754276275634766 -314.5351867675781
v 33.194732666015625 -2.246367931365967 -315.16131591796875
v 39.57431411743164 -2.052009105682373 -315.03558349609375
v 38.662315368652344 -2.4561524391174316 -313.8363342285156
v 39.08403015136719 -2.649843692779541 -314.47003173828125
v 33.20267105102539 -1.5395760536193848 -315.04913330078125
v 39.584922790527344 -1.2861132621765137 -315.09649658203125
v 38.70170211791992 -1.666092872619629 -313.8455810546875
v 39.128421783447266 -1.8439292907714844 -314.47589111328125
v 33.150028228759766 -0.8825063705444336 -314.8785705566406
v 39.55409622192383 -0.5701899528503418 -315.245849609375
v 38.712764739990234 -0.8783340454101562 -313.89569091796875
v 39.139652252197266 -1.0619878768920898 -314.5472717285156
v 33.06987380981445 -0.37349462509155273 -314.588134765625
v 39.4343147277832 0.15003681182861328 -315.5281982421875
v 38.693260192871094 -0.09175539016723633 -313.94830322265625
v 39.10353088378906 -0.2953767776489258 -314.6635437011719
v 32.858062744140625 0.24158954620361328 -314.8050231933594
v 39.121604919433594 0.9397983551025391 -315.41436767578125
v 38.65823745727539 0.6937980651855469 -313.97149658203125
v 39.00251388549805 0.47364234924316406 -314.720947265625
v 32.66444396972656 0.8082389831542969 -314.3561096191406
v 38.96696472167969 1.5885114669799805 -315.2264099121094
v 32.18231201171875 1.773524284362793 -314.3939208984375
v 32.49278259277344 1.2368440628051758 -314.04217529296875
v 38.6347770690918 1.4699220657348633 -313.97393798828125
v 38.89238739013672 1.2233495712280273 -314.6818542480469
v 31.83200454711914 2.3606061935424805 -315.670654296875
v 38.86439895629883 2.2140026092529297 -315.3556823730469
v 38.63058090209961 2.2324323654174805 -313.9727478027344
v 38.82813262939453 1.941061019897461 -314.6598815917969
v 31.627368927001953 3.114461898803711 -315.337158203125
v 38.79287338256836 3.002500534057617 -315.1754455566406
v 38.62895965576172 2.967500686645508 -313.97784423828125
v 38.79134750366211 2.6654958724975586 -314.6379089355469
v 31.504058837890625 3.8450002670288086 -315.1403503417969
v 38.74614334106445 3.617572784423828 -315.06561279296875
v 38.600730895996094 3.635096549987793 -314.0350036621094
v 38.759422302246094 3.3510684967041016 -314.5980529785156
v 31.44850730895996 4.597997665405273 -315.02728271484375
v 38.685585021972656 4.015946388244629 -315.00494384765625
v 38.32845687866211 4.515862464904785 -314.8144226074219
v 38.60113525390625 4.222846031188965 -314.773681640625
v 38.50929641723633 4.188179969787598 -314.2421875
v 38.70355987548828 3.895735740661621 -314.62872314453125
v 31.43787384033203 5.371618270874023 -314.9801330566406
v 37.92488479614258 5.148816108703613 -314.8058776855469
v 31.438804626464844 6.154227256774902 -314.98187255859375
v 37.72046661376953 5.933332443237305 -314.5332336425781
v 31.412553787231445 6.938004493713379 -315.02178955078125
v 37.578346252441406 6.617188453674316 -314.373046875
v 31.319093704223633 7.727146148681641 -315.097412109375
v 37.44905090332031 7.204174995422363 -314.2318115234375
v 37.007259368896484 8.01537036895752 -314.3085021972656
v 37.31510543823242 7.629251480102539 -314.0841064453125
v 31.12413787841797 8.52501392364502 -315.2515869140625
v 36.595680236816406 8.277440071105957 -315.10626220703125
v 30.66175079345703 9.027576446533203 -314.5257873535156
v 30.856822967529297 8.818554878234863 -314.83172607421875
v 30.75182342529297 8.608341217041016 -313.9080505371094
v 30.957962036132812 8.330678939819336 -314.17620849609375
v 30.51924705505371 9.475445747375488 -314.68609619140625
v 36.2544059753418 8.982992172241211 -315.0362854003906
v 30.371166229248047 10.175871849060059 -314.9552001953125
v 36.105133056640625 9.759831428527832 -314.6073913574219
v 30.186630249023438 10.887527465820312 -314.85107421875
v 36.02821731567383 10.491800308227539 -314.3800048828125
v 30.07695770263672 11.63628101348877 -314.81134033203125
v 36.02798080444336 11.242532730102539 -314.28582763671875
v 30.026935577392578 12.434983253479004 -314.7934265136719
v 36.118080139160156 12.06965446472168 -314.3258361816406
v 30.033279418945312 13.254332542419434 -314.7789001464844
v 36.38603591918945 13.210725784301758 -314.5869445800781
v 36.808109283447266 14.145302772521973 -315.3499755859375
v 37.167930603027344 14.521050453186035 -315.4275207519531
v 30.09569549560547 14.058136940002441 -314.74896240234375
v 37.30702209472656 14.688491821289062 -315.29986572265625
v 36.942649841308594 14.172077178955078 -314.6455078125
v 37.14683151245117 14.434075355529785 -315.1357421875
v 30.217243194580078 14.821314811706543 -314.69122314453125
v 37.3854866027832 15.052556991577148 -315.4000549316406
v 37.088348388671875 14.693713188171387 -314.3011169433594
v 37.257530212402344 14.704394340515137 -314.9505310058594
v 30.406999588012695 15.565729141235352 -314.6821594238281
v 37.42957305908203 15.538620948791504 -315.408447265625
v 30.613113403320312 16.02890396118164 -314.3447265625
v 30.809951782226562 16.183353424072266 -313.826904296875
v 37.13166809082031 15.368151664733887 -314.2894287109375
v 37.333370208740234 15.197014808654785 -314.9017333984375
v 30.59270477294922 16.09442138671875 -315.050537109375
v 37.38799285888672 15.896177291870117 -315.4521484375
v 30.797935485839844 16.36121368408203 -315.40997314453125
v 31.271671295166016 16.80233383178711 -315.1039123535156
v 36.821510314941406 16.535640716552734 -314.99725341796875
v 37.20004653930664 16.146087646484375 -315.2506103515625
v 30.788564682006836 16.366695404052734 -314.91448974609375
v 30.903053283691406 16.395877838134766 -314.3641662597656
v 37.04450225830078 16.02625846862793 -314.5084228515625
v 37.32318878173828 15.729665756225586 -314.990966796875
v 31.897281646728516 17.517208099365234 -315.05377197265625
v 36.39369201660156 17.089439392089844 -314.761962890625
v 32.27682113647461 17.779563903808594 -314.3504333496094
v 32.58256912231445 17.858768463134766 -313.64971923828125
v 32.218265533447266 17.87095069885254 -315.1019287109375
v 36.025001525878906 17.63930320739746 -314.5819091796875
v 32.4427375793457 18.010066986083984 -315.3251647949219
v 32.932472229003906 18.135284423828125 -314.95556640625
v 33.69877243041992 18.24331283569336 -314.810302734375
v 34.447265625 18.257022857666016 -314.75897216796875
v 35.176395416259766 18.143558502197266 -314.74658203125
v 35.69831848144531 17.978168487548828 -314.4329833984375
v 32.500648498535156 18.017269134521484 -314.8257751464844
v 32.78507995605469 18.036174774169922 -314.12744140625
v 32.099891662597656 -11.033034324645996 -313.688720703125
v 32.90882110595703 -11.23199462890625 -314.0047912597656
v 31.55023956298828 -10.782408714294434 -313.88128662109375
v 33.235313415527344 -10.819339752197266 -313.3518981933594
v 31.378936767578125 -10.150491714477539 -313.8963317871094
v 33.456443786621094 -10.468923568725586 -312.861572265625
v 34.04722213745117 -10.257589340209961 -313.1538391113281
v 34.673667907714844 -9.99795150756836 -313.5801696777344
v 31.446027755737305 -9.323989868164062 -313.65032958984375
v 34.87544250488281 -9.553277969360352 -313.103515625
v 35.345149993896484 -9.27079963684082 -313.49212646484375
v 35.765625 -9.051775932312012 -313.9952087402344
v 31.463218688964844 -8.6146240234375 -313.39727783203125
v 36.1607551574707 -8.494054794311523 -313.99530029296875
v 31.497573852539062 -7.914793491363525 -313.2427978515625
v 36.341094970703125 -7.823467254638672 -313.4383544921875
v 31.603336334228516 -7.188379764556885 -313.1645202636719
v 36.696624755859375 -7.184076309204102 -313.39666748046875
v 31.692577362060547 -6.617319583892822 -312.93243408203125
v 36.88066101074219 -6.479406356811523 -312.96282958984375
v 37.30936050415039 -6.180286407470703 -313.5039978027344
v 37.7666015625 -5.841374397277832 -314.01953125
v 31.938838958740234 -5.916905403137207 -313.03057861328125
v 37.89689636230469 -5.183804035186768 -313.6851501464844
v 32.07676315307617 -5.145776271820068 -312.66180419921875
v 38.0131950378418 -4.497802257537842 -313.4170227050781
v 32.427642822265625 -4.709184169769287 -313.4248046875
v 32.71656036376953 -4.3480753898620605 -314.14105224609375
v 32.92240905761719 -3.642737865447998 -314.3763732910156
v 38.13619613647461 -3.772461414337158 -313.27239990234375
v 33.02924728393555 -2.8237104415893555 -314.10711669921875
v 38.23213577270508 -3.0431389808654785 -313.20062255859375
v 33.119964599609375 -2.085888385772705 -313.9911193847656
v 38.284088134765625 -2.2934794425964355 -313.1427307128906
v 33.161590576171875 -1.417088508605957 -313.8922119140625
v 38.31982421875 -1.5194177627563477 -313.14105224609375
v 33.136985778808594 -0.8023858070373535 -313.71746826171875
v 38.3336067199707 -0.7395267486572266 -313.158935546875
v 33.053707122802734 -0.20341873168945312 -313.6174011230469
v 38.333797454833984 0.056052207946777344 -313.1788330078125
v 32.91447067260742 0.3785848617553711 -313.47442626953125
v 38.33918762207031 0.86517333984375 -313.2064514160156
v 32.73935317993164 0.9190559387207031 -313.24334716796875
v 38.3570442199707 1.6690969467163086 -313.23260498046875
v 32.205081939697266 2.0263195037841797 -313.1229248046875
v 32.49862289428711 1.4518260955810547 -313.1590576171875
v 31.88629150390625 2.4873971939086914 -314.22607421875
v 38.379764556884766 2.4526119232177734 -313.25439453125
v 31.68487548828125 3.1743526458740234 -313.999755859375
v 38.38691711425781 3.202056884765625 -313.2978820800781
v 31.564353942871094 3.8801193237304688 -313.822998046875
v 38.34385681152344 3.9124250411987305 -313.4239196777344
v 31.504154205322266 4.613685607910156 -313.7197265625
v 38.190101623535156 4.653286933898926 -313.75848388671875
v 31.476211547851562 5.366253852844238 -313.6712341308594
v 37.93949890136719 5.456447601318359 -313.67938232421875
v 31.441783905029297 6.12947940826416 -313.6627502441406
v 37.7802848815918 6.190609931945801 -313.5852355957031
v 31.35879135131836 6.896042823791504 -313.6768798828125
v 37.64142990112305 6.847739219665527 -313.522216796875
v 31.172348022460938 7.686805725097656 -313.6764221191406
v 37.49048614501953 7.390165328979492 -313.5133056640625
v 30.676698684692383 8.521389961242676 -312.8966979980469
v 30.93423843383789 8.092617988586426 -313.1131286621094
v 36.97834014892578 8.220696449279785 -313.34674072265625
v 37.2772216796875 7.81252384185791 -313.5130310058594
v 30.531047821044922 8.9982271194458 -313.7872619628906
v 36.65904998779297 8.601808547973633 -314.0762939453125
v 30.325340270996094 9.531879425048828 -313.8150634765625
v 36.3814582824707 9.272575378417969 -313.7867431640625
v 30.140708923339844 10.170173645019531 -313.8219909667969
v 36.224246978759766 10.00978946685791 -313.54180908203125
v 30.00326156616211 10.87026596069336 -313.76104736328125
v 36.175846099853516 10.751652717590332 -313.3998107910156
v 29.933238983154297 11.632752418518066 -313.7020568847656
v 36.213993072509766 11.512136459350586 -313.3553771972656
v 29.927730560302734 12.443327903747559 -313.65960693359375
v 36.327598571777344 12.321233749389648 -313.36358642578125
v 29.980731964111328 13.269495964050293 -313.630615234375
v 36.47084045410156 13.018608093261719 -313.24151611328125
v 30.087162017822266 14.072561264038086 -313.59173583984375
v 36.70737838745117 13.894510269165039 -313.5812683105469
v 30.263256072998047 14.844369888305664 -313.4552001953125
v 36.8403434753418 14.798283576965332 -313.4595031738281
v 30.46565055847168 15.534067153930664 -313.6452941894531
v 30.640840530395508 15.897345542907715 -313.62127685546875
v 30.84638214111328 16.025184631347656 -313.25067138671875
v 36.80195617675781 15.630888938903809 -313.54852294921875
v 31.24375343322754 16.469287872314453 -313.4146423339844
v 36.609840393066406 16.513324737548828 -313.88360595703125
v 31.858539581298828 17.233680725097656 -313.8548278808594
v 32.304405212402344 17.626047134399414 -313.5654296875
v 32.60157012939453 17.708419799804688 -313.0793762207031
v 36.24365234375 17.275737762451172 -313.83526611328125
v 33.041046142578125 17.934871673583984 -313.0691223144531
v 35.91415786743164 17.786407470703125 -313.822509765625
v 33.48960876464844 18.188739776611328 -313.7637023925781
v 34.235477447509766 18.278099060058594 -313.8116149902344
v 34.9247932434082 18.22652816772461 -313.81744384765625
v 35.503173828125 18.07897186279297 -313.8360900878906
v 32.22966003417969 -10.697698593139648 -313.0085754394531
v 32.643245697021484 -10.861194610595703 -313.18780517578125
v 31.827306747436523 -10.499822616577148 -313.2356262207031
v 32.94811248779297 -10.577678680419922 -312.7234191894531
v 32.16438293457031 -10.30585765838623 -312.572265625
v 32.5240364074707 -10.567259788513184 -312.6658935546875
v 31.707048416137695 -9.792470932006836 -312.7438049316406
v 33.16802978515625 -10.342574119567871 -312.4378967285156
v 33.573509216308594 -10.003292083740234 -312.22467041015625
v 34.350799560546875 -9.802436828613281 -312.7380065917969
v 32.11786651611328 -9.839534759521484 -312.0232849121094
v 32.72590637207031 -10.167145729064941 -312.13275146484375
v 31.500625610351562 -9.08602523803711 -312.68206787109375
v 34.63027572631836 -9.47103500366211 -312.54345703125
v 35.00154113769531 -9.041082382202148 -312.466064453125
v 35.62936782836914 -8.7479829788208 -313.2232971191406
v 33.58583450317383 -9.569347381591797 -311.4401550292969
v 34.227848052978516 -9.432721138000488 -311.92645263671875
v 31.319068908691406 -8.482158660888672 -312.275634765625
v 35.911964416503906 -8.147323608398438 -312.9236145019531
v 30.845355987548828 -8.417320251464844 -311.19830322265625
v 31.140827178955078 -8.581268310546875 -311.4921569824219
v 35.12346649169922 -8.447670936584473 -311.70489501953125
v 35.476898193359375 -8.46548080444336 -312.4454345703125
v 31.248855590820312 -7.725965976715088 -312.1935729980469
v 36.150550842285156 -7.424449920654297 -312.491943359375
v 30.700660705566406 -8.298004150390625 -311.21087646484375
v 30.929588317871094 -8.24289321899414 -311.5539855957031
v 35.20095443725586 -8.00737190246582 -311.2170104980469
v 35.61220169067383 -7.915449142456055 -311.9327392578125
v 31.449962615966797 -7.04880952835083 -312.37017822265625
v 36.490081787109375 -6.792867183685303 -312.487548828125
v 31.574058532714844 -6.4813971519470215 -312.14031982421875
v 36.59791946411133 -6.10957145690918 -311.97259521484375
v 37.07408905029297 -5.862462520599365 -312.69659423828125
v 37.47522735595703 -5.574488639831543 -313.2251281738281
v 31.742786407470703 -5.723094940185547 -311.9091491699219
v 37.58633041381836 -4.956042766571045 -312.9063415527344
v 36.93626022338867 -5.428659915924072 -311.9636535644531
v 37.25910186767578 -5.342447757720947 -312.5618896484375
v 31.88593292236328 -4.865145683288574 -311.54461669921875
v 37.672569274902344 -4.2136430740356445 -312.5465087890625
v 32.25870132446289 -4.427039623260498 -312.53118896484375
v 32.598731994628906 -4.051780700683594 -313.344482421875
v 36.88383102416992 -4.961240291595459 -311.3787536621094
v 37.24563217163086 -4.813122749328613 -312.04278564453125
v 32.734107971191406 -3.3628344535827637 -313.1769104003906
v 37.88774108886719 -3.519153594970703 -312.6522521972656
v 32.14509582519531 -4.0114641189575195 -311.7120666503906
v 32.441162109375 -3.8184523582458496 -312.54083251953125
v 32.8388671875 -2.563965320587158 -312.8326721191406
v 37.905765533447266 -2.894449234008789 -312.450439453125
v 32.09428787231445 -3.537595272064209 -311.0879821777344
v 32.440399169921875 -3.2564520835876465 -312.0074768066406
v 33.0266227722168 -1.8622398376464844 -313.0517272949219
v 37.96009826660156 -2.138829231262207 -312.39361572265625
v 33.041236877441406 -1.2949705123901367 -312.7433776855469
v 37.99724578857422 -1.3988256454467773 -312.39141845703125
v 33.06043243408203 -0.6452679634094238 -312.5859375
v 37.99655532836914 -0.641477108001709 -312.34637451171875
v 33.03894805908203 -0.04738569259643555 -312.4678039550781
v 38.003204345703125 0.18012523651123047 -312.3600769042969
v 32.961509704589844 0.5213260650634766 -312.25579833984375
v 38.02766799926758 1.0199308395385742 -312.42462158203125
v 32.82210922241211 1.1092185974121094 -312.0832824707031
v 38.056373596191406 1.8378257751464844 -312.47265625
v 32.264827728271484 2.244901657104492 -312.03619384765625
v 32.56943130493164 1.6977787017822266 -312.0443420410156
v 31.945133209228516 2.6331424713134766 -312.96405029296875
v 38.082767486572266 2.63369083404541 -312.51080322265625
v 31.766796112060547 3.2762765884399414 -312.74359130859375
v 38.08820343017578 3.4065723419189453 -312.56622314453125
v 31.64904022216797 3.9644241333007812 -312.60260009765625
v 38.045265197753906 4.170036315917969 -312.66644287109375
v 31.581378936767578 4.665040969848633 -312.5177307128906
v 37.944557189941406 4.940962791442871 -312.7295227050781
v 31.538867950439453 5.384635925292969 -312.4295654296875
v 37.824440002441406 5.698800086975098 -312.7209777832031
v 31.473255157470703 6.120061874389648 -312.3836975097656
v 37.7080192565918 6.406879425048828 -312.7139892578125
v 31.365989685058594 6.8389892578125 -312.3098449707031
v 37.562034606933594 7.066154479980469 -312.7057189941406
v 37.18550109863281 7.221627235412598 -311.67059326171875
v 37.42730712890625 7.034182548522949 -311.9975280761719
v 31.201696395874023 7.49049186706543 -312.0941162109375
v 37.42578125 7.547497749328613 -312.9713439941406
v 30.643535614013672 8.565044403076172 -311.8537902832031
v 30.94773292541504 8.05819034576416 -311.902099609375
v 36.913063049316406 8.154964447021484 -312.5257873535156
v 37.206172943115234 7.8472137451171875 -312.784912109375
v 37.03401184082031 7.712674140930176 -312.0148010253906
v 37.35575866699219 7.4362993240356445 -312.3431091308594
v 30.420421600341797 9.00580883026123 -312.8023986816406
v 36.611412048339844 8.713173866271973 -312.82330322265625
v 30.19678497314453 9.566378593444824 -312.7916259765625
v 36.32891082763672 9.501051902770996 -312.6482849121094
v 30.03702163696289 10.184240341186523 -312.75537109375
v 36.219215393066406 10.263395309448242 -312.490234375
v 29.95212173461914 10.87350845336914 -312.6441955566406
v 36.22219467163086 11.008071899414062 -312.4444274902344
v 29.93242645263672 11.643409729003906 -312.54998779296875
v 36.277793884277344 11.725473403930664 -312.43402099609375
v 29.981613159179688 12.460017204284668 -312.4706726074219
v 36.34292984008789 12.456822395324707 -312.36572265625
v 30.076862335205078 13.296818733215332 -312.45526123046875
v 36.434722900390625 13.26746940612793 -312.4176025390625
v 30.19719123840332 14.065885543823242 -312.4588623046875
v 36.51673889160156 14.142823219299316 -312.52752685546875
v 30.338478088378906 14.604616165161133 -312.292236328125
v 36.50951385498047 15.015578269958496 -312.57843017578125
v 30.462146759033203 15.131115913391113 -312.7009582519531
v 30.669689178466797 15.628409385681152 -312.9269104003906
v 31.04894256591797 15.862894058227539 -312.41326904296875
v 36.356712341308594 15.92257022857666 -312.60675048828125
v 35.63673400878906 15.972137451171875 -311.2778015136719
v 35.985755920410156 15.774965286254883 -311.7204284667969
v 31.572223663330078 16.224384307861328 -311.9075927734375
v 36.20796203613281 16.814495086669922 -312.91546630859375
v 31.915115356445312 16.83974266052246 -312.4981994628906
v 32.31925964355469 17.370271682739258 -312.8359680175781
v 35.49571228027344 16.622661590576172 -311.4642639160156
v 35.95552444458008 16.386245727539062 -311.9984436035156
v 32.837677001953125 17.56277084350586 -312.3240966796875
v 35.96580123901367 17.46826171875 -313.0696105957031
v 35.33024597167969 17.287588119506836 -311.76580810546875
v 35.803794860839844 17.078351974487305 -312.245849609375
v 33.37285614013672 17.790699005126953 -312.06317138671875
v 35.707496643066406 17.868518829345703 -313.2305908203125
v 33.66675567626953 18.06478500366211 -312.595458984375
v 34.06791687011719 18.198989868164062 -312.9736633300781
v 34.67059326171875 18.126535415649414 -312.7869873046875
v 35.29534149169922 18.02659034729004 -313.0293273925781
v 35.09931564331055 17.798280715942383 -312.18927001953125
v 35.58387756347656 17.645526885986328 -312.54022216796875
v 32.40885925292969 -9.619462966918945 -311.4431457519531
v 33.03582763671875 -9.725130081176758 -311.44866943359375
v 31.719852447509766 -9.089207649230957 -311.5420837402344
v 33.26642608642578 -9.382068634033203 -310.95330810546875
v 30.842924118041992 -8.372068405151367 -310.9884948730469
v 31.152629852294922 -8.55264663696289 -311.0711975097656
v 33.835174560546875 -9.117925643920898 -310.93798828125
v 34.54821014404297 -8.85763168334961 -311.38189697265625
v 32.270790100097656 -9.270370483398438 -311.03411865234375
v 32.731319427490234 -9.343600273132324 -310.89556884765625
v 30.69188690185547 -8.328866958618164 -311.0666198730469
v 34.76500701904297 -8.33437442779541 -310.90167236328125
v 30.76837158203125 -8.218884468078613 -310.9820251464844
v 31.089210510253906 -8.226871490478516 -310.8099670410156
v 30.65526580810547 -8.242201805114746 -311.1025695800781
v 34.928871154785156 -7.75226354598999 -310.5101013183594
v 30.725311279296875 -8.175457000732422 -311.2571716308594
v 30.93132972717285 -7.9163432121276855 -311.40081787109375
v 35.44752502441406 -7.542812824249268 -311.1405029296875
v 35.816837310791016 -7.342565059661865 -311.6494140625
v 30.74734115600586 -8.109092712402344 -311.1227722167969
v 30.99725341796875 -7.92011022567749 -310.99114990234375
v 31.29513168334961 -7.262110710144043 -311.3912658691406
v 36.08567810058594 -6.755983829498291 -311.60052490234375
v 35.290672302246094 -7.148730754852295 -310.5162353515625
v 35.677574157714844 -7.06789493560791 -311.0899353027344
v 31.518150329589844 -6.36897087097168 -311.1772155761719
v 36.12153625488281 -6.003308296203613 -310.9375
v 35.15708541870117 -6.765198707580566 -310.027099609375
v 35.62202453613281 -6.549513339996338 -310.5641174316406
v 31.643009185791016 -5.610060691833496 -310.8841247558594
v 36.545562744140625 -5.410599708557129 -311.15313720703125
v 31.699323654174805 -4.980647563934326 -310.53082275390625
v 36.613128662109375 -4.643511772155762 -310.53564453125
v 37.0494384765625 -4.441702365875244 -311.24407958984375
v 37.34679412841797 -4.216361045837402 -311.7668151855469
v 31.839107513427734 -4.200637340545654 -310.59716796875
v 37.54813766479492 -3.568410873413086 -311.84405517578125
v 36.94939422607422 -3.973090648651123 -310.6024475097656
v 37.22911071777344 -3.9317727088928223 -311.23834228515625
v 31.91149139404297 -3.323078155517578 -310.12200927734375
v 37.591861724853516 -2.6932358741760254 -311.5375061035156
v 32.2493782043457 -2.9285669326782227 -311.0399169921875
v 32.554508209228516 -2.6035189628601074 -311.75567626953125
v 36.91646957397461 -3.4676074981689453 -310.1076965332031
v 37.23843002319336 -3.3483505249023438 -310.84771728515625
v 32.763885498046875 -1.9430041313171387 -311.89385986328125
v 37.73586654663086 -1.9504070281982422 -311.7504577636719
v 32.14726257324219 -2.5441527366638184 -310.2554016113281
v 32.43083953857422 -2.360653877258301 -311.0793762207031
v 32.85026550292969 -1.1311650276184082 -311.3866882324219
v 37.70835494995117 -1.3506412506103516 -311.5798645019531
v 32.122802734375 -2.154052257537842 -309.6302490234375
v 32.451534271240234 -1.843726634979248 -310.52655029296875
v 33.00232696533203 -0.45845508575439453 -311.5945129394531
v 37.65485382080078 -0.5730509757995605 -311.39910888671875
v 37.149906158447266 -0.7387995719909668 -309.9866027832031
v 37.37175369262695 -0.8630275726318359 -310.55035400390625
v 33.03956985473633 0.04305839538574219 -311.2488098144531
v 37.692047119140625 0.3464221954345703 -311.56195068359375
v 37.07563781738281 -0.06413459777832031 -310.0199890136719
v 37.390899658203125 -0.23665428161621094 -310.7107238769531
v 33.08913803100586 0.6626605987548828 -310.98040771484375
v 37.70728302001953 1.1814355850219727 -311.65399169921875
v 36.981510162353516 0.7166624069213867 -310.0988464355469
v 37.37173080444336 0.5412101745605469 -310.8207702636719
v 33.0489387512207 1.3989448547363281 -310.8117370605469
v 37.72439956665039 1.9989967346191406 -311.71502685546875
v 32.33642578125 2.4612903594970703 -311.26983642578125
v 32.65819549560547 2.043914794921875 -311.12042236328125
v 36.919761657714844 1.5454292297363281 -310.2333984375
v 37.349605560302734 1.353311538696289 -310.9139404296875
v 32.042335510253906 2.786731719970703 -311.8679504394531
v 37.74323272705078 2.8028249740600586 -311.75921630859375
v 32.243228912353516 2.8966903686523438 -310.9582214355469
v 32.65104293823242 2.521538734436035 -310.5675964355469
v 36.9044075012207 2.3668766021728516 -310.3651123046875
v 37.34540939331055 2.170562744140625 -310.9933776855469
v 31.914663314819336 3.450894355773926 -311.5232849121094
v 37.749053955078125 3.593778610229492 -311.799560546875
v 32.202266693115234 3.373289108276367 -310.6114196777344
v 32.55813217163086 3.0553102493286133 -310.2427673339844
v 36.90166473388672 3.163456916809082 -310.430908203125
v 37.35458755493164 2.9773473739624023 -311.04595947265625
v 31.744407653808594 4.129219055175781 -311.6700744628906
v 37.72663879394531 4.377579689025879 -311.8363037109375
v 36.89958953857422 3.952908515930176 -310.4590148925781
v 37.36069107055664 3.7733078002929688 -311.0736083984375
v 31.719160079956055 4.729151725769043 -311.40338134765625
v 37.67502212524414 5.152654647827148 -311.8648681640625
v 36.883567810058594 4.743313789367676 -310.49163818359375
v 37.350486755371094 4.563307762145996 -311.0973815917969
v 31.64653778076172 5.452990531921387 -311.2895202636719
v 37.60414123535156 5.899238586425781 -311.9041442871094
v 36.83864974975586 5.545616149902344 -310.569091796875
v 37.31665802001953 5.345654487609863 -311.1453552246094
v 31.566381454467773 6.137871742248535 -311.20794677734375
v 37.52272033691406 6.567192077636719 -311.96771240234375
v 37.025596618652344 6.949973106384277 -311.2205810546875
v 37.24665832519531 6.742429733276367 -311.4363098144531
v 36.748268127441406 6.450843811035156 -310.73992919921875
v 37.26358413696289 6.107449531555176 -311.24798583984375
v 31.501197814941406 6.812047958374023 -311.00311279296875
v 36.73419952392578 7.310628890991211 -311.175048828125
v 35.599517822265625 7.193422317504883 -310.0169677734375
v 36.18297576904297 6.906580924987793 -310.3992919921875
v 31.396270751953125 7.589173316955566 -310.67706298828125
v 36.55810546875 8.152437210083008 -311.6708068847656
v 30.66208267211914 8.680033683776855 -311.06134033203125
v 30.996822357177734 8.282852172851562 -310.87261962890625
v 35.52029037475586 7.920622825622559 -310.1199645996094
v 36.12625503540039 7.662868499755859 -310.6854248046875
v 30.38506507873535 9.099864959716797 -311.70294189453125
v 36.273311614990234 8.965420722961426 -311.7132873535156
v 30.57477569580078 8.998441696166992 -310.7669372558594
v 30.926345825195312 8.698225021362305 -310.29730224609375
v 35.44487762451172 8.681225776672363 -310.1040344238281
v 35.99040603637695 8.436298370361328 -310.8326721191406
v 30.16223907470703 9.673357009887695 -311.9404602050781
v 36.12339401245117 9.746313095092773 -311.5844421386719
v 35.43584442138672 9.397149085998535 -310.0018615722656
v 35.86933517456055 9.200382232666016 -310.7806701660156
v 30.089473724365234 10.204935073852539 -311.7043762207031
v 36.089969635009766 10.57732105255127 -311.4237976074219
v 35.416175842285156 9.929776191711426 -309.8270263671875
v 35.796451568603516 9.978723526000977 -310.55853271484375
v 30.050134658813477 10.915827751159668 -311.5438537597656
v 36.18769836425781 11.266350746154785 -311.70343017578125
v 30.077123641967773 11.679863929748535 -311.4163818359375
v 36.18862533569336 11.858129501342773 -311.5335388183594
v 30.207847595214844 12.498021125793457 -311.2134094238281
v 36.16154098510742 12.630987167358398 -311.37457275390625
v 30.572795867919922 12.849688529968262 -310.3344421386719
v 30.94158172607422 12.689566612243652 -309.57867431640625
v 35.58521270751953 12.6145601272583 -310.08551025390625
v 35.880043029785156 12.44058609008789 -310.5459289550781
v 30.30350112915039 13.418006896972656 -311.4283752441406
v 36.19935607910156 13.532519340515137 -311.57342529296875
v 30.628442764282227 13.69328498840332 -310.7200927734375
v 30.99787139892578 13.322782516479492 -309.87286376953125
v 35.451934814453125 13.282990455627441 -310.1639404296875
v 35.88173294067383 13.036632537841797 -310.7341003417969
v 30.39264678955078 14.116692543029785 -311.5758056640625
v 36.18109130859375 14.38150405883789 -311.691162109375
v 30.661821365356445 14.341950416564941 -311.07476806640625
v 31.05390167236328 14.101958274841309 -310.3058166503906
v 35.307621002197266 14.102768898010254 -310.2901611328125
v 35.820411682128906 13.815855979919434 -310.876220703125
v 30.469249725341797 14.546418190002441 -311.6531066894531
v 36.11064147949219 15.18542766571045 -311.75946044921875
v 30.50060272216797 14.865589141845703 -311.9871826171875
v 30.77924346923828 15.232157707214355 -311.9200439453125
v 35.41324234008789 15.609598159790039 -310.8591003417969
v 35.695220947265625 15.373730659484863 -311.13763427734375
v 30.645227432250977 14.764022827148438 -311.48358154296875
v 30.992389678955078 14.787101745605469 -310.9579162597656
v 35.13405227661133 15.074348449707031 -310.4406433105469
v 35.7335090637207 14.645671844482422 -310.9991149902344
v 31.37710189819336 15.49828052520752 -311.15167236328125
v 35.097076416015625 16.022586822509766 -310.7649230957031
v 33.877708435058594 15.905332565307617 -309.9908142089844
v 34.5042724609375 15.597128868103027 -310.1493835449219
v 31.882476806640625 16.023563385009766 -310.85357666015625
v 34.942222595214844 16.84432029724121 -311.0744934082031
v 32.127952575683594 16.524076461791992 -311.32354736328125
v 32.51519012451172 17.056774139404297 -311.7818603515625
v 33.60924530029297 16.654277801513672 -310.494384765625
v 34.40776062011719 16.374540328979492 -310.49285888671875
v 33.228919982910156 17.285419464111328 -311.3487243652344
v 34.81571578979492 17.475772857666016 -311.47027587890625
v 33.87155532836914 17.407344818115234 -311.1156921386719
v 34.34762954711914 17.106294631958008 -310.9266662597656
v 33.65812301635742 17.687320709228516 -311.5058898925781
v 34.653236389160156 17.873001098632812 -311.91802978515625
v 33.787010192871094 17.9227352142334 -311.88250732421875
v 34.18815231323242 18.008350372314453 -312.08880615234375
v 33.98430252075195 17.79012680053711 -311.5187072753906
v 34.33308410644531 17.66126251220703 -311.4212646484375
v 32.33735656738281 -8.842479705810547 -310.5535888671875
v 33.18569564819336 -8.937382698059082 -310.4080505371094
v 33.76686477661133 -8.758628845214844 -310.310791015625
v 34.23721694946289 -8.647322654724121 -310.58489990234375
v 31.61635398864746 -8.456552505493164 -310.6718444824219
v 34.41779708862305 -8.193218231201172 -310.2425537109375
v 32.15534591674805 -8.129871368408203 -310.0062561035156
v 32.87987518310547 -8.364462852478027 -309.86529541015625
v 33.546852111816406 -8.454012870788574 -309.9083251953125
v 34.0052375793457 -8.45649242401123 -310.0932312011719
v 31.51993751525879 -7.689261436462402 -310.4203796386719
v 34.45427322387695 -7.761883735656738 -309.9224548339844
v 32.07337951660156 -7.531344890594482 -309.6459655761719
v 32.71243667602539 -7.66606330871582 -309.3494873046875
v 33.43856430053711 -7.911956310272217 -309.487060546875
v 34.00111389160156 -8.07386589050293 -309.7839050292969
v 31.505250930786133 -6.90079927444458 -310.554931640625
v 34.74776840209961 -7.201957702636719 -309.86248779296875
v 33.431480407714844 -7.214474678039551 -309.0295715332031
v 34.07487869262695 -7.499492168426514 -309.48150634765625
v 31.615806579589844 -6.228804588317871 -310.24737548828125
v 34.85961151123047 -6.722044944763184 -309.6492004394531
v 35.13245391845703 -6.203830242156982 -309.6319885253906
v 35.71660614013672 -5.916476249694824 -310.1802062988281
v 33.61861801147461 -6.645405292510986 -308.7153625488281
v 34.30650329589844 -6.706571578979492 -309.184326171875
v 31.667661666870117 -5.487585067749023 -309.9560546875
v 36.05155944824219 -5.2794694900512695 -310.1530456542969
v 35.108184814453125 -5.499160289764404 -309.07049560546875
v 35.53667068481445 -5.565381050109863 -309.63031005859375
v 31.705379486083984 -4.729247093200684 -309.7255859375
v 36.12787628173828 -4.4690728187561035 -309.52520751953125
v 35.06257629394531 -5.047142505645752 -308.6712341308594
v 35.553287506103516 -4.952347278594971 -309.1509704589844
v 31.729339599609375 -3.9708495140075684 -309.51641845703125
v 36.58294677734375 -3.9032459259033203 -309.79730224609375
v 31.744075775146484 -3.3871054649353027 -309.21466064453125
v 36.660743713378906 -3.1001687049865723 -309.3569641113281
v 37.07025146484375 -2.934253215789795 -310.11468505859375
v 37.32280731201172 -2.7204275131225586 -310.70416259765625
v 31.88817596435547 -2.7317404747009277 -309.239501953125
v 37.46383285522461 -2.0827412605285645 -310.9305419921875
v 36.973716735839844 -2.425670623779297 -309.65350341796875
v 37.22114562988281 -2.4358510971069336 -310.2668762207031
v 32.01894760131836 -2.086043357849121 -308.828857421875
v 37.43870162963867 -1.369178295135498 -310.743896484375
v 32.301307678222656 -1.649010181427002 -309.44427490234375
v 32.60459899902344 -1.2453556060791016 -310.14959716796875
v 36.959861755371094 -1.20011568069458 -309.4638366699219
v 37.19427490234375 -1.3257503509521484 -310.0192565917969
v 36.94438934326172 -1.7789721488952637 -309.4398498535156
v 37.21852111816406 -1.919853687286377 -310.1364440917969
v 32.88490676879883 -0.6035089492797852 -310.3273010253906
v 36.82227325439453 -0.6748795509338379 -309.316162109375
v 33.144615173339844 0.0734567642211914 -309.9276428222656
v 36.655235290527344 0.05855560302734375 -309.29803466796875
v 33.47129821777344 0.7617712020874023 -309.62939453125
v 36.439918518066406 0.9041309356689453 -309.3819885253906
v 34.13631820678711 1.1634588241577148 -309.0272521972656
v 34.876609802246094 1.115107536315918 -308.6712341308594
v 35.47954559326172 0.9679317474365234 -308.640869140625
v 35.934139251708984 0.753474235534668 -308.76678466796875
v 33.56294631958008 1.4624834060668945 -309.7934265136719
v 36.42277526855469 1.796126365661621 -309.7208251953125
v 33.97626876831055 1.9091129302978516 -309.47802734375
v 34.68284606933594 1.7439842224121094 -309.11602783203125
v 35.353302001953125 1.5841007232666016 -309.02532958984375
v 35.93132400512695 1.3456344604492188 -309.1403503417969
v 33.23130798339844 2.0874738693237305 -310.1529541015625
v 36.39216613769531 2.58176326751709 -309.885009765625
v 33.784912109375 2.607393264770508 -309.59014892578125
v 34.527469635009766 2.4300098419189453 -309.3507080078125
v 35.230350494384766 2.258014678955078 -309.2920227050781
v 35.86568832397461 2.0562171936035156 -309.4194030761719
v 33.091880798339844 2.8009891510009766 -309.9162292480469
v 36.369468688964844 3.352832794189453 -309.9534606933594
v 32.48524475097656 3.657674789428711 -310.00543212890625
v 32.92014694213867 3.345370292663574 -309.7518310546875
v 33.59773254394531 3.3852338790893555 -309.46649169921875
v 34.400272369384766 3.1456947326660156 -309.38348388671875
v 35.13200378417969 2.967500686645508 -309.40667724609375
v 35.80095672607422 2.7863264083862305 -309.56842041015625
v 32.02219009399414 4.045438766479492 -310.6734924316406
v 36.3494873046875 4.1274309158325195 -309.9801940917969
v 32.40120315551758 4.37166690826416 -309.7585754394531
v 33.046627044677734 4.023528099060059 -309.4310302734375
v 33.75303649902344 4.0892839431762695 -309.2453308105469
v 34.347747802734375 3.874540328979492 -309.29962158203125
v 35.06529235839844 3.6991357803344727 -309.4111328125
v 35.752986907958984 3.5317420959472656 -309.6192932128906
v 31.95328712463379 4.918861389160156 -310.295654296875
v 36.31475067138672 4.9060821533203125 -310.01483154296875
v 32.297515869140625 4.965353012084961 -309.48870849609375
v 32.81703186035156 4.861283302307129 -309.1571044921875
v 33.56044387817383 4.697680473327637 -309.11700439453125
v 34.29462814331055 4.585766792297363 -309.1998291015625
v 35.01291275024414 4.440498352050781 -309.37603759765625
v 35.712791442871094 4.288649559020996 -309.6278381347656
v 31.76815414428711 5.605006217956543 -310.438232421875
v 36.24424743652344 5.673098564147949 -310.08245849609375
v 33.37771987915039 5.459475517272949 -308.9346618652344
v 34.171485900878906 5.307102203369141 -309.1212463378906
v 34.9385986328125 5.193758010864258 -309.3551330566406
v 35.659385681152344 5.047488212585449 -309.6444091796875
v 31.76629638671875 6.143784523010254 -310.1765441894531
v 36.103843688964844 6.269574165344238 -310.1121520996094
v 35.08076477050781 6.76274299621582 -309.58270263671875
v 35.58890914916992 6.4952850341796875 -309.8327941894531
v 33.459617614746094 6.301140785217285 -308.90301513671875
v 34.034610748291016 5.9516191482543945 -309.06207275390625
v 34.83250045776367 6.026983261108398 -309.3716125488281
v 35.58650207519531 5.786418914794922 -309.6926574707031
v 31.839752197265625 6.808829307556152 -309.8343200683594
v 34.961891174316406 7.380509376525879 -309.60052490234375
v 32.33161163330078 7.099270820617676 -309.1747741699219
v 33.02738571166992 6.920647621154785 -308.90509033203125
v 33.72578430175781 7.016396522521973 -309.00341796875
v 34.342193603515625 6.708693504333496 -309.21588134765625
v 31.856155395507812 7.519769668579102 -309.65411376953125
v 34.87811279296875 8.146190643310547 -309.5708923339844
v 32.22629928588867 7.866072654724121 -309.1867370605469
v 32.84061050415039 7.680201530456543 -308.94970703125
v 33.55157470703125 7.633042335510254 -308.9642639160156
v 34.27078628540039 7.54094123840332 -309.2132263183594
v 31.613277435302734 8.339166641235352 -309.65655517578125
v 34.85334014892578 8.984375 -309.42919921875
v 30.76551055908203 9.2116117477417 -310.09674072265625
v 31.185317993164062 8.948802947998047 -309.64111328125
v 32.186126708984375 8.333849906921387 -309.0986328125
v 32.65485763549805 8.31446647644043 -308.8917236328125
v 33.334327697753906 8.294057846069336 -308.85003662109375
v 34.138824462890625 8.364367485046387 -309.07861328125
v 30.369258880615234 9.566211700439453 -310.92303466796875
v 35.09073257446289 9.632039070129395 -309.48089599609375
v 30.664873123168945 9.84349250793457 -309.9480895996094
v 31.130218505859375 9.511423110961914 -309.39337158203125
v 30.29405975341797 10.303401947021484 -310.6826477050781
v 35.05232238769531 10.243439674377441 -309.3279724121094
v 35.564517974853516 10.431861877441406 -309.9583740234375
v 35.867427825927734 10.616230964660645 -310.54827880859375
v 30.610275268554688 10.551261901855469 -309.8143005371094
v 31.073307037353516 10.204339027404785 -309.22662353515625
v 30.274677276611328 11.02612018585205 -310.54669189453125
v 35.990760803222656 11.221790313720703 -310.8370361328125
v 30.576181411743164 11.23654842376709 -309.77459716796875
v 31.013988494873047 10.944342613220215 -309.1812438964844
v 35.33592224121094 10.953545570373535 -309.59375
v 35.721351623535156 10.926103591918945 -310.15679931640625
v 30.314350128173828 11.703181266784668 -310.4382629394531
v 35.95779037475586 11.932778358459473 -310.69354248046875
v 30.44063949584961 12.18414306640625 -310.2333984375
v 30.734657287597656 12.204933166503906 -309.6667785644531
v 35.39006805419922 12.271285057067871 -309.72607421875
v 35.637115478515625 12.069272994995117 -310.04376220703125
v 30.55913543701172 11.765694618225098 -309.8139953613281
v 30.901098251342773 11.628985404968262 -309.3106384277344
v 35.130332946777344 11.77525520324707 -309.4119567871094
v 35.66563034057617 11.46695613861084 -310.0751953125
v 31.173324584960938 12.21311092376709 -309.137451171875
v 35.07728576660156 12.677979469299316 -309.54998779296875
v 33.900787353515625 12.627744674682617 -308.695556640625
v 34.51740646362305 12.278175354003906 -308.9722900390625
v 31.363605499267578 12.8950834274292 -309.2050476074219
v 34.88233184814453 13.538980484008789 -309.6704406738281
v 33.67068862915039 13.420701026916504 -308.8856506347656
v 34.3989372253418 13.059520721435547 -309.1346435546875
v 31.595062255859375 13.704991340637207 -309.4422912597656
v 34.70261001586914 14.334893226623535 -309.8046875
v 32.27915954589844 14.215779304504395 -309.2614440917969
v 33.064483642578125 14.049363136291504 -309.0118408203125
v 33.6986083984375 14.137625694274902 -309.1624755859375
v 34.24858856201172 13.836979866027832 -309.3144226074219
v 31.623863220214844 14.715790748596191 -310.0889587402344
v 34.4874153137207 14.953184127807617 -309.866943359375
v 33.487342834472656 15.489459037780762 -309.64276123046875
v 33.97657775878906 15.223288536071777 -309.6912841796875
v 32.304405212402344 15.076375007629395 -309.67315673828125
v 32.782554626464844 14.732766151428223 -309.31903076171875
v 33.42275619506836 14.811849594116211 -309.3592529296875
v 34.090782165527344 14.549398422241211 -309.4861145019531
v 31.93709945678711 15.521430969238281 -310.25830078125
v 33.28919219970703 16.00406265258789 -309.9055480957031
v 32.41028594970703 15.72415828704834 -309.92437744140625
v 32.913543701171875 15.433502197265625 -309.61407470703125
v 32.166744232177734 15.962457656860352 -310.2856140136719
v 33.102298736572266 16.349864959716797 -310.178955078125
v 32.25665283203125 16.27202033996582 -310.5880432128906
v 32.74948501586914 16.57261848449707 -310.6611328125
v 32.458187103271484 16.145538330078125 -310.2062683105469
v 32.80451202392578 16.06328582763672 -309.9971008300781
v 32.345699310302734 -7.1152448654174805 -309.1298828125
v 32.81814956665039 -7.135951519012451 -308.8893127441406
v 31.828189849853516 -6.884002685546875 -309.70404052734375
v 33.088897705078125 -6.739664077758789 -308.6388854980469
v 32.22846984863281 -6.492006778717041 -308.9502258300781
v 32.62250518798828 -6.769096851348877 -308.73431396484375
v 31.84311294555664 -6.042754650115967 -309.3934326171875
v 33.36470031738281 -6.301295757293701 -308.4631042480469
v 33.919525146484375 -6.154298782348633 -308.5957336425781
v 34.566307067871094 -5.920088291168213 -308.8783264160156
v 32.206844329833984 -5.758774280548096 -308.68914794921875
v 32.78257751464844 -6.188178062438965 -308.4811096191406
v 31.83727264404297 -5.261409282684326 -309.1125183105469
v 34.668827056884766 -5.328059196472168 -308.5508728027344
v 32.15162658691406 -5.003571510314941 -308.3903503417969
v 32.7061653137207 -5.385172367095947 -308.1751708984375
v 33.480308532714844 -5.655384063720703 -308.2261657714844
v 34.17751693725586 -5.607259273529053 -308.42010498046875
v 31.822132110595703 -4.415476322174072 -308.774169921875
v 34.781551361083984 -4.95607852935791 -308.36944580078125
v 35.102821350097656 -4.514336585998535 -308.31048583984375
v 35.71998977661133 -4.315829277038574 -308.7963562011719
v 32.12575912475586 -4.3740153312683105 -308.0796813964844
v 32.581520080566406 -4.6570658683776855 -307.845458984375
v 33.2901725769043 -4.8706769943237305 -307.8042297363281
v 34.23619079589844 -4.9309492111206055 -308.0547790527344
v 31.735706329345703 -3.7384986877441406 -308.78973388671875
v 36.10704040527344 -3.710329532623291 -308.83599853515625
v 35.1776123046875 -3.8124561309814453 -307.7710266113281
v 35.583805084228516 -3.9383411407470703 -308.2908630371094
v 31.793642044067383 -3.1684160232543945 -308.531005859375
v 36.19878387451172 -2.8913140296936035 -308.41522216796875
v 35.23578643798828 -3.3486247062683105 -307.454345703125
v 35.683799743652344 -3.33784818649292 -307.93798828125
v 31.88910484313965 -2.5195837020874023 -308.3041076660156
v 36.6053581237793 -2.3017168045043945 -308.88714599609375
v 32.022857666015625 -1.9767999649047852 -308.0816650390625
v 36.577964782714844 -1.4369845390319824 -308.75604248046875
v 32.234405517578125 -1.5827417373657227 -308.54656982421875
v 32.569122314453125 -1.1119723320007324 -309.2152404785156
v 32.94570541381836 -0.5543947219848633 -308.9726257324219
v 36.37282943725586 -0.6369709968566895 -308.58251953125
v 33.418846130371094 0.007033348083496094 -308.61370849609375
v 36.103675842285156 0.11780261993408203 -308.5507507324219
v 33.910369873046875 0.47926902770996094 -308.4936828613281
v 34.480857849121094 0.6156444549560547 -308.2565002441406
v 35.07270812988281 0.5557775497436523 -308.1616516113281
v 35.602806091308594 0.39784908294677734 -308.2552795410156
v 32.43775177001953 5.331110954284668 -309.0713806152344
v 32.79669189453125 5.399823188781738 -308.8691711425781
v 32.046627044677734 5.52210807800293 -309.61065673828125
v 32.914520263671875 5.832409858703613 -308.77886962890625
v 32.28888702392578 5.774855613708496 -309.0248107910156
v 32.568145751953125 5.644893646240234 -308.822021484375
v 32.03663635253906 6.1310529708862305 -309.3897705078125
v 32.872032165527344 6.295275688171387 -308.7922668457031
v 32.173824310302734 6.518363952636719 -309.18621826171875
v 32.51471710205078 6.485271453857422 -308.90484619140625
v 32.28311538696289 6.163191795349121 -308.9813232421875
v 32.546592712402344 6.0120344161987305 -308.8033447265625
v 32.32762908935547 8.878564834594727 -308.87286376953125
v 33.091590881347656 8.886313438415527 -308.69091796875
v 33.75299072265625 8.901572227478027 -308.771484375
v 34.289146423339844 9.051322937011719 -308.96697998046875
v 31.665538787841797 9.183669090270996 -309.09222412109375
v 34.57820510864258 9.6268892288208 -309.0101623535156
v 32.254005432128906 9.674906730651855 -308.60089111328125
v 32.92865753173828 9.518694877624512 -308.51220703125
v 33.57095718383789 9.4343900680542 -308.5666198730469
v 34.0622673034668 9.37812328338623 -308.738525390625
v 31.62805938720703 9.918642044067383 -308.82452392578125
v 34.50627136230469 10.23566722869873 -308.8293762207031
v 32.194374084472656 10.42163372039795 -308.43377685546875
v 32.84499740600586 10.221505165100098 -308.3414306640625
v 33.4894905090332 10.050678253173828 -308.4117431640625
v 34.058475494384766 9.872961044311523 -308.6224670410156
v 31.576419830322266 10.678863525390625 -308.7134094238281
v 34.67991256713867 10.933375358581543 -308.9424133300781
v 32.1425666809082 11.17253303527832 -308.3900146484375
v 32.766937255859375 10.946083068847656 -308.25836181640625
v 33.42516326904297 10.751032829284668 -308.3164978027344
v 34.0474853515625 10.51020622253418 -308.53662109375
v 31.513572692871094 11.548256874084473 -308.76055908203125
v 34.487152099609375 11.623787879943848 -308.81585693359375
v 33.47652053833008 12.243413925170898 -308.4261779785156
v 33.97064208984375 11.926627159118652 -308.5557556152344
v 32.185791015625 11.9246244430542 -308.42974853515625
v 32.65488052368164 11.571025848388672 -308.26800537109375
v 33.31890106201172 11.560702323913574 -308.3091735839844
v 34.00883483886719 11.217975616455078 -308.5087585449219
v 31.717514038085938 12.378072738647461 -308.7454528808594
v 33.28594970703125 12.82505989074707 -308.54010009765625
v 32.270286560058594 12.635350227355957 -308.5293273925781
v 32.848262786865234 12.253999710083008 -308.36236572265625
v 31.88037872314453 13.064241409301758 -308.8552551269531
v 33.06381607055664 13.379907608032227 -308.6964111328125
v 32.11452865600586 13.557958602905273 -308.941162109375
v 32.58306884765625 13.572311401367188 -308.7923583984375
v 32.30521774291992 13.173222541809082 -308.6669616699219
v 32.723426818847656 12.983036041259766 -308.5350341796875
v 32.453704833984375 -3.9605140686035156 -307.59246826171875
v 33.08789825439453 -4.172611236572266 -307.4224853515625
v 33.828590393066406 -4.2763590812683105 -307.4781494140625
v 34.56425476074219 -4.153943061828613 -307.6374816894531
v 31.966854095458984 -3.7027955055236816 -308.084228515625
v 34.774017333984375 -3.561854362487793 -307.31005859375
v 32.37571716308594 -3.2349228858947754 -307.4031982421875
v 32.96587371826172 -3.4703731536865234 -307.1470947265625
v 33.65738296508789 -3.6469221115112305 -307.112060546875
v 34.234474182128906 -3.769862651824951 -307.23504638671875
v 31.997417449951172 -2.9111266136169434 -307.8094482421875
v 34.9919548034668 -3.1003832817077637 -307.1761779785156
v 35.435150146484375 -2.9146552085876465 -307.41094970703125
v 35.843894958496094 -2.7439475059509277 -307.782958984375
v 32.371185302734375 -2.5256752967834473 -307.2781982421875
v 32.911155700683594 -2.743387222290039 -306.9911193847656
v 33.59939956665039 -2.9390573501586914 -306.8851318359375
v 34.37113952636719 -3.1382203102111816 -307.00531005859375
v 32.060096740722656 -2.2817492485046387 -307.6612548828125
v 36.09941101074219 -2.1422266960144043 -308.0255432128906
v 32.395957946777344 -1.928567886352539 -307.3310546875
v 32.900474548339844 -2.031421661376953 -307.01849365234375
v 33.55583953857422 -2.1950602531433105 -306.8126220703125
v 34.289024353027344 -2.3645997047424316 -306.83843994140625
v 35.05134582519531 -2.5157570838928223 -307.0970153808594
v 35.63203811645508 -2.4384140968322754 -307.46502685546875
v 32.14399719238281 -1.8616676330566406 -307.6330261230469
v 36.02538299560547 -1.307690143585205 -307.943359375
v 32.212425231933594 -1.616513729095459 -307.92205810546875
v 32.588050842285156 -1.183772087097168 -308.1481628417969
v 32.38837814331055 -1.5714168548583984 -307.591552734375
v 32.90336227416992 -1.3485312461853027 -307.3763427734375
v 33.551883697509766 -1.4607548713684082 -306.9596862792969
v 34.23139953613281 -1.6196966171264648 -306.84619140625
v 34.927154541015625 -1.7652392387390137 -307.00897216796875
v 35.565208435058594 -1.8864631652832031 -307.4034423828125
v 33.15357971191406 -0.6552577018737793 -307.95440673828125
v 35.86017990112305 -0.5985140800476074 -307.9156188964844
v 33.62922668457031 -0.7157683372497559 -307.3342590332031
v 34.21318435668945 -0.9154319763183594 -307.0425109863281
v 34.84320831298828 -1.0615110397338867 -307.080078125
v 35.458492279052734 -1.1824369430541992 -307.386962890625
v 33.56349563598633 -0.27501583099365234 -307.7984924316406
v 35.65485382080078 -0.10660886764526367 -307.9305419921875
v 33.784461975097656 0.05862712860107422 -307.9761047363281
v 34.16368865966797 0.1523733139038086 -307.8137512207031
v 34.670684814453125 0.12226104736328125 -307.70074462890625
v 35.21089553833008 0.018262863159179688 -307.7405090332031
v 33.872459411621094 -0.19289255142211914 -307.5637512207031
v 34.22694396972656 -0.3072023391723633 -307.3656921386719
v 34.76984405517578 -0.4280567169189453 -307.31158447265625
v 35.331298828125 -0.543212890625 -307.48162841796875
vn -0.020003633573651314 -0.6649221777915955 -0.7466447949409485
vn 0.032784491777420044 -0.6217313408851624 -0.7825441956520081
vn 0.21162201464176178 -0.6093930006027222 -0.7641049027442932
vn 0.5273838043212891 -0.6890861988067627 -0.4970177710056305
vn -0.18902288377285004 -0.38252925872802734 -0.9044013023376465
vn -0.06672457605600357 -0.2995866537094116 -0.9517330527305603
vn 0.10521949082612991 -0.33162838220596313 -0.937524139881134
vn 0.3877488076686859 -0.574435830116272 -0.7208845019340515
vn -0.051371630281209946 0.038713302463293076 -0.997929036617279
vn 0.0831364095211029 -0.16347961127758026 -0.983037531375885
vn 0.18592698872089386 -0.5034845471382141 -0.8437620997428894
vn 0.1449347734451294 -0.5318809151649475 -0.834324061870575
vn 0.27310851216316223 -0.40663865208625793 -0.8718123435974121
vn 0.6818346381187439 -0.3626919686794281 -0.6352607011795044
vn -0.17093360424041748 0.4164690375328064 -0.8929363489151001
vn -0.12970776855945587 0.3122361898422241 -0.9411081075668335
vn -0.022960394620895386 0.06544777750968933 -0.9975918531417847
vn 0.03942594677209854 -0.033558439463377 -0.9986588358879089
vn 0.20766295492649078 0.016660066321492195 -0.9780585765838623
vn 0.58775395154953 0.02918259985744953 -0.8085132837295532
vn -0.13282763957977295 0.47288525104522705 -0.8710547685623169
vn -0.06487351655960083 0.3863809406757355 -0.9200549721717834
vn 0.09424511343240738 0.3343861997127533 -0.9377119541168213
vn 0.3957120180130005 0.24456213414669037 -0.8852126598358154
vn -0.17434915900230408 -0.6815192103385925 -0.7107277512550354
vn -0.12950870394706726 -0.6879182457923889 -0.7141401171684265
vn -0.06557389348745346 -0.7000107169151306 -0.7111153602600098
vn 0.031152771785855293 -0.7260379791259766 -0.6869485974311829
vn 0.22470225393772125 -0.737583577632904 -0.6367726922035217
vn 0.541995108127594 -0.744389533996582 -0.39003273844718933
vn 0.08144362270832062 -0.8810072541236877 -0.4660399556159973
vn 0.0993604063987732 -0.8873833417892456 -0.45019805431365967
vn 0.12066934257745743 -0.8798074722290039 -0.4597584307193756
vn 0.3087826371192932 -0.8466522097587585 -0.4333975315093994
vn -0.23082228004932404 -0.349036306142807 -0.9082371592521667
vn -0.1642279177904129 -0.3685864806175232 -0.9149717092514038
vn -0.11853865534067154 -0.37786611914634705 -0.9182406067848206
vn -0.051417719572782516 -0.42876651883125305 -0.9019509553909302
vn 0.10691837221384048 -0.5354421138763428 -0.8377770185470581
vn 0.3882691264152527 -0.7050120234489441 -0.5934687256813049
vn -0.018509291112422943 -0.628770112991333 -0.7773709297180176
vn 0.5169317126274109 -0.8395995497703552 -0.16689622402191162
vn -0.2822006046772003 0.00003224451938876882 -0.9593554139137268
vn -0.19588744640350342 -0.022942738607525826 -0.9803579449653625
vn -0.14824239909648895 -0.041230179369449615 -0.9880912899971008
vn -0.13022716343402863 -0.0845286101102829 -0.9878743886947632
vn -0.07748112827539444 -0.21929658949375153 -0.9725768566131592
vn 0.06090526655316353 -0.4422711133956909 -0.8948110938072205
vn -0.331188440322876 -0.1771390289068222 -0.9267879724502563
vn 0.5882073640823364 -0.7873870730400085 -0.18448252975940704
vn -0.3253166973590851 -0.030904605984687805 -0.945099949836731
vn -0.21053333580493927 0.06382475048303604 -0.9755009412765503
vn 0.4249633848667145 -0.832567036151886 -0.3553003668785095
vn 0.303394079208374 -0.8622746467590332 -0.40550532937049866
vn 0.24080146849155426 -0.8816818594932556 -0.4057730734348297
vn 0.4110925495624542 -0.7991234660148621 -0.4386396110057831
vn -0.3120995759963989 0.2974851429462433 -0.9022729396820068
vn -0.24607224762439728 0.30525922775268555 -0.9199267625808716
vn -0.20317263901233673 0.25541597604751587 -0.9452426433563232
vn -0.16834326088428497 0.2375892996788025 -0.9566671252250671
vn -0.18454305827617645 0.14780551195144653 -0.971646785736084
vn -0.19862347841262817 -0.07843749225139618 -0.9769321084022522
vn -0.30354881286621094 0.3459167182445526 -0.8878061175346375
vn 0.7081142067909241 -0.6907660365104675 -0.14634418487548828
vn -0.19272199273109436 0.46749693155288696 -0.8627310991287231
vn -0.28216251730918884 0.36563840508461 -0.8869571089744568
vn -0.41276711225509644 0.27963781356811523 -0.866848349571228
vn -0.4151921272277832 0.3168973922729492 -0.8527552485466003
vn -0.3408413231372833 0.5507491827011108 -0.7619072198867798
vn 0.8906522393226624 -0.35360977053642273 -0.28582999110221863
vn -0.31151121854782104 0.6413500308990479 -0.7011639475822449
vn -0.2599591016769409 0.5713104605674744 -0.7784765362739563
vn -0.18887311220169067 0.691906750202179 -0.6968443393707275
vn -0.2542034685611725 0.6388828754425049 -0.7260918021202087
vn -0.3359549939632416 0.5924455523490906 -0.7322176098823547
vn -0.4253920018672943 0.5812867879867554 -0.6936479210853577
vn -0.21534840762615204 0.6961497068405151 -0.6848362684249878
vn 0.8013245463371277 -0.19471897184848785 -0.5656532049179077
vn -0.1694425642490387 0.6809417605400085 -0.7124658226966858
vn -0.0532001331448555 0.575637936592102 -0.8159722685813904
vn 0.10553291440010071 0.5196434855461121 -0.8478404879570007
vn 0.4656728506088257 0.22470423579216003 -0.8559537529945374
vn -0.34986600279808044 0.755622148513794 -0.5537408590316772
vn -0.3099730610847473 0.7421006560325623 -0.5943091511726379
vn 0.6433531045913696 -0.17562448978424072 -0.7451528906822205
vn 0.8016068339347839 -0.30011630058288574 -0.5170655846595764
vn -0.05524875596165657 0.6619818806648254 -0.7474808096885681
vn 0.23975223302841187 0.45313555002212524 -0.8585959672927856
vn 0.4557046592235565 0.29458925127983093 -0.8399705290794373
vn 0.7488728165626526 0.09852074086666107 -0.6553496718406677
vn -0.14001356065273285 0.7834427356719971 -0.6054863929748535
vn 0.016992462798953056 0.7244298458099365 -0.6891391277313232
vn 0.22376853227615356 0.6426994204521179 -0.7327108383178711
vn 0.5767365097999573 0.47577133774757385 -0.6640908122062683
vn -0.11887381970882416 -0.8869043588638306 -0.4463963210582733
vn -0.0951477438211441 -0.9040437340736389 -0.4167155623435974
vn -0.05921052023768425 -0.9104440808296204 -0.40937235951423645
vn 0.025684164837002754 -0.9248042702674866 -0.37957531213760376
vn 0.089084692299366 -0.9326737523078918 -0.34954774379730225
vn 0.3065171539783478 -0.8948230147361755 -0.32455989718437195
vn -0.23441149294376373 -0.6217746734619141 -0.7472935318946838
vn 0.5300304293632507 -0.8455992341041565 -0.06348016113042831
vn -0.44303083419799805 -0.583581268787384 -0.6805561184883118
vn -0.321005642414093 -0.6748512387275696 -0.6644781231880188
vn -0.2762422263622284 -0.7548866271972656 -0.594841480255127
vn -0.22081442177295685 -0.7905541658401489 -0.5711960792541504
vn -0.35649600625038147 -0.25708621740341187 -0.8982301354408264
vn 0.613063395023346 -0.785280704498291 -0.08653061091899872
vn 0.34053996205329895 -0.9037532210350037 -0.25935059785842896
vn 0.2529764175415039 -0.9552870988845825 -0.15306732058525085
vn 0.22435255348682404 -0.9672358632087708 -0.11883096396923065
vn 0.3138884902000427 -0.9436370134353638 -0.10499117523431778
vn -0.6681597828865051 -0.2461266815662384 -0.7021283507347107
vn -0.49577057361602783 -0.2914466857910156 -0.8180894255638123
vn -0.42506301403045654 -0.3894023597240448 -0.8171213865280151
vn -0.3635048270225525 -0.49665382504463196 -0.7881619334220886
vn -0.44020453095436096 0.09407857805490494 -0.8929553031921387
vn 0.5088645815849304 -0.8599607348442078 0.039043888449668884
vn -0.45850303769111633 0.038215670734643936 -0.8878708481788635
vn -0.4638042449951172 -0.07722252607345581 -0.8825657367706299
vn -0.4194990396499634 0.3757120370864868 -0.8263540863990784
vn 0.5454407930374146 -0.8326227068901062 0.09609311819076538
vn -0.3303258419036865 0.5348647832870483 -0.7776917815208435
vn -0.27589544653892517 0.5076031684875488 -0.8162235021591187
vn -0.2438482940196991 0.4657168388366699 -0.8506737351417542
vn -0.1895107924938202 0.48407745361328125 -0.854256808757782
vn 0.5044458508491516 -0.863339364528656 0.013399622403085232
vn 0.43172580003738403 -0.8986691832542419 -0.07750225812196732
vn 0.3910178244113922 -0.9202160239219666 -0.017538053914904594
vn 0.44450849294662476 -0.8952118754386902 -0.03174798935651779
vn -0.4416060745716095 0.35922887921333313 -0.8221549391746521
vn -0.4531923830509186 0.35559844970703125 -0.8174145221710205
vn -0.19850139319896698 0.6670429110527039 -0.7180884480476379
vn 0.6934056282043457 -0.7181933522224426 0.05819792300462723
vn -0.28373026847839355 0.6793741583824158 -0.676718533039093
vn -0.2700359523296356 0.6782227158546448 -0.6834431290626526
vn -0.2672988772392273 0.6718125939369202 -0.6908105611801147
vn -0.24391205608844757 0.6442376375198364 -0.7248895168304443
vn 0.47362348437309265 -0.867103636264801 0.15431179106235504
vn 0.5062785744667053 -0.8552356362342834 0.1106976866722107
vn -0.21397225558757782 0.7909398078918457 -0.573262631893158
vn 0.7895399332046509 -0.61134934425354 -0.05365335941314697
vn -0.223425030708313 0.8110295534133911 -0.5406590700149536
vn -0.28748568892478943 0.7497959733009338 -0.5959513783454895
vn -0.349955677986145 0.7523356676101685 -0.5581415891647339
vn -0.3898928165435791 0.7248688340187073 -0.5679337978363037
vn 0.7154427170753479 -0.6671146154403687 -0.20760512351989746
vn 0.6859059929847717 -0.6316312551498413 -0.36135154962539673
vn -0.22819598019123077 0.8003425002098083 -0.5544172525405884
vn -0.20417791604995728 0.8057597279548645 -0.5559341311454773
vn -0.21655592322349548 0.8067596554756165 -0.5497658848762512
vn -0.23246417939662933 0.7925467491149902 -0.5637642741203308
vn 0.49919620156288147 -0.8441826701164246 0.19534291326999664
vn 0.5948219299316406 -0.7912333607673645 0.14190387725830078
vn -0.3628171682357788 0.8054373860359192 -0.4686516523361206
vn 0.8323782086372375 -0.5164626836776733 -0.20102956891059875
vn -0.3211645185947418 0.8287634253501892 -0.4582625925540924
vn -0.2666809856891632 0.7973929643630981 -0.5413370132446289
vn -0.27517178654670715 0.7857138514518738 -0.5540165901184082
vn -0.16027817130088806 0.7067776322364807 -0.6890401244163513
vn -0.3299490511417389 0.8399240970611572 -0.4308841824531555
vn -0.36685025691986084 0.8149597644805908 -0.4486217498779297
vn -0.23832519352436066 0.7735896110534668 -0.5871629118919373
vn 0.9356096982955933 -0.17191973328590393 -0.3083474934101105
vn -0.32749515771865845 0.8348637223243713 -0.44243595004081726
vn -0.2771919071674347 0.7956185340881348 -0.5386611819267273
vn -0.24918705224990845 0.8434649109840393 -0.4758916199207306
vn 0.884774923324585 0.1655813306570053 -0.4356101155281067
vn -0.14167073369026184 0.8491623401641846 -0.5087757706642151
vn 0.06317050755023956 0.809224545955658 -0.584093451499939
vn 0.34362712502479553 0.7307913899421692 -0.5898002982139587
vn 0.7007617950439453 0.5012632608413696 -0.5076102018356323
vn -0.3295638859272003 0.8714417219161987 -0.3632863163948059
vn -0.30329713225364685 0.8517470359802246 -0.4272445738315582
vn -0.43712732195854187 -0.6972917318344116 -0.5680703520774841
vn -0.2038852423429489 -0.8335763216018677 -0.5134017467498779
vn -0.1211639866232872 -0.8986685276031494 -0.42156165838241577
vn -0.1043846607208252 -0.9404113292694092 -0.32362085580825806
vn -0.0317472405731678 -0.9798568487167358 -0.1971615105867386
vn 0.013109259307384491 -0.9850266575813293 -0.1719030886888504
vn 0.01695716567337513 -0.9937318563461304 -0.11049674451351166
vn 0.051681552082300186 -0.9919595718383789 -0.1155213713645935
vn 0.14335496723651886 -0.9896695613861084 0.0018982455367222428
vn 0.2787550091743469 -0.9603593349456787 0.002382146893069148
vn -0.6910383105278015 -0.4005012810230255 -0.6017182469367981
vn 0.5089053511619568 -0.8464599847793579 0.15659140050411224
vn 0.2800529897212982 -0.9331215620040894 0.22550958395004272
vn 0.32401812076568604 -0.9268217086791992 0.18977297842502594
vn -0.8281733393669128 -0.021183736622333527 -0.5600716471672058
vn 0.5431376099586487 -0.8183627128601074 0.18784023821353912
vn -0.7234742641448975 0.00854771863669157 -0.6902984976768494
vn -0.5757268667221069 0.03801510110497475 -0.81675785779953
vn 0.4846178889274597 -0.8655595779418945 0.12630198895931244
vn 0.355099081993103 -0.9341884851455688 0.03459155187010765
vn 0.3292415738105774 -0.9394409656524658 0.09513550996780396
vn 0.3692977726459503 -0.9263951182365417 0.07356177270412445
vn 0.3831334710121155 -0.8704740405082703 0.3090043067932129
vn 0.4419838786125183 -0.8507890105247498 0.28426799178123474
vn -0.5611798763275146 0.2969023883342743 -0.7726100087165833
vn 0.47779056429862976 -0.8629510402679443 0.1644132435321808
vn -0.7843583822250366 0.2538588047027588 -0.5659838318824768
vn -0.6936578750610352 0.2667825222015381 -0.6690784096717834
vn 0.38867607712745667 -0.8909053802490234 0.23498627543449402
vn 0.3992939591407776 -0.8974757790565491 0.18735428154468536
vn -0.5361734628677368 0.47226282954216003 -0.6996326446533203
vn 0.5115231275558472 -0.8315572738647461 0.21646393835544586
vn -0.4640607535839081 0.5462725758552551 -0.6973047852516174
vn -0.3780086934566498 0.5710259675979614 -0.7287241220474243
vn 0.511915922164917 -0.8359063267707825 0.19799698889255524
vn 0.46640050411224365 -0.8743301033973694 0.1342293620109558
vn -0.7588375806808472 0.3958504796028137 -0.5171731114387512
vn -0.6487348675727844 0.46170008182525635 -0.6049596667289734
vn 0.4244203269481659 -0.8560684323310852 0.2949818968772888
vn 0.4597136378288269 -0.8491244912147522 0.26009824872016907
vn -0.3213704824447632 0.7220829129219055 -0.6126314401626587
vn 0.4610249996185303 -0.8613958358764648 0.213197723031044
vn -0.44106346368789673 0.6538626551628113 -0.6147573590278625
vn -0.3932937979698181 0.6547061800956726 -0.6455073952674866
vn -0.2549890875816345 0.8387764096260071 -0.48107659816741943
vn 0.46160605549812317 -0.8567529320716858 0.22998763620853424
vn -0.16805244982242584 0.8876383900642395 -0.42878487706184387
vn -0.16360512375831604 0.8886045813560486 -0.4285036027431488
vn -0.18645992875099182 0.8835220336914062 -0.42967602610588074
vn -0.21353137493133545 0.8699262142181396 -0.44455912709236145
vn -0.2379881590604782 0.8888577818870544 -0.3915271461009979
vn -0.29284486174583435 0.8457658886909485 -0.44600680470466614
vn 0.5197824835777283 -0.8342701196670532 0.1839011162519455
vn 0.6254832148551941 -0.7766703963279724 0.07452414184808731
vn 0.5958715677261353 -0.8026580810546875 0.026021188125014305
vn 0.6951938271522522 -0.7153666615486145 -0.07039986550807953
vn -0.37160927057266235 0.76744544506073 -0.5224310159683228
vn -0.31533077359199524 0.7942746877670288 -0.5193210244178772
vn -0.3170367479324341 0.8761224746704102 -0.3631765842437744
vn 0.854028582572937 -0.5171747207641602 -0.056262481957674026
vn -0.33462798595428467 0.874032199382782 -0.35226669907569885
vn -0.34826862812042236 0.853932797908783 -0.38666245341300964
vn -0.3477374315261841 0.8613656759262085 -0.3703078627586365
vn -0.3295547068119049 0.8391915559768677 -0.4326098561286926
vn -0.23381318151950836 0.9206873774528503 -0.31251588463783264
vn -0.27736029028892517 0.8993304371833801 -0.338047593832016
vn 0.5512480139732361 -0.8288280963897705 0.09575868397951126
vn 0.6761459112167358 -0.7361210584640503 0.030863521620631218
vn -0.35166168212890625 0.8644576668739319 -0.359231173992157
vn 0.9656410813331604 -0.19388651847839355 -0.17304760217666626
vn -0.3520265221595764 0.8834032416343689 -0.30931559205055237
vn -0.3466656506061554 0.870570719242096 -0.3491843342781067
vn -0.34796634316444397 0.8859703540802002 -0.30655503273010254
vn 0.9289459586143494 0.061618514358997345 -0.3650514781475067
vn -0.3379221558570862 0.8836921453475952 -0.3238777816295624
vn -0.2918985188007355 0.8749372363090515 -0.3863678574562073
vn -0.2176036536693573 0.8841190338134766 -0.41349995136260986
vn -0.05343182384967804 0.8754028677940369 -0.48043206334114075
vn 0.16299663484096527 0.842228353023529 -0.5138904452323914
vn 0.5742195248603821 0.6301073431968689 -0.5227205157279968
vn -0.3403054475784302 0.9024049639701843 -0.26430588960647583
vn -0.3457702696323395 0.8924686908721924 -0.28972843289375305
vn 0.06628410518169403 0.8604403734207153 -0.5052216053009033
vn 0.4841552674770355 0.5782225728034973 -0.6566980481147766
vn 0.5672731995582581 0.24263326823711395 -0.7869753837585449
vn 0.7753764390945435 0.24137157201766968 -0.5835505723953247
vn -0.019816311076283455 0.9227601289749146 -0.3848651051521301
vn 0.11863595992326736 0.8758237957954407 -0.4678228497505188
vn 0.21632559597492218 0.8164685368537903 -0.5353337526321411
vn 0.4114637076854706 0.7712040543556213 -0.48573851585388184
vn -0.11948402971029282 -0.872895359992981 -0.4730510413646698
vn 0.1223633885383606 -0.8935880064964294 -0.43188849091529846
vn -0.43690764904022217 -0.7081364393234253 -0.5546661615371704
vn -0.10082240402698517 -0.8684045672416687 -0.4854980707168579
vn 0.03713124990463257 -0.9379904270172119 -0.34466680884361267
vn 0.06835311651229858 -0.9733281135559082 -0.21899822354316711
vn 0.06109635531902313 -0.9937000870704651 -0.09395423531532288
vn 0.08796818554401398 -0.9955422282218933 -0.03402109816670418
vn 0.1498030573129654 -0.9865604639053345 0.06525027751922607
vn 0.1610698401927948 -0.9797450304031372 0.11898033320903778
vn -0.33594587445259094 -0.74234539270401 -0.5797100067138672
vn 0.0716351568698883 -0.8514180779457092 -0.5195726752281189
vn -0.7125287055969238 -0.3875351548194885 -0.5849097371101379
vn 0.29276278614997864 -0.9193080067634583 0.26298820972442627
vn -0.8145412802696228 -0.25207456946372986 -0.5224757790565491
vn -0.624159038066864 -0.4594571590423584 -0.6319214701652527
vn 0.29706621170043945 -0.9382057189941406 0.17754384875297546
vn 0.24228902161121368 -0.9478698968887329 0.2069750726222992
vn -0.8298962116241455 0.0715532973408699 -0.5533105134963989
vn 0.38705509901046753 -0.8604469299316406 0.3313901126384735
vn 0.4489296078681946 -0.8247815370559692 0.3437989354133606
vn 0.48509451746940613 -0.8239495754241943 0.29290005564689636
vn 0.42549189925193787 -0.8577645421028137 0.2884384095668793
vn 0.392887145280838 -0.8940166234970093 0.2153463363647461
vn -0.900955080986023 0.017057478427886963 -0.4335770606994629
vn -0.80881267786026 -0.06898424029350281 -0.584006130695343
vn 0.4092394709587097 -0.8879889845848083 0.2097584754228592
vn 0.36371251940727234 -0.8898834586143494 0.27535542845726013
vn -0.8276188969612122 0.2589738368988037 -0.4979754090309143
vn 0.38476255536079407 -0.8739103674888611 0.29704970121383667
vn 0.39246809482574463 -0.8525229096412659 0.3452152609825134
vn 0.3905729055404663 -0.8680221438407898 0.3065786063671112
vn -0.7885234951972961 0.44125837087631226 -0.42839449644088745
vn 0.40494439005851746 -0.8537865281105042 0.3272135853767395
vn -0.7028416991233826 0.4956977963447571 -0.5101934671401978
vn -0.5767010450363159 0.5538470149040222 -0.6005575656890869
vn 0.4498678743839264 -0.837303638458252 0.3107113540172577
vn 0.4918680191040039 -0.8260738253593445 0.2750779092311859
vn 0.4808237850666046 -0.8347179293632507 0.26842957735061646
vn 0.47281965613365173 -0.8493585586547852 0.23458817601203918
vn 0.3706665635108948 -0.8612781763076782 0.3475720286369324
vn 0.3771875500679016 -0.8622600436210632 0.33799004554748535
vn -0.5332000255584717 0.6626316905021667 -0.52594393491745
vn 0.451088011264801 -0.8561134338378906 0.25216948986053467
vn -0.7166877388954163 0.5559528470039368 -0.4210405945777893
vn -0.6409282088279724 0.5941500663757324 -0.48600080609321594
vn 0.4582841992378235 -0.8435067534446716 0.28012850880622864
vn 0.4611351788043976 -0.8461251854896545 0.26725736260414124
vn -0.4490113854408264 0.7819865942001343 -0.4323028326034546
vn 0.42883923649787903 -0.8696925640106201 0.24440109729766846
vn -0.3135066628456116 0.8512768745422363 -0.4207628071308136
vn -0.21000364422798157 0.8916409611701965 -0.4010920822620392
vn -0.13754209876060486 0.9258699417114258 -0.35191917419433594
vn -0.12470328062772751 0.9307475090026855 -0.3437415361404419
vn -0.1476150006055832 0.9302052855491638 -0.3360474705696106
vn -0.19821003079414368 0.9198230504989624 -0.33858293294906616
vn 0.43406450748443604 -0.8756999969482422 0.21151265501976013
vn 0.4966217577457428 -0.8564260005950928 0.14107228815555573
vn -0.6930340528488159 0.6154488325119019 -0.3754018545150757
vn -0.5596710443496704 0.7175207138061523 -0.4146473705768585
vn 0.4340304136276245 -0.8614215850830078 0.2637622058391571
vn 0.42850759625434875 -0.8650180101394653 0.2610081434249878
vn -0.21510379016399384 0.9354701042175293 -0.2804034352302551
vn 0.4897554814815521 -0.858701229095459 0.15090346336364746
vn -0.2597676217556 0.9260915517807007 -0.27363353967666626
vn -0.30886051058769226 0.9025261402130127 -0.3000863790512085
vn -0.3412015438079834 0.8955021500587463 -0.2857576310634613
vn -0.35256752371788025 0.8803460001945496 -0.3173123300075531
vn 0.6152483224868774 -0.7808759808540344 0.10817691683769226
vn 0.7650384306907654 -0.642673134803772 0.04107997938990593
vn -0.26229315996170044 0.884084939956665 -0.3867765963077545
vn -0.17184315621852875 0.9101722836494446 -0.3769036829471588
vn -0.1183442547917366 0.9344906806945801 -0.3357406556606293
vn -0.09269292652606964 0.9484607577323914 -0.30303505063056946
vn -0.11239046603441238 0.9515352249145508 -0.28626757860183716
vn -0.1607808917760849 0.9465239644050598 -0.2797175645828247
vn -0.35340139269828796 0.895749032497406 -0.2697056531906128
vn 0.8856548070907593 -0.461100310087204 -0.054791297763586044
vn -0.34320658445358276 0.9065210223197937 -0.2458229511976242
vn -0.350117564201355 0.8973919153213501 -0.26852476596832275
vn -0.3431854248046875 0.9091633558273315 -0.2358938604593277
vn 0.8443706035614014 -0.518441379070282 -0.13511836528778076
vn -0.3404375910758972 0.9104347825050354 -0.2349698394536972
vn -0.35681620240211487 0.8974628448486328 -0.2593120336532593
vn -0.36711597442626953 0.8898162245750427 -0.27102208137512207
vn -0.3390348553657532 0.8882305026054382 -0.31000325083732605
vn -0.30016031861305237 0.8919144868850708 -0.33821946382522583
vn -0.1259530633687973 0.8958050608634949 -0.4262267053127289
vn 0.8056322336196899 -0.3726668655872345 -0.4605172276496887
vn 0.7658869624137878 -0.3952144980430603 -0.5071712732315063
vn -0.3383331298828125 0.913860559463501 -0.22447621822357178
vn -0.3434990644454956 0.9098081588745117 -0.23293250799179077
vn -0.1528417319059372 0.9126999974250793 -0.37896981835365295
vn 0.9318424463272095 -0.2651550769805908 -0.24771465361118317
vn -0.3369198739528656 0.8998671770095825 -0.27699121832847595
vn -0.2612684965133667 0.903195858001709 -0.3405526876449585
vn -0.13531067967414856 0.9511733055114746 -0.2774173319339752
vn 0.8836150765419006 0.4093671143054962 -0.22725117206573486
vn 0.003928503021597862 0.963036835193634 -0.26934120059013367
vn 0.10745183378458023 0.9491462111473083 -0.29593178629875183
vn 0.22416682541370392 0.9384182095527649 -0.2629079818725586
vn 0.5435828566551208 0.8183048367500305 -0.18680140376091003
vn -0.3234710991382599 0.9174919724464417 -0.23146255314350128
vn -0.24619582295417786 0.9331877827644348 -0.26181724667549133
vn -0.1583954244852066 -0.9490843415260315 -0.2723047435283661
vn -0.029748285189270973 -0.9554334878921509 -0.2937037944793701
vn -0.27768418192863464 -0.8502004742622375 -0.44727033376693726
vn 0.1822264939546585 -0.944395899772644 -0.2736968994140625
vn -0.4457780718803406 -0.7201324105262756 -0.5316871404647827
vn 0.29412299394607544 -0.8786720037460327 -0.37606799602508545
vn -0.8938971757888794 -0.30936571955680847 -0.3244082033634186
vn -0.6933326125144958 -0.5147188901901245 -0.5043355822563171
vn 0.25551050901412964 -0.8892732262611389 -0.3793514668941498
vn 0.256440669298172 -0.9434036612510681 -0.21030406653881073
vn 0.24193358421325684 -0.9672002792358398 -0.07740678638219833
vn 0.23202040791511536 -0.9710803031921387 0.05629858747124672
vn -0.9464145302772522 -0.1052221804857254 -0.30533239245414734
vn 0.4026704728603363 -0.9065043926239014 0.12691093981266022
vn -0.9682894945144653 0.09151870012283325 -0.23246470093727112
vn 0.5045960545539856 -0.8484086394309998 0.1599551886320114
vn -0.9037951827049255 0.1692492514848709 -0.3930763304233551
vn -0.852964460849762 0.19489488005638123 -0.48421865701675415
vn 0.4765681326389313 -0.8441175222396851 0.2456594556570053
vn 0.4534459710121155 -0.8312723636627197 0.3215169310569763
vn 0.46281716227531433 -0.8140963315963745 0.3507813811302185
vn 0.43666818737983704 -0.8283189535140991 0.35101085901260376
vn -0.8324562311172485 0.34245565533638 -0.4355924129486084
vn 0.401185005903244 -0.8449467420578003 0.35371676087379456
vn -0.8184138536453247 0.4569631516933441 -0.34840127825737
vn 0.36942368745803833 -0.8718231320381165 0.32163751125335693
vn 0.3608720600605011 -0.8747960329055786 0.32326966524124146
vn 0.3964303731918335 -0.8596141934394836 0.32234519720077515
vn 0.4319854974746704 -0.8483652472496033 0.3060474693775177
vn 0.4639730751514435 -0.8358386158943176 0.2934330403804779
vn -0.7844794988632202 0.5217716097831726 -0.33518093824386597
vn 0.44998881220817566 -0.8502551317214966 0.2730867266654968
vn -0.7369235754013062 0.6150943040847778 -0.28036168217658997
vn 0.4209693372249603 -0.8746426701545715 0.24038530886173248
vn -0.6024206280708313 0.7154712677001953 -0.3538223206996918
vn -0.42530131340026855 0.8129722476005554 -0.3977373242378235
vn 0.3997190296649933 -0.8849289417266846 0.23900939524173737
vn 0.39196622371673584 -0.8910764455795288 0.2287910431623459
vn 0.38367828726768494 -0.9004066586494446 0.20508261024951935
vn 0.41811278462409973 -0.8902347683906555 0.18073129653930664
vn -0.31288495659828186 0.8877750635147095 -0.33757734298706055
vn 0.43702995777130127 -0.8821728229522705 0.17543090879917145
vn -0.1731940060853958 0.925581157207489 -0.3366057574748993
vn -0.09548778086900711 0.9382310509681702 -0.3325728178024292
vn -0.06414023041725159 0.9494178295135498 -0.307395339012146
vn -0.077901691198349 0.9564337730407715 -0.2813643515110016
vn -0.1286144256591797 0.9565999507904053 -0.2614859342575073
vn -0.2009006291627884 0.9465315341949463 -0.2524224519729614
vn -0.2600080668926239 0.9341201186180115 -0.24457202851772308
vn -0.31257468461990356 0.9160091280937195 -0.2514447569847107
vn 0.5464175343513489 -0.824506402015686 0.1470276564359665
vn 0.7074867486953735 -0.702075183391571 0.08095049858093262
vn -0.32774847745895386 0.9160369038581848 -0.23120860755443573
vn 0.7472923398017883 -0.6639047861099243 0.028012825176119804
vn -0.32431715726852417 0.9189183115959167 -0.22451616823673248
vn 0.7644994854927063 -0.64417964220047 0.02394232153892517
vn -0.33024832606315613 0.9192942976951599 -0.21408908069133759
vn -0.3365991413593292 0.9177961349487305 -0.21059755980968475
vn -0.3442957103252411 0.9158035516738892 -0.20679543912410736
vn -0.35575374960899353 0.9092413783073425 -0.2161465883255005
vn -0.3751637935638428 0.8986473083496094 -0.22734388709068298
vn -0.3665274381637573 0.8933392763137817 -0.2600051760673523
vn 0.7918448448181152 -0.6047019362449646 -0.08554144203662872
vn 0.7883287072181702 -0.5973019003868103 -0.14754123985767365
vn -0.38119128346443176 0.8965612649917603 -0.22554633021354675
vn 0.9702396392822266 -0.24200105667114258 -0.008404131047427654
vn -0.3524932861328125 0.913994312286377 -0.2009052336215973
vn 0.907020628452301 0.4205198287963867 0.021834170445799828
vn -0.257848858833313 0.9424921274185181 -0.212656170129776
vn -0.13338829576969147 0.9677157402038574 -0.21385458111763
vn 0.01197005994617939 0.9828495979309082 -0.1840200424194336
vn 0.12179818004369736 0.9787071943283081 -0.16521956026554108
vn 0.23675420880317688 0.9646562933921814 -0.11569664627313614
vn 0.4868265986442566 0.8727201819419861 -0.03687043860554695
vn -0.11833207309246063 -0.9785796403884888 -0.16846175491809845
vn 0.05376748740673065 -0.983879566192627 -0.1705581396818161
vn -0.2963644862174988 -0.9012219905853271 -0.31617558002471924
vn 0.26271867752075195 -0.9402376413345337 -0.2166382223367691
vn -0.5046307444572449 -0.8558295369148254 -0.11359475553035736
vn -0.28982725739479065 -0.9401657581329346 -0.17913290858268738
vn 0.41884830594062805 -0.8846144080162048 -0.20499645173549652
vn 0.571286141872406 -0.8013517260551453 -0.17739106714725494
vn -0.5194612741470337 -0.7518702149391174 -0.4060187041759491
vn 0.37087494134902954 -0.8874800801277161 -0.27355238795280457
vn -0.9190244674682617 -0.3546988368034363 -0.17199648916721344
vn -0.7561031579971313 -0.5768545866012573 -0.30910637974739075
vn 0.4323028326034546 -0.8337334990501404 -0.3435153663158417
vn 0.4831026792526245 -0.8399646878242493 -0.24712590873241425
vn 0.42633700370788574 -0.8985579013824463 -0.10406974703073502
vn 0.40690433979034424 -0.9133368730545044 0.015642842277884483
vn -0.7708138227462769 -0.6186859011650085 -0.15190088748931885
vn -0.5163596272468567 -0.820226788520813 -0.2461724430322647
vn 0.4973740875720978 -0.8292468786239624 -0.25488948822021484
vn 0.5917174220085144 -0.7802809476852417 -0.20256388187408447
vn -0.9833601117134094 -0.11113505065441132 -0.14370815455913544
vn 0.5308369398117065 -0.8449620008468628 0.06520287692546844
vn -0.9864668250083923 0.0949954017996788 -0.13363806903362274
vn 0.6057947278022766 -0.7904123067855835 0.09089107066392899
vn -0.9464298486709595 0.22214624285697937 -0.23435375094413757
vn -0.8815834522247314 0.31602323055267334 -0.3506280183792114
vn 0.5656034350395203 -0.8052757382392883 0.1778305321931839
vn 0.5201520919799805 -0.8149439692497253 0.2555546760559082
vn 0.5144340991973877 -0.804314136505127 0.29738256335258484
vn 0.45361146330833435 -0.8206831216812134 0.3474418520927429
vn -0.8510267734527588 0.4286365509033203 -0.3033548593521118
vn 0.4172475337982178 -0.8528378009796143 0.31396225094795227
vn -0.9516745209693909 0.26533132791519165 -0.15464437007904053
vn -0.9053257703781128 0.3504347503185272 -0.2399599850177765
vn 0.5463365316390991 -0.8029996156692505 0.23813456296920776
vn 0.48013022541999817 -0.8258556723594666 0.2956981658935547
vn -0.8316508531570435 0.4992310106754303 -0.2431570440530777
vn 0.3888009190559387 -0.8803739547729492 0.27161651849746704
vn 0.36375585198402405 -0.8893773555755615 0.2769288718700409
vn 0.36786866188049316 -0.8822872638702393 0.2936697006225586
vn 0.4056233763694763 -0.8667094111442566 0.2903178632259369
vn 0.43558892607688904 -0.8543713092803955 0.2833937406539917
vn -0.9388483762741089 0.3239889442920685 -0.11659707129001617
vn -0.8876169919967651 0.4191185534000397 -0.19098617136478424
vn 0.5270338654518127 -0.8286941647529602 0.18841807544231415
vn 0.4501911699771881 -0.8594154119491577 0.24234910309314728
vn -0.7998566627502441 0.5543359518051147 -0.23008917272090912
vn 0.4258338510990143 -0.869542121887207 0.25012415647506714
vn -0.7620137333869934 0.626519501209259 -0.1637326180934906
vn 0.40184617042541504 -0.889472246170044 0.21762080490589142
vn -0.6646362543106079 0.7041480541229248 -0.24986836314201355
vn -0.4983924925327301 0.8067930340766907 -0.3173169195652008
vn 0.3880236744880676 -0.8970049619674683 0.21170687675476074
vn 0.3713749349117279 -0.9033697247505188 0.21448512375354767
vn 0.3609597086906433 -0.9098458290100098 0.20466728508472443
vn 0.3779028356075287 -0.9056710600852966 0.19222241640090942
vn -0.38996976613998413 0.8817490935325623 -0.2654094696044922
vn 0.39946702122688293 -0.8965907096862793 0.19118401408195496
vn -0.25453072786331177 0.9209755063056946 -0.2949886918067932
vn -0.11735133826732635 0.9332089424133301 -0.33963173627853394
vn -0.04861932247877121 0.9391682147979736 -0.33999887108802795
vn -0.0438779853284359 0.9469233155250549 -0.3184508979320526
vn -0.09004458039999008 0.9525307416915894 -0.29082170128822327
vn -0.1558130532503128 0.9511614441871643 -0.26648491621017456
vn -0.21396854519844055 0.9421974420547485 -0.2578399181365967
vn -0.2853807508945465 0.9283362030982971 -0.23822198808193207
vn 0.47274070978164673 -0.8635168075561523 0.17565591633319855
vn 0.6051379442214966 -0.786782443523407 0.12157919257879257
vn -0.6831806898117065 0.7152595520019531 -0.14720052480697632
vn -0.5507878661155701 0.8084321022033691 -0.20753371715545654
vn 0.35509994626045227 -0.9136799573898315 0.19771963357925415
vn 0.3628884553909302 -0.9104412198066711 0.19851651787757874
vn -0.3002494275569916 0.9218755960464478 -0.2449404001235962
vn 0.6688772439956665 -0.7355495691299438 0.10756436735391617
vn -0.18724998831748962 0.9345549941062927 -0.30256327986717224
vn -0.2569214701652527 0.9305393099784851 -0.2609368860721588
vn -0.2924681305885315 0.9226281046867371 -0.2514354884624481
vn 0.7485977411270142 -0.6471198201179504 0.14435163140296936
vn -0.2995971143245697 0.9272210597991943 -0.224728062748909
vn -0.32164156436920166 0.9251474142074585 -0.2016160488128662
vn -0.3373248875141144 0.9209569096565247 -0.1950649917125702
vn -0.350567489862442 0.9158225059509277 -0.19588662683963776
vn -0.3744802474975586 0.9063562750816345 -0.19566011428833008
vn -0.39168989658355713 0.8954876661300659 -0.21137841045856476
vn 0.7979074716567993 -0.5944379568099976 0.09993576258420944
vn 0.8488199710845947 -0.5273401141166687 0.03764397278428078
vn -0.16974236071109772 0.9140714406967163 -0.36832189559936523
vn -0.24755248427391052 0.9211126565933228 -0.3004484474658966
vn -0.39537513256073 0.8976984024047852 -0.194463849067688
vn 0.9822064638137817 -0.137176513671875 0.12826932966709137
vn -0.3837534785270691 0.9055073261260986 -0.18107952177524567
vn -0.3962799906730652 0.8986482620239258 -0.18813185393810272
vn -0.37952110171318054 0.9054566621780396 -0.19003166258335114
vn 0.8542298674583435 0.5054718852043152 0.12161208689212799
vn -0.30896511673927307 0.9280000329017639 -0.20822259783744812
vn -0.16977624595165253 0.961748480796814 -0.21497897803783417
vn 0.008627778850495815 0.9830968379974365 -0.18288293480873108
vn 0.18790006637573242 0.9754161238670349 -0.11513938009738922
vn 0.32077640295028687 0.9466298222541809 -0.03153576701879501
vn 0.495784193277359 0.8671152591705322 0.04805457592010498
vn -0.3967450261116028 0.8989739418029785 -0.18557816743850708
vn -0.4039144515991211 0.896050214767456 -0.18424776196479797
vn -0.5344664454460144 -0.845148503780365 -0.008347073569893837
vn -0.26865994930267334 -0.9615912437438965 -0.056250959634780884
vn -0.08448879420757294 -0.9937089681625366 -0.0735129863023758
vn 0.07303338497877121 -0.9904202818870544 -0.11719124019145966
vn 0.23266562819480896 -0.9622376561164856 -0.14129900932312012
vn 0.3970681428909302 -0.9063883423805237 -0.14421193301677704
vn -0.7579896450042725 -0.6499437093734741 -0.0549980066716671
vn 0.5373935699462891 -0.8384754061698914 -0.09037228673696518
vn -0.9378931522369385 -0.3424740433692932 -0.055390119552612305
vn 0.6571752429008484 -0.7464075684547424 -0.10486413538455963
vn 0.5990937948226929 -0.7914177775382996 -0.12142737954854965
vn 0.5531968474388123 -0.8325587511062622 -0.028621956706047058
vn -0.9892891645431519 -0.12910564243793488 -0.06810805201530457
vn 0.6332573890686035 -0.7737873792648315 0.015432732179760933
vn -0.997742235660553 0.040276218205690384 -0.05374211445450783
vn 0.6791016459465027 -0.73298180103302 0.039481837302446365
vn 0.6423673033714294 -0.7591975927352905 0.10480128228664398
vn 0.590785562992096 -0.7832537293434143 0.19361339509487152
vn -0.980120837688446 0.18659961223602295 -0.06740736961364746
vn 0.6122673749923706 -0.7753706574440002 0.1546902358531952
vn -0.9505633115768433 0.30697178840637207 -0.04688095673918724
vn 0.5684460401535034 -0.8131446838378906 0.1251593977212906
vn -0.8976738452911377 0.4288361370563507 -0.10139670968055725
vn -0.8519811630249023 0.49962490797042847 -0.1565345823764801
vn 0.47007104754447937 -0.8651426434516907 0.17481857538223267
vn 0.4030252993106842 -0.8882679343223572 0.22034236788749695
vn 0.37586483359336853 -0.8965156078338623 0.23448972404003143
vn 0.3612401485443115 -0.8961852192878723 0.25759974122047424
vn 0.3804933428764343 -0.8890578150749207 0.2545605003833771
vn 0.4101128578186035 -0.8748112320899963 0.2579006254673004
vn -0.8171418905258179 0.5597853660583496 -0.13754811882972717
vn 0.4036356508731842 -0.8863463997840881 0.22686639428138733
vn 0.37864333391189575 -0.8980865478515625 0.22376297414302826
vn 0.39233335852622986 -0.8900126814842224 0.23227575421333313
vn -0.7836958169937134 0.6168060302734375 -0.07328921556472778
vn 0.38929641246795654 -0.8979374170303345 0.20532110333442688
vn 0.3774794936180115 -0.9050209522247314 0.19607746601104736
vn 0.36399006843566895 -0.9104539155960083 0.1964307278394699
vn 0.3744441568851471 -0.9029430747032166 0.2109156847000122
vn 0.3830970525741577 -0.8991789221763611 0.2114568054676056
vn -0.7294096946716309 0.6809833645820618 -0.06498569995164871
vn 0.3629148304462433 -0.9112967848777771 0.19450204074382782
vn -0.6037882566452026 0.7886388897895813 -0.11613994836807251
vn -0.4369233548641205 0.8772242665290833 -0.1989363431930542
vn -0.37333419919013977 0.8873785734176636 -0.2705196142196655
vn -0.1901187151670456 0.9146557450294495 -0.3567349314689636
vn -0.06776528060436249 0.9180766940116882 -0.3905677795410156
vn -0.022543277591466904 0.9218813180923462 -0.3868160843849182
vn -0.047557856887578964 0.9333614110946655 -0.3557735085487366
vn -0.12564191222190857 0.9414079189300537 -0.31299400329589844
vn 0.3702242970466614 -0.9064282178878784 0.20327796041965485
vn 0.40053093433380127 -0.8936483860015869 0.20240476727485657
vn 0.46095290780067444 -0.8621034622192383 0.21047601103782654
vn 0.5481246709823608 -0.8195058703422546 0.16724097728729248
vn -0.0936032310128212 0.9153938889503479 -0.3915257155895233
vn 0.6360539197921753 -0.7455412149429321 0.19900713860988617
vn -0.48989614844322205 0.8353952765464783 -0.2492319941520691
vn -0.3011396527290344 0.8818884491920471 -0.36275017261505127
vn -0.1327752023935318 0.8893289566040039 -0.43756693601608276
vn -0.0330391488969326 0.8835349678993225 -0.4671984314918518
vn -0.010043676011264324 0.8904721736907959 -0.4549269378185272
vn -0.054015591740608215 0.9120739102363586 -0.4064522683620453
vn 0.5192067623138428 -0.8162449598312378 0.25331515073776245
vn 0.5560235381126404 -0.7959495186805725 0.23937886953353882
vn -0.07524041086435318 0.8818044066429138 -0.46557480096817017
vn 0.7337214946746826 -0.6307413578033447 0.2526223957538605
vn -0.12928877770900726 0.9077252149581909 -0.3991483747959137
vn -0.22818724811077118 0.930854320526123 -0.2853783369064331
vn -0.26035091280937195 0.9349143505096436 -0.24114859104156494
vn -0.30118653178215027 0.9293382167816162 -0.2135819047689438
vn -0.3224242925643921 0.9258806705474854 -0.196945458650589
vn -0.34961625933647156 0.9182301163673401 -0.1860697716474533
vn 0.810247004032135 -0.5214658379554749 0.26753172278404236
vn 0.8781599402427673 -0.4429362118244171 0.1806730479001999
vn -0.556299090385437 0.8060014843940735 -0.20222020149230957
vn -0.4188421368598938 0.8485851883888245 -0.3232250511646271
vn -0.2509407103061676 0.8602348566055298 -0.4438748061656952
vn -0.09572182595729828 0.8448571562767029 -0.5263589024543762
vn -0.007412947714328766 0.8331428170204163 -0.5530083179473877
vn -0.0068169874139130116 0.8597208857536316 -0.5107186436653137
vn 0.5900432467460632 -0.7572574615478516 0.28001829981803894
vn 0.6759148240089417 -0.675843358039856 0.29389628767967224
vn -0.36349642276763916 0.9124910235404968 -0.1876978874206543
vn 0.9712522029876709 0.008681155741214752 0.23789465427398682
vn 0.9139243960380554 -0.21298600733280182 0.3455130457878113
vn 0.9119265079498291 -0.27376866340637207 0.30568087100982666
vn -0.3880865275859833 0.8986902832984924 -0.20431531965732574
vn 0.800602912902832 0.5616714358329773 0.20871081948280334
vn -0.41304197907447815 0.8886175155639648 -0.19938723742961884
vn -0.38894540071487427 0.8985815048217773 -0.20315708220005035
vn -0.32093575596809387 0.9204041361808777 -0.2232857644557953
vn -0.2139059603214264 0.9477384686470032 -0.23671941459178925
vn -0.017664970830082893 0.9617219567298889 -0.273457407951355
vn 0.3178792893886566 0.9262128472328186 -0.20268836617469788
vn 0.5357523560523987 0.8439943194389343 -0.025357859209179878
vn 0.6353636980056763 0.7570595741271973 0.15222948789596558
vn 0.9295681715011597 0.29745060205459595 0.2177756130695343
vn 0.9176998138427734 0.23180274665355682 0.3226368725299835
vn -0.045725155621767044 0.9187682271003723 -0.39214056730270386
vn 0.32262006402015686 0.7837420701980591 -0.5307208895683289
vn 0.4447827935218811 0.34572842717170715 -0.8262204527854919
vn 0.45924144983291626 0.32761499285697937 -0.8256911039352417
vn -0.09484541416168213 0.9241458773612976 -0.37007948756217957
vn 0.06377112120389938 0.90297532081604 -0.42493394017219543
vn 0.16833746433258057 0.8488287925720215 -0.5011509656906128
vn 0.1941492259502411 0.8094629645347595 -0.5541442036628723
vn -0.6348223686218262 -0.7688778638839722 0.07633744180202484
vn -0.35949358344078064 -0.9308087825775146 0.06602635234594345
vn -0.1568717062473297 -0.9871224761009216 0.031312860548496246
vn 0.04393487423658371 -0.9989150762557983 -0.015439633280038834
vn 0.2086554765701294 -0.9763749241828918 -0.056169528514146805
vn 0.35665586590766907 -0.9321808815002441 -0.06193137541413307
vn -0.8297363519668579 -0.5577245354652405 0.021931709721684456
vn 0.548052191734314 -0.8361231684684753 -0.023170940577983856
vn -0.8331736922264099 -0.5383847951889038 0.12634676694869995
vn -0.6152729988098145 -0.7677266001701355 0.1789833903312683
vn -0.9520599246025085 -0.30268552899360657 0.044310618191957474
vn 0.649438202381134 -0.7603533864021301 -0.00963201466947794
vn 0.6793938875198364 -0.731716513633728 -0.054908882826566696
vn 0.6534271836280823 -0.75592041015625 -0.04021693021059036
vn -0.9205643534660339 -0.35362982749938965 0.16585291922092438
vn -0.7926038503646851 -0.5565858483314514 0.24898067116737366
vn -0.9925763010978699 -0.11782287061214447 0.030167115852236748
vn 0.6965203881263733 -0.7175325751304626 -0.002508760429918766
vn -0.9986207485198975 0.03388349711894989 0.04010660573840141
vn 0.7216211557388306 -0.6920432448387146 0.018412094563245773
vn 0.7001280188560486 -0.7121647596359253 0.05140114203095436
vn 0.663364827632904 -0.7408941388130188 0.10499050468206406
vn -0.9875765442848206 0.15626879036426544 0.016513541340827942
vn 0.6490352153778076 -0.7557143568992615 0.08745969831943512
vn -0.954907238483429 0.29659128189086914 0.013630377128720284
vn 0.6110355854034424 -0.7872147560119629 0.08323774486780167
vn -0.89632248878479 0.4426661431789398 -0.025548754259943962
vn -0.8463780879974365 0.5283930897712708 -0.06667108088731766
vn 0.5253381133079529 -0.8416953086853027 0.12477550655603409
vn 0.4471118450164795 -0.8784437775611877 0.16860494017601013
vn 0.3990674912929535 -0.8954336047172546 0.1973421275615692
vn 0.37166348099708557 -0.9012858271598816 0.22259873151779175
vn -0.8121793270111084 0.5830211639404297 -0.02123955264687538
vn 0.37791627645492554 -0.9015001058578491 0.21089547872543335
vn -0.7829208970069885 0.6219838857650757 0.013076608069241047
vn 0.3747011125087738 -0.9032495021820068 0.20913994312286377
vn 0.37033188343048096 -0.9055533409118652 0.20694799721240997
vn 0.3742758631706238 -0.9060291051864624 0.19755743443965912
vn 0.36899518966674805 -0.9096366763114929 0.19079767167568207
vn 0.3673710525035858 -0.9105032086372375 0.18979591131210327
vn -0.7630072236061096 0.6463521122932434 0.006998580414801836
vn 0.37598034739494324 -0.9057801961898804 0.19545075297355652
vn -0.6754589676856995 0.7351640462875366 -0.057350918650627136
vn -0.556998610496521 0.8179312348365784 -0.1440172791481018
vn 0.3848298490047455 -0.8993583917617798 0.20751041173934937
vn 0.4207700490951538 -0.879228949546814 0.22340326011180878
vn -0.6203833818435669 0.7744415998458862 -0.12395470589399338
vn 0.4919484853744507 -0.8318482041358948 0.25693464279174805
vn -0.6404914259910583 0.7599886059761047 -0.11039998382329941
vn 0.5855718851089478 -0.7561473250389099 0.2921418249607086
vn -0.54535311460495 0.805978536605835 -0.2301926612854004
vn -0.3948485553264618 0.8413926959037781 -0.3689891993999481
vn -0.27548709511756897 0.8012038469314575 -0.5312055945396423
vn -0.054661206901073456 0.7688446044921875 -0.6370950937271118
vn 0.04611552506685257 0.7759976983070374 -0.6290476322174072
vn 0.05368161201477051 0.8335830569267273 -0.5497796535491943
vn -0.012032978236675262 0.8916630744934082 -0.45253971219062805
vn -0.12762174010276794 0.922333836555481 -0.3647095561027527
vn -0.20763134956359863 0.9319696426391602 -0.2971898019313812
vn -0.2680732309818268 0.929776132106781 -0.25229576230049133
vn -0.2882402539253235 0.9298189282417297 -0.2288108766078949
vn -0.3263094127178192 0.9245532155036926 -0.19678321480751038
vn 0.6992072463035583 -0.6467490792274475 0.3046717345714569
vn 0.812487006187439 -0.49341338872909546 0.3104966878890991
vn -0.3437715768814087 0.9140353798866272 -0.2153148204088211
vn 0.9296921491622925 -0.24376711249351501 0.2761344015598297
vn -0.46200165152549744 0.690072238445282 -0.557094931602478
vn -0.16207373142242432 0.6961086392402649 -0.6994032263755798
vn 0.04936901479959488 0.6875153183937073 -0.7244897484779358
vn 0.15392498672008514 0.7153244614601135 -0.6816290616989136
vn -0.252476304769516 0.928502082824707 -0.27228599786758423
vn -0.3052690923213959 0.924116849899292 -0.22982360422611237
vn -0.3632453680038452 0.9011504650115967 -0.2366025596857071
vn 0.9761114120483398 -0.0001625848817639053 -0.21727073192596436
vn -0.40384745597839355 0.8862802982330322 -0.22674758732318878
vn -0.41992443799972534 0.8806926012039185 -0.2191896140575409
vn -0.37065011262893677 0.8977571129798889 -0.2380140721797943
vn -0.2397453784942627 0.9284653067588806 -0.2836800813674927
vn 0.6547659039497375 -0.5413815975189209 -0.5274348855018616
vn 0.7335929274559021 -0.41678935289382935 -0.5367756485939026
vn -0.575877845287323 0.6336497068405151 -0.5165778994560242
vn -0.3133586049079895 0.6449520587921143 -0.6970245838165283
vn -0.019660454243421555 0.6212859153747559 -0.7833372354507446
vn 0.17782722413539886 0.6093828678131104 -0.7726771831512451
vn -0.23186041414737701 0.9182043075561523 -0.3211567997932434
vn -0.30849364399909973 0.9125556945800781 -0.26846587657928467
vn -0.23545654118061066 0.9108908176422119 -0.33887797594070435
vn 0.9313263893127441 0.12700282037258148 -0.34132325649261475
vn -0.1866084188222885 0.9283105134963989 -0.3215849697589874
vn 0.5211562514305115 0.7857391238212585 -0.3331819772720337
vn -0.005478051956743002 0.9452755451202393 -0.3262273073196411
vn 0.1340457946062088 0.9457711577415466 -0.29588618874549866
vn 0.15963949263095856 0.958344042301178 -0.23683753609657288
vn 0.25675368309020996 0.9477117657661438 -0.1895257830619812
vn -0.21073956787586212 -0.9670060873031616 0.14313669502735138
vn -0.011662357486784458 -0.9961003065109253 0.08745376765727997
vn 0.1839987188577652 -0.9821426272392273 0.03924824297428131
vn 0.366872102022171 -0.9302406311035156 0.007570019923150539
vn -0.41658487915992737 -0.8882653713226318 0.19349873065948486
vn 0.5239472985267639 -0.8502119183540344 0.051176123321056366
vn -0.6029101610183716 -0.73636394739151 0.3070300221443176
vn 0.6087938547134399 -0.788648247718811 0.08604691922664642
vn -0.8939600586891174 -0.36418452858924866 0.26116105914115906
vn -0.7474673390388489 -0.5649558305740356 0.3494532108306885
vn 0.681056022644043 -0.7318146824836731 0.024697856977581978
vn 0.6992176175117493 -0.7148227691650391 -0.01109603326767683
vn -0.9754176139831543 -0.175368532538414 0.13344097137451172
vn 0.7207325100898743 -0.6930849552154541 0.013338616117835045
vn -0.9935653805732727 -0.017034368589520454 0.11197168380022049
vn 0.7369649410247803 -0.6752768158912659 0.029732003808021545
vn 0.7290180921554565 -0.6837823987007141 0.031214768067002296
vn 0.6993227005004883 -0.7127999663352966 0.05351601913571358
vn -0.9885129928588867 0.11851174384355545 0.09379278868436813
vn 0.677668035030365 -0.7332425713539124 0.05587025731801987
vn -0.9591709971427917 0.2705838680267334 0.08231272548437119
vn 0.6482622027397156 -0.7580262422561646 0.07177968323230743
vn -0.8815844058990479 0.470030814409256 0.043358851224184036
vn -0.8320908546447754 0.5537604093551636 0.031214935705065727
vn 0.5746360421180725 -0.8125842213630676 0.09746983647346497
vn 0.4979335069656372 -0.8571476936340332 0.1317577064037323
vn 0.4477962553501129 -0.8782227039337158 0.16793875396251678
vn 0.3985871970653534 -0.8950955867767334 0.19983051717281342
vn -0.8039830923080444 0.5884025692939758 0.08598612248897552
vn 0.3905232846736908 -0.897726833820343 0.20390714704990387
vn 0.4757091701030731 -0.8611335158348083 0.17930403351783752
vn 0.4245864450931549 -0.8850403428077698 0.19086624681949615
vn -0.8109913468360901 0.5793261528015137 0.08169663697481155
vn 0.38517215847969055 -0.8981075286865234 0.21223889291286469
vn 0.3675646483898163 -0.9042035341262817 0.21751369535923004
vn 0.36370834708213806 -0.9083551168441772 0.2064152956008911
vn 0.36317598819732666 -0.9097792506217957 0.20101012289524078
vn 0.3673850893974304 -0.90971440076828 0.1935146003961563
vn 0.47877243161201477 -0.8545085787773132 0.20147493481636047
vn 0.42365896701812744 -0.8821992874145508 0.2055176943540573
vn -0.7912707328796387 0.6089833974838257 0.05504514276981354
vn 0.38093313574790955 -0.902335524559021 0.2016943395137787
vn -0.730357825756073 0.6830645799636841 0.0005430762539617717
vn -0.6695886850357056 0.7412709593772888 -0.046565424650907516
vn 0.40253183245658875 -0.8891377449035645 0.21772046387195587
vn 0.43102163076400757 -0.8718982338905334 0.232408806681633
vn -0.7446309924125671 0.6671078205108643 0.02217702753841877
vn -0.7074072957038879 0.7067788243293762 0.0062172431498765945
vn 0.36036157608032227 -0.906508207321167 0.21996018290519714
vn 0.3766581416130066 -0.9017221927642822 0.21219278872013092
vn -0.6825029253959656 0.7302864193916321 -0.029520634561777115
vn 0.49944862723350525 -0.8248044848442078 0.2650446593761444
vn 0.4492517411708832 -0.8593578934669495 0.24428865313529968
vn 0.45047327876091003 -0.8581591844558716 0.24624542891979218
vn -0.7093360424041748 0.7034436464309692 -0.04482726380228996
vn 0.5739434361457825 -0.7643685936927795 0.2938189208507538
vn -0.6658928394317627 0.7321452498435974 -0.14335329830646515
vn -0.5597658753395081 0.7565335035324097 -0.3381112515926361
vn 0.10911507159471512 0.8210694193840027 -0.5603026151657104
vn -0.01840115524828434 0.8827880024909973 -0.46941104531288147
vn -0.12714911997318268 0.9166477918624878 -0.3789325952529907
vn -0.21772858500480652 0.9282711744308472 -0.30150774121284485
vn 0.6746243238449097 -0.6762876510620117 0.2958328425884247
vn 0.8051075339317322 -0.5191489458084106 0.2868557870388031
vn 0.4972667694091797 -0.8212303519248962 0.2798330783843994
vn 0.5153726935386658 -0.8106750845909119 0.27784332633018494
vn -0.692568302154541 0.6300436854362488 -0.3512749671936035
vn 0.20518088340759277 0.7448571920394897 -0.6348925828933716
vn -0.160465270280838 0.9201897978782654 -0.3570738136768341
vn 0.8844140768051147 -0.42340195178985596 0.19632261991500854
vn 0.23175902664661407 0.731106698513031 -0.6416937112808228
vn 0.11358854174613953 0.8073435425758362 -0.579045832157135
vn -0.010224799625575542 0.8722134232521057 -0.48901864886283875
vn -0.12111139297485352 0.9098713397979736 -0.3968201279640198
vn -0.7540185451507568 0.5482656955718994 -0.3617468476295471
vn 0.29553619027137756 0.627980649471283 -0.7199296355247498
vn -0.13668645918369293 0.9072654843330383 -0.39772629737854004
vn 0.8291489481925964 -0.5251528024673462 0.19164207577705383
vn -0.5134709477424622 0.5977687835693359 -0.6156461834907532
vn -0.17037321627140045 0.5958138704299927 -0.7848431468009949
vn 0.11558105796575546 0.5650429129600525 -0.8169257044792175
vn 0.26883184909820557 0.5533714890480042 -0.7883586883544922
vn -0.21707578003406525 0.9166807532310486 -0.33552131056785583
vn -0.34084048867225647 0.9013149738311768 -0.2673182487487793
vn -0.4044148325920105 0.8782438635826111 -0.25521817803382874
vn -0.43267902731895447 0.8695182800292969 -0.2381742000579834
vn -0.4295811057090759 0.8660243153572083 -0.25585538148880005
vn -0.3589121103286743 0.8879589438438416 -0.287595272064209
vn 0.6772100925445557 -0.7290757298469543 0.09917224198579788
vn 0.7361563444137573 -0.6731345653533936 0.07045451551675797
vn 0.297776460647583 0.6568951606750488 -0.6926890015602112
vn 0.24202017486095428 0.7086788415908813 -0.6627220511436462
vn 0.1314159333705902 0.7980327606201172 -0.5881102085113525
vn -0.015317575074732304 0.8790130019187927 -0.47655177116394043
vn -0.32535573840141296 0.8936622142791748 -0.3090493679046631
vn 0.9662197232246399 0.09682134538888931 0.23884128034114838
vn -0.6896224021911621 0.48944464325904846 -0.5337273478507996
vn -0.35190099477767944 0.553551197052002 -0.7548156976699829
vn 0.013164590112864971 0.5497984290122986 -0.8351936340332031
vn 0.2546807527542114 0.5301526784896851 -0.8087495565414429
vn -0.44831129908561707 0.8478592038154602 -0.28311094641685486
vn -0.4096221625804901 0.8663304448127747 -0.2857992947101593
vn 0.8461693525314331 -0.3688064515590668 0.384680837392807
vn 0.8049536347389221 -0.48880112171173096 0.3363379240036011
vn -0.2600562870502472 0.912489652633667 -0.31580594182014465
vn 0.6415714621543884 0.7540421485900879 0.14073605835437775
vn -0.04945864528417587 0.9483404159545898 -0.3133757710456848
vn 0.14856062829494476 0.9568291902542114 -0.24981534481048584
vn 0.42490801215171814 0.9045791625976562 -0.034493740648031235
vn 0.45941269397735596 0.8757303357124329 0.148446723818779
vn -0.7791087031364441 0.3876160979270935 -0.49268999695777893
vn -0.5068818926811218 0.47290533781051636 -0.7207158803939819
vn -0.10361224412918091 0.5192808508872986 -0.8482994437217712
vn 0.20760324597358704 0.5105825662612915 -0.8343898057937622
vn -0.4573630094528198 0.8317586183547974 -0.31463736295700073
vn -0.39016762375831604 0.8671239018440247 -0.3096214830875397
vn 0.8420311808586121 0.396890789270401 0.3653234541416168
vn 0.8572432994842529 0.22429446876049042 0.4634932279586792
vn -0.6348094940185547 -0.1659449189901352 -0.7546385526657104
vn -0.07617104798555374 -0.22570087015628815 -0.971214234828949
vn -0.6950182914733887 -0.07065451890230179 -0.7155120968818665
vn -0.11047554761171341 -0.10603069514036179 -0.9882068037986755
vn -0.6961703300476074 -0.0401388444006443 -0.7167536616325378
vn -0.11119244247674942 -0.07189437001943588 -0.991195023059845
vn -0.6857884526252747 -0.023051606491208076 -0.727435827255249
vn -0.10988081991672516 -0.04626850411295891 -0.9928672909736633
vn -0.6674415469169617 -0.012006544508039951 -0.7445654273033142
vn -0.1145697683095932 -0.0064791725017130375 -0.993394136428833
vn -0.6389786601066589 -0.0014756671153008938 -0.7692230343818665
vn -0.12448950111865997 0.05132968723773956 -0.9908924102783203
vn -0.6107362508773804 0.033157579600811005 -0.7911396026611328
vn -0.1493680477142334 0.13326814770698547 -0.9797595739364624
vn -0.6275820732116699 0.12685926258563995 -0.7681455016136169
vn -0.23597341775894165 0.24536414444446564 -0.940272867679596
vn -0.2102912962436676 -0.9427841901779175 0.25871920585632324
vn -0.029038995504379272 -0.9801324009895325 0.19620710611343384
vn 0.1427617222070694 -0.9789732098579407 0.14570699632167816
vn 0.3442734181880951 -0.9342385530471802 0.09313531219959259
vn -0.40903520584106445 -0.8632437586784363 0.2958047091960907
vn 0.4636599123477936 -0.8717486262321472 0.15834690630435944
vn -0.33839938044548035 -0.8693838715553284 0.36007991433143616
vn -0.07621921598911285 -0.942435085773468 0.32558673620224
vn 0.12350719422101974 -0.9544882774353027 0.2714740037918091
vn 0.2898801565170288 -0.9348853230476379 0.2048390507698059
vn -0.5952967405319214 -0.6984218955039978 0.3972765803337097
vn 0.5158060193061829 -0.8349629044532776 0.19178424775600433
vn -0.8966083526611328 -0.31311771273612976 0.3131306767463684
vn -0.7845960259437561 -0.4923255741596222 0.3768617808818817
vn 0.6150636672973633 -0.7790204286575317 0.12175343930721283
vn 0.6903422474861145 -0.7222275733947754 0.042603541165590286
vn -0.41668176651000977 -0.8082436919212341 0.41607505083084106
vn -0.19320766627788544 -0.8892699480056763 0.4145717918872833
vn 0.0682588517665863 -0.9340881109237671 0.35045719146728516
vn 0.31704437732696533 -0.9071817398071289 0.2765938937664032
vn -0.9617369174957275 -0.17708070576190948 0.20905649662017822
vn 0.7156402468681335 -0.6965351104736328 0.051941752433776855
vn -0.9381290674209595 -0.1486985981464386 0.3127340078353882
vn -0.8609886765480042 -0.32845771312713623 0.3883478343486786
vn -0.9780892729759216 -0.02803158387541771 0.20629027485847473
vn 0.7358695268630981 -0.673629879951477 0.06869422644376755
vn 0.7398681640625 -0.6710590124130249 0.047696564346551895
vn 0.7197800278663635 -0.692898690700531 0.04252273216843605
vn -0.9476220607757568 0.019670024514198303 0.3187876045703888
vn -0.9215182065963745 -0.10592012852430344 0.37361109256744385
vn -0.9724724292755127 0.10575471073389053 0.20763786137104034
vn 0.7013653516769409 -0.710279107093811 0.059918832033872604
vn -0.9109952449798584 0.23427005112171173 0.339418888092041
vn -0.9206021428108215 0.14576245844364166 0.3622775971889496
vn -0.9334580898284912 0.2866745889186859 0.21557772159576416
vn 0.6839162707328796 -0.7239032983779907 0.0906791239976883
vn -0.8742799162864685 0.4667286276817322 0.13341295719146729
vn -0.798618495464325 0.5791720747947693 0.16361026465892792
vn 0.6211810111999512 -0.776380717754364 0.10661628842353821
vn 0.5362911820411682 -0.8325437903404236 0.1387900412082672
vn -0.8330153822898865 0.47525766491889954 0.2832236886024475
vn -0.8445060849189758 0.43285366892814636 0.31535235047340393
vn -0.8495118021965027 0.4966474771499634 0.17796359956264496
vn 0.536952793598175 -0.8242588043212891 0.17966404557228088
vn -0.8513773679733276 0.5162833333015442 0.09278024733066559
vn 0.5177769660949707 -0.8272308707237244 0.21816547214984894
vn -0.7988452911376953 0.5985202193260193 0.06016545370221138
vn -0.7498044967651367 0.6602180004119873 0.04365091398358345
vn 0.4493083953857422 -0.8635623455047607 0.22887134552001953
vn 0.3937585949897766 -0.8898051977157593 0.2306533008813858
vn 0.3651774823665619 -0.8973196148872375 0.2479172646999359
vn 0.3517080545425415 -0.9084355235099792 0.22593455016613007
vn -0.7207592725753784 0.6924309730529785 0.032334599643945694
vn 0.3473587930202484 -0.9030365347862244 0.25271904468536377
vn 0.3658958375453949 -0.8974473476409912 0.24639098346233368
vn 0.4042262136936188 -0.8843960165977478 0.23333433270454407
vn 0.3667711019515991 -0.8828648924827576 0.2933064103126526
vn 0.3464641571044922 -0.8971891403198242 0.2738872170448303
vn -0.7291420698165894 0.6842715740203857 0.011151647195219994
vn 0.44959405064582825 -0.8506883978843689 0.2723866105079651
vn -0.7573171854019165 0.6530324220657349 -0.004393497947603464
vn 0.5072454214096069 -0.7981407046318054 0.32507482171058655
vn -0.7565135955810547 0.6506150960922241 -0.06623528897762299
vn -0.7430195808410645 0.6438837647438049 -0.18258078396320343
vn 0.5515012145042419 -0.7727029323577881 0.31428736448287964
vn 0.5942385196685791 -0.7450974583625793 0.3028371036052704
vn 0.6685714721679688 -0.6836814284324646 0.2925611138343811
vn 0.7706468105316162 -0.5830225944519043 0.2572709023952484
vn -0.8131815195083618 0.5504860281944275 -0.1889468878507614
vn 0.8217001557350159 -0.5154990553855896 0.2430424690246582
vn 0.6803573966026306 -0.6615620255470276 0.3153562545776367
vn 0.7461482882499695 -0.6042959690093994 0.27944445610046387
vn -0.8637789487838745 0.4671081602573395 -0.18893375992774963
vn 0.8644319772720337 -0.4183517098426819 0.27881768345832825
vn 0.3668522536754608 0.6002973914146423 -0.7106775045394897
vn 0.30084550380706787 0.6997483372688293 -0.647953987121582
vn 0.18505463004112244 0.8049492239952087 -0.5637478828430176
vn 0.020538365468382835 0.8978184461593628 -0.4398866891860962
vn -0.14803281426429749 0.9231144785881042 -0.3548886775970459
vn -0.2832675874233246 0.9091368317604065 -0.30533555150032043
vn -0.38100332021713257 0.8781007528305054 -0.2894400656223297
vn -0.4444284737110138 0.8539772033691406 -0.27056676149368286
vn 0.7092742323875427 -0.6122791767120361 0.34934836626052856
vn 0.7837601900100708 -0.5426356196403503 0.3021033704280853
vn -0.8747451305389404 0.390135258436203 -0.2874290347099304
vn 0.36459895968437195 0.5429766774177551 -0.7564680576324463
vn -0.46911728382110596 0.8285135626792908 -0.3057684302330017
vn 0.9185983538627625 -0.1990704983472824 0.341391384601593
vn 0.44825243949890137 0.5334612131118774 -0.717278778553009
vn 0.43768033385276794 0.5996966361999512 -0.6699252724647522
vn 0.37524470686912537 0.6970741748809814 -0.6109657287597656
vn 0.2784622013568878 0.8006693124771118 -0.5304597616195679
vn -0.4044479727745056 0.8543035984039307 -0.32647696137428284
vn -0.44586730003356934 0.8425272703170776 -0.30224180221557617
vn -0.9007464051246643 0.24140994250774384 -0.36107775568962097
vn 0.38135817646980286 0.506849467754364 -0.7730909585952759
vn -0.4702918529510498 0.8144406080245972 -0.339870810508728
vn 0.9200199246406555 0.3548179268836975 0.16633595526218414
vn -0.6531231999397278 0.33158305287361145 -0.6807956695556641
vn -0.2085985392332077 0.4296531081199646 -0.8785697817802429
vn 0.16915807127952576 0.4789142906665802 -0.8614097237586975
vn 0.36060529947280884 0.486900269985199 -0.7955451011657715
vn -0.4141438603401184 0.8386075496673584 -0.35386765003204346
vn -0.2635934054851532 0.8977193832397461 -0.3530135452747345
vn 0.00020741646585520357 0.9154699444770813 -0.4023864269256592
vn 0.43994998931884766 0.8693975806236267 -0.22492653131484985
vn 0.4882025718688965 0.4898030161857605 -0.722323477268219
vn 0.5057433247566223 0.5357769131660461 -0.676141083240509
vn 0.509688675403595 0.5865172743797302 -0.6294561624526978
vn 0.43439745903015137 0.6842687129974365 -0.5857261419296265
vn -0.4505460858345032 0.8065466284751892 -0.3827410936355591
vn -0.47604069113731384 0.8069994449615479 -0.3494814336299896
vn -0.7388540506362915 0.07732882350683212 -0.6694139242172241
vn -0.2564185559749603 0.2233697474002838 -0.9404017925262451
vn 0.18118451535701752 0.34939393401145935 -0.9192911386489868
vn 0.4269363284111023 0.4273653030395508 -0.7969217896461487
vn 0.5522419810295105 0.44239839911460876 -0.7066205143928528
vn 0.5649088621139526 0.4979608952999115 -0.6579612493515015
vn -0.019147837534546852 0.8940552473068237 -0.44754737615585327
vn 0.4680943489074707 0.7987244725227356 -0.37805673480033875
vn -0.8103404641151428 -0.22222115099430084 -0.5421863794326782
vn -0.3913325369358063 -0.3317543864250183 -0.8583693504333496
vn -0.7508096694946289 -0.20455296337604523 -0.628046989440918
vn -0.14985157549381256 -0.13960987329483032 -0.9788021445274353
vn 0.2671314477920532 0.16684642434120178 -0.9491065144538879
vn 0.44851696491241455 0.30776166915893555 -0.8391158580780029
vn 0.5963996648788452 0.3595010042190552 -0.7176814079284668
vn 0.6133603453636169 0.43961527943611145 -0.6561459302902222
vn -0.03745179623365402 0.9337016344070435 -0.3560880422592163
vn 0.3166424632072449 0.8725364208221436 -0.37204545736312866
vn -0.9078996777534485 -0.10228811949491501 -0.4065161943435669
vn 0.2062695026397705 -0.2660117447376251 -0.9416425228118896
vn 0.4889755845069885 -0.0685809850692749 -0.8695973753929138
vn 0.5974170565605164 0.19834429025650024 -0.7770150899887085
vn -0.9248510003089905 -0.052283551543951035 -0.37671899795532227
vn 0.39880114793777466 -0.1377394199371338 -0.9066342115402222
vn 0.6532536149024963 -0.06541585177183151 -0.7543080449104309
vn 0.7089205384254456 0.05314972251653671 -0.70328289270401
vn -0.9220343828201294 -0.034488387405872345 -0.3855685591697693
vn 0.44627121090888977 -0.09182698279619217 -0.8901740908622742
vn 0.7017603516578674 -0.059776388108730316 -0.7099009156227112
vn 0.7795329689979553 0.00281667523086071 -0.6263549327850342
vn -0.9088351130485535 -0.0409691147506237 -0.41513898968696594
vn 0.46350768208503723 -0.07123122364282608 -0.8832252025604248
vn 0.7270552515983582 -0.043640054762363434 -0.6851906776428223
vn 0.818375289440155 -0.014297463931143284 -0.5745063424110413
vn -0.8829384446144104 -0.06647494435310364 -0.46475890278816223
vn 0.4669727087020874 -0.034814704209566116 -0.8835861682891846
vn 0.7384778261184692 0.0005410922458395362 -0.6742775440216064
vn 0.8409663438796997 -0.0005876917275600135 -0.5410870909690857
vn -0.8435494303703308 -0.0913429856300354 -0.5292267203330994
vn 0.45539218187332153 0.03226061537861824 -0.8897062540054321
vn 0.7341047525405884 0.07986421138048172 -0.674323320388794
vn 0.8530274629592896 0.04496026411652565 -0.5199257135391235
vn -0.8052234053611755 -0.06362401694059372 -0.5895484089851379
vn 0.4207299053668976 0.13451392948627472 -0.8971579670906067
vn 0.7010983824729919 0.18873581290245056 -0.6876335740089417
vn 0.8510176539421082 0.11526933312416077 -0.5123299956321716
vn -0.7609153389930725 0.07008012384176254 -0.6450555920600891
vn 0.3277231454849243 0.2617475092411041 -0.9077917337417603
vn -0.4200130105018616 0.2235901802778244 -0.8795433640480042
vn 0.11234457045793533 0.3643493056297302 -0.9244611263275146
vn 0.6107704639434814 0.283159077167511 -0.7394460439682007
vn 0.8307101130485535 0.18995213508605957 -0.5232962965965271
vn -0.6750833988189697 -0.1693095862865448 -0.7180506587028503
vn -0.5208752155303955 -0.030337125062942505 -0.8530936241149902
vn -0.12428122758865356 0.15453603863716125 -0.9801391959190369
vn 0.279877632856369 0.2877112329006195 -0.9159097671508789
vn 0.65790194272995 0.3010500371456146 -0.6903143525123596
vn 0.821492612361908 0.2272576540708542 -0.5229760408401489
vn -0.6624144911766052 -0.11949877440929413 -0.7395452260971069
vn -0.3868386149406433 -0.05239839106798172 -0.9206575751304626
vn -0.08322855830192566 0.14194560050964355 -0.9863693714141846
vn 0.2579399049282074 0.26779839396476746 -0.928305447101593
vn 0.6271420121192932 0.30915582180023193 -0.7149235010147095
vn 0.8067981600761414 0.2886568605899811 -0.5155133605003357
vn -0.6835071444511414 -0.0801146924495697 -0.7255340218544006
vn -0.3310889005661011 -0.030858267098665237 -0.9430949091911316
vn 0.06480678915977478 0.09805483371019363 -0.9930686354637146
vn 0.4295359253883362 0.2679692506790161 -0.8623754382133484
vn -0.7112224698066711 -0.013581817038357258 -0.7028357982635498
vn -0.3212449252605438 0.021206101402640343 -0.9467586874961853
vn 0.13102325797080994 0.1107044592499733 -0.9851788878440857
vn 0.4797542691230774 0.21796715259552002 -0.8498977422714233
vn -0.7422353625297546 0.095289446413517 -0.6633299589157104
vn -0.3311697840690613 0.12515658140182495 -0.9352339506149292
vn 0.163595512509346 0.17962825298309326 -0.9700362682342529
vn 0.5161390900611877 0.23793986439704895 -0.8227910995483398
vn -0.764103889465332 0.24340097606182098 -0.5974121689796448
vn -0.3547973036766052 0.29203474521636963 -0.8881636261940002
vn 0.16437765955924988 0.3081812858581543 -0.9370188117027283
vn 0.5354240536689758 0.3054739534854889 -0.7874051332473755
vn -0.7668625116348267 0.4185370206832886 -0.48656830191612244
vn -0.4009861648082733 0.5011970400810242 -0.7668192386627197
vn 0.1205998957157135 0.49673181772232056 -0.8594842553138733
vn 0.5139642357826233 0.41704413294792175 -0.7496098875999451
vn -0.46226680278778076 -0.7854531407356262 0.41154929995536804
vn -0.08672841638326645 -0.9213451147079468 0.37894773483276367
vn 0.20326776802539825 -0.927135705947876 0.3148040771484375
vn 0.4428423345088959 -0.8656964302062988 0.23336750268936157
vn 0.5563846230506897 -0.8129435777664185 0.1719270497560501
vn 0.656156063079834 -0.7477948665618896 0.10130246728658676
vn -0.7264484167098999 -0.5534304976463318 0.40741562843322754
vn 0.6922096014022827 -0.7135044932365417 0.1084311231970787
vn -0.8671587109565735 -0.31966257095336914 0.38190528750419617
vn 0.725716769695282 -0.6759455800056458 0.12819021940231323
vn 0.7396238446235657 -0.6658987998962402 0.09764950722455978
vn 0.7290056347846985 -0.681218147277832 0.06702762097120285
vn -0.9388961791992188 -0.04416174814105034 0.34135574102401733
vn 0.7182937264442444 -0.689608097076416 0.0921676978468895
vn -0.9374030232429504 0.23426330089569092 0.25767484307289124
vn 0.7169238328933716 -0.6853359937667847 0.1278078407049179
vn 0.6691797375679016 -0.7303856015205383 0.1368776559829712
vn 0.6072783470153809 -0.7796458601951599 0.1528577208518982
vn -0.9283967614173889 0.3475390076637268 0.13151443004608154
vn 0.5907647013664246 -0.7815396189689636 0.2004816085100174
vn -0.9008042216300964 0.42805367708206177 0.07295124232769012
vn 0.5705826282501221 -0.7827024459838867 0.2486206740140915
vn -0.8310081958770752 0.5526338219642639 0.06341413408517838
vn -0.7719646096229553 0.6331742405891418 0.05622278153896332
vn 0.4883568584918976 -0.8309566974639893 0.2664931118488312
vn 0.40993350744247437 -0.8700406551361084 0.27383187413215637
vn -0.7533193826675415 0.6564385890960693 0.03997834399342537
vn 0.3982350528240204 -0.853424072265625 0.33626821637153625
vn 0.3525288999080658 -0.8723594546318054 0.33869224786758423
vn 0.3342498540878296 -0.8905478715896606 0.30854761600494385
vn 0.35300078988075256 -0.8861538171768188 0.3002031147480011
vn 0.40351229906082153 -0.8728930354118347 0.2742910385131836
vn -0.7584197521209717 0.6513027548789978 0.024580666795372963
vn 0.4531726837158203 -0.8277488946914673 0.3308570086956024
vn -0.7859036922454834 0.6182684302330017 0.009980184026062489
vn 0.5040676593780518 -0.7691619992256165 0.39281755685806274
vn -0.8032344579696655 0.5953404307365417 -0.019603535532951355
vn -0.8181431293487549 0.5689733624458313 -0.08313378691673279
vn 0.5438898205757141 -0.7508052587509155 0.374800443649292
vn 0.5957499742507935 -0.7304888367652893 0.3338684141635895
vn -0.8731766939163208 0.477908730506897 -0.09573791176080704
vn 0.6193132400512695 -0.6924801468849182 0.37003037333488464
vn -0.9114663004875183 0.3933023512363434 -0.12059231102466583
vn 0.676551342010498 -0.6060861945152283 0.41825583577156067
vn -0.02133815363049507 0.9130839109420776 -0.4072130024433136
vn -0.26866278052330017 0.9014633297920227 -0.33938801288604736
vn 0.7669937610626221 -0.5170732736587524 0.3799419105052948
vn 0.8446336388587952 -0.42716068029403687 0.32268843054771423
vn -0.9475157856941223 0.2751691937446594 -0.16277509927749634
vn 0.18423114717006683 0.8571683764457703 -0.4809587597846985
vn -0.35203278064727783 0.8527646064758301 -0.38583099842071533
vn 0.9283572435379028 -0.2269795835018158 0.29433515667915344
vn -0.9690341353416443 0.1634407788515091 -0.18509463965892792
vn 0.3300544321537018 0.7533423900604248 -0.5688052177429199
vn -0.4214968681335449 0.7807884812355042 -0.4612047076225281
vn 0.9769309163093567 -0.02549867331981659 0.21202802658081055
vn 0.5196289420127869 0.5924319624900818 -0.6156380772590637
vn 0.4195882976055145 0.665454626083374 -0.6173458099365234
vn -0.4698263704776764 0.7729934453964233 -0.4263150095939636
vn -0.4631482660770416 0.8000500798225403 -0.3813313841819763
vn -0.4085453450679779 0.8267439603805542 -0.38676249980926514
vn -0.2829911708831787 0.8687247633934021 -0.40648913383483887
vn -0.9522433280944824 0.032671209424734116 -0.3035872280597687
vn 0.57384192943573 0.5315227508544922 -0.6230481863021851
vn -0.24206271767616272 0.8926419615745544 -0.38025787472724915
vn 0.9337418675422668 0.3552594482898712 -0.043782562017440796
vn -0.9526659846305847 -0.10548782348632812 -0.2851313650608063
vn 0.6090258359909058 0.4713829457759857 -0.6378759145736694
vn -0.14304949343204498 0.960919201374054 -0.23700466752052307
vn 0.8166325688362122 0.5424584150314331 -0.19710460305213928
vn 0.6637556552886963 0.37383657693862915 -0.6478230953216553
vn 0.6319098472595215 0.4314054846763611 -0.6438782811164856
vn 0.12299684435129166 0.9736791849136353 -0.19188719987869263
vn 0.5664187669754028 0.8086676001548767 -0.15882855653762817
vn -0.9760907292366028 -0.06931589543819427 -0.20601536333560944
vn 0.6792799234390259 0.28930380940437317 -0.6744495034217834
vn -0.9802953004837036 -0.046518754214048386 -0.19198234379291534
vn 0.735639214515686 0.18746185302734375 -0.650917112827301
vn -0.9767085313796997 -0.054683104157447815 -0.20748546719551086
vn 0.7967381477355957 0.10541292279958725 -0.5950601100921631
vn -0.9632464647293091 -0.0953146368265152 -0.2511402368545532
vn 0.8451197147369385 0.057829685509204865 -0.5314399003982544
vn -0.9329319596290588 -0.15604589879512787 -0.32448074221611023
vn 0.8762932419776917 0.03477631136775017 -0.48052147030830383
vn -0.8874509930610657 -0.1941867470741272 -0.41799795627593994
vn 0.8952633738517761 0.049322981387376785 -0.44279882311820984
vn -0.8475672602653503 -0.14161409437656403 -0.5114442706108093
vn 0.9053552150726318 0.08603654056787491 -0.41584816575050354
vn -0.7510570287704468 -0.07652264088392258 -0.6557878255844116
vn 0.9051719307899475 0.13538138568401337 -0.4029090702533722
vn -0.8464775085449219 -0.19057852029800415 -0.49714764952659607
vn -0.7560864686965942 -0.16843350231647491 -0.6324266195297241
vn -0.8253102898597717 -0.16393063962459564 -0.5403608083724976
vn 0.8999031782150269 0.18133141100406647 -0.396602064371109
vn -0.863082230091095 -0.12170367687940598 -0.4901808500289917
vn 0.8925953507423401 0.22149065136909485 -0.3927028477191925
vn 0.8229497075080872 0.2845526933670044 -0.4917150139808655
vn 0.8802286982536316 0.260512113571167 -0.396649569272995
vn -0.8871572613716125 -0.07357613742351532 -0.4555639922618866
vn 0.7058748602867126 0.29821470379829407 -0.642501950263977
vn -0.9109899401664734 0.005983324721455574 -0.4123852252960205
vn 0.6945887804031372 0.2991904318332672 -0.6542412042617798
vn -0.9273889660835266 0.11074725538492203 -0.3573300540447235
vn 0.714913547039032 0.27821141481399536 -0.6414803862571716
vn -0.924034833908081 0.24170216917991638 -0.2962088882923126
vn 0.7212631106376648 0.3175985515117645 -0.6155572533607483
vn -0.8590459823608398 0.411983847618103 -0.3038245141506195
vn 0.7284581661224365 0.3624442517757416 -0.5813630223274231
vn -0.5420648455619812 0.6230127811431885 -0.5639334321022034
vn 0.009345904923975468 0.6688404679298401 -0.7433472871780396
vn 0.4530427157878876 0.5694791674613953 -0.6858904957771301
vn 0.682767391204834 0.45221325755119324 -0.5738744139671326
vn -0.5273550152778625 -0.7833999991416931 0.3289090096950531
vn -0.19719287753105164 -0.9205169081687927 0.33728858828544617
vn 0.09781863540410995 -0.9394783973693848 0.3283473253250122
vn 0.31340497732162476 -0.9049870371818542 0.2877078056335449
vn 0.4690811038017273 -0.8484557271003723 0.2451239973306656
vn 0.6035427451133728 -0.7788642048835754 0.17060711979866028
vn -0.7389567494392395 -0.5716041922569275 0.35666730999946594
vn 0.6572999358177185 -0.7313047051429749 0.18207217752933502
vn 0.4860880970954895 -0.8300919532775879 0.2732504904270172
vn 0.5714855194091797 -0.7862727046012878 0.23490358889102936
vn -0.8967329263687134 -0.3040539622306824 0.32159191370010376
vn 0.6978299617767334 -0.6864487528800964 0.20450305938720703
vn 0.7146553993225098 -0.6744216084480286 0.18553461134433746
vn 0.7247008085250854 -0.6791921854019165 0.11621871590614319
vn 0.5332090258598328 -0.7893261313438416 0.3043886423110962
vn 0.6327008605003357 -0.7295483946800232 0.25970888137817383
vn -0.9660027027130127 -0.062173712998628616 0.2509446442127228
vn 0.7254123091697693 -0.6729298233985901 0.1447153240442276
vn 0.7046385407447815 -0.6725492477416992 0.22619029879570007
vn 0.7237758636474609 -0.6682400703430176 0.1720573455095291
vn -0.9781328439712524 0.12328572571277618 0.16750158369541168
vn 0.725543737411499 -0.6678138375282288 0.16616564989089966
vn 0.7094971537590027 -0.6770448088645935 0.19551017880439758
vn 0.6528080105781555 -0.7344152331352234 0.18567746877670288
vn 0.7215365171432495 -0.6398452520370483 0.2645433843135834
vn 0.7313227653503418 -0.6471391916275024 0.21535536646842957
vn -0.9640310406684875 0.24743644893169403 0.09705337136983871
vn 0.6280606985092163 -0.7410882115364075 0.23733533918857574
vn 0.6994603872299194 -0.6637644171714783 0.2648998498916626
vn 0.6772716045379639 -0.6983275413513184 0.23160722851753235
vn -0.9278788566589355 0.36931610107421875 0.05144511163234711
vn 0.6029711961746216 -0.7539147734642029 0.2608414590358734
vn -0.8560817837715149 0.5146425366401672 0.04761442542076111
vn -0.795383870601654 0.60417640209198 0.04832645505666733
vn 0.5593120455741882 -0.7648345232009888 0.31968462467193604
vn 0.45588961243629456 -0.8280210494995117 0.32641369104385376
vn 0.7049136161804199 -0.6362935304641724 0.31341251730918884
vn 0.6553012728691101 -0.6962611079216003 0.29291781783103943
vn -0.7734448909759521 0.6328604221343994 0.035646703094244
vn 0.4263457655906677 -0.8284162282943726 0.36325737833976746
vn 0.39254552125930786 -0.8187419176101685 0.41901037096977234
vn 0.3339342176914215 -0.8519442081451416 0.40333491563796997
vn 0.3301692008972168 -0.8632278442382812 0.38187167048454285
vn 0.39099863171577454 -0.8505998849868774 0.35156792402267456
vn 0.5575721859931946 -0.725869357585907 0.40277421474456787
vn 0.4747456908226013 -0.7820374965667725 0.403774619102478
vn -0.7780187726020813 0.6278495192527771 0.022177157923579216
vn 0.42613694071769714 -0.7996131181716919 0.42311495542526245
vn 0.39344412088394165 -0.7616710662841797 0.5148388743400574
vn 0.3498438894748688 -0.7932295799255371 0.4983935058116913
vn 0.3406151831150055 -0.8071966767311096 0.48209425806999207
vn 0.36880484223365784 -0.8143570423126221 0.44811341166496277
vn -0.8070626258850098 0.5904560089111328 0.003415464423596859
vn 0.457267701625824 -0.7514447569847107 0.4756437838077545
vn -0.8297527432441711 0.5580935478210449 -0.006478120572865009
vn -0.8565323352813721 0.514934778213501 -0.034563105553388596
vn 0.48987969756126404 -0.7301679849624634 0.4763115644454956
vn 0.5502589344978333 -0.7313631772994995 0.4028932452201843
vn 0.40938544273376465 -0.7190402746200562 0.5615912079811096
vn 0.36978599429130554 -0.7358932495117188 0.567203164100647
vn 0.35660409927368164 -0.750268816947937 0.5567138195037842
vn 0.3948306739330292 -0.752001166343689 0.5278286933898926
vn -0.9053953289985657 0.4212742745876312 -0.052795082330703735
vn 0.5793997049331665 -0.6777496933937073 0.45271554589271545
vn 0.47811180353164673 -0.6938910484313965 0.5384462475776672
vn 0.5254616737365723 -0.6987086534500122 0.48548561334609985
vn -0.9456313848495483 0.31580957770347595 -0.0777539312839508
vn 0.6241729855537415 -0.6001877784729004 0.5001827478408813
vn 0.033924706280231476 0.869586706161499 -0.4926134943962097
vn -0.1955944001674652 0.8916968107223511 -0.4081907570362091
vn 0.6992185115814209 -0.5413215160369873 0.4669739305973053
vn 0.8299567699432373 -0.4212206304073334 0.36571165919303894
vn 0.4925161302089691 -0.6375274062156677 0.5924413204193115
vn 0.5604870915412903 -0.6209923028945923 0.5479259490966797
vn -0.9731992483139038 0.20581850409507751 -0.10257676988840103
vn 0.21283984184265137 0.815870463848114 -0.5376380681991577
vn -0.28161439299583435 0.8122299313545227 -0.5108580589294434
vn 0.9065639972686768 -0.27016621828079224 0.32427147030830383
vn 0.1157396212220192 0.7636078000068665 -0.6352223753929138
vn -0.11674243956804276 0.8139093518257141 -0.56914222240448
vn 0.7222756147384644 -0.505465567111969 0.47204092144966125
vn 0.8072060346603394 -0.43243059515953064 0.4017738699913025
vn -0.9855086803436279 0.11285842210054398 -0.12663182616233826
vn 0.30721473693847656 0.6840004920959473 -0.661636233329773
vn -0.31240445375442505 0.7501043677330017 -0.5828779935836792
vn 0.9630612134933472 -0.11172787845134735 0.2450101226568222
vn 0.5225956439971924 0.5521212816238403 -0.6496582627296448
vn 0.4259072244167328 0.6153685450553894 -0.6632681488990784
vn -0.3473112881183624 0.763611912727356 -0.5443084836006165
vn -0.42477282881736755 0.803135097026825 -0.41778233647346497
vn -0.4243805706501007 0.8221406936645508 -0.37945467233657837
vn -0.36098340153694153 0.8527529239654541 -0.37749627232551575
vn 0.11614908277988434 0.6964405179023743 -0.7081525921821594
vn -0.13507972657680511 0.7273775935173035 -0.6728114485740662
vn 0.7684190273284912 -0.38977187871932983 0.5075531005859375
vn 0.8571304082870483 -0.31340792775154114 0.4087822735309601
vn -0.9899913668632507 0.010659744963049889 -0.14072507619857788
vn 0.5893152356147766 0.5037135481834412 -0.6316488981246948
vn -0.2954750657081604 0.9070207476615906 -0.3000132143497467
vn 0.9879053235054016 0.12528501451015472 0.09136098623275757
vn 0.5581800937652588 0.4820921719074249 -0.6752941608428955
vn 0.4511928856372833 0.5416958928108215 -0.7092183232307434
vn -0.18221956491470337 0.8138310313224792 -0.5517926216125488
vn -0.3246111571788788 0.8367398977279663 -0.44101476669311523
vn -0.37434208393096924 0.8554771542549133 -0.3578084111213684
vn -0.37351271510124207 0.8666802644729614 -0.3306865990161896
vn -0.9920808672904968 -0.03535331413149834 -0.12052258104085922
vn 0.6120716333389282 0.42578497529029846 -0.6663898825645447
vn -0.18630772829055786 0.9700292348861694 -0.1559893786907196
vn 0.893092155456543 0.44299250841140747 0.07838450372219086
vn 0.6858076453208923 0.3512946367263794 -0.637385368347168
vn 0.6363280415534973 0.40295347571372986 -0.6578108668327332
vn 0.03432360664010048 0.999278724193573 -0.016247078776359558
vn 0.44485026597976685 0.8944541811943054 0.04538688436150551
vn 0.577118992805481 0.41258904337882996 -0.7047723531723022
vn 0.4969671964645386 0.4552675485610962 -0.7387524247169495
vn -0.02828659862279892 0.8453570604324341 -0.5334523320198059
vn -0.15700551867485046 0.8932448029518127 -0.421263724565506
vn -0.2449645847082138 0.9200544953346252 -0.30576491355895996
vn -0.2812522351741791 0.9327289462089539 -0.22564132511615753
vn -0.9948089718818665 -0.03723834082484245 -0.09470193833112717
vn 0.7234669327735901 0.2894313633441925 -0.6267576217651367
vn 0.7212949395179749 0.2963036596775055 -0.6260493993759155
vn 0.6479080319404602 0.363515168428421 -0.6693817973136902
vn -0.9945635795593262 -0.04963395744562149 -0.0915413424372673
vn 0.7754021883010864 0.21121928095817566 -0.5950948596000671
vn 0.7633684873580933 0.2523341178894043 -0.5946394801139832
vn 0.6748742461204529 0.33052030205726624 -0.6597734689712524
vn -0.9885711669921875 -0.09710493683815002 -0.11531586199998856
vn 0.8241426348686218 0.15683983266353607 -0.5442335605621338
vn 0.8070627450942993 0.2279767394065857 -0.544680118560791
vn 0.7090389728546143 0.3156932294368744 -0.630556583404541
vn -0.9681546688079834 -0.18412025272846222 -0.16963592171669006
vn 0.8709639310836792 0.12396766990423203 -0.47545120120048523
vn 0.8390828967094421 0.20961052179336548 -0.5019993782043457
vn 0.7518830299377441 0.306613951921463 -0.5836607217788696
vn -0.9102386832237244 -0.30988577008247375 -0.27465686202049255
vn 0.9014747738838196 0.08032990247011185 -0.4253121018409729
vn -0.87226402759552 -0.4552842378616333 -0.17852695286273956
vn -0.8844757080078125 -0.42113447189331055 -0.20086942613124847
vn -0.8706300854682922 -0.29304975271224976 -0.3951267600059509
vn 0.9155184626579285 0.09957832843065262 -0.38975661993026733
vn -0.8905245661735535 -0.387189120054245 -0.23885270953178406
vn -0.8766816258430481 -0.3873845040798187 -0.2852413058280945
vn -0.8413690328598022 -0.2432790994644165 -0.4826110899448395
vn 0.9248437881469727 0.12356382608413696 -0.3597164750099182
vn -0.9129425883293152 -0.31444936990737915 -0.260110467672348
vn -0.8748823404312134 -0.33217883110046387 -0.3524743318557739
vn -0.8159850239753723 -0.22469381988048553 -0.5326173305511475
vn 0.9263440370559692 0.15395186841487885 -0.34378135204315186
vn -0.9265892505645752 -0.19275635480880737 -0.32292014360427856
vn -0.8665952682495117 -0.2275215983390808 -0.4441245496273041
vn -0.9263467192649841 -0.251697838306427 -0.2802320718765259
vn -0.8755085468292236 -0.2828948497772217 -0.39173370599746704
vn -0.9333719611167908 -0.15462695062160492 -0.32389411330223083
vn 0.9221959710121155 0.18895764648914337 -0.33741626143455505
vn -0.9521684050559998 -0.11161068081855774 -0.2844616770744324
vn 0.9142394661903381 0.22144798934459686 -0.3393038511276245
vn 0.8708246350288391 0.2805684804916382 -0.4036654531955719
vn 0.892855703830719 0.25874191522598267 -0.36859387159347534
vn -0.9686080813407898 -0.038121845573186874 -0.2456524819135666
vn 0.8086073994636536 0.31382355093955994 -0.4976634383201599
vn 0.8653449416160583 0.30790093541145325 -0.3954431712627411
vn 0.8940513730049133 0.27549147605895996 -0.35323745012283325
vn -0.9776344299316406 0.047377053648233414 -0.20490574836730957
vn 0.8201379179954529 0.3141222894191742 -0.47822701930999756
vn 0.8661569356918335 0.3179084062576294 -0.3856247067451477
vn 0.8859096169471741 0.29752466082572937 -0.35586968064308167
vn -0.9753640294075012 0.13906753063201904 -0.17124618589878082
vn 0.8095355033874512 0.3157739043235779 -0.4949132800102234
vn -0.957953691482544 0.23156176507472992 -0.16942213475704193
vn 0.8165202140808105 0.34982529282569885 -0.459257036447525
vn -0.9205813407897949 0.2863721251487732 -0.26555803418159485
vn 0.8021609783172607 0.3896857798099518 -0.45241886377334595
vn -0.690621018409729 0.5457372665405273 -0.47456663846969604
vn -0.15258733928203583 0.7132391333580017 -0.6841104030609131
vn 0.3973647654056549 0.639687180519104 -0.657952606678009
vn 0.6793534159660339 0.5071039795875549 -0.5304004549980164
vn -0.7517027854919434 0.39157634973526 -0.5306702852249146
vn -0.2773020267486572 0.6237301230430603 -0.7307970523834229
vn 0.3285115957260132 0.6246890425682068 -0.708409309387207
vn 0.6652539372444153 0.4970667064189911 -0.5571014285087585
vn -0.7187417149543762 0.21482068300247192 -0.6612582206726074
vn -0.29989486932754517 0.44999203085899353 -0.8411719799041748
vn 0.2917117476463318 0.5224812030792236 -0.8011976480484009
vn 0.6485689878463745 0.44624048471450806 -0.6166260242462158
vn -0.6385093927383423 0.09363293647766113 -0.7638970613479614
vn -0.2503141164779663 0.262588232755661 -0.9318746328353882
vn 0.2995845675468445 0.3579205870628357 -0.8843879103660583
vn 0.6494044065475464 0.34048157930374146 -0.6799604296684265
vn -0.5316975712776184 0.06132005155086517 -0.8447115421295166
vn -0.25011447072029114 0.1638108193874359 -0.9542582631111145
vn 0.29614412784576416 0.1971122771501541 -0.9345830678939819
vn 0.6445131301879883 0.20656488835811615 -0.7361615896224976
vn -0.40218424797058105 0.02203284204006195 -0.9152936339378357
vn -0.020719436928629875 0.1284094899892807 -0.9915047883987427
vn -0.3368907868862152 0.03900669515132904 -0.9407354593276978
vn 0.009595844894647598 0.10143031924962997 -0.9947964549064636
vn -0.32473844289779663 0.08794131875038147 -0.9417065978050232
vn 0.03516633063554764 0.1378394067287445 -0.9898301362991333
vn -0.3801005184650421 0.2006518840789795 -0.9029188752174377
vn -0.019538113847374916 0.2025645673274994 -0.9790740013122559
vn -0.5869255065917969 -0.7417697310447693 0.3244938254356384
vn -0.2843039929866791 -0.9052107930183411 0.31585562229156494
vn 0.033575817942619324 -0.9506685733795166 0.3083859980106354
vn 0.2994125187397003 -0.9074657559394836 0.29471686482429504
vn -0.775199830532074 -0.5488154888153076 0.31283682584762573
vn 0.3955685794353485 -0.8608835339546204 0.3200080692768097
vn -0.7532238364219666 -0.5636518597602844 0.3390434682369232
vn -0.5187219381332397 -0.7652599811553955 0.3811885714530945
vn -0.9069477915763855 -0.317207396030426 0.2771737277507782
vn 0.47434309124946594 -0.7912099361419678 0.3859863579273224
vn 0.5900437831878662 -0.7369006872177124 0.329887330532074
vn 0.6608672738075256 -0.7034865617752075 0.2614595592021942
vn -0.8325402140617371 -0.43556657433509827 0.34228429198265076
vn -0.6416261792182922 -0.6249163746833801 0.44474199414253235
vn -0.9724007844924927 -0.09402851015329361 0.21353080868721008
vn 0.6774199604988098 -0.6753084063529968 0.2916516661643982
vn -0.9880248308181763 0.01486356183886528 0.1535777747631073
vn 0.7056511640548706 -0.6291701793670654 0.32588550448417664
vn 0.7329320311546326 -0.6165847778320312 0.28746119141578674
vn 0.7268133759498596 -0.6348987221717834 0.26200369000434875
vn -0.9845595955848694 0.1550917625427246 0.08117244392633438
vn 0.720519483089447 -0.621696949005127 0.3071557581424713
vn -0.9458406567573547 0.3219367563724518 0.04173997417092323
vn 0.7177335023880005 -0.6063683032989502 0.3423101007938385
vn -0.8706396222114563 0.49066653847694397 0.03511469438672066
vn -0.8101451992988586 0.5850450992584229 0.03724243491888046
vn 0.6915957927703857 -0.6339207291603088 0.34617879986763
vn 0.6320700645446777 -0.6811858415603638 0.3694230616092682
vn -0.787470281124115 0.6156291365623474 0.029856322333216667
vn 0.609413206577301 -0.6658439636230469 0.43042710423469543
vn 0.5274937748908997 -0.717427134513855 0.4550260007381439
vn 0.4529312252998352 -0.7509326934814453 0.4805760979652405
vn -0.7990902662277222 0.6010739803314209 0.01283867098391056
vn 0.44118744134902954 -0.7238860726356506 0.5304174423217773
vn 0.5584728121757507 -0.6741890907287598 0.48329833149909973
vn 0.49670201539993286 -0.7087489366531372 0.500961184501648
vn -0.8330619931221008 0.5528417825698853 -0.019333070144057274
vn 0.4450148344039917 -0.7060010433197021 0.5509305000305176
vn -0.8503535389900208 0.5258111357688904 -0.020531930029392242
vn -0.88015216588974 0.4740186035633087 -0.025267885997891426
vn 0.4231312870979309 -0.6731409430503845 0.6064992547035217
vn 0.3622744679450989 -0.6923308372497559 0.6240474581718445
vn 0.36280202865600586 -0.7136229276657104 0.5992637872695923
vn 0.4128018915653229 -0.7201151251792908 0.5576996207237244
vn 0.5772886872291565 -0.6422998309135437 0.5041713118553162
vn 0.5015696287155151 -0.6771013736724854 0.5384808778762817
vn -0.9271193742752075 0.3718790113925934 -0.04642884060740471
vn 0.40325266122817993 -0.6753218770027161 0.6175174117088318
vn 0.4512585997581482 -0.5984887480735779 0.6619493961334229
vn 0.3754291236400604 -0.6271318197250366 0.6824651956558228
vn 0.3482886552810669 -0.6511916518211365 0.6742733716964722
vn 0.3648609220981598 -0.6759836077690125 0.6402520537376404
vn -0.9620886445045471 0.26442959904670715 -0.0668020248413086
vn 0.4154696762561798 -0.6138668060302734 0.6712321043014526
vn 0.4673912227153778 -0.5917845964431763 0.6567621827125549
vn 0.5831933617591858 -0.600318431854248 0.5472689867019653
vn 0.4739643931388855 -0.5548176169395447 0.6837654709815979
vn 0.39997100830078125 -0.567821741104126 0.7194454669952393
vn 0.35046643018722534 -0.587674081325531 0.7292547821998596
vn 0.3606945872306824 -0.6049951314926147 0.7098453044891357
vn -0.9824260473251343 0.16916371881961823 -0.07888393849134445
vn 0.6106424927711487 -0.5216267704963684 0.5958366990089417
vn 0.44271498918533325 -0.5266537070274353 0.7256991863250732
vn 0.5153520703315735 -0.5504163503646851 0.6568517088890076
vn -0.9928828477859497 0.08811604976654053 -0.08012013137340546
vn 0.6701759099960327 -0.3309750258922577 0.6643190979957581
vn 0.13883036375045776 0.6728994846343994 -0.726589560508728
vn -0.09899287670850754 0.7531858086585999 -0.6503165364265442
vn 0.7661532163619995 -0.22875718772411346 0.6005659699440002
vn 0.8915300965309143 -0.219379723072052 0.3962911367416382
vn 0.45019564032554626 -0.39308565855026245 0.8017528057098389
vn 0.5696629881858826 -0.36471498012542725 0.7365236878395081
vn -0.9971249103546143 0.030216725543141365 -0.06949023902416229
vn 0.32940754294395447 0.6095858216285706 -0.7210379838943481
vn 0.02022099867463112 0.762687623500824 -0.646450936794281
vn 0.9515812397003174 0.032372910529375076 0.3056879937648773
vn 0.28471940755844116 0.5974246859550476 -0.7496790289878845
vn 0.10949691385030746 0.6906826496124268 -0.7148202657699585
vn 0.7433591485023499 0.0490734800696373 0.6670899391174316
vn 0.8624618053436279 -0.07692322880029678 0.5002424120903015
vn -0.9987866878509521 0.0032256832346320152 -0.04914012923836708
vn 0.3994028568267822 0.5174443125724792 -0.7567884922027588
vn 0.23472699522972107 0.8081542253494263 -0.5401759743690491
vn 0.8050096035003662 0.5219094753265381 0.282081663608551
vn 0.5515667796134949 0.389037162065506 -0.737851083278656
vn 0.4743748605251312 0.4263229966163635 -0.7702059745788574
vn 0.11207380890846252 0.9439657330513 -0.3104323148727417
vn -0.015649501234292984 0.9899661540985107 -0.14043541252613068
vn -0.0962374284863472 0.994453489780426 -0.0424337312579155
vn -0.1047765389084816 0.9944936633110046 0.0020633568055927753
vn 0.13343754410743713 0.9631970524787903 0.23333658277988434
vn 0.4316985309123993 0.8566576838493347 0.28244301676750183
vn 0.42896103858947754 0.4948035776615143 -0.7557525038719177
vn 0.252838671207428 0.6531257629394531 -0.7137923240661621
vn 0.5544248223304749 0.6151956915855408 0.5604886412620544
vn 0.8093705773353577 0.3160756528377533 0.49499037861824036
vn -0.9992561936378479 -0.018597137182950974 -0.03378390893340111
vn 0.5905616283416748 0.3984551429748535 -0.7017624378204346
vn 0.5355796813964844 0.3942858576774597 -0.7467885613441467
vn 0.4982157349586487 0.40365663170814514 -0.7673606872558594
vn 0.5340225696563721 0.4149264693260193 -0.7366518974304199
vn 0.6005829572677612 0.5689792037010193 -0.5617498159408569
vn -0.9972149133682251 -0.06533635407686234 -0.035966917872428894
vn 0.5907851457595825 0.37973347306251526 -0.7118816375732422
vn 0.5345415472984314 0.4022865891456604 -0.7432569265365601
vn 0.5035854578018188 0.4062625467777252 -0.7624647617340088
vn 0.5215660333633423 0.39736559987068176 -0.7550294995307922
vn 0.69053053855896 0.361248254776001 -0.6266317963600159
vn -0.9863189458847046 -0.15380215644836426 -0.059329137206077576
vn 0.604078471660614 0.3780852258205414 -0.7015275359153748
vn 0.5446853637695312 0.4294055104255676 -0.7203671336174011
vn 0.4959453344345093 0.4577406048774719 -0.7379104495048523
vn -0.9437606334686279 -0.3111281394958496 -0.11187144368886948
vn 0.6257874369621277 0.4008786678314209 -0.669093668460846
vn -0.8769168257713318 -0.47597020864486694 -0.06685275584459305
vn -0.8933062553405762 -0.4402792453765869 -0.0903225913643837
vn 0.8139013051986694 0.25141388177871704 -0.5237898826599121
vn 0.7141612768173218 0.34607651829719543 -0.6084445118904114
vn 0.555767297744751 0.45421433448791504 -0.6962844133377075
vn 0.5402159094810486 0.4882560670375824 -0.6853997707366943
vn -0.8918839693069458 -0.43178486824035645 -0.1345539391040802
vn 0.8875561952590942 0.15004701912403107 -0.43557989597320557
vn 0.8496711254119873 0.22929245233535767 -0.4748516082763672
vn 0.7515751123428345 0.30956920981407166 -0.5824960470199585
vn -0.9270028471946716 -0.34778136014938354 -0.14040593802928925
vn 0.9095291495323181 0.1577184945344925 -0.3845539391040802
vn 0.8669864535331726 0.21207647025585175 -0.4509525001049042
vn 0.787474513053894 0.2852120101451874 -0.5463863015174866
vn -0.9503371119499207 -0.27167463302612305 -0.15182968974113464
vn 0.9247105717658997 0.1521073579788208 -0.3489607870578766
vn -0.9637580513954163 -0.19640454649925232 -0.18054254353046417
vn 0.9222510457038879 0.17354094982147217 -0.3454512357711792
vn -0.973959743976593 -0.148134246468544 -0.17163541913032532
vn 0.9169783592224121 0.19669900834560394 -0.3470737040042877
vn -0.9871882796287537 -0.0770951434969902 -0.1396985948085785
vn 0.9100896120071411 0.21262109279632568 -0.3557095527648926
vn -0.9940526485443115 0.0016966465627774596 -0.1088874489068985
vn 0.9038652777671814 0.24385958909988403 -0.3515111804008484
vn -0.9933907985687256 0.07397320121526718 -0.08776486665010452
vn 0.8909590244293213 0.27366816997528076 -0.3623505234718323
vn 0.8774557709693909 0.31802040338516235 -0.35907435417175293
vn 0.8821367621421814 0.30214357376098633 -0.3613087832927704
vn -0.9874888062477112 0.13101981580257416 -0.08774793148040771
vn 0.8581050634384155 0.32788434624671936 -0.3951551914215088
vn 0.8731054663658142 0.3302527368068695 -0.35863634943962097
vn 0.8729408383369446 0.32465696334838867 -0.36410459876060486
vn -0.9795620441436768 0.15559612214565277 -0.12746784090995789
vn 0.8595176935195923 0.33972153067588806 -0.3818620443344116
vn 0.8737384676933289 0.33515414595603943 -0.3524951636791229
vn 0.8687970042228699 0.3424205183982849 -0.3576869070529938
vn -0.9745237231254578 0.1295226514339447 -0.1831049770116806
vn 0.842718780040741 0.3681298494338989 -0.3928174376487732
vn -0.9275377988815308 0.13566242158412933 -0.34823763370513916
vn 0.8063014149665833 0.399845153093338 -0.43589213490486145
vn -0.8602574467658997 0.012138593010604382 -0.5097154974937439
vn 0.7946640253067017 0.3720482885837555 -0.47967615723609924
vn -0.7808851003646851 -0.04543616622686386 -0.6230200529098511
vn 0.7981297969818115 0.3013543486595154 -0.5217034220695496
vn -0.6947930455207825 -0.06338018923997879 -0.7164115905761719
vn 0.8052091598510742 0.1788361370563507 -0.5653811693191528
vn 0.6426323652267456 0.11405881494283676 -0.7576373219490051
vn 0.7666323781013489 0.11084147542715073 -0.6324468851089478
vn -0.6292977929115295 -0.04785817489027977 -0.7756893038749695
vn 0.4286922514438629 0.13206806778907776 -0.893745481967926
vn 0.6310520172119141 0.09059973061084747 -0.7704318165779114
vn 0.7613601088523865 0.04616771638393402 -0.646683394908905
vn -0.6060797572135925 -0.001701344852335751 -0.7954021096229553
vn 0.37309208512306213 0.12332569062709808 -0.9195613861083984
vn 0.5793488621711731 0.08146512508392334 -0.8109983801841736
vn 0.7210983037948608 0.005921193864196539 -0.6928074955940247
vn -0.6153640747070312 0.09004468470811844 -0.7830830812454224
vn 0.3362695574760437 0.1422240138053894 -0.9309646487236023
vn 0.5062658190727234 0.10670315474271774 -0.8557507395744324
vn 0.6553822755813599 0.01287673320621252 -0.7551875710487366
vn -0.5876275300979614 0.2597394585609436 -0.7663089036941528
vn 0.3027641475200653 0.2187502533197403 -0.9276217818260193
vn -0.2318587303161621 0.33782729506492615 -0.9122030138969421
vn 0.11713725328445435 0.31822267174720764 -0.9407514333724976
vn 0.4588215947151184 0.18912973999977112 -0.8681662678718567
vn 0.5787668228149414 0.10355857759714127 -0.8088909387588501
vn -0.3881397247314453 0.43083271384239197 -0.814696729183197
vn -0.020934933796525 0.46703484654426575 -0.8839911222457886
vn -0.4614975154399872 0.5684440732002258 -0.6810957789421082
vn -0.19197048246860504 0.61900794506073 -0.7615618705749512
vn -0.013259811326861382 -0.938735842704773 0.34438228607177734
vn 0.21851085126399994 -0.9199513792991638 0.3254879415035248
vn -0.2509188652038574 -0.883411169052124 0.39575812220573425
vn 0.32194963097572327 -0.84690922498703 0.42319416999816895
vn -0.0502714142203331 -0.8642462491989136 0.5005508661270142
vn 0.15671518445014954 -0.885417640209198 0.4375796914100647
vn -0.3701145052909851 -0.7760056853294373 0.5107157230377197
vn 0.3701484501361847 -0.7856950759887695 0.49565452337265015
vn -0.7282083630561829 -0.5499891042709351 0.4089309573173523
vn -0.4183351993560791 -0.7009603977203369 0.5776246786117554
vn 0.4921754002571106 -0.7560710906982422 0.4314161539077759
vn 0.6097223162651062 -0.7162758111953735 0.33939310908317566
vn -0.12716005742549896 -0.7823108434677124 0.6097705364227295
vn 0.17088204622268677 -0.805658757686615 0.5671977996826172
vn -0.932214617729187 -0.2567288875579834 0.2550809979438782
vn 0.648593544960022 -0.6689212322235107 0.36314040422439575
vn -0.9813702702522278 -0.10882711410522461 0.15833239257335663
vn 0.6755289435386658 -0.6242609620094299 0.3923760652542114
vn 0.712550938129425 -0.6052557229995728 0.35487574338912964
vn 0.7262588143348694 -0.6092408299446106 0.3183923661708832
vn -0.9940173029899597 0.06184322014451027 0.09002790600061417
vn 0.7249319553375244 -0.5968180298805237 0.3439215123653412
vn -0.9559475183486938 0.28722047805786133 0.06057089567184448
vn 0.7286591529846191 -0.5801198482513428 0.3640286922454834
vn -0.8758566379547119 0.48076894879341125 0.0416710190474987
vn -0.8179927468299866 0.5740049481391907 0.03750106692314148
vn 0.7130939364433289 -0.5957129001617432 0.36962589621543884
vn 0.6758743524551392 -0.625224769115448 0.39024078845977783
vn -0.8057258129119873 0.5912295579910278 0.035405851900577545
vn 0.6722899675369263 -0.6057897210121155 0.4254937767982483
vn 0.7280072569847107 -0.5716186165809631 0.37849390506744385
vn 0.7089530825614929 -0.5840100646018982 0.3953704535961151
vn -0.8359515070915222 0.5487918257713318 0.0035573337227106094
vn 0.6246677041053772 -0.6280056834220886 0.46411123871803284
vn -0.8724989891052246 0.48526260256767273 -0.05714751407504082
vn 0.6331201195716858 -0.6058111786842346 0.4818213880062103
vn -0.872230052947998 0.48575645685195923 -0.0570567287504673
vn -0.8982189893722534 0.4372003674507141 -0.04537109658122063
vn 0.5832979679107666 -0.6159250736236572 0.5295279026031494
vn 0.517707109451294 -0.6134709715843201 0.5963494777679443
vn -0.9409058094024658 0.33142784237861633 -0.06965585052967072
vn 0.5392511487007141 -0.5623364448547363 0.6268858909606934
vn -0.9681980609893799 0.23493914306163788 -0.08600044250488281
vn 0.5533674359321594 -0.5050334334373474 0.6623637676239014
vn 0.449111670255661 -0.5052369236946106 0.7369087338447571
vn 0.3638479709625244 -0.5133609771728516 0.7772226929664612
vn 0.3287287950515747 -0.5390670299530029 0.775463879108429
vn 0.3670249283313751 -0.5577940940856934 0.7444182634353638
vn -0.9835333228111267 0.16144581139087677 -0.08122459799051285
vn 0.33826661109924316 -0.43908149003982544 0.8323360085487366
vn 0.5173249840736389 -0.42337632179260254 0.7437253594398499
vn 0.40909191966056824 -0.41036197543144226 0.8150134682655334
vn 0.32494378089904785 -0.4158836007118225 0.849383533000946
vn 0.3086046278476715 -0.4544541835784912 0.8356043100357056
vn -0.993197500705719 0.09489212185144424 -0.06748529523611069
vn 0.3354748785495758 -0.2141815721988678 0.9173782467842102
vn 0.4753672182559967 -0.18530058860778809 0.8600521683692932
vn 0.6351078748703003 -0.15423181653022766 0.7568689584732056
vn 0.5729070901870728 -0.3536241948604584 0.7394102215766907
vn 0.5086212754249573 -0.2814107835292816 0.8137029409408569
vn 0.37435922026634216 -0.22695089876651764 0.8990820050239563
vn 0.29130488634109497 -0.23080600798130035 0.9283695816993713
vn -0.9969646334648132 0.06122228875756264 -0.04809729754924774
vn 0.5452330112457275 0.3068789541721344 0.780093789100647
vn 0.4986096918582916 0.03805967792868614 0.8659906387329102
vn 0.3416094183921814 0.10931183397769928 0.9334633946418762
vn 0.2925131022930145 0.12346881628036499 0.9482571482658386
vn 0.4403362572193146 0.11483735591173172 0.8904585242271423
vn -0.9990957975387573 0.03532000258564949 -0.023666387423872948
vn 0.26667338609695435 0.7830016016960144 0.5619553327560425
vn 0.5916295647621155 0.8061133027076721 -0.012483698315918446
vn 0.3261707127094269 0.9123430848121643 0.24747292697429657
vn 0.15692734718322754 0.9286250472068787 0.3361984193325043
vn 0.05612239986658096 0.9352428913116455 0.3495297431945801
vn 0.6035515666007996 0.48770904541015625 0.6307657361030579
vn 0.3848612308502197 0.5443154573440552 0.7453875541687012
vn 0.24965712428092957 0.5914640426635742 0.7667083740234375
vn 0.24663494527339935 0.5689302682876587 0.7845314145088196
vn -0.9999263882637024 -0.007866248488426208 -0.009238503873348236
vn 0.8898237943649292 0.4562062919139862 -0.009465581737458706
vn -0.9968955516815186 -0.07847680896520615 -0.006382408086210489
vn 0.9380977153778076 0.2905510663986206 -0.1885545700788498
vn 0.6307308077812195 0.3856382966041565 -0.6733956933021545
vn 0.8598389625549316 0.2874637842178345 -0.4219495356082916
vn -0.9822588562965393 -0.18717506527900696 -0.011533142067492008
vn 0.4735879898071289 0.4850437343120575 -0.7351509928703308
vn 0.5647140741348267 0.5401225090026855 -0.6239917874336243
vn 0.8270854353904724 0.38741427659988403 -0.4072345197200775
vn -0.942829430103302 -0.33287957310676575 -0.016245108097791672
vn 0.4932681620121002 0.6466406583786011 -0.5818439722061157
vn -0.8866782188415527 -0.4622027277946472 0.013052008114755154
vn -0.8982824683189392 -0.43941590189933777 -0.0015065377810969949
vn 0.5971969366073608 0.4644882082939148 -0.6539163589477539
vn 0.6232542991638184 0.5480535626411438 -0.557845413684845
vn 0.4776511788368225 0.773781955242157 -0.4160660207271576
vn 0.7083736062049866 0.6582503318786621 -0.254781037569046
vn -0.9084534645080566 -0.4156069755554199 -0.044533953070640564
vn 0.65574049949646 0.38662058115005493 -0.648482084274292
vn 0.6737683415412903 0.3991834223270416 -0.6218430995941162
vn 0.7276884317398071 0.4498084783554077 -0.5178242325782776
vn -0.941345751285553 -0.33417853713035583 -0.0468289889395237
vn 0.6967086791992188 0.3500388562679291 -0.6261547803878784
vn 0.8310554027557373 0.22572913765907288 -0.5083240866661072
vn 0.7485102415084839 0.2928175926208496 -0.5949708819389343
vn 0.6997858285903931 0.3655295670032501 -0.6137491464614868
vn 0.775092601776123 0.3540242612361908 -0.5233529210090637
vn -0.9607679843902588 -0.2683640420436859 -0.07004079222679138
vn 0.8970035910606384 0.17853869497776031 -0.4043617844581604
vn 0.8458566069602966 0.2144230455160141 -0.4884151518344879
vn 0.7716920971870422 0.25306957960128784 -0.5834785103797913
vn -0.9775082468986511 -0.19530536234378815 -0.07958383858203888
vn 0.8950839042663574 0.19542233645915985 -0.4007928669452667
vn 0.8485473990440369 0.22712066769599915 -0.47789496183395386
vn 0.7840392589569092 0.2588459849357605 -0.5641641616821289
vn -0.9901481866836548 -0.12505368888378143 -0.06299453228712082
vn 0.8912186026573181 0.2112467736005783 -0.4013778567314148
vn 0.8536357283592224 0.2437489777803421 -0.4603179097175598
vn 0.8009915947914124 0.2902928590774536 -0.5235862135887146
vn -0.9978656768798828 -0.047894202172756195 -0.04438873007893562
vn 0.8873736262321472 0.23171992599964142 -0.3985898792743683
vn 0.8577948212623596 0.25831592082977295 -0.44436579942703247
vn 0.8283207416534424 0.30164796113967896 -0.472115695476532
vn -0.9992748498916626 0.022048160433769226 -0.031042756512761116
vn 0.8882170915603638 0.25398576259613037 -0.3828337490558624
vn -0.9970772862434387 0.06967869400978088 -0.031333960592746735
vn 0.8771693706512451 0.2698809504508972 -0.3971627950668335
vn -0.9949612021446228 0.08383389562368393 -0.05499173700809479
vn 0.8680168390274048 0.3062129020690918 -0.3908713459968567
vn -0.9926475882530212 0.059412941336631775 -0.1054559201002121
vn 0.8511538505554199 0.35971200466156006 -0.38228848576545715
vn 0.8747735619544983 0.33503133058547974 -0.35003605484962463
vn 0.8638352751731873 0.35446634888648987 -0.35796964168548584
vn -0.9805024266242981 0.009960053488612175 -0.1962544173002243
vn 0.8681113719940186 0.33559828996658325 -0.36572739481925964
vn 0.8842124938964844 0.3105301260948181 -0.3489117920398712
vn 0.8747949004173279 0.3366134464740753 -0.34846141934394836
vn -0.941268801689148 -0.08378911018371582 -0.32709696888923645
vn 0.8533180356025696 0.3289276659488678 -0.40454283356666565
vn -0.8769515156745911 -0.15170253813266754 -0.4560069739818573
vn 0.8593993782997131 0.2819121778011322 -0.42656558752059937
vn -0.8165713548660278 -0.16269774734973907 -0.5538418292999268
vn 0.86623615026474 0.20076608657836914 -0.4575237035751343
vn -0.897791862487793 -0.1889476180076599 -0.39782989025115967
vn -0.8512137532234192 -0.22398485243320465 -0.47462183237075806
vn -0.7799121737480164 -0.11384644359350204 -0.6154478192329407
vn 0.8710967302322388 0.10691960901021957 -0.47933146357536316
vn -0.9080678224563599 -0.13366705179214478 -0.39692065119743347
vn -0.8548640608787537 -0.15162412822246552 -0.4962031841278076
vn -0.768135666847229 -0.06738054752349854 -0.6367319226264954
vn 0.8408646583557129 0.03925605118274689 -0.5398199558258057
vn -0.9153063297271729 -0.08991777151823044 -0.3925929665565491
vn -0.8557813167572021 -0.10580454766750336 -0.5064027309417725
vn -0.7680230140686035 -0.005001322831958532 -0.6404027342796326
vn 0.8037441372871399 -0.06311799585819244 -0.5916177034378052
vn -0.9246208667755127 -0.037561312317848206 -0.3790322244167328
vn -0.8603092432022095 -0.058962780982255936 -0.5063510537147522
vn -0.7648414969444275 0.09483262151479721 -0.6372003555297852
vn 0.7346129417419434 -0.12811776995658875 -0.6662805080413818
vn -0.9337479472160339 0.036459390074014664 -0.35606950521469116
vn -0.8674136400222778 0.007528935093432665 -0.49753090739250183
vn 0.6512434482574463 -0.24666918814182281 -0.7176603674888611
vn 0.5606412887573242 -0.4358394145965576 -0.7040776610374451
vn -0.7679269909858704 0.22696740925312042 -0.5989774465560913
vn 0.6447858810424805 -0.03138631954789162 -0.7637186050415039
vn 0.441848486661911 0.26558631658554077 -0.8568744659423828
vn 0.5574302673339844 0.13185708224773407 -0.8196860551834106
vn -0.9317243099212646 0.1465396136045456 -0.33228909969329834
vn -0.8737269043922424 0.11536063998937607 -0.4725392460823059
vn 0.554960310459137 0.03563319891691208 -0.8311132788658142
vn 0.5120376348495483 -0.16570515930652618 -0.8428282141685486
vn -0.6938852071762085 0.37961018085479736 -0.6118983030319214
vn 0.27495235204696655 0.3729458153247833 -0.886178731918335
vn -0.9033039808273315 0.27498605847358704 -0.32927900552749634
vn -0.8457691669464111 0.29460227489471436 -0.4448416829109192
vn 0.32907941937446594 0.42396366596221924 -0.8437781929969788
vn 0.4697587490081787 0.2830093204975128 -0.8362011909484863
vn 0.4923134744167328 0.2697780728340149 -0.8275550007820129
vn 0.5100687146186829 0.18996763229370117 -0.838893473148346
vn 0.5064199566841125 0.12840932607650757 -0.852672278881073
vn 0.7121751308441162 0.11750071495771408 -0.6920984387397766
vn -0.6487190127372742 0.5732370018959045 -0.5005626082420349
vn 0.11661048233509064 0.5449848175048828 -0.8302972912788391
vn -0.46386948227882385 0.7084987163543701 -0.5318409204483032
vn -0.11525145918130875 0.6928476095199585 -0.7118141055107117
vn -0.862326979637146 0.4099717140197754 -0.2971791923046112
vn -0.7582206726074219 0.5136014223098755 -0.4016404449939728
vn 0.1445448100566864 0.6210367679595947 -0.770337700843811
vn 0.34728512167930603 0.4741736650466919 -0.8090441226959229
vn 0.44468849897384644 0.454670250415802 -0.7717040181159973
vn 0.5318266749382019 0.4552474021911621 -0.7140800356864929
vn 0.5222524404525757 0.4928300082683563 -0.6959676146507263
vn 0.6024428009986877 0.45481473207473755 -0.6559011936187744
vn -0.5107793807983398 0.7095809578895569 -0.4853857755661011
vn -0.16679605841636658 0.7540695667266846 -0.6352622509002686
vn 0.0712159126996994 0.7484529614448547 -0.6593530774116516
vn 0.2723342478275299 0.6421219706535339 -0.7165985703468323
vn -0.5070381164550781 0.7838563323020935 -0.3584432899951935
vn -0.22371183335781097 0.8511368632316589 -0.47488847374916077
vn -0.04010050743818283 0.8753688931465149 -0.48178958892822266
vn 0.12933626770973206 0.8492279648780823 -0.5119414329528809
vn -0.6692759990692139 -0.6054556965827942 0.43068915605545044
vn -0.3949628174304962 -0.7450129985809326 0.537550151348114
vn -0.0355721041560173 -0.7843614220619202 0.6192833781242371
vn 0.28909197449684143 -0.7801361083984375 0.5548093914985657
vn 0.4346161186695099 -0.7567789554595947 0.4882565140724182
vn 0.5619534254074097 -0.7159967422485352 0.4141944944858551
vn -0.8817656636238098 -0.37897610664367676 0.28083181381225586
vn 0.6045411229133606 -0.6600401401519775 0.44595640897750854
vn -0.7697792053222656 -0.49157217144966125 0.40718144178390503
vn -0.46203163266181946 -0.6948248147964478 0.551131010055542
vn -0.1280350685119629 -0.7957083582878113 0.5919926166534424
vn 0.1700294464826584 -0.7977264523506165 0.5785520672798157
vn 0.3760059177875519 -0.7389695048332214 0.5590559840202332
vn 0.5086851119995117 -0.6965520977973938 0.5060185194015503
vn -0.9477612376213074 -0.22602610290050507 0.22507984936237335
vn 0.6224310398101807 -0.6265705823898315 0.4690297842025757
vn 0.6524524688720703 -0.6305317878723145 0.42039912939071655
vn 0.7063061594963074 -0.6082208156585693 0.362214058637619
vn -0.8325992226600647 -0.3750438392162323 0.4075790047645569
vn -0.5936495065689087 -0.5817664861679077 0.5559929013252258
vn -0.2590502202510834 -0.7478645443916321 0.611221432685852
vn 0.06646460294723511 -0.8104315996170044 0.5820507407188416
vn 0.32233744859695435 -0.7734920382499695 0.5457185506820679
vn 0.5250588655471802 -0.6803907752037048 0.5112550854682922
vn -0.9893344640731812 0.010791421867907047 0.14526143670082092
vn 0.7179403901100159 -0.591876745223999 0.366392582654953
vn 0.642657458782196 -0.6536099910736084 0.39973169565200806
vn 0.6869989037513733 -0.6187094449996948 0.38109222054481506
vn -0.9705992937088013 0.19392623007297516 0.1425822228193283
vn 0.727625846862793 -0.5794854164123535 0.36709311604499817
vn -0.8764038681983948 0.4744177460670471 0.08272912353277206
vn -0.8228235244750977 0.5641648173332214 0.06840736418962479
vn 0.6511087417602539 -0.6492018699645996 0.3931848704814911
vn 0.6945228576660156 -0.611180305480957 0.37960079312324524
vn -0.8414745926856995 0.5358739495277405 0.06899025291204453
vn 0.7420101761817932 -0.5572501420974731 0.3726837635040283
vn 0.7303070425987244 -0.5606055855751038 0.3903498649597168
vn 0.7063225507736206 -0.5764760971069336 0.41083306074142456
vn -0.9007946252822876 0.4342239797115326 -0.004318381659686565
vn 0.6811543703079224 -0.5864701271057129 0.43827104568481445
vn 0.7421532273292542 -0.5466300845146179 0.3878198564052582
vn 0.7188899517059326 -0.5638666749000549 0.4065115749835968
vn -0.9264527559280396 0.3575495779514313 -0.11765893548727036
vn 0.6792072653770447 -0.5798824429512024 0.44990426301956177
vn -0.896361768245697 0.4284364581108093 -0.11392024159431458
vn -0.9130814671516418 0.3981403708457947 -0.08812855184078217
vn 0.6647788882255554 -0.5639223456382751 0.4899597764015198
vn 0.6009458899497986 -0.5677050948143005 0.5626499056816101
vn 0.7550943493843079 -0.5254753232002258 0.3920564651489258
vn 0.7193945050239563 -0.5513075590133667 0.422529935836792
vn -0.9468597173690796 0.2991810739040375 -0.11809905618429184
vn 0.6161862015724182 -0.5333138108253479 0.5795609354972839
vn -0.9177337884902954 0.35210928320884705 -0.18380358815193176
vn -0.9220175743103027 0.3589489758014679 -0.14504919946193695
vn 0.7014658451080322 -0.519453763961792 0.4879686236381531
vn 0.6520240306854248 -0.5399705171585083 0.5322561264038086
vn -0.9638957977294922 0.2336619794368744 -0.1276990920305252
vn 0.6501126289367676 -0.4706130921840668 0.5965542793273926
vn -0.9236946702003479 0.30798080563545227 -0.2278948426246643
vn -0.9354094862937927 0.3028160631656647 -0.18251465260982513
vn 0.7187545895576477 -0.5001835823059082 0.4829164445400238
vn 0.6826004981994629 -0.5060155987739563 0.5272616147994995
vn -0.9813615679740906 0.16153337061405182 -0.10409874469041824
vn 0.6107471585273743 -0.4164172410964966 0.6734868884086609
vn -0.9874704480171204 0.1262878179550171 -0.09462324529886246
vn 0.6521839499473572 -0.3061296343803406 0.6934990286827087
vn 0.5918445587158203 -0.23411159217357635 0.77130526304245
vn 0.5793548226356506 -0.13584569096565247 0.8036752939224243
vn -0.9921884536743164 0.10894274711608887 -0.06077468395233154
vn 0.6462445259094238 0.08032234758138657 0.7588915228843689
vn 0.6570162773132324 -0.15902091562747955 0.7369138598442078
vn 0.6241025328636169 -0.0993141457438469 0.775005042552948
vn -0.9974802732467651 0.06236453726887703 -0.03382096812129021
vn 0.8155377507209778 0.29073208570480347 0.5003730058670044
vn 0.7208306789398193 -0.07761594653129578 0.688751757144928
vn 0.7009114623069763 0.006189847365021706 0.7132214903831482
vn -0.9998066425323486 0.009972261264920235 -0.016950640827417374
vn 0.9277178049087524 0.203791081905365 0.312744140625
vn 0.761877179145813 -0.007487477269023657 0.6476781964302063
vn 0.7916321754455566 0.04771341383457184 0.6091321706771851
vn -0.9975876212120056 -0.0694129467010498 0.0008632710669189692
vn 0.9493876695632935 0.16906562447547913 0.26472610235214233
vn 0.7815199494361877 0.07892470061779022 0.6188678741455078
vn 0.8393150568008423 0.08101209253072739 0.5375754237174988
vn -0.9830723404884338 -0.18245555460453033 0.016699060797691345
vn 0.9721615314483643 0.22548170387744904 0.06371805816888809
vn 0.7843268513679504 0.2103489339351654 0.5835964679718018
vn 0.8654783964157104 0.16410993039608002 0.47330236434936523
vn -0.9490004777908325 -0.3124065697193146 0.04243011772632599
vn 0.9143986105918884 0.4031541347503662 0.03663310408592224
vn -0.8909904956817627 -0.4498988091945648 0.06104966625571251
vn -0.9000110030174255 -0.4321131408214569 0.05708319693803787
vn 0.6242160201072693 0.7811123728752136 -0.014760810881853104
vn 0.7547288537025452 0.6095210313796997 0.24262847006320953
vn 0.7554616332054138 0.4651123881340027 0.4614630937576294
vn 0.8574305176734924 0.2880854308605194 0.42640334367752075
vn -0.9123964309692383 -0.4085971713066101 0.024107158184051514
vn 0.8107916116714478 0.5418384671211243 -0.22142280638217926
vn -0.9034548997879028 -0.422544002532959 0.07229004800319672
vn -0.8957512378692627 -0.4356573820114136 0.08850079774856567
vn -0.9364773035049438 -0.3498930037021637 0.024192439392209053
vn 0.9195237159729004 0.3141487240791321 -0.23619218170642853
vn 0.7484626770019531 0.3215949237346649 -0.5799830555915833
vn 0.8730844855308533 0.2842107117176056 -0.39616629481315613
vn -0.9157560467720032 -0.3940385580062866 0.07825950533151627
vn -0.8926993012428284 -0.4395672082901001 0.09934177249670029
vn -0.9634479284286499 -0.2678685486316681 -0.003829173743724823
vn 0.7169989943504333 0.29903486371040344 -0.6296749711036682
vn 0.7640547752380371 0.2703803479671478 -0.5857600569725037
vn 0.8905118703842163 0.21632690727710724 -0.40023916959762573
vn -0.979479193687439 -0.20151205360889435 0.003668026067316532
vn 0.7290744781494141 0.2847844064235687 -0.622373104095459
vn 0.7455154061317444 0.29877546429634094 -0.5957685112953186
vn 0.8786060810089111 0.2035524994134903 -0.43199270963668823
vn -0.9926896095275879 -0.12064313143491745 0.003554829629138112
vn 0.7239239811897278 0.3437172770500183 -0.5981577038764954
vn 0.7154700756072998 0.4222235083580017 -0.556623637676239
vn 0.8363826274871826 0.3007880747318268 -0.45824745297431946
vn -0.9991887211799622 -0.03955733776092529 0.007558133453130722
vn 0.7519028186798096 0.47750231623649597 -0.4545697569847107
vn 0.8564978241920471 0.28763705492019653 -0.42857491970062256
vn 0.8517287373542786 0.3529514968395233 -0.3872770369052887
vn 0.6743437647819519 0.6311498880386353 -0.3832888603210449
vn 0.771864116191864 0.5405610203742981 -0.3346932828426361
vn -0.9998205900192261 0.01793091744184494 0.006107462104409933
vn 0.8694342374801636 0.2594602406024933 -0.42043375968933105
vn 0.8706833720207214 0.2761166989803314 -0.4070259630680084
vn 0.8886260986328125 0.3011849820613861 -0.34587761759757996
vn -0.9992313981056213 0.037962548434734344 -0.009776493534445763
vn 0.86309415102005 0.2836058437824249 -0.41789501905441284
vn 0.8671568036079407 0.2979678511619568 -0.399066686630249
vn 0.9043548703193665 0.2707228660583496 -0.3299265205860138
vn -0.9987967610359192 0.013716827146708965 -0.04708351939916611
vn 0.8456133008003235 0.33931317925453186 -0.4120737612247467
vn 0.8477731347084045 0.3679686188697815 -0.38194218277931213
vn 0.8966227173805237 0.3019590973854065 -0.3238648772239685
vn -0.99217689037323 -0.05336186662316322 -0.11286081373691559
vn 0.8252393007278442 0.41767093539237976 -0.38017240166664124
vn 0.82305508852005 0.4661928415298462 -0.3244142532348633
vn 0.8614028692245483 0.41368743777275085 -0.29469969868659973
vn -0.9640036225318909 -0.16023676097393036 -0.21218226850032806
vn 0.8531807065010071 0.3905915319919586 -0.3457182049751282
vn 0.8936805129051208 0.29262688755989075 -0.3401539623737335
vn 0.8865512609481812 0.33209604024887085 -0.3220856487751007
vn -0.8959924578666687 -0.2794818878173828 -0.34509050846099854
vn 0.886541485786438 0.2813127040863037 -0.3672974407672882
vn -0.8785578012466431 -0.3783065378665924 -0.29158255457878113
vn -0.8599159121513367 -0.39853259921073914 -0.31893008947372437
vn 0.9112986922264099 0.225176140666008 -0.3447178602218628
vn 0.9128886461257935 0.2724829614162445 -0.3039529323577881
vn -0.8520334959030151 -0.26728567481040955 -0.450108140707016
vn 0.8954049348831177 0.20849518477916718 -0.393420547246933
vn -0.9165039658546448 -0.23806902766227722 -0.32147106528282166
vn -0.8755537867546082 -0.27809518575668335 -0.3950553238391876
vn -0.9010157585144043 -0.3071424663066864 -0.3063235282897949
vn -0.8693783283233643 -0.3339228928089142 -0.3642483055591583
vn 0.9219321608543396 0.13383835554122925 -0.36349472403526306
vn 0.9388907551765442 0.17109937965869904 -0.2986791133880615
vn -0.9367327690124512 -0.17515358328819275 -0.30307257175445557
vn 0.8984885811805725 0.11599314957857132 -0.42339566349983215
vn 0.9182720184326172 0.021843353286385536 -0.3953472375869751
vn 0.9475349187850952 0.04988086596131325 -0.3157365620136261
vn -0.947858452796936 -0.12054947763681412 -0.29501229524612427
vn 0.8869257569313049 0.014853617176413536 -0.46167317032814026
vn 0.8941715359687805 -0.1030752956867218 -0.43569812178611755
vn 0.9343615174293518 -0.08584695309400558 -0.3458308279514313
vn -0.9588319659233093 -0.06440838426351547 -0.27657350897789
vn 0.8569539785385132 -0.09681008756160736 -0.5062190890312195
vn 0.8494420647621155 -0.22523921728134155 -0.47719547152519226
vn 0.8950838446617126 -0.2224213182926178 -0.38646310567855835
vn -0.9685503840446472 -0.0018998574232682586 -0.24881035089492798
vn 0.8038429617881775 -0.19838766753673553 -0.5607842206954956
vn 0.7535676956176758 -0.2701207399368286 -0.5993083715438843
vn 0.7107559442520142 -0.465813010931015 -0.5271092653274536
vn 0.792443037033081 -0.316709965467453 -0.5212761163711548
vn 0.845311164855957 -0.3295256197452545 -0.42054951190948486
vn -0.9734804034233093 0.07452311366796494 -0.2162918895483017
vn 0.6048740148544312 -0.5655505061149597 -0.5606069564819336
vn 0.6453543305397034 -0.5536490082740784 -0.5262988805770874
vn 0.8501429557800293 -0.4030500054359436 -0.33883294463157654
vn -0.9688928723335266 0.16295965015888214 -0.18625448644161224
vn 0.5384562611579895 -0.4357541799545288 -0.7212372422218323
vn 0.5272066593170166 -0.19286398589611053 -0.8275606632232666
vn 0.6898228526115417 -0.1266041398048401 -0.7128224968910217
vn 0.6422956585884094 -0.373697966337204 -0.6691832542419434
vn 0.829372227191925 -0.3015325367450714 -0.47034013271331787
vn -0.9540516138076782 0.254323273897171 -0.1584465652704239
vn 0.9200839400291443 -0.08938892930746078 -0.3813859224319458
vn -0.8965728878974915 0.4143569767475128 -0.156414195895195
vn 0.9005424380302429 0.22056980431079865 -0.37466299533843994
vn -0.7401584386825562 0.6273894906044006 -0.2419668734073639
vn -0.6966022253036499 0.6469075083732605 -0.31025150418281555
vn 0.5718228220939636 0.5649667382240295 -0.5948372483253479
vn 0.6494638919830322 0.6491865515708923 -0.3959210515022278
vn 0.6139406561851501 0.7240844964981079 -0.3142905831336975
vn 0.7650185227394104 0.5870082974433899 -0.26489242911338806
vn -0.7325077652931213 0.6494019627571106 -0.20422887802124023
vn 0.4216907322406769 0.6146247982978821 -0.6666433811187744
vn 0.5134152770042419 0.7102139592170715 -0.481664776802063
vn 0.6913284659385681 0.6426366567611694 -0.33027729392051697
vn -0.6199631690979004 0.7716518640518188 -0.14212362468242645
vn 0.27983376383781433 0.7949010133743286 -0.5383543968200684
vn -0.27341601252555847 0.9292027950286865 -0.24864794313907623
vn -0.10000520944595337 0.9621647000312805 -0.25345221161842346
vn 0.01639510504901409 0.9616425633430481 -0.2738153040409088
vn 0.15032508969306946 0.9413812756538391 -0.3019995093345642
vn 0.34077709913253784 0.876563549041748 -0.33986368775367737
vn 0.5487696528434753 0.7942952513694763 -0.2606665790081024
vn -0.7696705460548401 -0.3480432629585266 0.53523188829422
vn -0.506804883480072 -0.6143214106559753 0.6047793030738831
vn -0.07775267958641052 -0.8056220412254333 0.58730548620224
vn 0.2127259075641632 -0.8105950951576233 0.5456035733222961
vn 0.41534292697906494 -0.7704242467880249 0.48367011547088623
vn 0.5621842741966248 -0.703534722328186 0.4347272217273712
vn -0.9361225962638855 -0.14719361066818237 0.31938809156417847
vn 0.5959812998771667 -0.6898854970932007 0.4109310805797577
vn -0.8742095232009888 -0.002739307703450322 0.4855411648750305
vn -0.8081488013267517 -0.19969797134399414 0.5540904998779297
vn 0.4232788681983948 -0.7980923652648926 0.4288165271282196
vn 0.5169174075126648 -0.7386504411697388 0.4326568841934204
vn -0.9424827098846436 0.13250648975372314 0.30686885118484497
vn 0.6231954097747803 -0.662636399269104 0.4153801202774048
vn -0.8877792954444885 0.4218742251396179 0.18403854966163635
vn -0.8260144591331482 0.5334537029266357 0.18200857937335968
vn 0.6597693562507629 -0.645196259021759 0.3852612376213074
vn 0.7115427255630493 -0.5986484885215759 0.367868036031723
vn -0.8519593477249146 0.38023748993873596 0.3599787652492523
vn -0.8703927993774414 0.2850481867790222 0.4014524221420288
vn 0.46532896161079407 -0.7840196490287781 0.4108310639858246
vn 0.5640807151794434 -0.7159287929534912 0.4114108681678772
vn -0.9254645109176636 0.34534740447998047 0.155726358294487
vn 0.7447142004966736 -0.5625157356262207 0.3591334819793701
vn 0.6704971194267273 -0.6460748910903931 0.36472031474113464
vn 0.7120199203491211 -0.6053481698036194 0.35578256845474243
vn -0.9671750068664551 0.2522992789745331 -0.030290966853499413
vn 0.7613304853439331 -0.5317258238792419 0.37100353837013245
vn -0.9673134088516235 0.21244077384471893 -0.13846932351589203
vn 0.7802629470825195 -0.4998869001865387 0.37590277194976807
vn 0.7595790028572083 -0.506159782409668 0.40846312046051025
vn 0.7275755405426025 -0.5171041488647461 0.4508183002471924
vn -0.9393357634544373 0.27212733030319214 -0.2087942361831665
vn 0.7382029891014099 -0.49922409653663635 0.4536868929862976
vn 0.7815487384796143 -0.48142558336257935 0.3967505693435669
vn 0.7584900259971619 -0.49402159452438354 0.42501235008239746
vn -0.9235172271728516 0.28481054306030273 -0.25690269470214844
vn 0.7457124590873718 -0.4884374439716339 0.45314663648605347
vn -0.9250553250312805 0.29647743701934814 -0.23743194341659546
vn -0.9465930461883545 0.2627802789211273 -0.18683719635009766
vn 0.7419101595878601 -0.4592132568359375 0.488561749458313
vn 0.707943320274353 -0.44948822259902954 0.5447720885276794
vn 0.7952294945716858 -0.4561200439929962 0.39945533871650696
vn 0.7703125476837158 -0.472008615732193 0.42874985933303833
vn -0.9664974212646484 0.1985260248184204 -0.16269680857658386
vn 0.6988198757171631 -0.3947332799434662 0.5965203046798706
vn -0.9238049983978271 0.2811223268508911 -0.25991272926330566
vn -0.9405521750450134 0.2526751458644867 -0.2269735038280487
vn 0.7757019400596619 -0.38750097155570984 0.49812597036361694
vn 0.7351229190826416 -0.41300690174102783 0.5376055240631104
vn -0.9714685678482056 0.19039706885814667 -0.1414136290550232
vn 0.7269777655601501 -0.3066910207271576 0.614364743232727
vn -0.9240261316299438 0.2836360037326813 -0.2563713788986206
vn -0.9414961338043213 0.2512241303920746 -0.22465869784355164
vn 0.8010314702987671 -0.31224340200424194 0.510737419128418
vn 0.7553209662437439 -0.34661516547203064 0.5561907291412354
vn -0.9860766530036926 0.1375797539949417 -0.09340646117925644
vn 0.7272986769676208 -0.2024538815021515 0.6557812690734863
vn 0.8218996524810791 -0.2261422723531723 0.5228199362754822
vn 0.7728168368339539 -0.2651914358139038 0.5765654444694519
vn -0.9914969801902771 0.10085778683423996 -0.08222806453704834
vn 0.7556493878364563 -0.09564527869224548 0.6479553580284119
vn 0.8357111215591431 -0.14250440895557404 0.530357837677002
vn 0.7871810793876648 -0.167214035987854 0.5936206579208374
vn -0.9973494410514832 0.05120379105210304 -0.05169446021318436
vn 0.7698912024497986 -0.006392419338226318 0.6381431818008423
vn 0.8455036282539368 -0.06991730630397797 0.5293724536895752
vn 0.7978326678276062 -0.0804072842001915 0.5974929332733154
vn -0.9993839263916016 -0.029992010444402695 -0.018230587244033813
vn 0.7785817384719849 0.09629116952419281 0.6201117038726807
vn 0.8552269339561462 -0.0057853348553180695 0.518221378326416
vn 0.8061185479164124 0.0012800231343135238 0.5917527675628662
vn -0.9910188317298889 -0.13295432925224304 0.014315358363091946
vn 0.7914098501205444 0.23780828714370728 0.5631320476531982
vn 0.8711300492286682 0.04346465319395065 0.4891250431537628
vn 0.8203027844429016 0.08447295427322388 0.5656567811965942
vn -0.9743094444274902 -0.22274571657180786 0.03325021266937256
vn 0.8531838059425354 0.4042450189590454 0.32964131236076355
vn 0.8960411548614502 0.061967331916093826 0.43962523341178894
vn 0.857251763343811 0.15398168563842773 0.4913340210914612
vn -0.9343066811561584 -0.34962913393974304 0.06950277835130692
vn 0.9555490016937256 0.2615616023540497 0.13605765998363495
vn 0.922187089920044 0.04758916050195694 0.3838050067424774
vn 0.9123526811599731 0.14960749447345734 0.38109090924263
vn -0.908422589302063 -0.4063507914543152 0.09822138398885727
vn 0.981939435005188 0.16738469898700714 0.08818966150283813
vn -0.9033092856407166 -0.417760968208313 0.09750975668430328
vn -0.8933784365653992 -0.43593907356262207 0.10877563059329987
vn 0.9420223832130432 0.022313611581921577 0.33480745553970337
vn 0.9529395699501038 0.098282590508461 0.2867869436740875
vn -0.9461650848388672 -0.3187340199947357 0.05639414116740227
vn 0.9834237694740295 0.16154949367046356 -0.08233769237995148
vn 0.9546309113502502 0.006791745312511921 0.29771414399147034
vn 0.9755880832672119 0.07315415889024734 0.20706616342067719
vn -0.9724810719490051 -0.22936469316482544 0.04089656472206116
vn 0.9860448241233826 0.1059533879160881 -0.12841185927391052
vn 0.9594825506210327 0.029925262555480003 0.28017452359199524
vn 0.9883042573928833 0.041662827134132385 0.14669343829154968
vn -0.9911141395568848 -0.12786726653575897 0.036643173545598984
vn 0.9773080945014954 0.1412888616323471 -0.15781739354133606
vn 0.9496256113052368 0.14535439014434814 0.2776387631893158
vn 0.9892866015434265 0.0716368556022644 0.12720133364200592
vn -0.998356282711029 -0.04666212201118469 0.03327781707048416
vn 0.9280682802200317 0.3267945647239685 -0.178590789437294
vn 0.7531043291091919 0.6486390233039856 -0.11000609397888184
vn 0.8487071394920349 0.5286904573440552 0.013516766019165516
vn 0.8876913189888 0.41061529517173767 0.2083248645067215
vn 0.9669187068939209 0.22054846584796906 0.1281663179397583
vn -0.999740481376648 -0.005124248564243317 0.022198498249053955
vn 0.8968987464904785 0.39198651909828186 -0.20474204421043396
vn -0.9999120235443115 -0.012851403094828129 -0.003286723280325532
vn 0.9435099959373474 0.26618096232414246 -0.19732357561588287
vn -0.9961414337158203 -0.07313620299100876 -0.04851175844669342
vn 0.9473167061805725 0.24673083424568176 -0.2042423039674759
vn -0.9757486581802368 -0.18479320406913757 -0.11732890456914902
vn 0.9306105971336365 0.30458885431289673 -0.20295213162899017
vn 0.8164931535720825 0.5448399186134338 -0.1910194605588913
vn 0.8753300905227661 0.4508611857891083 -0.17470401525497437
vn -0.9042936563491821 -0.3594118058681488 -0.23038256168365479
vn 0.8295742869377136 0.4798365533351898 -0.28559306263923645
vn -0.8829379081726074 -0.4166289269924164 -0.2164279967546463
vn -0.8626611232757568 -0.44288963079452515 -0.24426354467868805
vn -0.8682465553283691 -0.47150200605392456 -0.15438206493854523
vn -0.8732828497886658 -0.45465466380119324 -0.17511802911758423
vn -0.9171100854873657 -0.33127090334892273 -0.22174037992954254
vn 0.8943106532096863 0.37071213126182556 -0.25056150555610657
vn -0.9403367638587952 -0.24817712604999542 -0.23275500535964966
vn 0.9488030076026917 0.23322007060050964 -0.21302899718284607
vn -0.9618364572525024 -0.16939394176006317 -0.21488696336746216
vn 0.9715288877487183 0.09816955775022507 -0.21562553942203522
vn -0.9778872132301331 -0.09237784892320633 -0.1876245141029358
vn 0.9720633029937744 -0.03934956714510918 -0.23139701783657074
vn -0.9880115985870361 -0.02249862067401409 -0.15273161232471466
vn 0.9533951878547668 -0.17935915291309357 -0.2426271140575409
vn -0.9923633337020874 0.04612991586327553 -0.11439932882785797
vn 0.9008485078811646 -0.37683582305908203 -0.21556131541728973
vn 0.6918221116065979 -0.651703953742981 -0.3109084665775299
vn 0.7356749176979065 -0.6124449968338013 -0.28929850459098816
vn -0.9897753596305847 0.12087967246770859 -0.07571560889482498
vn 0.9134453535079956 -0.4047197699546814 -0.04265614226460457
vn 0.8678980469703674 -0.494354784488678 0.04864589869976044
vn 0.8042675852775574 -0.5938958525657654 -0.02101045474410057
vn -0.9783276319503784 0.2039773315191269 -0.0356149859726429
vn 0.9838459491729736 -0.16957402229309082 -0.057374659925699234
vn 0.9452902674674988 -0.20513494312763214 0.2536652684211731
vn 0.9360131025314331 -0.305266797542572 0.17519037425518036
vn -0.9533005356788635 0.30201825499534607 0.001771291601471603
vn 0.9996100068092346 0.022481799125671387 0.01656534895300865
vn -0.8553676605224609 0.5085015296936035 0.09885609894990921
vn -0.7400256991386414 0.6493393778800964 0.1752723753452301
vn 0.9387966990470886 0.08237773180007935 0.33447667956352234
vn 0.9712285399436951 -0.06147897616028786 0.23007719218730927
vn -0.8848291039466858 0.46565017104148865 -0.01573183387517929
vn 0.9413571357727051 0.33579015731811523 0.03304089233279228
vn -0.7633848190307617 0.6363282799720764 -0.11104092001914978
vn -0.7005379796028137 0.7136029005050659 -0.004185127560049295
vn 0.7592277526855469 0.650066614151001 0.031409937888383865
vn 0.7927038669586182 0.5979589223861694 0.11859942227602005
vn -0.751517653465271 0.6576992273330688 0.051507867872714996
vn -0.6912786960601807 0.7103331089019775 0.13251709938049316
vn 0.8725860714912415 0.3919944763183594 0.29143446683883667
vn 0.9356565475463867 0.22697098553180695 0.2702426314353943
vn -0.7463525533676147 0.6640337705612183 0.04491182416677475
vn 0.8169419765472412 0.5731091499328613 -0.06443356722593307
vn -0.6205416917800903 0.7694778442382812 0.15110249817371368
vn -0.5023985505104065 0.8440002799034119 0.187774658203125
vn -0.6258974075317383 0.778426468372345 0.04800722375512123
vn 0.7625864148139954 0.6384797692298889 -0.10395029932260513
vn -0.3898991048336029 0.9178307056427002 -0.0746033638715744
vn -0.1880864053964615 0.9816691279411316 -0.030810710042715073
vn -0.07572847604751587 0.994831919670105 -0.06763643026351929
vn 0.0711279883980751 0.9925755262374878 -0.09866464883089066
vn 0.26887035369873047 0.9548831582069397 -0.1261226087808609
vn 0.5469005107879639 0.8332172632217407 -0.08154108375310898
vn -0.4180929958820343 0.9036179780960083 0.09312792867422104
vn -0.36054277420043945 0.9234792590141296 0.13112963736057281
vn -0.30535072088241577 -0.7962169051170349 0.5223022699356079
vn 0.17291276156902313 -0.8575748801231384 0.4844238758087158
vn -0.6940824389457703 -0.4563501179218292 0.5567713379859924
vn 0.2995559573173523 -0.8527145385742188 0.4279536008834839
vn -0.9208783507347107 -0.0606531985104084 0.3851029574871063
vn 0.39643430709838867 -0.7981597781181335 0.453630656003952
vn 0.5226465463638306 -0.7403808236122131 0.42270195484161377
vn 0.6048884391784668 -0.6984500885009766 0.3824624717235565
vn -0.9935413002967834 0.010690421797335148 0.11296673119068146
vn 0.6452662944793701 -0.6655008792877197 0.3751533031463623
vn 0.7080293893814087 -0.6053156852722168 0.36371344327926636
vn 0.7440401911735535 -0.5676177740097046 0.35244056582450867
vn -0.996454656124115 0.0339074470102787 -0.0769960805773735
vn 0.7733566761016846 -0.5260724425315857 0.3537898361682892
vn -0.9734870791435242 0.11231883615255356 -0.19926738739013672
vn 0.7964314222335815 -0.48639678955078125 0.35932594537734985
vn -0.9452385306358337 0.22072948515415192 -0.24042192101478577
vn 0.8034579157829285 -0.46077537536621094 0.377016544342041
vn -0.9351922869682312 0.27296558022499084 -0.22562175989151
vn 0.8101861476898193 -0.43593350052833557 0.39186781644821167
vn 0.8033472895622253 -0.4308139979839325 0.41113555431365967
vn 0.7904562950134277 -0.4170551300048828 0.4486021101474762
vn -0.9287169575691223 0.2854421138763428 -0.2366594821214676
vn 0.8161413073539734 -0.3557175099849701 0.45538824796676636
vn -0.9304009675979614 0.2764952480792999 -0.24063368141651154
vn 0.8435869812965393 -0.280906617641449 0.4576598107814789
vn -0.9268243312835693 0.2787063717842102 -0.25163352489471436
vn -0.9475281834602356 0.2421751618385315 -0.20866601169109344
vn -0.9673053026199341 0.18939939141273499 -0.16866646707057953
vn 0.8657228946685791 -0.19663876295089722 0.4602793753147125
vn -0.9773505330085754 0.15548087656497955 -0.14356760680675507
vn 0.879851758480072 -0.12985014915466309 0.457165002822876
vn -0.9882351160049438 0.11088686436414719 -0.10533532500267029
vn 0.8908589482307434 -0.06862048804759979 0.44906753301620483
vn -0.997444212436676 0.018960341811180115 -0.06888898462057114
vn 0.8994454741477966 -0.02105322666466236 0.4365256726741791
vn -0.9967505931854248 -0.07101870328187943 -0.038009822368621826
vn 0.909426212310791 0.006240541581064463 0.41581854224205017
vn -0.9827755093574524 -0.18436558544635773 0.012713463045656681
vn 0.9199522733688354 0.01411527395248413 0.3917761445045471
vn -0.9565837383270264 -0.28394263982772827 0.06575854122638702
vn 0.9282829165458679 0.004367107525467873 0.3718491792678833
vn -0.9224174618721008 -0.37157389521598816 0.10525631159543991
vn 0.9335345029830933 -0.009788146242499352 0.35835400223731995
vn -0.8903974294662476 -0.4387059211730957 0.12136556953191757
vn -0.8918045163154602 -0.4340837001800537 0.12749941647052765
vn -0.9337026476860046 -0.35008513927459717 0.07509930431842804
vn 0.9362031817436218 -0.003392229788005352 0.35144293308258057
vn -0.9682928323745728 -0.24078282713890076 0.06657851487398148
vn 0.9364384412765503 0.05752013623714447 0.3460845649242401
vn -0.9887908697128296 -0.13549019396305084 0.0627303346991539
vn 0.9292246103286743 0.2030106633901596 0.30875274538993835
vn -0.9965161681175232 -0.06345852464437485 0.0541168674826622
vn 0.9269789457321167 0.35301268100738525 0.12685488164424896
vn -0.998511016368866 -0.03914383798837662 0.03799499571323395
vn 0.9699318408966064 0.24336519837379456 -0.002374352654442191
vn -0.9973781108856201 -0.07170646637678146 0.009755047038197517
vn 0.9774015545845032 0.2076120525598526 -0.039793603122234344
vn -0.9871048927307129 -0.157393217086792 -0.029178883880376816
vn 0.9702073335647583 0.23693212866783142 -0.05060625076293945
vn -0.9416726231575012 -0.3254983127117157 -0.08546096831560135
vn 0.9365752339363098 0.34625229239463806 -0.05418669059872627
vn -0.8750157952308655 -0.48101717233657837 -0.054496489465236664
vn -0.8857528567314148 -0.4594970941543579 -0.06560717523097992
vn 0.8109844326972961 0.5850045084953308 0.008605875074863434
vn 0.8396884202957153 0.541555643081665 -0.04050849750638008
vn -0.9025859832763672 -0.40742865204811096 -0.13907046616077423
vn 0.857018232345581 0.5007392168045044 -0.12157317996025085
vn -0.9359353184700012 -0.3199819326400757 -0.14709413051605225
vn 0.9431191086769104 0.31990769505500793 -0.09047334641218185
vn -0.9629016518592834 -0.22968371212482452 -0.14165405929088593
vn 0.9839874505996704 0.15518657863140106 -0.08766864985227585
vn -0.9856719374656677 -0.12994350492954254 -0.10754365473985672
vn 0.9946856498718262 0.016158539801836014 -0.10168277472257614
vn -0.9969108700752258 -0.04380998760461807 -0.06518778949975967
vn 0.989787220954895 -0.09286227822303772 -0.10815680772066116
vn -0.9992815852165222 0.030735863372683525 -0.02217193692922592
vn 0.9829009175300598 -0.16934147477149963 -0.07231413573026657
vn -0.9952048659324646 0.09641623497009277 0.016466602683067322
vn 0.9790698289871216 -0.20351998507976532 0.0014038075460121036
vn -0.985008180141449 0.16585494577884674 0.04744524136185646
vn 0.9577863812446594 -0.2566578686237335 0.12950684130191803
vn -0.9619280695915222 0.2600783705711365 0.08398593962192535
vn 0.9491620063781738 -0.03775675222277641 0.3125157058238983
vn -0.9167234897613525 0.37906429171562195 0.12620757520198822
vn -0.8352113962173462 0.5186915397644043 0.18270474672317505
vn -0.7334321737289429 0.6288104057312012 0.2582146227359772
vn 0.9142764210700989 0.20110616087913513 0.35164621472358704
vn -0.680575966835022 0.7001248598098755 0.21596649289131165
vn 0.8830010890960693 0.40748468041419983 0.23294925689697266
vn -0.7205315232276917 0.6703852415084839 0.17725160717964172
vn -0.6533700227737427 0.726163923740387 0.21399454772472382
vn -0.5445934534072876 0.792694091796875 0.2739602029323578
vn 0.8697234988212585 0.4778352677822113 0.12350920587778091
vn -0.3911970257759094 0.8926982283592224 0.22372928261756897
vn 0.7326523065567017 0.6755861639976501 0.08248666673898697
vn -0.2028326392173767 0.9749925136566162 0.09082144498825073
vn -0.002235753694549203 0.9987940192222595 0.049045853316783905
vn 0.1694556176662445 0.9841181635856628 0.05287931114435196
vn 0.4063098132610321 0.9116835594177246 0.06120038777589798
vn -0.3775566518306732 -0.7782532572746277 0.5017698407173157
vn 0.008138932287693024 -0.891412615776062 0.45311954617500305
vn -0.700667679309845 -0.5312096476554871 0.4763205051422119
vn 0.16506269574165344 -0.8463639616966248 0.5063816905021667
vn -0.5224258899688721 -0.6502782106399536 0.551551878452301
vn -0.15193505585193634 -0.8092179894447327 0.5675227046012878
vn -0.86509770154953 -0.3824775815010071 0.3245256245136261
vn 0.25046026706695557 -0.7849143743515015 0.5667266845703125
vn 0.37843817472457886 -0.785429060459137 0.4897812306880951
vn 0.5503349900245667 -0.7294769883155823 0.4061954915523529
vn -0.5457136631011963 -0.6829961538314819 0.4855027198791504
vn -0.06805051118135452 -0.7988492250442505 0.597669780254364
vn -0.9664750695228577 -0.24114011228084564 0.088189497590065
vn 0.6148576736450195 -0.6771107912063599 0.40431541204452515
vn 0.6776448488235474 -0.6281658411026001 0.3823677897453308
vn 0.7453200221061707 -0.5637689828872681 0.3558969497680664
vn 0.35975882411003113 -0.8066527843475342 0.4689188301563263
vn 0.5440459251403809 -0.7241963744163513 0.4237377643585205
vn -0.9387292861938477 -0.28877171874046326 -0.18814422190189362
vn 0.7849748134613037 -0.5090171098709106 0.35315173864364624
vn -0.5511786341667175 -0.8262984156608582 -0.1159016415476799
vn -0.6775399446487427 -0.7173566818237305 -0.1622929573059082
vn 0.7154523134231567 -0.5867666006088257 0.379253089427948
vn 0.7468400001525879 -0.5601465106010437 0.3584215044975281
vn -0.9483867287635803 0.1736202985048294 -0.26536521315574646
vn 0.8104574084281921 -0.4556733965873718 0.36813127994537354
vn -0.8227072358131409 -0.41629987955093384 -0.38710108399391174
vn -0.8484680652618408 -0.21961210668087006 -0.48153141140937805
vn 0.7478710412979126 -0.5167772173881531 0.4166897237300873
vn 0.7826720476150513 -0.4999839961528778 0.37072980403900146
vn -0.9534582495689392 0.2516267001628876 -0.16613706946372986
vn 0.8148430585861206 -0.434130996465683 0.3841368854045868
vn -0.9524706602096558 0.26864367723464966 -0.14363248646259308
vn 0.8152073621749878 -0.4181056022644043 0.40078017115592957
vn 0.8195886611938477 -0.41147345304489136 0.398703008890152
vn 0.8210233449935913 -0.389273464679718 0.41759663820266724
vn -0.9566493034362793 0.24253782629966736 -0.16123756766319275
vn 0.846562922000885 -0.3344017267227173 0.4141337275505066
vn 0.8283899426460266 -0.3968106806278229 0.3953624665737152
vn 0.8360071778297424 -0.37747722864151 0.39824995398521423
vn -0.9551902413368225 0.22314390540122986 -0.19446980953216553
vn 0.8798645734786987 -0.25932490825653076 0.39823219180107117
vn -0.9286600947380066 0.2691384553909302 -0.2552545368671417
vn -0.937777042388916 0.2511574923992157 -0.2397795021533966
vn 0.8323585391044617 -0.38719260692596436 0.3965616822242737
vn 0.8580238223075867 -0.3438134789466858 0.38155919313430786
vn -0.9476388692855835 0.22584211826324463 -0.22577863931655884
vn 0.8968251943588257 -0.17971330881118774 0.40423715114593506
vn -0.9366796016693115 0.24424459040164948 -0.2509499490261078
vn -0.9298034310340881 0.2582787871360779 -0.2622169256210327
vn -0.9547027349472046 0.21397274732589722 -0.20678101480007172
vn 0.9134745001792908 -0.12728722393512726 0.3864743411540985
vn -0.9405747652053833 0.23422378301620483 -0.245883047580719
vn -0.9312099814414978 0.2528434097766876 -0.2625228464603424
vn -0.9770168662071228 0.14245642721652985 -0.1585695892572403
vn 0.924422562122345 -0.06810038536787033 0.375240296125412
vn -0.9868693947792053 0.08871777355670929 -0.1349736899137497
vn 0.9298093914985657 -0.03277766704559326 0.36657893657684326
vn -0.9972705841064453 0.019279947504401207 -0.07127218693494797
vn 0.9329982399940491 -0.008249734528362751 0.3597864806652069
vn -0.9962856769561768 -0.0860472097992897 0.0032887873239815235
vn 0.9316902160644531 0.005205486435443163 0.3632165193557739
vn -0.9790261387825012 -0.18751811981201172 0.07965418696403503
vn 0.9277157783508301 -0.00034637737553566694 0.373287171125412
vn -0.9371239542961121 -0.3095194399356842 0.16123420000076294
vn 0.9233488440513611 -0.00841096043586731 0.3838699758052826
vn -0.8682834506034851 -0.4604036808013916 0.18469534814357758
vn -0.8765270113945007 -0.43819499015808105 0.19921252131462097
vn -0.9270810484886169 -0.35863927006721497 0.10908076167106628
vn 0.9209645986557007 0.005485814996063709 0.3896077275276184
vn -0.9646778106689453 -0.23844799399375916 0.1119789108633995
vn 0.9249356985092163 0.062301184982061386 0.37498337030410767
vn -0.9831166863441467 -0.15012405812740326 0.10461540520191193
vn 0.9409624338150024 0.1406252235174179 0.3079192638397217
vn -0.9922343492507935 -0.08216576278209686 0.09338002651929855
vn 0.9636074900627136 0.15917912125587463 0.2147619128227234
vn -0.9938715100288391 -0.08081647753715515 0.07541985809803009
vn 0.9761747717857361 0.15549688041210175 0.15133945643901825
vn -0.9914435148239136 -0.1201162040233612 0.05110703408718109
vn 0.9756593704223633 0.18161296844482422 0.12290455400943756
vn -0.9797272682189941 -0.19571159780025482 0.04279663413763046
vn 0.9559195041656494 0.26834338903427124 0.11920464038848877
vn 0.7737514972686768 0.44553619623184204 0.4503401219844818
vn 0.897750198841095 0.3060528635978699 0.31682226061820984
vn -0.9386093616485596 -0.3402632772922516 0.056863389909267426
vn 0.8957635760307312 0.43683838844299316 0.08234009891748428
vn -0.862822949886322 -0.5022731423377991 0.0570807009935379
vn -0.8746337294578552 -0.4792569875717163 0.07299730181694031
vn 0.7899863123893738 0.5699174404144287 0.22608807682991028
vn 0.8074194192886353 0.5683157444000244 0.15840177237987518
vn 0.7614759206771851 0.5324104428291321 0.3697208762168884
vn 0.8533011078834534 0.4543527066707611 0.2558143734931946
vn -0.9107229709625244 -0.40997442603111267 -0.05004769191145897
vn 0.8886519074440002 0.4436114430427551 0.1162184327840805
vn -0.9486113786697388 -0.312345027923584 -0.050764817744493484
vn 0.9741756916046143 0.21075117588043213 0.08102913200855255
vn -0.9832587242126465 -0.1808733493089676 -0.022073466330766678
vn 0.9971120953559875 0.0549527108669281 0.05241791903972626
vn -0.996618390083313 -0.07864528149366379 0.023807773366570473
vn 0.9982542395591736 -0.0538192018866539 0.02433205395936966
vn -0.9979032874107361 0.008108286187052727 0.06421250849962234
vn 0.9957826137542725 -0.08555860072374344 0.033116623759269714
vn -0.9908202886581421 0.08329202979803085 0.10647815465927124
vn 0.9903194308280945 -0.10017339885234833 0.09608744829893112
vn -0.981578528881073 0.13361136615276337 0.1365710347890854
vn 0.9781980514526367 -0.08862181007862091 0.18781596422195435
vn -0.9717532992362976 0.1817196011543274 0.15057741105556488
vn 0.9552950859069824 -0.02778482250869274 0.29434558749198914
vn -0.9467973709106445 0.2696766257286072 0.1756397783756256
vn 0.9221007227897644 0.09682389348745346 0.3746403753757477
vn -0.8892282247543335 0.4143977761268616 0.19377224147319794
vn -0.8224656581878662 0.5091883540153503 0.2535301148891449
vn -0.726772129535675 0.6114930510520935 0.31285539269447327
vn 0.9007232785224915 0.22537654638290405 0.37135303020477295
vn 0.7546223998069763 0.28676843643188477 0.5901771187782288
vn 0.85263991355896 0.20469671487808228 0.4807332456111908
vn -0.7177222371101379 0.6249302625656128 0.30714327096939087
vn 0.8845992684364319 0.343451589345932 0.3154759705066681
vn -0.6759804487228394 0.6835145354270935 0.2754240334033966
vn -0.6507623791694641 0.7030642032623291 0.286721408367157
vn 0.7066640257835388 0.37839317321777344 0.5978667140007019
vn 0.8374171853065491 0.29896488785743713 0.45755061507225037
vn -0.525574266910553 0.7767916917800903 0.34693872928619385
vn 0.8170506358146667 0.5047485828399658 0.2786702811717987
vn 0.6282094717025757 0.5453404188156128 0.5549384355545044
vn 0.7884135246276855 0.4239481985569 0.4457262456417084
vn -0.45930707454681396 0.8240272402763367 0.3316868245601654
vn 0.6125444173812866 0.7565030455589294 0.22911258041858673
vn -0.2491767853498459 0.946915864944458 0.20312879979610443
vn -0.05778712406754494 0.987080991268158 0.14943820238113403
vn 0.17017333209514618 0.9635070562362671 0.20662812888622284
vn 0.3585125207901001 0.9017778038978577 0.2413826435804367
vn 0.44303199648857117 0.7968154549598694 0.4108622968196869
vn 0.6356191039085388 0.6604094505310059 0.39980971813201904
vn -0.35242852568626404 -0.778255045413971 0.5197243094444275
vn 0.07039675861597061 -0.8523961305618286 0.5181363224983215
vn -0.6868246793746948 -0.6515783667564392 0.32205215096473694
vn 0.18409861624240875 -0.7974482774734497 0.5746163725852966
vn -0.43283480405807495 -0.6554665565490723 0.6188842058181763
vn -0.4331547021865845 -0.8067585825920105 0.4018925726413727
vn 0.41093453764915466 -0.7665858268737793 0.4934360682964325
vn 0.6100613474845886 -0.6819759607315063 0.4034029543399811
vn -0.47690731287002563 -0.6835100650787354 0.5526060461997986
vn -0.1555909365415573 -0.7706266641616821 0.6180016994476318
vn -0.7451974153518677 -0.5821834206581116 0.3251820504665375
vn 0.6831661462783813 -0.5842946171760559 0.4380454421043396
vn -0.627101480960846 0.15669667720794678 0.7630137205123901
vn -0.48298758268356323 -0.24465352296829224 0.8407542705535889
vn -0.9787275195121765 0.1611863076686859 0.12693122029304504
vn 0.7218928933143616 -0.4695017635822296 0.5083687901496887
vn -0.8748718500137329 0.29196444153785706 -0.38646605610847473
vn -0.8571189045906067 0.48132553696632385 -0.1835019439458847
vn 0.7780123949050903 -0.4565689265727997 0.43155723810195923
vn 0.8102890849113464 -0.4393538236618042 0.3878142535686493
vn -0.7615587711334229 0.6220976710319519 0.18172186613082886
vn -0.7231857776641846 0.5064935684204102 0.4695388078689575
vn -0.942714512348175 0.3285812735557556 0.05765175074338913
vn 0.8160715699195862 -0.41032707691192627 0.4070122539997101
vn 0.752217710018158 -0.422517865896225 0.5056157112121582
vn 0.8020939230918884 -0.4046369791030884 0.43922001123428345
vn -0.9806889891624451 0.1954794079065323 0.0060795932076871395
vn 0.7954474091529846 -0.41530662775039673 0.4413433074951172
vn 0.7286491394042969 -0.3988448679447174 0.5567703247070312
vn 0.7803195714950562 -0.39216509461402893 0.4871426820755005
vn -0.9883275628089905 0.14517483115196228 -0.046183131635189056
vn 0.8064825534820557 -0.41498419642448425 0.4211580455303192
vn -0.9890307784080505 0.1289098560810089 -0.07211370766162872
vn 0.8111607432365417 -0.3999835252761841 0.4266515076160431
vn 0.858298659324646 -0.34362977743148804 0.3811062276363373
vn 0.8882947564125061 -0.28503718972206116 0.36011984944343567
vn -0.9720515012741089 0.1707179993391037 -0.16115595400333405
vn 0.9135969877243042 -0.20293109118938446 0.35236287117004395
vn 0.8624831438064575 -0.32709285616874695 0.386177659034729
vn 0.8935861587524414 -0.27490368485450745 0.3548688590526581
vn -0.959276556968689 0.20416760444641113 -0.1952028125524521
vn 0.9371984004974365 -0.12841592729091644 0.3242970407009125
vn -0.9297803044319153 0.26319384574890137 -0.2573666572570801
vn -0.9318827986717224 0.2578023076057434 -0.25521063804626465
vn 0.8712801337242126 -0.2914586365222931 0.39487069845199585
vn 0.9138817191123962 -0.22751103341579437 0.3362424075603485
vn -0.949720561504364 0.22280345857143402 -0.2199762463569641
vn 0.942712664604187 -0.06488705426454544 0.32723474502563477
vn -0.9343474507331848 0.2738485336303711 -0.22803910076618195
vn -0.9268478751182556 0.2773439288139343 -0.25304827094078064
vn -0.9624386429786682 0.2299727201461792 -0.144306942820549
vn 0.9460479021072388 -0.030486375093460083 0.3225893974304199
vn -0.927925169467926 0.324224591255188 -0.1839384287595749
vn -0.9238408207893372 0.31840768456459045 -0.21244940161705017
vn -0.9916106462478638 0.1146569773554802 -0.05968377739191055
vn 0.9421551823616028 0.01253981702029705 0.33494246006011963
vn 0.9173189401626587 0.08607366681098938 0.38873806595802307
vn 0.941144585609436 0.03530588001012802 0.33615538477897644
vn -0.9964224696159363 0.07953573763370514 0.02857223153114319
vn 0.9286356568336487 0.02962644025683403 0.3698081374168396
vn 0.8906983733177185 0.13467146456241608 0.43418899178504944
vn 0.9277635812759399 0.0695689246058464 0.36662641167640686
vn -0.9851550459861755 -0.010410279966890812 0.1713515669107437
vn 0.9155535697937012 0.02307627536356449 0.4015335142612457
vn 0.8522560596466064 0.15641000866889954 0.4991948902606964
vn 0.9061742424964905 0.08046972006559372 0.41517820954322815
vn -0.919999361038208 -0.18705196678638458 0.3444020450115204
vn 0.9037458896636963 0.011318466626107693 0.42791977524757385
vn -0.8408535122871399 -0.4539785385131836 0.29473528265953064
vn -0.8198820352554321 -0.45366811752319336 0.3492545783519745
vn 0.8094674348831177 0.13756804168224335 0.5708218812942505
vn 0.8823574781417847 0.06872979551553726 0.465533584356308
vn -0.9196974635124207 -0.34666383266448975 0.18433859944343567
vn 0.898236870765686 0.013546534813940525 0.439302921295166
vn -0.8646497130393982 -0.3687843680381775 0.3411436676979065
vn -0.7433870434761047 -0.4526272714138031 0.49244722723960876
vn 0.7720702290534973 0.08935689181089401 0.6292241215705872
vn 0.8611043095588684 0.04356332868337631 0.5065586566925049
vn -0.9483696818351746 -0.23740188777446747 0.21032190322875977
vn 0.904846727848053 0.03889484331011772 0.42395704984664917
vn -0.8729064464569092 -0.27761125564575195 0.4012061059474945
vn -0.7207452654838562 -0.3928270936012268 0.5711507797241211
vn 0.7489281892776489 0.0439760759472847 0.661190390586853
vn 0.8490423560142517 0.023567015305161476 0.5277990102767944
vn -0.9721845388412476 -0.15221500396728516 0.17801088094711304
vn 0.9205572009086609 0.0691608265042305 0.3844362795352936
vn 0.7377299070358276 0.03481641784310341 0.6741976141929626
vn 0.8485904335975647 0.02465743198990822 0.5284755229949951
vn -0.9760050177574158 -0.12505576014518738 0.17825637757778168
vn 0.9334161281585693 0.0963096171617508 0.34562814235687256
vn 0.7293031811714172 0.07221804559230804 0.6803686022758484
vn 0.8523011803627014 0.05132955312728882 0.5205267667770386
vn -0.9803579449653625 -0.1374962031841278 0.1413968801498413
vn 0.9371446371078491 0.12989360094070435 0.323863685131073
vn 0.7145853638648987 0.14590351283550262 0.6841636896133423
vn 0.8492445349693298 0.10113167762756348 0.5182240605354309
vn -0.9822501540184021 -0.1313215047121048 0.13393782079219818
vn 0.9350884556770325 0.1779843270778656 0.3064819872379303
vn 0.7182083129882812 0.3491816520690918 0.6018713712692261
vn 0.8323560357093811 0.23467643558979034 0.5021060705184937
vn 0.6867611408233643 0.2430049628019333 0.6850603818893433
vn 0.8362993001937866 0.15994654595851898 0.524424135684967
vn -0.9686756730079651 -0.17065244913101196 0.18040288984775543
vn 0.685219943523407 0.42754173278808594 0.589645504951477
vn 0.6026927828788757 0.20186743140220642 0.7720174193382263
vn 0.633302628993988 0.28230756521224976 0.720576286315918
vn -0.913018524646759 -0.29601579904556274 0.28066328167915344
vn 0.8076183199882507 0.4272042214870453 0.4065086841583252
vn -0.8463259339332581 -0.49937868118286133 0.18534688651561737
vn -0.8116897940635681 -0.526161789894104 0.2536012828350067
vn 0.6933884620666504 0.1277584731578827 0.709147572517395
vn 0.7217122912406921 0.29345032572746277 0.6269116997718811
vn -0.924299418926239 -0.3729279041290283 0.08121173083782196
vn 0.9276149272918701 0.22472624480724335 0.2983766794204712
vn -0.8923260569572449 -0.3674109876155853 0.2622278928756714
vn -0.7748375535011292 -0.5046193599700928 0.3807705342769623
vn 0.7738794684410095 -0.005734194070100784 0.6333069801330566
vn 0.8303074836730957 0.18253397941589355 0.5265651345252991
vn -0.9634079337120056 -0.25658532977104187 0.07751873880624771
vn 0.9693610668182373 0.06450609862804413 0.23701906204223633
vn 0.8207014203071594 -0.12096419185400009 0.5584056973457336
vn 0.8976107835769653 0.03497098758816719 0.43939945101737976
vn -0.9813971519470215 -0.1403985321521759 0.130949929356575
vn 0.9797764420509338 -0.05169123783707619 0.19330322742462158
vn 0.825410008430481 -0.12162565439939499 0.5512762665748596
vn 0.9190372824668884 -0.07991836965084076 0.3859838545322418
vn -0.9860660433769226 -0.04495508596301079 0.1601652204990387
vn 0.9879838824272156 -0.0660557672381401 0.13973043859004974
vn -0.9814382791519165 0.04827709496021271 0.18560238182544708
vn 0.9807430505752563 -0.03785308077931404 0.19159916043281555
vn -0.9608017802238464 0.14338453114032745 0.2372780442237854
vn 0.9597516059875488 0.01338580809533596 0.2805311977863312
vn -0.8822221159934998 0.24319766461849213 0.40316131711006165
vn -0.7740586400032043 0.27855655550956726 0.5685415863990784
vn 0.8028224110603333 0.1859554648399353 0.5664775967597961
vn 0.9016557931900024 0.08741750568151474 0.42352697253227234
vn -0.9477431178092957 0.17412510514259338 0.26732659339904785
vn 0.9313141703605652 0.051302168518304825 0.3605857193470001
vn -0.8653037548065186 0.26482075452804565 0.4255811870098114
vn -0.7632097005844116 0.3375592827796936 0.5509670972824097
vn 0.7593833208084106 0.22026380896568298 0.6122261881828308
vn 0.8802350163459778 0.14069201052188873 0.4532020688056946
vn -0.9354738593101501 0.20599265396595 0.28715115785598755
vn 0.8967415690422058 0.09603777527809143 0.4320085346698761
vn -0.8287164568901062 0.338001012802124 0.4460766017436981
vn -0.7388436198234558 0.38981232047080994 0.5496876239776611
vn 0.7241832613945007 0.22595126926898956 0.651540219783783
vn 0.8408780097961426 0.1596146523952484 0.5171530842781067
vn -0.8978972434997559 0.3109091520309448 0.31163445115089417
vn 0.8752205967903137 0.14155741035938263 0.46254777908325195
vn -0.8576092720031738 0.44146743416786194 0.2638425827026367
vn -0.7644785642623901 0.5491220355033875 0.33769461512565613
vn 0.6985082626342773 0.24534471333026886 0.6722292900085449
vn 0.7937910556793213 0.16649745404720306 0.5849568247795105
vn -0.7862545251846313 0.47305411100387573 0.3975219428539276
vn -0.7226849794387817 0.49124962091445923 0.48621007800102234
vn 0.6622522473335266 0.2391064167022705 0.7101057171821594
vn 0.8052265048027039 0.16538332402706146 0.5694372057914734
vn -0.7453752160072327 0.5178092122077942 0.41986846923828125
vn 0.5941743850708008 0.3465762138366699 0.7258386611938477
vn 0.29513490200042725 0.49480152130126953 0.8173536062240601
vn 0.49766066670417786 0.3624059855937958 0.7880328297615051
vn -0.7314119935035706 0.5613904595375061 0.3871399760246277
vn 0.528548538684845 0.4627186954021454 0.7117077708244324
vn -0.6096885204315186 0.7128636837005615 0.3465622365474701
vn -0.5643418431282043 0.7361310720443726 0.3736700713634491
vn 0.0031834221445024014 0.6725099086761475 0.7400813102722168
vn 0.37265098094940186 0.47156059741973877 0.7992257475852966
vn -0.4317781925201416 0.7322695255279541 0.5266393423080444
vn 0.4413767158985138 0.6531305909156799 0.615310549736023
vn -0.112910196185112 0.6910451054573059 0.7139384150505066
vn 0.25745487213134766 0.5835980772972107 0.7701495885848999
vn -0.363847553730011 0.7747186422348022 0.5171325206756592
vn 0.2782529890537262 0.8654484152793884 0.4166226387023926
vn -0.24130138754844666 0.9123064875602722 0.330863356590271
vn 0.04397836700081825 0.9506232738494873 0.30721548199653625
vn -0.0408407486975193 0.849689781665802 0.5256989002227783
vn 0.19819104671478271 0.773053765296936 0.6025846600532532
vn -0.38102105259895325 -0.663179337978363 0.6442174315452576
vn 0.0272822305560112 -0.7536240220069885 0.656739354133606
vn 0.3023119568824768 -0.7658365964889526 0.5675401091575623
vn 0.5545355081558228 -0.6884430646896362 0.4674789011478424
vn -0.4612528383731842 -0.583743691444397 0.6681984066963196
vn 0.6273186802864075 -0.5467281937599182 0.554580569267273
vn -0.4932222068309784 -0.5272676944732666 0.691896378993988
vn -0.16913734376430511 -0.6543896198272705 0.7369984984397888
vn 0.14579659700393677 -0.6636555790901184 0.733692467212677
vn 0.44245901703834534 -0.6420921683311462 0.6260572671890259
vn -0.79939204454422 -0.07276640832424164 0.5963869094848633
vn 0.6161895990371704 -0.45285773277282715 0.6443837285041809
vn -0.6361035704612732 -0.4076095223426819 0.6551539897918701
vn -0.23692458868026733 -0.5934258103370667 0.7692285776138306
vn 0.1302778571844101 -0.5618086457252502 0.8169448375701904
vn 0.4221141040325165 -0.5270280838012695 0.7376050353050232
vn -0.9679709076881409 0.07754427194595337 0.23878705501556396
vn 0.6516165733337402 -0.4274222254753113 0.6266626715660095
vn 0.22315728664398193 -0.551303505897522 0.803906261920929
vn 0.4547893702983856 -0.4486536681652069 0.769335150718689
vn -0.9827763438224792 0.031553104519844055 0.18208570778369904
vn 0.6424909830093384 -0.39973559975624084 0.6537712216377258
vn 0.6817328333854675 -0.4192970097064972 0.5995251536369324
vn 0.7514681220054626 -0.4277667999267578 0.5023059248924255
vn 0.3312709629535675 -0.48634546995162964 0.8085342645645142
vn 0.5230879783630371 -0.44580647349357605 0.7263852953910828
vn -0.9928361773490906 0.010213804431259632 0.11904644966125488
vn 0.7679499387741089 -0.4269156754016876 0.4774891436100006
vn 0.6328708529472351 -0.4713168740272522 0.6142759323120117
vn 0.7175406813621521 -0.43948179483413696 0.5403621196746826
vn -0.9981788396835327 0.03311675786972046 0.05042106285691261
vn 0.7587572336196899 -0.437262624502182 0.48279285430908203
vn 0.6034600734710693 -0.48290860652923584 0.6345354914665222
vn 0.6921360492706299 -0.4613665044307709 0.5550574660301208
vn -0.998418390750885 0.03800070658326149 -0.04143274575471878
vn 0.8168872594833374 -0.36862632632255554 0.4436326324939728
vn -0.9899904727935791 0.12880073487758636 -0.05769959092140198
vn 0.8507216572761536 -0.2696218192577362 0.4511948227882385
vn 0.9043749570846558 -0.21072745323181152 0.37107932567596436
vn 0.9380261898040771 -0.15617378056049347 0.30938100814819336
vn -0.9668424725532532 0.22930489480495453 -0.11240553110837936
vn 0.9502366781234741 -0.0738694816827774 0.3026444911956787
vn 0.9010915160179138 -0.1450156420469284 0.40866193175315857
vn 0.9339563250541687 -0.12264379858970642 0.3356846868991852
vn -0.9378377199172974 0.33527672290802 -0.08972113579511642
vn 0.9497553110122681 -0.019281813874840736 0.31239885091781616
vn -0.8965117931365967 0.4203815758228302 -0.13980677723884583
vn -0.9139253497123718 0.38199689984321594 -0.1371820867061615
vn 0.8995075821876526 0.04778134450316429 0.43428465723991394
vn 0.9342118501663208 0.005681313574314117 0.35667335987091064
vn 0.9034954905509949 -0.04755745828151703 0.4259510338306427
vn 0.9373872876167297 -0.05880280211567879 0.3432890772819519
vn -0.9430901408195496 0.3302614986896515 -0.038837868720293045
vn 0.8702402114868164 0.13223274052143097 0.47454869747161865
vn -0.9342092871665955 0.3289574086666107 0.13798557221889496
vn 0.826352059841156 0.2151060402393341 0.5204532742500305
vn -0.8613114356994629 0.32546043395996094 0.3901515007019043
vn 0.7304872870445251 0.2887248396873474 0.6188912391662598
vn -0.5291863083839417 0.4934811592102051 0.6902449727058411
vn -0.07115597277879715 0.6264151334762573 0.7762351036071777
vn 0.3035666048526764 0.5744935274124146 0.7601345777511597
vn 0.5706319808959961 0.4516088366508484 0.6858779788017273
vn -0.7937796115875244 0.11664627492427826 0.5969150066375732
vn 0.6580410599708557 0.23003050684928894 0.7169853448867798
vn -0.5344204902648926 0.16631697118282318 0.8286938667297363
vn -0.18863961100578308 0.4068513512611389 0.8938048481941223
vn 0.18336886167526245 0.4753860831260681 0.8604556918144226
vn 0.5007897019386292 0.41247451305389404 0.7609694600105286
vn -0.7294738292694092 -0.2491447776556015 0.6370203495025635
vn 0.6110885143280029 0.13701151311397552 0.7796145081520081
vn -0.4088333249092102 -0.1382066011428833 0.9020832777023315
vn -0.17131613194942474 0.13720451295375824 0.9756155610084534
vn 0.12750451266765594 0.2784046232700348 0.951962947845459
vn 0.4226783514022827 0.29355019330978394 0.857421338558197
vn -0.5434716939926147 -0.3729725182056427 0.7520173192024231
vn 0.5861290693283081 0.06380918622016907 0.8077011704444885
vn -0.7350554466247559 -0.280835896730423 0.6171099543571472
vn -0.5186505317687988 -0.34569334983825684 0.7819832563400269
vn -0.2460523396730423 -0.26402151584625244 0.9326043725013733
vn -0.06747434288263321 -0.06223546341061592 0.9957780838012695
vn 0.14587150514125824 0.08802313357591629 0.9853798747062683
vn 0.38709741830825806 0.14904777705669403 0.9099123477935791
vn -0.915885329246521 -0.20704318583011627 0.3439290225505829
vn 0.578271746635437 0.04844103753566742 0.8144048452377319
vn -0.7283877730369568 -0.33984625339508057 0.5949418544769287
vn -0.3901941478252411 -0.31641411781311035 0.864656388759613
vn -0.06904733926057816 -0.22766561806201935 0.97128826379776
vn 0.06219407171010971 -0.1372842788696289 0.9885772466659546
vn 0.20706413686275482 -0.01566537655889988 0.9782019257545471
vn 0.3891364336013794 0.0521736703813076 0.9197015166282654
vn -0.9218244552612305 -0.23257192969322205 0.3100806474685669
vn 0.5787951350212097 0.08940187841653824 0.81055748462677
vn -0.7454341650009155 -0.3825254738330841 0.5458957552909851
vn -0.31462180614471436 -0.4279493987560272 0.8472735285758972
vn -0.01395391020923853 -0.22305740416049957 0.9747054576873779
vn 0.1604217290878296 -0.0983879342675209 0.9821327328681946
vn 0.276617169380188 -0.02095208503305912 0.9607517719268799
vn 0.4124653935432434 0.033659160137176514 0.9103512167930603
vn -0.961020827293396 -0.15895435214042664 0.22621342539787292
vn 0.5857897996902466 0.15289607644081116 0.7959102988243103
vn 0.1581133008003235 -0.189580500125885 0.9690508246421814
vn 0.24404871463775635 -0.05474024638533592 0.9682167768478394
vn 0.3331459164619446 0.02959582954645157 0.9424107074737549
vn 0.4413811266422272 0.07308603078126907 0.8943384289741516
vn -0.9577630758285522 -0.10484325140714645 0.2677644193172455
vn 0.5813318490982056 0.21146045625209808 0.7857083678245544
vn 0.48867133259773254 0.13080573081970215 0.8626066446304321
vn 0.5198402404785156 0.18698574602603912 0.8335481882095337
vn 0.23447874188423157 0.032222356647253036 0.9715871214866638
vn 0.29661065340042114 0.0006091023096814752 0.9549983143806458
vn 0.39757823944091797 0.07669344544410706 0.9143574833869934
vn 0.46784400939941406 0.1298319697380066 0.8742229342460632
vn -0.9049964547157288 -0.04208199679851532 0.42333269119262695
vn 0.5403125882148743 0.08732987195253372 0.8369204998016357
vn -0.5945043563842773 0.05685281753540039 0.8020800352096558
vn -0.0513404980301857 0.11264017969369888 0.9923086166381836
vn 0.2548818290233612 0.02778160758316517 0.9665730595588684
vn 0.38651975989341736 0.05841246619820595 0.920429527759552
vn -0.8113425374031067 -0.15837498009204865 0.5627083778381348
vn 0.6056004166603088 -0.026479056105017662 0.7953283190727234
vn -0.5615201592445374 -0.15744253993034363 0.8123466372489929
vn -0.2001487910747528 -0.08266761153936386 0.9762717485427856
vn 0.1854221373796463 -0.04551456496119499 0.9816043972969055
vn 0.4216049015522003 -0.005801409017294645 0.9067610502243042
vn -0.7139431238174438 -0.36328446865081787 0.5985897779464722
vn 0.6622030735015869 -0.1758681684732437 0.7283937931060791
vn -0.8451012372970581 -0.3129518926143646 0.43343400955200195
vn -0.7011565566062927 -0.41356360912323 0.5808138847351074
vn -0.5540269017219543 -0.19541586935520172 0.8092384338378906
vn -0.26447954773902893 -0.2064664661884308 0.9420309066772461
vn 0.09544076770544052 -0.19608590006828308 0.9759311079978943
vn 0.4242217242717743 -0.16699664294719696 0.8900270462036133
vn -0.9403056502342224 -0.2351977527141571 0.24598228931427002
vn 0.7331121563911438 -0.16707439720630646 0.6592667698860168
vn -0.87016361951828 -0.1998336762189865 0.4504239857196808
vn -0.7173503041267395 -0.28000351786613464 0.6379706859588623
vn -0.9491469264030457 -0.12944893538951874 0.2869897782802582
vn 0.7251251339912415 -0.0869099497795105 0.6831106543540955
vn 0.8497821688652039 -0.09270619601011276 0.5189178586006165
vn 0.9350205063819885 -0.08585595339536667 0.34404271841049194
vn -0.8750767111778259 -0.10797275602817535 0.4717867076396942
vn -0.7358198165893555 -0.15947814285755157 0.6581307053565979
vn -0.9534687995910645 -0.03624400496482849 0.2993053197860718
vn 0.9531650543212891 -0.031424183398485184 0.30081385374069214
vn -0.8796730041503906 -0.02609812282025814 0.4748624563217163
vn -0.7408199310302734 -0.04519456997513771 0.6701815724372864
vn 0.7755744457244873 -0.008790540508925915 0.6311949491500854
vn 0.8860742449760437 -0.02588491700589657 0.4628201425075531
vn -0.9507271647453308 0.0564999058842659 0.30483710765838623
vn 0.9333299994468689 0.0013297989498823881 0.3590172827243805
vn -0.9143618941307068 0.17991885542869568 0.3627278804779053
vn -0.8207903504371643 0.20377624034881592 0.5336464643478394
vn 0.7445254921913147 0.1331339180469513 0.6541844010353088
vn 0.8438439965248108 0.042986273765563965 0.534864068031311
vn -0.88027024269104 0.08708803355693817 0.4664117991924286
vn -0.7596748471260071 0.06797198951244354 0.6467410922050476
vn 0.7126432657241821 0.07214614003896713 0.6978070139884949
vn 0.8613855838775635 0.014321524649858475 0.5077497959136963
vn -0.6878373622894287 0.1854560375213623 0.7017733454704285
vn 0.6622887849807739 0.22060850262641907 0.7160345315933228
vn 0.4147322177886963 0.2682465612888336 0.8695061802864075
vn 0.5764887928962708 0.19888874888420105 0.7925301194190979
vn -0.6564252972602844 0.3139064908027649 0.6859800815582275
vn 0.6328616142272949 0.2568741738796234 0.7304121255874634
vn 0.3286050260066986 0.33809787034988403 0.8818779587745667
vn 0.5293733477592468 0.2741784453392029 0.8028637170791626
vn -0.6170298457145691 0.4149780571460724 0.6686310768127441
vn 0.5903258919715881 0.2692498564720154 0.760933518409729
vn -0.3897491991519928 0.4433320164680481 0.8071878552436829
vn 0.030387217178940773 0.4060739278793335 0.9133349061012268
vn 0.29559046030044556 0.33906635642051697 0.8931183218955994
vn 0.4844170808792114 0.29253488779067993 0.8244777321815491
vn -0.6626302003860474 0.4300576150417328 0.6131653785705566
vn 0.5299896001815796 0.30715104937553406 0.7904235124588013
vn 0.16295906901359558 0.42755141854286194 0.8891817927360535
vn 0.3716183304786682 0.36527881026268005 0.8535053133964539
vn -0.48110800981521606 0.3938921093940735 0.7831884026527405
vn -0.17521272599697113 0.395724892616272 0.9015000462532043
vn 0.15701034665107727 0.37194210290908813 0.9148808121681213
vn 0.4207581877708435 0.31871965527534485 0.849341094493866
vn -0.7089319229125977 0.40880855917930603 0.5747095346450806
vn 0.054519060999155045 0.5561262369155884 0.8293077349662781
vn -0.4544046223163605 0.45263469219207764 0.7672277092933655
vn -0.1401236355304718 0.43471989035606384 0.8895976543426514
vn -0.6458299160003662 0.525897741317749 0.5534756779670715
vn -0.13273242115974426 0.7180574536323547 0.6832097768783569
vn -0.5609061121940613 0.7111231684684753 0.42389652132987976
vn -0.35124415159225464 0.7835537195205688 0.512514591217041
vn -0.4057464897632599 0.6700114607810974 0.6216546297073364
vn -0.2185811847448349 0.6143046021461487 0.7581900358200073
vn -0.5796672701835632 -0.4310273826122284 0.6915209889411926
vn -0.15578672289848328 -0.5734201073646545 0.8043133020401001
vn -0.8666393160820007 -0.14749154448509216 0.4766368269920349
vn 0.020557697862386703 -0.4602230489253998 0.8875653147697449
vn -0.700161874294281 -0.25625330209732056 0.6664139628410339
vn -0.39373260736465454 -0.381374329328537 0.8363781571388245
vn -0.9108676314353943 -0.1327117681503296 0.3907783627510071
vn 0.13138708472251892 -0.38742899894714355 0.9124890565872192
vn 0.392766535282135 -0.431925505399704 0.8118958473205566
vn 0.5468515157699585 -0.47006815671920776 0.6928126215934753
vn -0.703001856803894 -0.2788223326206207 0.6542527079582214
vn -0.2993808388710022 -0.3235725164413452 0.897592306137085
vn -0.932056725025177 -0.13598915934562683 0.33582329750061035
vn 0.5125350952148438 -0.4869617223739624 0.707231342792511
vn -0.7378472685813904 -0.3101407289505005 0.5994949340820312
vn -0.3423522710800171 -0.41003090143203735 0.8453813791275024
vn 0.11339716613292694 -0.4166945517063141 0.9019461274147034
vn 0.39488527178764343 -0.4615628123283386 0.7943710684776306
vn -0.9518666863441467 -0.1385476142168045 0.2734125852584839
vn 0.4939820468425751 -0.4795079827308655 0.7252957224845886
vn 0.5604647994041443 -0.511552095413208 0.6513015031814575
vn 0.6918867826461792 -0.4775991439819336 0.5414718985557556
vn -0.7598442435264587 -0.277753621339798 0.587783694267273
vn -0.4247700273990631 -0.42246949672698975 0.800680935382843
vn -0.020811697468161583 -0.49603942036628723 0.8680505156517029
vn 0.33995547890663147 -0.5007705092430115 0.7960271239280701
vn -0.9885138869285583 -0.03634210675954819 0.1466957926750183
vn 0.7735033631324768 -0.39137497544288635 0.4985160529613495
vn 0.5497860908508301 -0.5246914029121399 0.6499493718147278
vn 0.668685793876648 -0.4805210828781128 0.5674142241477966
vn -0.9867412447929382 0.06691328436136246 0.14786607027053833
vn 0.8234051465988159 -0.26156502962112427 0.5035749077796936
vn 0.563894510269165 -0.4370255470275879 0.7007365822792053
vn 0.713424801826477 -0.4024212062358856 0.5736568570137024
vn -0.9838786125183105 0.14978165924549103 0.09771599620580673
vn 0.8658998012542725 -0.13122887909412384 0.48269718885421753
vn -0.9446361064910889 0.3189208209514618 0.07715030759572983
vn 0.8566012978553772 0.0292341485619545 0.5151501297950745
vn -0.8539143204689026 0.5193665623664856 -0.03299649804830551
vn -0.857467770576477 0.5137849450111389 -0.02782202512025833
vn -0.8314051628112793 0.5420480370521545 0.12226783484220505
vn 0.814422070980072 0.17521698772907257 0.5531869530677795
vn -0.7660672664642334 0.5691453814506531 0.2986881136894226
vn 0.7143614888191223 0.33580678701400757 0.6139392852783203
vn -0.5621912479400635 0.671186625957489 0.48316630721092224
vn -0.21449483931064606 0.7215100526809692 0.6583428382873535
vn 0.1426757574081421 0.6655521392822266 0.7325872778892517
vn 0.4691850244998932 0.5319175124168396 0.7049320340156555
vn -0.6101021766662598 -0.40553340315818787 0.68067467212677
vn -0.09614477306604385 -0.38104894757270813 0.9195422530174255
vn -0.892785906791687 -0.22116191685199738 0.3924548327922821
vn 0.07246153056621552 -0.08244044333696365 0.9939582347869873
vn -0.7510016560554504 -0.17644552886486053 0.6362888813018799
vn -0.363369345664978 -0.23457671701908112 0.9016299247741699
vn -0.8981577157974243 -0.05813327431678772 0.435813307762146
vn -0.014963777735829353 0.12442963570356369 0.9921156167984009
vn -0.7708609104156494 0.14516010880470276 0.6202435493469238
vn -0.4038800597190857 0.219242125749588 0.8881519436836243
vn -0.7009116411209106 0.05511435493826866 0.7111155390739441
vn -0.35420745611190796 0.023720363155007362 0.9348660111427307
vn -0.3848007917404175 -0.29088807106018066 0.8759638071060181
vn -0.036880843341350555 -0.26244795322418213 0.964241087436676
vn 0.27128133177757263 -0.2768610417842865 0.9218212962150574
vn 0.506208598613739 -0.25207653641700745 0.824748694896698
vn -0.5242393016815186 -0.3728072941303253 0.7656290531158447
vn 0.6011220216751099 -0.18431928753852844 0.7776109576225281
vn -0.31120598316192627 -0.2859736382961273 0.9062946438789368
vn -0.07648992538452148 -0.2741858661174774 0.9586299657821655
vn 0.18461959064006805 -0.24925439059734344 0.9506776332855225
vn 0.4141789972782135 -0.23892714083194733 0.8782764673233032
vn -0.5336151123046875 -0.23556646704673767 0.812258243560791
vn 0.5839523077011108 -0.09566124528646469 0.8061319589614868
vn -0.32336074113845825 -0.1522485911846161 0.9339476227760315
vn -0.06614422798156738 -0.18164704740047455 0.9811367392539978
vn 0.17877644300460815 -0.17104846239089966 0.968907356262207
vn 0.4104912281036377 -0.17081022262573242 0.8957236409187317
vn -0.560971736907959 -0.0820421651005745 0.8237596154212952
vn 0.6284403204917908 0.0004698481934610754 0.7778577208518982
vn -0.3603215515613556 -0.004629729315638542 0.9328166842460632
vn -0.07034621387720108 -0.05150853097438812 0.9961919188499451
vn 0.19053985178470612 -0.05457909405231476 0.9801610708236694
vn 0.42066115140914917 -0.05921461805701256 0.9052832722663879
vn -0.5794973373413086 0.062436752021312714 0.8125789165496826
vn 0.5790975093841553 0.09176807850599289 0.8100770115852356
vn 0.24358554184436798 0.19358305633068085 0.9503640532493591
vn 0.420410692691803 0.14505450427532196 0.8956640362739563
vn -0.3426656424999237 0.12854281067848206 0.930621862411499
vn -0.1135026067495346 0.0762457475066185 0.9906077980995178
vn 0.17684879899024963 0.07110463827848434 0.9816662669181824
vn 0.4203701615333557 0.028144508600234985 0.9069161415100098
vn -0.5336869955062866 0.19563138484954834 0.8227433562278748
vn 0.19703759253025055 0.2881689667701721 0.9370885491371155
vn -0.30818283557891846 0.21660056710243225 0.9263409376144409
vn -0.024244271218776703 0.18433226644992828 0.9825649857521057
vn -0.5240864753723145 0.3169642686843872 0.7904853820800781
vn 0.11316727101802826 0.38220682740211487 0.917121171951294
vn -0.43048831820487976 0.4378255605697632 0.7892963290214539
vn -0.14576689898967743 0.4478679597377777 0.8821373581886292
vn -0.30092546343803406 0.34355220198631287 0.889615535736084
vn -0.05096961930394173 0.2982202470302582 0.9531352519989014
vn -0.5579601526260376 -0.3103157877922058 0.7696653008460999
vn -0.18033736944198608 -0.4476041793823242 0.8758590221405029
vn 0.13000385463237762 -0.5340633392333984 0.8353893160820007
vn 0.37510043382644653 -0.5609145760536194 0.738020658493042
vn -0.8745120763778687 -0.1482662707567215 0.4617854654788971
vn 0.3743860423564911 -0.47603869438171387 0.7957526445388794
vn -0.6374089121818542 -0.19934161007404327 0.7442935109138489
vn -0.29941263794898987 -0.3038790822029114 0.904438853263855
vn -0.0006346529698930681 -0.39428576827049255 0.9189876914024353
vn 0.21263565123081207 -0.474656343460083 0.8541004061698914
vn -0.8935574293136597 -0.055574607104063034 0.44549596309661865
vn 0.41551661491394043 -0.2987454831600189 0.8591257929801941
vn 0.6241306066513062 -0.26433107256889343 0.7352483868598938
vn 0.7720534205436707 -0.23279909789562225 0.591386616230011
vn -0.6458549499511719 -0.02000514231622219 0.7631980776786804
vn -0.35794082283973694 -0.10799506306648254 0.927478015422821
vn -0.056194890290498734 -0.20789273083209991 0.9765361547470093
vn 0.19944025576114655 -0.2814631164073944 0.9386171698570251
vn -0.8924235701560974 0.08704929798841476 0.4427219331264496
vn 0.8152850866317749 -0.059005338698625565 0.5760457515716553
vn -0.6113972663879395 0.2851904332637787 0.738146185874939
vn -0.402376651763916 0.20208874344825745 0.8928903341293335
vn -0.13371063768863678 0.038383156061172485 0.9902768731117249
vn 0.1651395559310913 -0.08212844282388687 0.9828447699546814
vn 0.43120667338371277 -0.10509006679058075 0.8961121439933777
vn 0.6764967441558838 -0.08968022465705872 0.7309648990631104
vn -0.8378214836120605 0.3619197607040405 0.40874117612838745
vn 0.7738954424858093 0.08444689959287643 0.6276580691337585
vn -0.8039810061454773 0.5765901207923889 0.1454593390226364
vn -0.7163161039352417 0.6689653992652893 0.1984352022409439
vn -0.6275002360343933 0.6222187876701355 0.46806761622428894
vn -0.5236268043518066 0.558121919631958 0.6436730027198792
vn -0.27236318588256836 0.33326035737991333 0.90263831615448
vn 0.07226642221212387 0.15196764469146729 0.9857400059700012
vn 0.39061683416366577 0.04834643006324768 0.9192829728126526
vn 0.6444762349128723 0.022468676790595055 0.7642942070960999
vn -0.7034007906913757 0.600834846496582 0.37976962327957153
vn 0.7105531692504883 0.23202331364154816 0.6642885804176331
vn -0.455081582069397 0.5141124725341797 0.7270413637161255
vn -0.06141242757439613 0.3853762447834015 0.9207136631011963
vn 0.30097511410713196 0.24899086356163025 0.9205528497695923
vn 0.5918550491333008 0.1496710181236267 0.792026698589325
vn -0.6502784490585327 0.5927135348320007 0.4752143919467926
vn 0.5815935730934143 0.41074416041374207 0.7021667957305908
vn -0.5599662661552429 0.6910299062728882 0.45707282423973083
vn -0.2748512625694275 0.7329252362251282 0.6223161220550537
vn 0.023149054497480392 0.6667298078536987 0.744939923286438
vn 0.32273489236831665 0.5519871711730957 0.7688643336296082
vn -0.41958707571029663 0.6326640248298645 0.650909423828125
vn -0.13558654487133026 0.5688349008560181 0.8111985921859741
vn 0.17798475921154022 0.4739800691604614 0.8623598217964172
vn 0.4832638204097748 0.33780741691589355 0.8076770305633545

g grp1
usemtl mtl1
f 1//1 31//31 41//41 
f 1//1 2//2 32//32 
f 31//31 1//1 32//32 
f 2//2 3//3 33//33 
f 32//32 2//2 33//33 
f 3//3 4//4 34//34 
f 33//33 3//3 34//34 
f 34//34 4//4 42//42 
f 5//5 1//1 41//41 
f 49//49 5//5 41//41 
f 2//2 1//1 6//6 
f 6//6 1//1 5//5 
f 3//3 2//2 7//7 
f 7//7 2//2 6//6 
f 4//4 3//3 8//8 
f 8//8 3//3 7//7 
f 50//50 42//42 4//4 
f 8//8 50//50 4//4 
f 5//5 49//49 51//51 
f 6//6 5//5 51//51 
f 52//52 6//6 51//51 
f 52//52 63//63 9//9 
f 52//52 9//9 6//6 
f 6//6 9//9 7//7 
f 8//8 7//7 10//10 
f 10//10 7//7 9//9 
f 53//53 50//50 8//8 
f 53//53 8//8 11//11 
f 11//11 8//8 10//10 
f 11//11 12//12 54//54 
f 53//53 11//11 54//54 
f 12//12 13//13 55//55 
f 54//54 12//12 55//55 
f 13//13 14//14 56//56 
f 55//55 13//13 56//56 
f 56//56 14//14 64//64 
f 15//15 9//9 63//63 
f 69//69 15//15 63//63 
f 10//10 9//9 16//16 
f 16//16 9//9 15//15 
f 11//11 10//10 17//17 
f 17//17 10//10 16//16 
f 12//12 11//11 18//18 
f 18//18 11//11 17//17 
f 13//13 12//12 19//19 
f 19//19 12//12 18//18 
f 14//14 13//13 20//20 
f 20//20 13//13 19//19 
f 70//70 64//64 14//14 
f 20//20 70//70 14//14 
f 15//15 69//69 71//71 
f 16//16 15//15 71//71 
f 72//72 16//16 71//71 
f 72//72 77//77 21//21 
f 72//72 21//21 16//16 
f 16//16 21//21 17//17 
f 18//18 17//17 22//22 
f 22//22 17//17 21//21 
f 19//19 18//18 23//23 
f 23//23 18//18 22//22 
f 20//20 19//19 24//24 
f 24//24 19//19 23//23 
f 78//78 70//70 20//20 
f 24//24 78//78 20//20 
f 21//21 77//77 79//79 
f 22//22 21//21 79//79 
f 80//80 22//22 79//79 
f 23//23 22//22 80//80 
f 81//81 23//23 80//80 
f 24//24 23//23 81//81 
f 82//82 24//24 81//81 
f 78//78 24//24 82//82 
f 25//25 95//95 101//101 
f 25//25 26//26 96//96 
f 95//95 25//25 96//96 
f 26//26 27//27 97//97 
f 96//96 26//26 97//97 
f 27//27 28//28 98//98 
f 97//97 27//27 98//98 
f 28//28 29//29 99//99 
f 98//98 28//28 99//99 
f 29//29 30//30 100//100 
f 99//99 29//29 100//100 
f 100//100 30//30 102//102 
f 35//35 25//25 101//101 
f 107//107 35//35 101//101 
f 26//26 25//25 36//36 
f 36//36 25//25 35//35 
f 27//27 26//26 37//37 
f 37//37 26//26 36//36 
f 28//28 27//27 38//38 
f 38//38 27//27 37//37 
f 29//29 28//28 39//39 
f 39//39 28//28 38//38 
f 30//30 29//29 40//40 
f 40//40 29//29 39//39 
f 108//108 102//102 30//30 
f 40//40 108//108 30//30 
f 43//43 35//35 107//107 
f 117//117 43//43 107//107 
f 36//36 35//35 44//44 
f 44//44 35//35 43//43 
f 37//37 36//36 45//45 
f 45//45 36//36 44//44 
f 38//38 37//37 46//46 
f 46//46 37//37 45//45 
f 39//39 38//38 47//47 
f 47//47 38//38 46//46 
f 40//40 39//39 48//48 
f 48//48 39//39 47//47 
f 41//41 31//31 109//109 
f 41//41 109//109 40//40 
f 41//41 40//40 48//48 
f 108//108 40//40 109//109 
f 32//32 110//110 31//31 
f 31//31 110//110 109//109 
f 33//33 111//111 32//32 
f 32//32 111//111 110//110 
f 34//34 112//112 33//33 
f 33//33 112//112 111//111 
f 112//112 34//34 42//42 
f 118//118 112//112 42//42 
f 57//57 43//43 117//117 
f 121//121 57//57 117//117 
f 44//44 43//43 58//58 
f 58//58 43//43 57//57 
f 45//45 44//44 59//59 
f 59//59 44//44 58//58 
f 46//46 45//45 60//60 
f 60//60 45//45 59//59 
f 47//47 46//46 61//61 
f 61//61 46//46 60//60 
f 48//48 47//47 62//62 
f 62//62 47//47 61//61 
f 41//41 62//62 49//49 
f 48//48 62//62 41//41 
f 42//42 50//50 118//118 
f 118//118 50//50 122//122 
f 57//57 121//121 123//123 
f 58//58 57//57 123//123 
f 124//124 58//58 123//123 
f 59//59 58//58 124//124 
f 125//125 59//59 124//124 
f 60//60 59//59 125//125 
f 126//126 60//60 125//125 
f 126//126 133//133 65//65 
f 126//126 65//65 60//60 
f 60//60 65//65 61//61 
f 62//62 61//61 66//66 
f 66//66 61//61 65//65 
f 49//49 67//67 51//51 
f 49//49 62//62 67//67 
f 62//62 66//66 67//67 
f 51//51 68//68 52//52 
f 67//67 68//68 51//51 
f 52//52 68//68 63//63 
f 50//50 127//127 122//122 
f 53//53 127//127 50//50 
f 54//54 128//128 53//53 
f 53//53 128//128 127//127 
f 55//55 129//129 54//54 
f 54//54 129//129 128//128 
f 56//56 130//130 55//55 
f 55//55 130//130 129//129 
f 130//130 56//56 64//64 
f 134//134 130//130 64//64 
f 73//73 65//65 133//133 
f 141//141 73//73 133//133 
f 66//66 65//65 74//74 
f 74//74 65//65 73//73 
f 67//67 66//66 75//75 
f 75//75 66//66 74//74 
f 68//68 67//67 76//76 
f 76//76 67//67 75//75 
f 63//63 76//76 69//69 
f 68//68 76//76 63//63 
f 64//64 70//70 134//134 
f 134//134 70//70 142//142 
f 73//73 141//141 143//143 
f 74//74 73//73 143//143 
f 144//144 74//74 143//143 
f 75//75 74//74 144//144 
f 145//145 75//75 144//144 
f 76//76 75//75 145//145 
f 146//146 76//76 145//145 
f 83//83 146//146 155//155 
f 71//71 146//146 83//83 
f 71//71 76//76 146//146 
f 71//71 69//69 76//76 
f 71//71 84//84 72//72 
f 83//83 84//84 71//71 
f 72//72 84//84 77//77 
f 147//147 78//78 85//85 
f 147//147 142//142 78//78 
f 142//142 70//70 78//78 
f 85//85 86//86 148//148 
f 147//147 85//85 148//148 
f 148//148 86//86 156//156 
f 83//83 155//155 157//157 
f 84//84 83//83 157//157 
f 158//158 84//84 157//157 
f 77//77 84//84 158//158 
f 77//77 158//158 79//79 
f 79//79 158//158 159//159 
f 80//80 79//79 160//160 
f 79//79 159//159 160//160 
f 87//87 160//160 163//163 
f 87//87 81//81 160//160 
f 81//81 80//80 160//160 
f 81//81 88//88 82//82 
f 87//87 88//88 81//81 
f 82//82 85//85 78//78 
f 82//82 88//88 85//85 
f 88//88 89//89 85//85 
f 86//86 85//85 90//90 
f 90//90 85//85 89//89 
f 164//164 156//156 86//86 
f 90//90 164//164 86//86 
f 91//91 87//87 163//163 
f 167//167 91//91 163//163 
f 88//88 87//87 92//92 
f 92//92 87//87 91//91 
f 89//89 88//88 93//93 
f 93//93 88//88 92//92 
f 90//90 89//89 94//94 
f 94//94 89//89 93//93 
f 168//168 164//164 90//90 
f 94//94 168//168 90//90 
f 91//91 167//167 169//169 
f 92//92 91//91 169//169 
f 170//170 92//92 169//169 
f 93//93 92//92 170//170 
f 171//171 93//93 170//170 
f 94//94 93//93 171//171 
f 172//172 94//94 171//171 
f 168//168 94//94 172//172 
f 103//103 175//175 185//185 
f 103//103 104//104 176//176 
f 175//175 103//103 176//176 
f 104//104 105//105 177//177 
f 176//176 104//104 177//177 
f 105//105 106//106 178//178 
f 177//177 105//105 178//178 
f 106//106 101//101 95//95 
f 106//106 95//95 178//178 
f 178//178 95//95 179//179 
f 96//96 180//180 95//95 
f 95//95 180//180 179//179 
f 97//97 181//181 96//96 
f 96//96 181//181 180//180 
f 98//98 182//182 97//97 
f 97//97 182//182 181//181 
f 99//99 183//183 98//98 
f 98//98 183//183 182//182 
f 100//100 184//184 99//99 
f 99//99 184//184 183//183 
f 184//184 100//100 102//102 
f 186//186 184//184 102//102 
f 113//113 103//103 185//185 
f 189//189 113//113 185//185 
f 104//104 103//103 114//114 
f 114//114 103//103 113//113 
f 105//105 104//104 115//115 
f 115//115 104//104 114//114 
f 106//106 105//105 116//116 
f 116//116 105//105 115//115 
f 101//101 116//116 107//107 
f 106//106 116//116 101//101 
f 102//102 108//108 186//186 
f 186//186 108//108 190//190 
f 113//113 189//189 191//191 
f 114//114 113//113 191//191 
f 192//192 114//114 191//191 
f 192//192 199//199 119//119 
f 192//192 119//119 114//114 
f 114//114 119//119 115//115 
f 116//116 115//115 120//120 
f 120//120 115//115 119//119 
f 107//107 120//120 117//117 
f 116//116 120//120 107//107 
f 108//108 193//193 190//190 
f 109//109 193//193 108//108 
f 110//110 194//194 109//109 
f 109//109 194//194 193//193 
f 111//111 195//195 110//110 
f 110//110 195//195 194//194 
f 112//112 196//196 111//111 
f 111//111 196//196 195//195 
f 196//196 112//112 118//118 
f 200//200 196//196 118//118 
f 131//131 119//119 199//199 
f 205//205 131//131 199//199 
f 120//120 119//119 132//132 
f 132//132 119//119 131//131 
f 117//117 132//132 121//121 
f 120//120 132//132 117//117 
f 118//118 122//122 200//200 
f 200//200 122//122 206//206 
f 131//131 205//205 207//207 
f 132//132 131//131 207//207 
f 208//208 132//132 207//207 
f 135//135 208//208 215//215 
f 123//123 208//208 135//135 
f 123//123 132//132 208//208 
f 123//123 121//121 132//132 
f 123//123 136//136 124//124 
f 135//135 136//136 123//123 
f 124//124 137//137 125//125 
f 136//136 137//137 124//124 
f 125//125 138//138 126//126 
f 137//137 138//138 125//125 
f 126//126 138//138 133//133 
f 122//122 209//209 206//206 
f 127//127 209//209 122//122 
f 128//128 210//210 127//127 
f 127//127 210//210 209//209 
f 139//139 216//216 210//210 
f 139//139 210//210 129//129 
f 129//129 210//210 128//128 
f 129//129 130//130 140//140 
f 139//139 129//129 140//140 
f 130//130 134//134 140//140 
f 149//149 135//135 215//215 
f 219//219 149//149 215//215 
f 136//136 135//135 150//150 
f 150//150 135//135 149//149 
f 137//137 136//136 151//151 
f 151//151 136//136 150//150 
f 138//138 137//137 152//152 
f 152//152 137//137 151//151 
f 133//133 152//152 141//141 
f 138//138 152//152 133//133 
f 153//153 216//216 139//139 
f 220//220 216//216 153//153 
f 140//140 154//154 139//139 
f 154//154 153//153 139//139 
f 134//134 142//142 154//154 
f 140//140 134//134 154//154 
f 149//149 219//219 221//221 
f 150//150 149//149 221//221 
f 222//222 150//150 221//221 
f 151//151 150//150 222//222 
f 223//223 151//151 222//222 
f 152//152 151//151 223//223 
f 224//224 152//152 223//223 
f 141//141 152//152 224//224 
f 141//141 224//224 143//143 
f 143//143 224//224 225//225 
f 144//144 143//143 226//226 
f 143//143 225//225 226//226 
f 161//161 226//226 233//233 
f 161//161 145//145 226//226 
f 145//145 144//144 226//226 
f 145//145 162//162 146//146 
f 161//161 162//162 145//145 
f 146//146 162//162 155//155 
f 153//153 227//227 220//220 
f 154//154 227//227 153//153 
f 228//228 227//227 154//154 
f 142//142 228//228 154//154 
f 142//142 147//147 228//228 
f 147//147 229//229 228//228 
f 148//148 230//230 147//147 
f 147//147 230//230 229//229 
f 230//230 148//148 156//156 
f 234//234 230//230 156//156 
f 161//161 233//233 235//235 
f 162//162 161//161 235//235 
f 236//236 162//162 235//235 
f 155//155 162//162 236//236 
f 155//155 236//236 157//157 
f 157//157 236//236 237//237 
f 158//158 157//157 238//238 
f 157//157 237//237 238//238 
f 165//165 238//238 243//243 
f 165//165 159//159 238//238 
f 159//159 158//158 238//238 
f 159//159 166//166 160//160 
f 165//165 166//166 159//159 
f 160//160 166//166 163//163 
f 156//156 164//164 234//234 
f 234//234 164//164 244//244 
f 173//173 165//165 243//243 
f 247//247 173//173 243//243 
f 166//166 165//165 174//174 
f 174//174 165//165 173//173 
f 163//163 174//174 167//167 
f 166//166 174//174 163//163 
f 164//164 168//168 244//244 
f 244//244 168//168 248//248 
f 173//173 247//247 249//249 
f 174//174 173//173 249//249 
f 250//250 174//174 249//249 
f 167//167 174//174 250//250 
f 167//167 250//250 169//169 
f 169//169 250//250 251//251 
f 170//170 169//169 252//252 
f 169//169 251//251 252//252 
f 171//171 170//170 253//253 
f 170//170 252//252 253//253 
f 172//172 171//171 254//254 
f 171//171 253//253 254//254 
f 248//248 168//168 172//172 
f 254//254 248//248 172//172 
f 175//175 267//267 277//277 
f 185//185 175//175 277//277 
f 176//176 268//268 175//175 
f 175//175 268//268 267//267 
f 177//177 269//269 176//176 
f 176//176 269//269 268//268 
f 178//178 270//270 177//177 
f 177//177 270//270 269//269 
f 179//179 271//271 178//178 
f 178//178 271//271 270//270 
f 180//180 272//272 179//179 
f 179//179 272//272 271//271 
f 181//181 273//273 180//180 
f 180//180 273//273 272//272 
f 182//182 274//274 181//181 
f 181//181 274//274 273//273 
f 187//187 278//278 274//274 
f 187//187 274//274 183//183 
f 183//183 274//274 182//182 
f 183//183 184//184 188//188 
f 187//187 183//183 188//188 
f 184//184 186//186 188//188 
f 185//185 277//277 189//189 
f 277//277 283//283 189//189 
f 197//197 278//278 187//187 
f 284//284 278//278 197//197 
f 188//188 198//198 187//187 
f 198//198 197//197 187//187 
f 186//186 190//190 198//198 
f 188//188 186//186 198//198 
f 201//201 191//191 189//189 
f 201//201 189//189 293//293 
f 293//293 189//189 283//283 
f 191//191 202//202 192//192 
f 201//201 202//202 191//191 
f 192//192 202//202 199//199 
f 197//197 285//285 284//284 
f 198//198 285//285 197//197 
f 286//286 285//285 198//198 
f 190//190 286//286 198//198 
f 190//190 193//193 286//286 
f 193//193 287//287 286//286 
f 194//194 288//288 193//193 
f 193//193 288//288 287//287 
f 203//203 294//294 288//288 
f 203//203 288//288 195//195 
f 195//195 288//288 194//194 
f 195//195 196//196 204//204 
f 203//203 195//195 204//204 
f 196//196 200//200 204//204 
f 211//211 201//201 293//293 
f 297//297 211//211 293//293 
f 202//202 201//201 212//212 
f 212//212 201//201 211//211 
f 199//199 212//212 205//205 
f 202//202 212//212 199//199 
f 213//213 294//294 203//203 
f 298//298 294//294 213//213 
f 204//204 214//214 203//203 
f 214//214 213//213 203//203 
f 200//200 206//206 214//214 
f 204//204 200//200 214//214 
f 211//211 297//297 299//299 
f 212//212 211//211 299//299 
f 300//300 212//212 299//299 
f 217//217 300//300 307//307 
f 207//207 300//300 217//217 
f 207//207 212//212 300//300 
f 207//207 205//205 212//212 
f 207//207 218//218 208//208 
f 217//217 218//218 207//207 
f 208//208 218//218 215//215 
f 213//213 301//301 298//298 
f 214//214 301//301 213//213 
f 302//302 301//301 214//214 
f 206//206 302//302 214//214 
f 206//206 209//209 302//302 
f 209//209 303//303 302//302 
f 210//210 304//304 209//209 
f 209//209 304//304 303//303 
f 304//304 210//210 216//216 
f 308//308 304//304 216//216 
f 231//231 217//217 307//307 
f 313//313 231//231 307//307 
f 218//218 217//217 232//232 
f 232//232 217//217 231//231 
f 215//215 232//232 219//219 
f 218//218 232//232 215//215 
f 216//216 220//220 308//308 
f 308//308 220//220 314//314 
f 231//231 313//313 315//315 
f 232//232 231//231 315//315 
f 316//316 232//232 315//315 
f 219//219 232//232 316//316 
f 219//219 316//316 221//221 
f 221//221 316//316 317//317 
f 222//222 221//221 318//318 
f 221//221 317//317 318//318 
f 223//223 222//222 319//319 
f 222//222 318//318 319//319 
f 224//224 223//223 320//320 
f 223//223 319//319 320//320 
f 239//239 320//320 327//327 
f 239//239 225//225 320//320 
f 225//225 224//224 320//320 
f 225//225 240//240 226//226 
f 239//239 240//240 225//225 
f 226//226 240//240 233//233 
f 220//220 321//321 314//314 
f 227//227 321//321 220//220 
f 228//228 322//322 227//227 
f 227//227 322//322 321//321 
f 241//241 328//328 322//322 
f 241//241 322//322 229//229 
f 229//229 322//322 228//228 
f 229//229 230//230 242//242 
f 241//241 229//229 242//242 
f 230//230 234//234 242//242 
f 239//239 327//327 329//329 
f 240//240 239//239 329//329 
f 330//330 240//240 329//329 
f 233//233 240//240 330//330 
f 233//233 330//330 235//235 
f 235//235 330//330 331//331 
f 236//236 235//235 332//332 
f 235//235 331//331 332//332 
f 245//245 332//332 341//341 
f 245//245 237//237 332//332 
f 237//237 236//236 332//332 
f 237//237 246//246 238//238 
f 245//245 246//246 237//237 
f 238//238 246//246 243//243 
f 241//241 333//333 328//328 
f 242//242 333//333 241//241 
f 334//334 333//333 242//242 
f 334//334 242//242 234//234 
f 334//334 234//234 342//342 
f 342//342 234//234 244//244 
f 255//255 245//245 341//341 
f 345//345 255//255 341//341 
f 246//246 245//245 256//256 
f 256//256 245//245 255//255 
f 243//243 256//256 247//247 
f 246//246 256//256 243//243 
f 244//244 248//248 342//342 
f 342//342 248//248 346//346 
f 255//255 345//345 347//347 
f 256//256 255//255 347//347 
f 348//348 256//256 347//347 
f 247//247 256//256 348//348 
f 247//247 348//348 249//249 
f 249//249 348//348 349//349 
f 250//250 249//249 350//350 
f 249//249 349//349 350//350 
f 251//251 250//250 351//351 
f 250//250 350//350 351//351 
f 252//252 251//251 352//352 
f 251//251 351//351 352//352 
f 257//257 352//352 357//357 
f 257//257 253//253 352//352 
f 253//253 252//252 352//352 
f 253//253 258//258 254//254 
f 257//257 258//258 253//253 
f 353//353 346//346 248//248 
f 353//353 248//248 258//258 
f 353//353 258//258 259//259 
f 258//258 248//248 254//254 
f 259//259 260//260 354//354 
f 353//353 259//259 354//354 
f 354//354 260//260 358//358 
f 261//261 257//257 357//357 
f 361//361 261//261 357//357 
f 258//258 257//257 262//262 
f 262//262 257//257 261//261 
f 259//259 258//258 263//263 
f 263//263 258//258 262//262 
f 260//260 259//259 264//264 
f 264//264 259//259 263//263 
f 362//362 358//358 260//260 
f 264//264 362//362 260//260 
f 261//261 361//361 363//363 
f 262//262 261//261 363//363 
f 364//364 262//262 363//363 
f 263//263 262//262 364//364 
f 365//365 263//263 364//364 
f 264//264 263//263 365//365 
f 366//366 264//264 365//365 
f 362//362 264//264 366//366 
f 265//265 369//369 371//371 
f 265//265 266//266 370//370 
f 369//369 265//265 370//370 
f 370//370 266//266 372//372 
f 275//275 265//265 371//371 
f 373//373 275//275 371//371 
f 266//266 265//265 276//276 
f 276//276 265//265 275//275 
f 374//374 372//372 266//266 
f 276//276 374//374 266//266 
f 279//279 375//375 381//381 
f 279//279 280//280 376//376 
f 375//375 279//279 376//376 
f 373//373 376//376 280//280 
f 275//275 373//373 280//280 
f 275//275 280//280 277//277 
f 275//275 277//277 267//267 
f 268//268 275//275 267//267 
f 276//276 275//275 268//268 
f 276//276 377//377 374//374 
f 276//276 268//268 377//377 
f 268//268 269//269 377//377 
f 270//270 378//378 269//269 
f 269//269 378//378 377//377 
f 271//271 379//379 270//270 
f 270//270 379//379 378//378 
f 272//272 380//380 271//271 
f 271//271 380//380 379//379 
f 281//281 382//382 380//380 
f 281//281 380//380 273//273 
f 273//273 380//380 272//272 
f 273//273 274//274 282//282 
f 281//281 273//273 282//282 
f 274//274 278//278 282//282 
f 289//289 279//279 381//381 
f 383//383 289//289 381//381 
f 280//280 279//279 290//290 
f 290//290 279//279 289//289 
f 277//277 290//290 283//283 
f 280//280 290//290 277//277 
f 291//291 382//382 281//281 
f 384//384 382//382 291//291 
f 282//282 292//292 281//281 
f 292//292 291//291 281//281 
f 278//278 284//284 292//292 
f 282//282 278//278 292//292 
f 289//289 383//383 385//385 
f 290//290 289//289 385//385 
f 386//386 290//290 385//385 
f 386//386 283//283 290//290 
f 386//386 391//391 283//283 
f 391//391 293//293 283//283 
f 291//291 387//387 384//384 
f 292//292 387//387 291//291 
f 388//388 387//387 292//292 
f 284//284 388//388 292//292 
f 284//284 285//285 388//388 
f 285//285 389//389 388//388 
f 286//286 390//390 285//285 
f 285//285 390//390 389//389 
f 295//295 392//392 390//390 
f 295//295 390//390 287//287 
f 287//287 390//390 286//286 
f 287//287 288//288 296//296 
f 295//295 287//287 296//296 
f 288//288 294//294 296//296 
f 293//293 391//391 297//297 
f 391//391 393//393 297//297 
f 305//305 392//392 295//295 
f 394//394 392//392 305//305 
f 296//296 306//306 295//295 
f 306//306 305//305 295//295 
f 294//294 298//298 306//306 
f 296//296 294//294 306//306 
f 309//309 299//299 297//297 
f 309//309 297//297 399//399 
f 399//399 297//297 393//393 
f 299//299 310//310 300//300 
f 309//309 310//310 299//299 
f 300//300 310//310 307//307 
f 305//305 395//395 394//394 
f 306//306 395//395 305//305 
f 396//396 395//395 306//306 
f 298//298 396//396 306//306 
f 298//298 301//301 396//396 
f 301//301 397//397 396//396 
f 302//302 398//398 301//301 
f 301//301 398//398 397//397 
f 311//311 400//400 398//398 
f 311//311 398//398 303//303 
f 303//303 398//398 302//302 
f 303//303 304//304 312//312 
f 311//311 303//303 312//312 
f 304//304 308//308 312//312 
f 323//323 309//309 399//399 
f 401//401 323//323 399//399 
f 310//310 309//309 324//324 
f 324//324 309//309 323//323 
f 307//307 324//324 313//313 
f 310//310 324//324 307//307 
f 325//325 400//400 311//311 
f 402//402 400//400 325//325 
f 312//312 326//326 311//311 
f 326//326 325//325 311//311 
f 308//308 314//314 326//326 
f 312//312 308//308 326//326 
f 323//323 401//401 403//403 
f 324//324 323//323 403//403 
f 404//404 324//324 403//403 
f 335//335 404//404 409//409 
f 315//315 404//404 335//335 
f 315//315 324//324 404//404 
f 315//315 313//313 324//324 
f 315//315 336//336 316//316 
f 335//335 336//336 315//315 
f 316//316 337//337 317//317 
f 336//336 337//337 316//316 
f 317//317 338//338 318//318 
f 337//337 338//338 317//317 
f 318//318 339//339 319//319 
f 338//338 339//339 318//318 
f 319//319 340//340 320//320 
f 339//339 340//340 319//319 
f 320//320 340//340 327//327 
f 325//325 405//405 402//402 
f 326//326 405//405 325//325 
f 406//406 405//405 326//326 
f 314//314 406//406 326//326 
f 314//314 321//321 406//406 
f 321//321 407//407 406//406 
f 322//322 408//408 321//321 
f 321//321 408//408 407//407 
f 408//408 322//322 328//328 
f 410//410 408//408 328//328 
f 335//335 409//409 411//411 
f 336//336 335//335 411//411 
f 412//412 336//336 411//411 
f 337//337 336//336 412//412 
f 413//413 337//337 412//412 
f 338//338 337//337 413//413 
f 414//414 338//338 413//413 
f 339//339 338//338 414//414 
f 415//415 339//339 414//414 
f 340//340 339//339 415//415 
f 416//416 340//340 415//415 
f 327//327 340//340 416//416 
f 327//327 416//416 329//329 
f 329//329 416//416 417//417 
f 330//330 329//329 418//418 
f 329//329 417//417 418//418 
f 343//343 418//418 421//421 
f 343//343 331//331 418//418 
f 331//331 330//330 418//418 
f 331//331 344//344 332//332 
f 343//343 344//344 331//331 
f 332//332 344//344 341//341 
f 328//328 419//419 410//410 
f 333//333 419//419 328//328 
f 334//334 420//420 333//333 
f 333//333 420//420 419//419 
f 420//420 334//334 342//342 
f 422//422 420//420 342//342 
f 355//355 343//343 421//421 
f 423//423 355//355 421//421 
f 344//344 343//343 356//356 
f 356//356 343//343 355//355 
f 341//341 356//356 345//345 
f 344//344 356//356 341//341 
f 342//342 346//346 422//422 
f 422//422 346//346 424//424 
f 355//355 423//423 425//425 
f 356//356 355//355 425//425 
f 426//426 356//356 425//425 
f 345//345 356//356 426//426 
f 345//345 426//426 347//347 
f 347//347 426//426 427//427 
f 348//348 347//347 428//428 
f 347//347 427//427 428//428 
f 349//349 348//348 429//429 
f 348//348 428//428 429//429 
f 350//350 349//349 430//430 
f 349//349 429//429 430//430 
f 359//359 430//430 433//433 
f 359//359 351//351 430//430 
f 351//351 350//350 430//430 
f 351//351 360//360 352//352 
f 359//359 360//360 351//351 
f 352//352 360//360 357//357 
f 346//346 431//431 424//424 
f 353//353 431//431 346//346 
f 354//354 432//432 353//353 
f 353//353 432//432 431//431 
f 432//432 354//354 358//358 
f 434//434 432//432 358//358 
f 367//367 359//359 433//433 
f 435//435 367//367 433//433 
f 360//360 359//359 368//368 
f 368//368 359//359 367//367 
f 357//357 368//368 361//361 
f 360//360 368//368 357//357 
f 358//358 362//362 434//434 
f 434//434 362//362 436//436 
f 367//367 435//435 437//437 
f 368//368 367//367 437//437 
f 438//438 368//368 437//437 
f 361//361 368//368 438//438 
f 361//361 438//438 363//363 
f 363//363 438//438 439//439 
f 364//364 363//363 440//440 
f 363//363 439//439 440//440 
f 365//365 364//364 441//441 
f 364//364 440//440 441//441 
f 366//366 365//365 442//442 
f 365//365 441//441 442//442 
f 436//436 362//362 366//366 
f 442//442 436//436 366//366 
f 369//369 443//443 445//445 
f 371//371 369//369 445//445 
f 370//370 444//444 369//369 
f 369//369 444//444 443//443 
f 444//444 370//370 372//372 
f 446//446 444//444 372//372 
f 371//371 445//445 373//373 
f 445//445 451//451 373//373 
f 372//372 374//374 446//446 
f 446//446 374//374 452//452 
f 375//375 453//453 463//463 
f 381//381 375//375 463//463 
f 376//376 454//454 375//375 
f 375//375 454//454 453//453 
f 451//451 376//376 373//373 
f 454//454 376//376 451//451 
f 374//374 455//455 452//452 
f 377//377 455//455 374//374 
f 378//378 456//456 377//377 
f 377//377 456//456 455//455 
f 379//379 457//457 378//378 
f 378//378 457//457 456//456 
f 380//380 458//458 379//379 
f 379//379 458//458 457//457 
f 458//458 380//380 382//382 
f 464//464 458//458 382//382 
f 381//381 463//463 383//383 
f 463//463 465//465 383//383 
f 382//382 384//384 464//464 
f 464//464 384//384 466//466 
f 383//383 465//465 467//467 
f 385//385 383//383 467//467 
f 386//386 385//385 468//468 
f 385//385 467//467 468//468 
f 468//468 391//391 386//386 
f 473//473 391//391 468//468 
f 384//384 469//469 466//466 
f 387//387 469//469 384//384 
f 388//388 470//470 387//387 
f 387//387 470//470 469//469 
f 389//389 471//471 388//388 
f 388//388 471//471 470//470 
f 390//390 472//472 389//389 
f 389//389 472//472 471//471 
f 472//472 390//390 392//392 
f 474//474 472//472 392//392 
f 391//391 473//473 393//393 
f 473//473 479//479 393//393 
f 392//392 394//394 474//474 
f 474//474 394//394 480//480 
f 393//393 479//479 399//399 
f 479//479 489//489 399//399 
f 394//394 481//481 480//480 
f 395//395 481//481 394//394 
f 396//396 482//482 395//395 
f 395//395 482//482 481//481 
f 397//397 483//483 396//396 
f 396//396 483//483 482//482 
f 398//398 484//484 397//397 
f 397//397 484//484 483//483 
f 484//484 398//398 400//400 
f 490//490 484//484 400//400 
f 399//399 489//489 401//401 
f 489//489 491//491 401//401 
f 400//400 402//402 490//490 
f 490//490 402//402 492//492 
f 401//401 491//491 493//493 
f 403//403 401//401 493//493 
f 404//404 403//403 494//494 
f 403//403 493//493 494//494 
f 494//494 409//409 404//404 
f 499//499 409//409 494//494 
f 402//402 495//495 492//492 
f 405//405 495//495 402//402 
f 406//406 496//496 405//405 
f 405//405 496//496 495//495 
f 407//407 497//497 406//406 
f 406//406 497//497 496//496 
f 408//408 498//498 407//407 
f 407//407 498//498 497//497 
f 498//498 408//408 410//410 
f 500//500 498//498 410//410 
f 409//409 499//499 501//501 
f 411//411 409//409 501//501 
f 412//412 411//411 502//502 
f 411//411 501//501 502//502 
f 413//413 412//412 503//503 
f 412//412 502//502 503//503 
f 414//414 413//413 504//504 
f 413//413 503//503 504//504 
f 415//415 414//414 505//505 
f 414//414 504//504 505//505 
f 416//416 415//415 506//506 
f 415//415 505//505 506//506 
f 417//417 416//416 507//507 
f 416//416 506//506 507//507 
f 418//418 417//417 508//508 
f 417//417 507//507 508//508 
f 508//508 421//421 418//418 
f 515//515 421//421 508//508 
f 410//410 509//509 500//500 
f 419//419 509//509 410//410 
f 420//420 510//510 419//419 
f 419//419 510//510 509//509 
f 510//510 420//420 422//422 
f 516//516 510//510 422//422 
f 421//421 515//515 423//423 
f 515//515 519//519 423//423 
f 422//422 424//424 516//516 
f 516//516 424//424 520//520 
f 423//423 519//519 521//521 
f 425//425 423//423 521//521 
f 426//426 425//425 522//522 
f 425//425 521//521 522//522 
f 427//427 426//426 523//523 
f 426//426 522//522 523//523 
f 428//428 427//427 524//524 
f 427//427 523//523 524//524 
f 429//429 428//428 525//525 
f 428//428 524//524 525//525 
f 430//430 429//429 526//526 
f 429//429 525//525 526//526 
f 526//526 433//433 430//430 
f 531//531 433//433 526//526 
f 424//424 527//527 520//520 
f 431//431 527//527 424//424 
f 432//432 528//528 431//431 
f 431//431 528//528 527//527 
f 528//528 432//432 434//434 
f 532//532 528//528 434//434 
f 433//433 531//531 435//435 
f 531//531 535//535 435//435 
f 434//434 436//436 532//532 
f 532//532 436//436 536//536 
f 435//435 535//535 537//537 
f 437//437 435//435 537//537 
f 438//438 437//437 538//538 
f 437//437 537//537 538//538 
f 439//439 438//438 539//539 
f 438//438 538//538 539//539 
f 440//440 439//439 540//540 
f 439//439 539//539 540//540 
f 441//441 440//440 541//541 
f 440//440 540//540 541//541 
f 442//442 441//441 542//542 
f 441//441 541//541 542//542 
f 536//536 436//436 442//442 
f 542//542 536//536 442//442 
f 447//447 545//545 551//551 
f 447//447 448//448 546//546 
f 545//545 447//447 546//546 
f 448//448 445//445 443//443 
f 448//448 443//443 546//546 
f 546//546 443//443 547//547 
f 444//444 548//548 443//443 
f 443//443 548//548 547//547 
f 446//446 449//449 549//549 
f 446//446 549//549 444//444 
f 444//444 549//549 548//548 
f 449//449 450//450 550//550 
f 549//549 449//449 550//550 
f 550//550 450//450 552//552 
f 459//459 447//447 551//551 
f 553//553 459//459 551//551 
f 448//448 447//447 460//460 
f 460//460 447//447 459//459 
f 445//445 460//460 451//451 
f 448//448 460//460 445//445 
f 449//449 452//452 461//461 
f 446//446 452//452 449//449 
f 450//450 449//449 462//462 
f 462//462 449//449 461//461 
f 554//554 552//552 450//450 
f 462//462 554//554 450//450 
f 453//453 459//459 553//553 
f 453//453 553//553 463//463 
f 463//463 553//553 557//557 
f 454//454 459//459 453//453 
f 460//460 459//459 454//454 
f 451//451 460//460 454//454 
f 452//452 455//455 461//461 
f 456//456 461//461 455//455 
f 462//462 461//461 456//456 
f 462//462 555//555 554//554 
f 462//462 456//456 555//555 
f 456//456 457//457 555//555 
f 458//458 556//556 457//457 
f 457//457 556//556 555//555 
f 556//556 458//458 464//464 
f 558//558 556//556 464//464 
f 463//463 557//557 465//465 
f 557//557 559//559 465//465 
f 464//464 466//466 558//558 
f 558//558 466//466 560//560 
f 475//475 467//467 465//465 
f 475//475 465//465 563//563 
f 563//563 465//465 559//559 
f 467//467 476//476 468//468 
f 475//475 476//476 467//467 
f 468//468 476//476 473//473 
f 466//466 561//561 560//560 
f 469//469 561//561 466//466 
f 470//470 562//562 469//469 
f 469//469 562//562 561//561 
f 477//477 564//564 562//562 
f 477//477 562//562 471//471 
f 471//471 562//562 470//470 
f 471//471 472//472 478//478 
f 477//477 471//471 478//478 
f 472//472 474//474 478//478 
f 485//485 475//475 563//563 
f 565//565 485//485 563//563 
f 476//476 475//475 486//486 
f 486//486 475//475 485//485 
f 473//473 486//486 479//479 
f 476//476 486//486 473//473 
f 487//487 564//564 477//477 
f 566//566 564//564 487//487 
f 478//478 488//488 477//477 
f 488//488 487//487 477//477 
f 474//474 480//480 488//488 
f 478//478 474//474 488//488 
f 485//485 565//565 567//567 
f 486//486 485//485 567//567 
f 568//568 486//486 567//567 
f 568//568 479//479 486//486 
f 568//568 575//575 479//479 
f 575//575 489//489 479//479 
f 487//487 569//569 566//566 
f 488//488 569//569 487//487 
f 570//570 569//569 488//488 
f 480//480 570//570 488//488 
f 480//480 481//481 570//570 
f 481//481 571//571 570//570 
f 482//482 572//572 481//481 
f 481//481 572//572 571//571 
f 483//483 573//573 482//482 
f 482//482 573//573 572//572 
f 484//484 574//574 483//483 
f 483//483 574//574 573//573 
f 574//574 484//484 490//490 
f 576//576 574//574 490//490 
f 489//489 575//575 491//491 
f 575//575 579//579 491//491 
f 490//490 492//492 576//576 
f 576//576 492//492 580//580 
f 511//511 493//493 491//491 
f 511//511 491//491 585//585 
f 585//585 491//491 579//579 
f 493//493 512//512 494//494 
f 511//511 512//512 493//493 
f 494//494 512//512 499//499 
f 492//492 581//581 580//580 
f 495//495 581//581 492//492 
f 496//496 582//582 495//495 
f 495//495 582//582 581//581 
f 513//513 586//586 582//582 
f 513//513 582//582 497//497 
f 497//497 582//582 496//496 
f 497//497 498//498 514//514 
f 513//513 497//497 514//514 
f 498//498 500//500 514//514 
f 511//511 585//585 587//587 
f 512//512 511//511 587//587 
f 588//588 512//512 587//587 
f 499//499 512//512 588//588 
f 499//499 588//588 501//501 
f 501//501 588//588 589//589 
f 502//502 501//501 590//590 
f 501//501 589//589 590//590 
f 503//503 502//502 591//591 
f 502//502 590//590 591//591 
f 504//504 503//503 592//592 
f 503//503 591//591 592//592 
f 505//505 504//504 593//593 
f 504//504 592//592 593//593 
f 506//506 505//505 594//594 
f 505//505 593//593 594//594 
f 517//517 594//594 599//599 
f 517//517 507//507 594//594 
f 507//507 506//506 594//594 
f 507//507 518//518 508//508 
f 517//517 518//518 507//507 
f 508//508 518//518 515//515 
f 513//513 595//595 586//586 
f 514//514 595//595 513//513 
f 596//596 595//595 514//514 
f 500//500 596//596 514//514 
f 500//500 509//509 596//596 
f 509//509 597//597 596//596 
f 510//510 598//598 509//509 
f 509//509 598//598 597//597 
f 598//598 510//510 516//516 
f 600//600 598//598 516//516 
f 529//529 517//517 599//599 
f 609//609 529//529 599//599 
f 518//518 517//517 530//530 
f 530//530 517//517 529//529 
f 515//515 530//530 519//519 
f 518//518 530//530 515//515 
f 516//516 520//520 600//600 
f 600//600 520//520 610//610 
f 529//529 609//609 611//611 
f 530//530 529//529 611//611 
f 612//612 530//530 611//611 
f 519//519 530//530 612//612 
f 519//519 612//612 521//521 
f 521//521 612//612 613//613 
f 522//522 521//521 614//614 
f 521//521 613//613 614//614 
f 523//523 522//522 615//615 
f 522//522 614//614 615//615 
f 524//524 523//523 616//616 
f 523//523 615//615 616//616 
f 533//533 616//616 627//627 
f 533//533 525//525 616//616 
f 525//525 524//524 616//616 
f 525//525 534//534 526//526 
f 533//533 534//534 525//525 
f 526//526 534//534 531//531 
f 520//520 617//617 610//610 
f 527//527 617//617 520//520 
f 528//528 618//618 527//527 
f 527//527 618//618 617//617 
f 618//618 528//528 532//532 
f 628//628 618//618 532//532 
f 543//543 533//533 627//627 
f 631//631 543//543 627//627 
f 534//534 533//533 544//544 
f 544//544 533//533 543//543 
f 531//531 544//544 535//535 
f 534//534 544//544 531//531 
f 532//532 536//536 628//628 
f 628//628 536//536 632//632 
f 543//543 631//631 633//633 
f 544//544 543//543 633//633 
f 634//634 544//544 633//633 
f 535//535 544//544 634//634 
f 535//535 634//634 537//537 
f 537//537 634//634 635//635 
f 538//538 537//537 636//636 
f 537//537 635//635 636//636 
f 539//539 538//538 637//637 
f 538//538 636//636 637//637 
f 540//540 539//539 638//638 
f 539//539 637//637 638//638 
f 541//541 540//540 639//639 
f 540//540 638//638 639//639 
f 542//542 541//541 640//640 
f 541//541 639//639 640//640 
f 632//632 536//536 542//542 
f 640//640 632//632 542//542 
f 545//545 651//651 657//657 
f 551//551 545//545 657//657 
f 546//546 652//652 545//545 
f 545//545 652//652 651//651 
f 547//547 653//653 546//546 
f 546//546 653//653 652//652 
f 548//548 654//654 547//547 
f 547//547 654//654 653//653 
f 549//549 655//655 548//548 
f 548//548 655//655 654//654 
f 550//550 656//656 549//549 
f 549//549 656//656 655//655 
f 656//656 550//550 552//552 
f 658//658 656//656 552//552 
f 551//551 657//657 553//553 
f 657//657 661//661 553//553 
f 552//552 554//554 658//658 
f 658//658 554//554 662//662 
f 553//553 661//661 557//557 
f 661//661 667//667 557//557 
f 554//554 663//663 662//662 
f 555//555 663//663 554//554 
f 556//556 664//664 555//555 
f 555//555 664//664 663//663 
f 664//664 556//556 558//558 
f 668//668 664//664 558//558 
f 557//557 667//667 559//559 
f 667//667 669//669 559//559 
f 558//558 560//560 668//668 
f 668//668 560//560 670//670 
f 559//559 669//669 563//563 
f 669//669 673//673 563//563 
f 560//560 671//671 670//670 
f 561//561 671//671 560//560 
f 562//562 672//672 561//561 
f 561//561 672//672 671//671 
f 672//672 562//562 564//564 
f 674//674 672//672 564//564 
f 563//563 673//673 565//565 
f 673//673 675//675 565//565 
f 564//564 566//566 674//674 
f 674//674 566//566 676//676 
f 565//565 675//675 677//677 
f 567//567 565//565 677//677 
f 568//568 567//567 678//678 
f 567//567 677//677 678//678 
f 678//678 575//575 568//568 
f 683//683 575//575 678//678 
f 566//566 679//679 676//676 
f 569//569 679//679 566//566 
f 570//570 680//680 569//569 
f 569//569 680//680 679//679 
f 571//571 681//681 570//570 
f 570//570 681//681 680//680 
f 572//572 682//682 571//571 
f 571//571 682//682 681//681 
f 577//577 684//684 682//682 
f 577//577 682//682 573//573 
f 573//573 682//682 572//572 
f 573//573 574//574 578//578 
f 577//577 573//573 578//578 
f 574//574 576//576 578//578 
f 575//575 683//683 579//579 
f 683//683 685//685 579//579 
f 583//583 684//684 577//577 
f 686//686 684//684 583//583 
f 578//578 584//584 577//577 
f 584//584 583//583 577//577 
f 576//576 580//580 584//584 
f 578//578 576//576 584//584 
f 579//579 685//685 585//585 
f 685//685 691//691 585//585 
f 583//583 687//687 686//686 
f 584//584 687//687 583//583 
f 688//688 687//687 584//584 
f 580//580 688//688 584//584 
f 580//580 581//581 688//688 
f 581//581 689//689 688//688 
f 582//582 690//690 581//581 
f 581//581 690//690 689//689 
f 690//690 582//582 586//586 
f 692//692 690//690 586//586 
f 585//585 691//691 693//693 
f 587//587 585//585 693//693 
f 588//588 587//587 694//694 
f 587//587 693//693 694//694 
f 601//601 694//694 697//697 
f 601//601 589//589 694//694 
f 589//589 588//588 694//694 
f 589//589 602//602 590//590 
f 601//601 602//602 589//589 
f 590//590 603//603 591//591 
f 602//602 603//603 590//590 
f 591//591 604//604 592//592 
f 603//603 604//604 591//591 
f 592//592 605//605 593//593 
f 604//604 605//605 592//592 
f 593//593 606//606 594//594 
f 605//605 606//606 593//593 
f 594//594 606//606 599//599 
f 586//586 695//695 692//692 
f 595//595 695//695 586//586 
f 596//596 696//696 595//595 
f 595//595 696//696 695//695 
f 607//607 698//698 696//696 
f 607//607 696//696 597//597 
f 597//597 696//696 596//596 
f 597//597 598//598 608//608 
f 607//607 597//597 608//608 
f 598//598 600//600 608//608 
f 619//619 601//601 697//697 
f 699//699 619//619 697//697 
f 602//602 601//601 620//620 
f 620//620 601//601 619//619 
f 603//603 602//602 621//621 
f 621//621 602//602 620//620 
f 604//604 603//603 622//622 
f 622//622 603//603 621//621 
f 605//605 604//604 623//623 
f 623//623 604//604 622//622 
f 606//606 605//605 624//624 
f 624//624 605//605 623//623 
f 599//599 624//624 609//609 
f 606//606 624//624 599//599 
f 625//625 698//698 607//607 
f 700//700 698//698 625//625 
f 608//608 626//626 607//607 
f 626//626 625//625 607//607 
f 600//600 610//610 626//626 
f 608//608 600//600 626//626 
f 619//619 699//699 701//701 
f 620//620 619//619 701//701 
f 702//702 620//620 701//701 
f 621//621 620//620 702//702 
f 703//703 621//621 702//702 
f 622//622 621//621 703//703 
f 704//704 622//622 703//703 
f 623//623 622//622 704//704 
f 705//705 623//623 704//704 
f 624//624 623//623 705//705 
f 706//706 624//624 705//705 
f 609//609 624//624 706//706 
f 609//609 706//706 611//611 
f 611//611 706//706 707//707 
f 612//612 611//611 708//708 
f 611//611 707//707 708//708 
f 613//613 612//612 709//709 
f 612//612 708//708 709//709 
f 614//614 613//613 710//710 
f 613//613 709//709 710//710 
f 615//615 614//614 711//711 
f 614//614 710//710 711//711 
f 616//616 615//615 712//712 
f 615//615 711//711 712//712 
f 712//712 627//627 616//616 
f 715//715 627//627 712//712 
f 625//625 713//713 700//700 
f 626//626 713//713 625//625 
f 714//714 713//713 626//626 
f 629//629 716//716 714//714 
f 617//617 629//629 714//714 
f 617//617 714//714 626//626 
f 617//617 626//626 610//610 
f 617//617 618//618 630//630 
f 629//629 617//617 630//630 
f 618//618 628//628 630//630 
f 627//627 715//715 631//631 
f 715//715 723//723 631//631 
f 641//641 716//716 629//629 
f 724//724 716//716 641//641 
f 630//630 642//642 629//629 
f 642//642 641//641 629//629 
f 628//628 632//632 642//642 
f 630//630 628//628 642//642 
f 631//631 723//723 725//725 
f 633//633 631//631 725//725 
f 634//634 633//633 726//726 
f 633//633 725//725 726//726 
f 635//635 634//634 727//727 
f 634//634 726//726 727//727 
f 636//636 635//635 728//728 
f 635//635 727//727 728//728 
f 643//643 728//728 737//737 
f 643//643 637//637 728//728 
f 637//637 636//636 728//728 
f 637//637 644//644 638//638 
f 643//643 644//644 637//637 
f 645//645 724//724 644//644 
f 645//645 729//729 724//724 
f 644//644 724//724 638//638 
f 641//641 639//639 724//724 
f 638//638 724//724 639//639 
f 646//646 730//730 729//729 
f 646//646 729//729 645//645 
f 642//642 640//640 641//641 
f 641//641 640//640 639//639 
f 640//640 642//642 632//632 
f 646//646 738//738 730//730 
f 647//647 643//643 737//737 
f 739//739 647//647 737//737 
f 644//644 643//643 648//648 
f 648//648 643//643 647//647 
f 645//645 644//644 649//649 
f 649//649 644//644 648//648 
f 646//646 645//645 650//650 
f 650//650 645//645 649//649 
f 740//740 738//738 646//646 
f 650//650 740//740 646//646 
f 647//647 739//739 741//741 
f 648//648 647//647 741//741 
f 742//742 648//648 741//741 
f 649//649 648//648 742//742 
f 743//743 649//649 742//742 
f 650//650 649//649 743//743 
f 744//744 650//650 743//743 
f 740//740 650//650 744//744 
f 651//651 659//659 657//657 
f 651//651 652//652 660//660 
f 659//659 651//651 660//660 
f 749//749 660//660 652//652 
f 749//749 652//652 745//745 
f 745//745 652//652 653//653 
f 654//654 746//746 653//653 
f 653//653 746//746 745//745 
f 655//655 747//747 654//654 
f 654//654 747//747 746//746 
f 656//656 748//748 655//655 
f 655//655 748//748 747//747 
f 748//748 656//656 658//658 
f 750//750 748//748 658//658 
f 659//659 665//665 661//661 
f 657//657 659//659 661//661 
f 660//660 666//666 659//659 
f 666//666 665//665 659//659 
f 751//751 660//660 749//749 
f 666//666 660//660 751//751 
f 658//658 662//662 750//750 
f 750//750 662//662 752//752 
f 665//665 753//753 757//757 
f 665//665 757//757 661//661 
f 661//661 757//757 667//667 
f 666//666 753//753 665//665 
f 754//754 753//753 666//666 
f 751//751 754//754 666//666 
f 662//662 755//755 752//752 
f 663//663 755//755 662//662 
f 664//664 756//756 663//663 
f 663//663 756//756 755//755 
f 756//756 664//664 668//668 
f 758//758 756//756 668//668 
f 667//667 757//757 669//669 
f 757//757 759//759 669//669 
f 668//668 670//670 758//758 
f 758//758 670//670 760//760 
f 669//669 759//759 673//673 
f 759//759 763//763 673//673 
f 670//670 761//761 760//760 
f 671//671 761//761 670//670 
f 672//672 762//762 671//671 
f 671//671 762//762 761//761 
f 762//762 672//672 674//674 
f 764//764 762//762 674//674 
f 673//673 763//763 675//675 
f 763//763 765//765 675//675 
f 674//674 676//676 764//764 
f 764//764 676//676 766//766 
f 675//675 765//765 767//767 
f 677//677 675//675 767//767 
f 678//678 677//677 768//768 
f 677//677 767//767 768//768 
f 768//768 683//683 678//678 
f 773//773 683//683 768//768 
f 676//676 769//769 766//766 
f 679//679 769//769 676//676 
f 680//680 770//770 679//679 
f 679//679 770//770 769//769 
f 681//681 771//771 680//680 
f 680//680 771//771 770//770 
f 682//682 772//772 681//681 
f 681//681 772//772 771//771 
f 772//772 682//682 684//684 
f 774//774 772//772 684//684 
f 683//683 773//773 685//685 
f 773//773 777//777 685//685 
f 684//684 686//686 774//774 
f 774//774 686//686 778//778 
f 685//685 777//777 691//691 
f 777//777 785//785 691//691 
f 686//686 779//779 778//778 
f 687//687 779//779 686//686 
f 688//688 780//780 687//687 
f 687//687 780//780 779//779 
f 689//689 781//781 688//688 
f 688//688 781//781 780//780 
f 690//690 782//782 689//689 
f 689//689 782//782 781//781 
f 782//782 690//690 692//692 
f 786//786 782//782 692//692 
f 691//691 785//785 787//787 
f 693//693 691//691 787//787 
f 694//694 693//693 788//788 
f 693//693 787//787 788//788 
f 788//788 697//697 694//694 
f 795//795 697//697 788//788 
f 692//692 789//789 786//786 
f 695//695 789//789 692//692 
f 696//696 790//790 695//695 
f 695//695 790//790 789//789 
f 790//790 696//696 698//698 
f 796//796 790//790 698//698 
f 697//697 795//795 699//699 
f 795//795 799//799 699//699 
f 698//698 700//700 796//796 
f 796//796 700//700 800//800 
f 699//699 799//799 801//801 
f 701//701 699//699 801//801 
f 702//702 701//701 802//802 
f 701//701 801//801 802//802 
f 717//717 802//802 811//811 
f 717//717 703//703 802//802 
f 703//703 702//702 802//802 
f 703//703 718//718 704//704 
f 717//717 718//718 703//703 
f 704//704 719//719 705//705 
f 718//718 719//719 704//704 
f 705//705 720//720 706//706 
f 719//719 720//720 705//705 
f 812//812 706//706 720//720 
f 812//812 803//803 706//706 
f 803//803 707//707 706//706 
f 708//708 707//707 804//804 
f 707//707 803//803 804//804 
f 709//709 708//708 805//805 
f 708//708 804//804 805//805 
f 710//710 709//709 806//806 
f 709//709 805//805 806//806 
f 721//721 806//806 813//813 
f 721//721 711//711 806//806 
f 711//711 710//710 806//806 
f 711//711 722//722 712//712 
f 721//721 722//722 711//711 
f 712//712 722//722 715//715 
f 700//700 807//807 800//800 
f 713//713 807//807 700//700 
f 714//714 808//808 713//713 
f 713//713 808//808 807//807 
f 808//808 714//714 716//716 
f 814//814 808//808 716//716 
f 731//731 717//717 811//811 
f 819//819 731//731 811//811 
f 718//718 717//717 732//732 
f 732//732 717//717 731//731 
f 719//719 718//718 733//733 
f 733//733 718//718 732//732 
f 720//720 719//719 734//734 
f 734//734 719//719 733//733 
f 820//820 812//812 720//720 
f 734//734 820//820 720//720 
f 735//735 721//721 813//813 
f 821//821 735//735 813//813 
f 722//722 721//721 736//736 
f 736//736 721//721 735//735 
f 715//715 736//736 723//723 
f 722//722 736//736 715//715 
f 716//716 724//724 814//814 
f 814//814 724//724 822//822 
f 731//731 819//819 823//823 
f 732//732 731//731 823//823 
f 824//824 732//732 823//823 
f 733//733 732//732 824//824 
f 825//825 733//733 824//824 
f 734//734 733//733 825//825 
f 826//826 734//734 825//825 
f 820//820 734//734 826//826 
f 735//735 821//821 827//827 
f 736//736 735//735 827//827 
f 828//828 736//736 827//827 
f 723//723 736//736 828//828 
f 723//723 828//828 725//725 
f 725//725 828//828 829//829 
f 726//726 725//725 830//830 
f 725//725 829//829 830//830 
f 727//727 726//726 831//831 
f 726//726 830//830 831//831 
f 728//728 727//727 832//832 
f 727//727 831//831 832//832 
f 832//832 737//737 728//728 
f 839//839 737//737 832//832 
f 724//724 833//833 822//822 
f 729//729 833//833 724//724 
f 730//730 834//834 729//729 
f 729//729 834//834 833//833 
f 834//834 730//730 738//738 
f 840//840 834//834 738//738 
f 737//737 839//839 739//739 
f 839//839 849//849 739//739 
f 738//738 740//740 840//840 
f 840//840 740//740 850//850 
f 739//739 849//849 851//851 
f 741//741 739//739 851//851 
f 742//742 741//741 852//852 
f 741//741 851//851 852//852 
f 743//743 742//742 853//853 
f 742//742 852//852 853//853 
f 744//744 743//743 854//854 
f 743//743 853//853 854//854 
f 850//850 740//740 744//744 
f 854//854 850//850 744//744 
f 745//745 879//879 883//883 
f 749//749 745//745 883//883 
f 746//746 880//880 745//745 
f 745//745 880//880 879//879 
f 747//747 881//881 746//746 
f 746//746 881//881 880//880 
f 748//748 882//882 747//747 
f 747//747 882//882 881//881 
f 882//882 748//748 750//750 
f 884//884 882//882 750//750 
f 749//749 883//883 751//751 
f 883//883 889//889 751//751 
f 750//750 752//752 884//884 
f 884//884 752//752 890//890 
f 753//753 891//891 899//899 
f 757//757 753//753 899//899 
f 754//754 892//892 753//753 
f 753//753 892//892 891//891 
f 889//889 754//754 751//751 
f 892//892 754//754 889//889 
f 752//752 893//893 890//890 
f 755//755 893//893 752//752 
f 756//756 894//894 755//755 
f 755//755 894//894 893//893 
f 894//894 756//756 758//758 
f 900//900 894//894 758//758 
f 757//757 899//899 759//759 
f 899//899 903//903 759//759 
f 758//758 760//760 900//900 
f 900//900 760//760 904//904 
f 759//759 903//903 763//763 
f 903//903 909//909 763//763 
f 760//760 905//905 904//904 
f 761//761 905//905 760//760 
f 762//762 906//906 761//761 
f 761//761 906//906 905//905 
f 906//906 762//762 764//764 
f 910//910 906//906 764//764 
f 763//763 909//909 765//765 
f 909//909 913//913 765//765 
f 764//764 766//766 910//910 
f 910//910 766//766 914//914 
f 765//765 913//913 915//915 
f 767//767 765//765 915//915 
f 768//768 767//767 916//916 
f 767//767 915//915 916//916 
f 916//916 773//773 768//768 
f 921//921 773//773 916//916 
f 766//766 917//917 914//914 
f 769//769 917//917 766//766 
f 770//770 918//918 769//769 
f 769//769 918//918 917//917 
f 775//775 922//922 918//918 
f 775//775 918//918 771//771 
f 771//771 918//918 770//770 
f 771//771 772//772 776//776 
f 775//775 771//771 776//776 
f 772//772 774//774 776//776 
f 773//773 921//921 777//777 
f 921//921 923//923 777//777 
f 783//783 922//922 775//775 
f 924//924 922//922 783//783 
f 776//776 784//784 775//775 
f 784//784 783//783 775//775 
f 774//774 778//778 784//784 
f 776//776 774//774 784//784 
f 925//925 791//791 785//785 
f 925//925 785//785 923//923 
f 923//923 785//785 777//777 
f 791//791 926//926 792//792 
f 925//925 926//926 791//791 
f 926//926 931//931 792//792 
f 783//783 927//927 924//924 
f 784//784 927//927 783//783 
f 928//928 927//927 784//784 
f 778//778 928//928 784//784 
f 778//778 779//779 928//928 
f 779//779 929//929 928//928 
f 780//780 930//930 779//779 
f 779//779 930//930 929//929 
f 793//793 932//932 930//930 
f 793//793 930//930 781//781 
f 781//781 930//930 780//780 
f 781//781 782//782 794//794 
f 793//793 781//781 794//794 
f 782//782 786//786 794//794 
f 785//785 791//791 787//787 
f 788//788 787//787 791//791 
f 792//792 788//788 791//791 
f 792//792 795//795 788//788 
f 792//792 931//931 795//795 
f 931//931 937//937 795//795 
f 793//793 933//933 932//932 
f 794//794 933//933 793//793 
f 934//934 933//933 794//794 
f 797//797 938//938 934//934 
f 789//789 797//797 934//934 
f 789//789 934//934 794//794 
f 789//789 794//794 786//786 
f 789//789 790//790 798//798 
f 797//797 789//789 798//798 
f 790//790 796//796 798//798 
f 795//795 937//937 799//799 
f 937//937 939//939 799//799 
f 809//809 938//938 797//797 
f 940//940 938//938 809//809 
f 798//798 810//810 797//797 
f 810//810 809//809 797//797 
f 796//796 800//800 810//810 
f 798//798 796//796 810//810 
f 799//799 939//939 941//941 
f 801//801 799//799 941//941 
f 802//802 801//801 942//942 
f 801//801 941//941 942//942 
f 942//942 811//811 802//802 
f 947//947 811//811 942//942 
f 803//803 812//812 815//815 
f 803//803 816//816 804//804 
f 815//815 816//816 803//803 
f 804//804 817//817 805//805 
f 816//816 817//817 804//804 
f 805//805 818//818 806//806 
f 817//817 818//818 805//805 
f 806//806 818//818 813//813 
f 809//809 943//943 940//940 
f 810//810 943//943 809//809 
f 944//944 943//943 810//810 
f 800//800 944//944 810//810 
f 800//800 807//807 944//944 
f 807//807 945//945 944//944 
f 808//808 946//946 807//807 
f 807//807 946//946 945//945 
f 946//946 808//808 814//814 
f 948//948 946//946 814//814 
f 811//811 947//947 819//819 
f 947//947 951//951 819//819 
f 815//815 820//820 835//835 
f 812//812 820//820 815//815 
f 816//816 815//815 836//836 
f 836//836 815//815 835//835 
f 817//817 816//816 837//837 
f 837//837 816//816 836//836 
f 818//818 817//817 838//838 
f 838//838 817//817 837//837 
f 813//813 838//838 821//821 
f 818//818 838//838 813//813 
f 814//814 822//822 948//948 
f 948//948 822//822 952//952 
f 841//841 823//823 819//819 
f 841//841 819//819 963//963 
f 963//963 819//819 951//951 
f 823//823 842//842 824//824 
f 841//841 842//842 823//823 
f 824//824 843//843 825//825 
f 842//842 843//843 824//824 
f 825//825 844//844 826//826 
f 843//843 844//844 825//825 
f 826//826 844//844 964//964 
f 820//820 826//826 964//964 
f 820//820 964//964 953//953 
f 820//820 953//953 835//835 
f 836//836 835//835 953//953 
f 954//954 836//836 953//953 
f 837//837 836//836 954//954 
f 955//955 837//837 954//954 
f 838//838 837//837 955//955 
f 956//956 838//838 955//955 
f 821//821 838//838 956//956 
f 821//821 956//956 827//827 
f 827//827 956//956 957//957 
f 828//828 827//827 958//958 
f 827//827 957//957 958//958 
f 829//829 828//828 959//959 
f 828//828 958//958 959//959 
f 830//830 829//829 960//960 
f 829//829 959//959 960//960 
f 845//845 960//960 965//965 
f 845//845 831//831 960//960 
f 831//831 830//830 960//960 
f 831//831 846//846 832//832 
f 845//845 846//846 831//831 
f 832//832 846//846 839//839 
f 847//847 822//822 833//833 
f 847//847 966//966 822//822 
f 966//966 952//952 822//822 
f 833//833 834//834 848//848 
f 847//847 833//833 848//848 
f 834//834 840//840 848//848 
f 855//855 841//841 963//963 
f 973//973 855//855 963//963 
f 842//842 841//841 856//856 
f 856//856 841//841 855//855 
f 843//843 842//842 857//857 
f 857//857 842//842 856//856 
f 844//844 843//843 858//858 
f 858//858 843//843 857//857 
f 974//974 964//964 844//844 
f 858//858 974//974 844//844 
f 859//859 845//845 965//965 
f 975//975 859//859 965//965 
f 846//846 845//845 860//860 
f 860//860 845//845 859//859 
f 839//839 860//860 849//849 
f 846//846 860//860 839//839 
f 861//861 966//966 847//847 
f 976//976 966//966 861//861 
f 848//848 862//862 847//847 
f 862//862 861//861 847//847 
f 840//840 850//850 862//862 
f 848//848 840//840 862//862 
f 855//855 973//973 977//977 
f 856//856 855//855 977//977 
f 978//978 856//856 977//977 
f 857//857 856//856 978//978 
f 979//979 857//857 978//978 
f 858//858 857//857 979//979 
f 980//980 858//858 979//979 
f 974//974 858//858 980//980 
f 859//859 975//975 981//981 
f 860//860 859//859 981//981 
f 982//982 860//860 981//981 
f 849//849 860//860 982//982 
f 849//849 982//982 851//851 
f 851//851 982//982 983//983 
f 852//852 851//851 984//984 
f 851//851 983//983 984//984 
f 976//976 861//861 853//853 
f 976//976 853//853 984//984 
f 984//984 853//853 852//852 
f 854//854 853//853 861//861 
f 862//862 854//854 861//861 
f 850//850 854//854 862//862 
f 863//863 999//999 1009//1009 
f 863//863 864//864 1000//1000 
f 999//999 863//863 1000//1000 
f 1000//1000 864//864 1010//1010 
f 865//865 863//863 1009//1009 
f 1013//1013 865//865 1009//1009 
f 864//864 863//863 866//866 
f 866//866 863//863 865//865 
f 1014//1014 1010//1010 864//864 
f 866//866 1014//1014 864//864 
f 867//867 865//865 1013//1013 
f 1017//1017 867//867 1013//1013 
f 866//866 865//865 868//868 
f 868//868 865//865 867//867 
f 1018//1018 1014//1014 866//866 
f 868//868 1018//1018 866//866 
f 869//869 867//867 1017//1017 
f 1021//1021 869//869 1017//1017 
f 868//868 867//867 870//870 
f 870//870 867//867 869//869 
f 1022//1022 1018//1018 868//868 
f 870//870 1022//1022 868//868 
f 871//871 869//869 1021//1021 
f 1025//1025 871//871 1021//1021 
f 870//870 869//869 872//872 
f 872//872 869//869 871//871 
f 1026//1026 1022//1022 870//870 
f 872//872 1026//1026 870//870 
f 873//873 871//871 1025//1025 
f 1029//1029 873//873 1025//1025 
f 872//872 871//871 874//874 
f 874//874 871//871 873//873 
f 1030//1030 1026//1026 872//872 
f 874//874 1030//1030 872//872 
f 875//875 873//873 1029//1029 
f 1033//1033 875//875 1029//1029 
f 874//874 873//873 876//876 
f 876//876 873//873 875//875 
f 1034//1034 1030//1030 874//874 
f 876//876 1034//1034 874//874 
f 877//877 875//875 1033//1033 
f 1037//1037 877//877 1033//1033 
f 876//876 875//875 878//878 
f 878//878 875//875 877//877 
f 1038//1038 1034//1034 876//876 
f 878//878 1038//1038 876//876 
f 877//877 1037//1037 1039//1039 
f 878//878 877//877 1039//1039 
f 1040//1040 878//878 1039//1039 
f 1038//1038 878//878 1040//1040 
f 879//879 885//885 883//883 
f 879//879 880//880 886//886 
f 885//885 879//879 886//886 
f 880//880 881//881 887//887 
f 886//886 880//880 887//887 
f 881//881 882//882 888//888 
f 887//887 881//881 888//888 
f 882//882 884//884 888//888 
f 885//885 895//895 889//889 
f 883//883 885//885 889//889 
f 886//886 896//896 885//885 
f 896//896 895//895 885//885 
f 887//887 897//897 886//886 
f 897//897 896//896 886//886 
f 888//888 898//898 887//887 
f 898//898 897//897 887//887 
f 884//884 890//890 898//898 
f 888//888 884//884 898//898 
f 891//891 901//901 899//899 
f 891//891 892//892 902//902 
f 901//901 891//891 902//902 
f 892//892 1081//1081 902//902 
f 889//889 1081//1081 892//892 
f 889//889 1075//1075 1081//1081 
f 889//889 895//895 1075//1075 
f 896//896 1075//1075 895//895 
f 1076//1076 1075//1075 896//896 
f 897//897 1076//1076 896//896 
f 1077//1077 1076//1076 897//897 
f 898//898 1077//1077 897//897 
f 1078//1078 1077//1077 898//898 
f 890//890 1078//1078 898//898 
f 890//890 893//893 1078//1078 
f 893//893 1079//1079 1078//1078 
f 894//894 1080//1080 893//893 
f 893//893 1080//1080 1079//1079 
f 1080//1080 894//894 900//900 
f 1082//1082 1080//1080 900//900 
f 901//901 907//907 903//903 
f 899//899 901//901 903//903 
f 902//902 908//908 901//901 
f 908//908 907//907 901//901 
f 1083//1083 902//902 1081//1081 
f 908//908 902//902 1083//1083 
f 900//900 904//904 1082//1082 
f 1082//1082 904//904 1084//1084 
f 907//907 911//911 909//909 
f 903//903 907//907 909//909 
f 908//908 912//912 907//907 
f 912//912 911//911 907//907 
f 1087//1087 908//908 1083//1083 
f 912//912 908//908 1087//1087 
f 904//904 1085//1085 1084//1084 
f 905//905 1085//1085 904//904 
f 906//906 1086//1086 905//905 
f 905//905 1086//1086 1085//1085 
f 1086//1086 906//906 910//910 
f 1088//1088 1086//1086 910//910 
f 911//911 919//919 913//913 
f 909//909 911//911 913//913 
f 912//912 920//920 911//911 
f 920//920 919//919 911//911 
f 1089//1089 912//912 1087//1087 
f 920//920 912//912 1089//1089 
f 910//910 914//914 1088//1088 
f 1088//1088 914//914 1090//1090 
f 913//913 919//919 915//915 
f 916//916 915//915 919//919 
f 920//920 916//916 919//919 
f 920//920 921//921 916//916 
f 920//920 1089//1089 921//921 
f 1089//1089 1093//1093 921//921 
f 914//914 1091//1091 1090//1090 
f 917//917 1091//1091 914//914 
f 918//918 1092//1092 917//917 
f 917//917 1092//1092 1091//1091 
f 1092//1092 918//918 922//922 
f 1094//1094 1092//1092 922//922 
f 921//921 1093//1093 923//923 
f 1093//1093 1095//1095 923//923 
f 922//922 924//924 1094//1094 
f 1094//1094 924//924 1096//1096 
f 923//923 1095//1095 1097//1097 
f 925//925 923//923 1097//1097 
f 926//926 925//925 1098//1098 
f 925//925 1097//1097 1098//1098 
f 1098//1098 931//931 926//926 
f 1101//1101 931//931 1098//1098 
f 924//924 1099//1099 1096//1096 
f 927//927 1099//1099 924//924 
f 928//928 1100//1100 927//927 
f 927//927 1100//1100 1099//1099 
f 935//935 1102//1102 1100//1100 
f 935//935 1100//1100 929//929 
f 929//929 1100//1100 928//928 
f 929//929 930//930 936//936 
f 935//935 929//929 936//936 
f 930//930 932//932 936//936 
f 931//931 1101//1101 937//937 
f 1101//1101 1107//1107 937//937 
f 935//935 1103//1103 1102//1102 
f 936//936 1103//1103 935//935 
f 1104//1104 1103//1103 936//936 
f 932//932 1104//1104 936//936 
f 932//932 933//933 1104//1104 
f 933//933 1105//1105 1104//1104 
f 934//934 1106//1106 933//933 
f 933//933 1106//1106 1105//1105 
f 1106//1106 934//934 938//938 
f 1108//1108 1106//1106 938//938 
f 937//937 1107//1107 939//939 
f 1107//1107 1109//1109 939//939 
f 938//938 940//940 1108//1108 
f 1108//1108 940//940 1110//1110 
f 939//939 1109//1109 1111//1111 
f 941//941 939//939 1111//1111 
f 942//942 941//941 1112//1112 
f 941//941 1111//1111 1112//1112 
f 1112//1112 947//947 942//942 
f 1115//1115 947//947 1112//1112 
f 940//940 1113//1113 1110//1110 
f 943//943 1113//1113 940//940 
f 944//944 1114//1114 943//943 
f 943//943 1114//1114 1113//1113 
f 949//949 1116//1116 1114//1114 
f 949//949 1114//1114 945//945 
f 945//945 1114//1114 944//944 
f 945//945 946//946 950//950 
f 949//949 945//945 950//950 
f 946//946 948//948 950//950 
f 947//947 1115//1115 951//951 
f 1115//1115 1117//1117 951//951 
f 961//961 1116//1116 949//949 
f 1118//1118 1116//1116 961//961 
f 950//950 962//962 949//949 
f 962//962 961//961 949//949 
f 948//948 952//952 962//962 
f 950//950 948//948 962//962 
f 951//951 1117//1117 963//963 
f 1117//1117 1123//1123 963//963 
f 953//953 964//964 967//967 
f 953//953 968//968 954//954 
f 967//967 968//968 953//953 
f 954//954 969//969 955//955 
f 968//968 969//969 954//954 
f 955//955 970//970 956//956 
f 969//969 970//970 955//955 
f 1124//1124 956//956 970//970 
f 1124//1124 1119//1119 956//956 
f 1119//1119 957//957 956//956 
f 958//958 957//957 1120//1120 
f 957//957 1119//1119 1120//1120 
f 971//971 1120//1120 1125//1125 
f 971//971 959//959 1120//1120 
f 959//959 958//958 1120//1120 
f 959//959 972//972 960//960 
f 971//971 972//972 959//959 
f 960//960 972//972 965//965 
f 961//961 1121//1121 1118//1118 
f 962//962 1121//1121 961//961 
f 1122//1122 1121//1121 962//962 
f 1122//1122 962//962 952//952 
f 1122//1122 952//952 1126//1126 
f 1126//1126 952//952 966//966 
f 963//963 1123//1123 973//973 
f 1123//1123 1127//1127 973//973 
f 967//967 974//974 985//985 
f 964//964 974//974 967//967 
f 968//968 967//967 986//986 
f 986//986 967//967 985//985 
f 969//969 968//968 987//987 
f 987//987 968//968 986//986 
f 970//970 969//969 988//988 
f 988//988 969//969 987//987 
f 1128//1128 1124//1124 970//970 
f 988//988 1128//1128 970//970 
f 989//989 971//971 1125//1125 
f 1129//1129 989//989 1125//1125 
f 972//972 971//971 990//990 
f 990//990 971//971 989//989 
f 965//965 990//990 975//975 
f 972//972 990//990 965//965 
f 966//966 976//976 1126//1126 
f 1126//1126 976//976 1130//1130 
f 991//991 977//977 973//973 
f 991//991 973//973 1137//1137 
f 1137//1137 973//973 1127//1127 
f 977//977 992//992 978//978 
f 991//991 992//992 977//977 
f 978//978 993//993 979//979 
f 992//992 993//993 978//978 
f 979//979 994//994 980//980 
f 993//993 994//994 979//979 
f 980//980 985//985 974//974 
f 980//980 994//994 985//985 
f 994//994 995//995 985//985 
f 986//986 985//985 996//996 
f 996//996 985//985 995//995 
f 1138//1138 1131//1131 987//987 
f 1138//1138 987//987 996//996 
f 996//996 987//987 986//986 
f 988//988 987//987 1131//1131 
f 1132//1132 988//988 1131//1131 
f 1128//1128 988//988 1132//1132 
f 989//989 1129//1129 1133//1133 
f 990//990 989//989 1133//1133 
f 1134//1134 990//990 1133//1133 
f 975//975 990//990 1134//1134 
f 975//975 1134//1134 981//981 
f 981//981 1134//1134 1135//1135 
f 982//982 981//981 1136//1136 
f 981//981 1135//1135 1136//1136 
f 997//997 1136//1136 1139//1139 
f 997//997 983//983 1136//1136 
f 983//983 982//982 1136//1136 
f 983//983 998//998 984//984 
f 997//997 998//998 983//983 
f 984//984 998//998 1140//1140 
f 984//984 1140//1140 976//976 
f 976//976 1140//1140 1130//1130 
f 1001//1001 991//991 1137//1137 
f 1141//1141 1001//1001 1137//1137 
f 992//992 991//991 1002//1002 
f 1002//1002 991//991 1001//1001 
f 993//993 992//992 1003//1003 
f 1003//1003 992//992 1002//1002 
f 994//994 993//993 1004//1004 
f 1004//1004 993//993 1003//1003 
f 995//995 994//994 1005//1005 
f 1005//1005 994//994 1004//1004 
f 996//996 995//995 1006//1006 
f 1006//1006 995//995 1005//1005 
f 1142//1142 1138//1138 996//996 
f 1006//1006 1142//1142 996//996 
f 1007//1007 997//997 1139//1139 
f 1143//1143 1007//1007 1139//1139 
f 998//998 997//997 1008//1008 
f 1008//1008 997//997 1007//1007 
f 1144//1144 1140//1140 998//998 
f 1008//1008 1144//1144 998//998 
f 999//999 1001//1001 1141//1141 
f 999//999 1141//1141 1009//1009 
f 1009//1009 1141//1141 1149//1149 
f 1000//1000 1001//1001 999//999 
f 1002//1002 1001//1001 1000//1000 
f 1010//1010 1002//1002 1000//1000 
f 1010//1010 1011//1011 1002//1002 
f 1011//1011 1003//1003 1002//1002 
f 1004//1004 1003//1003 1012//1012 
f 1012//1012 1003//1003 1011//1011 
f 1150//1150 1145//1145 1005//1005 
f 1150//1150 1005//1005 1012//1012 
f 1012//1012 1005//1005 1004//1004 
f 1006//1006 1005//1005 1145//1145 
f 1146//1146 1006//1006 1145//1145 
f 1142//1142 1006//1006 1146//1146 
f 1007//1007 1143//1143 1147//1147 
f 1008//1008 1007//1007 1147//1147 
f 1148//1148 1008//1008 1147//1147 
f 1144//1144 1008//1008 1148//1148 
f 1009//1009 1149//1149 1013//1013 
f 1149//1149 1151//1151 1013//1013 
f 1011//1011 1014//1014 1015//1015 
f 1010//1010 1014//1014 1011//1011 
f 1012//1012 1011//1011 1016//1016 
f 1016//1016 1011//1011 1015//1015 
f 1152//1152 1150//1150 1012//1012 
f 1016//1016 1152//1152 1012//1012 
f 1013//1013 1151//1151 1017//1017 
f 1151//1151 1153//1153 1017//1017 
f 1015//1015 1018//1018 1019//1019 
f 1014//1014 1018//1018 1015//1015 
f 1016//1016 1015//1015 1020//1020 
f 1020//1020 1015//1015 1019//1019 
f 1154//1154 1152//1152 1016//1016 
f 1020//1020 1154//1154 1016//1016 
f 1017//1017 1153//1153 1021//1021 
f 1153//1153 1155//1155 1021//1021 
f 1019//1019 1022//1022 1023//1023 
f 1018//1018 1022//1022 1019//1019 
f 1020//1020 1019//1019 1024//1024 
f 1024//1024 1019//1019 1023//1023 
f 1156//1156 1154//1154 1020//1020 
f 1024//1024 1156//1156 1020//1020 
f 1021//1021 1155//1155 1025//1025 
f 1155//1155 1157//1157 1025//1025 
f 1023//1023 1026//1026 1027//1027 
f 1022//1022 1026//1026 1023//1023 
f 1024//1024 1023//1023 1028//1028 
f 1028//1028 1023//1023 1027//1027 
f 1158//1158 1156//1156 1024//1024 
f 1028//1028 1158//1158 1024//1024 
f 1025//1025 1157//1157 1029//1029 
f 1157//1157 1159//1159 1029//1029 
f 1027//1027 1030//1030 1031//1031 
f 1026//1026 1030//1030 1027//1027 
f 1028//1028 1027//1027 1032//1032 
f 1032//1032 1027//1027 1031//1031 
f 1160//1160 1158//1158 1028//1028 
f 1032//1032 1160//1160 1028//1028 
f 1029//1029 1159//1159 1033//1033 
f 1159//1159 1161//1161 1033//1033 
f 1031//1031 1034//1034 1035//1035 
f 1030//1030 1034//1034 1031//1031 
f 1032//1032 1031//1031 1036//1036 
f 1036//1036 1031//1031 1035//1035 
f 1162//1162 1160//1160 1032//1032 
f 1036//1036 1162//1162 1032//1032 
f 1033//1033 1161//1161 1037//1037 
f 1161//1161 1163//1163 1037//1037 
f 1035//1035 1038//1038 1041//1041 
f 1034//1034 1038//1038 1035//1035 
f 1036//1036 1035//1035 1042//1042 
f 1042//1042 1035//1035 1041//1041 
f 1164//1164 1162//1162 1036//1036 
f 1042//1042 1164//1164 1036//1036 
f 1043//1043 1165//1165 1167//1167 
f 1043//1043 1044//1044 1166//1166 
f 1165//1165 1043//1043 1166//1166 
f 1039//1039 1044//1044 1045//1045 
f 1039//1039 1163//1163 1044//1044 
f 1039//1039 1037//1037 1163//1163 
f 1166//1166 1044//1044 1163//1163 
f 1039//1039 1046//1046 1040//1040 
f 1045//1045 1046//1046 1039//1039 
f 1040//1040 1041//1041 1038//1038 
f 1040//1040 1046//1046 1041//1041 
f 1046//1046 1047//1047 1041//1041 
f 1042//1042 1041//1041 1048//1048 
f 1048//1048 1041//1041 1047//1047 
f 1168//1168 1164//1164 1042//1042 
f 1048//1048 1168//1168 1042//1042 
f 1049//1049 1043//1043 1167//1167 
f 1169//1169 1049//1049 1167//1167 
f 1044//1044 1043//1043 1050//1050 
f 1050//1050 1043//1043 1049//1049 
f 1045//1045 1044//1044 1051//1051 
f 1051//1051 1044//1044 1050//1050 
f 1046//1046 1045//1045 1052//1052 
f 1052//1052 1045//1045 1051//1051 
f 1047//1047 1046//1046 1053//1053 
f 1053//1053 1046//1046 1052//1052 
f 1048//1048 1047//1047 1054//1054 
f 1054//1054 1047//1047 1053//1053 
f 1170//1170 1168//1168 1048//1048 
f 1054//1054 1170//1170 1048//1048 
f 1055//1055 1049//1049 1169//1169 
f 1173//1173 1055//1055 1169//1169 
f 1050//1050 1049//1049 1056//1056 
f 1056//1056 1049//1049 1055//1055 
f 1051//1051 1050//1050 1057//1057 
f 1057//1057 1050//1050 1056//1056 
f 1052//1052 1051//1051 1058//1058 
f 1058//1058 1051//1051 1057//1057 
f 1174//1174 1171//1171 1053//1053 
f 1174//1174 1053//1053 1058//1058 
f 1058//1058 1053//1053 1052//1052 
f 1054//1054 1053//1053 1171//1171 
f 1172//1172 1054//1054 1171//1171 
f 1170//1170 1054//1054 1172//1172 
f 1059//1059 1055//1055 1173//1173 
f 1175//1175 1059//1059 1173//1173 
f 1056//1056 1055//1055 1060//1060 
f 1060//1060 1055//1055 1059//1059 
f 1057//1057 1056//1056 1061//1061 
f 1061//1061 1056//1056 1060//1060 
f 1058//1058 1057//1057 1062//1062 
f 1062//1062 1057//1057 1061//1061 
f 1176//1176 1174//1174 1058//1058 
f 1062//1062 1176//1176 1058//1058 
f 1063//1063 1059//1059 1175//1175 
f 1177//1177 1063//1063 1175//1175 
f 1060//1060 1059//1059 1064//1064 
f 1064//1064 1059//1059 1063//1063 
f 1061//1061 1060//1060 1065//1065 
f 1065//1065 1060//1060 1064//1064 
f 1062//1062 1061//1061 1066//1066 
f 1066//1066 1061//1061 1065//1065 
f 1178//1178 1176//1176 1062//1062 
f 1066//1066 1178//1178 1062//1062 
f 1067//1067 1063//1063 1177//1177 
f 1179//1179 1067//1067 1177//1177 
f 1064//1064 1063//1063 1068//1068 
f 1068//1068 1063//1063 1067//1067 
f 1065//1065 1064//1064 1069//1069 
f 1069//1069 1064//1064 1068//1068 
f 1066//1066 1065//1065 1070//1070 
f 1070//1070 1065//1065 1069//1069 
f 1180//1180 1178//1178 1066//1066 
f 1070//1070 1180//1180 1066//1066 
f 1071//1071 1067//1067 1179//1179 
f 1181//1181 1071//1071 1179//1179 
f 1068//1068 1067//1067 1072//1072 
f 1072//1072 1067//1067 1071//1071 
f 1069//1069 1068//1068 1073//1073 
f 1073//1073 1068//1068 1072//1072 
f 1070//1070 1069//1069 1074//1074 
f 1074//1074 1069//1069 1073//1073 
f 1182//1182 1180//1180 1070//1070 
f 1074//1074 1182//1182 1070//1070 
f 1071//1071 1181//1181 1183//1183 
f 1072//1072 1071//1071 1183//1183 
f 1184//1184 1072//1072 1183//1183 
f 1073//1073 1072//1072 1184//1184 
f 1185//1185 1073//1073 1184//1184 
f 1074//1074 1073//1073 1185//1185 
f 1186//1186 1074//1074 1185//1185 
f 1182//1182 1074//1074 1186//1186 
f 1075//1075 1187//1187 1193//1193 
f 1081//1081 1075//1075 1193//1193 
f 1076//1076 1188//1188 1075//1075 
f 1075//1075 1188//1188 1187//1187 
f 1077//1077 1189//1189 1076//1076 
f 1076//1076 1189//1189 1188//1188 
f 1078//1078 1190//1190 1077//1077 
f 1077//1077 1190//1190 1189//1189 
f 1079//1079 1191//1191 1078//1078 
f 1078//1078 1191//1191 1190//1190 
f 1080//1080 1192//1192 1079//1079 
f 1079//1079 1192//1192 1191//1191 
f 1192//1192 1080//1080 1082//1082 
f 1194//1194 1192//1192 1082//1082 
f 1081//1081 1193//1193 1083//1083 
f 1193//1193 1197//1197 1083//1083 
f 1082//1082 1084//1084 1194//1194 
f 1194//1194 1084//1084 1198//1198 
f 1083//1083 1197//1197 1087//1087 
f 1197//1197 1203//1203 1087//1087 
f 1084//1084 1199//1199 1198//1198 
f 1085//1085 1199//1199 1084//1084 
f 1086//1086 1200//1200 1085//1085 
f 1085//1085 1200//1200 1199//1199 
f 1200//1200 1086//1086 1088//1088 
f 1204//1204 1200//1200 1088//1088 
f 1087//1087 1203//1203 1089//1089 
f 1203//1203 1207//1207 1089//1089 
f 1088//1088 1090//1090 1204//1204 
f 1204//1204 1090//1090 1208//1208 
f 1089//1089 1207//1207 1093//1093 
f 1207//1207 1213//1213 1093//1093 
f 1090//1090 1209//1209 1208//1208 
f 1091//1091 1209//1209 1090//1090 
f 1092//1092 1210//1210 1091//1091 
f 1091//1091 1210//1210 1209//1209 
f 1210//1210 1092//1092 1094//1094 
f 1214//1214 1210//1210 1094//1094 
f 1093//1093 1213//1213 1095//1095 
f 1213//1213 1217//1217 1095//1095 
f 1094//1094 1096//1096 1214//1214 
f 1214//1214 1096//1096 1218//1218 
f 1095//1095 1217//1217 1219//1219 
f 1097//1097 1095//1095 1219//1219 
f 1098//1098 1097//1097 1220//1220 
f 1097//1097 1219//1219 1220//1220 
f 1220//1220 1101//1101 1098//1098 
f 1225//1225 1101//1101 1220//1220 
f 1096//1096 1221//1221 1218//1218 
f 1099//1099 1221//1221 1096//1096 
f 1100//1100 1222//1222 1099//1099 
f 1099//1099 1222//1222 1221//1221 
f 1222//1222 1100//1100 1102//1102 
f 1226//1226 1222//1222 1102//1102 
f 1101//1101 1225//1225 1107//1107 
f 1225//1225 1233//1233 1107//1107 
f 1102//1102 1227//1227 1226//1226 
f 1103//1103 1227//1227 1102//1102 
f 1104//1104 1228//1228 1103//1103 
f 1103//1103 1228//1228 1227//1227 
f 1105//1105 1229//1229 1104//1104 
f 1104//1104 1229//1229 1228//1228 
f 1106//1106 1230//1230 1105//1105 
f 1105//1105 1230//1230 1229//1229 
f 1230//1230 1106//1106 1108//1108 
f 1234//1234 1230//1230 1108//1108 
f 1107//1107 1233//1233 1109//1109 
f 1233//1233 1239//1239 1109//1109 
f 1108//1108 1110//1110 1234//1234 
f 1234//1234 1110//1110 1240//1240 
f 1109//1109 1239//1239 1241//1241 
f 1111//1111 1109//1109 1241//1241 
f 1112//1112 1111//1111 1242//1242 
f 1111//1111 1241//1241 1242//1242 
f 1242//1242 1115//1115 1112//1112 
f 1249//1249 1115//1115 1242//1242 
f 1110//1110 1243//1243 1240//1240 
f 1113//1113 1243//1243 1110//1110 
f 1114//1114 1244//1244 1113//1113 
f 1113//1113 1244//1244 1243//1243 
f 1244//1244 1114//1114 1116//1116 
f 1250//1250 1244//1244 1116//1116 
f 1115//1115 1249//1249 1117//1117 
f 1249//1249 1253//1253 1117//1117 
f 1116//1116 1118//1118 1250//1250 
f 1250//1250 1118//1118 1254//1254 
f 1117//1117 1253//1253 1123//1123 
f 1253//1253 1261//1261 1123//1123 
f 1119//1119 1262//1262 1255//1255 
f 1124//1124 1262//1262 1119//1119 
f 1120//1120 1119//1119 1256//1256 
f 1119//1119 1255//1255 1256//1256 
f 1256//1256 1125//1125 1120//1120 
f 1263//1263 1125//1125 1256//1256 
f 1118//1118 1257//1257 1254//1254 
f 1121//1121 1257//1257 1118//1118 
f 1122//1122 1258//1258 1121//1121 
f 1121//1121 1258//1258 1257//1257 
f 1258//1258 1122//1122 1126//1126 
f 1264//1264 1258//1258 1126//1126 
f 1123//1123 1261//1261 1127//1127 
f 1261//1261 1269//1269 1127//1127 
f 1124//1124 1128//1128 1262//1262 
f 1262//1262 1128//1128 1270//1270 
f 1125//1125 1263//1263 1129//1129 
f 1263//1263 1271//1271 1129//1129 
f 1126//1126 1130//1130 1264//1264 
f 1264//1264 1130//1130 1272//1272 
f 1127//1127 1269//1269 1137//1137 
f 1269//1269 1283//1283 1137//1137 
f 1131//1131 1284//1284 1273//1273 
f 1138//1138 1284//1284 1131//1131 
f 1132//1132 1131//1131 1274//1274 
f 1131//1131 1273//1273 1274//1274 
f 1270//1270 1128//1128 1132//1132 
f 1274//1274 1270//1270 1132//1132 
f 1129//1129 1271//1271 1275//1275 
f 1133//1133 1129//1129 1275//1275 
f 1134//1134 1133//1133 1276//1276 
f 1133//1133 1275//1275 1276//1276 
f 1135//1135 1134//1134 1277//1277 
f 1134//1134 1276//1276 1277//1277 
f 1136//1136 1135//1135 1278//1278 
f 1135//1135 1277//1277 1278//1278 
f 1278//1278 1139//1139 1136//1136 
f 1285//1285 1139//1139 1278//1278 
f 1130//1130 1140//1140 1272//1272 
f 1272//1272 1140//1140 1286//1286 
f 1137//1137 1283//1283 1141//1141 
f 1283//1283 1293//1293 1141//1141 
f 1138//1138 1142//1142 1284//1284 
f 1284//1284 1142//1142 1294//1294 
f 1139//1139 1285//1285 1143//1143 
f 1285//1285 1295//1295 1143//1143 
f 1140//1140 1144//1144 1286//1286 
f 1286//1286 1144//1144 1296//1296 
f 1141//1141 1293//1293 1149//1149 
f 1293//1293 1307//1307 1149//1149 
f 1145//1145 1308//1308 1297//1297 
f 1150//1150 1308//1308 1145//1145 
f 1146//1146 1145//1145 1298//1298 
f 1145//1145 1297//1297 1298//1298 
f 1294//1294 1142//1142 1146//1146 
f 1298//1298 1294//1294 1146//1146 
f 1143//1143 1295//1295 1299//1299 
f 1147//1147 1143//1143 1299//1299 
f 1148//1148 1147//1147 1300//1300 
f 1147//1147 1299//1299 1300//1300 
f 1296//1296 1144//1144 1148//1148 
f 1300//1300 1296//1296 1148//1148 
f 1149//1149 1307//1307 1151//1151 
f 1307//1307 1311//1311 1151//1151 
f 1150//1150 1152//1152 1308//1308 
f 1308//1308 1152//1152 1312//1312 
f 1151//1151 1311//1311 1153//1153 
f 1311//1311 1315//1315 1153//1153 
f 1152//1152 1154//1154 1312//1312 
f 1312//1312 1154//1154 1316//1316 
f 1153//1153 1315//1315 1155//1155 
f 1315//1315 1319//1319 1155//1155 
f 1154//1154 1156//1156 1316//1316 
f 1316//1316 1156//1156 1320//1320 
f 1155//1155 1319//1319 1157//1157 
f 1319//1319 1323//1323 1157//1157 
f 1156//1156 1158//1158 1320//1320 
f 1320//1320 1158//1158 1324//1324 
f 1157//1157 1323//1323 1159//1159 
f 1323//1323 1327//1327 1159//1159 
f 1158//1158 1160//1160 1324//1324 
f 1324//1324 1160//1160 1328//1328 
f 1159//1159 1327//1327 1161//1161 
f 1327//1327 1331//1331 1161//1161 
f 1160//1160 1162//1162 1328//1328 
f 1328//1328 1162//1162 1332//1332 
f 1161//1161 1331//1331 1163//1163 
f 1331//1331 1335//1335 1163//1163 
f 1162//1162 1164//1164 1332//1332 
f 1332//1332 1164//1164 1336//1336 
f 1165//1165 1337//1337 1341//1341 
f 1167//1167 1165//1165 1341//1341 
f 1166//1166 1338//1338 1165//1165 
f 1165//1165 1338//1338 1337//1337 
f 1335//1335 1166//1166 1163//1163 
f 1338//1338 1166//1166 1335//1335 
f 1164//1164 1168//1168 1336//1336 
f 1336//1336 1168//1168 1342//1342 
f 1167//1167 1341//1341 1169//1169 
f 1341//1341 1343//1343 1169//1169 
f 1168//1168 1170//1170 1342//1342 
f 1342//1342 1170//1170 1344//1344 
f 1169//1169 1343//1343 1173//1173 
f 1343//1343 1347//1347 1173//1173 
f 1171//1171 1348//1348 1345//1345 
f 1174//1174 1348//1348 1171//1171 
f 1172//1172 1171//1171 1346//1346 
f 1171//1171 1345//1345 1346//1346 
f 1344//1344 1170//1170 1172//1172 
f 1346//1346 1344//1344 1172//1172 
f 1173//1173 1347//1347 1175//1175 
f 1347//1347 1351//1351 1175//1175 
f 1174//1174 1176//1176 1348//1348 
f 1348//1348 1176//1176 1352//1352 
f 1175//1175 1351//1351 1177//1177 
f 1351//1351 1355//1355 1177//1177 
f 1176//1176 1178//1178 1352//1352 
f 1352//1352 1178//1178 1356//1356 
f 1177//1177 1355//1355 1179//1179 
f 1355//1355 1357//1357 1179//1179 
f 1178//1178 1180//1180 1356//1356 
f 1356//1356 1180//1180 1358//1358 
f 1179//1179 1357//1357 1181//1181 
f 1357//1357 1359//1359 1181//1181 
f 1180//1180 1182//1182 1358//1358 
f 1358//1358 1182//1182 1360//1360 
f 1181//1181 1359//1359 1361//1361 
f 1183//1183 1181//1181 1361//1361 
f 1184//1184 1183//1183 1362//1362 
f 1183//1183 1361//1361 1362//1362 
f 1185//1185 1184//1184 1363//1363 
f 1184//1184 1362//1362 1363//1363 
f 1186//1186 1185//1185 1364//1364 
f 1185//1185 1363//1363 1364//1364 
f 1360//1360 1182//1182 1186//1186 
f 1364//1364 1360//1360 1186//1186 
f 1187//1187 1389//1389 1393//1393 
f 1193//1193 1187//1187 1393//1393 
f 1188//1188 1390//1390 1187//1187 
f 1187//1187 1390//1390 1389//1389 
f 1189//1189 1391//1391 1188//1188 
f 1188//1188 1391//1391 1390//1390 
f 1190//1190 1392//1392 1189//1189 
f 1189//1189 1392//1392 1391//1391 
f 1195//1195 1394//1394 1392//1392 
f 1195//1195 1392//1392 1191//1191 
f 1191//1191 1392//1392 1190//1190 
f 1191//1191 1192//1192 1196//1196 
f 1195//1195 1191//1191 1196//1196 
f 1192//1192 1194//1194 1196//1196 
f 1193//1193 1393//1393 1197//1197 
f 1393//1393 1397//1397 1197//1197 
f 1201//1201 1394//1394 1195//1195 
f 1398//1398 1394//1394 1201//1201 
f 1196//1196 1202//1202 1195//1195 
f 1202//1202 1201//1201 1195//1195 
f 1194//1194 1198//1198 1202//1202 
f 1196//1196 1194//1194 1202//1202 
f 1197//1197 1397//1397 1203//1203 
f 1397//1397 1403//1403 1203//1203 
f 1201//1201 1399//1399 1398//1398 
f 1202//1202 1399//1399 1201//1201 
f 1400//1400 1399//1399 1202//1202 
f 1205//1205 1404//1404 1400//1400 
f 1199//1199 1205//1205 1400//1400 
f 1199//1199 1400//1400 1202//1202 
f 1199//1199 1202//1202 1198//1198 
f 1199//1199 1200//1200 1206//1206 
f 1205//1205 1199//1199 1206//1206 
f 1200//1200 1204//1204 1206//1206 
f 1203//1203 1403//1403 1207//1207 
f 1403//1403 1405//1405 1207//1207 
f 1211//1211 1404//1404 1205//1205 
f 1406//1406 1404//1404 1211//1211 
f 1206//1206 1212//1212 1205//1205 
f 1212//1212 1211//1211 1205//1205 
f 1204//1204 1208//1208 1212//1212 
f 1206//1206 1204//1204 1212//1212 
f 1207//1207 1405//1405 1213//1213 
f 1405//1405 1409//1409 1213//1213 
f 1211//1211 1407//1407 1406//1406 
f 1212//1212 1407//1407 1211//1211 
f 1408//1408 1407//1407 1212//1212 
f 1215//1215 1410//1410 1408//1408 
f 1209//1209 1215//1215 1408//1408 
f 1209//1209 1408//1408 1212//1212 
f 1209//1209 1212//1212 1208//1208 
f 1209//1209 1210//1210 1216//1216 
f 1215//1215 1209//1209 1216//1216 
f 1210//1210 1214//1214 1216//1216 
f 1213//1213 1409//1409 1217//1217 
f 1409//1409 1411//1411 1217//1217 
f 1223//1223 1410//1410 1215//1215 
f 1412//1412 1410//1410 1223//1223 
f 1216//1216 1224//1224 1215//1215 
f 1224//1224 1223//1223 1215//1215 
f 1214//1214 1218//1218 1224//1224 
f 1216//1216 1214//1214 1224//1224 
f 1217//1217 1411//1411 1413//1413 
f 1219//1219 1217//1217 1413//1413 
f 1220//1220 1219//1219 1414//1414 
f 1219//1219 1413//1413 1414//1414 
f 1414//1414 1225//1225 1220//1220 
f 1417//1417 1225//1225 1414//1414 
f 1223//1223 1415//1415 1412//1412 
f 1224//1224 1415//1415 1223//1223 
f 1416//1416 1415//1415 1224//1224 
f 1231//1231 1418//1418 1416//1416 
f 1221//1221 1231//1231 1416//1416 
f 1221//1221 1416//1416 1224//1224 
f 1221//1221 1224//1224 1218//1218 
f 1221//1221 1222//1222 1232//1232 
f 1231//1231 1221//1221 1232//1232 
f 1222//1222 1226//1226 1232//1232 
f 1225//1225 1417//1417 1233//1233 
f 1417//1417 1421//1421 1233//1233 
f 1231//1231 1419//1419 1418//1418 
f 1232//1232 1419//1419 1231//1231 
f 1420//1420 1419//1419 1232//1232 
f 1235//1235 1422//1422 1420//1420 
f 1227//1227 1235//1235 1420//1420 
f 1227//1227 1420//1420 1232//1232 
f 1227//1227 1232//1232 1226//1226 
f 1227//1227 1228//1228 1236//1236 
f 1235//1235 1227//1227 1236//1236 
f 1228//1228 1229//1229 1237//1237 
f 1236//1236 1228//1228 1237//1237 
f 1229//1229 1230//1230 1238//1238 
f 1237//1237 1229//1229 1238//1238 
f 1230//1230 1234//1234 1238//1238 
f 1233//1233 1421//1421 1239//1239 
f 1421//1421 1425//1425 1239//1239 
f 1245//1245 1422//1422 1235//1235 
f 1426//1426 1422//1422 1245//1245 
f 1236//1236 1246//1246 1235//1235 
f 1246//1246 1245//1245 1235//1235 
f 1237//1237 1247//1247 1236//1236 
f 1247//1247 1246//1246 1236//1236 
f 1238//1238 1248//1248 1237//1237 
f 1248//1248 1247//1247 1237//1237 
f 1234//1234 1240//1240 1248//1248 
f 1238//1238 1234//1234 1248//1248 
f 1239//1239 1425//1425 1427//1427 
f 1241//1241 1239//1239 1427//1427 
f 1242//1242 1241//1241 1428//1428 
f 1241//1241 1427//1427 1428//1428 
f 1428//1428 1249//1249 1242//1242 
f 1435//1435 1249//1249 1428//1428 
f 1245//1245 1429//1429 1426//1426 
f 1246//1246 1429//1429 1245//1245 
f 1430//1430 1429//1429 1246//1246 
f 1247//1247 1430//1430 1246//1246 
f 1431//1431 1430//1430 1247//1247 
f 1248//1248 1431//1431 1247//1247 
f 1432//1432 1431//1431 1248//1248 
f 1251//1251 1436//1436 1432//1432 
f 1243//1243 1251//1251 1432//1432 
f 1243//1243 1432//1432 1248//1248 
f 1243//1243 1248//1248 1240//1240 
f 1243//1243 1244//1244 1252//1252 
f 1251//1251 1243//1243 1252//1252 
f 1244//1244 1250//1250 1252//1252 
f 1249//1249 1435//1435 1253//1253 
f 1435//1435 1441//1441 1253//1253 
f 1259//1259 1436//1436 1251//1251 
f 1442//1442 1436//1436 1259//1259 
f 1252//1252 1260//1260 1251//1251 
f 1260//1260 1259//1259 1251//1251 
f 1250//1250 1254//1254 1260//1260 
f 1252//1252 1250//1250 1260//1260 
f 1253//1253 1441//1441 1261//1261 
f 1441//1441 1449//1449 1261//1261 
f 1255//1255 1262//1262 1265//1265 
f 1255//1255 1266//1266 1256//1256 
f 1265//1265 1266//1266 1255//1255 
f 1256//1256 1266//1266 1263//1263 
f 1259//1259 1443//1443 1442//1442 
f 1260//1260 1443//1443 1259//1259 
f 1444//1444 1443//1443 1260//1260 
f 1267//1267 1450//1450 1444//1444 
f 1257//1257 1267//1267 1444//1444 
f 1257//1257 1444//1444 1260//1260 
f 1257//1257 1260//1260 1254//1254 
f 1257//1257 1258//1258 1268//1268 
f 1267//1267 1257//1257 1268//1268 
f 1258//1258 1264//1264 1268//1268 
f 1261//1261 1449//1449 1269//1269 
f 1449//1449 1453//1453 1269//1269 
f 1265//1265 1270//1270 1279//1279 
f 1262//1262 1270//1270 1265//1265 
f 1266//1266 1265//1265 1280//1280 
f 1280//1280 1265//1265 1279//1279 
f 1263//1263 1280//1280 1271//1271 
f 1266//1266 1280//1280 1263//1263 
f 1281//1281 1450//1450 1267//1267 
f 1454//1454 1450//1450 1281//1281 
f 1268//1268 1282//1282 1267//1267 
f 1282//1282 1281//1281 1267//1267 
f 1264//1264 1272//1272 1282//1282 
f 1268//1268 1264//1264 1282//1282 
f 1269//1269 1453//1453 1283//1283 
f 1453//1453 1461//1461 1283//1283 
f 1273//1273 1284//1284 1287//1287 
f 1273//1273 1288//1288 1274//1274 
f 1287//1287 1288//1288 1273//1273 
f 1274//1274 1288//1288 1462//1462 
f 1270//1270 1274//1274 1462//1462 
f 1270//1270 1462//1462 1455//1455 
f 1270//1270 1455//1455 1279//1279 
f 1280//1280 1279//1279 1455//1455 
f 1456//1456 1280//1280 1455//1455 
f 1289//1289 1456//1456 1463//1463 
f 1275//1275 1456//1456 1289//1289 
f 1275//1275 1280//1280 1456//1456 
f 1275//1275 1271//1271 1280//1280 
f 1275//1275 1290//1290 1276//1276 
f 1289//1289 1290//1290 1275//1275 
f 1276//1276 1291//1291 1277//1277 
f 1290//1290 1291//1291 1276//1276 
f 1277//1277 1292//1292 1278//1278 
f 1291//1291 1292//1292 1277//1277 
f 1281//1281 1457//1457 1454//1454 
f 1285//1285 1278//1278 1292//1292 
f 1282//1282 1457//1457 1281//1281 
f 1458//1458 1457//1457 1282//1282 
f 1458//1458 1282//1282 1272//1272 
f 1458//1458 1272//1272 1464//1464 
f 1464//1464 1272//1272 1286//1286 
f 1283//1283 1461//1461 1293//1293 
f 1461//1461 1469//1469 1293//1293 
f 1287//1287 1294//1294 1301//1301 
f 1284//1284 1294//1294 1287//1287 
f 1288//1288 1287//1287 1302//1302 
f 1302//1302 1287//1287 1301//1301 
f 1470//1470 1462//1462 1288//1288 
f 1302//1302 1470//1470 1288//1288 
f 1303//1303 1289//1289 1463//1463 
f 1471//1471 1303//1303 1463//1463 
f 1290//1290 1289//1289 1304//1304 
f 1304//1304 1289//1289 1303//1303 
f 1291//1291 1290//1290 1305//1305 
f 1305//1305 1290//1290 1304//1304 
f 1292//1292 1291//1291 1306//1306 
f 1306//1306 1291//1291 1305//1305 
f 1285//1285 1306//1306 1295//1295 
f 1292//1292 1306//1306 1285//1285 
f 1286//1286 1296//1296 1464//1464 
f 1464//1464 1296//1296 1472//1472 
f 1293//1293 1469//1469 1307//1307 
f 1469//1469 1485//1485 1307//1307 
f 1297//1297 1308//1308 1309//1309 
f 1297//1297 1310//1310 1298//1298 
f 1309//1309 1310//1310 1297//1297 
f 1298//1298 1310//1310 1486//1486 
f 1294//1294 1298//1298 1486//1486 
f 1294//1294 1486//1486 1473//1473 
f 1294//1294 1473//1473 1301//1301 
f 1302//1302 1301//1301 1473//1473 
f 1474//1474 1302//1302 1473//1473 
f 1470//1470 1302//1302 1474//1474 
f 1303//1303 1471//1471 1475//1475 
f 1304//1304 1303//1303 1475//1475 
f 1476//1476 1304//1304 1475//1475 
f 1305//1305 1304//1304 1476//1476 
f 1477//1477 1305//1305 1476//1476 
f 1306//1306 1305//1305 1477//1477 
f 1478//1478 1306//1306 1477//1477 
f 1295//1295 1306//1306 1478//1478 
f 1295//1295 1478//1478 1299//1299 
f 1299//1299 1478//1478 1479//1479 
f 1300//1300 1299//1299 1480//1480 
f 1299//1299 1479//1479 1480//1480 
f 1472//1472 1296//1296 1300//1300 
f 1480//1480 1472//1472 1300//1300 
f 1307//1307 1485//1485 1311//1311 
f 1485//1485 1491//1491 1311//1311 
f 1309//1309 1312//1312 1313//1313 
f 1308//1308 1312//1312 1309//1309 
f 1310//1310 1309//1309 1314//1314 
f 1314//1314 1309//1309 1313//1313 
f 1492//1492 1486//1486 1310//1310 
f 1314//1314 1492//1492 1310//1310 
f 1311//1311 1491//1491 1315//1315 
f 1491//1491 1497//1497 1315//1315 
f 1313//1313 1316//1316 1317//1317 
f 1312//1312 1316//1316 1313//1313 
f 1314//1314 1313//1313 1318//1318 
f 1318//1318 1313//1313 1317//1317 
f 1498//1498 1492//1492 1314//1314 
f 1318//1318 1498//1498 1314//1314 
f 1315//1315 1497//1497 1319//1319 
f 1497//1497 1501//1501 1319//1319 
f 1317//1317 1320//1320 1321//1321 
f 1316//1316 1320//1320 1317//1317 
f 1318//1318 1317//1317 1322//1322 
f 1322//1322 1317//1317 1321//1321 
f 1502//1502 1498//1498 1318//1318 
f 1322//1322 1502//1502 1318//1318 
f 1325//1325 1503//1503 1509//1509 
f 1325//1325 1326//1326 1504//1504 
f 1503//1503 1325//1325 1504//1504 
f 1326//1326 1501//1501 1504//1504 
f 1326//1326 1323//1323 1501//1501 
f 1323//1323 1319//1319 1501//1501 
f 1321//1321 1510//1510 1505//1505 
f 1321//1321 1320//1320 1510//1510 
f 1320//1320 1324//1324 1510//1510 
f 1322//1322 1321//1321 1505//1505 
f 1506//1506 1322//1322 1505//1505 
f 1502//1502 1322//1322 1506//1506 
f 1329//1329 1325//1325 1509//1509 
f 1513//1513 1329//1329 1509//1509 
f 1326//1326 1325//1325 1330//1330 
f 1330//1330 1325//1325 1329//1329 
f 1323//1323 1330//1330 1327//1327 
f 1326//1326 1330//1330 1323//1323 
f 1324//1324 1328//1328 1510//1510 
f 1510//1510 1328//1328 1514//1514 
f 1333//1333 1329//1329 1513//1513 
f 1517//1517 1333//1333 1513//1513 
f 1330//1330 1329//1329 1334//1334 
f 1334//1334 1329//1329 1333//1333 
f 1327//1327 1334//1334 1331//1331 
f 1330//1330 1334//1334 1327//1327 
f 1328//1328 1332//1332 1514//1514 
f 1514//1514 1332//1332 1518//1518 
f 1339//1339 1333//1333 1517//1517 
f 1519//1519 1339//1339 1517//1517 
f 1334//1334 1333//1333 1340//1340 
f 1340//1340 1333//1333 1339//1339 
f 1331//1331 1340//1340 1335//1335 
f 1334//1334 1340//1340 1331//1331 
f 1332//1332 1336//1336 1518//1518 
f 1518//1518 1336//1336 1520//1520 
f 1337//1337 1339//1339 1519//1519 
f 1337//1337 1519//1519 1341//1341 
f 1341//1341 1519//1519 1521//1521 
f 1338//1338 1339//1339 1337//1337 
f 1340//1340 1339//1339 1338//1338 
f 1335//1335 1340//1340 1338//1338 
f 1336//1336 1342//1342 1520//1520 
f 1520//1520 1342//1342 1522//1522 
f 1341//1341 1521//1521 1343//1343 
f 1521//1521 1523//1523 1343//1343 
f 1342//1342 1344//1344 1522//1522 
f 1522//1522 1344//1344 1524//1524 
f 1343//1343 1523//1523 1347//1347 
f 1523//1523 1525//1525 1347//1347 
f 1345//1345 1348//1348 1349//1349 
f 1345//1345 1350//1350 1346//1346 
f 1349//1349 1350//1350 1345//1345 
f 1346//1346 1350//1350 1526//1526 
f 1346//1346 1526//1526 1344//1344 
f 1344//1344 1526//1526 1524//1524 
f 1347//1347 1525//1525 1351//1351 
f 1525//1525 1527//1527 1351//1351 
f 1349//1349 1352//1352 1353//1353 
f 1348//1348 1352//1352 1349//1349 
f 1350//1350 1349//1349 1354//1354 
f 1354//1354 1349//1349 1353//1353 
f 1528//1528 1526//1526 1350//1350 
f 1354//1354 1528//1528 1350//1350 
f 1351//1351 1527//1527 1355//1355 
f 1527//1527 1531//1531 1355//1355 
f 1353//1353 1532//1532 1529//1529 
f 1353//1353 1352//1352 1532//1532 
f 1352//1352 1356//1356 1532//1532 
f 1354//1354 1353//1353 1529//1529 
f 1530//1530 1354//1354 1529//1529 
f 1528//1528 1354//1354 1530//1530 
f 1355//1355 1531//1531 1357//1357 
f 1531//1531 1535//1535 1357//1357 
f 1356//1356 1358//1358 1532//1532 
f 1532//1532 1358//1358 1536//1536 
f 1357//1357 1535//1535 1359//1359 
f 1535//1535 1539//1539 1359//1359 
f 1358//1358 1360//1360 1536//1536 
f 1536//1536 1360//1360 1540//1540 
f 1365//1365 1361//1361 1359//1359 
f 1365//1365 1359//1359 1541//1541 
f 1541//1541 1359//1359 1539//1539 
f 1361//1361 1366//1366 1362//1362 
f 1365//1365 1366//1366 1361//1361 
f 1362//1362 1367//1367 1363//1363 
f 1366//1366 1367//1367 1362//1362 
f 1363//1363 1368//1368 1364//1364 
f 1367//1367 1368//1368 1363//1363 
f 1364//1364 1368//1368 1542//1542 
f 1364//1364 1542//1542 1360//1360 
f 1360//1360 1542//1542 1540//1540 
f 1369//1369 1365//1365 1541//1541 
f 1543//1543 1369//1369 1541//1541 
f 1366//1366 1365//1365 1370//1370 
f 1370//1370 1365//1365 1369//1369 
f 1367//1367 1366//1366 1371//1371 
f 1371//1371 1366//1366 1370//1370 
f 1368//1368 1367//1367 1372//1372 
f 1372//1372 1367//1367 1371//1371 
f 1544//1544 1542//1542 1368//1368 
f 1372//1372 1544//1544 1368//1368 
f 1373//1373 1369//1369 1543//1543 
f 1545//1545 1373//1373 1543//1543 
f 1370//1370 1369//1369 1374//1374 
f 1374//1374 1369//1369 1373//1373 
f 1371//1371 1370//1370 1375//1375 
f 1375//1375 1370//1370 1374//1374 
f 1372//1372 1371//1371 1376//1376 
f 1376//1376 1371//1371 1375//1375 
f 1546//1546 1544//1544 1372//1372 
f 1376//1376 1546//1546 1372//1372 
f 1377//1377 1373//1373 1545//1545 
f 1547//1547 1377//1377 1545//1545 
f 1374//1374 1373//1373 1378//1378 
f 1378//1378 1373//1373 1377//1377 
f 1375//1375 1374//1374 1379//1379 
f 1379//1379 1374//1374 1378//1378 
f 1376//1376 1375//1375 1380//1380 
f 1380//1380 1375//1375 1379//1379 
f 1548//1548 1546//1546 1376//1376 
f 1380//1380 1548//1548 1376//1376 
f 1381//1381 1377//1377 1547//1547 
f 1551//1551 1381//1381 1547//1547 
f 1378//1378 1377//1377 1382//1382 
f 1382//1382 1377//1377 1381//1381 
f 1552//1552 1549//1549 1379//1379 
f 1552//1552 1379//1379 1382//1382 
f 1382//1382 1379//1379 1378//1378 
f 1380//1380 1379//1379 1549//1549 
f 1550//1550 1380//1380 1549//1549 
f 1548//1548 1380//1380 1550//1550 
f 1383//1383 1381//1381 1551//1551 
f 1555//1555 1383//1383 1551//1551 
f 1382//1382 1381//1381 1384//1384 
f 1384//1384 1381//1381 1383//1383 
f 1556//1556 1552//1552 1382//1382 
f 1384//1384 1556//1556 1382//1382 
f 1385//1385 1383//1383 1555//1555 
f 1559//1559 1385//1385 1555//1555 
f 1384//1384 1383//1383 1386//1386 
f 1386//1386 1383//1383 1385//1385 
f 1560//1560 1556//1556 1384//1384 
f 1386//1386 1560//1560 1384//1384 
f 1387//1387 1385//1385 1559//1559 
f 1563//1563 1387//1387 1559//1559 
f 1386//1386 1385//1385 1388//1388 
f 1388//1388 1385//1385 1387//1387 
f 1564//1564 1560//1560 1386//1386 
f 1388//1388 1564//1564 1386//1386 
f 1387//1387 1563//1563 1565//1565 
f 1388//1388 1387//1387 1565//1565 
f 1566//1566 1388//1388 1565//1565 
f 1564//1564 1388//1388 1566//1566 
f 1389//1389 1395//1395 1393//1393 
f 1389//1389 1390//1390 1396//1396 
f 1395//1395 1389//1389 1396//1396 
f 1575//1575 1396//1396 1390//1390 
f 1575//1575 1390//1390 1573//1573 
f 1573//1573 1390//1390 1391//1391 
f 1392//1392 1574//1574 1391//1391 
f 1391//1391 1574//1574 1573//1573 
f 1574//1574 1392//1392 1394//1394 
f 1576//1576 1574//1574 1394//1394 
f 1395//1395 1401//1401 1397//1397 
f 1393//1393 1395//1395 1397//1397 
f 1396//1396 1402//1402 1395//1395 
f 1402//1402 1401//1401 1395//1395 
f 1579//1579 1396//1396 1575//1575 
f 1402//1402 1396//1396 1579//1579 
f 1394//1394 1398//1398 1576//1576 
f 1576//1576 1398//1398 1580//1580 
f 1401//1401 1581//1581 1587//1587 
f 1401//1401 1587//1587 1397//1397 
f 1397//1397 1587//1587 1403//1403 
f 1402//1402 1581//1581 1401//1401 
f 1582//1582 1581//1581 1402//1402 
f 1579//1579 1582//1582 1402//1402 
f 1398//1398 1583//1583 1580//1580 
f 1399//1399 1583//1583 1398//1398 
f 1400//1400 1584//1584 1399//1399 
f 1399//1399 1584//1584 1583//1583 
f 1584//1584 1400//1400 1404//1404 
f 1588//1588 1584//1584 1404//1404 
f 1403//1403 1587//1587 1405//1405 
f 1587//1587 1589//1589 1405//1405 
f 1404//1404 1406//1406 1588//1588 
f 1588//1588 1406//1406 1590//1590 
f 1405//1405 1589//1589 1409//1409 
f 1589//1589 1593//1593 1409//1409 
f 1406//1406 1591//1591 1590//1590 
f 1407//1407 1591//1591 1406//1406 
f 1408//1408 1592//1592 1407//1407 
f 1407//1407 1592//1592 1591//1591 
f 1592//1592 1408//1408 1410//1410 
f 1594//1594 1592//1592 1410//1410 
f 1409//1409 1593//1593 1411//1411 
f 1593//1593 1595//1595 1411//1411 
f 1410//1410 1412//1412 1594//1594 
f 1594//1594 1412//1412 1596//1596 
f 1411//1411 1595//1595 1597//1597 
f 1413//1413 1411//1411 1597//1597 
f 1414//1414 1413//1413 1598//1598 
f 1413//1413 1597//1597 1598//1598 
f 1598//1598 1417//1417 1414//1414 
f 1601//1601 1417//1417 1598//1598 
f 1412//1412 1599//1599 1596//1596 
f 1415//1415 1599//1599 1412//1412 
f 1416//1416 1600//1600 1415//1415 
f 1415//1415 1600//1600 1599//1599 
f 1600//1600 1416//1416 1418//1418 
f 1602//1602 1600//1600 1418//1418 
f 1417//1417 1601//1601 1421//1421 
f 1601//1601 1605//1605 1421//1421 
f 1423//1423 1418//1418 1419//1419 
f 1423//1423 1606//1606 1418//1418 
f 1606//1606 1602//1602 1418//1418 
f 1419//1419 1420//1420 1424//1424 
f 1423//1423 1419//1419 1424//1424 
f 1420//1420 1422//1422 1424//1424 
f 1421//1421 1605//1605 1425//1425 
f 1605//1605 1607//1607 1425//1425 
f 1433//1433 1606//1606 1423//1423 
f 1608//1608 1606//1606 1433//1433 
f 1424//1424 1434//1434 1423//1423 
f 1434//1434 1433//1433 1423//1423 
f 1422//1422 1426//1426 1434//1434 
f 1424//1424 1422//1422 1434//1434 
f 1425//1425 1607//1607 1609//1609 
f 1427//1427 1425//1425 1609//1609 
f 1428//1428 1427//1427 1610//1610 
f 1427//1427 1609//1609 1610//1610 
f 1610//1610 1435//1435 1428//1428 
f 1613//1613 1435//1435 1610//1610 
f 1433//1433 1611//1611 1608//1608 
f 1434//1434 1611//1611 1433//1433 
f 1612//1612 1611//1611 1434//1434 
f 1437//1437 1614//1614 1612//1612 
f 1429//1429 1437//1437 1612//1612 
f 1429//1429 1612//1612 1434//1434 
f 1429//1429 1434//1434 1426//1426 
f 1429//1429 1430//1430 1438//1438 
f 1437//1437 1429//1429 1438//1438 
f 1430//1430 1431//1431 1439//1439 
f 1438//1438 1430//1430 1439//1439 
f 1431//1431 1432//1432 1440//1440 
f 1439//1439 1431//1431 1440//1440 
f 1432//1432 1436//1436 1440//1440 
f 1435//1435 1613//1613 1441//1441 
f 1613//1613 1615//1615 1441//1441 
f 1445//1445 1614//1614 1437//1437 
f 1616//1616 1614//1614 1445//1445 
f 1438//1438 1446//1446 1437//1437 
f 1446//1446 1445//1445 1437//1437 
f 1439//1439 1447//1447 1438//1438 
f 1447//1447 1446//1446 1438//1438 
f 1440//1440 1448//1448 1439//1439 
f 1448//1448 1447//1447 1439//1439 
f 1436//1436 1442//1442 1448//1448 
f 1440//1440 1436//1436 1448//1448 
f 1441//1441 1615//1615 1449//1449 
f 1615//1615 1621//1621 1449//1449 
f 1445//1445 1617//1617 1616//1616 
f 1446//1446 1617//1617 1445//1445 
f 1618//1618 1617//1617 1446//1446 
f 1447//1447 1618//1618 1446//1446 
f 1619//1619 1618//1618 1447//1447 
f 1448//1448 1619//1619 1447//1447 
f 1620//1620 1619//1619 1448//1448 
f 1451//1451 1622//1622 1620//1620 
f 1443//1443 1451//1451 1620//1620 
f 1443//1443 1620//1620 1448//1448 
f 1443//1443 1448//1448 1442//1442 
f 1443//1443 1444//1444 1452//1452 
f 1451//1451 1443//1443 1452//1452 
f 1444//1444 1450//1450 1452//1452 
f 1449//1449 1621//1621 1453//1453 
f 1621//1621 1627//1627 1453//1453 
f 1459//1459 1622//1622 1451//1451 
f 1628//1628 1622//1622 1459//1459 
f 1452//1452 1460//1460 1451//1451 
f 1460//1460 1459//1459 1451//1451 
f 1450//1450 1454//1454 1460//1460 
f 1452//1452 1450//1450 1460//1460 
f 1453//1453 1627//1627 1461//1461 
f 1627//1627 1635//1635 1461//1461 
f 1455//1455 1462//1462 1465//1465 
f 1455//1455 1466//1466 1456//1456 
f 1465//1465 1466//1466 1455//1455 
f 1456//1456 1466//1466 1463//1463 
f 1459//1459 1629//1629 1628//1628 
f 1460//1460 1629//1629 1459//1459 
f 1630//1630 1629//1629 1460//1460 
f 1467//1467 1636//1636 1630//1630 
f 1457//1457 1467//1467 1630//1630 
f 1457//1457 1630//1630 1460//1460 
f 1457//1457 1460//1460 1454//1454 
f 1457//1457 1458//1458 1468//1468 
f 1467//1467 1457//1457 1468//1468 
f 1458//1458 1464//1464 1468//1468 
f 1461//1461 1635//1635 1469//1469 
f 1635//1635 1641//1641 1469//1469 
f 1465//1465 1470//1470 1481//1481 
f 1462//1462 1470//1470 1465//1465 
f 1466//1466 1465//1465 1482//1482 
f 1482//1482 1465//1465 1481//1481 
f 1463//1463 1482//1482 1471//1471 
f 1466//1466 1482//1482 1463//1463 
f 1483//1483 1636//1636 1467//1467 
f 1642//1642 1636//1636 1483//1483 
f 1468//1468 1484//1484 1467//1467 
f 1484//1484 1483//1483 1467//1467 
f 1464//1464 1472//1472 1484//1484 
f 1468//1468 1464//1464 1484//1484 
f 1469//1469 1641//1641 1485//1485 
f 1641//1641 1651//1651 1485//1485 
f 1473//1473 1486//1486 1487//1487 
f 1473//1473 1488//1488 1474//1474 
f 1487//1487 1488//1488 1473//1473 
f 1474//1474 1481//1481 1470//1470 
f 1474//1474 1488//1488 1481//1481 
f 1488//1488 1489//1489 1481//1481 
f 1482//1482 1481//1481 1490//1490 
f 1490//1490 1481//1481 1489//1489 
f 1471//1471 1482//1482 1490//1490 
f 1471//1471 1490//1490 1643//1643 
f 1471//1471 1643//1643 1475//1475 
f 1643//1643 1490//1490 1652//1652 
f 1476//1476 1475//1475 1644//1644 
f 1475//1475 1643//1643 1644//1644 
f 1477//1477 1476//1476 1645//1645 
f 1476//1476 1644//1644 1645//1645 
f 1478//1478 1477//1477 1646//1646 
f 1477//1477 1645//1645 1646//1646 
f 1642//1642 1483//1483 1479//1479 
f 1642//1642 1479//1479 1646//1646 
f 1646//1646 1479//1479 1478//1478 
f 1480//1480 1479//1479 1483//1483 
f 1484//1484 1480//1480 1483//1483 
f 1472//1472 1480//1480 1484//1484 
f 1485//1485 1651//1651 1491//1491 
f 1651//1651 1653//1653 1491//1491 
f 1487//1487 1492//1492 1493//1493 
f 1486//1486 1492//1492 1487//1487 
f 1488//1488 1487//1487 1494//1494 
f 1494//1494 1487//1487 1493//1493 
f 1489//1489 1488//1488 1495//1495 
f 1495//1495 1488//1488 1494//1494 
f 1490//1490 1489//1489 1496//1496 
f 1496//1496 1489//1489 1495//1495 
f 1654//1654 1652//1652 1490//1490 
f 1496//1496 1654//1654 1490//1490 
f 1491//1491 1653//1653 1497//1497 
f 1653//1653 1657//1657 1497//1497 
f 1493//1493 1498//1498 1499//1499 
f 1492//1492 1498//1498 1493//1493 
f 1494//1494 1493//1493 1500//1500 
f 1500//1500 1493//1493 1499//1499 
f 1658//1658 1655//1655 1495//1495 
f 1658//1658 1495//1495 1500//1500 
f 1500//1500 1495//1495 1494//1494 
f 1496//1496 1495//1495 1655//1655 
f 1656//1656 1496//1496 1655//1655 
f 1654//1654 1496//1496 1656//1656 
f 1497//1497 1657//1657 1501//1501 
f 1657//1657 1661//1661 1501//1501 
f 1499//1499 1502//1502 1507//1507 
f 1498//1498 1502//1502 1499//1499 
f 1500//1500 1499//1499 1508//1508 
f 1508//1508 1499//1499 1507//1507 
f 1662//1662 1658//1658 1500//1500 
f 1508//1508 1662//1662 1500//1500 
f 1503//1503 1663//1663 1669//1669 
f 1509//1509 1503//1503 1669//1669 
f 1504//1504 1664//1664 1503//1503 
f 1503//1503 1664//1664 1663//1663 
f 1661//1661 1504//1504 1501//1501 
f 1664//1664 1504//1504 1661//1661 
f 1505//1505 1510//1510 1511//1511 
f 1505//1505 1512//1512 1506//1506 
f 1511//1511 1512//1512 1505//1505 
f 1506//1506 1512//1512 1670//1670 
f 1502//1502 1506//1506 1670//1670 
f 1502//1502 1670//1670 1665//1665 
f 1502//1502 1665//1665 1507//1507 
f 1508//1508 1507//1507 1665//1665 
f 1666//1666 1508//1508 1665//1665 
f 1662//1662 1508//1508 1666//1666 
f 1509//1509 1669//1669 1513//1513 
f 1669//1669 1673//1673 1513//1513 
f 1511//1511 1514//1514 1515//1515 
f 1510//1510 1514//1514 1511//1511 
f 1512//1512 1511//1511 1516//1516 
f 1516//1516 1511//1511 1515//1515 
f 1674//1674 1670//1670 1512//1512 
f 1516//1516 1674//1674 1512//1512 
f 1513//1513 1673//1673 1517//1517 
f 1673//1673 1679//1679 1517//1517 
f 1515//1515 1680//1680 1675//1675 
f 1515//1515 1514//1514 1680//1680 
f 1514//1514 1518//1518 1680//1680 
f 1516//1516 1515//1515 1675//1675 
f 1676//1676 1516//1516 1675//1675 
f 1674//1674 1516//1516 1676//1676 
f 1517//1517 1679//1679 1519//1519 
f 1679//1679 1683//1683 1519//1519 
f 1518//1518 1520//1520 1680//1680 
f 1680//1680 1520//1520 1684//1684 
f 1519//1519 1683//1683 1521//1521 
f 1683//1683 1687//1687 1521//1521 
f 1520//1520 1522//1522 1684//1684 
f 1684//1684 1522//1522 1688//1688 
f 1521//1521 1687//1687 1523//1523 
f 1687//1687 1691//1691 1523//1523 
f 1522//1522 1524//1524 1688//1688 
f 1688//1688 1524//1524 1692//1692 
f 1523//1523 1691//1691 1525//1525 
f 1691//1691 1695//1695 1525//1525 
f 1524//1524 1526//1526 1692//1692 
f 1692//1692 1526//1526 1696//1696 
f 1525//1525 1695//1695 1527//1527 
f 1695//1695 1697//1697 1527//1527 
f 1526//1526 1528//1528 1696//1696 
f 1696//1696 1528//1528 1698//1698 
f 1527//1527 1697//1697 1531//1531 
f 1697//1697 1699//1699 1531//1531 
f 1529//1529 1532//1532 1533//1533 
f 1529//1529 1534//1534 1530//1530 
f 1533//1533 1534//1534 1529//1529 
f 1530//1530 1534//1534 1700//1700 
f 1530//1530 1700//1700 1528//1528 
f 1528//1528 1700//1700 1698//1698 
f 1531//1531 1699//1699 1535//1535 
f 1699//1699 1701//1701 1535//1535 
f 1533//1533 1536//1536 1537//1537 
f 1532//1532 1536//1536 1533//1533 
f 1534//1534 1533//1533 1538//1538 
f 1538//1538 1533//1533 1537//1537 
f 1702//1702 1700//1700 1534//1534 
f 1538//1538 1702//1702 1534//1534 
f 1535//1535 1701//1701 1539//1539 
f 1701//1701 1705//1705 1539//1539 
f 1537//1537 1706//1706 1703//1703 
f 1537//1537 1536//1536 1706//1706 
f 1536//1536 1540//1540 1706//1706 
f 1538//1538 1537//1537 1703//1703 
f 1704//1704 1538//1538 1703//1703 
f 1702//1702 1538//1538 1704//1704 
f 1539//1539 1705//1705 1541//1541 
f 1705//1705 1709//1709 1541//1541 
f 1540//1540 1542//1542 1706//1706 
f 1706//1706 1542//1542 1710//1710 
f 1541//1541 1709//1709 1543//1543 
f 1709//1709 1711//1711 1543//1543 
f 1542//1542 1544//1544 1710//1710 
f 1710//1710 1544//1544 1712//1712 
f 1543//1543 1711//1711 1545//1545 
f 1711//1711 1713//1713 1545//1545 
f 1544//1544 1546//1546 1712//1712 
f 1712//1712 1546//1546 1714//1714 
f 1545//1545 1713//1713 1547//1547 
f 1713//1713 1717//1717 1547//1547 
f 1546//1546 1548//1548 1714//1714 
f 1714//1714 1548//1548 1718//1718 
f 1547//1547 1717//1717 1551//1551 
f 1717//1717 1721//1721 1551//1551 
f 1549//1549 1552//1552 1553//1553 
f 1549//1549 1554//1554 1550//1550 
f 1553//1553 1554//1554 1549//1549 
f 1550//1550 1554//1554 1722//1722 
f 1550//1550 1722//1722 1548//1548 
f 1548//1548 1722//1722 1718//1718 
f 1551//1551 1721//1721 1555//1555 
f 1721//1721 1725//1725 1555//1555 
f 1553//1553 1556//1556 1557//1557 
f 1552//1552 1556//1556 1553//1553 
f 1554//1554 1553//1553 1558//1558 
f 1558//1558 1553//1553 1557//1557 
f 1726//1726 1722//1722 1554//1554 
f 1558//1558 1726//1726 1554//1554 
f 1555//1555 1725//1725 1559//1559 
f 1725//1725 1729//1729 1559//1559 
f 1557//1557 1560//1560 1561//1561 
f 1556//1556 1560//1560 1557//1557 
f 1558//1558 1557//1557 1562//1562 
f 1562//1562 1557//1557 1561//1561 
f 1730//1730 1726//1726 1558//1558 
f 1562//1562 1730//1730 1558//1558 
f 1559//1559 1729//1729 1563//1563 
f 1729//1729 1735//1735 1563//1563 
f 1561//1561 1564//1564 1567//1567 
f 1560//1560 1564//1564 1561//1561 
f 1562//1562 1561//1561 1568//1568 
f 1568//1568 1561//1561 1567//1567 
f 1736//1736 1730//1730 1562//1562 
f 1568//1568 1736//1736 1562//1562 
f 1569//1569 1565//1565 1563//1563 
f 1569//1569 1563//1563 1743//1743 
f 1743//1743 1563//1563 1735//1735 
f 1565//1565 1570//1570 1566//1566 
f 1569//1569 1570//1570 1565//1565 
f 1566//1566 1570//1570 1744//1744 
f 1564//1564 1566//1566 1744//1744 
f 1564//1564 1744//1744 1737//1737 
f 1564//1564 1737//1737 1567//1567 
f 1568//1568 1567//1567 1737//1737 
f 1738//1738 1568//1568 1737//1737 
f 1736//1736 1568//1568 1738//1738 
f 1571//1571 1569//1569 1743//1743 
f 1753//1753 1571//1571 1743//1743 
f 1570//1570 1569//1569 1572//1572 
f 1572//1572 1569//1569 1571//1571 
f 1754//1754 1744//1744 1570//1570 
f 1572//1572 1754//1754 1570//1570 
f 1571//1571 1753//1753 1755//1755 
f 1572//1572 1571//1571 1755//1755 
f 1756//1756 1572//1572 1755//1755 
f 1754//1754 1572//1572 1756//1756 
f 1573//1573 1577//1577 1575//1575 
f 1573//1573 1574//1574 1578//1578 
f 1577//1577 1573//1573 1578//1578 
f 1574//1574 1576//1576 1578//1578 
f 1577//1577 1585//1585 1579//1579 
f 1575//1575 1577//1577 1579//1579 
f 1578//1578 1586//1586 1577//1577 
f 1586//1586 1585//1585 1577//1577 
f 1576//1576 1580//1580 1586//1586 
f 1578//1578 1576//1576 1586//1586 
f 1581//1581 1773//1773 1779//1779 
f 1587//1587 1581//1581 1779//1779 
f 1582//1582 1774//1774 1581//1581 
f 1581//1581 1774//1774 1773//1773 
f 1585//1585 1582//1582 1579//1579 
f 1585//1585 1775//1775 1582//1582 
f 1775//1775 1774//1774 1582//1582 
f 1586//1586 1775//1775 1585//1585 
f 1776//1776 1775//1775 1586//1586 
f 1580//1580 1776//1776 1586//1586 
f 1580//1580 1583//1583 1776//1776 
f 1583//1583 1777//1777 1776//1776 
f 1584//1584 1778//1778 1583//1583 
f 1583//1583 1778//1778 1777//1777 
f 1778//1778 1584//1584 1588//1588 
f 1780//1780 1778//1778 1588//1588 
f 1587//1587 1779//1779 1589//1589 
f 1779//1779 1787//1787 1589//1589 
f 1588//1588 1590//1590 1780//1780 
f 1780//1780 1590//1590 1788//1788 
f 1589//1589 1787//1787 1593//1593 
f 1787//1787 1797//1797 1593//1593 
f 1590//1590 1789//1789 1788//1788 
f 1591//1591 1789//1789 1590//1590 
f 1592//1592 1790//1790 1591//1591 
f 1591//1591 1790//1790 1789//1789 
f 1790//1790 1592//1592 1594//1594 
f 1798//1798 1790//1790 1594//1594 
f 1593//1593 1797//1797 1595//1595 
f 1797//1797 1801//1801 1595//1595 
f 1594//1594 1596//1596 1798//1798 
f 1798//1798 1596//1596 1802//1802 
f 1595//1595 1801//1801 1803//1803 
f 1597//1597 1595//1595 1803//1803 
f 1598//1598 1597//1597 1804//1804 
f 1597//1597 1803//1803 1804//1804 
f 1804//1804 1601//1601 1598//1598 
f 1807//1807 1601//1601 1804//1804 
f 1603//1603 1596//1596 1599//1599 
f 1603//1603 1808//1808 1596//1596 
f 1808//1808 1802//1802 1596//1596 
f 1599//1599 1600//1600 1604//1604 
f 1603//1603 1599//1599 1604//1604 
f 1600//1600 1602//1602 1604//1604 
f 1601//1601 1807//1807 1605//1605 
f 1807//1807 1811//1811 1605//1605 
f 1603//1603 1809//1809 1808//1808 
f 1604//1604 1809//1809 1603//1603 
f 1810//1810 1809//1809 1604//1604 
f 1810//1810 1604//1604 1602//1602 
f 1810//1810 1602//1602 1812//1812 
f 1812//1812 1602//1602 1606//1606 
f 1605//1605 1811//1811 1607//1607 
f 1811//1811 1815//1815 1607//1607 
f 1606//1606 1608//1608 1812//1812 
f 1812//1812 1608//1608 1816//1816 
f 1607//1607 1815//1815 1817//1817 
f 1609//1609 1607//1607 1817//1817 
f 1610//1610 1609//1609 1818//1818 
f 1609//1609 1817//1817 1818//1818 
f 1818//1818 1613//1613 1610//1610 
f 1823//1823 1613//1613 1818//1818 
f 1608//1608 1819//1819 1816//1816 
f 1611//1611 1819//1819 1608//1608 
f 1612//1612 1820//1820 1611//1611 
f 1611//1611 1820//1820 1819//1819 
f 1820//1820 1612//1612 1614//1614 
f 1824//1824 1820//1820 1614//1614 
f 1613//1613 1823//1823 1615//1615 
f 1823//1823 1829//1829 1615//1615 
f 1614//1614 1616//1616 1824//1824 
f 1824//1824 1616//1616 1830//1830 
f 1615//1615 1829//1829 1621//1621 
f 1829//1829 1835//1835 1621//1621 
f 1623//1623 1616//1616 1617//1617 
f 1623//1623 1836//1836 1616//1616 
f 1836//1836 1830//1830 1616//1616 
f 1617//1617 1618//1618 1624//1624 
f 1623//1623 1617//1617 1624//1624 
f 1618//1618 1619//1619 1625//1625 
f 1624//1624 1618//1618 1625//1625 
f 1619//1619 1620//1620 1626//1626 
f 1625//1625 1619//1619 1626//1626 
f 1620//1620 1622//1622 1626//1626 
f 1621//1621 1835//1835 1627//1627 
f 1835//1835 1837//1837 1627//1627 
f 1631//1631 1836//1836 1623//1623 
f 1838//1838 1836//1836 1631//1631 
f 1624//1624 1632//1632 1623//1623 
f 1632//1632 1631//1631 1623//1623 
f 1625//1625 1633//1633 1624//1624 
f 1633//1633 1632//1632 1624//1624 
f 1626//1626 1634//1634 1625//1625 
f 1634//1634 1633//1633 1625//1625 
f 1622//1622 1628//1628 1634//1634 
f 1626//1626 1622//1622 1634//1634 
f 1627//1627 1837//1837 1635//1635 
f 1837//1837 1841//1841 1635//1635 
f 1631//1631 1839//1839 1838//1838 
f 1632//1632 1839//1839 1631//1631 
f 1840//1840 1839//1839 1632//1632 
f 1840//1840 1637//1637 1842//1842 
f 1840//1840 1632//1632 1637//1637 
f 1632//1632 1633//1633 1637//1637 
f 1634//1634 1638//1638 1633//1633 
f 1638//1638 1637//1637 1633//1633 
f 1628//1628 1629//1629 1639//1639 
f 1628//1628 1639//1639 1634//1634 
f 1634//1634 1639//1639 1638//1638 
f 1629//1629 1630//1630 1640//1640 
f 1639//1639 1629//1629 1640//1640 
f 1630//1630 1636//1636 1640//1640 
f 1635//1635 1841//1841 1641//1641 
f 1841//1841 1845//1845 1641//1641 
f 1647//1647 1842//1842 1637//1637 
f 1846//1846 1842//1842 1647//1647 
f 1638//1638 1648//1648 1637//1637 
f 1648//1648 1647//1647 1637//1637 
f 1639//1639 1649//1649 1638//1638 
f 1649//1649 1648//1648 1638//1638 
f 1640//1640 1650//1650 1639//1639 
f 1650//1650 1649//1649 1639//1639 
f 1636//1636 1642//1642 1650//1650 
f 1640//1640 1636//1636 1650//1650 
f 1641//1641 1845//1845 1651//1651 
f 1845//1845 1849//1849 1651//1651 
f 1643//1643 1846//1846 1647//1647 
f 1643//1643 1652//1652 1846//1846 
f 1652//1652 1850//1850 1846//1846 
f 1644//1644 1643//1643 1647//1647 
f 1648//1648 1644//1644 1647//1647 
f 1645//1645 1644//1644 1648//1648 
f 1649//1649 1645//1645 1648//1648 
f 1646//1646 1645//1645 1649//1649 
f 1650//1650 1646//1646 1649//1649 
f 1642//1642 1646//1646 1650//1650 
f 1651//1651 1849//1849 1653//1653 
f 1849//1849 1853//1853 1653//1653 
f 1652//1652 1654//1654 1850//1850 
f 1850//1850 1654//1654 1854//1854 
f 1653//1653 1853//1853 1657//1657 
f 1853//1853 1857//1857 1657//1657 
f 1655//1655 1658//1658 1659//1659 
f 1655//1655 1660//1660 1656//1656 
f 1659//1659 1660//1660 1655//1655 
f 1656//1656 1660//1660 1858//1858 
f 1656//1656 1858//1858 1654//1654 
f 1654//1654 1858//1858 1854//1854 
f 1657//1657 1857//1857 1661//1661 
f 1857//1857 1861//1861 1661//1661 
f 1659//1659 1662//1662 1667//1667 
f 1658//1658 1662//1662 1659//1659 
f 1660//1660 1659//1659 1668//1668 
f 1668//1668 1659//1659 1667//1667 
f 1862//1862 1858//1858 1660//1660 
f 1668//1668 1862//1862 1660//1660 
f 1663//1663 1863//1863 1869//1869 
f 1669//1669 1663//1663 1869//1869 
f 1664//1664 1864//1864 1663//1663 
f 1663//1663 1864//1864 1863//1863 
f 1861//1861 1664//1664 1661//1661 
f 1864//1864 1664//1664 1861//1861 
f 1665//1665 1670//1670 1671//1671 
f 1665//1665 1672//1672 1666//1666 
f 1671//1671 1672//1672 1665//1665 
f 1666//1666 1672//1672 1870//1870 
f 1662//1662 1666//1666 1870//1870 
f 1662//1662 1870//1870 1865//1865 
f 1662//1662 1865//1865 1667//1667 
f 1668//1668 1667//1667 1865//1865 
f 1866//1866 1668//1668 1865//1865 
f 1862//1862 1668//1668 1866//1866 
f 1669//1669 1869//1869 1673//1673 
f 1869//1869 1873//1873 1673//1673 
f 1671//1671 1674//1674 1677//1677 
f 1670//1670 1674//1674 1671//1671 
f 1672//1672 1671//1671 1678//1678 
f 1678//1678 1671//1671 1677//1677 
f 1874//1874 1870//1870 1672//1672 
f 1678//1678 1874//1874 1672//1672 
f 1673//1673 1873//1873 1679//1679 
f 1873//1873 1879//1879 1679//1679 
f 1675//1675 1680//1680 1681//1681 
f 1675//1675 1682//1682 1676//1676 
f 1681//1681 1682//1682 1675//1675 
f 1676//1676 1682//1682 1880//1880 
f 1674//1674 1676//1676 1880//1880 
f 1674//1674 1880//1880 1875//1875 
f 1674//1674 1875//1875 1677//1677 
f 1678//1678 1677//1677 1875//1875 
f 1876//1876 1678//1678 1875//1875 
f 1874//1874 1678//1678 1876//1876 
f 1679//1679 1879//1879 1683//1683 
f 1879//1879 1883//1883 1683//1683 
f 1681//1681 1684//1684 1685//1685 
f 1680//1680 1684//1684 1681//1681 
f 1682//1682 1681//1681 1686//1686 
f 1686//1686 1681//1681 1685//1685 
f 1884//1884 1880//1880 1682//1682 
f 1686//1686 1884//1884 1682//1682 
f 1683//1683 1883//1883 1687//1687 
f 1883//1883 1887//1887 1687//1687 
f 1685//1685 1688//1688 1689//1689 
f 1684//1684 1688//1688 1685//1685 
f 1686//1686 1685//1685 1690//1690 
f 1690//1690 1685//1685 1689//1689 
f 1888//1888 1884//1884 1686//1686 
f 1690//1690 1888//1888 1686//1686 
f 1687//1687 1887//1887 1691//1691 
f 1887//1887 1891//1891 1691//1691 
f 1689//1689 1692//1692 1693//1693 
f 1688//1688 1692//1692 1689//1689 
f 1690//1690 1689//1689 1694//1694 
f 1694//1694 1689//1689 1693//1693 
f 1892//1892 1888//1888 1690//1690 
f 1694//1694 1892//1892 1690//1690 
f 1691//1691 1891//1891 1695//1695 
f 1891//1891 1897//1897 1695//1695 
f 1693//1693 1898//1898 1893//1893 
f 1693//1693 1692//1692 1898//1898 
f 1692//1692 1696//1696 1898//1898 
f 1694//1694 1693//1693 1893//1893 
f 1894//1894 1694//1694 1893//1893 
f 1892//1892 1694//1694 1894//1894 
f 1695//1695 1897//1897 1697//1697 
f 1897//1897 1901//1901 1697//1697 
f 1696//1696 1698//1698 1898//1898 
f 1898//1898 1698//1698 1902//1902 
f 1697//1697 1901//1901 1699//1699 
f 1901//1901 1905//1905 1699//1699 
f 1698//1698 1700//1700 1902//1902 
f 1902//1902 1700//1700 1906//1906 
f 1699//1699 1905//1905 1701//1701 
f 1905//1905 1909//1909 1701//1701 
f 1700//1700 1702//1702 1906//1906 
f 1906//1906 1702//1702 1910//1910 
f 1701//1701 1909//1909 1705//1705 
f 1909//1909 1913//1913 1705//1705 
f 1703//1703 1706//1706 1707//1707 
f 1703//1703 1708//1708 1704//1704 
f 1707//1707 1708//1708 1703//1703 
f 1704//1704 1708//1708 1914//1914 
f 1704//1704 1914//1914 1702//1702 
f 1702//1702 1914//1914 1910//1910 
f 1705//1705 1913//1913 1709//1709 
f 1913//1913 1917//1917 1709//1709 
f 1707//1707 1918//1918 1915//1915 
f 1707//1707 1706//1706 1918//1918 
f 1706//1706 1710//1710 1918//1918 
f 1708//1708 1707//1707 1915//1915 
f 1916//1916 1708//1708 1915//1915 
f 1914//1914 1708//1708 1916//1916 
f 1709//1709 1917//1917 1711//1711 
f 1917//1917 1923//1923 1711//1711 
f 1710//1710 1712//1712 1918//1918 
f 1918//1918 1712//1712 1924//1924 
f 1715//1715 1925//1925 1931//1931 
f 1715//1715 1716//1716 1926//1926 
f 1925//1925 1715//1715 1926//1926 
f 1716//1716 1923//1923 1926//1926 
f 1716//1716 1713//1713 1923//1923 
f 1713//1713 1711//1711 1923//1923 
f 1712//1712 1714//1714 1924//1924 
f 1924//1924 1714//1714 1932//1932 
f 1719//1719 1715//1715 1931//1931 
f 1935//1935 1719//1719 1931//1931 
f 1716//1716 1715//1715 1720//1720 
f 1720//1720 1715//1715 1719//1719 
f 1713//1713 1720//1720 1717//1717 
f 1716//1716 1720//1720 1713//1713 
f 1714//1714 1718//1718 1932//1932 
f 1932//1932 1718//1718 1936//1936 
f 1723//1723 1719//1719 1935//1935 
f 1939//1939 1723//1723 1935//1935 
f 1720//1720 1719//1719 1724//1724 
f 1724//1724 1719//1719 1723//1723 
f 1717//1717 1724//1724 1721//1721 
f 1720//1720 1724//1724 1717//1717 
f 1718//1718 1722//1722 1936//1936 
f 1936//1936 1722//1722 1940//1940 
f 1727//1727 1723//1723 1939//1939 
f 1943//1943 1727//1727 1939//1939 
f 1724//1724 1723//1723 1728//1728 
f 1728//1728 1723//1723 1727//1727 
f 1721//1721 1728//1728 1725//1725 
f 1724//1724 1728//1728 1721//1721 
f 1722//1722 1726//1726 1940//1940 
f 1940//1940 1726//1726 1944//1944 
f 1731//1731 1727//1727 1943//1943 
f 1949//1949 1731//1731 1943//1943 
f 1728//1728 1727//1727 1732//1732 
f 1732//1732 1727//1727 1731//1731 
f 1725//1725 1732//1732 1729//1729 
f 1728//1728 1732//1732 1725//1725 
f 1945//1945 1730//1730 1733//1733 
f 1945//1945 1944//1944 1730//1730 
f 1944//1944 1726//1726 1730//1730 
f 1733//1733 1734//1734 1946//1946 
f 1945//1945 1733//1733 1946//1946 
f 1946//1946 1734//1734 1950//1950 
f 1739//1739 1731//1731 1949//1949 
f 1953//1953 1739//1739 1949//1949 
f 1732//1732 1731//1731 1740//1740 
f 1740//1740 1731//1731 1739//1739 
f 1729//1729 1740//1740 1735//1735 
f 1732//1732 1740//1740 1729//1729 
f 1733//1733 1736//1736 1741//1741 
f 1730//1730 1736//1736 1733//1733 
f 1734//1734 1733//1733 1742//1742 
f 1742//1742 1733//1733 1741//1741 
f 1954//1954 1950//1950 1734//1734 
f 1742//1742 1954//1954 1734//1734 
f 1745//1745 1739//1739 1953//1953 
f 1959//1959 1745//1745 1953//1953 
f 1740//1740 1739//1739 1746//1746 
f 1746//1746 1739//1739 1745//1745 
f 1735//1735 1746//1746 1743//1743 
f 1740//1740 1746//1746 1735//1735 
f 1737//1737 1744//1744 1747//1747 
f 1737//1737 1748//1748 1738//1738 
f 1747//1747 1748//1748 1737//1737 
f 1738//1738 1741//1741 1736//1736 
f 1738//1738 1748//1748 1741//1741 
f 1748//1748 1749//1749 1741//1741 
f 1742//1742 1741//1741 1750//1750 
f 1750//1750 1741//1741 1749//1749 
f 1955//1955 1954//1954 1742//1742 
f 1955//1955 1742//1742 1751//1751 
f 1751//1751 1742//1742 1750//1750 
f 1751//1751 1752//1752 1956//1956 
f 1955//1955 1751//1751 1956//1956 
f 1956//1956 1752//1752 1960//1960 
f 1757//1757 1745//1745 1959//1959 
f 1961//1961 1757//1757 1959//1959 
f 1746//1746 1745//1745 1758//1758 
f 1758//1758 1745//1745 1757//1757 
f 1743//1743 1758//1758 1753//1753 
f 1746//1746 1758//1758 1743//1743 
f 1747//1747 1754//1754 1759//1759 
f 1744//1744 1754//1754 1747//1747 
f 1748//1748 1747//1747 1760//1760 
f 1760//1760 1747//1747 1759//1759 
f 1749//1749 1748//1748 1761//1761 
f 1761//1761 1748//1748 1760//1760 
f 1750//1750 1749//1749 1762//1762 
f 1762//1762 1749//1749 1761//1761 
f 1751//1751 1750//1750 1763//1763 
f 1763//1763 1750//1750 1762//1762 
f 1752//1752 1751//1751 1764//1764 
f 1764//1764 1751//1751 1763//1763 
f 1962//1962 1960//1960 1752//1752 
f 1764//1764 1962//1962 1752//1752 
f 1757//1757 1961//1961 1963//1963 
f 1758//1758 1757//1757 1963//1963 
f 1964//1964 1758//1758 1963//1963 
f 1765//1765 1964//1964 1969//1969 
f 1755//1755 1964//1964 1765//1765 
f 1755//1755 1758//1758 1964//1964 
f 1755//1755 1753//1753 1758//1758 
f 1755//1755 1766//1766 1756//1756 
f 1765//1765 1766//1766 1755//1755 
f 1756//1756 1759//1759 1754//1754 
f 1756//1756 1766//1766 1759//1759 
f 1766//1766 1767//1767 1759//1759 
f 1760//1760 1759//1759 1768//1768 
f 1768//1768 1759//1759 1767//1767 
f 1970//1970 1965//1965 1761//1761 
f 1970//1970 1761//1761 1768//1768 
f 1768//1768 1761//1761 1760//1760 
f 1762//1762 1761//1761 1965//1965 
f 1966//1966 1762//1762 1965//1965 
f 1763//1763 1762//1762 1966//1966 
f 1967//1967 1763//1763 1966//1966 
f 1764//1764 1763//1763 1967//1967 
f 1968//1968 1764//1764 1967//1967 
f 1962//1962 1764//1764 1968//1968 
f 1769//1769 1765//1765 1969//1969 
f 1973//1973 1769//1769 1969//1969 
f 1766//1766 1765//1765 1770//1770 
f 1770//1770 1765//1765 1769//1769 
f 1767//1767 1766//1766 1771//1771 
f 1771//1771 1766//1766 1770//1770 
f 1768//1768 1767//1767 1772//1772 
f 1772//1772 1767//1767 1771//1771 
f 1974//1974 1970//1970 1768//1768 
f 1772//1772 1974//1974 1768//1768 
f 1769//1769 1973//1973 1975//1975 
f 1770//1770 1769//1769 1975//1975 
f 1976//1976 1770//1770 1975//1975 
f 1771//1771 1770//1770 1976//1976 
f 1977//1977 1771//1771 1976//1976 
f 1772//1772 1771//1771 1977//1977 
f 1978//1978 1772//1772 1977//1977 
f 1974//1974 1772//1772 1978//1978 
f 1773//1773 1781//1781 1779//1779 
f 1773//1773 1774//1774 1782//1782 
f 1781//1781 1773//1773 1782//1782 
f 1774//1774 1775//1775 1783//1783 
f 1782//1782 1774//1774 1783//1783 
f 1775//1775 1776//1776 1784//1784 
f 1783//1783 1775//1775 1784//1784 
f 1776//1776 1777//1777 1785//1785 
f 1784//1784 1776//1776 1785//1785 
f 1777//1777 1778//1778 1786//1786 
f 1785//1785 1777//1777 1786//1786 
f 1778//1778 1780//1780 1786//1786 
f 1781//1781 1791//1791 1787//1787 
f 1779//1779 1781//1781 1787//1787 
f 1782//1782 1792//1792 1781//1781 
f 1792//1792 1791//1791 1781//1781 
f 1783//1783 1793//1793 1782//1782 
f 1793//1793 1792//1792 1782//1782 
f 1784//1784 1794//1794 1783//1783 
f 1794//1794 1793//1793 1783//1783 
f 1785//1785 1795//1795 1784//1784 
f 1795//1795 1794//1794 1784//1784 
f 1786//1786 1796//1796 1785//1785 
f 1796//1796 1795//1795 1785//1785 
f 1780//1780 1788//1788 1796//1796 
f 1786//1786 1780//1780 1796//1796 
f 1791//1791 1981//1981 1987//1987 
f 1791//1791 1987//1987 1787//1787 
f 1787//1787 1987//1987 1797//1797 
f 1792//1792 1981//1981 1791//1791 
f 1982//1982 1981//1981 1792//1792 
f 1793//1793 1982//1982 1792//1792 
f 1983//1983 1982//1982 1793//1793 
f 1794//1794 1983//1983 1793//1793 
f 1984//1984 1983//1983 1794//1794 
f 1795//1795 1984//1984 1794//1794 
f 1985//1985 1984//1984 1795//1795 
f 1796//1796 1985//1985 1795//1795 
f 1986//1986 1985//1985 1796//1796 
f 1799//1799 1988//1988 1986//1986 
f 1789//1789 1799//1799 1986//1986 
f 1789//1789 1986//1986 1796//1796 
f 1789//1789 1796//1796 1788//1788 
f 1789//1789 1790//1790 1800//1800 
f 1799//1799 1789//1789 1800//1800 
f 1790//1790 1798//1798 1800//1800 
f 1797//1797 1987//1987 1801//1801 
f 1987//1987 1993//1993 1801//1801 
f 1805//1805 1988//1988 1799//1799 
f 1994//1994 1988//1988 1805//1805 
f 1800//1800 1806//1806 1799//1799 
f 1806//1806 1805//1805 1799//1799 
f 1798//1798 1802//1802 1806//1806 
f 1800//1800 1798//1798 1806//1806 
f 1801//1801 1993//1993 1995//1995 
f 1803//1803 1801//1801 1995//1995 
f 1804//1804 1803//1803 1996//1996 
f 1803//1803 1995//1995 1996//1996 
f 1996//1996 1807//1807 1804//1804 
f 2003//2003 1807//1807 1996//1996 
f 1805//1805 1997//1997 1994//1994 
f 1806//1806 1997//1997 1805//1805 
f 1998//1998 1997//1997 1806//1806 
f 1998//1998 1806//1806 1802//1802 
f 1998//1998 1802//1802 2004//2004 
f 2004//2004 1802//1802 1808//1808 
f 1807//1807 2003//2003 1811//1811 
f 2003//2003 2007//2007 1811//1811 
f 1813//1813 1808//1808 1809//1809 
f 1813//1813 2008//2008 1808//1808 
f 2008//2008 2004//2004 1808//1808 
f 1809//1809 1810//1810 1814//1814 
f 1813//1813 1809//1809 1814//1814 
f 1810//1810 1812//1812 1814//1814 
f 1811//1811 2007//2007 1815//1815 
f 2007//2007 2009//2009 1815//1815 
f 1821//1821 2008//2008 1813//1813 
f 2010//2010 2008//2008 1821//1821 
f 1814//1814 1822//1822 1813//1813 
f 1822//1822 1821//1821 1813//1813 
f 1812//1812 1816//1816 1822//1822 
f 1814//1814 1812//1812 1822//1822 
f 1825//1825 1817//1817 1815//1815 
f 1825//1825 1815//1815 2013//2013 
f 2013//2013 1815//1815 2009//2009 
f 1817//1817 1826//1826 1818//1818 
f 1825//1825 1826//1826 1817//1817 
f 1818//1818 1826//1826 1823//1823 
f 1821//1821 2011//2011 2010//2010 
f 1822//1822 2011//2011 1821//1821 
f 2012//2012 2011//2011 1822//1822 
f 1827//1827 2014//2014 2012//2012 
f 1819//1819 1827//1827 2012//2012 
f 1819//1819 2012//2012 1822//1822 
f 1819//1819 1822//1822 1816//1816 
f 1819//1819 1820//1820 1828//1828 
f 1827//1827 1819//1819 1828//1828 
f 1820//1820 1824//1824 1828//1828 
f 1831//1831 1825//1825 2013//2013 
f 2017//2017 1831//1831 2013//2013 
f 1826//1826 1825//1825 1832//1832 
f 1832//1832 1825//1825 1831//1831 
f 1823//1823 1832//1832 1829//1829 
f 1826//1826 1832//1832 1823//1823 
f 1833//1833 2014//2014 1827//1827 
f 2018//2018 2014//2014 1833//1833 
f 1828//1828 1834//1834 1827//1827 
f 1834//1834 1833//1833 1827//1827 
f 1824//1824 1830//1830 1834//1834 
f 1828//1828 1824//1824 1834//1834 
f 1831//1831 2017//2017 2019//2019 
f 1832//1832 1831//1831 2019//2019 
f 2020//2020 1832//1832 2019//2019 
f 2020//2020 1829//1829 1832//1832 
f 2020//2020 2025//2025 1829//1829 
f 2025//2025 1835//1835 1829//1829 
f 1833//1833 2021//2021 2018//2018 
f 1834//1834 2021//2021 1833//1833 
f 2022//2022 2021//2021 1834//1834 
f 2022//2022 1834//1834 1830//1830 
f 2022//2022 1830//1830 2026//2026 
f 2026//2026 1830//1830 1836//1836 
f 1835//1835 2025//2025 1837//1837 
f 2025//2025 2031//2031 1837//1837 
f 1836//1836 1838//1838 2026//2026 
f 2026//2026 1838//1838 2032//2032 
f 1837//1837 2031//2031 1841//1841 
f 2031//2031 2037//2037 1841//1841 
f 1843//1843 1838//1838 1839//1839 
f 1843//1843 2038//2038 1838//1838 
f 2038//2038 2032//2032 1838//1838 
f 1839//1839 1840//1840 1844//1844 
f 1843//1843 1839//1839 1844//1844 
f 1840//1840 1842//1842 1844//1844 
f 1841//1841 2037//2037 1845//1845 
f 2037//2037 2041//2041 1845//1845 
f 1847//1847 2038//2038 1843//1843 
f 2042//2042 2038//2038 1847//1847 
f 1844//1844 1848//1848 1843//1843 
f 1848//1848 1847//1847 1843//1843 
f 1842//1842 1846//1846 1848//1848 
f 1844//1844 1842//1842 1848//1848 
f 1845//1845 2041//2041 1849//1849 
f 2041//2041 2045//2045 1849//1849 
f 1851//1851 2042//2042 1847//1847 
f 2046//2046 2042//2042 1851//1851 
f 1848//1848 1852//1852 1847//1847 
f 1852//1852 1851//1851 1847//1847 
f 1846//1846 1850//1850 1852//1852 
f 1848//1848 1846//1846 1852//1852 
f 1849//1849 2045//2045 1853//1853 
f 2045//2045 2049//2049 1853//1853 
f 1855//1855 2046//2046 1851//1851 
f 2050//2050 2046//2046 1855//1855 
f 1852//1852 1856//1856 1851//1851 
f 1856//1856 1855//1855 1851//1851 
f 1850//1850 1854//1854 1856//1856 
f 1852//1852 1850//1850 1856//1856 
f 1853//1853 2049//2049 1857//1857 
f 2049//2049 2053//2053 1857//1857 
f 1859//1859 2050//2050 1855//1855 
f 2054//2054 2050//2050 1859//1859 
f 1856//1856 1860//1860 1855//1855 
f 1860//1860 1859//1859 1855//1855 
f 1854//1854 1858//1858 1860//1860 
f 1856//1856 1854//1854 1860//1860 
f 1857//1857 2053//2053 1861//1861 
f 2053//2053 2057//2057 1861//1861 
f 1867//1867 2054//2054 1859//1859 
f 2058//2058 2054//2054 1867//1867 
f 1860//1860 1868//1868 1859//1859 
f 1868//1868 1867//1867 1859//1859 
f 1858//1858 1862//1862 1868//1868 
f 1860//1860 1858//1858 1868//1868 
f 1863//1863 1871//1871 1869//1869 
f 1863//1863 1864//1864 1872//1872 
f 1871//1871 1863//1863 1872//1872 
f 1864//1864 2061//2061 1872//1872 
f 1864//1864 1861//1861 2061//2061 
f 1861//1861 2057//2057 2061//2061 
f 1865//1865 2058//2058 1867//1867 
f 1865//1865 1870//1870 2058//2058 
f 1870//1870 2062//2062 2058//2058 
f 1866//1866 1865//1865 1867//1867 
f 1868//1868 1866//1866 1867//1867 
f 1862//1862 1866//1866 1868//1868 
f 1871//1871 1877//1877 1873//1873 
f 1869//1869 1871//1871 1873//1873 
f 1872//1872 1878//1878 1871//1871 
f 1878//1878 1877//1877 1871//1871 
f 2065//2065 1872//1872 2061//2061 
f 1878//1878 1872//1872 2065//2065 
f 1870//1870 1874//1874 2062//2062 
f 2062//2062 1874//1874 2066//2066 
f 1877//1877 2067//2067 2071//2071 
f 1877//1877 2071//2071 1873//1873 
f 1873//1873 2071//2071 1879//1879 
f 1878//1878 2067//2067 1877//1877 
f 2068//2068 2067//2067 1878//1878 
f 2065//2065 2068//2068 1878//1878 
f 1875//1875 1880//1880 1881//1881 
f 1875//1875 1882//1882 1876//1876 
f 1881//1881 1882//1882 1875//1875 
f 1876//1876 1882//1882 2072//2072 
f 1876//1876 2072//2072 1874//1874 
f 1874//1874 2072//2072 2066//2066 
f 1879//1879 2071//2071 1883//1883 
f 2071//2071 2075//2075 1883//1883 
f 1881//1881 1884//1884 1885//1885 
f 1880//1880 1884//1884 1881//1881 
f 1882//1882 1881//1881 1886//1886 
f 1886//1886 1881//1881 1885//1885 
f 2076//2076 2072//2072 1882//1882 
f 1886//1886 2076//2076 1882//1882 
f 1883//1883 2075//2075 1887//1887 
f 2075//2075 2079//2079 1887//1887 
f 1885//1885 1888//1888 1889//1889 
f 1884//1884 1888//1888 1885//1885 
f 1886//1886 1885//1885 1890//1890 
f 1890//1890 1885//1885 1889//1889 
f 2080//2080 2076//2076 1886//1886 
f 1890//1890 2080//2080 1886//1886 
f 1887//1887 2079//2079 1891//1891 
f 2079//2079 2083//2083 1891//1891 
f 1889//1889 1892//1892 1895//1895 
f 1888//1888 1892//1892 1889//1889 
f 1890//1890 1889//1889 1896//1896 
f 1896//1896 1889//1889 1895//1895 
f 2084//2084 2080//2080 1890//1890 
f 1896//1896 2084//2084 1890//1890 
f 1891//1891 2083//2083 1897//1897 
f 2083//2083 2089//2089 1897//1897 
f 1893//1893 1898//1898 1899//1899 
f 1893//1893 1900//1900 1894//1894 
f 1899//1899 1900//1900 1893//1893 
f 1894//1894 1900//1900 2090//2090 
f 1892//1892 1894//1894 2090//2090 
f 1892//1892 2090//2090 2085//2085 
f 1892//1892 2085//2085 1895//1895 
f 1896//1896 1895//1895 2085//2085 
f 2086//2086 1896//1896 2085//2085 
f 2084//2084 1896//1896 2086//2086 
f 1897//1897 2089//2089 1901//1901 
f 2089//2089 2091//2091 1901//1901 
f 1899//1899 1902//1902 1903//1903 
f 1898//1898 1902//1902 1899//1899 
f 1900//1900 1899//1899 1904//1904 
f 1904//1904 1899//1899 1903//1903 
f 2092//2092 2090//2090 1900//1900 
f 1904//1904 2092//2092 1900//1900 
f 1901//1901 2091//2091 1905//1905 
f 2091//2091 2093//2093 1905//1905 
f 1903//1903 1906//1906 1907//1907 
f 1902//1902 1906//1906 1903//1903 
f 1904//1904 1903//1903 1908//1908 
f 1908//1908 1903//1903 1907//1907 
f 2094//2094 2092//2092 1904//1904 
f 1908//1908 2094//2094 1904//1904 
f 1905//1905 2093//2093 1909//1909 
f 2093//2093 2095//2095 1909//1909 
f 1907//1907 1910//1910 1911//1911 
f 1906//1906 1910//1910 1907//1907 
f 1908//1908 1907//1907 1912//1912 
f 1912//1912 1907//1907 1911//1911 
f 2096//2096 2094//2094 1908//1908 
f 1912//1912 2096//2096 1908//1908 
f 1909//1909 2095//2095 1913//1913 
f 2095//2095 2099//2099 1913//1913 
f 1911//1911 2100//2100 2097//2097 
f 1911//1911 1910//1910 2100//2100 
f 1910//1910 1914//1914 2100//2100 
f 1912//1912 1911//1911 2097//2097 
f 2098//2098 1912//1912 2097//2097 
f 2096//2096 1912//1912 2098//2098 
f 1919//1919 2101//2101 2105//2105 
f 1919//1919 1920//1920 2102//2102 
f 2101//2101 1919//1919 2102//2102 
f 1920//1920 2099//2099 2102//2102 
f 1920//1920 1917//1917 2099//2099 
f 1917//1917 1913//1913 2099//2099 
f 1915//1915 1918//1918 1921//1921 
f 1915//1915 1922//1922 1916//1916 
f 1921//1921 1922//1922 1915//1915 
f 1916//1916 1922//1922 2106//2106 
f 1916//1916 2106//2106 1914//1914 
f 1914//1914 2106//2106 2100//2100 
f 1927//1927 1919//1919 2105//2105 
f 2107//2107 1927//1927 2105//2105 
f 1920//1920 1919//1919 1928//1928 
f 1928//1928 1919//1919 1927//1927 
f 1917//1917 1928//1928 1923//1923 
f 1920//1920 1928//1928 1917//1917 
f 1921//1921 1924//1924 1929//1929 
f 1918//1918 1924//1924 1921//1921 
f 1922//1922 1921//1921 1930//1930 
f 1930//1930 1921//1921 1929//1929 
f 2108//2108 2106//2106 1922//1922 
f 1930//1930 2108//2108 1922//1922 
f 1925//1925 1927//1927 2107//2107 
f 1925//1925 2107//2107 1931//1931 
f 1931//1931 2107//2107 2109//2109 
f 1926//1926 1927//1927 1925//1925 
f 1928//1928 1927//1927 1926//1926 
f 1923//1923 1928//1928 1926//1926 
f 1929//1929 1932//1932 1933//1933 
f 1924//1924 1932//1932 1929//1929 
f 1930//1930 1929//1929 1934//1934 
f 1934//1934 1929//1929 1933//1933 
f 2110//2110 2108//2108 1930//1930 
f 1934//1934 2110//2110 1930//1930 
f 1931//1931 2109//2109 1935//1935 
f 2109//2109 2111//2111 1935//1935 
f 1933//1933 1936//1936 1937//1937 
f 1932//1932 1936//1936 1933//1933 
f 1934//1934 1933//1933 1938//1938 
f 1938//1938 1933//1933 1937//1937 
f 2112//2112 2110//2110 1934//1934 
f 1938//1938 2112//2112 1934//1934 
f 1935//1935 2111//2111 1939//1939 
f 2111//2111 2113//2113 1939//1939 
f 1937//1937 1940//1940 1941//1941 
f 1936//1936 1940//1940 1937//1937 
f 1938//1938 1937//1937 1942//1942 
f 1942//1942 1937//1937 1941//1941 
f 2114//2114 2112//2112 1938//1938 
f 1942//1942 2114//2114 1938//1938 
f 1939//1939 2113//2113 1943//1943 
f 2113//2113 2115//2115 1943//1943 
f 1941//1941 1944//1944 1947//1947 
f 1940//1940 1944//1944 1941//1941 
f 1942//1942 1941//1941 1948//1948 
f 1948//1948 1941//1941 1947//1947 
f 2116//2116 2114//2114 1942//1942 
f 1948//1948 2116//2116 1942//1942 
f 1943//1943 2115//2115 1949//1949 
f 2115//2115 2119//2119 1949//1949 
f 1944//1944 1945//1945 1947//1947 
f 1946//1946 1947//1947 1945//1945 
f 1948//1948 1947//1947 1946//1946 
f 1950//1950 1951//1951 2117//2117 
f 1946//1946 1950//1950 2117//2117 
f 1946//1946 2117//2117 2116//2116 
f 1946//1946 2116//2116 1948//1948 
f 1951//1951 1952//1952 2118//2118 
f 2117//2117 1951//1951 2118//2118 
f 2118//2118 1952//1952 2120//2120 
f 1949//1949 2119//2119 1953//1953 
f 2119//2119 2123//2123 1953//1953 
f 1951//1951 1954//1954 1957//1957 
f 1950//1950 1954//1954 1951//1951 
f 1952//1952 1951//1951 1958//1958 
f 1958//1958 1951//1951 1957//1957 
f 2124//2124 2120//2120 1952//1952 
f 1958//1958 2124//2124 1952//1952 
f 1953//1953 2123//2123 1959//1959 
f 2123//2123 2127//2127 1959//1959 
f 1954//1954 1955//1955 1957//1957 
f 1956//1956 1957//1957 1955//1955 
f 1958//1958 1957//1957 1956//1956 
f 1958//1958 1956//1956 1960//1960 
f 1958//1958 1960//1960 2124//2124 
f 2124//2124 1960//1960 2128//2128 
f 1959//1959 2127//2127 1961//1961 
f 2127//2127 2133//2133 1961//1961 
f 1960//1960 1962//1962 2128//2128 
f 2128//2128 1962//1962 2134//2134 
f 1961//1961 2133//2133 2135//2135 
f 1963//1963 1961//1961 2135//2135 
f 1964//1964 1963//1963 2136//2136 
f 1963//1963 2135//2135 2136//2136 
f 2136//2136 1969//1969 1964//1964 
f 2143//2143 1969//1969 2136//2136 
f 1965//1965 1970//1970 1971//1971 
f 1965//1965 1972//1972 1966//1966 
f 1971//1971 1972//1972 1965//1965 
f 2144//2144 1966//1966 1972//1972 
f 2144//2144 2137//2137 1966//1966 
f 2137//2137 1967//1967 1966//1966 
f 1968//1968 1967//1967 2138//2138 
f 1967//1967 2137//2137 2138//2138 
f 2134//2134 1962//1962 1968//1968 
f 2138//2138 2134//2134 1968//1968 
f 1969//1969 2143//2143 1973//1973 
f 2143//2143 2147//2147 1973//1973 
f 1971//1971 1974//1974 1979//1979 
f 1970//1970 1974//1974 1971//1971 
f 1972//1972 1971//1971 1980//1980 
f 1980//1980 1971//1971 1979//1979 
f 2148//2148 2144//2144 1972//1972 
f 1980//1980 2148//2148 1972//1972 
f 1973//1973 2147//2147 2149//2149 
f 1975//1975 1973//1973 2149//2149 
f 1976//1976 1975//1975 2150//2150 
f 1975//1975 2149//2149 2150//2150 
f 1977//1977 1976//1976 2151//2151 
f 1976//1976 2150//2150 2151//2151 
f 1978//1978 1977//1977 2152//2152 
f 1977//1977 2151//2151 2152//2152 
f 1979//1979 1974//1974 1978//1978 
f 1979//1979 1978//1978 2153//2153 
f 2153//2153 1978//1978 2152//2152 
f 1980//1980 1979//1979 2153//2153 
f 2154//2154 1980//1980 2153//2153 
f 2148//2148 1980//1980 2154//2154 
f 1981//1981 1989//1989 1987//1987 
f 1981//1981 1982//1982 1990//1990 
f 1989//1989 1981//1981 1990//1990 
f 2159//2159 1990//1990 1982//1982 
f 2159//2159 1982//1982 2157//2157 
f 2157//2157 1982//1982 1983//1983 
f 1984//1984 2158//2158 1983//1983 
f 1983//1983 2158//2158 2157//2157 
f 1991//1991 2160//2160 2158//2158 
f 1991//1991 2158//2158 1985//1985 
f 1985//1985 2158//2158 1984//1984 
f 1985//1985 1986//1986 1992//1992 
f 1991//1991 1985//1985 1992//1992 
f 1986//1986 1988//1988 1992//1992 
f 1989//1989 1999//1999 1993//1993 
f 1987//1987 1989//1989 1993//1993 
f 1990//1990 2000//2000 1989//1989 
f 2000//2000 1999//1999 1989//1989 
f 2161//2161 1990//1990 2159//2159 
f 2000//2000 1990//1990 2161//2161 
f 2001//2001 2160//2160 1991//1991 
f 2162//2162 2160//2160 2001//2001 
f 1992//1992 2002//2002 1991//1991 
f 2002//2002 2001//2001 1991//1991 
f 1988//1988 1994//1994 2002//2002 
f 1992//1992 1988//1988 2002//2002 
f 1993//1993 1999//1999 1995//1995 
f 1996//1996 1995//1995 1999//1999 
f 2000//2000 1996//1996 1999//1999 
f 2000//2000 2003//2003 1996//1996 
f 2000//2000 2161//2161 2003//2003 
f 2161//2161 2165//2165 2003//2003 
f 2001//2001 2163//2163 2162//2162 
f 2002//2002 2163//2163 2001//2001 
f 2164//2164 2163//2163 2002//2002 
f 2005//2005 2166//2166 2164//2164 
f 1997//1997 2005//2005 2164//2164 
f 1997//1997 2164//2164 2002//2002 
f 1997//1997 2002//2002 1994//1994 
f 1997//1997 1998//1998 2006//2006 
f 2005//2005 1997//1997 2006//2006 
f 1998//1998 2004//2004 2006//2006 
f 2003//2003 2165//2165 2007//2007 
f 2165//2165 2169//2169 2007//2007 
f 2005//2005 2167//2167 2166//2166 
f 2006//2006 2167//2167 2005//2005 
f 2168//2168 2167//2167 2006//2006 
f 2168//2168 2006//2006 2004//2004 
f 2168//2168 2004//2004 2170//2170 
f 2170//2170 2004//2004 2008//2008 
f 2007//2007 2169//2169 2009//2009 
f 2169//2169 2171//2171 2009//2009 
f 2008//2008 2010//2010 2170//2170 
f 2170//2170 2010//2010 2172//2172 
f 2009//2009 2171//2171 2013//2013 
f 2171//2171 2173//2173 2013//2013 
f 2015//2015 2010//2010 2011//2011 
f 2015//2015 2174//2174 2010//2010 
f 2174//2174 2172//2172 2010//2010 
f 2011//2011 2012//2012 2016//2016 
f 2015//2015 2011//2011 2016//2016 
f 2012//2012 2014//2014 2016//2016 
f 2013//2013 2173//2173 2017//2017 
f 2173//2173 2175//2175 2017//2017 
f 2023//2023 2174//2174 2015//2015 
f 2176//2176 2174//2174 2023//2023 
f 2016//2016 2024//2024 2015//2015 
f 2024//2024 2023//2023 2015//2015 
f 2014//2014 2018//2018 2024//2024 
f 2016//2016 2014//2014 2024//2024 
f 2027//2027 2019//2019 2017//2017 
f 2027//2027 2017//2017 2179//2179 
f 2179//2179 2017//2017 2175//2175 
f 2019//2019 2028//2028 2020//2020 
f 2027//2027 2028//2028 2019//2019 
f 2020//2020 2028//2028 2025//2025 
f 2023//2023 2177//2177 2176//2176 
f 2024//2024 2177//2177 2023//2023 
f 2178//2178 2177//2177 2024//2024 
f 2029//2029 2180//2180 2178//2178 
f 2021//2021 2029//2029 2178//2178 
f 2021//2021 2178//2178 2024//2024 
f 2021//2021 2024//2024 2018//2018 
f 2021//2021 2022//2022 2030//2030 
f 2029//2029 2021//2021 2030//2030 
f 2022//2022 2026//2026 2030//2030 
f 2033//2033 2027//2027 2179//2179 
f 2181//2181 2033//2033 2179//2179 
f 2028//2028 2027//2027 2034//2034 
f 2034//2034 2027//2027 2033//2033 
f 2025//2025 2034//2034 2031//2031 
f 2028//2028 2034//2034 2025//2025 
f 2035//2035 2180//2180 2029//2029 
f 2182//2182 2180//2180 2035//2035 
f 2030//2030 2036//2036 2029//2029 
f 2036//2036 2035//2035 2029//2029 
f 2026//2026 2032//2032 2036//2036 
f 2030//2030 2026//2026 2036//2036 
f 2033//2033 2181//2181 2183//2183 
f 2034//2034 2033//2033 2183//2183 
f 2184//2184 2034//2034 2183//2183 
f 2184//2184 2031//2031 2034//2034 
f 2184//2184 2185//2185 2031//2031 
f 2185//2185 2037//2037 2031//2031 
f 2039//2039 2182//2182 2035//2035 
f 2186//2186 2182//2182 2039//2039 
f 2036//2036 2040//2040 2035//2035 
f 2040//2040 2039//2039 2035//2035 
f 2032//2032 2038//2038 2040//2040 
f 2036//2036 2032//2032 2040//2040 
f 2037//2037 2185//2185 2041//2041 
f 2185//2185 2187//2187 2041//2041 
f 2043//2043 2186//2186 2039//2039 
f 2188//2188 2186//2186 2043//2043 
f 2040//2040 2044//2044 2039//2039 
f 2044//2044 2043//2043 2039//2039 
f 2038//2038 2042//2042 2044//2044 
f 2040//2040 2038//2038 2044//2044 
f 2041//2041 2187//2187 2045//2045 
f 2187//2187 2189//2189 2045//2045 
f 2047//2047 2188//2188 2043//2043 
f 2190//2190 2188//2188 2047//2047 
f 2044//2044 2048//2048 2043//2043 
f 2048//2048 2047//2047 2043//2043 
f 2042//2042 2046//2046 2048//2048 
f 2044//2044 2042//2042 2048//2048 
f 2045//2045 2189//2189 2049//2049 
f 2189//2189 2191//2191 2049//2049 
f 2051//2051 2190//2190 2047//2047 
f 2192//2192 2190//2190 2051//2051 
f 2048//2048 2052//2052 2047//2047 
f 2052//2052 2051//2051 2047//2047 
f 2046//2046 2050//2050 2052//2052 
f 2048//2048 2046//2046 2052//2052 
f 2049//2049 2191//2191 2053//2053 
f 2191//2191 2193//2193 2053//2053 
f 2055//2055 2192//2192 2051//2051 
f 2194//2194 2192//2192 2055//2055 
f 2052//2052 2056//2056 2051//2051 
f 2056//2056 2055//2055 2051//2051 
f 2050//2050 2054//2054 2056//2056 
f 2052//2052 2050//2050 2056//2056 
f 2053//2053 2193//2193 2057//2057 
f 2193//2193 2195//2195 2057//2057 
f 2059//2059 2194//2194 2055//2055 
f 2196//2196 2194//2194 2059//2059 
f 2056//2056 2060//2060 2055//2055 
f 2060//2060 2059//2059 2055//2055 
f 2054//2054 2058//2058 2060//2060 
f 2056//2056 2054//2054 2060//2060 
f 2057//2057 2195//2195 2061//2061 
f 2195//2195 2197//2197 2061//2061 
f 2063//2063 2196//2196 2059//2059 
f 2198//2198 2196//2196 2063//2063 
f 2060//2060 2064//2064 2059//2059 
f 2064//2064 2063//2063 2059//2059 
f 2058//2058 2062//2062 2064//2064 
f 2060//2060 2058//2058 2064//2064 
f 2061//2061 2197//2197 2065//2065 
f 2197//2197 2199//2199 2065//2065 
f 2069//2069 2198//2198 2063//2063 
f 2200//2200 2198//2198 2069//2069 
f 2064//2064 2070//2070 2063//2063 
f 2070//2070 2069//2069 2063//2063 
f 2062//2062 2066//2066 2070//2070 
f 2064//2064 2062//2062 2070//2070 
f 2067//2067 2201//2201 2203//2203 
f 2071//2071 2067//2067 2203//2203 
f 2068//2068 2202//2202 2067//2067 
f 2067//2067 2202//2202 2201//2201 
f 2199//2199 2068//2068 2065//2065 
f 2202//2202 2068//2068 2199//2199 
f 2073//2073 2200//2200 2069//2069 
f 2204//2204 2200//2200 2073//2073 
f 2070//2070 2074//2074 2069//2069 
f 2074//2074 2073//2073 2069//2069 
f 2066//2066 2072//2072 2074//2074 
f 2070//2070 2066//2066 2074//2074 
f 2071//2071 2203//2203 2075//2075 
f 2203//2203 2205//2205 2075//2075 
f 2077//2077 2204//2204 2073//2073 
f 2206//2206 2204//2204 2077//2077 
f 2074//2074 2078//2078 2073//2073 
f 2078//2078 2077//2077 2073//2073 
f 2072//2072 2076//2076 2078//2078 
f 2074//2074 2072//2072 2078//2078 
f 2075//2075 2205//2205 2079//2079 
f 2205//2205 2207//2207 2079//2079 
f 2081//2081 2206//2206 2077//2077 
f 2208//2208 2206//2206 2081//2081 
f 2078//2078 2082//2082 2077//2077 
f 2082//2082 2081//2081 2077//2077 
f 2076//2076 2080//2080 2082//2082 
f 2078//2078 2076//2076 2082//2082 
f 2079//2079 2207//2207 2083//2083 
f 2207//2207 2209//2209 2083//2083 
f 2087//2087 2208//2208 2081//2081 
f 2210//2210 2208//2208 2087//2087 
f 2082//2082 2088//2088 2081//2081 
f 2088//2088 2087//2087 2081//2081 
f 2080//2080 2084//2084 2088//2088 
f 2082//2082 2080//2080 2088//2088 
f 2083//2083 2209//2209 2089//2089 
f 2209//2209 2211//2211 2089//2089 
f 2085//2085 2210//2210 2087//2087 
f 2085//2085 2090//2090 2210//2210 
f 2090//2090 2212//2212 2210//2210 
f 2086//2086 2085//2085 2087//2087 
f 2088//2088 2086//2086 2087//2087 
f 2084//2084 2086//2086 2088//2088 
f 2089//2089 2211//2211 2091//2091 
f 2211//2211 2213//2213 2091//2091 
f 2090//2090 2092//2092 2212//2212 
f 2212//2212 2092//2092 2214//2214 
f 2091//2091 2213//2213 2093//2093 
f 2213//2213 2215//2215 2093//2093 
f 2092//2092 2094//2094 2214//2214 
f 2214//2214 2094//2094 2216//2216 
f 2093//2093 2215//2215 2095//2095 
f 2215//2215 2217//2217 2095//2095 
f 2094//2094 2096//2096 2216//2216 
f 2216//2216 2096//2096 2218//2218 
f 2103//2103 2219//2219 2223//2223 
f 2103//2103 2104//2104 2220//2220 
f 2219//2219 2103//2103 2220//2220 
f 2104//2104 2217//2217 2220//2220 
f 2104//2104 2099//2099 2217//2217 
f 2099//2099 2095//2095 2217//2217 
f 2097//2097 2224//2224 2221//2221 
f 2100//2100 2224//2224 2097//2097 
f 2098//2098 2097//2097 2222//2222 
f 2097//2097 2221//2221 2222//2222 
f 2218//2218 2096//2096 2098//2098 
f 2222//2222 2218//2218 2098//2098 
f 2101//2101 2103//2103 2223//2223 
f 2101//2101 2223//2223 2105//2105 
f 2105//2105 2223//2223 2225//2225 
f 2102//2102 2103//2103 2101//2101 
f 2104//2104 2103//2103 2102//2102 
f 2099//2099 2104//2104 2102//2102 
f 2100//2100 2106//2106 2224//2224 
f 2224//2224 2106//2106 2226//2226 
f 2105//2105 2225//2225 2107//2107 
f 2225//2225 2227//2227 2107//2107 
f 2106//2106 2108//2108 2226//2226 
f 2226//2226 2108//2108 2228//2228 
f 2107//2107 2227//2227 2109//2109 
f 2227//2227 2229//2229 2109//2109 
f 2108//2108 2110//2110 2228//2228 
f 2228//2228 2110//2110 2230//2230 
f 2109//2109 2229//2229 2111//2111 
f 2229//2229 2231//2231 2111//2111 
f 2110//2110 2112//2112 2230//2230 
f 2230//2230 2112//2112 2232//2232 
f 2111//2111 2231//2231 2113//2113 
f 2231//2231 2233//2233 2113//2113 
f 2112//2112 2114//2114 2232//2232 
f 2232//2232 2114//2114 2234//2234 
f 2113//2113 2233//2233 2115//2115 
f 2233//2233 2235//2235 2115//2115 
f 2114//2114 2116//2116 2234//2234 
f 2234//2234 2116//2116 2236//2236 
f 2115//2115 2235//2235 2119//2119 
f 2235//2235 2237//2237 2119//2119 
f 2121//2121 2116//2116 2117//2117 
f 2121//2121 2238//2238 2116//2116 
f 2238//2238 2236//2236 2116//2116 
f 2117//2117 2118//2118 2122//2122 
f 2121//2121 2117//2117 2122//2122 
f 2118//2118 2120//2120 2122//2122 
f 2119//2119 2237//2237 2123//2123 
f 2237//2237 2239//2239 2123//2123 
f 2125//2125 2238//2238 2121//2121 
f 2240//2240 2238//2238 2125//2125 
f 2122//2122 2126//2126 2121//2121 
f 2126//2126 2125//2125 2121//2121 
f 2120//2120 2124//2124 2126//2126 
f 2122//2122 2120//2120 2126//2126 
f 2241//2241 2129//2129 2127//2127 
f 2241//2241 2127//2127 2239//2239 
f 2239//2239 2127//2127 2123//2123 
f 2129//2129 2242//2242 2130//2130 
f 2241//2241 2242//2242 2129//2129 
f 2242//2242 2243//2243 2130//2130 
f 2131//2131 2240//2240 2125//2125 
f 2244//2244 2240//2240 2131//2131 
f 2126//2126 2132//2132 2125//2125 
f 2132//2132 2131//2131 2125//2125 
f 2124//2124 2128//2128 2132//2132 
f 2126//2126 2124//2124 2132//2132 
f 2129//2129 2139//2139 2133//2133 
f 2127//2127 2129//2129 2133//2133 
f 2130//2130 2140//2140 2129//2129 
f 2140//2140 2139//2139 2129//2129 
f 2245//2245 2130//2130 2243//2243 
f 2140//2140 2130//2130 2245//2245 
f 2141//2141 2244//2244 2131//2131 
f 2246//2246 2244//2244 2141//2141 
f 2132//2132 2142//2142 2131//2131 
f 2142//2142 2141//2141 2131//2131 
f 2128//2128 2134//2134 2142//2142 
f 2132//2132 2128//2128 2142//2142 
f 2133//2133 2139//2139 2135//2135 
f 2136//2136 2135//2135 2139//2139 
f 2140//2140 2136//2136 2139//2139 
f 2143//2143 2247//2247 2145//2145 
f 2136//2136 2247//2247 2143//2143 
f 2136//2136 2245//2245 2247//2247 
f 2136//2136 2140//2140 2245//2245 
f 2145//2145 2248//2248 2146//2146 
f 2247//2247 2248//2248 2145//2145 
f 2248//2248 2249//2249 2146//2146 
f 2137//2137 2246//2246 2141//2141 
f 2137//2137 2144//2144 2246//2246 
f 2144//2144 2250//2250 2246//2246 
f 2138//2138 2137//2137 2141//2141 
f 2142//2142 2138//2138 2141//2141 
f 2134//2134 2138//2138 2142//2142 
f 2145//2145 2155//2155 2147//2147 
f 2143//2143 2145//2145 2147//2147 
f 2146//2146 2156//2156 2145//2145 
f 2156//2156 2155//2155 2145//2145 
f 2251//2251 2146//2146 2249//2249 
f 2156//2156 2146//2146 2251//2251 
f 2144//2144 2148//2148 2250//2250 
f 2250//2250 2148//2148 2252//2252 
f 2147//2147 2155//2155 2149//2149 
f 2150//2150 2149//2149 2155//2155 
f 2156//2156 2150//2150 2155//2155 
f 2156//2156 2251//2251 2253//2253 
f 2156//2156 2253//2253 2150//2150 
f 2150//2150 2253//2253 2151//2151 
f 2152//2152 2151//2151 2254//2254 
f 2151//2151 2253//2253 2254//2254 
f 2153//2153 2152//2152 2255//2255 
f 2152//2152 2254//2254 2255//2255 
f 2154//2154 2153//2153 2256//2256 
f 2153//2153 2255//2255 2256//2256 
f 2252//2252 2148//2148 2154//2154 
f 2256//2256 2252//2252 2154//2154 
f 2157//2157 2257//2257 2259//2259 
f 2159//2159 2157//2157 2259//2259 
f 2158//2158 2258//2258 2157//2157 
f 2157//2157 2258//2258 2257//2257 
f 2258//2258 2158//2158 2160//2160 
f 2260//2260 2258//2258 2160//2160 
f 2159//2159 2259//2259 2161//2161 
f 2259//2259 2263//2263 2161//2161 
f 2160//2160 2162//2162 2260//2260 
f 2260//2260 2162//2162 2264//2264 
f 2161//2161 2263//2263 2165//2165 
f 2263//2263 2269//2269 2165//2165 
f 2162//2162 2265//2265 2264//2264 
f 2163//2163 2265//2265 2162//2162 
f 2164//2164 2266//2266 2163//2163 
f 2163//2163 2266//2266 2265//2265 
f 2266//2266 2164//2164 2166//2166 
f 2270//2270 2266//2266 2166//2166 
f 2165//2165 2269//2269 2169//2169 
f 2269//2269 2275//2275 2169//2169 
f 2166//2166 2271//2271 2270//2270 
f 2167//2167 2271//2271 2166//2166 
f 2168//2168 2272//2272 2167//2167 
f 2167//2167 2272//2272 2271//2271 
f 2272//2272 2168//2168 2170//2170 
f 2276//2276 2272//2272 2170//2170 
f 2169//2169 2275//2275 2171//2171 
f 2275//2275 2281//2281 2171//2171 
f 2170//2170 2172//2172 2276//2276 
f 2276//2276 2172//2172 2282//2282 
f 2171//2171 2281//2281 2173//2173 
f 2281//2281 2287//2287 2173//2173 
f 2172//2172 2174//2174 2282//2282 
f 2282//2282 2174//2174 2288//2288 
f 2173//2173 2287//2287 2175//2175 
f 2287//2287 2289//2289 2175//2175 
f 2174//2174 2176//2176 2288//2288 
f 2288//2288 2176//2176 2290//2290 
f 2175//2175 2289//2289 2179//2179 
f 2289//2289 2293//2293 2179//2179 
f 2176//2176 2291//2291 2290//2290 
f 2177//2177 2291//2291 2176//2176 
f 2178//2178 2292//2292 2177//2177 
f 2177//2177 2292//2292 2291//2291 
f 2292//2292 2178//2178 2180//2180 
f 2294//2294 2292//2292 2180//2180 
f 2179//2179 2293//2293 2181//2181 
f 2293//2293 2297//2297 2181//2181 
f 2180//2180 2182//2182 2294//2294 
f 2294//2294 2182//2182 2298//2298 
f 2181//2181 2297//2297 2299//2299 
f 2183//2183 2181//2181 2299//2299 
f 2184//2184 2183//2183 2300//2300 
f 2183//2183 2299//2299 2300//2300 
f 2300//2300 2185//2185 2184//2184 
f 2303//2303 2185//2185 2300//2300 
f 2182//2182 2186//2186 2298//2298 
f 2298//2298 2186//2186 2304//2304 
f 2185//2185 2303//2303 2187//2187 
f 2303//2303 2307//2307 2187//2187 
f 2186//2186 2188//2188 2304//2304 
f 2304//2304 2188//2188 2308//2308 
f 2187//2187 2307//2307 2189//2189 
f 2307//2307 2311//2311 2189//2189 
f 2188//2188 2190//2190 2308//2308 
f 2308//2308 2190//2190 2312//2312 
f 2189//2189 2311//2311 2191//2191 
f 2311//2311 2313//2313 2191//2191 
f 2190//2190 2192//2192 2312//2312 
f 2312//2312 2192//2192 2314//2314 
f 2191//2191 2313//2313 2193//2193 
f 2313//2313 2315//2315 2193//2193 
f 2192//2192 2194//2194 2314//2314 
f 2314//2314 2194//2194 2316//2316 
f 2193//2193 2315//2315 2195//2195 
f 2315//2315 2317//2317 2195//2195 
f 2194//2194 2196//2196 2316//2316 
f 2316//2316 2196//2196 2318//2318 
f 2195//2195 2317//2317 2197//2197 
f 2317//2317 2319//2319 2197//2197 
f 2196//2196 2198//2198 2318//2318 
f 2318//2318 2198//2198 2320//2320 
f 2197//2197 2319//2319 2199//2199 
f 2319//2319 2321//2321 2199//2199 
f 2198//2198 2200//2200 2320//2320 
f 2320//2320 2200//2200 2322//2322 
f 2201//2201 2323//2323 2325//2325 
f 2203//2203 2201//2201 2325//2325 
f 2202//2202 2324//2324 2201//2201 
f 2201//2201 2324//2324 2323//2323 
f 2321//2321 2202//2202 2199//2199 
f 2324//2324 2202//2202 2321//2321 
f 2200//2200 2204//2204 2322//2322 
f 2322//2322 2204//2204 2326//2326 
f 2203//2203 2325//2325 2205//2205 
f 2325//2325 2327//2327 2205//2205 
f 2204//2204 2206//2206 2326//2326 
f 2326//2326 2206//2206 2328//2328 
f 2205//2205 2327//2327 2207//2207 
f 2327//2327 2329//2329 2207//2207 
f 2206//2206 2208//2208 2328//2328 
f 2328//2328 2208//2208 2330//2330 
f 2207//2207 2329//2329 2209//2209 
f 2329//2329 2331//2331 2209//2209 
f 2208//2208 2210//2210 2330//2330 
f 2330//2330 2210//2210 2332//2332 
f 2209//2209 2331//2331 2211//2211 
f 2331//2331 2333//2333 2211//2211 
f 2210//2210 2212//2212 2332//2332 
f 2332//2332 2212//2212 2334//2334 
f 2211//2211 2333//2333 2213//2213 
f 2333//2333 2335//2335 2213//2213 
f 2212//2212 2214//2214 2334//2334 
f 2334//2334 2214//2214 2336//2336 
f 2213//2213 2335//2335 2215//2215 
f 2335//2335 2337//2337 2215//2215 
f 2214//2214 2216//2216 2336//2336 
f 2336//2336 2216//2216 2338//2338 
f 2215//2215 2337//2337 2217//2217 
f 2337//2337 2341//2341 2217//2217 
f 2216//2216 2218//2218 2338//2338 
f 2338//2338 2218//2218 2342//2342 
f 2219//2219 2343//2343 2349//2349 
f 2223//2223 2219//2219 2349//2349 
f 2220//2220 2344//2344 2219//2219 
f 2219//2219 2344//2344 2343//2343 
f 2341//2341 2220//2220 2217//2217 
f 2344//2344 2220//2220 2341//2341 
f 2221//2221 2350//2350 2345//2345 
f 2224//2224 2350//2350 2221//2221 
f 2222//2222 2221//2221 2346//2346 
f 2221//2221 2345//2345 2346//2346 
f 2342//2342 2218//2218 2222//2222 
f 2346//2346 2342//2342 2222//2222 
f 2223//2223 2349//2349 2225//2225 
f 2349//2349 2351//2351 2225//2225 
f 2224//2224 2226//2226 2350//2350 
f 2350//2350 2226//2226 2352//2352 
f 2225//2225 2351//2351 2227//2227 
f 2351//2351 2353//2353 2227//2227 
f 2226//2226 2228//2228 2352//2352 
f 2352//2352 2228//2228 2354//2354 
f 2227//2227 2353//2353 2229//2229 
f 2353//2353 2355//2355 2229//2229 
f 2228//2228 2230//2230 2354//2354 
f 2354//2354 2230//2230 2356//2356 
f 2229//2229 2355//2355 2231//2231 
f 2355//2355 2357//2357 2231//2231 
f 2230//2230 2232//2232 2356//2356 
f 2356//2356 2232//2232 2358//2358 
f 2231//2231 2357//2357 2233//2233 
f 2357//2357 2359//2359 2233//2233 
f 2232//2232 2234//2234 2358//2358 
f 2358//2358 2234//2234 2360//2360 
f 2233//2233 2359//2359 2235//2235 
f 2359//2359 2361//2361 2235//2235 
f 2234//2234 2236//2236 2360//2360 
f 2360//2360 2236//2236 2362//2362 
f 2235//2235 2361//2361 2237//2237 
f 2361//2361 2363//2363 2237//2237 
f 2236//2236 2238//2238 2362//2362 
f 2362//2362 2238//2238 2364//2364 
f 2237//2237 2363//2363 2239//2239 
f 2363//2363 2365//2365 2239//2239 
f 2238//2238 2240//2240 2364//2364 
f 2364//2364 2240//2240 2366//2366 
f 2239//2239 2365//2365 2367//2367 
f 2241//2241 2239//2239 2367//2367 
f 2242//2242 2241//2241 2368//2368 
f 2241//2241 2367//2367 2368//2368 
f 2368//2368 2243//2243 2242//2242 
f 2369//2369 2243//2243 2368//2368 
f 2240//2240 2244//2244 2366//2366 
f 2366//2366 2244//2244 2370//2370 
f 2243//2243 2369//2369 2245//2245 
f 2369//2369 2373//2373 2245//2245 
f 2244//2244 2246//2246 2370//2370 
f 2370//2370 2246//2246 2374//2374 
f 2245//2245 2373//2373 2375//2375 
f 2247//2247 2245//2245 2375//2375 
f 2248//2248 2247//2247 2376//2376 
f 2247//2247 2375//2375 2376//2376 
f 2376//2376 2249//2249 2248//2248 
f 2379//2379 2249//2249 2376//2376 
f 2246//2246 2250//2250 2374//2374 
f 2374//2374 2250//2250 2380//2380 
f 2249//2249 2379//2379 2251//2251 
f 2379//2379 2383//2383 2251//2251 
f 2250//2250 2252//2252 2380//2380 
f 2380//2380 2252//2252 2384//2384 
f 2251//2251 2383//2383 2385//2385 
f 2253//2253 2251//2251 2385//2385 
f 2254//2254 2253//2253 2386//2386 
f 2253//2253 2385//2385 2386//2386 
f 2255//2255 2254//2254 2387//2387 
f 2254//2254 2386//2386 2387//2387 
f 2256//2256 2255//2255 2388//2388 
f 2255//2255 2387//2387 2388//2388 
f 2384//2384 2252//2252 2256//2256 
f 2388//2388 2384//2384 2256//2256 
f 2257//2257 2261//2261 2259//2259 
f 2257//2257 2258//2258 2262//2262 
f 2261//2261 2257//2257 2262//2262 
f 2258//2258 2260//2260 2262//2262 
f 2261//2261 2267//2267 2263//2263 
f 2259//2259 2261//2261 2263//2263 
f 2262//2262 2268//2268 2261//2261 
f 2268//2268 2267//2267 2261//2261 
f 2260//2260 2264//2264 2268//2268 
f 2262//2262 2260//2260 2268//2268 
f 2267//2267 2391//2391 2393//2393 
f 2267//2267 2393//2393 2263//2263 
f 2263//2263 2393//2393 2269//2269 
f 2268//2268 2391//2391 2267//2267 
f 2392//2392 2391//2391 2268//2268 
f 2273//2273 2394//2394 2392//2392 
f 2265//2265 2273//2273 2392//2392 
f 2265//2265 2392//2392 2268//2268 
f 2265//2265 2268//2268 2264//2264 
f 2265//2265 2266//2266 2274//2274 
f 2273//2273 2265//2265 2274//2274 
f 2266//2266 2270//2270 2274//2274 
f 2277//2277 2395//2395 2401//2401 
f 2277//2277 2278//2278 2396//2396 
f 2395//2395 2277//2277 2396//2396 
f 2278//2278 2393//2393 2396//2396 
f 2278//2278 2275//2275 2393//2393 
f 2275//2275 2269//2269 2393//2393 
f 2273//2273 2397//2397 2394//2394 
f 2274//2274 2397//2397 2273//2273 
f 2398//2398 2397//2397 2274//2274 
f 2279//2279 2402//2402 2398//2398 
f 2271//2271 2279//2279 2398//2398 
f 2271//2271 2398//2398 2274//2274 
f 2271//2271 2274//2274 2270//2270 
f 2271//2271 2272//2272 2280//2280 
f 2279//2279 2271//2271 2280//2280 
f 2272//2272 2276//2276 2280//2280 
f 2283//2283 2277//2277 2401//2401 
f 2405//2405 2283//2283 2401//2401 
f 2278//2278 2277//2277 2284//2284 
f 2284//2284 2277//2277 2283//2283 
f 2275//2275 2284//2284 2281//2281 
f 2278//2278 2284//2284 2275//2275 
f 2285//2285 2402//2402 2279//2279 
f 2406//2406 2402//2402 2285//2285 
f 2280//2280 2286//2286 2279//2279 
f 2286//2286 2285//2285 2279//2279 
f 2276//2276 2282//2282 2286//2286 
f 2280//2280 2276//2276 2286//2286 
f 2283//2283 2405//2405 2407//2407 
f 2284//2284 2283//2283 2407//2407 
f 2408//2408 2284//2284 2407//2407 
f 2408//2408 2281//2281 2284//2284 
f 2408//2408 2413//2413 2281//2281 
f 2413//2413 2287//2287 2281//2281 
f 2285//2285 2409//2409 2406//2406 
f 2286//2286 2409//2409 2285//2285 
f 2410//2410 2409//2409 2286//2286 
f 2410//2410 2286//2286 2282//2282 
f 2410//2410 2282//2282 2414//2414 
f 2414//2414 2282//2282 2288//2288 
f 2287//2287 2413//2413 2289//2289 
f 2413//2413 2417//2417 2289//2289 
f 2288//2288 2290//2290 2414//2414 
f 2414//2414 2290//2290 2418//2418 
f 2289//2289 2417//2417 2293//2293 
f 2417//2417 2421//2421 2293//2293 
f 2295//2295 2290//2290 2291//2291 
f 2295//2295 2422//2422 2290//2290 
f 2422//2422 2418//2418 2290//2290 
f 2291//2291 2292//2292 2296//2296 
f 2295//2295 2291//2291 2296//2296 
f 2292//2292 2294//2294 2296//2296 
f 2293//2293 2421//2421 2297//2297 
f 2421//2421 2423//2423 2297//2297 
f 2301//2301 2422//2422 2295//2295 
f 2424//2424 2422//2422 2301//2301 
f 2296//2296 2302//2302 2295//2295 
f 2302//2302 2301//2301 2295//2295 
f 2294//2294 2298//2298 2302//2302 
f 2296//2296 2294//2294 2302//2302 
f 2305//2305 2299//2299 2297//2297 
f 2305//2305 2297//2297 2427//2427 
f 2427//2427 2297//2297 2423//2423 
f 2299//2299 2306//2306 2300//2300 
f 2305//2305 2306//2306 2299//2299 
f 2300//2300 2306//2306 2303//2303 
f 2301//2301 2425//2425 2424//2424 
f 2302//2302 2425//2425 2301//2301 
f 2426//2426 2425//2425 2302//2302 
f 2426//2426 2302//2302 2298//2298 
f 2426//2426 2298//2298 2428//2428 
f 2428//2428 2298//2298 2304//2304 
f 2309//2309 2305//2305 2427//2427 
f 2431//2431 2309//2309 2427//2427 
f 2306//2306 2305//2305 2310//2310 
f 2310//2310 2305//2305 2309//2309 
f 2303//2303 2310//2310 2307//2307 
f 2306//2306 2310//2310 2303//2303 
f 2304//2304 2308//2308 2428//2428 
f 2428//2428 2308//2308 2432//2432 
f 2309//2309 2431//2431 2433//2433 
f 2310//2310 2309//2309 2433//2433 
f 2434//2434 2310//2310 2433//2433 
f 2434//2434 2307//2307 2310//2310 
f 2434//2434 2437//2437 2307//2307 
f 2437//2437 2311//2311 2307//2307 
f 2308//2308 2312//2312 2432//2432 
f 2432//2432 2312//2312 2438//2438 
f 2311//2311 2437//2437 2313//2313 
f 2437//2437 2441//2441 2313//2313 
f 2312//2312 2314//2314 2438//2438 
f 2438//2438 2314//2314 2442//2442 
f 2313//2313 2441//2441 2315//2315 
f 2441//2441 2445//2445 2315//2315 
f 2314//2314 2316//2316 2442//2442 
f 2442//2442 2316//2316 2446//2446 
f 2315//2315 2445//2445 2317//2317 
f 2445//2445 2449//2449 2317//2317 
f 2316//2316 2318//2318 2446//2446 
f 2446//2446 2318//2318 2450//2450 
f 2317//2317 2449//2449 2319//2319 
f 2449//2449 2453//2453 2319//2319 
f 2318//2318 2320//2320 2450//2450 
f 2450//2450 2320//2320 2454//2454 
f 2319//2319 2453//2453 2321//2321 
f 2453//2453 2457//2457 2321//2321 
f 2320//2320 2322//2322 2454//2454 
f 2454//2454 2322//2322 2458//2458 
f 2323//2323 2459//2459 2463//2463 
f 2325//2325 2323//2323 2463//2463 
f 2324//2324 2460//2460 2323//2323 
f 2323//2323 2460//2460 2459//2459 
f 2457//2457 2324//2324 2321//2321 
f 2460//2460 2324//2324 2457//2457 
f 2322//2322 2326//2326 2458//2458 
f 2458//2458 2326//2326 2464//2464 
f 2325//2325 2463//2463 2327//2327 
f 2463//2463 2469//2469 2327//2327 
f 2326//2326 2328//2328 2464//2464 
f 2464//2464 2328//2328 2470//2470 
f 2327//2327 2469//2469 2329//2329 
f 2469//2469 2475//2475 2329//2329 
f 2328//2328 2330//2330 2470//2470 
f 2470//2470 2330//2330 2476//2476 
f 2329//2329 2475//2475 2331//2331 
f 2475//2475 2479//2479 2331//2331 
f 2330//2330 2332//2332 2476//2476 
f 2476//2476 2332//2332 2480//2480 
f 2331//2331 2479//2479 2333//2333 
f 2479//2479 2483//2483 2333//2333 
f 2332//2332 2334//2334 2480//2480 
f 2480//2480 2334//2334 2484//2484 
f 2333//2333 2483//2483 2335//2335 
f 2483//2483 2487//2487 2335//2335 
f 2334//2334 2336//2336 2484//2484 
f 2484//2484 2336//2336 2488//2488 
f 2335//2335 2487//2487 2337//2337 
f 2487//2487 2493//2493 2337//2337 
f 2339//2339 2494//2494 2489//2489 
f 2339//2339 2490//2490 2340//2340 
f 2489//2489 2490//2490 2339//2339 
f 2340//2340 2490//2490 2488//2488 
f 2340//2340 2488//2488 2338//2338 
f 2338//2338 2488//2488 2336//2336 
f 2337//2337 2493//2493 2341//2341 
f 2493//2493 2497//2497 2341//2341 
f 2347//2347 2494//2494 2339//2339 
f 2498//2498 2494//2494 2347//2347 
f 2340//2340 2348//2348 2339//2339 
f 2348//2348 2347//2347 2339//2339 
f 2338//2338 2342//2342 2348//2348 
f 2340//2340 2338//2338 2348//2348 
f 2343//2343 2499//2499 2503//2503 
f 2349//2349 2343//2343 2503//2503 
f 2344//2344 2500//2500 2343//2343 
f 2343//2343 2500//2500 2499//2499 
f 2497//2497 2344//2344 2341//2341 
f 2500//2500 2344//2344 2497//2497 
f 2345//2345 2498//2498 2347//2347 
f 2345//2345 2350//2350 2498//2498 
f 2350//2350 2504//2504 2498//2498 
f 2346//2346 2345//2345 2347//2347 
f 2348//2348 2346//2346 2347//2347 
f 2342//2342 2346//2346 2348//2348 
f 2349//2349 2503//2503 2351//2351 
f 2503//2503 2509//2509 2351//2351 
f 2350//2350 2352//2352 2504//2504 
f 2504//2504 2352//2352 2510//2510 
f 2351//2351 2509//2509 2353//2353 
f 2509//2509 2513//2513 2353//2353 
f 2352//2352 2354//2354 2510//2510 
f 2510//2510 2354//2354 2514//2514 
f 2353//2353 2513//2513 2355//2355 
f 2513//2513 2517//2517 2355//2355 
f 2354//2354 2356//2356 2514//2514 
f 2514//2514 2356//2356 2518//2518 
f 2355//2355 2517//2517 2357//2357 
f 2517//2517 2519//2519 2357//2357 
f 2356//2356 2358//2358 2518//2518 
f 2518//2518 2358//2358 2520//2520 
f 2357//2357 2519//2519 2359//2359 
f 2519//2519 2521//2521 2359//2359 
f 2358//2358 2360//2360 2520//2520 
f 2520//2520 2360//2360 2522//2522 
f 2359//2359 2521//2521 2361//2361 
f 2521//2521 2527//2527 2361//2361 
f 2360//2360 2362//2362 2522//2522 
f 2522//2522 2362//2362 2528//2528 
f 2361//2361 2527//2527 2363//2363 
f 2527//2527 2533//2533 2363//2363 
f 2362//2362 2364//2364 2528//2528 
f 2528//2528 2364//2364 2534//2534 
f 2363//2363 2533//2533 2365//2365 
f 2533//2533 2539//2539 2365//2365 
f 2364//2364 2366//2366 2534//2534 
f 2534//2534 2366//2366 2540//2540 
f 2365//2365 2539//2539 2541//2541 
f 2367//2367 2365//2365 2541//2541 
f 2368//2368 2367//2367 2542//2542 
f 2367//2367 2541//2541 2542//2542 
f 2542//2542 2369//2369 2368//2368 
f 2549//2549 2369//2369 2542//2542 
f 2371//2371 2550//2550 2543//2543 
f 2371//2371 2544//2544 2372//2372 
f 2543//2543 2544//2544 2371//2371 
f 2372//2372 2544//2544 2540//2540 
f 2372//2372 2540//2540 2370//2370 
f 2370//2370 2540//2540 2366//2366 
f 2369//2369 2549//2549 2373//2373 
f 2549//2549 2553//2553 2373//2373 
f 2377//2377 2550//2550 2371//2371 
f 2554//2554 2550//2550 2377//2377 
f 2372//2372 2378//2378 2371//2371 
f 2378//2378 2377//2377 2371//2371 
f 2370//2370 2374//2374 2378//2378 
f 2372//2372 2370//2370 2378//2378 
f 2373//2373 2553//2553 2555//2555 
f 2375//2375 2373//2373 2555//2555 
f 2376//2376 2375//2375 2556//2556 
f 2375//2375 2555//2555 2556//2556 
f 2556//2556 2379//2379 2376//2376 
f 2559//2559 2379//2379 2556//2556 
f 2381//2381 2554//2554 2377//2377 
f 2560//2560 2554//2554 2381//2381 
f 2378//2378 2382//2382 2377//2377 
f 2382//2382 2381//2381 2377//2377 
f 2374//2374 2380//2380 2382//2382 
f 2378//2378 2374//2374 2382//2382 
f 2379//2379 2559//2559 2383//2383 
f 2559//2559 2563//2563 2383//2383 
f 2389//2389 2560//2560 2381//2381 
f 2564//2564 2560//2560 2389//2389 
f 2382//2382 2390//2390 2381//2381 
f 2390//2390 2389//2389 2381//2381 
f 2380//2380 2384//2384 2390//2390 
f 2382//2382 2380//2380 2390//2390 
f 2383//2383 2563//2563 2565//2565 
f 2385//2385 2383//2383 2565//2565 
f 2386//2386 2385//2385 2566//2566 
f 2385//2385 2565//2565 2566//2566 
f 2564//2564 2389//2389 2387//2387 
f 2564//2564 2387//2387 2566//2566 
f 2566//2566 2387//2387 2386//2386 
f 2388//2388 2387//2387 2389//2389 
f 2390//2390 2388//2388 2389//2389 
f 2384//2384 2388//2388 2390//2390 
f 2391//2391 2399//2399 2393//2393 
f 2391//2391 2392//2392 2400//2400 
f 2399//2399 2391//2391 2400//2400 
f 2392//2392 2394//2394 2400//2400 
f 2395//2395 2403//2403 2401//2401 
f 2395//2395 2396//2396 2404//2404 
f 2403//2403 2395//2395 2404//2404 
f 2396//2396 2573//2573 2404//2404 
f 2393//2393 2573//2573 2396//2396 
f 2393//2393 2569//2569 2573//2573 
f 2393//2393 2399//2399 2569//2569 
f 2400//2400 2569//2569 2399//2399 
f 2570//2570 2569//2569 2400//2400 
f 2394//2394 2570//2570 2400//2400 
f 2394//2394 2397//2397 2570//2570 
f 2397//2397 2571//2571 2570//2570 
f 2398//2398 2572//2572 2397//2397 
f 2397//2397 2572//2572 2571//2571 
f 2572//2572 2398//2398 2402//2402 
f 2574//2574 2572//2572 2402//2402 
f 2403//2403 2411//2411 2405//2405 
f 2401//2401 2403//2403 2405//2405 
f 2404//2404 2412//2412 2403//2403 
f 2412//2412 2411//2411 2403//2403 
f 2579//2579 2404//2404 2573//2573 
f 2412//2412 2404//2404 2579//2579 
f 2402//2402 2406//2406 2574//2574 
f 2574//2574 2406//2406 2580//2580 
f 2405//2405 2411//2411 2407//2407 
f 2408//2408 2407//2407 2411//2411 
f 2412//2412 2408//2408 2411//2411 
f 2412//2412 2413//2413 2408//2408 
f 2412//2412 2579//2579 2413//2413 
f 2579//2579 2585//2585 2413//2413 
f 2415//2415 2406//2406 2409//2409 
f 2415//2415 2586//2586 2406//2406 
f 2586//2586 2580//2580 2406//2406 
f 2409//2409 2410//2410 2416//2416 
f 2415//2415 2409//2409 2416//2416 
f 2410//2410 2414//2414 2416//2416 
f 2413//2413 2585//2585 2417//2417 
f 2585//2585 2589//2589 2417//2417 
f 2419//2419 2586//2586 2415//2415 
f 2590//2590 2586//2586 2419//2419 
f 2416//2416 2420//2420 2415//2415 
f 2420//2420 2419//2419 2415//2415 
f 2414//2414 2418//2418 2420//2420 
f 2416//2416 2414//2414 2420//2420 
f 2417//2417 2589//2589 2421//2421 
f 2589//2589 2595//2595 2421//2421 
f 2419//2419 2591//2591 2590//2590 
f 2420//2420 2591//2591 2419//2419 
f 2592//2592 2591//2591 2420//2420 
f 2592//2592 2420//2420 2418//2418 
f 2592//2592 2418//2418 2596//2596 
f 2596//2596 2418//2418 2422//2422 
f 2421//2421 2595//2595 2423//2423 
f 2595//2595 2599//2599 2423//2423 
f 2422//2422 2424//2424 2596//2596 
f 2596//2596 2424//2424 2600//2600 
f 2423//2423 2599//2599 2427//2427 
f 2599//2599 2603//2603 2427//2427 
f 2429//2429 2424//2424 2425//2425 
f 2429//2429 2604//2604 2424//2424 
f 2604//2604 2600//2600 2424//2424 
f 2425//2425 2426//2426 2430//2430 
f 2429//2429 2425//2425 2430//2430 
f 2426//2426 2428//2428 2430//2430 
f 2427//2427 2603//2603 2431//2431 
f 2603//2603 2605//2605 2431//2431 
f 2435//2435 2604//2604 2429//2429 
f 2606//2606 2604//2604 2435//2435 
f 2430//2430 2436//2436 2429//2429 
f 2436//2436 2435//2435 2429//2429 
f 2428//2428 2432//2432 2436//2436 
f 2430//2430 2428//2428 2436//2436 
f 2439//2439 2433//2433 2431//2431 
f 2439//2439 2431//2431 2609//2609 
f 2609//2609 2431//2431 2605//2605 
f 2433//2433 2440//2440 2434//2434 
f 2439//2439 2440//2440 2433//2433 
f 2434//2434 2440//2440 2437//2437 
f 2435//2435 2607//2607 2606//2606 
f 2436//2436 2607//2607 2435//2435 
f 2608//2608 2607//2607 2436//2436 
f 2608//2608 2436//2436 2432//2432 
f 2608//2608 2432//2432 2610//2610 
f 2610//2610 2432//2432 2438//2438 
f 2443//2443 2439//2439 2609//2609 
f 2613//2613 2443//2443 2609//2609 
f 2440//2440 2439//2439 2444//2444 
f 2444//2444 2439//2439 2443//2443 
f 2437//2437 2444//2444 2441//2441 
f 2440//2440 2444//2444 2437//2437 
f 2438//2438 2442//2442 2610//2610 
f 2610//2610 2442//2442 2614//2614 
f 2443//2443 2613//2613 2615//2615 
f 2444//2444 2443//2443 2615//2615 
f 2616//2616 2444//2444 2615//2615 
f 2616//2616 2441//2441 2444//2444 
f 2616//2616 2621//2621 2441//2441 
f 2621//2621 2445//2445 2441//2441 
f 2447//2447 2622//2622 2617//2617 
f 2447//2447 2618//2618 2448//2448 
f 2617//2617 2618//2618 2447//2447 
f 2448//2448 2618//2618 2614//2614 
f 2448//2448 2614//2614 2446//2446 
f 2446//2446 2614//2614 2442//2442 
f 2445//2445 2621//2621 2449//2449 
f 2621//2621 2623//2623 2449//2449 
f 2451//2451 2622//2622 2447//2447 
f 2624//2624 2622//2622 2451//2451 
f 2448//2448 2452//2452 2447//2447 
f 2452//2452 2451//2451 2447//2447 
f 2446//2446 2450//2450 2452//2452 
f 2448//2448 2446//2446 2452//2452 
f 2449//2449 2623//2623 2453//2453 
f 2623//2623 2625//2625 2453//2453 
f 2455//2455 2624//2624 2451//2451 
f 2626//2626 2624//2624 2455//2455 
f 2452//2452 2456//2456 2451//2451 
f 2456//2456 2455//2455 2451//2451 
f 2450//2450 2454//2454 2456//2456 
f 2452//2452 2450//2450 2456//2456 
f 2453//2453 2625//2625 2457//2457 
f 2625//2625 2631//2631 2457//2457 
f 2461//2461 2626//2626 2455//2455 
f 2632//2632 2626//2626 2461//2461 
f 2456//2456 2462//2462 2455//2455 
f 2462//2462 2461//2461 2455//2455 
f 2454//2454 2458//2458 2462//2462 
f 2456//2456 2454//2454 2462//2462 
f 2459//2459 2465//2465 2463//2463 
f 2459//2459 2460//2460 2466//2466 
f 2465//2465 2459//2459 2466//2466 
f 2460//2460 2637//2637 2466//2466 
f 2460//2460 2457//2457 2637//2637 
f 2457//2457 2631//2631 2637//2637 
f 2467//2467 2632//2632 2461//2461 
f 2638//2638 2632//2632 2467//2467 
f 2462//2462 2468//2468 2461//2461 
f 2468//2468 2467//2467 2461//2461 
f 2458//2458 2464//2464 2468//2468 
f 2462//2462 2458//2458 2468//2468 
f 2465//2465 2471//2471 2469//2469 
f 2463//2463 2465//2465 2469//2469 
f 2466//2466 2472//2472 2465//2465 
f 2472//2472 2471//2471 2465//2465 
f 2643//2643 2466//2466 2637//2637 
f 2472//2472 2466//2466 2643//2643 
f 2473//2473 2638//2638 2467//2467 
f 2644//2644 2638//2638 2473//2473 
f 2468//2468 2474//2474 2467//2467 
f 2474//2474 2473//2473 2467//2467 
f 2464//2464 2470//2470 2474//2474 
f 2468//2468 2464//2464 2474//2474 
f 2471//2471 2645//2645 2651//2651 
f 2471//2471 2651//2651 2469//2469 
f 2469//2469 2651//2651 2475//2475 
f 2472//2472 2645//2645 2471//2471 
f 2646//2646 2645//2645 2472//2472 
f 2643//2643 2646//2646 2472//2472 
f 2477//2477 2644//2644 2473//2473 
f 2652//2652 2644//2644 2477//2477 
f 2474//2474 2478//2478 2473//2473 
f 2478//2478 2477//2477 2473//2473 
f 2470//2470 2476//2476 2478//2478 
f 2474//2474 2470//2470 2478//2478 
f 2475//2475 2651//2651 2479//2479 
f 2651//2651 2659//2659 2479//2479 
f 2481//2481 2652//2652 2477//2477 
f 2660//2660 2652//2652 2481//2481 
f 2478//2478 2482//2482 2477//2477 
f 2482//2482 2481//2481 2477//2477 
f 2476//2476 2480//2480 2482//2482 
f 2478//2478 2476//2476 2482//2482 
f 2479//2479 2659//2659 2483//2483 
f 2659//2659 2667//2667 2483//2483 
f 2485//2485 2660//2660 2481//2481 
f 2668//2668 2660//2660 2485//2485 
f 2482//2482 2486//2486 2481//2481 
f 2486//2486 2485//2485 2481//2481 
f 2480//2480 2484//2484 2486//2486 
f 2482//2482 2480//2480 2486//2486 
f 2483//2483 2667//2667 2487//2487 
f 2667//2667 2673//2673 2487//2487 
f 2491//2491 2668//2668 2485//2485 
f 2674//2674 2668//2668 2491//2491 
f 2486//2486 2492//2492 2485//2485 
f 2492//2492 2491//2491 2485//2485 
f 2484//2484 2488//2488 2492//2492 
f 2486//2486 2484//2484 2492//2492 
f 2487//2487 2673//2673 2493//2493 
f 2673//2673 2681//2681 2493//2493 
f 2495//2495 2682//2682 2675//2675 
f 2495//2495 2676//2676 2496//2496 
f 2675//2675 2676//2676 2495//2495 
f 2674//2674 2496//2496 2676//2676 
f 2491//2491 2496//2496 2674//2674 
f 2491//2491 2494//2494 2496//2496 
f 2491//2491 2489//2489 2494//2494 
f 2490//2490 2489//2489 2491//2491 
f 2492//2492 2490//2490 2491//2491 
f 2488//2488 2490//2490 2492//2492 
f 2493//2493 2681//2681 2497//2497 
f 2681//2681 2687//2687 2497//2497 
f 2501//2501 2682//2682 2495//2495 
f 2688//2688 2682//2682 2501//2501 
f 2496//2496 2502//2502 2495//2495 
f 2502//2502 2501//2501 2495//2495 
f 2494//2494 2498//2498 2502//2502 
f 2496//2496 2494//2494 2502//2502 
f 2499//2499 2505//2505 2503//2503 
f 2499//2499 2500//2500 2506//2506 
f 2505//2505 2499//2499 2506//2506 
f 2500//2500 2693//2693 2506//2506 
f 2500//2500 2497//2497 2693//2693 
f 2497//2497 2687//2687 2693//2693 
f 2507//2507 2688//2688 2501//2501 
f 2694//2694 2688//2688 2507//2507 
f 2502//2502 2508//2508 2501//2501 
f 2508//2508 2507//2507 2501//2501 
f 2498//2498 2504//2504 2508//2508 
f 2502//2502 2498//2498 2508//2508 
f 2505//2505 2695//2695 2701//2701 
f 2505//2505 2701//2701 2503//2503 
f 2503//2503 2701//2701 2509//2509 
f 2506//2506 2695//2695 2505//2505 
f 2696//2696 2695//2695 2506//2506 
f 2693//2693 2696//2696 2506//2506 
f 2511//2511 2694//2694 2507//2507 
f 2702//2702 2694//2694 2511//2511 
f 2508//2508 2512//2512 2507//2507 
f 2512//2512 2511//2511 2507//2507 
f 2504//2504 2510//2510 2512//2512 
f 2508//2508 2504//2504 2512//2512 
f 2509//2509 2701//2701 2513//2513 
f 2701//2701 2705//2705 2513//2513 
f 2515//2515 2702//2702 2511//2511 
f 2706//2706 2702//2702 2515//2515 
f 2512//2512 2516//2516 2511//2511 
f 2516//2516 2515//2515 2511//2511 
f 2510//2510 2514//2514 2516//2516 
f 2512//2512 2510//2510 2516//2516 
f 2513//2513 2705//2705 2517//2517 
f 2705//2705 2711//2711 2517//2517 
f 2515//2515 2707//2707 2706//2706 
f 2516//2516 2707//2707 2515//2515 
f 2708//2708 2707//2707 2516//2516 
f 2708//2708 2516//2516 2514//2514 
f 2708//2708 2514//2514 2712//2712 
f 2712//2712 2514//2514 2518//2518 
f 2517//2517 2711//2711 2519//2519 
f 2711//2711 2717//2717 2519//2519 
f 2518//2518 2520//2520 2712//2712 
f 2712//2712 2520//2520 2718//2718 
f 2719//2719 2523//2523 2521//2521 
f 2719//2719 2521//2521 2717//2717 
f 2717//2717 2521//2521 2519//2519 
f 2523//2523 2720//2720 2524//2524 
f 2719//2719 2720//2720 2523//2523 
f 2720//2720 2727//2727 2524//2524 
f 2525//2525 2728//2728 2721//2721 
f 2525//2525 2722//2722 2526//2526 
f 2721//2721 2722//2722 2525//2525 
f 2526//2526 2722//2722 2718//2718 
f 2526//2526 2718//2718 2522//2522 
f 2522//2522 2718//2718 2520//2520 
f 2523//2523 2529//2529 2527//2527 
f 2521//2521 2523//2523 2527//2527 
f 2524//2524 2530//2530 2523//2523 
f 2530//2530 2529//2529 2523//2523 
f 2731//2731 2524//2524 2727//2727 
f 2530//2530 2524//2524 2731//2731 
f 2531//2531 2728//2728 2525//2525 
f 2732//2732 2728//2728 2531//2531 
f 2526//2526 2532//2532 2525//2525 
f 2532//2532 2531//2531 2525//2525 
f 2522//2522 2528//2528 2532//2532 
f 2526//2526 2522//2522 2532//2532 
f 2529//2529 2535//2535 2533//2533 
f 2527//2527 2529//2529 2533//2533 
f 2530//2530 2536//2536 2529//2529 
f 2536//2536 2535//2535 2529//2529 
f 2735//2735 2530//2530 2731//2731 
f 2536//2536 2530//2530 2735//2735 
f 2537//2537 2732//2732 2531//2531 
f 2736//2736 2732//2732 2537//2537 
f 2532//2532 2538//2538 2531//2531 
f 2538//2538 2537//2537 2531//2531 
f 2528//2528 2534//2534 2538//2538 
f 2532//2532 2528//2528 2538//2538 
f 2535//2535 2545//2545 2539//2539 
f 2533//2533 2535//2535 2539//2539 
f 2536//2536 2546//2546 2535//2535 
f 2546//2546 2545//2545 2535//2535 
f 2741//2741 2536//2536 2735//2735 
f 2546//2546 2536//2536 2741//2741 
f 2547//2547 2736//2736 2537//2537 
f 2742//2742 2736//2736 2547//2547 
f 2538//2538 2548//2548 2537//2537 
f 2548//2548 2547//2547 2537//2537 
f 2534//2534 2540//2540 2548//2548 
f 2538//2538 2534//2534 2548//2548 
f 2539//2539 2545//2545 2541//2541 
f 2542//2542 2541//2541 2545//2545 
f 2546//2546 2542//2542 2545//2545 
f 2546//2546 2549//2549 2542//2542 
f 2546//2546 2741//2741 2549//2549 
f 2741//2741 2749//2749 2549//2549 
f 2551//2551 2750//2750 2743//2743 
f 2551//2551 2744//2744 2552//2552 
f 2743//2743 2744//2744 2551//2551 
f 2742//2742 2552//2552 2744//2744 
f 2547//2547 2552//2552 2742//2742 
f 2547//2547 2550//2550 2552//2552 
f 2547//2547 2543//2543 2550//2550 
f 2544//2544 2543//2543 2547//2547 
f 2548//2548 2544//2544 2547//2547 
f 2540//2540 2544//2544 2548//2548 
f 2549//2549 2749//2749 2553//2553 
f 2749//2749 2753//2753 2553//2553 
f 2557//2557 2750//2750 2551//2551 
f 2754//2754 2750//2750 2557//2557 
f 2552//2552 2558//2558 2551//2551 
f 2558//2558 2557//2557 2551//2551 
f 2550//2550 2554//2554 2558//2558 
f 2552//2552 2550//2550 2558//2558 
f 2553//2553 2753//2753 2755//2755 
f 2555//2555 2553//2553 2755//2755 
f 2556//2556 2555//2555 2756//2756 
f 2555//2555 2755//2755 2756//2756 
f 2559//2559 2557//2557 2561//2561 
f 2559//2559 2756//2756 2557//2557 
f 2559//2559 2556//2556 2756//2756 
f 2756//2756 2754//2754 2557//2557 
f 2558//2558 2562//2562 2557//2557 
f 2562//2562 2561//2561 2557//2557 
f 2554//2554 2560//2560 2562//2562 
f 2558//2558 2554//2554 2562//2562 
f 2561//2561 2567//2567 2563//2563 
f 2559//2559 2561//2561 2563//2563 
f 2562//2562 2568//2568 2561//2561 
f 2568//2568 2567//2567 2561//2561 
f 2560//2560 2564//2564 2568//2568 
f 2562//2562 2560//2560 2568//2568 
f 2563//2563 2567//2567 2565//2565 
f 2566//2566 2565//2565 2567//2567 
f 2568//2568 2566//2566 2567//2567 
f 2564//2564 2566//2566 2568//2568 
f 2569//2569 2575//2575 2573//2573 
f 2569//2569 2570//2570 2576//2576 
f 2575//2575 2569//2569 2576//2576 
f 2570//2570 2571//2571 2577//2577 
f 2576//2576 2570//2570 2577//2577 
f 2571//2571 2572//2572 2578//2578 
f 2577//2577 2571//2571 2578//2578 
f 2572//2572 2574//2574 2578//2578 
f 2575//2575 2581//2581 2579//2579 
f 2573//2573 2575//2575 2579//2579 
f 2576//2576 2582//2582 2575//2575 
f 2582//2582 2581//2581 2575//2575 
f 2577//2577 2583//2583 2576//2576 
f 2583//2583 2582//2582 2576//2576 
f 2578//2578 2584//2584 2577//2577 
f 2584//2584 2583//2583 2577//2577 
f 2574//2574 2580//2580 2584//2584 
f 2578//2578 2574//2574 2584//2584 
f 2581//2581 2759//2759 2761//2761 
f 2581//2581 2761//2761 2579//2579 
f 2579//2579 2761//2761 2585//2585 
f 2582//2582 2759//2759 2581//2581 
f 2760//2760 2759//2759 2582//2582 
f 2760//2760 2587//2587 2762//2762 
f 2760//2760 2582//2582 2587//2587 
f 2582//2582 2583//2583 2587//2587 
f 2584//2584 2588//2588 2583//2583 
f 2588//2588 2587//2587 2583//2583 
f 2580//2580 2586//2586 2588//2588 
f 2584//2584 2580//2580 2588//2588 
f 2585//2585 2761//2761 2589//2589 
f 2761//2761 2765//2765 2589//2589 
f 2593//2593 2762//2762 2587//2587 
f 2766//2766 2762//2762 2593//2593 
f 2588//2588 2594//2594 2587//2587 
f 2594//2594 2593//2593 2587//2587 
f 2586//2586 2590//2590 2594//2594 
f 2588//2588 2586//2586 2594//2594 
f 2589//2589 2765//2765 2595//2595 
f 2765//2765 2771//2771 2595//2595 
f 2593//2593 2767//2767 2766//2766 
f 2594//2594 2767//2767 2593//2593 
f 2768//2768 2767//2767 2594//2594 
f 2597//2597 2772//2772 2768//2768 
f 2591//2591 2597//2597 2768//2768 
f 2591//2591 2768//2768 2594//2594 
f 2591//2591 2594//2594 2590//2590 
f 2591//2591 2592//2592 2598//2598 
f 2597//2597 2591//2591 2598//2598 
f 2592//2592 2596//2596 2598//2598 
f 2595//2595 2771//2771 2599//2599 
f 2771//2771 2777//2777 2599//2599 
f 2601//2601 2772//2772 2597//2597 
f 2778//2778 2772//2772 2601//2601 
f 2598//2598 2602//2602 2597//2597 
f 2602//2602 2601//2601 2597//2597 
f 2596//2596 2600//2600 2602//2602 
f 2598//2598 2596//2596 2602//2602 
f 2599//2599 2777//2777 2603//2603 
f 2777//2777 2785//2785 2603//2603 
f 2601//2601 2779//2779 2778//2778 
f 2602//2602 2779//2779 2601//2601 
f 2780//2780 2779//2779 2602//2602 
f 2780//2780 2602//2602 2600//2600 
f 2780//2780 2600//2600 2786//2786 
f 2786//2786 2600//2600 2604//2604 
f 2603//2603 2785//2785 2605//2605 
f 2785//2785 2789//2789 2605//2605 
f 2604//2604 2606//2606 2786//2786 
f 2786//2786 2606//2606 2790//2790 
f 2605//2605 2789//2789 2609//2609 
f 2789//2789 2793//2793 2609//2609 
f 2611//2611 2606//2606 2607//2607 
f 2611//2611 2794//2794 2606//2606 
f 2794//2794 2790//2790 2606//2606 
f 2607//2607 2608//2608 2612//2612 
f 2611//2611 2607//2607 2612//2612 
f 2608//2608 2610//2610 2612//2612 
f 2609//2609 2793//2793 2613//2613 
f 2793//2793 2795//2795 2613//2613 
f 2619//2619 2794//2794 2611//2611 
f 2796//2796 2794//2794 2619//2619 
f 2612//2612 2620//2620 2611//2611 
f 2620//2620 2619//2619 2611//2611 
f 2610//2610 2614//2614 2620//2620 
f 2612//2612 2610//2610 2620//2620 
f 2613//2613 2795//2795 2797//2797 
f 2615//2615 2613//2613 2797//2797 
f 2616//2616 2615//2615 2798//2798 
f 2615//2615 2797//2797 2798//2798 
f 2798//2798 2621//2621 2616//2616 
f 2799//2799 2621//2621 2798//2798 
f 2617//2617 2796//2796 2619//2619 
f 2617//2617 2622//2622 2796//2796 
f 2622//2622 2800//2800 2796//2796 
f 2618//2618 2617//2617 2619//2619 
f 2620//2620 2618//2618 2619//2619 
f 2614//2614 2618//2618 2620//2620 
f 2621//2621 2799//2799 2623//2623 
f 2799//2799 2801//2801 2623//2623 
f 2622//2622 2624//2624 2800//2800 
f 2800//2800 2624//2624 2802//2802 
f 2803//2803 2627//2627 2625//2625 
f 2803//2803 2625//2625 2801//2801 
f 2801//2801 2625//2625 2623//2623 
f 2627//2627 2804//2804 2628//2628 
f 2803//2803 2804//2804 2627//2627 
f 2628//2628 2805//2805 2629//2629 
f 2804//2804 2805//2805 2628//2628 
f 2629//2629 2806//2806 2630//2630 
f 2805//2805 2806//2806 2629//2629 
f 2630//2630 2806//2806 2802//2802 
f 2630//2630 2802//2802 2626//2626 
f 2626//2626 2802//2802 2624//2624 
f 2627//2627 2633//2633 2631//2631 
f 2625//2625 2627//2627 2631//2631 
f 2628//2628 2634//2634 2627//2627 
f 2634//2634 2633//2633 2627//2627 
f 2629//2629 2635//2635 2628//2628 
f 2635//2635 2634//2634 2628//2628 
f 2630//2630 2636//2636 2629//2629 
f 2636//2636 2635//2635 2629//2629 
f 2626//2626 2632//2632 2636//2636 
f 2630//2630 2626//2626 2636//2636 
f 2633//2633 2639//2639 2637//2637 
f 2631//2631 2633//2633 2637//2637 
f 2634//2634 2640//2640 2633//2633 
f 2640//2640 2639//2639 2633//2633 
f 2635//2635 2641//2641 2634//2634 
f 2641//2641 2640//2640 2634//2634 
f 2636//2636 2642//2642 2635//2635 
f 2642//2642 2641//2641 2635//2635 
f 2632//2632 2638//2638 2642//2642 
f 2636//2636 2632//2632 2642//2642 
f 2639//2639 2647//2647 2643//2643 
f 2637//2637 2639//2639 2643//2643 
f 2640//2640 2648//2648 2639//2639 
f 2648//2648 2647//2647 2639//2639 
f 2641//2641 2649//2649 2640//2640 
f 2649//2649 2648//2648 2640//2640 
f 2642//2642 2650//2650 2641//2641 
f 2650//2650 2649//2649 2641//2641 
f 2638//2638 2644//2644 2650//2650 
f 2642//2642 2638//2638 2650//2650 
f 2645//2645 2653//2653 2651//2651 
f 2645//2645 2646//2646 2654//2654 
f 2653//2653 2645//2645 2654//2654 
f 2646//2646 2643//2643 2647//2647 
f 2646//2646 2647//2647 2654//2654 
f 2654//2654 2647//2647 2655//2655 
f 2648//2648 2656//2656 2647//2647 
f 2656//2656 2655//2655 2647//2647 
f 2649//2649 2657//2657 2648//2648 
f 2657//2657 2656//2656 2648//2648 
f 2650//2650 2658//2658 2649//2649 
f 2658//2658 2657//2657 2649//2649 
f 2644//2644 2652//2652 2658//2658 
f 2650//2650 2644//2644 2658//2658 
f 2653//2653 2661//2661 2659//2659 
f 2651//2651 2653//2653 2659//2659 
f 2654//2654 2662//2662 2653//2653 
f 2662//2662 2661//2661 2653//2653 
f 2655//2655 2663//2663 2654//2654 
f 2663//2663 2662//2662 2654//2654 
f 2656//2656 2664//2664 2655//2655 
f 2664//2664 2663//2663 2655//2655 
f 2657//2657 2665//2665 2656//2656 
f 2665//2665 2664//2664 2656//2656 
f 2658//2658 2666//2666 2657//2657 
f 2666//2666 2665//2665 2657//2657 
f 2652//2652 2660//2660 2666//2666 
f 2658//2658 2652//2652 2666//2666 
f 2661//2661 2807//2807 2809//2809 
f 2661//2661 2809//2809 2659//2659 
f 2659//2659 2809//2809 2667//2667 
f 2662//2662 2807//2807 2661//2661 
f 2808//2808 2807//2807 2662//2662 
f 2808//2808 2669//2669 2810//2810 
f 2808//2808 2662//2662 2669//2669 
f 2662//2662 2663//2663 2669//2669 
f 2664//2664 2670//2670 2663//2663 
f 2670//2670 2669//2669 2663//2663 
f 2665//2665 2671//2671 2664//2664 
f 2671//2671 2670//2670 2664//2664 
f 2666//2666 2672//2672 2665//2665 
f 2672//2672 2671//2671 2665//2665 
f 2660//2660 2668//2668 2672//2672 
f 2666//2666 2660//2660 2672//2672 
f 2667//2667 2809//2809 2673//2673 
f 2809//2809 2813//2813 2673//2673 
f 2677//2677 2810//2810 2669//2669 
f 2814//2814 2810//2810 2677//2677 
f 2670//2670 2678//2678 2669//2669 
f 2678//2678 2677//2677 2669//2669 
f 2671//2671 2679//2679 2670//2670 
f 2679//2679 2678//2678 2670//2670 
f 2672//2672 2680//2680 2671//2671 
f 2680//2680 2679//2679 2671//2671 
f 2668//2668 2674//2674 2680//2680 
f 2672//2672 2668//2668 2680//2680 
f 2815//2815 2683//2683 2681//2681 
f 2815//2815 2681//2681 2813//2813 
f 2813//2813 2681//2681 2673//2673 
f 2683//2683 2816//2816 2684//2684 
f 2815//2815 2816//2816 2683//2683 
f 2814//2814 2684//2684 2816//2816 
f 2814//2814 2677//2677 2684//2684 
f 2677//2677 2685//2685 2684//2684 
f 2678//2678 2686//2686 2677//2677 
f 2686//2686 2685//2685 2677//2677 
f 2675//2675 2682//2682 2686//2686 
f 2675//2675 2686//2686 2679//2679 
f 2679//2679 2686//2686 2678//2678 
f 2676//2676 2675//2675 2679//2679 
f 2680//2680 2676//2676 2679//2679 
f 2674//2674 2676//2676 2680//2680 
f 2683//2683 2689//2689 2687//2687 
f 2681//2681 2683//2683 2687//2687 
f 2684//2684 2690//2690 2683//2683 
f 2690//2690 2689//2689 2683//2683 
f 2685//2685 2691//2691 2684//2684 
f 2691//2691 2690//2690 2684//2684 
f 2686//2686 2692//2692 2685//2685 
f 2692//2692 2691//2691 2685//2685 
f 2682//2682 2688//2688 2692//2692 
f 2686//2686 2682//2682 2692//2692 
f 2689//2689 2697//2697 2693//2693 
f 2687//2687 2689//2689 2693//2693 
f 2690//2690 2698//2698 2689//2689 
f 2698//2698 2697//2697 2689//2689 
f 2691//2691 2699//2699 2690//2690 
f 2699//2699 2698//2698 2690//2690 
f 2692//2692 2700//2700 2691//2691 
f 2700//2700 2699//2699 2691//2691 
f 2688//2688 2694//2694 2700//2700 
f 2692//2692 2688//2688 2700//2700 
f 2695//2695 2703//2703 2701//2701 
f 2695//2695 2696//2696 2704//2704 
f 2703//2703 2695//2695 2704//2704 
f 2696//2696 2823//2823 2704//2704 
f 2693//2693 2823//2823 2696//2696 
f 2693//2693 2819//2819 2823//2823 
f 2693//2693 2697//2697 2819//2819 
f 2698//2698 2819//2819 2697//2697 
f 2820//2820 2819//2819 2698//2698 
f 2699//2699 2820//2820 2698//2698 
f 2821//2821 2820//2820 2699//2699 
f 2700//2700 2821//2821 2699//2699 
f 2822//2822 2821//2821 2700//2700 
f 2822//2822 2700//2700 2694//2694 
f 2822//2822 2694//2694 2824//2824 
f 2824//2824 2694//2694 2702//2702 
f 2703//2703 2709//2709 2705//2705 
f 2701//2701 2703//2703 2705//2705 
f 2704//2704 2710//2710 2703//2703 
f 2710//2710 2709//2709 2703//2703 
f 2829//2829 2704//2704 2823//2823 
f 2710//2710 2704//2704 2829//2829 
f 2702//2702 2706//2706 2824//2824 
f 2824//2824 2706//2706 2830//2830 
f 2709//2709 2713//2713 2711//2711 
f 2705//2705 2709//2709 2711//2711 
f 2710//2710 2714//2714 2709//2709 
f 2714//2714 2713//2713 2709//2709 
f 2835//2835 2710//2710 2829//2829 
f 2714//2714 2710//2710 2835//2835 
f 2715//2715 2706//2706 2707//2707 
f 2715//2715 2836//2836 2706//2706 
f 2836//2836 2830//2830 2706//2706 
f 2707//2707 2708//2708 2716//2716 
f 2715//2715 2707//2707 2716//2716 
f 2708//2708 2712//2712 2716//2716 
f 2713//2713 2723//2723 2717//2717 
f 2711//2711 2713//2713 2717//2717 
f 2714//2714 2724//2724 2713//2713 
f 2724//2724 2723//2723 2713//2713 
f 2841//2841 2714//2714 2835//2835 
f 2724//2724 2714//2714 2841//2841 
f 2725//2725 2836//2836 2715//2715 
f 2842//2842 2836//2836 2725//2725 
f 2716//2716 2726//2726 2715//2715 
f 2726//2726 2725//2725 2715//2715 
f 2712//2712 2718//2718 2726//2726 
f 2716//2716 2712//2712 2726//2726 
f 2717//2717 2723//2723 2719//2719 
f 2720//2720 2719//2719 2723//2723 
f 2724//2724 2720//2720 2723//2723 
f 2724//2724 2727//2727 2720//2720 
f 2724//2724 2841//2841 2727//2727 
f 2841//2841 2849//2849 2727//2727 
f 2729//2729 2850//2850 2843//2843 
f 2729//2729 2844//2844 2730//2730 
f 2843//2843 2844//2844 2729//2729 
f 2842//2842 2730//2730 2844//2844 
f 2725//2725 2730//2730 2842//2842 
f 2725//2725 2728//2728 2730//2730 
f 2725//2725 2721//2721 2728//2728 
f 2722//2722 2721//2721 2725//2725 
f 2726//2726 2722//2722 2725//2725 
f 2718//2718 2722//2722 2726//2726 
f 2727//2727 2849//2849 2731//2731 
f 2849//2849 2853//2853 2731//2731 
f 2733//2733 2850//2850 2729//2729 
f 2854//2854 2850//2850 2733//2733 
f 2730//2730 2734//2734 2729//2729 
f 2734//2734 2733//2733 2729//2729 
f 2728//2728 2732//2732 2734//2734 
f 2730//2730 2728//2728 2734//2734 
f 2855//2855 2737//2737 2735//2735 
f 2855//2855 2735//2735 2853//2853 
f 2853//2853 2735//2735 2731//2731 
f 2737//2737 2856//2856 2738//2738 
f 2855//2855 2856//2856 2737//2737 
f 2854//2854 2738//2738 2856//2856 
f 2854//2854 2733//2733 2738//2738 
f 2733//2733 2739//2739 2738//2738 
f 2734//2734 2740//2740 2733//2733 
f 2740//2740 2739//2739 2733//2733 
f 2732//2732 2736//2736 2740//2740 
f 2734//2734 2732//2732 2740//2740 
f 2737//2737 2745//2745 2741//2741 
f 2735//2735 2737//2737 2741//2741 
f 2738//2738 2746//2746 2737//2737 
f 2746//2746 2745//2745 2737//2737 
f 2739//2739 2747//2747 2738//2738 
f 2747//2747 2746//2746 2738//2738 
f 2740//2740 2748//2748 2739//2739 
f 2748//2748 2747//2747 2739//2739 
f 2736//2736 2742//2742 2748//2748 
f 2740//2740 2736//2736 2748//2748 
f 2745//2745 2751//2751 2749//2749 
f 2741//2741 2745//2745 2749//2749 
f 2746//2746 2752//2752 2745//2745 
f 2752//2752 2751//2751 2745//2745 
f 2743//2743 2750//2750 2752//2752 
f 2743//2743 2752//2752 2747//2747 
f 2747//2747 2752//2752 2746//2746 
f 2744//2744 2743//2743 2747//2747 
f 2748//2748 2744//2744 2747//2747 
f 2742//2742 2744//2744 2748//2748 
f 2751//2751 2757//2757 2753//2753 
f 2749//2749 2751//2751 2753//2753 
f 2752//2752 2758//2758 2751//2751 
f 2758//2758 2757//2757 2751//2751 
f 2750//2750 2754//2754 2758//2758 
f 2752//2752 2750//2750 2758//2758 
f 2753//2753 2757//2757 2755//2755 
f 2756//2756 2755//2755 2757//2757 
f 2758//2758 2756//2756 2757//2757 
f 2754//2754 2756//2756 2758//2758 
f 2759//2759 2763//2763 2761//2761 
f 2759//2759 2760//2760 2764//2764 
f 2763//2763 2759//2759 2764//2764 
f 2760//2760 2762//2762 2764//2764 
f 2763//2763 2769//2769 2765//2765 
f 2761//2761 2763//2763 2765//2765 
f 2764//2764 2770//2770 2763//2763 
f 2770//2770 2769//2769 2763//2763 
f 2762//2762 2766//2766 2770//2770 
f 2764//2764 2762//2762 2770//2770 
f 2769//2769 2773//2773 2771//2771 
f 2765//2765 2769//2769 2771//2771 
f 2770//2770 2774//2774 2769//2769 
f 2774//2774 2773//2773 2769//2769 
f 2766//2766 2767//2767 2775//2775 
f 2766//2766 2775//2775 2770//2770 
f 2770//2770 2775//2775 2774//2774 
f 2767//2767 2768//2768 2776//2776 
f 2775//2775 2767//2767 2776//2776 
f 2768//2768 2772//2772 2776//2776 
f 2773//2773 2781//2781 2777//2777 
f 2771//2771 2773//2773 2777//2777 
f 2774//2774 2782//2782 2773//2773 
f 2782//2782 2781//2781 2773//2773 
f 2775//2775 2783//2783 2774//2774 
f 2783//2783 2782//2782 2774//2774 
f 2776//2776 2784//2784 2775//2775 
f 2784//2784 2783//2783 2775//2775 
f 2772//2772 2778//2778 2784//2784 
f 2776//2776 2772//2772 2784//2784 
f 2781//2781 2859//2859 2863//2863 
f 2781//2781 2863//2863 2777//2777 
f 2777//2777 2863//2863 2785//2785 
f 2782//2782 2859//2859 2781//2781 
f 2860//2860 2859//2859 2782//2782 
f 2783//2783 2860//2860 2782//2782 
f 2861//2861 2860//2860 2783//2783 
f 2784//2784 2861//2861 2783//2783 
f 2862//2862 2861//2861 2784//2784 
f 2787//2787 2864//2864 2862//2862 
f 2779//2779 2787//2787 2862//2862 
f 2779//2779 2862//2862 2784//2784 
f 2779//2779 2784//2784 2778//2778 
f 2779//2779 2780//2780 2788//2788 
f 2787//2787 2779//2779 2788//2788 
f 2780//2780 2786//2786 2788//2788 
f 2785//2785 2863//2863 2789//2789 
f 2863//2863 2869//2869 2789//2789 
f 2791//2791 2864//2864 2787//2787 
f 2870//2870 2864//2864 2791//2791 
f 2788//2788 2792//2792 2787//2787 
f 2792//2792 2791//2791 2787//2787 
f 2786//2786 2790//2790 2792//2792 
f 2788//2788 2786//2786 2792//2792 
f 2789//2789 2869//2869 2793//2793 
f 2869//2869 2877//2877 2793//2793 
f 2791//2791 2871//2871 2870//2870 
f 2792//2792 2871//2871 2791//2791 
f 2872//2872 2871//2871 2792//2792 
f 2872//2872 2792//2792 2790//2790 
f 2872//2872 2790//2790 2878//2878 
f 2878//2878 2790//2790 2794//2794 
f 2793//2793 2877//2877 2795//2795 
f 2877//2877 2885//2885 2795//2795 
f 2794//2794 2796//2796 2878//2878 
f 2878//2878 2796//2796 2886//2886 
f 2795//2795 2885//2885 2887//2887 
f 2797//2797 2795//2795 2887//2887 
f 2798//2798 2797//2797 2888//2888 
f 2797//2797 2887//2887 2888//2888 
f 2888//2888 2799//2799 2798//2798 
f 2895//2895 2799//2799 2888//2888 
f 2796//2796 2800//2800 2886//2886 
f 2886//2886 2800//2800 2896//2896 
f 2799//2799 2895//2895 2801//2801 
f 2895//2895 2901//2901 2801//2801 
f 2800//2800 2802//2802 2896//2896 
f 2896//2896 2802//2802 2902//2902 
f 2801//2801 2901//2901 2903//2903 
f 2803//2803 2801//2801 2903//2903 
f 2804//2804 2803//2803 2904//2904 
f 2803//2803 2903//2903 2904//2904 
f 2805//2805 2804//2804 2905//2905 
f 2804//2804 2904//2904 2905//2905 
f 2806//2806 2805//2805 2906//2906 
f 2805//2805 2905//2905 2906//2906 
f 2902//2902 2802//2802 2806//2806 
f 2906//2906 2902//2902 2806//2806 
f 2807//2807 2811//2811 2809//2809 
f 2807//2807 2808//2808 2812//2812 
f 2811//2811 2807//2807 2812//2812 
f 2808//2808 2810//2810 2812//2812 
f 2811//2811 2817//2817 2813//2813 
f 2809//2809 2811//2811 2813//2813 
f 2812//2812 2818//2818 2811//2811 
f 2818//2818 2817//2817 2811//2811 
f 2810//2810 2814//2814 2818//2818 
f 2812//2812 2810//2810 2818//2818 
f 2813//2813 2817//2817 2815//2815 
f 2816//2816 2815//2815 2817//2817 
f 2818//2818 2816//2816 2817//2817 
f 2814//2814 2816//2816 2818//2818 
f 2819//2819 2825//2825 2823//2823 
f 2819//2819 2820//2820 2826//2826 
f 2825//2825 2819//2819 2826//2826 
f 2820//2820 2821//2821 2827//2827 
f 2826//2826 2820//2820 2827//2827 
f 2821//2821 2822//2822 2828//2828 
f 2827//2827 2821//2821 2828//2828 
f 2822//2822 2824//2824 2828//2828 
f 2825//2825 2831//2831 2829//2829 
f 2823//2823 2825//2825 2829//2829 
f 2826//2826 2832//2832 2825//2825 
f 2832//2832 2831//2831 2825//2825 
f 2827//2827 2833//2833 2826//2826 
f 2833//2833 2832//2832 2826//2826 
f 2828//2828 2834//2834 2827//2827 
f 2834//2834 2833//2833 2827//2827 
f 2824//2824 2830//2830 2834//2834 
f 2828//2828 2824//2824 2834//2834 
f 2831//2831 2837//2837 2835//2835 
f 2829//2829 2831//2831 2835//2835 
f 2832//2832 2838//2838 2831//2831 
f 2838//2838 2837//2837 2831//2831 
f 2833//2833 2839//2839 2832//2832 
f 2839//2839 2838//2838 2832//2832 
f 2834//2834 2840//2840 2833//2833 
f 2840//2840 2839//2839 2833//2833 
f 2830//2830 2836//2836 2840//2840 
f 2834//2834 2830//2830 2840//2840 
f 2837//2837 2845//2845 2841//2841 
f 2835//2835 2837//2837 2841//2841 
f 2838//2838 2846//2846 2837//2837 
f 2846//2846 2845//2845 2837//2837 
f 2839//2839 2847//2847 2838//2838 
f 2847//2847 2846//2846 2838//2838 
f 2840//2840 2848//2848 2839//2839 
f 2848//2848 2847//2847 2839//2839 
f 2836//2836 2842//2842 2848//2848 
f 2840//2840 2836//2836 2848//2848 
f 2845//2845 2851//2851 2849//2849 
f 2841//2841 2845//2845 2849//2849 
f 2846//2846 2852//2852 2845//2845 
f 2852//2852 2851//2851 2845//2845 
f 2843//2843 2850//2850 2852//2852 
f 2843//2843 2852//2852 2847//2847 
f 2847//2847 2852//2852 2846//2846 
f 2844//2844 2843//2843 2847//2847 
f 2848//2848 2844//2844 2847//2847 
f 2842//2842 2844//2844 2848//2848 
f 2851//2851 2857//2857 2853//2853 
f 2849//2849 2851//2851 2853//2853 
f 2852//2852 2858//2858 2851//2851 
f 2858//2858 2857//2857 2851//2851 
f 2850//2850 2854//2854 2858//2858 
f 2852//2852 2850//2850 2858//2858 
f 2853//2853 2857//2857 2855//2855 
f 2856//2856 2855//2855 2857//2857 
f 2858//2858 2856//2856 2857//2857 
f 2854//2854 2856//2856 2858//2858 
f 2859//2859 2865//2865 2863//2863 
f 2859//2859 2860//2860 2866//2866 
f 2865//2865 2859//2859 2866//2866 
f 2860//2860 2861//2861 2867//2867 
f 2866//2866 2860//2860 2867//2867 
f 2861//2861 2862//2862 2868//2868 
f 2867//2867 2861//2861 2868//2868 
f 2862//2862 2864//2864 2868//2868 
f 2865//2865 2873//2873 2869//2869 
f 2863//2863 2865//2865 2869//2869 
f 2866//2866 2874//2874 2865//2865 
f 2874//2874 2873//2873 2865//2865 
f 2867//2867 2875//2875 2866//2866 
f 2875//2875 2874//2874 2866//2866 
f 2868//2868 2876//2876 2867//2867 
f 2876//2876 2875//2875 2867//2867 
f 2864//2864 2870//2870 2876//2876 
f 2868//2868 2864//2864 2876//2876 
f 2873//2873 2879//2879 2877//2877 
f 2869//2869 2873//2873 2877//2877 
f 2874//2874 2880//2880 2873//2873 
f 2880//2880 2879//2879 2873//2873 
f 2875//2875 2881//2881 2874//2874 
f 2881//2881 2880//2880 2874//2874 
f 2876//2876 2882//2882 2875//2875 
f 2882//2882 2881//2881 2875//2875 
f 2870//2870 2871//2871 2883//2883 
f 2870//2870 2883//2883 2876//2876 
f 2876//2876 2883//2883 2882//2882 
f 2871//2871 2872//2872 2884//2884 
f 2883//2883 2871//2871 2884//2884 
f 2872//2872 2878//2878 2884//2884 
f 2879//2879 2889//2889 2885//2885 
f 2877//2877 2879//2879 2885//2885 
f 2880//2880 2890//2890 2879//2879 
f 2890//2890 2889//2889 2879//2879 
f 2881//2881 2891//2891 2880//2880 
f 2891//2891 2890//2890 2880//2880 
f 2882//2882 2892//2892 2881//2881 
f 2892//2892 2891//2891 2881//2881 
f 2883//2883 2893//2893 2882//2882 
f 2893//2893 2892//2892 2882//2882 
f 2884//2884 2894//2894 2883//2883 
f 2894//2894 2893//2893 2883//2883 
f 2878//2878 2886//2886 2894//2894 
f 2884//2884 2878//2878 2894//2894 
f 2885//2885 2889//2889 2887//2887 
f 2888//2888 2887//2887 2889//2889 
f 2890//2890 2888//2888 2889//2889 
f 2895//2895 2888//2888 2890//2890 
f 2895//2895 2890//2890 2897//2897 
f 2897//2897 2890//2890 2891//2891 
f 2892//2892 2898//2898 2891//2891 
f 2898//2898 2897//2897 2891//2891 
f 2893//2893 2899//2899 2892//2892 
f 2899//2899 2898//2898 2892//2892 
f 2894//2894 2900//2900 2893//2893 
f 2900//2900 2899//2899 2893//2893 
f 2886//2886 2896//2896 2900//2900 
f 2894//2894 2886//2886 2900//2900 
f 2897//2897 2907//2907 2901//2901 
f 2895//2895 2897//2897 2901//2901 
f 2898//2898 2908//2908 2897//2897 
f 2908//2908 2907//2907 2897//2897 
f 2899//2899 2909//2909 2898//2898 
f 2909//2909 2908//2908 2898//2898 
f 2900//2900 2910//2910 2899//2899 
f 2910//2910 2909//2909 2899//2899 
f 2896//2896 2902//2902 2910//2910 
f 2900//2900 2896//2896 2910//2910 
f 2901//2901 2907//2907 2903//2903 
f 2904//2904 2903//2903 2907//2907 
f 2908//2908 2904//2904 2907//2907 
f 2905//2905 2904//2904 2908//2908 
f 2909//2909 2905//2905 2908//2908 
f 2906//2906 2905//2905 2909//2909 
f 2910//2910 2906//2906 2909//2909 
f 2902//2902 2906//2906 2910//2910 
