#  3D Slicer output. SPACE=LPS

mtllib right adrenal gland.mtl

v -34.784793853759766 -8.222246170043945 -337.48681640625
v -34.20416259765625 -8.30991268157959 -337.5098876953125
v -35.15119552612305 -7.606363296508789 -337.90179443359375
v -34.233726501464844 -7.814204692840576 -337.8686828613281
v -36.48921203613281 -7.048499584197998 -337.752197265625
v -35.84442138671875 -7.124674320220947 -337.95751953125
v -35.183189392089844 -6.934916973114014 -338.113037109375
v -34.50025177001953 -7.082664966583252 -338.0888671875
v -33.56326675415039 -7.211518287658691 -337.99456787109375
v -32.583927154541016 -7.071471214294434 -337.846435546875
v -31.672752380371094 -7.0015549659729 -337.6525573730469
v -30.845033645629883 -6.904733180999756 -337.51837158203125
v -30.228435516357422 -6.799483299255371 -337.46533203125
v -29.887819290161133 -6.761157512664795 -337.3528747558594
v -36.7081413269043 -6.645727157592773 -337.63262939453125
v -36.21352767944336 -6.524896621704102 -337.8350524902344
v -35.51143264770508 -6.441593170166016 -338.0133056640625
v -34.77131271362305 -6.420254707336426 -338.0628967285156
v -33.9527473449707 -6.471860408782959 -337.980224609375
v -33.033226013183594 -6.482374668121338 -337.79833984375
v -32.08406066894531 -6.486916542053223 -337.60296630859375
v -31.202733993530273 -6.526362895965576 -337.4698181152344
v -30.477596282958984 -6.559109687805176 -337.386474609375
v -29.977262496948242 -6.603753566741943 -337.2839050292969
v -35.117984771728516 -8.577489852905273 -336.77996826171875
v -34.35681915283203 -8.560503005981445 -337.00970458984375
v -35.48944091796875 -8.149909973144531 -337.41424560546875
v -33.82538604736328 -8.480203628540039 -337.2186584472656
v -36.27507781982422 -8.355939865112305 -336.55084228515625
v -35.772193908691406 -8.42343521118164 -336.8728942871094
v -33.15094757080078 -8.390533447265625 -337.1695251464844
v -32.32792663574219 -8.351886749267578 -336.907958984375
v -31.69766616821289 -8.303284645080566 -336.6244201660156
v -31.329418182373047 -8.2733154296875 -336.27227783203125
v -35.815956115722656 -7.725059986114502 -337.7239685058594
v -33.71352005004883 -8.196603775024414 -337.62255859375
v -36.66696548461914 -7.3737263679504395 -337.50775146484375
v -36.315643310546875 -7.539999485015869 -337.6205139160156
v -33.55333709716797 -7.823014259338379 -337.8790588378906
v -32.95502471923828 -7.655119895935059 -337.8283996582031
v -32.145774841308594 -7.556009292602539 -337.61492919921875
v -31.216848373413086 -7.451486587524414 -337.24676513671875
v -30.421722412109375 -7.113289833068848 -337.2115478515625
v -30.006444931030273 -6.914496421813965 -337.2935485839844
v -36.740482330322266 -7.77972936630249 -336.94940185546875
v -36.105037689208984 -8.041906356811523 -337.2646789550781
v -33.20861053466797 -8.064567565917969 -337.6644592285156
v -32.60832977294922 -8.041214942932129 -337.45660400390625
v -31.855667114257812 -7.9825639724731445 -337.14215087890625
v -31.231201171875 -7.967221736907959 -336.6249084472656
v -36.95716857910156 -7.056617736816406 -337.32763671875
v -29.781139373779297 -6.855630874633789 -337.08746337890625
v -37.87970733642578 -7.040870189666748 -336.15625
v -37.36134719848633 -7.356405258178711 -336.5670471191406
v -36.992347717285156 -6.575727462768555 -337.38385009765625
v -29.702388763427734 -6.693291664123535 -337.0052795410156
v -36.699378967285156 -6.0714006423950195 -337.3316650390625
v -35.83380126953125 -5.903792381286621 -337.6583251953125
v -35.0626335144043 -5.8484673500061035 -337.7791748046875
v -34.28188705444336 -5.85172176361084 -337.74688720703125
v -33.44954299926758 -5.871415138244629 -337.57110595703125
v -32.480384826660156 -5.8548688888549805 -337.20330810546875
v -31.5065975189209 -6.053340435028076 -337.0465087890625
v -30.6978816986084 -6.222867965698242 -336.9620361328125
v -30.088592529296875 -6.378769874572754 -336.91009521484375
v -29.74773597717285 -6.518149375915527 -336.8487548828125
v -38.02790832519531 -6.587028503417969 -336.2692565917969
v -37.443756103515625 -6.570219993591309 -336.84027099609375
v -36.73099136352539 -5.36348819732666 -336.7355651855469
v -36.05892562866211 -5.386292934417725 -337.0819091796875
v -35.30504608154297 -5.345571041107178 -337.25860595703125
v -34.54999923706055 -5.338883399963379 -337.2884826660156
v -33.798980712890625 -5.362308025360107 -337.1881103515625
v -33.05729675292969 -5.384695529937744 -336.9491271972656
v -36.71269226074219 -4.965674877166748 -336.18634033203125
v -36.170005798339844 -4.945707321166992 -336.3859558105469
v -35.474300384521484 -4.929912090301514 -336.5443115234375
v -34.7401008605957 -4.929947853088379 -336.6104431152344
v -34.019065856933594 -4.961216449737549 -336.58526611328125
v -33.351539611816406 -5.0141215324401855 -336.4792175292969
v -36.37266159057617 -8.584917068481445 -335.691650390625
v -35.712886810302734 -8.68380069732666 -336.063720703125
v -35.0672492980957 -8.795272827148438 -336.006103515625
v -34.46940231323242 -8.747922897338867 -336.2403869628906
v -33.62790298461914 -8.64449691772461 -336.4922790527344
v -32.70779800415039 -8.57430648803711 -336.435546875
v -32.01445388793945 -8.51174545288086 -336.3399658203125
v -31.582414627075195 -8.441770553588867 -336.23065185546875
v -36.73078918457031 -8.269810676574707 -336.1596374511719
v -31.345319747924805 -8.364952087402344 -335.9361267089844
v -37.175559997558594 -7.9599738121032715 -336.01727294921875
v -30.966686248779297 -8.061086654663086 -335.79962158203125
v -38.17538070678711 -7.232606410980225 -335.3581237792969
v -37.68778991699219 -7.6032280921936035 -335.6960754394531
v -30.51295280456543 -7.523608207702637 -336.36138916015625
v -29.9652099609375 -7.079493999481201 -336.7557373046875
v -38.26736068725586 -6.810557842254639 -335.8173828125
v -29.627716064453125 -6.872808933258057 -336.46087646484375
v -38.357234954833984 -6.389904022216797 -335.84368896484375
v -29.527294158935547 -6.620001792907715 -336.3201599121094
v -37.928592681884766 -6.119060516357422 -336.32318115234375
v -37.344024658203125 -5.795907974243164 -336.67645263671875
v -31.718265533447266 -5.519843101501465 -336.29534912109375
v -30.864036560058594 -5.820298194885254 -336.21624755859375
v -30.15711212158203 -6.096005439758301 -336.1567687988281
v -29.693031311035156 -6.363856792449951 -336.1907958984375
v -37.2324104309082 -5.233275890350342 -336.2264709472656
v -32.44043731689453 -5.359768867492676 -336.5755920410156
v -36.99227523803711 -4.816246032714844 -335.6099853515625
v -32.74386978149414 -5.061948299407959 -336.2385559082031
v -36.31672668457031 -4.659104347229004 -335.60284423828125
v -35.602115631103516 -4.617118835449219 -335.6884765625
v -34.868656158447266 -4.620003700256348 -335.74920654296875
v -34.14154052734375 -4.657113552093506 -335.763427734375
v -33.459808349609375 -4.729652404785156 -335.7556457519531
v -32.95862579345703 -4.82640266418457 -335.7945251464844
v -36.49759292602539 -8.652294158935547 -334.80535888671875
v -35.93052673339844 -8.761978149414062 -335.05706787109375
v -35.26454162597656 -8.808744430541992 -335.2599792480469
v -34.67399978637695 -8.812952041625977 -335.525390625
v -33.885562896728516 -8.704793930053711 -335.3973083496094
v -32.957374572753906 -8.63386344909668 -335.6839294433594
v -32.222164154052734 -8.578216552734375 -335.8116455078125
v -31.686174392700195 -8.49653434753418 -335.86566162109375
v -36.89142608642578 -8.392810821533203 -335.3890686035156
v -31.347227096557617 -8.319795608520508 -335.41851806640625
v -33.77043151855469 -8.525371551513672 -334.30291748046875
v -33.04790115356445 -8.520030975341797 -334.7425842285156
v -32.2982177734375 -8.488869667053223 -335.0628662109375
v -31.79335594177246 -8.465587615966797 -335.35919189453125
v -37.37453079223633 -8.095157623291016 -335.0882568359375
v -30.952978134155273 -8.05929946899414 -334.89910888671875
v -38.41118621826172 -7.305788993835449 -334.3250732421875
v -37.86153793334961 -7.734584808349609 -334.73284912109375
v -30.333160400390625 -7.68052339553833 -334.89617919921875
v -29.767370223999023 -7.197260856628418 -335.5608825683594
v -33.680355072021484 -8.317768096923828 -333.5077209472656
v -33.08223342895508 -8.300792694091797 -333.7597351074219
v -32.31983184814453 -8.282291412353516 -334.1009216308594
v -31.553495407104492 -8.237576484680176 -334.57147216796875
v -38.612247467041016 -6.742954254150391 -335.15032958984375
v -29.38897705078125 -6.817924976348877 -335.510986328125
v -39.315391540527344 -6.634891033172607 -333.93951416015625
v -38.91831588745117 -6.843161582946777 -334.35162353515625
v -29.139636993408203 -6.697213649749756 -334.54290771484375
v -38.66226577758789 -6.193399429321289 -335.34521484375
v -29.355239868164062 -6.5039753913879395 -335.39385986328125
v -38.31000518798828 -5.876588821411133 -335.75885009765625
v -37.803138732910156 -5.564415454864502 -336.092041015625
v -31.59928321838379 -5.186271667480469 -335.4830322265625
v -30.9537296295166 -5.38865327835083 -335.2600402832031
v -30.206703186035156 -5.736637115478516 -335.1826171875
v -29.564523696899414 -6.129908561706543 -335.03143310546875
v -39.546573638916016 -6.165051460266113 -334.0173034667969
v -39.066017150878906 -6.291651725769043 -334.6484680175781
v -29.168880462646484 -6.410527229309082 -334.46087646484375
v -37.62518310546875 -5.0881028175354 -335.61083984375
v -32.14451217651367 -5.129003524780273 -335.8926696777344
v -39.692115783691406 -5.68159818649292 -333.79583740234375
v -39.262794494628906 -5.689752101898193 -334.3367919921875
v -38.668357849121094 -5.642127990722656 -335.0247802734375
v -38.13496780395508 -5.408215522766113 -335.5257568359375
v -31.863248825073242 -4.939162731170654 -335.09490966796875
v -31.281232833862305 -5.044960975646973 -334.7421569824219
v -37.33712387084961 -4.7087907791137695 -335.0064697265625
v -32.43901824951172 -4.861259460449219 -335.4504699707031
v -36.581729888916016 -4.438817501068115 -334.6593933105469
v -35.72845458984375 -4.383420944213867 -334.720947265625
v -34.96305847167969 -4.388141632080078 -334.7587585449219
v -34.216487884521484 -4.427897930145264 -334.77734375
v -33.48258590698242 -4.50204610824585 -334.79046630859375
v -32.74610137939453 -4.6331048011779785 -334.8612060546875
v -39.744903564453125 -5.270826816558838 -333.50341796875
v -39.388824462890625 -5.202198028564453 -333.87725830078125
v -38.80580520629883 -5.104184150695801 -334.3217468261719
v -38.05034255981445 -4.959702491760254 -334.83197021484375
v -32.11610412597656 -4.734361171722412 -334.6790771484375
v -31.546735763549805 -4.787039756774902 -334.2475891113281
v -36.530921936035156 -8.616292953491211 -333.9672546386719
v -36.114322662353516 -8.729923248291016 -334.28387451171875
v -35.47577667236328 -8.717287063598633 -334.21630859375
v -34.6170654296875 -8.699607849121094 -334.5960693359375
v -36.96993637084961 -8.44215202331543 -334.4870300292969
v -34.277225494384766 -8.453189849853516 -333.66229248046875
v -35.3673095703125 -8.497214317321777 -333.19683837890625
v -34.8932991027832 -8.562337875366211 -333.69842529296875
v -37.404014587402344 -8.142959594726562 -334.1238098144531
v -33.972965240478516 -8.213448524475098 -332.9544372558594
v -39.41374969482422 -6.756699085235596 -333.2601623535156
v -38.858985900878906 -7.080948352813721 -333.4845275878906
v -38.23759460449219 -7.471752166748047 -333.311767578125
v -37.827693939208984 -7.783102989196777 -333.69720458984375
v -33.254146575927734 -8.056807518005371 -332.722412109375
v -32.40801239013672 -8.042991638183594 -333.0215759277344
v -31.592105865478516 -8.003318786621094 -333.3351135253906
v -30.759418487548828 -7.859969139099121 -333.75537109375
v -30.0560359954834 -7.586097717285156 -333.6410217285156
v -29.656230926513672 -7.339870929718018 -334.13299560546875
v -29.304933547973633 -7.010746002197266 -334.4804382324219
v -35.26027297973633 -8.259892463684082 -332.4422607421875
v -34.66359329223633 -8.28244686126709 -332.8038330078125
v -39.64862823486328 -6.4528584480285645 -333.5992431640625
v -29.04850196838379 -6.848573684692383 -333.72393798828125
v -39.82611846923828 -6.07534646987915 -333.45892333984375
v -28.964757919311523 -6.553435325622559 -333.56427001953125
v -30.261493682861328 -5.360317230224609 -334.30743408203125
v -29.559898376464844 -5.675148963928223 -333.88177490234375
v -29.10851287841797 -6.1493754386901855 -333.65289306640625
v -39.91949462890625 -5.583798885345459 -333.23834228515625
v -30.760013580322266 -5.138719081878662 -334.3908996582031
v -30.37472915649414 -5.03544807434082 -333.6841125488281
v -29.786575317382812 -5.21543025970459 -333.36126708984375
v -39.86271667480469 -5.04002571105957 -332.98321533203125
v -30.93754005432129 -4.89654541015625 -333.9350891113281
v -39.49644470214844 -4.805266857147217 -333.33184814453125
v -38.939701080322266 -4.657471179962158 -333.6387634277344
v -38.21175003051758 -4.526102542877197 -333.90203857421875
v -37.30511474609375 -4.375553131103516 -334.0643005371094
v -36.47175979614258 -4.150915145874023 -333.62994384765625
v -35.799835205078125 -4.162740707397461 -333.6796569824219
v -35.028995513916016 -4.193544387817383 -333.695068359375
v -34.26970291137695 -4.243326187133789 -333.7048034667969
v -33.52075958251953 -4.309844970703125 -333.71905517578125
v -32.76500701904297 -4.401206970214844 -333.73590087890625
v -31.94644546508789 -4.535508155822754 -333.7208557128906
v -31.105077743530273 -4.630482196807861 -333.3419189453125
v -30.55419921875 -4.773545265197754 -333.24261474609375
v -29.99066162109375 -4.845893383026123 -332.8763122558594
v -36.50872802734375 -8.519315719604492 -333.3129577636719
v -36.02641677856445 -8.600068092346191 -333.4642028808594
v -36.92000961303711 -8.40611457824707 -333.6241455078125
v -35.79617691040039 -8.363639831542969 -332.6434326171875
v -36.695838928222656 -8.302604675292969 -332.87078857421875
v -36.265838623046875 -8.420395851135254 -332.84295654296875
v -37.24563217163086 -8.098816871643066 -333.1772155761719
v -35.551048278808594 -8.104085922241211 -331.9687194824219
v -39.49298858642578 -6.69935941696167 -332.70458984375
v -38.996910095214844 -6.9689154624938965 -332.51849365234375
v -38.30352020263672 -7.298934459686279 -332.48614501953125
v -37.55826950073242 -7.689845561981201 -332.5263671875
v -34.84986877441406 -7.952558994293213 -331.6749572753906
v -33.92357635498047 -7.939755916595459 -331.9633483886719
v -33.13878631591797 -7.800590991973877 -331.71600341796875
v -32.494998931884766 -7.8133463859558105 -331.943603515625
v -31.703413009643555 -7.802689075469971 -332.1438293457031
v -30.900657653808594 -7.741153240203857 -332.3727722167969
v -30.168067932128906 -7.592558860778809 -332.5845642089844
v -29.601896286010742 -7.370436191558838 -332.8839111328125
v -29.225767135620117 -7.101082801818848 -333.3275146484375
v -36.89192581176758 -8.002317428588867 -332.3819580078125
v -36.21574783325195 -8.10999870300293 -332.12939453125
v -39.74082565307617 -6.431782245635986 -333.0688781738281
v -28.938114166259766 -6.811082363128662 -332.7251892089844
v -39.67870330810547 -6.4034342765808105 -332.39520263671875
v -39.29667663574219 -6.699478626251221 -332.08245849609375
v -39.9190673828125 -5.940353870391846 -332.70538330078125
v -28.7503604888916 -6.331479549407959 -332.2745361328125
v -28.934680938720703 -5.755627155303955 -332.6291198730469
v -39.77749252319336 -6.033968925476074 -331.947509765625
v -39.43791198730469 -6.353747844696045 -331.6022033691406
v -40.002037048339844 -5.368626117706299 -332.6379699707031
v -29.26797866821289 -5.378782749176025 -332.88104248046875
v -28.829538345336914 -5.236625671386719 -331.9796142578125
v -39.986873626708984 -4.7293901443481445 -332.154541015625
v -29.375003814697266 -5.005288124084473 -332.49755859375
v -39.612422943115234 -4.433155059814453 -332.681884765625
v -39.0675048828125 -4.251086711883545 -332.96685791015625
v -38.37948989868164 -4.131340980529785 -333.1220703125
v -37.58488845825195 -4.04125452041626 -333.156982421875
v -36.74931335449219 -3.9590954780578613 -332.98468017578125
v -35.86528396606445 -3.912079334259033 -332.6229553222656
v -35.06793975830078 -3.994929790496826 -332.61712646484375
v -34.29928970336914 -4.067337512969971 -332.599853515625
v -33.55183410644531 -4.138302803039551 -332.63458251953125
v -32.80875778198242 -4.204392433166504 -332.6706237792969
v -32.06040954589844 -4.276895523071289 -332.68780517578125
v -31.26181411743164 -4.340612888336182 -332.5615234375
v -30.387020111083984 -4.473721981048584 -332.4193115234375
v -29.544008255004883 -4.590880870819092 -332.0549011230469
v -28.97225570678711 -4.782664775848389 -331.7702941894531
v -39.74140930175781 -3.9698243141174316 -332.0030212402344
v -39.196075439453125 -3.830385208129883 -332.30096435546875
v -38.5233268737793 -3.735625743865967 -332.40411376953125
v -37.76850891113281 -3.694272041320801 -332.38720703125
v -36.983978271484375 -3.684508800506592 -332.25872802734375
v -36.227081298828125 -3.6933183670043945 -332.0194091796875
v -39.83708572387695 -3.4965038299560547 -331.5439147949219
v -39.34626770019531 -3.373539447784424 -331.69439697265625
v -38.66362762451172 -3.3027052879333496 -331.7108459472656
v -37.909149169921875 -3.3181071281433105 -331.640380859375
v -37.1368293762207 -3.3722281455993652 -331.5047607421875
v -36.392845153808594 -3.445708751678467 -331.33184814453125
v -38.3748664855957 -7.068502902984619 -331.6714172363281
v -37.557220458984375 -7.290911674499512 -331.359375
v -36.63819885253906 -7.635068893432617 -331.37066650390625
v -35.560272216796875 -7.738983631134033 -331.0724182128906
v -34.76055908203125 -7.63087272644043 -330.6640319824219
v -34.117984771728516 -7.661831378936768 -330.8430480957031
v -33.34838104248047 -7.635283470153809 -330.90252685546875
v -32.588504791259766 -7.613348960876465 -330.9211730957031
v -31.816566467285156 -7.619166374206543 -331.00927734375
v -31.023906707763672 -7.605135440826416 -331.1395568847656
v -30.273555755615234 -7.529878616333008 -331.3395690917969
v -29.63689613342285 -7.367086410522461 -331.650634765625
v -29.176639556884766 -7.117915153503418 -332.11383056640625
v -38.86482620239258 -6.876373291015625 -331.7552185058594
v -28.820682525634766 -6.792259216308594 -331.4654846191406
v -38.47285461425781 -6.821858882904053 -331.0711364746094
v -37.868927001953125 -6.962883472442627 -330.7763671875
v -38.98052978515625 -6.633269786834717 -331.3212890625
v -28.51325225830078 -6.414735317230225 -330.8880310058594
v -39.57393264770508 -5.842375755310059 -330.9866027832031
v -39.007843017578125 -6.278562545776367 -330.668212890625
v -38.57417297363281 -6.559419631958008 -330.59814453125
v -38.02403259277344 -6.665849685668945 -330.22039794921875
v -39.96156311035156 -5.445730686187744 -331.8265075683594
v -28.33350944519043 -5.71904182434082 -331.0485534667969
v -27.73653221130371 -5.1447272300720215 -330.24273681640625
v -27.384017944335938 -5.042588710784912 -329.725830078125
v -40.11411666870117 -4.793858528137207 -331.2731628417969
v -28.301166534423828 -4.779374599456787 -330.9476318359375
v -35.094940185546875 -3.7913918495178223 -331.66827392578125
v -34.2998161315918 -3.8620471954345703 -331.44384765625
v -33.56138610839844 -3.961038589477539 -331.5740661621094
v -32.83966827392578 -4.018259048461914 -331.6528625488281
v -32.1096305847168 -4.056680202484131 -331.7297668457031
v -31.47296905517578 -4.109287261962891 -331.84320068359375
v -30.61838150024414 -4.021716117858887 -331.460693359375
v -29.700422286987305 -4.144954681396484 -331.4390869140625
v -28.958057403564453 -4.345953464508057 -331.2640686035156
v -27.773225784301758 -4.727661609649658 -330.3561096191406
v -27.48817253112793 -4.730415344238281 -329.9154968261719
v -40.19460678100586 -3.9795637130737305 -331.27117919921875
v -35.61771011352539 -3.6997079849243164 -331.6842041015625
v -40.9245491027832 -3.456580638885498 -330.369384765625
v -40.589141845703125 -3.823387622833252 -330.56951904296875
v -35.16485595703125 -3.5988569259643555 -330.956298828125
v -34.56056213378906 -3.67051362991333 -330.7423400878906
v -30.468320846557617 -3.592550754547119 -330.4488525390625
v -29.771591186523438 -3.6937594413757324 -330.6768798828125
v -29.036176681518555 -3.8325905799865723 -330.689453125
v -40.096187591552734 -3.2366514205932617 -331.2002258300781
v -35.74141311645508 -3.522825241088867 -331.1448669433594
v -39.61016082763672 -2.9465436935424805 -331.2176513671875
v -38.84162902832031 -2.7683138847351074 -331.015380859375
v -38.03672790527344 -2.887582778930664 -330.8876953125
v -37.24821853637695 -3.0138134956359863 -330.6913757324219
v -36.48201370239258 -3.1587600708007812 -330.53521728515625
v -35.77985763549805 -3.298044204711914 -330.4233093261719
v -41.03377914428711 -2.9331088066101074 -330.3955078125
v -40.56707763671875 -3.217935562133789 -330.8099060058594
v -35.279212951660156 -3.4238100051879883 -330.43096923828125
v -34.71695327758789 -3.4689903259277344 -330.1287841796875
v -30.3741455078125 -3.2891154289245605 -329.77532958984375
v -29.804956436157227 -3.3027291297912598 -329.91070556640625
v -29.11466407775879 -3.3887743949890137 -330.02972412109375
v -41.1489143371582 -2.3594021797180176 -330.2115478515625
v -40.719688415527344 -2.46889591217041 -330.5542297363281
v -40.071319580078125 -2.546679973602295 -330.8034973144531
v -39.29497146606445 -2.316558361053467 -330.63751220703125
v -41.218387603759766 -1.8771648406982422 -329.95501708984375
v -40.87816619873047 -1.8697500228881836 -330.227783203125
v -40.330291748046875 -1.8697500228881836 -330.382568359375
v -39.65164566040039 -1.816415786743164 -330.2911376953125
v -36.74043273925781 -7.189548015594482 -330.3387145996094
v -35.843421936035156 -7.277774810791016 -329.9598693847656
v -34.970794677734375 -7.377386093139648 -329.88397216796875
v -34.2244758605957 -7.406115531921387 -329.8763732910156
v -33.48970413208008 -7.421326637268066 -329.9261474609375
v -32.7164421081543 -7.426977157592773 -329.92694091796875
v -31.922531127929688 -7.444179058074951 -329.91510009765625
v -31.127225875854492 -7.46232271194458 -329.95501708984375
v -30.365299224853516 -7.439863681793213 -330.093505859375
v -29.68696403503418 -7.332932949066162 -330.3753967285156
v -29.150653839111328 -7.115960121154785 -330.8334045410156
v -37.29065704345703 -7.033586502075195 -330.4048156738281
v -28.694868087768555 -6.790900230407715 -330.1409912109375
v -36.84941482543945 -6.888425350189209 -329.67425537109375
v -36.23781204223633 -6.960189342498779 -329.37548828125
v -37.4156494140625 -6.789648532867432 -329.9248962402344
v -28.199016571044922 -6.2999725341796875 -329.59649658203125
v -39.57093811035156 -5.508971214294434 -330.1496887207031
v -39.01131057739258 -5.8342814445495605 -329.7278137207031
v -38.268924713134766 -6.271839141845703 -329.62628173828125
v -37.476646423339844 -6.494927406311035 -329.28857421875
v -27.7585391998291 -5.687880516052246 -329.73114013671875
v -27.461231231689453 -5.32907247543335 -329.6587829589844
v -36.97630310058594 -6.654763221740723 -329.2149658203125
v -36.45233917236328 -6.695139408111572 -328.875
v -39.923667907714844 -5.224120616912842 -330.7358093261719
v -27.279150009155273 -5.195450782775879 -329.31427001953125
v -39.80432891845703 -5.1038384437561035 -329.81646728515625
v -39.36166763305664 -5.404376983642578 -329.3362121582031
v -40.23710632324219 -4.488265514373779 -330.12457275390625
v -27.226543426513672 -4.824519157409668 -329.2181396484375
v -41.075538635253906 -3.518187999725342 -329.9618225097656
v -40.77348709106445 -3.858482837677002 -329.978515625
v -33.5251579284668 -3.774404525756836 -330.609130859375
v -32.862545013427734 -3.8197875022888184 -330.7052001953125
v -32.157325744628906 -3.840303421020508 -330.818359375
v -31.338560104370117 -3.822958469390869 -330.89959716796875
v -27.764415740966797 -4.31826114654541 -330.1050109863281
v -27.370166778564453 -4.41584587097168 -329.4949035644531
v -39.91867446899414 -4.812443256378174 -329.40020751953125
v -39.60945510864258 -5.025482177734375 -328.9803466796875
v -41.178165435791016 -3.2155990600585938 -330.1138000488281
v -34.002349853515625 -3.70255708694458 -330.4769592285156
v -30.97907257080078 -3.465437889099121 -329.9927062988281
v -28.369665145874023 -4.060864448547363 -330.5162353515625
v -41.23964309692383 -3.2463908195495605 -329.652587890625
v -40.98329544067383 -3.623664379119873 -329.41595458984375
v -33.541954040527344 -3.5840868949890137 -329.8475341796875
v -32.912410736083984 -3.599405288696289 -329.8641357421875
v -32.209922790527344 -3.600180149078369 -329.97760009765625
v -31.61827278137207 -3.6171317100524902 -330.1802062988281
v -27.923357009887695 -3.7462711334228516 -329.7997741699219
v -27.48171043395996 -3.9782166481018066 -329.3188171386719
v -41.31771469116211 -2.756166458129883 -329.8639221191406
v -34.11021423339844 -3.5388827323913574 -329.9329833984375
v -30.690563201904297 -3.164362907409668 -329.376220703125
v -28.473495483398438 -3.5451650619506836 -330.0234680175781
v -38.14870071411133 -2.419769763946533 -330.2264099121094
v -37.348411560058594 -2.5661230087280273 -329.7724609375
v -36.542213439941406 -2.8226733207702637 -329.6188049316406
v -35.78201675415039 -3.0237197875976562 -329.53424072265625
v -35.01213836669922 -3.216385841369629 -329.5401306152344
v -34.20438766479492 -3.3111572265625 -329.30303955078125
v -29.997814178466797 -2.970254421234131 -329.1421203613281
v -29.217159271240234 -3.022277355194092 -329.294921875
v -28.550888061523438 -3.1630635261535645 -329.39007568359375
v -41.36041259765625 -2.8831005096435547 -329.2724304199219
v -41.17363739013672 -3.245699405670166 -328.9688720703125
v -33.67166519165039 -3.4032106399536133 -329.31915283203125
v -33.070709228515625 -3.365349769592285 -329.15447998046875
v -32.307373046875 -3.3214688301086426 -329.171142578125
v -31.44801902770996 -3.2855749130249023 -329.3740234375
v -28.07651710510254 -3.3600449562072754 -329.4451904296875
v -27.669727325439453 -3.5045981407165527 -329.0723876953125
v -41.36711502075195 -2.1858811378479004 -329.7830505371094
v -38.67865753173828 -2.2202491760253906 -330.328125
v -38.25400924682617 -1.9711613655090332 -329.7129821777344
v -37.699554443359375 -2.1389007568359375 -329.3734130859375
v -41.37036895751953 -1.5900969505310059 -329.3647766113281
v -38.82312774658203 -1.6770720481872559 -329.779296875
v -41.0243034362793 -1.3725638389587402 -329.7758483886719
v -40.53173065185547 -1.3059377670288086 -329.96954345703125
v -39.93452835083008 -1.2888789176940918 -329.95672607421875
v -39.36407470703125 -1.2965798377990723 -329.76373291015625
v -38.2807502746582 -1.6550183296203613 -329.3232727050781
v -37.893009185791016 -1.7380952835083008 -328.9949951171875
v -41.14302444458008 -0.8780837059020996 -329.1860656738281
v -40.69454574584961 -0.790107250213623 -329.4654541015625
v -40.126121520996094 -0.7668614387512207 -329.51824951171875
v -39.5115852355957 -0.8155703544616699 -329.3753356933594
v -41.18944549560547 -0.4081845283508301 -328.6518859863281
v -40.829288482666016 -0.3103494644165039 -328.8973693847656
v -40.294002532958984 -0.26824474334716797 -329.0011291503906
v -39.69287872314453 -0.30913352966308594 -328.926025390625
v -35.04731750488281 -7.034194469451904 -328.8575439453125
v -34.31893539428711 -7.144463062286377 -328.95721435546875
v -33.59247589111328 -7.192862033843994 -328.983154296875
v -32.83145523071289 -7.22353458404541 -328.95465087890625
v -32.022727966308594 -7.255494594573975 -328.8561706542969
v -31.205427169799805 -7.299089431762695 -328.793212890625
v -30.43144989013672 -7.323908805847168 -328.8601989746094
v -29.727876663208008 -7.2727203369140625 -329.08599853515625
v -29.132259368896484 -7.1021318435668945 -329.51324462890625
v -35.66845703125 -6.961190700531006 -328.97930908203125
v -28.598081588745117 -6.8004608154296875 -328.7635803222656
v -35.885250091552734 -6.744480133056641 -328.5572509765625
v -28.090023040771484 -6.464827060699463 -328.0433349609375
v -38.22978591918945 -5.800223350524902 -328.4184265136719
v -37.4556770324707 -6.140756607055664 -328.39239501953125
v -36.70774841308594 -6.403326988220215 -328.3642883300781
v -36.08993148803711 -6.52921199798584 -328.170654296875
v -27.698362350463867 -5.990123748779297 -328.64947509765625
v -27.40585708618164 -5.531215667724609 -329.0487976074219
v -38.88309097290039 -5.559360980987549 -328.77288818359375
v -27.1934871673584 -5.225920677185059 -328.6680908203125
v -39.13905715942383 -5.243396759033203 -328.4549255371094
v -27.100276947021484 -4.8690080642700195 -328.40252685546875
v -39.900543212890625 -4.52500581741333 -328.57928466796875
v -39.3880729675293 -4.9094438552856445 -328.1927185058594
v -40.536190032958984 -4.0367960929870605 -329.136474609375
v -27.182781219482422 -4.362833499908447 -328.6290283203125
v -40.80586242675781 -3.5928964614868164 -328.55377197265625
v -27.33011245727539 -3.7772774696350098 -328.4875183105469
v -41.316986083984375 -2.709174156188965 -328.48504638671875
v -41.027748107910156 -3.1695127487182617 -328.22662353515625
v -36.55817413330078 -2.4330735206604004 -328.5525817871094
v -35.81039810180664 -2.7059078216552734 -328.5424499511719
v -35.06027603149414 -2.897965908050537 -328.5452880859375
v -34.28207778930664 -3.0272960662841797 -328.5235595703125
v -33.46563720703125 -3.125011920928955 -328.5694885253906
v -32.572113037109375 -3.0394792556762695 -328.42333984375
v -31.685304641723633 -2.9338955879211426 -328.4668273925781
v -30.719078063964844 -2.8334736824035645 -328.6239318847656
v -29.961240768432617 -2.634549140930176 -328.40283203125
v -29.344999313354492 -2.696371078491211 -328.5106201171875
v -28.648685455322266 -2.8493404388427734 -328.5986328125
v -27.99761199951172 -3.125596046447754 -328.69183349609375
v -27.54176902770996 -3.3774495124816895 -328.3892822265625
v -41.45361328125 -2.2757768630981445 -329.1511535644531
v -37.16875457763672 -2.227020263671875 -328.85711669921875
v -41.513885498046875 -1.6197681427001953 -328.6750793457031
v -37.371490478515625 -1.8808603286743164 -328.49346923828125
v -38.16807174682617 -1.2449383735656738 -328.6588134765625
v -37.59743118286133 -1.5085577964782715 -328.2446594238281
v -41.424381256103516 -0.9113550186157227 -328.55340576171875
v -38.88713073730469 -0.986170768737793 -329.1134033203125
v -41.31226348876953 -0.16831159591674805 -328.0602722167969
v -39.06467056274414 -0.400388240814209 -328.6327819824219
v -40.96023941040039 0.09562969207763672 -328.28973388671875
v -40.4515266418457 0.19164085388183594 -328.4219665527344
v -39.85252380371094 0.16553401947021484 -328.4169006347656
v -39.30486297607422 0.041103363037109375 -328.30712890625
v -34.82244110107422 -6.78485631942749 -328.00543212890625
v -34.34035873413086 -6.876897811889648 -328.0867004394531
v -33.67045974731445 -6.9471001625061035 -328.1016845703125
v -32.93735885620117 -6.998324394226074 -328.05712890625
v -32.154571533203125 -7.044064998626709 -327.9199523925781
v -31.259368896484375 -7.084846496582031 -327.6040954589844
v -30.466175079345703 -7.170140743255615 -327.6448974609375
v -29.74730682373047 -7.17618465423584 -327.78448486328125
v -29.118751525878906 -7.069742679595947 -328.1689147949219
v -35.32759094238281 -6.778359413146973 -328.2689208984375
v -28.55331802368164 -6.817138195037842 -327.3660583496094
v -34.983097076416016 -6.579375267028809 -327.54351806640625
v -34.39515686035156 -6.620335578918457 -327.37060546875
v -33.74530029296875 -6.683492660522461 -327.2999572753906
v -33.032955169677734 -6.74748420715332 -327.22998046875
v -32.29277038574219 -6.8108439445495605 -327.11065673828125
v -31.559932708740234 -6.8718791007995605 -326.9027099609375
v -35.55727005004883 -6.544351577758789 -327.81396484375
v -28.058910369873047 -6.512749195098877 -326.67388916015625
v -37.948299407958984 -5.482757091522217 -327.18603515625
v -37.37199401855469 -5.7729363441467285 -327.32293701171875
v -36.65351867675781 -6.029093265533447 -327.35015869140625
v -35.86962127685547 -6.257450580596924 -327.3385925292969
v -27.655065536499023 -6.114459037780762 -327.38641357421875
v -27.35245132446289 -5.656111240386963 -328.0749206542969
v -35.200775146484375 -6.359314918518066 -327.1348571777344
v -34.587799072265625 -6.350672245025635 -326.7868347167969
v -33.86622619628906 -6.396806240081787 -326.57733154296875
v -33.131324768066406 -6.466829776763916 -326.44696044921875
v -32.390628814697266 -6.5486907958984375 -326.322509765625
v -31.674182891845703 -6.640028953552246 -326.1754150390625
v -38.58480453491211 -5.398523807525635 -327.8741149902344
v -27.13892364501953 -5.23829460144043 -327.720703125
v -38.904537200927734 -5.019402503967285 -327.521240234375
v -27.069913864135742 -4.7263264656066895 -327.58209228515625
v -39.72736740112305 -4.173099994659424 -327.29534912109375
v -39.30158615112305 -4.610860347747803 -327.3936767578125
v -40.288185119628906 -3.9228320121765137 -327.99578857421875
v -27.144515991210938 -4.13508415222168 -327.57989501953125
v -40.59296798706055 -3.3220410346984863 -327.4555969238281
v -27.335834503173828 -3.585481643676758 -327.6710205078125
v -41.31122970581055 -2.3375868797302246 -327.7511901855469
v -41.03634262084961 -2.7774453163146973 -327.5879211425781
v -36.355255126953125 -2.173280715942383 -327.5848693847656
v -35.78841781616211 -2.358400821685791 -327.4549865722656
v -35.098289489746094 -2.5907039642333984 -327.5938415527344
v -34.367679595947266 -2.7224183082580566 -327.65386962890625
v -33.597660064697266 -2.7890920639038086 -327.71539306640625
v -32.90401840209961 -2.81374454498291 -327.82403564453125
v -32.052101135253906 -2.581930160522461 -327.5738525390625
v -31.08135414123535 -2.49483585357666 -327.7715759277344
v -30.27334213256836 -2.4051785469055176 -327.8404235839844
v -29.568326950073242 -2.3901820182800293 -327.8009338378906
v -28.82465171813965 -2.5353193283081055 -327.640625
v -28.16324234008789 -2.85642147064209 -327.8242492675781
v -27.665794372558594 -3.177928924560547 -327.80718994140625
v -41.47653579711914 -2.0222067832946777 -328.2455139160156
v -36.83926010131836 -2.0443320274353027 -328.00762939453125
v -41.38471984863281 -1.7985105514526367 -327.412841796875
v -41.08586120605469 -2.2184133529663086 -326.97467041015625
v -36.51726150512695 -1.8697381019592285 -327.153564453125
v -36.010887145996094 -2.007913589477539 -326.8121337890625
v -32.02790069580078 -2.1355152130126953 -326.68927001953125
v -31.299579620361328 -2.1389007568359375 -326.9896240234375
v -30.54795265197754 -2.099001407623291 -327.1586608886719
v -29.873884201049805 -2.092432975769043 -327.1933288574219
v -29.266250610351562 -2.171754837036133 -327.0390625
v -41.51156997680664 -1.2472033500671387 -327.8369140625
v -37.012054443359375 -1.5352249145507812 -327.39862060546875
v -37.935794830322266 -0.7396459579467773 -327.7847900390625
v -37.54890060424805 -1.08109712600708 -327.6224060058594
v -41.41270065307617 -1.2373089790344238 -327.0451354980469
v -41.18334197998047 -1.5885233879089355 -326.594482421875
v -36.583473205566406 -1.6054511070251465 -326.7934875488281
v -36.22026443481445 -1.6544103622436523 -326.4226989746094
v -31.997764587402344 -1.7983078956604004 -326.1196594238281
v -31.428314208984375 -1.7665982246398926 -326.29071044921875
v -30.748008728027344 -1.7601490020751953 -326.48199462890625
v -30.123233795166016 -1.7874836921691895 -326.59747314453125
v -29.589962005615234 -1.8594980239868164 -326.557373046875
v -41.4778938293457 -0.5350828170776367 -327.7667541503906
v -38.43756866455078 -0.5781888961791992 -328.22265625
v -38.03727722167969 -0.2633333206176758 -327.40057373046875
v -37.548614501953125 -0.5154967308044434 -327.007080078125
v -41.3701057434082 0.14431476593017578 -327.24798583984375
v -38.62186813354492 0.11141300201416016 -327.6421813964844
v -41.087196350097656 0.4456043243408203 -327.6291198730469
v -40.6148681640625 0.6049394607543945 -327.80401611328125
v -40.006412506103516 0.6268501281738281 -327.8366394042969
v -39.33992385864258 0.4947662353515625 -327.7554626464844
v -38.0843505859375 0.10733604431152344 -327.08544921875
v -37.69862747192383 0.025463104248046875 -326.68487548828125
v -41.167877197265625 0.8006095886230469 -327.00537109375
v -40.782691955566406 0.9614229202270508 -327.1982421875
v -40.20149612426758 1.051950454711914 -327.2439880371094
v -39.512718200683594 1.014876365661621 -327.1829528808594
v -41.1905632019043 1.0729074478149414 -326.61395263671875
v -40.94368362426758 1.2085914611816406 -326.7056579589844
v -40.427337646484375 1.3792037963867188 -326.67138671875
v -39.7410888671875 1.4655828475952148 -326.62322998046875
v -30.47090721130371 -6.994235515594482 -326.59246826171875
v -29.735733032226562 -7.02824592590332 -326.4185791015625
v -29.097461700439453 -7.000136375427246 -326.8159484863281
v -30.959308624267578 -6.904816627502441 -326.5799255371094
v -28.527307510375977 -6.779265403747559 -326.04010009765625
v -30.50887680053711 -6.8152546882629395 -325.8358154296875
v -29.968059539794922 -6.882596015930176 -325.6263427734375
v -31.047069549560547 -6.731510162353516 -326.009765625
v -28.075504302978516 -6.490564346313477 -325.400146484375
v -37.83523941040039 -5.232512950897217 -326.39788818359375
v -37.2823371887207 -5.405020713806152 -326.2538146972656
v -36.62567138671875 -5.668330192565918 -326.3760986328125
v -35.88198471069336 -5.862867832183838 -326.36651611328125
v -35.00639343261719 -6.033170223236084 -326.2752990722656
v -34.06187438964844 -6.069159507751465 -325.8838195800781
v -33.25344467163086 -6.150329113006592 -325.6814270019531
v -32.47982406616211 -6.25154972076416 -325.51983642578125
v -31.732105255126953 -6.372833251953125 -325.3762512207031
v -31.053661346435547 -6.5117597579956055 -325.277587890625
v -27.659725189208984 -6.143009662628174 -326.0893249511719
v -27.332687377929688 -5.699813365936279 -326.902099609375
v -30.59036636352539 -6.6439032554626465 -325.29962158203125
v -30.10312271118164 -6.700778007507324 -325.0169372558594
v -38.33130645751953 -5.14829158782959 -326.88525390625
v -27.139686584472656 -5.199289321899414 -326.58721923828125
v -38.047611236572266 -4.946494102478027 -326.044677734375
v -37.52265167236328 -5.052351951599121 -325.67767333984375
v -38.611412048339844 -4.666423797607422 -326.3354187011719
v -27.099979400634766 -4.608345031738281 -326.4360046386719
v -39.574195861816406 -3.904998302459717 -326.4645080566406
v -39.20116424560547 -4.232418537139893 -326.45013427734375
v -38.156009674072266 -4.703640937805176 -325.7184143066406
v -37.777923583984375 -4.729044437408447 -325.33502197265625
v -40.01380157470703 -3.694021701812744 -326.9097595214844
v -27.239072799682617 -3.9241909980773926 -326.5038757324219
v -39.669586181640625 -3.516554832458496 -325.9931945800781
v -39.218475341796875 -3.805708885192871 -325.739013671875
v -27.576457977294922 -3.6089420318603516 -325.09234619140625
v -27.32710838317871 -3.928840160369873 -325.4457092285156
v -40.1417236328125 -3.165590763092041 -326.3053894042969
v -27.461265563964844 -3.3954739570617676 -327.0565490722656
v -35.08310317993164 -2.285909652709961 -326.7104797363281
v -34.43814468383789 -2.4131178855895996 -326.8232421875
v -33.71773910522461 -2.4763941764831543 -326.92919921875
v -32.8658332824707 -2.447950839996338 -327.02099609375
v -28.27483367919922 -2.7132153511047363 -326.984130859375
v -27.810955047607422 -3.049623966217041 -326.9798278808594
v -39.734458923339844 -3.0759811401367188 -325.4852600097656
v -39.29050064086914 -3.332054615020752 -325.1570129394531
v -28.0313720703125 -2.964627742767334 -325.82275390625
v -27.527820587158203 -3.4505605697631836 -326.1736755371094
v -40.640140533447266 -2.690255641937256 -326.6088562011719
v -35.52093505859375 -2.0967483520507812 -326.53564453125
v -32.5810546875 -2.0143628120422363 -326.263916015625
v -28.703832626342773 -2.370762825012207 -326.455810546875
v -35.07542419433594 -1.9654154777526855 -326.00250244140625
v -34.502838134765625 -2.0783066749572754 -326.08819580078125
v -33.81626510620117 -2.139294147491455 -326.2139587402344
v -33.211769104003906 -2.1921634674072266 -326.39654541015625
v -28.538406372070312 -2.4482369422912598 -325.360595703125
v -40.71310806274414 -1.9369840621948242 -325.93072509765625
v -35.56525802612305 -1.6748785972595215 -325.88641357421875
v -32.33188247680664 -1.6393780708312988 -325.7856750488281
v -29.1689395904541 -1.9904732704162598 -326.3607177734375
v -41.25852584838867 -0.9340286254882812 -326.37579345703125
v -40.97486877441406 -1.2788653373718262 -325.89788818359375
v -36.5274772644043 -1.2301087379455566 -326.28759765625
v -36.01143264770508 -1.3189435005187988 -325.7931213378906
v -31.663883209228516 -1.3744592666625977 -325.6589050292969
v -30.916141510009766 -1.3770818710327148 -325.8306884765625
v -30.283523559570312 -1.4513611793518066 -325.95355224609375
v -29.819833755493164 -1.5906691551208496 -326.0843200683594
v -29.408729553222656 -1.7003297805786133 -325.8523864746094
v -35.0626106262207 -1.703321933746338 -325.57861328125
v -34.6156005859375 -1.713418960571289 -325.5093688964844
v -33.914817810058594 -1.7325162887573242 -325.5647277832031
v -33.07566833496094 -1.756751537322998 -325.7577819824219
v -28.965686798095703 -2.0116686820983887 -325.689208984375
v -41.442047119140625 -0.5560159683227539 -327.01025390625
v -37.05601501464844 -0.8659243583679199 -326.65496826171875
v -41.25891876220703 -0.24074316024780273 -326.17059326171875
v -40.98007583618164 -0.6518244743347168 -325.6100769042969
v -36.61197280883789 -0.6002902984619141 -325.7684020996094
v -36.09865951538086 -0.8152246475219727 -325.4059143066406
v -41.37397003173828 0.12021064758300781 -326.60308837890625
v -37.07038116455078 -0.1089930534362793 -325.9852600097656
v -38.059627532958984 0.5377531051635742 -326.645751953125
v -37.48447799682617 0.41725635528564453 -326.0965576171875
v -41.20317840576172 0.4391908645629883 -326.03399658203125
v -40.976097106933594 0.09410381317138672 -325.45062255859375
v -36.61686325073242 -0.18509626388549805 -325.4298095703125
v -36.24065017700195 -0.2500176429748535 -325.0924987792969
v -41.28853225708008 0.70953369140625 -326.5570373535156
v -38.78627014160156 0.8251428604125977 -327.0039367675781
v -41.09489822387695 1.0063886642456055 -326.02349853515625
v -40.89511489868164 0.8035182952880859 -325.4342956542969
v -38.26801681518555 1.243424415588379 -326.2335510253906
v -37.607967376708984 0.9875297546386719 -325.84210205078125
v -41.188072204589844 1.122117042541504 -326.3528747558594
v -39.00438690185547 1.4165878295898438 -326.513427734375
v -41.06559753417969 1.2835979461669922 -326.4190673828125
v -40.72405242919922 1.4575719833374023 -326.253173828125
v -39.977027893066406 1.8560171127319336 -325.8906555175781
v -39.262474060058594 1.845717430114746 -326.1136474609375
v -41.00082015991211 1.306319236755371 -326.1389465332031
v -40.66158676147461 1.432490348815918 -325.6217956542969
v -38.503562927246094 1.9384145736694336 -325.8392639160156
v -37.74940872192383 1.6685009002685547 -325.56005859375
v -39.61941146850586 2.4586915969848633 -325.28179931640625
v -39.07622146606445 2.3935556411743164 -325.59112548828125
v -38.38614273071289 2.5279998779296875 -325.44219970703125
v -37.85292053222656 2.3255348205566406 -325.3115234375
v -39.64719772338867 2.8217077255249023 -324.8361511230469
v -39.17823028564453 2.9519081115722656 -325.1219177246094
v -38.572906494140625 2.9767751693725586 -325.21478271484375
v -37.963356018066406 2.901339530944824 -325.110595703125
v -29.02827262878418 -6.889581680297852 -325.4678039550781
v -29.483116149902344 -6.8984150886535645 -325.336669921875
v -28.50835418701172 -6.702029705047607 -324.8985595703125
v -29.60416030883789 -6.769073009490967 -324.7898864746094
v -28.1705265045166 -6.432545185089111 -324.28594970703125
v -36.5894660949707 -5.3289055824279785 -325.5107116699219
v -35.945655822753906 -5.496227741241455 -325.5151062011719
v -35.17973327636719 -5.615413188934326 -325.40338134765625
v -34.25582504272461 -5.659794807434082 -325.065673828125
v -33.388675689697266 -5.792224407196045 -324.90203857421875
v -32.57855224609375 -5.915069580078125 -324.69073486328125
v -31.790184020996094 -6.06689453125 -324.508056640625
v -31.028152465820312 -6.242072582244873 -324.38348388671875
v -30.30883026123047 -6.458938121795654 -324.41888427734375
v -29.736650466918945 -6.5962910652160645 -324.3118591308594
v -27.73212242126465 -6.119966506958008 -324.8005676269531
v -27.365446090698242 -5.694127082824707 -325.6247253417969
v -37.027774810791016 -5.126094818115234 -325.3848876953125
v -27.195823669433594 -5.165910720825195 -325.29150390625
v -36.58876419067383 -4.994308948516846 -324.81378173828125
v -36.023319244384766 -5.141174793243408 -324.78656005859375
v -35.34733200073242 -5.250978469848633 -324.6939697265625
v -34.629608154296875 -5.3191423416137695 -324.51873779296875
v -37.1113166809082 -4.720735549926758 -324.7329406738281
v -27.195430755615234 -4.539215564727783 -325.05633544921875
v -38.15573501586914 -4.3845295906066895 -325.2176208496094
v -37.62359619140625 -4.430651664733887 -324.7073974609375
v -27.599489212036133 -3.8407206535339355 -323.9815979003906
v -27.354013442993164 -4.181349277496338 -324.37030029296875
v -36.58638000488281 -4.729259014129639 -324.34625244140625
v -36.14333724975586 -4.777562618255615 -324.1815185546875
v -35.488555908203125 -4.878413677215576 -324.041015625
v -34.79914855957031 -4.972076416015625 -323.89996337890625
v -38.72880935668945 -4.116570949554443 -325.54180908203125
v -27.840877532958984 -3.353285789489746 -324.6641540527344
v -38.33644485473633 -3.882300853729248 -324.67236328125
v -37.807498931884766 -4.039573669433594 -324.31463623046875
v -38.81897735595703 -3.6357998847961426 -324.9267578125
v -28.188026428222656 -2.930569648742676 -324.593994140625
v -39.42322540283203 -2.728092670440674 -324.5994873046875
v -38.85481262207031 -3.1391024589538574 -324.308837890625
v -28.5614013671875 -2.45894193649292 -324.3885803222656
v -38.463783264160156 -3.4679055213928223 -324.23876953125
v -38.013160705566406 -3.579533100128174 -323.8785095214844
v -40.11019515991211 -2.536439895629883 -325.4697265625
v -28.829038619995117 -2.090167999267578 -324.9476623535156
v -40.246726989746094 -1.875472068786621 -325.02667236328125
v -29.208337783813477 -1.6382575035095215 -324.8871154785156
v -34.9151496887207 -1.2972116470336914 -325.1321105957031
v -34.120548248291016 -1.2702465057373047 -325.01788330078125
v -33.29246139526367 -1.23215913772583 -325.09796142578125
v -32.365108489990234 -1.1651158332824707 -325.2470703125
v -31.6291446685791 -0.8946061134338379 -325.1355285644531
v -31.056917190551758 -0.9280920028686523 -325.2434997558594
v -30.421781539916992 -1.0172605514526367 -325.28436279296875
v -29.791427612304688 -1.2790560722351074 -325.28973388671875
v -40.55396270751953 -1.199328899383545 -325.0759582519531
v -35.54541015625 -1.0416150093078613 -325.1817321777344
v -35.004188537597656 -0.6669163703918457 -324.595458984375
v -34.34276580810547 -0.7482647895812988 -324.55169677734375
v -33.54438400268555 -0.6904959678649902 -324.5665283203125
v -32.6859130859375 -0.6091117858886719 -324.6703796386719
v -31.89544677734375 -0.5261778831481934 -324.759033203125
v -31.21933937072754 -0.44585466384887695 -324.763671875
v -30.59210777282715 -0.4785895347595215 -324.70452880859375
v -30.008018493652344 -0.6743431091308594 -324.5263977050781
v -40.622413635253906 -0.31877756118774414 -324.7965087890625
v -35.541831970214844 -0.26786327362060547 -324.6054382324219
v -36.51213836669922 0.3018617630004883 -325.0570373535156
v -35.97221374511719 0.2120494842529297 -324.6035461425781
v -35.00144577026367 -0.23779869079589844 -324.28460693359375
v -34.531436920166016 -0.2149820327758789 -324.1825866699219
v -33.81325149536133 -0.15652179718017578 -324.15020751953125
v -32.92788314819336 0.04036426544189453 -324.163818359375
v -32.069278717041016 0.036454200744628906 -324.31787109375
v -31.446575164794922 -0.022876262664794922 -324.4237060546875
v -30.789899826049805 0.1643657684326172 -324.2161865234375
v -30.180036544799805 -0.04607439041137695 -324.0212707519531
v -40.63862609863281 0.4766702651977539 -324.729248046875
v -37.054718017578125 0.6675004959106445 -325.4537353515625
v -36.566532135009766 1.0798931121826172 -324.7747497558594
v -36.018192291259766 0.8218765258789062 -324.4009094238281
v -32.15918731689453 0.7317781448364258 -323.90606689453125
v -31.324434280395508 0.6546974182128906 -323.9772033691406
v -40.523231506347656 1.2283802032470703 -324.76220703125
v -37.12934112548828 1.3818979263305664 -325.17694091796875
v -36.631656646728516 1.8213987350463867 -324.5965270996094
v -36.05265808105469 1.5584230422973633 -324.2224426269531
v -32.00713348388672 1.3259649276733398 -323.6636047363281
v -31.506179809570312 1.3219356536865234 -323.6536865234375
v -40.11392593383789 2.1186113357543945 -324.7823791503906
v -37.231136322021484 2.086949348449707 -324.9882507324219
v -36.731422424316406 2.5589704513549805 -324.4882507324219
v -36.104095458984375 2.309727668762207 -324.11676025390625
v -39.85554122924805 3.0486345291137695 -324.1341857910156
v -37.3642578125 2.7550697326660156 -324.8556823730469
v -39.330482482910156 3.4009456634521484 -324.6451416015625
v -38.73274230957031 3.500032424926758 -324.8814392089844
v -38.09339904785156 3.4503936767578125 -324.89117431640625
v -37.558292388916016 3.2810449600219727 -324.7776794433594
v -36.907352447509766 3.3417701721191406 -324.4092102050781
v -36.18244934082031 3.064274787902832 -324.0544128417969
v -39.5030632019043 3.894472122192383 -324.1029357910156
v -38.90873336791992 4.056406021118164 -324.4929504394531
v -38.239906311035156 4.037141799926758 -324.6213073730469
v -37.48909378051758 3.912067413330078 -324.5059814453125
v -36.801170349121094 4.034185409545898 -324.18621826171875
v -36.24247360229492 3.7945032119750977 -323.97918701171875
v -39.64580154418945 4.3773651123046875 -323.6629943847656
v -39.12476348876953 4.707193374633789 -324.0731506347656
v -38.38565444946289 4.694843292236328 -324.328125
v -37.768341064453125 4.525160789489746 -324.3663330078125
v -37.0381965637207 4.673933982849121 -324.1192932128906
v -36.313175201416016 4.4681549072265625 -323.8966369628906
v -38.52562713623047 5.501842498779297 -324.0621643066406
v -37.64094161987305 5.275130271911621 -324.10455322265625
v -38.44047927856445 6.383180618286133 -323.9466857910156
v -37.771202087402344 6.143712997436523 -323.9566345214844
v -38.43410110473633 7.166004180908203 -323.91925048828125
v -37.79716491699219 6.950187683105469 -323.89947509765625
v -38.463531494140625 8.00321102142334 -323.9762878417969
v -37.799442291259766 7.734012603759766 -323.9239196777344
v -39.426719665527344 8.745193481445312 -323.718505859375
v -38.849342346191406 8.622932434082031 -323.9925842285156
v -38.19745635986328 8.762788772583008 -324.10552978515625
v -37.73099136352539 8.497262001037598 -324.0185852050781
v -39.48848342895508 9.44526195526123 -323.7356262207031
v -38.89858627319336 9.444069862365723 -324.0911560058594
v -38.223289489746094 9.399676322937012 -324.21295166015625
v -37.615596771240234 9.229588508605957 -324.1540222167969
v -34.87749099731445 9.871482849121094 -323.7981872558594
v -34.45438003540039 9.842801094055176 -323.6376953125
v -39.565086364746094 10.158371925354004 -323.7148742675781
v -38.956581115722656 10.204768180847168 -324.1500549316406
v -38.23064422607422 10.189104080200195 -324.3397216796875
v -37.40692138671875 10.072565078735352 -324.3140869140625
v -35.053871154785156 10.493946075439453 -323.97802734375
v -34.488285064697266 10.34841537475586 -323.7408752441406
v -39.65488815307617 10.842728614807129 -323.6434326171875
v -39.042091369628906 10.954666137695312 -324.1512451171875
v -38.291011810302734 10.987997055053711 -324.428466796875
v -37.46484375 10.951662063598633 -324.48297119140625
v -36.558841705322266 10.862112045288086 -324.3721008300781
v -35.6114501953125 10.953474044799805 -324.20391845703125
v -34.96099853515625 11.1647367477417 -324.0431213378906
v -34.53148651123047 10.968637466430664 -323.81976318359375
v -39.761173248291016 11.365032196044922 -323.5153503417969
v -39.19236755371094 11.708521842956543 -324.07757568359375
v -38.37748718261719 11.785387992858887 -324.4532470703125
v -37.54515838623047 11.776566505432129 -324.58392333984375
v -36.708866119384766 11.740612983703613 -324.53314208984375
v -35.88200759887695 11.727643013000488 -324.36456298828125
v -35.15205383300781 11.732101440429688 -324.1293029785156
v -34.58340072631836 11.632180213928223 -323.8326721191406
v -38.48577880859375 12.63890266418457 -324.4485168457031
v -37.6018180847168 12.589669227600098 -324.6162414550781
v -36.80750274658203 12.52739429473877 -324.6080322265625
v -36.047767639160156 12.509441375732422 -324.45416259765625
v -35.32497787475586 12.47859001159668 -324.18267822265625
v -34.70391082763672 12.352347373962402 -323.8140563964844
v -38.35413360595703 13.613486289978027 -324.51556396484375
v -37.589908599853516 13.429117202758789 -324.6195983886719
v -36.81727600097656 13.310456275939941 -324.5950622558594
v -36.20848846435547 13.146448135375977 -324.49359130859375
v -35.4914665222168 13.329315185546875 -324.1833190917969
v -34.84184646606445 13.106989860534668 -323.7865905761719
v -39.334903717041016 14.20278549194336 -323.937744140625
v -38.7492790222168 14.159560203552246 -324.371826171875
v -38.06376647949219 14.392399787902832 -324.6026306152344
v -37.51951599121094 14.241242408752441 -324.62225341796875
v -36.80326843261719 14.115238189697266 -324.5394287109375
v -36.00808334350586 13.961935043334961 -324.31524658203125
v -39.38553237915039 14.869117736816406 -323.90960693359375
v -38.817893981933594 14.906907081604004 -324.3547058105469
v -38.176513671875 14.950990676879883 -324.5736389160156
v -37.518882751464844 14.957833290100098 -324.59637451171875
v -36.85299301147461 14.87431526184082 -324.4732971191406
v -36.16840744018555 14.778804779052734 -324.2317199707031
v -39.46303176879883 15.589499473571777 -323.89910888671875
v -38.88813400268555 15.617132186889648 -324.33453369140625
v -38.27284622192383 15.61422348022461 -324.5401611328125
v -37.62397766113281 15.629076957702637 -324.5294494628906
v -36.94635772705078 15.592598915100098 -324.3582458496094
v -36.30001449584961 15.464258193969727 -324.09912109375
v -39.58625793457031 16.35899543762207 -323.9036865234375
v -38.97733688354492 16.367889404296875 -324.2984619140625
v -38.332794189453125 16.330074310302734 -324.4602966308594
v -37.78840255737305 16.202545166015625 -324.46795654296875
v -37.10272216796875 16.387128829956055 -324.166748046875
v -36.40604019165039 16.146469116210938 -323.8604736328125
v -39.777626037597656 17.17395782470703 -323.9410400390625
v -39.127586364746094 17.15814971923828 -324.24212646484375
v -38.429283142089844 17.13094711303711 -324.33245849609375
v -37.66147994995117 16.9921875 -324.19879150390625
v -39.994991302490234 18.118572235107422 -324.0079040527344
v -39.35765075683594 17.854690551757812 -324.1708068847656
v -38.64801025390625 18.036056518554688 -324.14495849609375
v -37.901451110839844 17.830848693847656 -324.01544189453125
v -41.01569747924805 18.94152069091797 -323.85406494140625
v -40.55231857299805 18.790483474731445 -323.98681640625
v -39.972198486328125 19.015766143798828 -323.9962158203125
v -39.26641845703125 18.75197982788086 -323.96728515625
v -41.14214324951172 19.578838348388672 -323.8369140625
v -40.84478759765625 19.438861846923828 -323.97198486328125
v -40.395591735839844 19.686389923095703 -323.86712646484375
v -39.63486099243164 19.627761840820312 -323.68023681640625
v -41.238868713378906 20.15721893310547 -323.818603515625
v -40.96289825439453 20.079994201660156 -323.9201354980469
v -41.299556732177734 20.523786544799805 -323.83355712890625
v -41.20876693725586 20.527219772338867 -323.91973876953125
v -28.819894790649414 -6.772565841674805 -324.5690612792969
v -29.16851043701172 -6.802511215209961 -324.66168212890625
v -28.584373474121094 -6.611669063568115 -324.0799560546875
v -28.91777801513672 -6.691277027130127 -324.11883544921875
v -29.273426055908203 -6.638610363006592 -324.0899963378906
v -28.39463996887207 -6.378078460693359 -323.5234375
v -33.492279052734375 -5.435609817504883 -324.1829833984375
v -32.68240737915039 -5.525422096252441 -323.8156433105469
v -31.870769500732422 -5.7280778884887695 -323.60711669921875
v -31.062244415283203 -5.925142765045166 -323.3935852050781
v -30.265892028808594 -6.141269207000732 -323.3355407714844
v -29.482555389404297 -6.36599063873291 -323.46453857421875
v -27.93215560913086 -6.0672760009765625 -323.4864807128906
v -27.45559310913086 -5.674755573272705 -324.2994689941406
v -28.850067138671875 -6.493639945983887 -323.5718994140625
v -34.02722930908203 -5.320501327514648 -324.24163818359375
v -27.28472900390625 -5.192458629608154 -323.9236755371094
v -33.59755325317383 -5.12775182723999 -323.6007995605469
v -33.005069732666016 -5.202436447143555 -323.3515930175781
v -34.166229248046875 -5.053889751434326 -323.7620544433594
v -27.282546997070312 -4.758143424987793 -323.537109375
v -36.466373443603516 -4.340827465057373 -323.6876220703125
v -35.66252136230469 -4.472935199737549 -323.43603515625
v -34.931087493896484 -4.578816890716553 -323.2324523925781
v -34.22812271118164 -4.712390899658203 -323.0929870605469
v -27.665674209594727 -4.024708271026611 -322.8653564453125
v -27.424610137939453 -4.38997745513916 -323.16070556640625
v -33.7259521484375 -4.867589473724365 -323.1168212890625
v -33.18198776245117 -4.910683631896973 -322.81207275390625
v -37.22397232055664 -4.187405109405518 -324.00189208984375
v -27.911365509033203 -3.460109233856201 -323.7018127441406
v -37.4481315612793 -3.6948800086975098 -323.4785461425781
v -28.283477783203125 -2.9643654823303223 -323.4019775390625
v -39.324581146240234 -2.231144905090332 -323.8829345703125
v -38.8377799987793 -2.5443077087402344 -323.54779052734375
v -38.27431106567383 -3.055429458618164 -323.47283935546875
v -37.71089172363281 -3.2816052436828613 -323.1523132324219
v -28.625356674194336 -2.4001359939575195 -323.5789794921875
v -39.777862548828125 -2.116692066192627 -324.4742431640625
v -28.871870040893555 -1.999962329864502 -324.17694091796875
v -39.51896286010742 -1.728665828704834 -323.69342041015625
v -39.052223205566406 -1.9501328468322754 -323.17889404296875
v -28.834474563598633 -1.9982218742370605 -323.2218933105469
v -40.00425338745117 -1.47935152053833 -324.2945861816406
v -29.121028900146484 -1.5106678009033203 -323.760009765625
v -39.699710845947266 -1.102757453918457 -323.49200439453125
v -39.2400016784668 -1.381838321685791 -322.9300231933594
v -29.0102481842041 -1.5465259552001953 -322.870849609375
v -40.17313766479492 -0.7432460784912109 -324.1220397949219
v -29.502403259277344 -1.0382533073425293 -324.1870422363281
v -39.833473205566406 -0.4188418388366699 -323.283447265625
v -39.40714645385742 -0.7695794105529785 -322.7073669433594
v -40.2456169128418 0.12969970703125 -323.8822021484375
v -29.67209815979004 -0.30874013900756836 -323.46051025390625
v -34.82631301879883 0.31397342681884766 -324.0069885253906
v -34.055294036865234 0.37772655487060547 -323.861083984375
v -33.36393737792969 0.4534721374511719 -323.8544006347656
v -32.797943115234375 0.6461620330810547 -323.8424987792969
v -30.26006317138672 0.5738258361816406 -323.64312744140625
v -29.897249221801758 0.32012462615966797 -323.3480224609375
v -39.8875846862793 0.1798391342163086 -323.04022216796875
v -39.550899505615234 -0.14486312866210938 -322.5106201171875
v -40.37030792236328 0.8627176284790039 -324.08587646484375
v -35.46617126464844 0.5660057067871094 -324.15313720703125
v -32.4970703125 1.1322736740112305 -323.68499755859375
v -30.656587600708008 0.8245468139648438 -323.748291015625
v -34.8505859375 1.1281967163085938 -323.7413330078125
v -34.17338180541992 1.0228633880615234 -323.6434631347656
v -33.497047424316406 0.9900093078613281 -323.6296081542969
v -33.000789642333984 0.9434223175048828 -323.6816101074219
v -30.283950805664062 1.1542797088623047 -323.3038024902344
v -29.918933868408203 0.8776426315307617 -322.9525451660156
v -40.24053955078125 1.5529394149780273 -323.88153076171875
v -35.47037887573242 1.3237953186035156 -323.9282531738281
v -32.20507049560547 1.624131202697754 -323.53118896484375
v -30.752695083618164 1.4736652374267578 -323.38092041015625
v -31.696557998657227 1.8148422241210938 -323.4624938964844
v -31.18094253540039 1.874542236328125 -323.34918212890625
v -34.85851287841797 1.9004583358764648 -323.58843994140625
v -34.19490051269531 1.769113540649414 -323.472412109375
v -33.50394821166992 1.6803503036499023 -323.445068359375
v -32.796573638916016 1.5664339065551758 -323.49884033203125
v -30.289899826049805 1.5443086624145508 -323.0674743652344
v -30.009233474731445 1.4576196670532227 -322.7215270996094
v -40.11638259887695 2.3467302322387695 -323.64825439453125
v -35.489166259765625 2.0840883255004883 -323.80511474609375
v -34.86913299560547 2.670121192932129 -323.515625
v -34.197044372558594 2.5396108627319336 -323.3732604980469
v -33.506046295166016 2.4460554122924805 -323.3087463378906
v -32.797767639160156 2.366018295288086 -323.29534912109375
v -32.04851150512695 2.2796154022216797 -323.290283203125
v -31.308006286621094 2.4051427841186523 -323.1143493652344
v -40.071414947509766 2.9508352279663086 -323.3332824707031
v -35.5250129699707 2.8450727462768555 -323.7469177246094
v -34.894405364990234 3.438448905944824 -323.4906311035156
v -34.20345687866211 3.314805030822754 -323.3337707519531
v -33.508872985839844 3.224945068359375 -323.23553466796875
v -32.816650390625 3.1520605087280273 -323.16693115234375
v -32.13417434692383 3.0828475952148438 -323.08392333984375
v -31.47771453857422 3.045034408569336 -322.9102783203125
v -39.932823181152344 3.6841392517089844 -323.33306884765625
v -35.57780838012695 3.5973072052001953 -323.714599609375
v -34.94230651855469 4.208803176879883 -323.48095703125
v -34.22409439086914 4.088497161865234 -323.32659912109375
v -33.520233154296875 4.002737998962402 -323.2093505859375
v -32.83440017700195 3.9318084716796875 -323.09857177734375
v -32.18084716796875 3.8483381271362305 -322.9571228027344
v -31.58278465270996 3.7390708923339844 -322.7508544921875
v -39.91661071777344 4.557490348815918 -322.97503662109375
v -35.65398406982422 4.320573806762695 -323.6825256347656
v -39.53547668457031 4.996085166931152 -323.62994384765625
v -39.15277862548828 5.341672897338867 -323.9070129394531
v -36.322654724121094 5.14223575592041 -323.7948913574219
v -35.782466888427734 4.9063920974731445 -323.6605529785156
v -35.03343963623047 5.035495758056641 -323.46466064453125
v -34.254600524902344 4.861664772033691 -323.32196044921875
v -33.54615020751953 4.7698974609375 -323.20318603515625
v -32.86363983154297 4.707908630371094 -323.0667419433594
v -32.218658447265625 4.62193489074707 -322.87335205078125
v -31.63456916809082 4.475617408752441 -322.59710693359375
v -39.01734161376953 5.9073686599731445 -323.86639404296875
v -36.87983703613281 5.380749702453613 -323.9127197265625
v -39.72575759887695 5.399012565612793 -323.233154296875
v -39.40727615356445 5.543780326843262 -323.6807556152344
v -36.31768035888672 5.854701995849609 -323.6944885253906
v -35.554134368896484 5.639815330505371 -323.5357971191406
v -34.79325866699219 5.793929100036621 -323.3730773925781
v -34.23416519165039 5.621123313903809 -323.29180908203125
v -33.57609558105469 5.504465103149414 -323.19073486328125
v -32.91995620727539 5.462741851806641 -323.0479431152344
v -32.275901794433594 5.407142639160156 -322.8199768066406
v -31.692337036132812 5.254077911376953 -322.47283935546875
v -38.98817443847656 6.585836410522461 -323.80126953125
v -37.03080368041992 5.992627143859863 -323.84954833984375
v -39.785850524902344 6.030464172363281 -323.0086669921875
v -39.429832458496094 6.031966209411621 -323.553466796875
v -36.40108108520508 6.589722633361816 -323.64984130859375
v -35.66647720336914 6.459259986877441 -323.50335693359375
v -34.92230224609375 6.397032737731934 -323.367919921875
v -34.22148132324219 6.346988677978516 -323.25164794921875
v -33.56385040283203 6.237077713012695 -323.14044189453125
v -33.0312385559082 6.074380874633789 -323.0379638671875
v -32.37765884399414 6.24852180480957 -322.7671813964844
v -31.77740478515625 6.0222625732421875 -322.4056396484375
v -39.006675720214844 7.290101051330566 -323.799072265625
v -37.11349868774414 6.748199462890625 -323.7939758300781
v -39.80559158325195 6.765341758728027 -322.9808349609375
v -39.44855880737305 6.684565544128418 -323.486328125
v -36.47597885131836 7.333159446716309 -323.6536865234375
v -35.76029586791992 7.2212934494018555 -323.5116882324219
v -35.01714324951172 7.147431373596191 -323.3743591308594
v -34.284664154052734 7.082056999206543 -323.2347106933594
v -33.57875442504883 7.000470161437988 -323.07843017578125
v -32.8450813293457 6.865978240966797 -322.8598327636719
v -39.0762939453125 7.877564430236816 -323.834228515625
v -37.15142059326172 7.506799697875977 -323.79974365234375
v -39.7628059387207 8.170890808105469 -323.2790832519531
v -39.43858337402344 8.056020736694336 -323.629638671875
v -39.80550765991211 7.516646385192871 -323.0816955566406
v -39.46733474731445 7.370281219482422 -323.51861572265625
v -36.532127380371094 8.039426803588867 -323.7158203125
v -35.869014739990234 7.949256896972656 -323.5798645019531
v -35.1231575012207 7.934832572937012 -323.4402160644531
v -34.36620330810547 7.875180244445801 -323.26116943359375
v -33.663414001464844 7.774996757507324 -323.0490417480469
v -33.007179260253906 7.682657241821289 -322.7893371582031
v -39.85472869873047 8.70208740234375 -323.18145751953125
v -37.14369583129883 8.24425220489502 -323.8728332519531
v -35.2275390625 9.386205673217773 -323.7556457519531
v -34.74504852294922 9.343504905700684 -323.6203308105469
v -36.51895523071289 8.718013763427734 -323.83001708984375
v -36.014495849609375 8.516192436218262 -323.6889343261719
v -35.315765380859375 8.718180656433105 -323.603515625
v -34.45368957519531 8.773231506347656 -323.3771057128906
v -33.73711013793945 8.586788177490234 -323.0549621582031
v -33.128570556640625 8.414340019226074 -322.7284240722656
v -39.93922424316406 9.395623207092285 -323.1231689453125
v -37.08359146118164 8.952999114990234 -323.99896240234375
v -35.42524719238281 9.840822219848633 -323.9188232421875
v -34.26231002807617 9.516239166259766 -323.45977783203125
v -36.479854583740234 9.366250038146973 -323.9830017089844
v -35.847652435302734 9.191608428955078 -323.8193054199219
v -33.756412506103516 9.486961364746094 -323.1072998046875
v -33.19208526611328 9.188985824584961 -322.63812255859375
v -40.01266860961914 10.093188285827637 -323.0499267578125
v -36.96633529663086 9.619426727294922 -324.145263671875
v -35.635066986083984 10.292696952819824 -324.08148193359375
v -34.029293060302734 10.156393051147461 -323.40472412109375
v -36.711788177490234 10.163283348083496 -324.2474060058594
v -36.15599822998047 10.335302352905273 -324.1922607421875
v -36.461639404296875 9.869027137756348 -324.1221618652344
v -35.994720458984375 9.819269180297852 -324.0215759277344
v -33.57670211791992 10.228276252746582 -322.97296142578125
v -33.2326545715332 9.940791130065918 -322.5722961425781
v -40.06451416015625 10.767126083374023 -322.95159912109375
v -34.149147033691406 10.756468772888184 -323.5475158691406
v -40.04458236694336 11.526274681091309 -322.8990173339844
v -34.1252326965332 11.37857437133789 -323.4541015625
v -39.608680725097656 11.975812911987305 -323.71759033203125
v -39.17664337158203 12.360620498657227 -324.14874267578125
v -39.00747299194336 12.931489944458008 -324.25750732421875
v -34.20207595825195 12.121272087097168 -323.37249755859375
v -39.787628173828125 12.35654354095459 -323.3975830078125
v -39.438926696777344 12.522506713867188 -323.9374084472656
v -39.0075798034668 13.45205307006836 -324.248779296875
v -34.29812240600586 12.932586669921875 -323.20660400390625
v -39.710391998291016 13.604903221130371 -323.43115234375
v -39.37234878540039 13.562965393066406 -323.91607666015625
v -34.907711029052734 13.831019401550293 -323.67108154296875
v -34.516845703125 13.576602935791016 -323.2900695800781
v -39.793907165527344 12.974023818969727 -323.29400634765625
v -39.436458587646484 12.969589233398438 -323.8930969238281
v -39.782989501953125 14.102816581726074 -323.2750244140625
v -35.32571792602539 14.110207557678223 -323.9428405761719
v -34.939788818359375 14.500713348388672 -323.45416259765625
v -34.537864685058594 14.192461967468262 -323.0093688964844
v -39.848995208740234 14.795351028442383 -323.2188720703125
v -35.46166229248047 14.78877067565918 -323.78314208984375
v -34.98563766479492 15.05284309387207 -323.1960754394531
v -34.63325500488281 14.83621597290039 -322.7808837890625
v -39.947845458984375 15.543723106384277 -323.2138671875
v -35.773895263671875 15.334558486938477 -323.8036804199219
v -40.123748779296875 16.35441780090332 -323.24932861328125
v -35.827232360839844 15.927863121032715 -323.4817199707031
v -36.44099426269531 16.887426376342773 -323.4342041015625
v -35.972190856933594 16.491676330566406 -323.22607421875
v -40.40842056274414 17.241716384887695 -323.46044921875
v -36.98902130126953 17.14398956298828 -323.77313232421875
v -41.049766540527344 17.489601135253906 -322.95947265625
v -40.79718780517578 17.137645721435547 -322.9403076171875
v -40.56980514526367 18.00370216369629 -323.82330322265625
v -37.219356536865234 17.809677124023438 -323.53692626953125
v -41.157840728759766 18.513370513916016 -323.5787658691406
v -40.91472625732422 18.2962646484375 -323.7542419433594
v -38.04710006713867 18.54936981201172 -323.755615234375
v -37.57243347167969 18.345714569091797 -323.55169677734375
v -41.119468688964844 17.99464225769043 -323.3475036621094
v -40.84768295288086 17.659330368041992 -323.4547424316406
v -41.24259948730469 19.035411834716797 -323.54058837890625
v -38.5533447265625 18.853496551513672 -323.7908935546875
v -38.16145706176758 19.180511474609375 -323.33758544921875
v -37.67020797729492 18.882369995117188 -323.15875244140625
v -41.28742218017578 19.669700622558594 -323.5229187011719
v -38.80385208129883 19.598411560058594 -323.29486083984375
v -40.034271240234375 20.30940055847168 -323.246337890625
v -39.37945556640625 20.160221099853516 -323.2479248046875
v -38.262794494628906 19.568443298339844 -322.91497802734375
v -37.885154724121094 19.40178871154785 -322.68280029296875
v -41.26268768310547 20.24393081665039 -323.5419006347656
v -40.659461975097656 20.27661895751953 -323.7254333496094
v -41.07890319824219 20.495677947998047 -323.4434814453125
v -40.76907730102539 20.470762252807617 -323.4591369628906
v -39.64099884033203 20.72000503540039 -322.8582763671875
v -39.45641326904297 20.605850219726562 -322.98272705078125
v -41.276123046875 20.61748504638672 -323.74456787109375
v -41.01779556274414 20.531415939331055 -323.8301086425781
v -41.286624908447266 20.706676483154297 -323.88592529296875
v -41.207122802734375 20.717287063598633 -323.88421630859375
v -41.230403900146484 20.726299285888672 -323.78594970703125
v -41.09767532348633 20.669723510742188 -323.7295837402344
v -39.53730010986328 20.873737335205078 -322.66485595703125
v -39.43102264404297 20.884967803955078 -322.78741455078125
v -31.965160369873047 -5.403280258178711 -322.8265380859375
v -31.14314079284668 -5.571258068084717 -322.3223876953125
v -30.297422409057617 -5.822789669036865 -322.228271484375
v -29.48491668701172 -6.017279624938965 -322.2948913574219
v -28.597867965698242 -6.126070022583008 -322.61639404296875
v -27.93189239501953 -5.870211124420166 -322.4224548339844
v -27.55368995666504 -5.637252330780029 -323.0355224609375
v -32.47157287597656 -5.246281623840332 -322.9876708984375
v -27.387725830078125 -5.250060558319092 -322.64263916015625
v -32.09091567993164 -5.132722854614258 -322.26141357421875
v -31.520164489746094 -5.263221263885498 -321.8544006347656
v -32.611419677734375 -5.014979839324951 -322.5482482910156
v -27.383159637451172 -4.88893985748291 -322.31732177734375
v -36.30108642578125 -3.872966766357422 -322.8553771972656
v -35.79990768432617 -4.045665264129639 -322.822998046875
v -35.11296463012695 -4.1617512702941895 -322.61468505859375
v -34.28517532348633 -4.254674911499023 -322.23284912109375
v -33.46980667114258 -4.5572638511657715 -322.20086669921875
v -32.695865631103516 -4.743063449859619 -321.89385986328125
v -27.729869842529297 -4.192006587982178 -321.7648010253906
v -27.51386260986328 -4.544925689697266 -322.0442199707031
v -32.22526168823242 -4.914546012878418 -321.8170166015625
v -31.7385196685791 -5.009329319000244 -321.4002990722656
v -36.83329772949219 -3.8105130195617676 -323.13665771484375
v -27.9538631439209 -3.6287784576416016 -322.576171875
v -36.453163146972656 -3.4986019134521484 -322.3771667480469
v -35.90568161010742 -3.6354660987854004 -322.22344970703125
v -35.30809783935547 -3.7627100944519043 -322.06103515625
v -34.67048263549805 -3.8568496704101562 -321.8057556152344
v -37.04801940917969 -3.2112479209899902 -322.42022705078125
v -28.193235397338867 -3.256523609161377 -322.24505615234375
v -38.2709846496582 -2.482306957244873 -322.7091979980469
v -37.73060989379883 -2.823460102081299 -322.53546142578125
v -36.504207611083984 -3.185904026031494 -321.9137268066406
v -36.06343078613281 -3.2412290573120117 -321.67181396484375
v -35.455657958984375 -3.3777952194213867 -321.47686767578125
v -34.87059020996094 -3.511333465576172 -321.31231689453125
v -38.642086029052734 -2.1247267723083496 -322.76318359375
v -28.50459861755371 -2.6187896728515625 -322.48675537109375
v -38.2913703918457 -1.9805192947387695 -322.09429931640625
v -37.814022064208984 -2.2858142852783203 -321.8740539550781
v -38.74151611328125 -1.5884637832641602 -322.3200988769531
v -28.777027130126953 -1.9756436347961426 -322.20587158203125
v -28.986858367919922 -1.362919807434082 -322.01397705078125
v -38.32433319091797 -1.5260696411132812 -321.5985412597656
v -37.91896057128906 -1.7765164375305176 -321.3253479003906
v -39.01859664916992 -1.0485053062438965 -322.24560546875
v -29.262924194335938 -0.9514212608337402 -322.96697998046875
v -39.09710693359375 -0.43320655822753906 -321.8297119140625
v -29.383039474487305 -0.307619571685791 -322.46453857421875
v -39.695716857910156 0.4801750183105469 -322.3780822753906
v -39.36605453491211 0.15516281127929688 -321.8590087890625
v -40.06367874145508 0.8809328079223633 -323.17083740234375
v -29.580211639404297 0.3698110580444336 -322.4576416015625
v -39.800296783447266 1.1488676071166992 -322.15252685546875
v -39.44916534423828 0.7009506225585938 -321.56146240234375
v -40.06026840209961 1.8061161041259766 -322.7776794433594
v -29.65787696838379 1.2066125869750977 -321.96954345703125
v -30.241180419921875 1.9644498825073242 -322.6437683105469
v -29.85786247253418 1.7941951751708984 -322.08349609375
v -39.84831619262695 1.7349004745483398 -321.794189453125
v -39.56675720214844 1.3222932815551758 -321.26239013671875
v -40.11520004272461 2.531576156616211 -322.86004638671875
v -30.744707107543945 2.2632360458374023 -322.91973876953125
v -30.32364845275879 2.6593446731567383 -322.2137451171875
v -29.93124771118164 2.323126792907715 -321.7421875
v -40.09964370727539 3.103971481323242 -322.57733154296875
v -30.823993682861328 3.035449981689453 -322.50762939453125
v -30.359817504882812 3.236055374145508 -321.792724609375
v -30.02127456665039 2.9300928115844727 -321.36102294921875
v -40.09547424316406 3.8102149963378906 -322.3478698730469
v -31.102323532104492 3.606247901916504 -322.4819641113281
v -40.10734558105469 4.416394233703613 -322.10040283203125
v -31.123138427734375 4.244399070739746 -322.23065185546875
v -40.019439697265625 5.213713645935059 -322.34857177734375
v -31.192089080810547 4.9991607666015625 -322.01995849609375
v -40.02577209472656 6.087231636047363 -322.2578125
v -31.26176643371582 5.833601951599121 -321.79534912109375
v -31.821453094482422 6.732654571533203 -322.28729248046875
v -31.46052360534668 6.4736127853393555 -321.91522216796875
v -40.03679656982422 6.9091081619262695 -322.3038330078125
v -32.211936950683594 7.013654708862305 -322.52783203125
v -31.851720809936523 7.385063171386719 -322.05084228515625
v -31.482934951782227 7.051563262939453 -321.6453552246094
v -40.042518615722656 7.835078239440918 -322.4862365722656
v -32.34684371948242 7.694220542907715 -322.3572082519531
v -31.90076446533203 7.945799827575684 -321.7371826171875
v -31.568204879760742 7.668113708496094 -321.3400573730469
v -40.145347595214844 8.635592460632324 -322.37445068359375
v -32.64411544799805 8.266067504882812 -322.406982421875
v -40.226016998291016 9.363245964050293 -322.3076171875
v -32.68748474121094 8.919477462768555 -322.1876220703125
v -40.27878189086914 10.05854606628418 -322.2129821777344
v -32.770965576171875 9.722447395324707 -321.9242858886719
v -33.28821563720703 10.614442825317383 -322.4862365722656
v -32.97465896606445 10.335016250610352 -322.0225830078125
v -40.29432678222656 10.74213981628418 -322.099853515625
v -33.72360610961914 10.903263092041016 -323.0398254394531
v -33.35883712768555 11.295270919799805 -322.2734069824219
v -33.020103454589844 10.905718803405762 -321.7339782714844
v -40.288604736328125 11.332488059997559 -321.96331787109375
v -33.74079513549805 11.822748184204102 -322.747314453125
v -33.39752960205078 11.897826194763184 -321.9255065917969
v -33.11846160888672 11.54029369354248 -321.41729736328125
v -40.13136672973633 12.169718742370605 -322.38653564453125
v -33.933937072753906 12.508130073547363 -322.80963134765625
v -40.05367660522461 13.186931610107422 -322.5064392089844
v -33.9324836730957 13.02180290222168 -322.4755859375
v -40.1077995300293 13.980531692504883 -322.3524169921875
v -34.15293884277344 13.686013221740723 -322.4927062988281
v -40.17292404174805 14.732050895690918 -322.31158447265625
v -34.26060485839844 14.542007446289062 -322.059326171875
v -34.785400390625 15.390396118164062 -322.5726623535156
v -34.47421646118164 15.13516902923584 -322.10882568359375
v -40.29548263549805 15.509653091430664 -322.2891845703125
v -35.279823303222656 15.576815605163574 -323.12127685546875
v -34.938621520996094 15.925860404968262 -322.2127685546875
v -34.5759391784668 15.605998039245605 -321.74749755859375
v -40.56174850463867 16.414833068847656 -322.2369079589844
v -35.407684326171875 16.39385223388672 -322.4295349121094
v -41.12678909301758 17.511796951293945 -322.5068664550781
v -40.92048263549805 17.086814880371094 -322.3031005859375
v -36.23598861694336 17.367124557495117 -322.77764892578125
v -35.90432357788086 16.9797420501709 -322.6388244628906
v -34.99778366088867 16.293048858642578 -321.784912109375
v -34.734153747558594 16.099666595458984 -321.3800354003906
v -41.202606201171875 17.824554443359375 -322.8997497558594
v -36.640419006347656 17.54682159423828 -323.1509704589844
v -41.190982818603516 17.943811416625977 -322.40692138671875
v -41.004669189453125 17.45684051513672 -321.8169860839844
v -36.34357452392578 17.812179565429688 -322.3692321777344
v -35.960472106933594 17.498611450195312 -322.0364074707031
v -41.25566482543945 18.40496063232422 -323.0719299316406
v -36.76770782470703 18.128372192382812 -322.6485900878906
v -41.19675064086914 18.597434997558594 -322.39739990234375
v -41.014183044433594 18.10455322265625 -321.6351318359375
v -36.47610092163086 18.230224609375 -321.850830078125
v -36.121604919433594 17.962528228759766 -321.490234375
v -41.28590774536133 19.117141723632812 -323.04608154296875
v -37.21593475341797 18.521642684936523 -322.89422607421875
v -41.14570617675781 19.269203186035156 -322.4855041503906
v -40.92923355102539 18.857837677001953 -321.6790466308594
v -41.236351013183594 19.727802276611328 -323.0765075683594
v -37.40757751464844 19.087648391723633 -322.3371887207031
v -41.07838821411133 20.122623443603516 -323.06756591796875
v -40.54957580566406 20.126079559326172 -322.514892578125
v -38.369178771972656 19.908475875854492 -322.1371154785156
v -37.71758270263672 19.518184661865234 -321.9422912597656
v -41.024147033691406 19.778179168701172 -322.64453125
v -40.853084564208984 19.492603302001953 -322.0337219238281
v -39.75328063964844 20.57938575744629 -322.46343994140625
v -39.03654861450195 20.37973403930664 -322.76129150390625
v -39.314781188964844 20.60689926147461 -322.092529296875
v -38.938331604003906 20.426631927490234 -322.1572265625
v -39.465057373046875 20.856046676635742 -322.4810485839844
v -39.27178192138672 20.77896499633789 -322.7669982910156
v -39.40919494628906 20.962451934814453 -322.6345520019531
v -39.3153076171875 20.926738739013672 -322.65753173828125
v -39.3296012878418 20.892667770385742 -322.48779296875
v -39.186607360839844 20.739723205566406 -322.5047607421875
v -30.314577102661133 -5.519735813140869 -321.0591125488281
v -29.556333541870117 -5.731987953186035 -321.17041015625
v -28.823137283325195 -5.831277370452881 -321.32879638671875
v -28.15202522277832 -5.776846408843994 -321.5216369628906
v -27.669418334960938 -5.583322048187256 -321.9295654296875
v -30.964553833007812 -5.353367328643799 -321.3221435546875
v -27.50934410095215 -5.26810884475708 -321.5627746582031
v -31.19236183166504 -5.1406145095825195 -320.947998046875
v -27.4965763092041 -4.960227012634277 -321.32159423828125
v -33.477115631103516 -4.068338871002197 -321.11981201171875
v -32.708370208740234 -4.3970465660095215 -320.97216796875
v -31.981229782104492 -4.717373847961426 -320.87176513671875
v -31.393278121948242 -4.921889305114746 -320.5807800292969
v -27.78993797302246 -4.355263710021973 -320.73345947265625
v -27.61216163635254 -4.662275314331055 -321.0844421386719
v -34.10890197753906 -3.8861513137817383 -321.4115905761719
v -27.96965789794922 -3.8002967834472656 -321.408935546875
v -34.32587432861328 -3.6051034927368164 -321.06182861328125
v -28.218673706054688 -3.2228589057922363 -321.23681640625
v -36.40708923339844 -2.765798568725586 -321.1565856933594
v -35.593605041503906 -2.9589056968688965 -320.8121032714844
v -34.948612213134766 -3.1615257263183594 -320.6708068847656
v -34.49183654785156 -3.339254856109619 -320.6560974121094
v -37.21294403076172 -2.5590062141418457 -321.60028076171875
v -28.486812591552734 -2.5095224380493164 -321.2701416015625
v -37.40266418457031 -2.0020604133605957 -320.99420166015625
v -28.72278594970703 -1.8491029739379883 -321.16265869140625
v -38.03336715698242 -1.2060880661010742 -320.80419921875
v -37.59013366699219 -1.5462040901184082 -320.6114196777344
v -28.907119750976562 -1.1997699737548828 -320.92657470703125
v -38.605987548828125 -0.9859800338745117 -321.4737243652344
v -29.15259552001953 -0.7163763046264648 -321.780029296875
v -38.70372772216797 -0.3642916679382324 -321.01220703125
v -29.283798217773438 -0.040531158447265625 -321.51947021484375
v -39.017391204833984 0.22776126861572266 -321.048583984375
v -29.3846492767334 0.6529808044433594 -321.2632751464844
v -39.18751525878906 0.9325265884399414 -320.7237243652344
v -29.435562133789062 1.2295246124267578 -320.945068359375
v -39.665340423583984 1.9984722137451172 -320.9122314453125
v -39.333187103271484 1.4870882034301758 -320.5155944824219
v -40.00264358520508 2.4380922317504883 -321.91046142578125
v -29.608142852783203 1.8412590026855469 -321.106201171875
v -40.07250213623047 3.220820426940918 -321.62921142578125
v -29.720233917236328 2.5352954864501953 -320.7635498046875
v -30.12995719909668 3.5596847534179688 -320.8616638183594
v -29.833602905273438 3.061819076538086 -320.5213928222656
v -40.1118278503418 3.9161205291748047 -321.44073486328125
v -30.640565872192383 3.832101821899414 -321.7727355957031
v -40.11265182495117 4.635000228881836 -321.38385009765625
v -30.761886596679688 4.645943641662598 -321.46575927734375
v -40.10112380981445 5.421543121337891 -321.397216796875
v -30.867326736450195 5.364489555358887 -321.23828125
v -40.10850143432617 6.236362457275391 -321.40521240234375
v -30.93134117126465 5.94480037689209 -320.9931945800781
v -40.13149642944336 7.070064544677734 -321.4498291015625
v -31.14529800415039 6.5517425537109375 -321.1055908203125
v -40.1860466003418 7.903480529785156 -321.4504699707031
v -31.26417350769043 7.281208038330078 -320.76556396484375
v -31.700944900512695 8.302474021911621 -320.9062194824219
v -31.399202346801758 7.834482192993164 -320.55328369140625
v -40.27265167236328 8.681988716125488 -321.4439697265625
v -32.198368072509766 8.519959449768066 -321.7193603515625
v -40.34040069580078 9.386515617370605 -321.4032287597656
v -32.35193634033203 9.295463562011719 -321.42767333984375
v -40.365684509277344 10.068678855895996 -321.275634765625
v -32.44366455078125 9.846901893615723 -321.1493225097656
v -40.36212158203125 10.764813423156738 -321.1728515625
v -32.675872802734375 10.416936874389648 -321.1773681640625
v -40.31556701660156 11.513900756835938 -321.206787109375
v -32.817481994628906 11.144065856933594 -320.789794921875
v -33.23845672607422 12.207412719726562 -321.009521484375
v -32.9620246887207 11.708617210388184 -320.57427978515625
v -40.25405502319336 12.350082397460938 -321.3143310546875
v -33.62008285522461 12.547445297241211 -321.9718017578125
v -40.2353515625 13.182640075683594 -321.33428955078125
v -33.76647186279297 13.331103324890137 -321.66131591796875
v -40.25849151611328 13.958740234375 -321.3087463378906
v -33.9223747253418 14.032673835754395 -321.4361572265625
v -40.31496047973633 14.712691307067871 -321.2807922363281
v -34.01887512207031 14.575719833374023 -321.14056396484375
v -40.41926956176758 15.453767776489258 -321.205810546875
v -34.2381706237793 15.137887001037598 -321.2008972167969
v -40.5202751159668 16.035388946533203 -320.9747009277344
v -34.41337203979492 15.757608413696289 -320.82025146484375
v -34.992576599121094 16.635250091552734 -320.98028564453125
v -34.59398651123047 16.208839416503906 -320.57183837890625
v -40.702117919921875 16.788314819335938 -321.1775207519531
v -35.53590774536133 17.0980224609375 -321.6374206542969
v -40.755332946777344 17.564605712890625 -320.84130859375
v -35.733924865722656 17.638038635253906 -321.07818603515625
v -36.38572692871094 18.42076873779297 -320.7989501953125
v -35.949398040771484 18.0330753326416 -320.6493835449219
v -40.66810607910156 18.375349044799805 -320.73382568359375
v -36.895870208740234 18.69344711303711 -321.7907409667969
v -40.36673355102539 19.328857421875 -320.89642333984375
v -37.33247375488281 19.269943237304688 -321.3354187011719
v -39.69272232055664 20.10626792907715 -321.3040771484375
v -38.88766860961914 20.172786712646484 -321.25006103515625
v -38.290618896484375 19.93417739868164 -320.9444580078125
v -37.820316314697266 19.680858612060547 -321.1299133300781
v -30.0985107421875 -5.3514838218688965 -320.0845947265625
v -29.51919937133789 -5.476057529449463 -320.0830078125
v -28.981626510620117 -5.6229472160339355 -320.447998046875
v -28.340721130371094 -5.562698841094971 -320.473876953125
v -27.81873893737793 -5.498230457305908 -320.98199462890625
v -30.62808609008789 -5.266380310058594 -320.4942321777344
v -27.641273498535156 -5.228555202484131 -320.7324523925781
v -30.293310165405273 -5.15589714050293 -319.6637268066406
v -29.72588539123535 -5.257833003997803 -319.4064636230469
v -28.181053161621094 -5.240893363952637 -319.81219482421875
v -27.911376953125 -5.360889434814453 -320.32275390625
v -30.867815017700195 -5.02849817276001 -320.0776672363281
v -27.615177154541016 -4.976320266723633 -320.6437683105469
v -33.293724060058594 -3.767859935760498 -320.25445556640625
v -32.69390869140625 -3.9852499961853027 -319.89715576171875
v -31.930816650390625 -4.353594779968262 -319.7461242675781
v -31.15312957763672 -4.713320732116699 -319.62493896484375
v -27.85123634338379 -4.515516757965088 -320.11688232421875
v -27.744983673095703 -4.764854907989502 -320.3366394042969
v -30.499351501464844 -4.928243160247803 -319.3008728027344
v -29.905010223388672 -5.006563663482666 -318.9154052734375
v -28.004764556884766 -4.788374900817871 -319.69268798828125
v -27.80703353881836 -5.095350742340088 -320.1617431640625
v -33.78850173950195 -3.694760799407959 -320.7096862792969
v -27.971923828125 -4.0306806564331055 -319.9073486328125
v -33.511531829833984 -3.5054802894592285 -319.93896484375
v -33.0031623840332 -3.6319971084594727 -319.4970703125
v -27.828609466552734 -3.6072134971618652 -318.9642333984375
v -27.595699310302734 -3.804445266723633 -318.21954345703125
v -34.02027893066406 -3.399336338043213 -320.3164367675781
v -28.151416778564453 -3.0425071716308594 -319.9980163574219
v -36.26878356933594 -2.261996269226074 -320.2029113769531
v -35.669803619384766 -2.441084384918213 -319.9595642089844
v -34.967864990234375 -2.7410268783569336 -319.8455505371094
v -34.282814025878906 -3.053760528564453 -319.7914123535156
v -33.72060012817383 -3.2495737075805664 -319.5848388671875
v -33.24836349487305 -3.341841697692871 -319.1298828125
v -27.902746200561523 -3.0866146087646484 -318.9308166503906
v -27.641212463378906 -3.408205509185791 -318.3032531738281
v -36.80601119995117 -2.1850109100341797 -320.61798095703125
v -28.449785232543945 -2.316904067993164 -320.3565673828125
v -36.46687316894531 -1.867830753326416 -319.80047607421875
v -35.93745422363281 -1.9705772399902344 -319.46038818359375
v -37.00045394897461 -1.5500068664550781 -319.9528503417969
v -28.612411499023438 -1.7337560653686523 -320.0445861816406
v -37.89753723144531 -0.7639169692993164 -320.109130859375
v -37.5345344543457 -1.0924339294433594 -320.0121765136719
v -28.813350677490234 -1.0413646697998047 -319.79376220703125
v -36.545955657958984 -1.554274559020996 -319.455322265625
v -36.170589447021484 -1.5665531158447266 -319.1219482421875
v -38.29654312133789 -0.6094455718994141 -320.55474853515625
v -29.059017181396484 -0.5241632461547852 -320.6632080078125
v -38.01205062866211 -0.28423070907592773 -319.7943420410156
v -37.55521774291992 -0.5226731300354004 -319.4451599121094
v -38.479148864746094 0.06368160247802734 -320.2053527832031
v -29.174400329589844 0.16753673553466797 -320.3854675292969
v -38.093387603759766 0.20973682403564453 -319.4633483886719
v -37.68511962890625 0.03592967987060547 -319.0902099609375
v -38.79869079589844 0.6392955780029297 -320.2313232421875
v -29.26670265197754 0.8411407470703125 -320.192138671875
v -38.8875846862793 1.303553581237793 -319.8272705078125
v -29.364383697509766 1.4690160751342773 -320.09197998046875
v -39.57146453857422 2.42922306060791 -320.2160339355469
v -39.261985778808594 1.9592761993408203 -319.96685791015625
v -39.862060546875 2.727508544921875 -320.872314453125
v -29.477035522460938 2.106142044067383 -319.9251708984375
v -39.65557861328125 2.983379364013672 -320.0216369628906
v -39.249969482421875 2.588367462158203 -319.47607421875
v -39.9531135559082 3.4097671508789062 -320.70220947265625
v -29.610872268676758 2.75418758392334 -319.7193908691406
v -30.04230308532715 3.9859771728515625 -319.8436279296875
v -29.809688568115234 3.375887870788574 -319.7301025390625
v -39.729881286621094 3.641343116760254 -319.8581237792969
v -39.34212875366211 3.2575368881225586 -319.2404479980469
v -39.997982025146484 4.106307029724121 -320.5778503417969
v -30.36981773376465 4.2893171310424805 -320.73516845703125
v -39.77014923095703 4.340386390686035 -319.7524719238281
v -39.41861343383789 3.9185285568237305 -319.1098327636719
v -40.01237106323242 4.842662811279297 -320.5237121582031
v -30.534040451049805 4.976558685302734 -320.5147705078125
v -39.78474044799805 5.08115291595459 -319.69403076171875
v -39.43663787841797 4.622125625610352 -319.0015869140625
v -40.01909637451172 5.618119239807129 -320.50994873046875
v -30.679046630859375 5.615544319152832 -320.3450012207031
v -39.796077728271484 5.852723121643066 -319.663330078125
v -39.44438552856445 5.374455451965332 -318.9355773925781
v -40.036033630371094 6.4162492752075195 -320.509033203125
v -30.83126449584961 6.2111616134643555 -320.22576904296875
v -39.817832946777344 6.634807586669922 -319.6295471191406
v -39.454139709472656 6.149148941040039 -318.88720703125
v -40.07188034057617 7.226157188415527 -320.48516845703125
v -30.989181518554688 6.837058067321777 -319.99114990234375
v -39.85490798950195 7.393527030944824 -319.5605773925781
v -39.4754524230957 6.928658485412598 -318.8299560546875
v -40.12677764892578 8.084297180175781 -320.3722839355469
v -31.16114044189453 7.547545433044434 -319.6147155761719
v -31.6413516998291 8.688521385192871 -320.10888671875
v -31.42125701904297 8.218073844909668 -319.87353515625
v -39.87264633178711 8.005213737487793 -319.40985107421875
v -39.540626525878906 7.646989822387695 -318.792724609375
v -40.2628059387207 8.835959434509277 -320.6619567871094
v -31.94930648803711 9.038853645324707 -320.6469421386719
v -31.722604751586914 9.077787399291992 -319.7008056640625
v -31.492687225341797 8.68992805480957 -319.22503662109375
v -40.27478790283203 9.42690372467041 -320.4522705078125
v -32.18983459472656 9.602737426757812 -320.68939208984375
v -40.282047271728516 10.145831108093262 -320.30767822265625
v -32.31235885620117 10.111403465270996 -320.36083984375
v -40.26901626586914 10.893416404724121 -320.23785400390625
v -32.496726989746094 10.75141429901123 -320.0445861816406
v -40.23917770385742 11.673974990844727 -320.2430725097656
v -32.68842697143555 11.471176147460938 -319.6563720703125
v -33.204124450683594 12.617206573486328 -320.20733642578125
v -32.977508544921875 12.129521369934082 -319.9124755859375
v -40.21232223510742 12.47265338897705 -320.2727966308594
v -33.45097351074219 12.92712688446045 -320.89263916015625
v -33.31315612792969 13.124585151672363 -319.87933349609375
v -33.049346923828125 12.659549713134766 -319.2979736328125
v -40.204345703125 13.25840950012207 -320.2879638671875
v -33.606468200683594 13.663363456726074 -320.5113220214844
v -33.399654388427734 13.622760772705078 -319.4604797363281
v -33.16614532470703 13.22164535522461 -318.8824462890625
v -40.21917724609375 14.022469520568848 -320.2850646972656
v -33.81086730957031 14.275765419006348 -320.6033630371094
v -40.25992202758789 14.770078659057617 -320.25146484375
v -33.92450714111328 14.78283405303955 -320.307861328125
v -40.32070541381836 15.490865707397461 -320.166748046875
v -34.10612487792969 15.38856029510498 -320.07177734375
v -40.39503479003906 16.227554321289062 -320.1011962890625
v -34.31113815307617 15.959715843200684 -319.84478759765625
v -34.892547607421875 17.016887664794922 -319.6324462890625
v -34.57748794555664 16.482376098632812 -319.75726318359375
v -40.440704345703125 17.01793670654297 -319.99981689453125
v -35.31643295288086 17.305898666381836 -320.468505859375
v -40.39860916137695 17.831897735595703 -319.8463134765625
v -35.60868453979492 17.80261993408203 -320.0543212890625
v -36.509979248046875 18.63546371459961 -319.4882507324219
v -35.980010986328125 18.22352409362793 -319.7582702636719
v -40.241146087646484 18.62635612487793 -319.75433349609375
v -36.936092376708984 18.9572811126709 -320.4879455566406
v -39.959991455078125 19.212890625 -319.5295715332031
v -37.4678840637207 19.410181045532227 -320.2969665527344
v -39.72405242919922 19.649028778076172 -319.9825439453125
v -39.171504974365234 19.907665252685547 -320.14495849609375
v -38.546634674072266 19.893836975097656 -320.147216796875
v -37.98366928100586 19.720672607421875 -320.195068359375
v -28.779399871826172 -5.380380153656006 -319.65887451171875
v -29.236042022705078 -5.309414863586426 -319.3066711425781
v -28.453779220581055 -5.047285556793213 -319.1748352050781
v -28.89484214782715 -5.180728435516357 -319.01214599609375
v -29.307292938232422 -5.103850364685059 -318.8256530761719
v -28.235626220703125 -4.589211940765381 -318.8438415527344
v -31.914722442626953 -3.9742588996887207 -318.6143798828125
v -31.111228942871094 -4.335463047027588 -318.4945373535156
v -30.24641227722168 -4.662215709686279 -318.4268493652344
v -29.350507736206055 -4.791700839996338 -318.2414245605469
v -27.86023712158203 -4.117166996002197 -318.3382568359375
v -27.579330444335938 -3.990793228149414 -318.0172119140625
v -28.773700714111328 -4.895222187042236 -318.55987548828125
v -32.52294158935547 -3.7419795989990234 -318.9831237792969
v -27.47664451599121 -3.8840770721435547 -317.81243896484375
v -32.74830627441406 -3.487992286682129 -318.6729431152344
v -27.458202362060547 -3.637242317199707 -317.7656555175781
v -35.00730895996094 -2.279353141784668 -319.05596923828125
v -34.278045654296875 -2.5299906730651855 -318.6744384765625
v -33.5398063659668 -2.9784083366394043 -318.63006591796875
v -32.96516036987305 -3.2279253005981445 -318.3369445800781
v -27.76474952697754 -2.863180637359619 -318.072265625
v -27.50873565673828 -3.2992959022521973 -317.6934814453125
v -35.45250701904297 -2.0331859588623047 -319.11004638671875
v -28.20400047302246 -2.4100542068481445 -319.18157958984375
v -35.08067321777344 -1.856684684753418 -318.4849853515625
v -34.580467224121094 -2.023899555206299 -318.1741638183594
v -35.546695709228516 -1.5540719032287598 -318.544677734375
v -28.475284576416016 -1.5552759170532227 -318.7405090332031
v -36.49886703491211 -1.1485934257507324 -318.96685791015625
v -35.97593307495117 -1.1917591094970703 -318.5172119140625
v -28.75312614440918 -0.8573412895202637 -318.8302001953125
v -35.115970611572266 -1.571345329284668 -318.1336669921875
v -34.78423309326172 -1.6184329986572266 -317.82421875
v -37.055362701416016 -0.8367657661437988 -319.21502685546875
v -28.970600128173828 -0.36684274673461914 -319.52825927734375
v -36.599422454833984 -0.5147814750671387 -318.4432678222656
v -36.07890701293945 -0.6949186325073242 -318.11737060546875
v -28.861892700195312 -0.3176569938659668 -318.4002990722656
v -37.073326110839844 -0.07263422012329102 -318.54571533203125
v -29.084217071533203 0.36468505859375 -319.1277770996094
v -37.861263275146484 0.5757331848144531 -318.8828125
v -37.44499588012695 0.4216909408569336 -318.53033447265625
v -36.61167526245117 -0.10074377059936523 -318.1029052734375
v -36.2330207824707 -0.14282464981079102 -317.7854919433594
v -28.956281661987305 0.2187490463256836 -317.9913635253906
v -38.37423324584961 0.7509231567382812 -319.4483642578125
v -29.215251922607422 1.053476333618164 -319.3109436035156
v -37.991451263427734 1.1777400970458984 -318.6461181640625
v -37.51139831542969 0.96282958984375 -318.2554931640625
v -38.431549072265625 1.4110803604125977 -319.04638671875
v -29.28510856628418 1.6033649444580078 -319.0074462890625
v -38.11753845214844 1.8439054489135742 -318.4093017578125
v -37.59130096435547 1.6201496124267578 -317.9818420410156
v -38.725887298583984 2.0700454711914062 -319.0402526855469
v -29.397117614746094 2.277541160583496 -318.75970458984375
v -38.235137939453125 2.549099922180176 -318.1793518066406
v -37.67041015625 2.3331642150878906 -317.7218017578125
v -38.785648345947266 2.9770374298095703 -318.6059875488281
v -29.55400848388672 3.010416030883789 -318.49029541015625
v -30.005491256713867 4.241943359375 -319.05291748046875
v -29.80392074584961 3.7339210510253906 -318.79766845703125
v -38.26280975341797 3.166961669921875 -317.9298400878906
v -37.78969192504883 3.0059814453125 -317.5445556640625
v -39.03821563720703 3.601670265197754 -318.6379699707031
v -30.233203887939453 4.581952095031738 -319.72540283203125
v -30.12104034423828 4.663300514221191 -318.6968688964844
v -29.879962921142578 4.162263870239258 -318.1148986816406
v -39.01401901245117 4.220128059387207 -318.44482421875
v -30.40235137939453 5.220794677734375 -319.3551330566406
v -30.232120513916016 5.071544647216797 -318.2174377441406
v -30.012882232666016 4.622006416320801 -317.62823486328125
v -39.0152587890625 4.964184761047363 -318.33197021484375
v -30.61322021484375 5.8326005935668945 -319.50811767578125
v -39.017330169677734 5.733847618103027 -318.2635803222656
v -30.738056182861328 6.33244514465332 -319.1566467285156
v -39.0183219909668 6.521105766296387 -318.2004089355469
v -30.90125274658203 6.93974494934082 -318.8156433105469
v -39.01127624511719 7.37919807434082 -318.0967712402344
v -31.02800750732422 7.451963424682617 -318.4322509765625
v -39.624725341796875 8.321619033813477 -318.80029296875
v -39.23918151855469 8.017516136169434 -318.262451171875
v -40.02650833129883 8.72504711151123 -319.6763916015625
v -31.231700897216797 8.095550537109375 -318.58599853515625
v -31.622432708740234 9.250211715698242 -318.6731262207031
v -31.378925323486328 8.700251579284668 -318.2354736328125
v -39.670799255371094 9.052491188049316 -318.75372314453125
v -39.21562576293945 8.656716346740723 -318.1373596191406
v -40.043724060058594 9.552407264709473 -319.4952087402344
v -31.963193893432617 9.633016586303711 -319.7088623046875
v -39.68831253051758 9.822559356689453 -318.6444091796875
v -39.22858428955078 9.41627025604248 -318.0364990234375
v -40.048397064208984 10.319709777832031 -319.3804626464844
v -32.16221237182617 10.338401794433594 -319.2666931152344
v -39.6926155090332 10.592293739318848 -318.56396484375
v -39.24058532714844 10.185647010803223 -317.94976806640625
v -40.038978576660156 11.089611053466797 -319.3265380859375
v -32.354331970214844 10.972833633422852 -318.9408874511719
v -39.68659591674805 11.365890502929688 -318.52935791015625
v -39.24418640136719 10.955643653869629 -317.8967590332031
v -40.02165985107422 11.86981201171875 -319.32196044921875
v -32.48839569091797 11.477088928222656 -318.60968017578125
v -39.6754264831543 12.144088745117188 -318.53302001953125
v -39.240299224853516 11.730074882507324 -317.8822326660156
v -40.00637435913086 12.651777267456055 -319.34063720703125
v -32.72688293457031 12.075042724609375 -318.6913757324219
v -39.666114807128906 12.92414665222168 -318.5559387207031
v -39.23462677001953 12.51063346862793 -317.89654541015625
v -40.00116729736328 13.426709175109863 -319.35931396484375
v -32.88903045654297 12.770724296569824 -318.2228088378906
v -33.28580856323242 13.833880424499512 -318.4645080566406
v -33.029808044433594 13.310909271240234 -317.9917907714844
v -39.664615631103516 13.704895973205566 -318.57672119140625
v -39.23358917236328 13.297295570373535 -317.9217529296875
v -40.010894775390625 14.193892478942871 -319.35992431640625
v -33.615718841552734 14.24875259399414 -319.56396484375
v -39.67258834838867 14.488959312438965 -318.5771179199219
v -39.239810943603516 14.090991020202637 -317.9388732910156
v -40.03547286987305 14.957118034362793 -319.3276672363281
v -33.794857025146484 14.978265762329102 -319.21575927734375
v -39.68368911743164 15.282726287841797 -318.54840087890625
v -39.248023986816406 14.894247055053711 -317.93463134765625
v -40.06646728515625 15.729403495788574 -319.26702880859375
v -33.995269775390625 15.619373321533203 -318.99725341796875
v -39.68086242675781 16.09339714050293 -318.49432373046875
v -39.24283981323242 15.708732604980469 -317.90765380859375
v -40.08169174194336 16.528724670410156 -319.18438720703125
v -34.22264862060547 16.20843505859375 -318.8134765625
v -34.81640625 17.283653259277344 -318.5552673339844
v -34.50037384033203 16.7734375 -318.66064453125
v -39.639137268066406 16.92032814025879 -318.4311218261719
v -39.20014953613281 16.530109405517578 -317.8724365234375
v -40.049888610839844 17.350196838378906 -319.08404541015625
v -35.20523452758789 17.529319763183594 -319.3370361328125
v -39.54340362548828 17.7462100982666 -318.3965759277344
v -39.09050369262695 17.34807586669922 -317.86358642578125
v -39.96113586425781 18.14792251586914 -319.00299072265625
v -35.54179763793945 17.96176528930664 -318.9849853515625
v -36.68694305419922 18.596696853637695 -318.125244140625
v -35.98314666748047 18.324779510498047 -318.56549072265625
v -39.46399688720703 18.500064849853516 -318.4516906738281
v -38.863922119140625 18.19157600402832 -317.95062255859375
v -39.834320068359375 18.818069458007812 -318.94866943359375
v -37.21541213989258 19.066667556762695 -319.25543212890625
v -39.45207595825195 19.069910049438477 -318.6022644042969
v -38.95018005371094 18.904733657836914 -318.3311462402344
v -38.183712005615234 18.76437759399414 -318.07171630859375
v -37.46162796020508 18.849468231201172 -318.2746887207031
v -39.711524963378906 19.22478675842285 -318.91973876953125
v -37.72910690307617 19.459320068359375 -319.53717041015625
v -39.67171859741211 19.460725784301758 -319.20770263671875
v -39.34537124633789 19.624065399169922 -319.2755432128906
v -38.82095718383789 19.672130584716797 -319.3128967285156
v -38.23112106323242 19.602394104003906 -319.3809814453125
v -39.48228454589844 19.39249038696289 -318.841064453125
v -39.110504150390625 19.37398910522461 -318.7425537109375
v -38.528907775878906 19.306564331054688 -318.6929626464844
v -37.87819290161133 19.225740432739258 -318.8092346191406
v -31.752073287963867 -3.7648439407348633 -317.6653747558594
v -31.113361358642578 -3.9764761924743652 -317.35107421875
v -30.278480529785156 -4.2726874351501465 -317.3371887207031
v -29.419876098632812 -4.451584815979004 -317.3905944824219
v -28.50804328918457 -4.455256462097168 -317.72003173828125
v -27.88153839111328 -4.176163673400879 -317.46356201171875
v -27.589630126953125 -4.024386405944824 -317.653564453125
v -32.2422981262207 -3.642904758453369 -318.187255859375
v -27.4411563873291 -3.8015365600585938 -317.3141784667969
v -31.987953186035156 -3.523087501525879 -317.34051513671875
v -31.458866119384766 -3.6775827407836914 -316.8682861328125
v -32.49434280395508 -3.3561110496520996 -317.82501220703125
v -27.402114868164062 -3.453361988067627 -317.09674072265625
v -33.4919319152832 -2.4750828742980957 -317.4042053222656
v -32.78242492675781 -2.982807159423828 -317.34716796875
v -27.707195281982422 -2.512061595916748 -317.14923095703125
v -27.499759674072266 -3.0130624771118164 -317.0836181640625
v -32.206451416015625 -3.2645106315612793 -317.0096435546875
v -31.71696662902832 -3.403496742248535 -316.4889221191406
v -34.07056427001953 -2.1400928497314453 -317.683349609375
v -28.050851821899414 -2.174079418182373 -317.9687805175781
v -34.27369689941406 -1.6845226287841797 -317.2252197265625
v -28.241943359375 -1.6237735748291016 -317.5960998535156
v -35.063575744628906 -1.220262050628662 -317.6444091796875
v -34.61854553222656 -1.3193726539611816 -317.20751953125
v -35.563053131103516 -0.9204268455505371 -317.8504638671875
v -28.54999351501465 -0.9684920310974121 -317.7132873535156
v -35.13951110839844 -0.6348729133605957 -317.0962219238281
v -34.71533203125 -0.8909106254577637 -316.8011474609375
v -35.58723831176758 -0.18273591995239258 -317.17919921875
v -28.750038146972656 -0.2562284469604492 -317.2944641113281
v -36.517311096191406 0.3770589828491211 -317.6910400390625
v -35.99361038208008 0.3089427947998047 -317.2335205078125
v -28.904056549072266 0.4070281982421875 -317.07244873046875
v -35.13365936279297 -0.2306222915649414 -316.69000244140625
v -34.82403564453125 -0.3726482391357422 -316.385498046875
v -37.04182052612305 0.6870031356811523 -317.9794616699219
v -29.103946685791016 0.9231328964233398 -318.15704345703125
v -36.58083724975586 1.1217355728149414 -317.3130798339844
v -36.07123947143555 0.8899211883544922 -316.95086669921875
v -37.085472106933594 1.3785839080810547 -317.6346435546875
v -29.21227264404297 1.696157455444336 -317.8059387207031
v -36.63487243652344 1.8296480178833008 -317.01409912109375
v -36.13856887817383 1.5871524810791016 -316.64898681640625
v -37.132381439208984 2.097320556640625 -317.34136962890625
v -29.32645034790039 2.384042739868164 -317.58355712890625
v -36.67979431152344 2.5052547454833984 -316.76507568359375
v -36.211822509765625 2.288055419921875 -316.39581298828125
v -37.12837600708008 2.948641777038574 -316.9908447265625
v -29.420804977416992 2.8984546661376953 -317.31573486328125
v -37.935482025146484 3.6232471466064453 -317.46551513671875
v -37.4832878112793 3.4825563430786133 -317.1073913574219
v -36.67020797729492 2.95407772064209 -316.5794677734375
v -36.33179473876953 2.9012203216552734 -316.2643737792969
v -38.52405548095703 3.7656307220458984 -318.00701904296875
v -29.61139678955078 3.5184621810913086 -317.468505859375
v -38.01716613769531 4.310464859008789 -317.3780822753906
v -37.51236343383789 4.081583023071289 -316.9694519042969
v -38.53435516357422 4.5989274978637695 -317.83172607421875
v -29.77368927001953 4.115152359008789 -316.9926452636719
v -30.172718048095703 5.109643936157227 -317.03717041015625
v -29.92028045654297 4.551553726196289 -316.6728210449219
v -38.03788375854492 5.067968368530273 -317.2811279296875
v -37.536895751953125 4.797482490539551 -316.8565673828125
v -38.53852844238281 5.375075340270996 -317.74072265625
v -30.465900421142578 5.688881874084473 -318.3100891113281
v -38.040374755859375 5.835676193237305 -317.21966552734375
v -37.54500198364258 5.5533647537231445 -316.7822265625
v -38.535953521728516 6.148195266723633 -317.68096923828125
v -30.677282333374023 6.373763084411621 -317.9139404296875
v -38.03534698486328 6.600379943847656 -317.1783142089844
v -37.543251037597656 6.321477890014648 -316.7435302734375
v -38.52366256713867 6.911993026733398 -317.6163330078125
v -30.85479736328125 6.985735893249512 -317.6126403808594
v -38.031471252441406 7.340049743652344 -317.1396179199219
v -37.540184020996094 7.0880889892578125 -316.72308349609375
v -38.47386932373047 7.566952705383301 -317.5121765136719
v -31.017314910888672 7.607507705688477 -317.4014892578125
v -38.076507568359375 8.061432838439941 -317.12939453125
v -37.549686431884766 7.849550247192383 -316.7070007324219
v -38.703121185302734 8.208703994750977 -317.6600341796875
v -31.178176879882812 8.331990242004395 -317.12799072265625
v -31.600582122802734 9.583401679992676 -317.7757263183594
v -31.40150260925293 9.068059921264648 -317.46478271484375
v -38.13703155517578 8.824396133422852 -317.10675048828125
v -37.57450485229492 8.620738983154297 -316.68133544921875
v -38.70521926879883 9.078025817871094 -317.5447082519531
v -31.84259033203125 9.918689727783203 -318.4820861816406
v -38.168190002441406 9.612250328063965 -317.044189453125
v -37.60158920288086 9.415292739868164 -316.6347961425781
v -31.70609474182129 10.068154335021973 -317.40869140625
v -31.455219268798828 9.578919410705566 -316.8094482421875
v -38.72207260131836 9.862613677978516 -317.4598388671875
v -32.02222442626953 10.600996017456055 -318.0183410644531
v -38.19564437866211 10.373330116271973 -316.9917297363281
v -37.653900146484375 10.176777839660645 -316.609130859375
v -31.79376220703125 10.552310943603516 -316.962158203125
v -31.550657272338867 10.148358345031738 -316.39178466796875
v -38.73469924926758 10.629653930664062 -317.39947509765625
v -32.262027740478516 11.179041862487793 -318.0582275390625
v -38.209259033203125 11.126422882080078 -316.9534606933594
v -37.69422912597656 10.894370079040527 -316.5870666503906
v -38.73843002319336 11.397385597229004 -317.3693542480469
v -32.39203643798828 11.681699752807617 -317.7344970703125
v -38.21327590942383 11.891818046569824 -316.9330139160156
v -37.69551467895508 11.63485050201416 -316.5439147949219
v -38.73833465576172 12.173676490783691 -317.367919921875
v -32.57474899291992 12.323379516601562 -317.441162109375
v -38.22208786010742 12.671995162963867 -316.93011474609375
v -37.70452880859375 12.405681610107422 -316.51483154296875
v -38.74244689941406 12.959766387939453 -317.38409423828125
v -32.75108337402344 13.031172752380371 -317.0672607421875
v -33.24039077758789 14.195799827575684 -317.65655517578125
v -33.023284912109375 13.699173927307129 -317.343505859375
v -38.24260330200195 13.463425636291504 -316.9324951171875
v -37.730194091796875 13.190245628356934 -316.49151611328125
v -38.75491714477539 13.755035400390625 -317.40142822265625
v -33.48780822753906 14.535331726074219 -318.369873046875
v -38.272796630859375 14.263176918029785 -316.9280700683594
v -37.772499084472656 13.983988761901855 -316.4607238769531
v -33.32341766357422 14.698457717895508 -317.3428955078125
v -33.05177688598633 14.218902587890625 -316.756103515625
v -38.77153396606445 14.559245109558105 -317.4058837890625
v -33.64348602294922 15.251588821411133 -317.9781799316406
v -38.29777145385742 15.067338943481445 -316.9112854003906
v -37.821136474609375 14.779877662658691 -316.42376708984375
v -33.37685012817383 15.201234817504883 -316.9131774902344
v -33.11735534667969 14.793539047241211 -316.3536071777344
v -38.77700424194336 15.371060371398926 -317.3925476074219
v -33.90685272216797 15.88282585144043 -318.0583190917969
v -38.290321350097656 15.869784355163574 -316.8861389160156
v -37.84627914428711 15.567159652709961 -316.38232421875
v -38.74757385253906 16.18311309814453 -317.37176513671875
v -34.072113037109375 16.479873657226562 -317.5660400390625
v -34.776092529296875 17.49322509765625 -317.7596435546875
v -34.462642669677734 17.10686683654785 -317.64910888671875
v -38.22306442260742 16.654132843017578 -316.87982177734375
v -37.80458068847656 16.3431396484375 -316.3381652832031
v -38.65879821777344 16.973114013671875 -317.3739929199219
v -35.11384582519531 17.704082489013672 -318.31341552734375
v -38.09086227416992 17.373132705688477 -316.9516296386719
v -37.67060089111328 17.093801498413086 -316.3513488769531
v -34.97583770751953 17.79677963256836 -317.38153076171875
v -34.569297790527344 17.49591827392578 -316.936767578125
v -38.48887634277344 17.692232131958008 -317.43756103515625
v -35.43400573730469 18.04845428466797 -317.89404296875
v -38.18502426147461 18.218469619750977 -317.5434875488281
v -37.393821716308594 18.3591365814209 -317.3173522949219
v -36.50218200683594 18.353271484375 -316.9227600097656
v -35.83757781982422 18.283294677734375 -317.1915283203125
v -37.93901062011719 17.914222717285156 -317.14471435546875
v -37.48197555541992 17.75808334350586 -316.5776062011719
v -35.23505783081055 18.04947853088379 -316.9708251953125
v -34.81460952758789 17.846393585205078 -316.4644775390625
v -30.28554916381836 -3.947925567626953 -316.23016357421875
v -29.49297332763672 -4.1474103927612305 -316.37677001953125
v -28.7177677154541 -4.2168378829956055 -316.56488037109375
v -28.060531616210938 -4.138600826263428 -316.7493896484375
v -27.632272720336914 -3.973078727722168 -316.9633483886719
v -30.937313079833984 -3.7829995155334473 -316.4019775390625
v -27.456987380981445 -3.6504626274108887 -316.5267333984375
v -31.173086166381836 -3.561079502105713 -316.03350830078125
v -27.39463996887207 -3.1639575958251953 -316.0902404785156
v -33.286903381347656 -2.181518077850342 -316.4062805175781
v -32.7371826171875 -2.530050277709961 -316.1064147949219
v -32.00384521484375 -3.0372142791748047 -316.0160827636719
v -31.393169403076172 -3.3155322074890137 -315.6816101074219
v -27.658700942993164 -2.271115779876709 -316.4140319824219
v -27.48296356201172 -2.663135528564453 -316.26898193359375
v -33.737457275390625 -1.9739151000976562 -316.8429260253906
v -27.927230834960938 -1.9838452339172363 -316.9647216796875
v -33.44378662109375 -1.8314003944396973 -315.9715270996094
v -33.011390686035156 -2.093362808227539 -315.6015319824219
v -27.78089141845703 -1.8656611442565918 -316.0238342285156
v -27.514541625976562 -2.255427837371826 -315.5921630859375
v -33.86526107788086 -1.5266776084899902 -316.2476806640625
v -28.160703659057617 -1.3603806495666504 -316.56024169921875
v -33.5556755065918 -1.4827966690063477 -315.4700927734375
v -33.19696044921875 -1.7319083213806152 -315.1382141113281
v -27.895092010498047 -1.4356136322021484 -315.513916015625
v -27.608335494995117 -1.8034696578979492 -315.04693603515625
v -34.291194915771484 -1.177048683166504 -316.4815673828125
v -28.476238250732422 -0.7144927978515625 -316.6159362792969
v -34.40772247314453 -0.6378293037414551 -315.93707275390625
v -28.62308120727539 -0.08720159530639648 -316.0768127441406
v -35.024810791015625 0.2440929412841797 -316.0833740234375
v -34.58631134033203 -0.13000965118408203 -315.66558837890625
v -28.84881591796875 0.5981922149658203 -316.1502380371094
v -35.57808303833008 0.6085872650146484 -316.5826721191406
v -29.034626007080078 1.0987281799316406 -316.8881530761719
v -28.931808471679688 1.1449575424194336 -315.75482177734375
v -35.65310287475586 1.322317123413086 -316.24359130859375
v -29.141008377075195 1.8423795700073242 -316.5010070800781
v -29.01036834716797 1.6826629638671875 -315.3702392578125
v -35.72639083862305 2.03855037689209 -315.954345703125
v -29.28207015991211 2.507805824279785 -316.65814208984375
v -35.813533782958984 2.822995185852051 -315.682373046875
v -29.381418228149414 3.0057668685913086 -316.3899230957031
v -36.56532669067383 3.447389602661133 -316.28826904296875
v -36.10285568237305 3.3455371856689453 -315.8267517089844
v -37.051475524902344 3.7850141525268555 -316.63970947265625
v -29.539215087890625 3.6066770553588867 -316.1587829589844
v -36.58709716796875 4.227399826049805 -316.06103515625
v -36.13346862792969 3.935122489929199 -315.6322021484375
v -37.05453872680664 4.524874687194824 -316.4576416015625
v -29.719661712646484 4.164981842041016 -315.9005432128906
v -30.195463180541992 5.280208587646484 -315.73236083984375
v -29.939674377441406 4.703378677368164 -315.79815673828125
v -36.60067367553711 4.980635643005371 -315.9058837890625
v -36.15473556518555 4.66313362121582 -315.43597412109375
v -37.06344223022461 5.27501106262207 -316.3489990234375
v -30.440580368041992 5.799007415771484 -316.8681640625
v -36.6083984375 5.744266510009766 -315.8179931640625
v -36.17335510253906 5.420708656311035 -315.30841064453125
v -37.064979553222656 6.041717529296875 -316.29388427734375
v -30.65894889831543 6.4307451248168945 -316.6223449707031
v -36.60913848876953 6.520795822143555 -315.78057861328125
v -36.18394088745117 6.192564964294434 -315.24139404296875
v -37.061466217041016 6.8176984786987305 -316.27349853515625
v -30.836509704589844 7.04655647277832 -316.3905029296875
v -36.60749053955078 7.305693626403809 -315.7685546875
v -36.189388275146484 6.975340843200684 -315.2118225097656
v -37.06009292602539 7.5969696044921875 -316.2644958496094
v -30.975187301635742 7.668662071228027 -316.1571044921875
v -36.60907745361328 8.094024658203125 -315.75531005859375
v -36.19664764404297 7.763195037841797 -315.1922912597656
v -37.0656623840332 8.380651473999023 -316.245849609375
v -31.058395385742188 8.203291893005371 -315.8511657714844
v -36.61476516723633 8.882713317871094 -315.72198486328125
v -36.209999084472656 8.549642562866211 -315.1584167480469
v -37.07318115234375 9.181618690490723 -316.2026672363281
v -31.209135055541992 8.908772468566895 -316.08892822265625
v -36.617671966552734 9.657692909240723 -315.6657409667969
v -36.22924041748047 9.330916404724121 -315.0987548828125
v -37.06413650512695 10.065269470214844 -316.1175231933594
v -31.311750411987305 9.652471542358398 -315.68023681640625
v -31.675731658935547 10.763263702392578 -315.973876953125
v -31.423019409179688 10.228133201599121 -315.49200439453125
v -36.588741302490234 10.309886932373047 -315.5671691894531
v -36.266483306884766 10.060596466064453 -315.0758361816406
v -37.26426315307617 10.694718360900879 -316.25518798828125
v -32.03978729248047 11.159157752990723 -317.02777099609375
v -37.21816635131836 11.357641220092773 -316.1549377441406
v -32.238162994384766 11.871004104614258 -316.6323547363281
v -37.21833038330078 12.126421928405762 -316.090576171875
v -32.42125701904297 12.501120567321777 -316.3401794433594
v -37.24440383911133 12.90581226348877 -316.0379333496094
v -32.53544616699219 12.994933128356934 -316.024658203125
v -37.292991638183594 13.691043853759766 -315.97332763671875
v -32.7427978515625 13.605713844299316 -316.1207275390625
v -37.35587692260742 14.489030838012695 -315.88470458984375
v -32.83843994140625 14.318466186523438 -315.67022705078125
v -33.1894645690918 15.42508602142334 -315.90557861328125
v -32.92649841308594 14.88809585571289 -315.4468078613281
v -37.42572021484375 15.267777442932129 -315.8308410644531
v -33.61290740966797 15.833878517150879 -316.94171142578125
v -37.4354362487793 16.007781982421875 -315.76458740234375
v -33.74775695800781 16.457653045654297 -316.4018249511719
v -37.31708526611328 16.75350570678711 -315.6528015136719
v -34.104740142822266 17.04175567626953 -316.4526672363281
v -37.042091369628906 17.505931854248047 -315.6455993652344
v -34.37778854370117 17.566728591918945 -315.9627990722656
v -36.70710372924805 18.068742752075195 -316.0696716308594
v -35.92491149902344 18.21834945678711 -315.9614562988281
v -35.19697189331055 18.1002140045166 -315.9649353027344
v -34.650482177734375 17.873668670654297 -315.6242370605469
v -30.04338836669922 -3.7611007690429688 -315.32708740234375
v -29.510486602783203 -3.8832664489746094 -315.4407958984375
v -28.817581176757812 -3.9654135704040527 -315.606689453125
v -28.18973159790039 -3.9623498916625977 -315.86065673828125
v -27.724611282348633 -3.850579261779785 -316.14813232421875
v -30.59697151184082 -3.6882996559143066 -315.6458740234375
v -27.536975860595703 -3.494381904602051 -315.5751037597656
v -30.22627830505371 -3.556966781616211 -314.8480224609375
v -29.578887939453125 -3.6443233489990234 -314.6687316894531
v -28.901016235351562 -3.7082433700561523 -314.7320861816406
v -28.265689849853516 -3.7215471267700195 -314.99127197265625
v -27.838659286499023 -3.70866060256958 -315.38922119140625
v -30.8466796875 -3.4360408782958984 -315.2023010253906
v -27.42803192138672 -3.065931797027588 -314.8594970703125
v -31.958782196044922 -2.629399299621582 -314.73651123046875
v -31.1495418548584 -3.0971169471740723 -314.6939392089844
v -30.453990936279297 -3.3294200897216797 -314.4105224609375
v -29.789329528808594 -3.3970117568969727 -314.0170593261719
v -29.035615921020508 -3.455531597137451 -313.9078369140625
v -28.34743309020996 -3.4569144248962402 -314.088134765625
v -27.77276039123535 -3.389155864715576 -314.575439453125
v -32.57449722290039 -2.294445037841797 -315.1061706542969
v -27.372859954833984 -2.666473388671875 -315.2077941894531
v -32.79360580444336 -1.985621452331543 -314.751220703125
v -27.391826629638672 -2.187514305114746 -314.5461730957031
v -33.359920501708984 -1.3120174407958984 -314.5137023925781
v -32.98379135131836 -1.684117317199707 -314.3997497558594
v -27.747058868408203 -1.2606382369995117 -314.43560791015625
v -27.464508056640625 -1.751875877380371 -314.14056396484375
v -33.90441131591797 -1.0171055793762207 -315.3913879394531
v -28.199874877929688 -0.8212566375732422 -315.484130859375
v -34.16993713378906 -0.2766847610473633 -314.84210205078125
v -28.37903594970703 -0.2039194107055664 -314.9671936035156
v -34.832237243652344 0.8064031600952148 -315.28448486328125
v -34.55091857910156 0.3452301025390625 -315.0453186035156
v -35.1964225769043 1.0272026062011719 -315.7879333496094
v -28.650510787963867 0.4812002182006836 -315.05340576171875
v -34.894309997558594 1.3785600662231445 -314.98583984375
v -34.55868911743164 0.9637355804443359 -314.473388671875
v -35.27934646606445 1.7190217971801758 -315.4891662597656
v -28.811431884765625 1.2073516845703125 -314.66546630859375
v -28.948223114013672 1.8663406372070312 -314.4555969238281
v -34.95795822143555 2.033543586730957 -314.6847229003906
v -34.62765121459961 1.621699333190918 -314.116455078125
v -35.339759826660156 2.4175167083740234 -315.19036865234375
v -29.167282104492188 2.364635467529297 -315.5435791015625
v -35.004913330078125 2.6813268661499023 -314.3917541503906
v -34.69417190551758 2.277660369873047 -313.8311767578125
v -35.34844970703125 3.111147880554199 -314.83154296875
v -29.313432693481445 3.0759811401367188 -315.226806640625
v -35.025787353515625 3.239274024963379 -314.1083984375
v -34.753929138183594 2.9060840606689453 -313.59033203125
v -35.720455169677734 3.57208251953125 -315.212158203125
v -29.48627471923828 3.6929845809936523 -314.98919677734375
v -35.7222900390625 4.303264617919922 -314.92138671875
v -29.696941375732422 4.261445999145508 -314.8006896972656
v -30.2060604095459 5.359387397766113 -314.48638916015625
v -29.944002151489258 4.809761047363281 -314.6517639160156
v -35.756553649902344 5.066418647766113 -314.75537109375
v -30.444204330444336 5.877923965454102 -315.5577392578125
v -35.78227615356445 5.832815170288086 -314.6571044921875
v -30.654680252075195 6.475615501403809 -315.3511962890625
v -35.7996711730957 6.6077470779418945 -314.6007995605469
v -30.814992904663086 7.084822654724121 -315.1489562988281
v -35.81772994995117 7.389974594116211 -314.5596923828125
v -30.924964904785156 7.704520225524902 -314.9615478515625
v -35.845375061035156 8.170175552368164 -314.51641845703125
v -31.013404846191406 8.366823196411133 -314.862548828125
v -35.88124465942383 8.941936492919922 -314.4456481933594
v -31.10222816467285 9.092974662780762 -314.73968505859375
v -35.91465759277344 9.76262092590332 -314.2933654785156
v -31.216251373291016 9.8860502243042 -314.49371337890625
v -36.334228515625 10.727596282958984 -315.0802307128906
v -36.05716323852539 10.432577133178711 -314.5190124511719
v -31.650924682617188 11.120152473449707 -315.197265625
v -31.443452835083008 10.621309280395508 -314.87640380859375
v -36.78159713745117 10.932159423828125 -315.71881103515625
v -31.90505599975586 11.440396308898926 -315.8568115234375
v -36.39237976074219 11.440706253051758 -315.02496337890625
v -36.07379150390625 11.042165756225586 -314.349853515625
v -31.77444839477539 11.573171615600586 -314.8871154785156
v -31.526206970214844 11.117076873779297 -314.36541748046875
v -36.780548095703125 11.796092987060547 -315.61041259765625
v -32.090450286865234 12.090349197387695 -315.42803955078125
v -36.430145263671875 12.212991714477539 -314.93328857421875
v -36.119781494140625 11.783599853515625 -314.2276306152344
v -31.880748748779297 11.971378326416016 -314.4374084472656
v -31.658220291137695 11.585187911987305 -314.0048828125
v -36.80690383911133 12.584066390991211 -315.53118896484375
v -32.318450927734375 12.661552429199219 -315.4604797363281
v -36.48253631591797 12.977957725524902 -314.83447265625
v -36.17414093017578 12.541699409484863 -314.1186218261719
v -36.8575439453125 13.358473777770996 -315.4428405761719
v -32.42466354370117 13.14396858215332 -315.11834716796875
v -36.55357360839844 13.728976249694824 -314.7054748535156
v -36.24292755126953 13.289213180541992 -313.99749755859375
v -36.92524337768555 14.138531684875488 -315.3129577636719
v -32.55221939086914 13.802552223205566 -314.8076171875
v -36.627864837646484 14.456510543823242 -314.5170593261719
v -36.32404708862305 14.012622833251953 -313.8440246582031
v -36.983882904052734 14.99166488647461 -315.09185791015625
v -32.65159225463867 14.568638801574707 -314.4317321777344
v -33.08740997314453 15.807008743286133 -315.0668029785156
v -32.874359130859375 15.298891067504883 -314.76080322265625
v -36.656105041503906 15.06204605102539 -314.23773193359375
v -36.40333557128906 14.685678482055664 -313.6566162109375
v -37.14269256591797 15.680289268493652 -315.2364501953125
v -33.39307403564453 16.109848022460938 -315.73187255859375
v -33.19597244262695 16.296409606933594 -314.6963806152344
v -32.88849639892578 15.833783149719238 -314.128662109375
v -37.05375289916992 16.316341400146484 -314.9752502441406
v -33.62449264526367 16.768192291259766 -315.302734375
v -33.34210968017578 16.75128936767578 -314.1970520019531
v -33.017372131347656 16.37582778930664 -313.6540222167969
v -36.83650588989258 17.082286834716797 -314.7159423828125
v -34.0005989074707 17.292762756347656 -315.3790588378906
v -36.41884231567383 17.547298431396484 -314.07562255859375
v -36.11907958984375 17.637752532958984 -313.39385986328125
v -36.652957916259766 17.61858367919922 -314.85540771484375
v -34.2651481628418 17.666698455810547 -314.97076416015625
v -36.56306457519531 17.873214721679688 -315.2095031738281
v -36.03888702392578 18.061519622802734 -314.8572998046875
v -35.32941436767578 18.12698745727539 -314.7966003417969
v -34.72113800048828 17.979049682617188 -314.810791015625
v -36.345706939697266 17.8469181060791 -314.5765380859375
v -36.01305389404297 17.863035202026367 -313.8661193847656
v -31.744766235351562 -2.4168014526367188 -313.45849609375
v -31.08835220336914 -2.7669548988342285 -313.4472351074219
v -30.205202102661133 -3.0965805053710938 -313.3905334472656
v -29.238689422607422 -3.2080769538879395 -313.0741882324219
v -28.475820541381836 -3.2160520553588867 -313.13897705078125
v -27.882076263427734 -3.1421780586242676 -313.478271484375
v -27.529239654541016 -3.0035018920898438 -313.9251403808594
v -32.321441650390625 -2.2205471992492676 -314.23040771484375
v -27.350330352783203 -2.5835514068603516 -313.9035339355469
v -32.616127014160156 -1.8776297569274902 -313.8974304199219
v -27.313220977783203 -2.0090222358703613 -313.4004211425781
v -33.23818588256836 -1.0303974151611328 -313.33209228515625
v -32.90525817871094 -1.5023589134216309 -313.5966491699219
v -27.673362731933594 -0.899207592010498 -313.32757568359375
v -27.435243606567383 -1.4612555503845215 -313.2733459472656
v -33.68975067138672 -0.7252931594848633 -314.1605224609375
v -28.039348602294922 -0.585174560546875 -314.2373352050781
v -33.88445281982422 -0.2076864242553711 -313.7665100097656
v -28.288055419921875 0.06136894226074219 -314.00689697265625
v -34.18486022949219 0.3985404968261719 -313.8830871582031
v -28.52050018310547 0.7294654846191406 -313.8238220214844
v -34.31931686401367 1.155710220336914 -313.4736328125
v -28.701078414916992 1.380777359008789 -313.5946044921875
v -28.84881591796875 2.0283937454223633 -313.33636474609375
v -34.41083526611328 1.8339872360229492 -313.1766052246094
v -29.090213775634766 2.5400400161743164 -314.27667236328125
v -34.487186431884766 2.4971723556518555 -312.9360656738281
v -29.25001335144043 3.191709518432617 -314.04083251953125
v -34.82000732421875 3.578615188598633 -313.34423828125
v -34.56916809082031 3.0730247497558594 -312.8367614746094
v -35.270084381103516 3.8416624069213867 -314.2965087890625
v -29.445802688598633 3.7933826446533203 -313.83197021484375
v -35.35419845581055 4.680013656616211 -314.1368408203125
v -29.681528091430664 4.348301887512207 -313.6527099609375
v -30.212615966796875 5.392289161682129 -313.2516174316406
v -29.944969177246094 4.872250556945801 -313.4639892578125
v -35.40239334106445 5.445599555969238 -314.02484130859375
v -30.45014190673828 5.919480323791504 -314.29119873046875
v -35.43406677246094 6.207799911499023 -313.9456787109375
v -30.648147583007812 6.500697135925293 -314.09490966796875
v -35.4633674621582 6.977057456970215 -313.876708984375
v -30.787063598632812 7.114672660827637 -313.92041015625
v -35.50375747680664 7.7544450759887695 -313.7919921875
v -30.875850677490234 7.771515846252441 -313.7863464355469
v -35.56971740722656 8.5097074508667 -313.7402038574219
v -30.940675735473633 8.473038673400879 -313.6781311035156
v -35.633636474609375 9.202218055725098 -313.64208984375
v -31.010650634765625 9.189558029174805 -313.5443420410156
v -35.661827087402344 9.766578674316406 -313.4095764160156
v -31.089353561401367 9.78553295135498 -313.33746337890625
v -35.811458587646484 10.447907447814941 -313.61480712890625
v -31.283199310302734 10.497331619262695 -313.6703796386719
v -35.8698616027832 11.272954940795898 -313.42181396484375
v -31.455171585083008 11.1602783203125 -313.4840393066406
v -31.802867889404297 11.981010437011719 -313.4585876464844
v -31.58929443359375 11.55383586883545 -313.3267822265625
v -35.92811965942383 12.03923225402832 -313.2931213378906
v -32.1141242980957 12.526655197143555 -314.37310791015625
v -35.99055862426758 12.79287338256836 -313.1748962402344
v -32.28188705444336 13.21110725402832 -313.8683776855469
v -36.06026077270508 13.533806800842285 -313.04107666015625
v -32.39810562133789 13.905978202819824 -313.5380554199219
v -36.13505554199219 14.254450798034668 -312.8988952636719
v -32.454227447509766 14.487099647521973 -313.2030029296875
v -36.46358108520508 15.369772911071777 -313.40423583984375
v -36.222076416015625 14.86048698425293 -312.8515319824219
v -36.80729675292969 15.725088119506836 -314.36077880859375
v -32.617401123046875 15.189194679260254 -313.43328857421875
v -36.71997833251953 16.512250900268555 -313.987060546875
v -32.73448944091797 15.900397300720215 -313.0223388671875
v -36.53977966308594 17.083621978759766 -313.7398986816406
v -36.30741882324219 17.38507843017578 -313.3956298828125
v -33.292747497558594 16.88551902770996 -313.06915283203125
v -32.9056510925293 16.39246940612793 -312.7326965332031
v -36.06051254272461 17.43242645263672 -312.90826416015625
v -33.76543426513672 17.267227172851562 -314.23541259765625
v -35.70585250854492 17.724275588989258 -312.8212890625
v -34.25221252441406 17.76220703125 -313.8822937011719
v -35.40146255493164 18.025875091552734 -313.549560546875
v -34.78639221191406 18.022750854492188 -313.71826171875
v -31.727706909179688 -2.2472739219665527 -312.68133544921875
v -31.115234375 -2.4902939796447754 -312.2458190917969
v -30.273639678955078 -2.7958273887634277 -312.13958740234375
v -29.404735565185547 -2.9726028442382812 -312.08203125
v -28.603065490722656 -3.0048608779907227 -312.1356506347656
v -27.96196937561035 -2.9267191886901855 -312.4320983886719
v -27.535306930541992 -2.7692317962646484 -312.97955322265625
v -32.16105651855469 -2.0918726921081543 -313.30181884765625
v -27.31362533569336 -2.3105978965759277 -312.547607421875
v -32.00639343261719 -1.990365982055664 -312.4307556152344
v -31.522380828857422 -2.191770076751709 -311.859619140625
v -32.454776763916016 -1.7552614212036133 -312.96923828125
v -27.2367000579834 -1.7187714576721191 -312.06317138671875
v -33.14900207519531 -0.7782578468322754 -312.22906494140625
v -32.70572280883789 -1.321876049041748 -312.35760498046875
v -27.605688095092773 -0.635838508605957 -312.51416015625
v -27.38834571838379 -1.09788179397583 -312.28472900390625
v -32.24191665649414 -1.6999244689941406 -312.0945739746094
v -31.82516098022461 -1.893019676208496 -311.528076171875
v -33.5484733581543 -0.4988670349121094 -313.0716552734375
v -27.911640167236328 -0.32612085342407227 -313.17706298828125
v -27.727985382080078 -0.20285844802856445 -312.1429748535156
v -27.415382385253906 -0.6552577018737793 -311.583740234375
v -33.803260803222656 0.07169246673583984 -312.8627014160156
v -28.13237953186035 0.3289461135864258 -312.76531982421875
v -27.84099578857422 0.23026466369628906 -311.6369934082031
v -27.52773666381836 -0.18148422241210938 -311.0941162109375
v -34.0118408203125 0.7109403610229492 -312.69769287109375
v -28.427337646484375 0.9604454040527344 -312.8577880859375
v -34.14583206176758 1.365041732788086 -312.4664306640625
v -28.557945251464844 1.51214599609375 -312.4413757324219
v -28.743135452270508 2.1750688552856445 -312.16943359375
v -34.23326110839844 2.0316600799560547 -312.1904296875
v -29.00754165649414 2.6816606521606445 -313.0982666015625
v -34.31718444824219 2.796149253845215 -311.93414306640625
v -29.19144630432129 3.3078432083129883 -312.8521423339844
v -34.702919006347656 4.052972793579102 -312.737060546875
v -34.51921844482422 3.529644012451172 -312.3289794921875
v -34.98033142089844 4.316902160644531 -313.42327880859375
v -29.41781234741211 3.8904905319213867 -312.6813049316406
v -34.74793243408203 4.63566780090332 -312.6219177246094
v -34.500587463378906 4.148411750793457 -311.9235534667969
v -35.051025390625 5.043745040893555 -313.33905029296875
v -29.67219352722168 4.40671443939209 -312.5146484375
v -30.216800689697266 5.389618873596191 -312.0135803222656
v -29.943382263183594 4.890131950378418 -312.2637634277344
v -34.79087448120117 5.336356163024902 -312.51348876953125
v -34.52975845336914 4.848933219909668 -311.7410583496094
v -35.09478759765625 5.78310489654541 -313.25006103515625
v -30.452119827270508 5.931711196899414 -313.0374755859375
v -34.83240509033203 6.0623884201049805 -312.4208068847656
v -34.56914520263672 5.569577217102051 -311.62890625
v -35.1328010559082 6.5306901931762695 -313.1649169921875
v -30.634902954101562 6.508302688598633 -312.8426513671875
v -34.8825798034668 6.782412528991699 -312.3106384277344
v -34.62034606933594 6.282401084899902 -311.52947998046875
v -35.17929458618164 7.284402847290039 -313.04595947265625
v -30.75290870666504 7.13655948638916 -312.68463134765625
v -34.94641876220703 7.470440864562988 -312.1275329589844
v -34.69049835205078 6.9617509841918945 -311.39532470703125
v -35.24433517456055 8.092069625854492 -312.81915283203125
v -30.822837829589844 7.819151878356934 -312.5694580078125
v -35.00141906738281 8.02309513092041 -311.8077392578125
v -34.7794189453125 7.577776908874512 -311.177978515625
v -35.40890121459961 8.78455638885498 -313.01611328125
v -30.879247665405273 8.537936210632324 -312.4834899902344
v -35.45859909057617 9.334635734558105 -312.7519226074219
v -30.960119247436523 9.254169464111328 -312.41632080078125
v -35.55830764770508 9.998607635498047 -312.6086120605469
v -31.105613708496094 9.981560707092285 -312.44775390625
v -35.6562614440918 10.724806785583496 -312.50933837890625
v -31.3112735748291 10.745978355407715 -312.54730224609375
v -31.512510299682617 11.092996597290039 -311.3937683105469
v -31.35340118408203 10.771632194519043 -311.6772766113281
v -35.72683334350586 11.482477188110352 -312.3766784667969
v -31.47509002685547 11.28532886505127 -312.8797607421875
v -31.78908920288086 11.937808990478516 -312.47503662109375
v -31.621599197387695 11.611771583557129 -312.7266845703125
v -31.65390396118164 11.548471450805664 -311.9087219238281
v -31.475675582885742 11.20288372039795 -312.2112731933594
v -35.78532791137695 12.237548828125 -312.2584228515625
v -32.01927947998047 12.517809867858887 -312.7889404296875
v -35.83708953857422 12.989068031311035 -312.1355895996094
v -32.21303176879883 13.288187980651855 -312.5152587890625
v -35.8795051574707 13.747906684875488 -311.9927673339844
v -32.31698226928711 13.992857933044434 -312.30560302734375
v -35.91059494018555 14.59207534790039 -311.85223388671875
v -32.41264724731445 14.690256118774414 -312.2139892578125
v -36.35246658325195 15.803074836730957 -312.819091796875
v -36.142112731933594 15.340948104858398 -312.37286376953125
v -36.568904876708984 16.030620574951172 -313.4424133300781
v -32.53941345214844 15.39301872253418 -312.12432861328125
v -36.37760925292969 16.258573532104492 -312.80255126953125
v -36.07753372192383 15.976643562316895 -312.1234130859375
v -36.550567626953125 16.45147705078125 -313.29034423828125
v -32.72101974487305 16.028667449951172 -311.970947265625
v -36.52895736694336 16.76197052001953 -313.3623962402344
v -36.2778434753418 17.036819458007812 -312.9460144042969
v -33.488285064697266 17.0748233795166 -311.8829345703125
v -33.02577590942383 16.573596954345703 -311.92822265625
v -36.40446472167969 16.635440826416016 -312.9239501953125
v -36.11827087402344 16.599082946777344 -312.34344482421875
v -35.775577545166016 17.178081512451172 -312.14117431640625
v -33.828006744384766 17.454029083251953 -312.9089660644531
v -35.31853103637695 17.63291358947754 -311.830078125
v -34.3398323059082 17.8469181060791 -312.78546142578125
v -35.170127868652344 17.927242279052734 -312.3320007324219
v -34.80943298339844 18.00985336303711 -312.65716552734375
v -30.312501907348633 -2.5528788566589355 -310.836181640625
v -29.468154907226562 -2.7661800384521484 -310.9139404296875
v -28.690492630004883 -2.8256773948669434 -311.04229736328125
v -28.027523040771484 -2.7524352073669434 -311.3277587890625
v -27.552200317382812 -2.573060989379883 -311.8269348144531
v -31.021141052246094 -2.342712879180908 -311.2301025390625
v -27.278602600097656 -2.151167392730713 -311.30419921875
v -31.324386596679688 -2.0963549613952637 -310.91522216796875
v -27.14686393737793 -1.7506122589111328 -310.832763671875
v -33.13998031616211 -0.5350589752197266 -311.4179992675781
v -32.708858489990234 -0.9250402450561523 -311.0950927734375
v -32.132362365722656 -1.482081413269043 -311.0715026855469
v -31.611764907836914 -1.811516284942627 -310.6552429199219
v -33.456275939941406 -0.2712130546569824 -312.06329345703125
v -27.18313980102539 -1.2134790420532227 -310.9538269042969
v -33.32460021972656 -0.1335740089416504 -311.1024475097656
v -32.968605041503906 -0.4655599594116211 -310.5882568359375
v -33.6761589050293 0.3451824188232422 -311.7046813964844
v -27.25869369506836 -0.6330728530883789 -310.48822021484375
v -27.701318740844727 0.30951499938964844 -310.4764099121094
v -27.38410186767578 -0.20560026168823242 -310.18115234375
v -33.445953369140625 0.2943754196166992 -310.6843566894531
v -33.14826583862305 -0.033402442932128906 -310.1736755371094
v -33.908973693847656 0.955510139465332 -311.8095397949219
v -28.157817840576172 0.8587121963500977 -311.63385009765625
v -33.983375549316406 1.5062332153320312 -311.4558410644531
v -28.41958999633789 1.6527652740478516 -311.03326416015625
v -28.687381744384766 2.331972122192383 -311.16748046875
v -34.0698127746582 2.176642417907715 -311.1689758300781
v -28.928815841674805 2.799367904663086 -311.9332580566406
v -28.833616256713867 2.8101205825805664 -310.7696228027344
v -34.11952209472656 2.756810188293457 -310.90496826171875
v -29.144454956054688 3.419017791748047 -311.5462646484375
v -28.995777130126953 3.242206573486328 -310.38995361328125
v -34.262168884277344 3.4706830978393555 -311.1609191894531
v -29.426265716552734 3.9918899536132812 -311.71319580078125
v -34.3033447265625 4.294395446777344 -310.92083740234375
v -29.649221420288086 4.388642311096191 -311.34478759765625
v -30.223285675048828 5.355525016784668 -310.76568603515625
v -29.944717407226562 4.866576194763184 -311.0375671386719
v -34.34388732910156 5.039048194885254 -310.7834167480469
v -30.449295043945312 5.917167663574219 -311.77899169921875
v -34.39415740966797 5.760502815246582 -310.68212890625
v -30.615461349487305 6.494379043579102 -311.57281494140625
v -34.46406173706055 6.454133987426758 -310.5760192871094
v -30.716716766357422 7.137846946716309 -311.416748046875
v -34.55884552001953 7.097005844116211 -310.4429626464844
v -30.780338287353516 7.841849327087402 -311.32037353515625
v -34.8948974609375 8.203387260437012 -310.7780456542969
v -34.666717529296875 7.624363899230957 -310.305908203125
v -35.201324462890625 8.705496788024902 -311.97393798828125
v -30.850208282470703 8.579659461975098 -311.27392578125
v -35.34007263183594 9.474968910217285 -311.71820068359375
v -30.971263885498047 9.331798553466797 -311.2709045410156
v -35.45620346069336 10.182499885559082 -311.5491027832031
v -31.17375373840332 10.124015808105469 -311.2864685058594
v -31.583654403686523 10.952425003051758 -310.5060119628906
v -31.370746612548828 10.572361946105957 -310.8136291503906
v -35.54314422607422 10.906457901000977 -311.4082336425781
v -31.685375213623047 11.393499374389648 -311.1151428222656
v -35.6033935546875 11.648750305175781 -311.287109375
v -31.871627807617188 11.926579475402832 -311.4371032714844
v -35.642601013183594 12.396574020385742 -311.1769104003906
v -32.09794616699219 12.643027305603027 -311.34954833984375
v -35.65568923950195 13.144683837890625 -311.05010986328125
v -32.23900604248047 13.379049301147461 -311.2127380371094
v -35.62445831298828 13.900303840637207 -310.8889465332031
v -32.335758209228516 14.111828804016113 -311.1156921386719
v -35.55048751831055 14.58141803741455 -310.7350158691406
v -32.44437026977539 14.838528633117676 -311.0592956542969
v -35.686946868896484 15.391945838928223 -311.22979736328125
v -32.610450744628906 15.533733367919922 -311.0157470703125
v -35.59901809692383 16.40605926513672 -311.34698486328125
v -32.85630798339844 16.148303985595703 -311.0204772949219
v -33.768035888671875 17.027711868286133 -310.8419494628906
v -33.222938537597656 16.637086868286133 -310.99462890625
v -35.178802490234375 17.16456413269043 -311.1444396972656
v -34.060359954833984 17.55223274230957 -311.7760925292969
v -34.67835235595703 17.443323135375977 -310.9267883300781
v -34.24062728881836 17.408132553100586 -310.99005126953125
v -35.001991271972656 17.631244659423828 -311.29486083984375
v -34.47514724731445 17.88482666015625 -312.02801513671875
v -35.013343811035156 17.845989227294922 -311.648681640625
v -34.78160095214844 17.933368682861328 -311.830078125
v -34.790016174316406 17.782020568847656 -311.3375549316406
v -34.490333557128906 17.732858657836914 -311.404052734375
v -30.05498695373535 -2.4060487747192383 -309.47186279296875
v -29.43248748779297 -2.5897860527038574 -309.6976318359375
v -28.721405029296875 -2.6679396629333496 -309.9063720703125
v -28.07189178466797 -2.609896659851074 -310.2056884765625
v -27.568876266479492 -2.4300575256347656 -310.66998291015625
v -30.736934661865234 -2.2739291191101074 -310.24127197265625
v -27.261638641357422 -2.0427465438842773 -310.17108154296875
v -31.109214782714844 -1.9463062286376953 -309.8742370605469
v -27.1212100982666 -1.582658290863037 -309.8905029296875
v -32.13828659057617 -1.0666966438293457 -309.8443908691406
v -31.572616577148438 -1.5498995780944824 -309.7922058105469
v -32.605003356933594 -0.7006525993347168 -310.08148193359375
v -27.119218826293945 -1.0594725608825684 -309.6930236816406
v -32.77117156982422 -0.3291010856628418 -309.6362609863281
v -27.21695899963379 -0.5460739135742188 -309.48052978515625
v -33.306968688964844 0.5087852478027344 -309.71954345703125
v -32.9559211730957 0.07534027099609375 -309.32208251953125
v -27.713191986083984 0.44820308685302734 -309.2141418457031
v -27.422882080078125 -0.05905628204345703 -309.3782043457031
v -33.683502197265625 0.9020328521728516 -310.7543640136719
v -28.0280704498291 0.969696044921875 -310.15606689453125
v -33.82421875 1.654648780822754 -310.38397216796875
v -28.251028060913086 1.486515998840332 -309.7117614746094
v -33.93119430541992 2.338862419128418 -310.1820373535156
v -28.542030334472656 2.162480354309082 -309.9239807128906
v -34.02379608154297 3.0070066452026367 -310.1108093261719
v -28.778564453125 2.8107643127441406 -309.65753173828125
v -29.00843620300293 3.2930850982666016 -309.4839782714844
v -34.09469223022461 3.7292957305908203 -310.01519775390625
v -29.29781723022461 3.784346580505371 -310.496826171875
v -34.147857666015625 4.480266571044922 -309.8875427246094
v -29.642486572265625 4.325771331787109 -310.0728759765625
v -30.237150192260742 5.284786224365234 -309.51470947265625
v -29.9680118560791 4.822111129760742 -309.80712890625
v -34.2005615234375 5.208110809326172 -309.7798156738281
v -30.444156646728516 5.87007999420166 -310.49603271484375
v -34.26636505126953 5.917096138000488 -309.6717529296875
v -30.595420837402344 6.450057029724121 -310.2563781738281
v -34.35713195800781 6.604766845703125 -309.5538635253906
v -30.68976402282715 7.116436958312988 -310.0996398925781
v -34.480224609375 7.268714904785156 -309.4424743652344
v -30.762779235839844 7.845902442932129 -310.03033447265625
v -34.87369918823242 8.565545082092285 -309.7200012207031
v -34.661651611328125 7.922887802124023 -309.53106689453125
v -35.105812072753906 8.961772918701172 -310.75653076171875
v -30.863357543945312 8.600115776062012 -310.0180358886719
v -35.2513542175293 9.65259075164795 -310.60552978515625
v -31.026744842529297 9.345221519470215 -310.03497314453125
v -35.350929260253906 10.344457626342773 -310.44049072265625
v -31.230497360229492 9.97457504272461 -310.01739501953125
v -31.696582794189453 10.793685913085938 -309.5025329589844
v -31.448101043701172 10.42327880859375 -309.8450012207031
v -35.41413497924805 11.063385009765625 -310.3065185546875
v -31.819236755371094 11.379003524780273 -310.2659606933594
v -35.447811126708984 11.800074577331543 -310.2073669433594
v -32.05956268310547 11.97969913482666 -310.1310729980469
v -35.44951629638672 12.53652572631836 -310.11602783203125
v -32.244468688964844 12.712454795837402 -310.056640625
v -35.394813537597656 13.265132904052734 -309.9890441894531
v -32.36104202270508 13.463521003723145 -310.0085754394531
v -35.2127685546875 14.036703109741211 -309.7692565917969
v -32.467567443847656 14.210796356201172 -309.97723388671875
v -34.63877487182617 14.46843147277832 -309.03546142578125
v -34.11533737182617 14.374899864196777 -308.42291259765625
v -35.174835205078125 14.955282211303711 -310.0576171875
v -32.6090202331543 14.945745468139648 -309.9976806640625
v -34.64186096191406 15.384411811828613 -309.5179443359375
v -34.03969955444336 15.030765533447266 -308.83203125
v -35.14897918701172 15.822196006774902 -310.3536682128906
v -32.849525451660156 15.647149085998535 -310.03570556640625
v -34.62947463989258 16.13750457763672 -309.87060546875
v -34.1212272644043 15.807843208312988 -309.3865966796875
v -33.53600311279297 15.525507926940918 -309.0994873046875
v -33.093116760253906 15.470433235168457 -309.29534912109375
v -35.00369644165039 16.561676025390625 -310.483154296875
v -33.06663131713867 16.21856689453125 -310.34442138671875
v -34.75730514526367 17.00637435913086 -310.5283203125
v -34.29029083251953 16.99695587158203 -310.39495849609375
v -33.85759735107422 16.67087173461914 -310.1074523925781
v -33.43671417236328 16.49258041381836 -310.20941162109375
v -34.584259033203125 16.662765502929688 -310.1343078613281
v -34.194183349609375 16.443347930908203 -309.8377990722656
v -33.70653533935547 16.183805465698242 -309.6473388671875
v -33.237159729003906 15.958404541015625 -309.70758056640625
v -29.93991470336914 -2.262604236602783 -308.58349609375
v -29.344486236572266 -2.3937344551086426 -308.51318359375
v -28.7020206451416 -2.5020241737365723 -308.8241882324219
v -28.097068786621094 -2.4719715118408203 -309.1406555175781
v -27.59364891052246 -2.308046817779541 -309.57635498046875
v -30.486154556274414 -2.1294355392456055 -309.11895751953125
v -27.290904998779297 -1.9194960594177246 -309.15142822265625
v -30.159461975097656 -2.010774612426758 -308.14886474609375
v -29.586803436279297 -2.1559953689575195 -307.85113525390625
v -30.806577682495117 -1.6705036163330078 -308.4817810058594
v -27.16434097290039 -1.4536380767822266 -308.8832092285156
v -31.952072143554688 -0.8669137954711914 -308.82513427734375
v -31.532360076904297 -1.205432415008545 -308.7594299316406
v -30.25118064880371 -1.7656922340393066 -307.7032775878906
v -29.795658111572266 -1.8426060676574707 -307.363525390625
v -32.35110092163086 -0.6175398826599121 -309.1939697265625
v -27.17626190185547 -0.946509838104248 -308.7051696777344
v -32.0556526184082 -0.5376458168029785 -308.28778076171875
v -31.611310958862305 -0.8315205574035645 -307.99420166015625
v -32.489418029785156 -0.09968280792236328 -308.4303283691406
v -27.291667938232422 -0.4562854766845703 -308.5867919921875
v -33.274078369140625 0.8673429489135742 -308.90716552734375
v -32.96946334838867 0.4506826400756836 -308.65521240234375
v -27.80420684814453 0.4008293151855469 -308.0718688964844
v -27.507125854492188 -0.01800060272216797 -308.4136962890625
v -32.08562088012695 -0.2729177474975586 -307.79278564453125
v -31.7594051361084 -0.4504680633544922 -307.4618225097656
v -33.54254913330078 1.1783838272094727 -309.58544921875
v -28.023374557495117 0.9755134582519531 -308.8537292480469
v -33.394004821777344 1.3584136962890625 -308.5903625488281
v -33.063899993896484 0.9634733200073242 -308.02764892578125
v -33.678985595703125 1.9090890884399414 -309.2218322753906
v -28.328275680541992 1.5982627868652344 -308.6059265136719
v -33.480010986328125 1.8552780151367188 -308.22271728515625
v -33.21907424926758 1.5127182006835938 -307.646484375
v -33.84237289428711 2.5807857513427734 -309.3698425292969
v -28.608715057373047 2.3389816284179688 -308.5391540527344
v -28.67864418029785 2.3218393325805664 -307.52593994140625
v -33.89054489135742 3.1852006912231445 -309.0915222167969
v -28.810142517089844 2.900862693786621 -308.8536071777344
v -28.986000061035156 3.183579444885254 -308.575439453125
v -28.810548782348633 2.7684688568115234 -308.03985595703125
v -33.96311950683594 3.927159309387207 -308.9560241699219
v -29.316139221191406 3.709578514099121 -308.94482421875
v -34.02859115600586 4.644012451171875 -308.86688232421875
v -29.718637466430664 4.307389259338379 -308.83319091796875
v -30.256916046142578 5.147671699523926 -308.27197265625
v -30.017900466918945 4.761290550231934 -308.657958984375
v -34.08877944946289 5.344104766845703 -308.7265625
v -30.443012237548828 5.76937198638916 -309.14630126953125
v -34.16669464111328 6.053018569946289 -308.5904235839844
v -30.58968734741211 6.3712358474731445 -308.8558349609375
v -34.26716232299805 6.763339042663574 -308.4386901855469
v -30.690109252929688 7.089090347290039 -308.7359619140625
v -34.39601516723633 7.5476884841918945 -308.2261657714844
v -30.784284591674805 7.8437089920043945 -308.7012939453125
v -34.839500427246094 8.83951187133789 -308.92169189453125
v -34.64127731323242 8.313250541687012 -308.60125732421875
v -35.036014556884766 9.185266494750977 -309.69049072265625
v -30.92823028564453 8.607673645019531 -308.70849609375
v -34.898948669433594 9.347724914550781 -308.6752624511719
v -34.642826080322266 8.84866714477539 -307.9700927734375
v -35.13530349731445 9.82213020324707 -309.51519775390625
v -31.147216796875 9.363889694213867 -308.77545166015625
v -34.93211364746094 9.996724128723145 -308.464111328125
v -34.64409255981445 9.495973587036133 -307.64324951171875
v -31.479978561401367 9.564661979675293 -307.3858947753906
v -31.250858306884766 9.266376495361328 -307.7137756347656
v -35.19293212890625 10.51032543182373 -309.35675048828125
v -31.33186149597168 9.955310821533203 -309.19647216796875
v -31.78631019592285 10.549330711364746 -308.5554504394531
v -31.538188934326172 10.254883766174316 -308.910888671875
v -34.93522262573242 10.709929466247559 -308.35595703125
v -34.59793472290039 10.207796096801758 -307.4847717285156
v -31.65154457092285 10.068678855895996 -307.9685974121094
v -31.379901885986328 9.744739532470703 -308.3343200683594
v -35.21901321411133 11.233806610107422 -309.2608642578125
v -32.032894134521484 11.196327209472656 -308.8984680175781
v -34.924591064453125 11.448955535888672 -308.3520812988281
v -34.54997634887695 10.972070693969727 -307.5244140625
v -35.21870422363281 11.964654922485352 -309.2132568359375
v -32.33126449584961 12.003159523010254 -308.8800354003906
v -34.90178680419922 12.170648574829102 -308.40179443359375
v -34.529972076416016 11.739397048950195 -307.6897888183594
v -35.18091583251953 12.66934871673584 -309.16961669921875
v -32.48426818847656 12.786483764648438 -308.9401550292969
v -34.8536491394043 12.818574905395508 -308.4542541503906
v -34.51188659667969 12.460064888000488 -307.8712463378906
v -35.06911849975586 13.307929039001465 -309.0763854980469
v -32.59186553955078 13.53459358215332 -308.9720458984375
v -34.826683044433594 13.764357566833496 -308.86309814453125
v -34.32555389404297 13.696122169494629 -308.23406982421875
v -34.747886657714844 13.319635391235352 -308.4792785644531
v -34.52154541015625 13.038134574890137 -308.072021484375
v -33.85261154174805 14.083504676818848 -308.092041015625
v -32.746360778808594 14.278006553649902 -308.94976806640625
v -33.40907287597656 14.163827896118164 -308.0848388671875
v -33.044029235839844 14.033889770507812 -308.2379150390625
v -33.70435333251953 14.564657211303711 -308.315185546875
v -32.87531280517578 15.016460418701172 -309.1975402832031
v -33.543479919433594 14.989948272705078 -308.5958557128906
v -33.204280853271484 15.060925483703613 -308.76995849609375
v -33.35386657714844 14.681315422058105 -308.3729553222656
v -33.06328201293945 14.554214477539062 -308.52203369140625
v -28.631614685058594 -2.293121814727783 -307.9217529296875
v -28.10732078552246 -2.3050546646118164 -308.2369384765625
v -27.64165496826172 -2.1816134452819824 -308.6213684082031
v -29.062604904174805 -2.206575870513916 -307.6669921875
v -27.398406982421875 -1.805126667022705 -308.2740478515625
v -28.604257583618164 -1.9990801811218262 -307.2682189941406
v -28.09605598449707 -2.045464515686035 -307.5722961425781
v -27.723276138305664 -2.0510077476501465 -307.9518127441406
v -29.178546905517578 -1.9360661506652832 -307.1816711425781
v -27.330707550048828 -1.3445019721984863 -308.0299377441406
v -30.189847946166992 -1.392829418182373 -306.9739990234375
v -29.365325927734375 -1.5423893928527832 -306.6702575683594
v -28.691614151000977 -1.5902519226074219 -306.75567626953125
v -28.10334014892578 -1.6399025917053223 -307.099609375
v -27.6578426361084 -1.716315746307373 -307.604248046875
v -31.02387237548828 -1.136767864227295 -307.6029052734375
v -27.3587589263916 -0.8414149284362793 -307.9004211425781
v -28.174638748168945 -1.0517239570617676 -306.69085693359375
v -27.6547908782959 -1.2273907661437988 -307.33868408203125
v -31.26620101928711 -0.6999731063842773 -307.04400634765625
v -27.439212799072266 -0.4131913185119629 -307.88818359375
v -31.97956085205078 0.05497932434082031 -306.99810791015625
v -31.478918075561523 -0.3304004669189453 -306.7026062011719
v -27.969205856323242 0.18999576568603516 -307.16363525390625
v -27.680360794067383 -0.13507604598999023 -307.539306640625
v -28.018356323242188 -0.3549814224243164 -306.759521484375
v -27.66305160522461 -0.6723284721374512 -307.2755126953125
v -32.61191940307617 0.5306720733642578 -307.5529479980469
v -28.190231323242188 0.8556604385375977 -307.452880859375
v -32.795928955078125 1.2011528015136719 -306.8714904785156
v -28.524410247802734 1.6827583312988281 -307.2589416503906
v -33.37123489379883 2.0813941955566406 -307.412841796875
v -33.08967208862305 1.7501592636108398 -306.83416748046875
v -28.78718376159668 2.129364013671875 -306.678955078125
v -33.653770446777344 2.5159120559692383 -308.31243896484375
v -28.859222412109375 2.6047229766845703 -307.23614501953125
v -33.48377990722656 2.715468406677246 -307.1173400878906
v -33.18513488769531 2.2596359252929688 -306.44488525390625
v -33.7397346496582 3.389883041381836 -307.86297607421875
v -29.128002166748047 3.135037422180176 -307.5875549316406
v -33.53924560546875 3.2905101776123047 -306.71142578125
v -33.29936218261719 2.861142158508301 -306.08612060546875
v -33.873844146728516 4.141902923583984 -308.06597900390625
v -29.568302154541016 3.8057565689086914 -307.6012878417969
v -29.98908805847168 3.9597034454345703 -306.135009765625
v -29.73569679260254 3.7190914154052734 -306.5553283691406
v -33.9127311706543 4.743361473083496 -307.79754638671875
v -29.843748092651367 4.343843460083008 -307.94757080078125
v -30.269968032836914 4.91182804107666 -307.2134094238281
v -30.06714630126953 4.632210731506348 -307.6179504394531
v -30.13812255859375 4.447293281555176 -306.62322998046875
v -29.879783630371094 4.159951210021973 -307.0657958984375
v -33.97896194458008 5.463171005249023 -307.61492919921875
v -30.463850021362305 5.54656982421875 -307.5616760253906
v -34.05449295043945 6.184482574462891 -307.455810546875
v -30.633413314819336 6.3205718994140625 -307.42059326171875
v -34.13317108154297 6.8909406661987305 -307.27325439453125
v -30.738174438476562 7.08160400390625 -307.3698425292969
v -34.17520523071289 7.48138427734375 -307.00439453125
v -30.85902976989746 7.8460693359375 -307.3597717285156
v -34.33522033691406 8.192753791809082 -307.248046875
v -31.065404891967773 8.625650405883789 -307.3231506347656
v -31.652938842773438 9.414958953857422 -306.4731140136719
v -31.328523635864258 9.031200408935547 -306.74658203125
v -34.339332580566406 8.971476554870605 -306.8717956542969
v -31.76058578491211 9.868431091308594 -307.1280517578125
v -34.265899658203125 9.683704376220703 -306.65374755859375
v -32.047428131103516 10.448932647705078 -307.52899169921875
v -34.07154083251953 10.46895980834961 -306.6225891113281
v -32.526100158691406 11.233067512512207 -307.574951171875
v -33.49806213378906 10.98182201385498 -306.54278564453125
v -32.95924758911133 10.927963256835938 -306.6524963378906
v -34.06705856323242 11.339616775512695 -307.0529479980469
v -32.71284103393555 12.1246337890625 -307.94549560546875
v -33.57648849487305 11.80274486541748 -307.0653076171875
v -33.06602096557617 11.559224128723145 -307.125
v -34.06842803955078 12.126016616821289 -307.3702697753906
v -32.81354904174805 12.882089614868164 -308.1216125488281
v -33.59592056274414 12.541723251342773 -307.37939453125
v -33.147300720214844 12.311434745788574 -307.46270751953125
v -34.053672790527344 12.933754920959473 -307.6776123046875
v -32.909942626953125 13.553714752197266 -308.2162170410156
v -33.73932647705078 13.596653938293457 -307.83026123046875
v -33.28431701660156 13.579416275024414 -307.845458984375
v -33.56205368041992 13.125252723693848 -307.5868225097656
v -33.19697570800781 12.995362281799316 -307.6753234863281
v -30.050922393798828 -0.9139180183410645 -305.8833312988281
v -29.510032653808594 -1.1141180992126465 -306.03314208984375
v -28.86692237854004 -1.1380672454833984 -306.2088623046875
v -30.66486167907715 -0.8864045143127441 -306.4950256347656
v -28.52665138244629 -0.5844354629516602 -306.0789794921875
v -30.991708755493164 -0.45620203018188477 -306.15509033203125
v -28.385007858276367 0.15735626220703125 -306.29345703125
v -31.692291259765625 0.4781961441040039 -305.7987060546875
v -31.337738037109375 -0.016105175018310547 -305.989990234375
v -32.25876235961914 0.737452507019043 -306.3948974609375
v -28.57365608215332 0.9288787841796875 -306.23828125
v -32.411312103271484 1.2610197067260742 -305.8784484863281
v -28.783035278320312 1.5347003936767578 -306.04547119140625
v -29.048585891723633 1.9855499267578125 -305.78314208984375
v -32.765830993652344 1.8045425415039062 -305.8875732421875
v -29.091941833496094 2.5814294815063477 -306.47296142578125
v -32.96109390258789 2.4712324142456055 -305.47662353515625
v -29.487192153930664 3.161907196044922 -306.3583068847656
v -33.37763595581055 3.5407543182373047 -305.7119445800781
v -33.100341796875 3.011155128479004 -305.2398681640625
v -30.17164421081543 3.7399768829345703 -305.25836181640625
v -29.85210418701172 3.458714485168457 -305.7239074707031
v -33.69370651245117 4.027247428894043 -306.90771484375
v -30.237651824951172 4.213404655456543 -305.7492370605469
v -33.77067947387695 4.856228828430176 -306.6563720703125
v -30.416034698486328 4.805922508239746 -306.0968322753906
v -33.83064270019531 5.604958534240723 -306.4853210449219
v -30.622446060180664 5.570411682128906 -306.09979248046875
v -33.88248825073242 6.336474418640137 -306.33721923828125
v -30.747604370117188 6.335568428039551 -306.06854248046875
v -33.925865173339844 7.043147087097168 -306.19915771484375
v -30.848466873168945 7.101273536682129 -306.07879638671875
v -33.976043701171875 7.747292518615723 -306.14166259765625
v -30.989479064941406 7.828426361083984 -306.0800476074219
v -34.00566482543945 8.47015380859375 -306.0677490234375
v -31.20954132080078 8.424043655395508 -305.95068359375
v -31.927894592285156 9.278202056884766 -305.61920166015625
v -31.521320343017578 8.876967430114746 -305.7486267089844
v -33.96296691894531 9.166812896728516 -305.9118347167969
v -32.05839538574219 9.849047660827637 -306.3956298828125
v -33.800148010253906 9.810709953308105 -305.7664489746094
v -32.57795715332031 10.388493537902832 -306.40252685546875
v -33.55476760864258 10.306167602539062 -305.87738037109375
v -33.124778747558594 10.470795631408691 -306.0068359375
v -29.956483840942383 -0.5917549133300781 -305.2831726074219
v -29.56768226623535 -0.7326126098632812 -305.3933410644531
v -29.07445526123047 -0.744473934173584 -305.6243591308594
v -30.423343658447266 -0.5600810050964355 -305.6241455078125
v -28.857635498046875 -0.2414226531982422 -305.497802734375
v -30.137157440185547 -0.22029876708984375 -305.0283508300781
v -29.634464263916016 -0.35338401794433594 -304.99481201171875
v -29.253995895385742 -0.4559516906738281 -305.1873474121094
v -30.72991371154785 -0.11030435562133789 -305.37823486328125
v -28.852128982543945 0.3704547882080078 -305.44683837890625
v -31.45383644104004 0.8073568344116211 -305.06146240234375
v -31.090652465820312 0.3895759582519531 -305.1845703125
v -30.381977081298828 0.3619194030761719 -304.74114990234375
v -29.738128662109375 0.13022422790527344 -304.756103515625
v -29.247451782226562 -0.033915042877197266 -305.01080322265625
v -31.946182250976562 1.0182380676269531 -305.41754150390625
v -28.963970184326172 0.9941339492797852 -305.36712646484375
v -31.571542739868164 1.3046026229858398 -304.661376953125
v -30.909597396850586 0.9620428085327148 -304.5487060546875
v -30.28915023803711 0.8984804153442383 -304.40802001953125
v -29.829574584960938 0.6880044937133789 -304.5604248046875
v -29.313159942626953 0.5315065383911133 -304.8804931640625
v -32.180416107177734 1.6512870788574219 -304.9759216308594
v -29.071701049804688 1.4865636825561523 -305.3394775390625
v -29.341602325439453 1.7664194107055664 -305.1089172363281
v -31.72813606262207 1.8171072006225586 -304.2574462890625
v -31.132221221923828 1.7178773880004883 -304.10150146484375
v -30.4403076171875 1.4362335205078125 -304.2666931152344
v -29.949771881103516 1.180124282836914 -304.4251708984375
v -29.441238403320312 1.1895418167114258 -304.7993469238281
v -32.56889724731445 2.1932125091552734 -304.9442138671875
v -29.480850219726562 2.4044275283813477 -305.4217834472656
v -30.567276000976562 2.1967411041259766 -304.0803527832031
v -29.864347457885742 1.8058538436889648 -304.5971984863281
v -32.688758850097656 2.8329849243164062 -304.4873352050781
v -29.760147094726562 2.9588937759399414 -305.3660583496094
v -33.26860809326172 3.9591312408447266 -304.93988037109375
v -33.03491973876953 3.4616470336914062 -304.6615905761719
v -30.421113967895508 3.5061120986938477 -304.50762939453125
v -30.098569869995117 3.192281723022461 -304.8940734863281
v -30.484020233154297 2.9515981674194336 -304.175048828125
v -30.019235610961914 2.575254440307617 -304.68463134765625
v -33.52154541015625 4.311370849609375 -305.7113952636719
v -30.517684936523438 4.136872291564941 -304.8266296386719
v -33.284080505371094 4.541254043579102 -304.7379150390625
v -32.973731994628906 4.046940803527832 -304.15142822265625
v -33.57429504394531 5.0464630126953125 -305.554931640625
v -30.69552230834961 4.880833625793457 -304.8873596191406
v -33.274505615234375 5.262422561645508 -304.5718994140625
v -32.91136169433594 4.738593101501465 -303.86407470703125
v -33.599517822265625 5.79218864440918 -305.4170227050781
v -30.838848114013672 5.6140899658203125 -304.85150146484375
v -33.255027770996094 6.031560897827148 -304.49114990234375
v -32.852054595947266 5.520319938659668 -303.76068115234375
v -33.61322784423828 6.542348861694336 -305.3216247558594
v -30.937267303466797 6.393694877624512 -304.88421630859375
v -33.229373931884766 6.808137893676758 -304.486328125
v -32.807743072509766 6.326436996459961 -303.7991943359375
v -33.62165832519531 7.287311553955078 -305.275390625
v -31.030250549316406 7.154607772827148 -304.97662353515625
v -33.19709396362305 7.573890686035156 -304.54534912109375
v -32.75077438354492 7.105374336242676 -303.90887451171875
v -33.628631591796875 8.019423484802246 -305.2664489746094
v -31.184886932373047 7.813072204589844 -305.0232238769531
v -33.198402404785156 8.2963228225708 -304.66729736328125
v -32.64939880371094 7.893991470336914 -304.11212158203125
v -33.620452880859375 8.712124824523926 -305.25970458984375
v -31.4328670501709 8.336067199707031 -305.0106201171875
v -32.20863342285156 9.069395065307617 -304.9754333496094
v -31.79961395263672 8.726739883422852 -304.958740234375
v -33.205902099609375 8.935284614562988 -304.8221435546875
v -32.79935073852539 8.562088012695312 -304.4686584472656
v -32.20806121826172 8.443212509155273 -304.36041259765625
v -31.699371337890625 8.265161514282227 -304.44158935546875
v -33.57597732543945 9.314608573913574 -305.24542236328125
v -32.47284698486328 9.664392471313477 -305.4981689453125
v -33.230220794677734 9.46197509765625 -304.98095703125
v -32.7280387878418 9.145379066467285 -304.81146240234375
v -33.50199508666992 9.693551063537598 -305.220458984375
v -32.881832122802734 10.082602500915527 -305.6222229003906
v -33.49821472167969 9.959959983825684 -305.4024963378906
v -33.236183166503906 10.079240798950195 -305.447998046875
v -33.3048210144043 9.809350967407227 -305.15191650390625
v -32.981956481933594 9.729647636413574 -305.16510009765625
v -31.555700302124023 2.2147655487060547 -303.7689208984375
v -31.1251163482666 2.271914482116699 -303.71771240234375
v -32.12339782714844 2.3249149322509766 -304.13873291015625
v -30.977130889892578 2.763652801513672 -303.6357421875
v -31.775165557861328 2.7228593826293945 -303.4551696777344
v -31.378555297851562 2.595067024230957 -303.46240234375
v -32.22275924682617 3.0220508575439453 -303.5860900878906
v -30.896591186523438 3.5717248916625977 -303.73028564453125
v -31.862794876098633 3.206181526184082 -303.1253662109375
v -31.422828674316406 3.136444091796875 -303.2205810546875
v -32.62574768066406 3.516721725463867 -303.79852294921875
v -30.85155487060547 4.330039024353027 -304.0090637207031
v -32.54658126831055 4.197335243225098 -303.3594970703125
v -30.99634552001953 4.920101165771484 -303.8638916015625
v -32.38860321044922 4.975390434265137 -303.1196594238281
v -31.157541275024414 5.666494369506836 -303.7559509277344
v -31.885456085205078 5.4488420486450195 -302.915771484375
v -31.487333297729492 5.3707122802734375 -303.02496337890625
v -32.359920501708984 5.863070487976074 -303.26141357421875
v -31.200849533081055 6.536149978637695 -304.0115661621094
v -31.895362854003906 6.287646293640137 -303.19561767578125
v -31.49835968017578 6.006073951721191 -303.2933044433594
v -32.321800231933594 6.657290458679199 -303.4295654296875
v -31.287181854248047 7.253766059875488 -304.18109130859375
v -31.893932342529297 6.998229026794434 -303.4164733886719
v -31.527210235595703 6.749916076660156 -303.53570556640625
v -32.26383972167969 7.3444366455078125 -303.6197204589844
v -31.454669952392578 7.8388214111328125 -304.3118896484375
v -32.144046783447266 7.834196090698242 -303.8374328613281
v -31.800508499145508 7.896709442138672 -303.95916748046875
v -31.91084861755371 7.50734806060791 -303.6138916015625
v -31.605005264282227 7.386922836303711 -303.7394714355469
v -31.68909454345703 3.5976171493530273 -302.85186767578125
v -31.34515380859375 3.6780595779418945 -303.03271484375
v -32.139923095703125 3.683185577392578 -303.0529479980469
v -31.203914642333984 4.232501983642578 -303.19287109375
v -31.810379028320312 4.059720039367676 -302.65203857421875
v -31.51845932006836 3.9712905883789062 -302.7554931640625
v -32.12175369262695 4.349684715270996 -302.78076171875
v -31.327951431274414 4.897594451904297 -303.0815124511719
v -31.97557830810547 4.81419563293457 -302.68438720703125
v -31.665075302124023 4.888391494750977 -302.6940612792969
v -31.823110580444336 4.484748840332031 -302.5648193359375
v -31.551719665527344 4.402923583984375 -302.69061279296875
vn -0.13417714834213257 -0.7447262406349182 -0.6537426114082336
vn -0.062422335147857666 -0.7685304880142212 -0.6367608308792114
vn -0.10477294772863388 -0.45117422938346863 -0.8862643837928772
vn -0.04190640524029732 -0.4493236541748047 -0.8923856616020203
vn -0.4760555028915405 -0.16902370750904083 -0.8630192279815674
vn -0.25404468178749084 -0.18733574450016022 -0.9488765001296997
vn -0.08760979771614075 -0.07296359539031982 -0.9934791922569275
vn 0.043941643089056015 -0.11039276421070099 -0.9929162263870239
vn 0.11182539910078049 -0.0580311082303524 -0.992031991481781
vn 0.19874973595142365 0.008634577505290508 -0.9800122380256653
vn 0.2231878936290741 -0.08335787802934647 -0.9712047576904297
vn 0.17303141951560974 -0.1832427829504013 -0.967720091342926
vn 0.23029875755310059 -0.11761914193630219 -0.9659856557846069
vn 0.6664524674415588 -0.08071532100439072 -0.7411654591560364
vn -0.5636320114135742 0.12554821372032166 -0.8164291977882385
vn -0.3475581407546997 0.2415745109319687 -0.9060050845146179
vn -0.18257160484790802 0.2603655457496643 -0.948091447353363
vn 0.028135957196354866 0.26645541191101074 -0.9634365439414978
vn 0.15267595648765564 0.2653668522834778 -0.9519824385643005
vn 0.19670411944389343 0.35299384593963623 -0.9147146344184875
vn 0.18619288504123688 0.4490138590335846 -0.8739100694656372
vn 0.15138326585292816 0.514544665813446 -0.8439946174621582
vn 0.15752403438091278 0.6285929083824158 -0.7616148591041565
vn 0.41237694025039673 0.6783654093742371 -0.6080835461616516
vn -0.11568194627761841 -0.9226508736610413 -0.36787644028663635
vn -0.04590679332613945 -0.931572437286377 -0.36064574122428894
vn -0.17917180061340332 -0.7523206472396851 -0.6339646577835083
vn 0.07401509582996368 -0.9062755107879639 -0.41615670919418335
vn -0.40949857234954834 -0.8361508250236511 -0.36491480469703674
vn -0.25784140825271606 -0.8722440004348755 -0.4155818819999695
vn 0.16459490358829498 -0.879829466342926 -0.44587957859039307
vn 0.2277790606021881 -0.8558574318885803 -0.46435415744781494
vn 0.38004249334335327 -0.7964029908180237 -0.4704359769821167
vn 0.5872247815132141 -0.7442495226860046 -0.3182133138179779
vn -0.254272997379303 -0.5489698648452759 -0.796226978302002
vn 0.06720294803380966 -0.7145259380340576 -0.6963738203048706
vn -0.6130846738815308 -0.4387170076370239 -0.6570043563842773
vn -0.4238493740558624 -0.5142094492912292 -0.7456141710281372
vn 0.07947544753551483 -0.40674299001693726 -0.9100790023803711
vn 0.22996051609516144 -0.3440501391887665 -0.910355806350708
vn 0.31464070081710815 -0.42553555965423584 -0.8484814763069153
vn 0.3888966739177704 -0.6230366826057434 -0.6786639094352722
vn 0.3100508749485016 -0.7743642926216125 -0.5515691041946411
vn 0.4059204161167145 -0.7458910942077637 -0.5280863046646118
vn -0.6067500114440918 -0.6296285390853882 -0.48520344495773315
vn -0.4018781781196594 -0.7228066921234131 -0.5621782541275024
vn 0.200673907995224 -0.6512088179588318 -0.7318860292434692
vn 0.2826775014400482 -0.671442449092865 -0.6850244998931885
vn 0.38408082723617554 -0.6759551763534546 -0.6289408206939697
vn 0.5694136023521423 -0.6858506798744202 -0.45318546891212463
vn -0.7284080386161804 -0.26405277848243713 -0.6322166323661804
vn 0.737602949142456 -0.5853363871574402 -0.3366350829601288
vn -0.7054774761199951 -0.47349995374679565 -0.5273513197898865
vn -0.7139294743537903 -0.4800443947315216 -0.5097667574882507
vn -0.6980624198913574 0.15353745222091675 -0.6993820071220398
vn 0.9102049469947815 0.1547452211380005 -0.38416269421577454
vn -0.49344128370285034 0.4747493863105774 -0.7287858128547668
vn -0.2654429078102112 0.560070276260376 -0.7847684025764465
vn -0.061886657029390335 0.5751361846923828 -0.8157134652137756
vn 0.11330357193946838 0.5629127621650696 -0.8187134265899658
vn 0.22482670843601227 0.5750616192817688 -0.7866111397743225
vn 0.27866995334625244 0.6754066348075867 -0.6827656626701355
vn 0.23807008564472198 0.7703768610954285 -0.5914745330810547
vn 0.24097532033920288 0.8410438299179077 -0.4843307435512543
vn 0.3311263918876648 0.8679118752479553 -0.3702490031719208
vn 0.6412336826324463 0.6963703632354736 -0.32231613993644714
vn -0.7492777705192566 -0.1658582240343094 -0.6411504745483398
vn -0.7237952351570129 -0.010035074315965176 -0.689941942691803
vn -0.361417680978775 0.6930442452430725 -0.6237522959709167
vn -0.2530297338962555 0.7341963052749634 -0.6300252079963684
vn -0.10751637816429138 0.7773381471633911 -0.6198270916938782
vn 0.040260568261146545 0.7811245918273926 -0.6230759024620056
vn 0.16287322342395782 0.7669712901115417 -0.6206668019294739
vn 0.25926673412323 0.7681995034217834 -0.585363507270813
vn -0.2747626304626465 0.8508238792419434 -0.44788858294487
vn -0.1683809757232666 0.8719103336334229 -0.45980459451675415
vn -0.08637965470552444 0.8935592174530029 -0.4405570924282074
vn 0.007404537405818701 0.9038862586021423 -0.42770880460739136
vn 0.09796686470508575 0.8981491327285767 -0.4286382496356964
vn 0.18487922847270966 0.8816649317741394 -0.43415048718452454
vn -0.33719441294670105 -0.9216979146003723 -0.19176265597343445
vn -0.20006999373435974 -0.9594630599021912 -0.19850119948387146
vn -0.0613221675157547 -0.9883853793144226 -0.13904650509357452
vn 0.04632062464952469 -0.9875479340553284 -0.1503446251153946
vn 0.08604954183101654 -0.9828833341598511 -0.16289858520030975
vn 0.10312148928642273 -0.9758570790290833 -0.1925329566001892
vn 0.17568957805633545 -0.957682728767395 -0.22798465192317963
vn 0.35853683948516846 -0.9043713212013245 -0.23143893480300903
vn -0.5231421589851379 -0.7871516346931458 -0.32667213678359985
vn 0.5104205012321472 -0.858310341835022 -0.05267243832349777
vn -0.643203616142273 -0.6881413459777832 -0.33578354120254517
vn 0.6274607181549072 -0.7688266038894653 -0.12328299880027771
vn -0.7262260317802429 -0.618466317653656 -0.3001585602760315
vn -0.6880185604095459 -0.649289608001709 -0.3241197466850281
vn 0.5352624654769897 -0.7935161590576172 -0.28952762484550476
vn 0.51256263256073 -0.8223973512649536 -0.24686454236507416
vn -0.792665421962738 -0.3936895728111267 -0.4654998779296875
vn 0.8244485855102539 -0.5290513038635254 -0.2009708285331726
vn -0.8373001217842102 -0.038935985416173935 -0.545355498790741
vn 0.9504675269126892 0.20259957015514374 -0.2357223778963089
vn -0.6985086798667908 0.23535728454589844 -0.6757903695106506
vn -0.5604048371315002 0.449782133102417 -0.6954441666603088
vn 0.35020577907562256 0.8185800313949585 -0.45528310537338257
vn 0.34377768635749817 0.8574577569961548 -0.38286176323890686
vn 0.4160803258419037 0.8598163723945618 -0.2959612011909485
vn 0.6185956001281738 0.7502343058586121 -0.23342660069465637
vn -0.43886798620224 0.7278779745101929 -0.5268666744232178
vn 0.336946040391922 0.7911083698272705 -0.5105044841766357
vn -0.29293936491012573 0.8893669843673706 -0.3510170578956604
vn 0.27881133556365967 0.8670709729194641 -0.4128585159778595
vn -0.14328555762767792 0.9409047961235046 -0.30686724185943604
vn -0.05534883216023445 0.9537084698677063 -0.29559555649757385
vn 0.010396929457783699 0.9588853716850281 -0.28360316157341003
vn 0.07397118955850601 0.9573926329612732 -0.27915528416633606
vn 0.13472148776054382 0.9490902423858643 -0.2847418785095215
vn 0.21028625965118408 0.9278417229652405 -0.30804136395454407
vn -0.32278457283973694 -0.9453871846199036 -0.04531219229102135
vn -0.1294032335281372 -0.9909741878509521 -0.03499874845147133
vn -0.0363677553832531 -0.9991558194160461 0.019107351079583168
vn 0.06796413660049438 -0.9975472688674927 0.016742797568440437
vn 0.11531142145395279 -0.9914833903312683 0.06053134799003601
vn 0.08650140464305878 -0.9954636096954346 0.039620865136384964
vn 0.1152227446436882 -0.993057906627655 0.023657605051994324
vn 0.25805577635765076 -0.9659874439239502 0.016597678884863853
vn -0.5204627513885498 -0.8362509608268738 -0.17263513803482056
vn 0.43059587478637695 -0.8964877128601074 0.10438887774944305
vn 0.13396772742271423 -0.9707316756248474 0.19933061301708221
vn 0.11745534837245941 -0.9771764278411865 0.17700420320034027
vn 0.13448825478553772 -0.9758460521697998 0.17215511202812195
vn 0.22233328223228455 -0.9634655117988586 0.14933907985687256
vn -0.6245728135108948 -0.765856921672821 -0.15287920832633972
vn 0.4640786051750183 -0.8832672238349915 0.06685945391654968
vn -0.6525744199752808 -0.7438255548477173 -0.1444653421640396
vn -0.6623446941375732 -0.7391052842140198 -0.1225685328245163
vn 0.5247911214828491 -0.8488972187042236 -0.06299088150262833
vn 0.6139268279075623 -0.7740500569343567 -0.15472663938999176
vn 0.1389095038175583 -0.9594936370849609 0.24510423839092255
vn 0.12463871389627457 -0.9646437764167786 0.23222321271896362
vn 0.14455492794513702 -0.9662333130836487 0.21330039203166962
vn 0.26117756962776184 -0.9480992555618286 0.18136732280254364
vn -0.8135926723480225 -0.43436917662620544 -0.38651058077812195
vn 0.9045497179031372 -0.3775309920310974 -0.1981419026851654
vn -0.6894737482070923 -0.630622923374176 -0.35628741979599
vn -0.7068909406661987 -0.6358104348182678 -0.30991998314857483
vn 0.9685490727424622 -0.15048781037330627 -0.19815689325332642
vn -0.8607380390167236 0.04325810447335243 -0.5072068572044373
vn 0.911505401134491 0.3449440598487854 -0.22398999333381653
vn -0.7517019510269165 0.3470359444618225 -0.5608121156692505
vn -0.589718759059906 0.5622976422309875 -0.5797009468078613
vn 0.3726169466972351 0.8572842478752136 -0.35527509450912476
vn 0.397562712430954 0.8492161631584167 -0.34752827882766724
vn 0.477449506521225 0.8219078779220581 -0.3106597363948822
vn 0.6662885546684265 0.7034561634063721 -0.24740467965602875
vn -0.8309557437896729 -0.19295495748519897 -0.5218055844306946
vn -0.8277049660682678 -0.1767367273569107 -0.5326055884361267
vn 0.9028173685073853 0.37432876229286194 -0.21165741980075836
vn -0.45039311051368713 0.7841982841491699 -0.42682456970214844
vn 0.3403676450252533 0.8614073991775513 -0.37699759006500244
vn -0.8438014984130859 0.14441563189029694 -0.5168590545654297
vn -0.733989953994751 0.2661958634853363 -0.6248188018798828
vn -0.7283341288566589 0.4377155601978302 -0.5271950364112854
vn -0.616995096206665 0.6341368556022644 -0.4660338759422302
vn 0.32292911410331726 0.8971260786056519 -0.301465779542923
vn 0.3570801913738251 0.8794687390327454 -0.31468793749809265
vn -0.3060973286628723 0.8948120474815369 -0.3249858617782593
vn 0.274641215801239 0.9148061275482178 -0.29614517092704773
vn -0.12768451869487762 0.9549800157546997 -0.2677869498729706
vn -0.03648851811885834 0.9745607972145081 -0.22113321721553802
vn 0.022201891988515854 0.9791196584701538 -0.20206865668296814
vn 0.06908165663480759 0.9783601760864258 -0.19503633677959442
vn 0.11899781227111816 0.9722115993499756 -0.20160402357578278
vn 0.18617480993270874 0.9560611844062805 -0.22646433115005493
vn -0.802574872970581 0.3770163953304291 -0.46231186389923096
vn -0.6229406595230103 0.513798177242279 -0.5898783802986145
vn -0.5175465941429138 0.6469414830207825 -0.5600110292434692
vn -0.4528404474258423 0.7869253158569336 -0.41914692521095276
vn 0.25968316197395325 0.9315288066864014 -0.2545953691005707
vn 0.2940574288368225 0.9134853482246399 -0.2812025845050812
vn -0.283577561378479 -0.9538623690605164 0.09864277392625809
vn -0.11120595037937164 -0.9905595779418945 0.08015613257884979
vn 0.041011009365320206 -0.9895436763763428 0.13828039169311523
vn 0.1095539778470993 -0.9822741150856018 0.152103453874588
vn -0.4978219270706177 -0.8671550750732422 -0.014678487554192543
vn 0.14989520609378815 -0.9601287245750427 0.2359752506017685
vn 0.09138410538434982 -0.9637663960456848 0.2506060302257538
vn 0.1278836876153946 -0.9670336246490479 0.2202083021402359
vn -0.5929337739944458 -0.8045378923416138 0.03388679400086403
vn 0.1412942111492157 -0.9562656283378601 0.25610944628715515
vn -0.6103904843330383 -0.7870883941650391 -0.08896791934967041
vn -0.5509352684020996 -0.8325057625770569 -0.058348849415779114
vn -0.5292724370956421 -0.8449522852897644 0.07698327302932739
vn -0.5938025116920471 -0.8009343147277832 0.07682982832193375
vn 0.1060548648238182 -0.9646771550178528 0.24114380776882172
vn 0.10552792996168137 -0.970648467540741 0.21611453592777252
vn 0.17098616063594818 -0.9692850112915039 0.17677754163742065
vn 0.32860371470451355 -0.9406651854515076 0.08466833829879761
vn 0.4161020517349243 -0.9093011617660522 -0.005524103995412588
vn 0.5526718497276306 -0.8294806480407715 -0.08072014898061752
vn 0.7403478622436523 -0.6562274694442749 -0.14577588438987732
vn 0.09361657500267029 -0.945697009563446 0.3112766742706299
vn 0.14097045361995697 -0.9517009258270264 0.2727503478527069
vn -0.8075945973396301 -0.518643319606781 -0.28071364760398865
vn 0.8819684386253357 -0.45532673597335815 -0.12169335782527924
vn -0.9457064270973206 -0.19763943552970886 -0.2580273449420929
vn 0.9872661232948303 0.009153650142252445 -0.1588139832019806
vn 0.4730568826198578 0.8099244832992554 -0.34675586223602295
vn 0.6592418551445007 0.6706992387771606 -0.3399451673030853
vn 0.8716837763786316 0.42533788084983826 -0.24342381954193115
vn -0.9664030075073242 0.054759565740823746 -0.2511307895183563
vn 0.39412224292755127 0.8563312888145447 -0.3337130546569824
vn 0.4036892056465149 0.8408243656158447 -0.3606237471103668
vn 0.524066686630249 0.7515555620193481 -0.40064725279808044
vn -0.8728854060173035 0.3695874810218811 -0.3185533583164215
vn 0.3387480080127716 0.8839151859283447 -0.32240307331085205
vn -0.6059581637382507 0.6207193732261658 -0.49751603603363037
vn -0.4041271507740021 0.7393411993980408 -0.538568377494812
vn -0.2804693579673767 0.8374865651130676 -0.4689916670322418
vn -0.17868879437446594 0.9221181869506836 -0.3431739807128906
vn -0.03226118162274361 0.9629397988319397 -0.2677801251411438
vn 0.015295358374714851 0.9752866625785828 -0.22041329741477966
vn 0.04817752167582512 0.9826774597167969 -0.17895253002643585
vn 0.07134708762168884 0.9842318296432495 -0.16185595095157623
vn 0.09560231119394302 0.9816004037857056 -0.1652902364730835
vn 0.13292458653450012 0.9726890325546265 -0.19028185307979584
vn 0.19934941828250885 0.94945228099823 -0.2424875944852829
vn 0.26149782538414 0.9122604131698608 -0.3152773380279541
vn 0.3337553143501282 0.870246171951294 -0.36232441663742065
vn 0.4051726162433624 0.8140918612480164 -0.41604045033454895
vn -0.25558921694755554 -0.9397758841514587 0.22692613303661346
vn -0.032329149544239044 -0.9770477414131165 0.21055318415164948
vn -0.4668981730937958 -0.8710280060768127 0.15269702672958374
vn 0.004268046002835035 -0.9447647929191589 0.32772138714790344
vn -0.3671438992023468 -0.8704470992088318 0.3279135525226593
vn -0.13750037550926208 -0.9324924945831299 0.33399319648742676
vn -0.5241141319274902 -0.8217341899871826 0.22373513877391815
vn -0.0027272033039480448 -0.930846631526947 0.36539995670318604
vn -0.6534091830253601 -0.7507942914962769 0.09677022695541382
vn -0.463640034198761 -0.8779252171516418 0.1195208728313446
vn -0.4413747191429138 -0.8798580169677734 0.17617690563201904
vn -0.4622916579246521 -0.8466562628746033 0.2635519802570343
vn 0.06500676274299622 -0.9480182528495789 0.31150537729263306
vn 0.10374890267848969 -0.9618309736251831 0.2532142698764801
vn 0.06955116242170334 -0.9729580879211426 0.22026154398918152
vn 0.05730443820357323 -0.9773764610290527 0.20359638333320618
vn 0.08610209077596664 -0.9818505644798279 0.16898506879806519
vn 0.17205265164375305 -0.9781855344772339 0.11640901863574982
vn 0.30660173296928406 -0.9502788186073303 0.05445811152458191
vn 0.4731295704841614 -0.8809418082237244 -0.009485242888331413
vn 0.6677296757698059 -0.7415816783905029 -0.06475874036550522
vn -0.3963773548603058 -0.8417834639549255 0.36645010113716125
vn -0.18307925760746002 -0.8972062468528748 0.4018743634223938
vn -0.8535897135734558 -0.5204128623008728 -0.02356099709868431
vn 0.8776324987411499 -0.4729763865470886 -0.07781115174293518
vn -0.8144148588180542 -0.5511459112167358 0.18156729638576508
vn -0.6056338548660278 -0.7575498223304749 0.2435690462589264
vn -0.9637997150421143 -0.2657957673072815 0.02104468271136284
vn 0.9735106229782104 -0.11244764178991318 -0.19907954335212708
vn 0.8753883242607117 0.3265919089317322 -0.35641685128211975
vn -0.8760122060775757 -0.4314914047718048 0.2154480218887329
vn -0.7125090956687927 -0.629748523235321 0.3094312250614166
vn -0.9962117671966553 0.01728961244225502 -0.08522476255893707
vn 0.70097815990448 0.5762190818786621 -0.42023947834968567
vn 0.7927383184432983 0.38258421421051025 -0.47454750537872314
vn -0.9530660510063171 0.1742507666349411 -0.247592031955719
vn 0.5760617852210999 0.668060302734375 -0.4710077941417694
vn -0.663301944732666 0.5870182514190674 -0.46415531635284424
vn -0.3693062365055084 0.7647215723991394 -0.5280282497406006
vn -0.18719714879989624 0.8524391055107117 -0.4881646931171417
vn -0.07412587106227875 0.9121898412704468 -0.4030075669288635
vn 0.019206957891583443 0.9474037885665894 -0.319463849067688
vn 0.09431377053260803 0.9638798832893372 -0.24907925724983215
vn 0.09617985785007477 0.9762516617774963 -0.19411899149417877
vn 0.08797048777341843 0.9821282625198364 -0.16638925671577454
vn 0.07925383001565933 0.9837697744369507 -0.1609843224287033
vn 0.08104006946086884 0.9802632331848145 -0.18032342195510864
vn 0.10268788039684296 0.9691607356071472 -0.224015012383461
vn 0.14992177486419678 0.9427769780158997 -0.297817200422287
vn 0.25954142212867737 0.8798330426216125 -0.3981609642505646
vn 0.40983039140701294 0.7632172107696533 -0.4995383322238922
vn 0.6071637272834778 0.583255410194397 -0.5395975112915039
vn -0.6534531712532043 0.5091750025749207 -0.5601247549057007
vn -0.333082377910614 0.7468006014823914 -0.5756258368492126
vn -0.11151020973920822 0.8499575257301331 -0.5149152874946594
vn 0.007584172300994396 0.9024754762649536 -0.4306744635105133
vn 0.08012837916612625 0.9322686195373535 -0.35278141498565674
vn 0.13354164361953735 0.9468312859535217 -0.2927066683769226
vn -0.5507522821426392 0.4687860310077667 -0.6905879378318787
vn -0.2408350110054016 0.7032041549682617 -0.6689562201499939
vn -0.008972835727036 0.8252078890800476 -0.5647578835487366
vn 0.10194554179906845 0.8843425512313843 -0.4555715024471283
vn 0.1504090130329132 0.9170612096786499 -0.36929112672805786
vn 0.17789869010448456 0.933983564376831 -0.30988192558288574
vn -0.3762822449207306 -0.8909881711006165 0.2540704905986786
vn -0.3425585627555847 -0.8885263800621033 0.305245041847229
vn -0.29136666655540466 -0.8818726539611816 0.3706834018230438
vn -0.08854372799396515 -0.930210292339325 0.3561866283416748
vn -0.005935237742960453 -0.9560155272483826 0.29325607419013977
vn 0.042744338512420654 -0.9655774831771851 0.2565796971321106
vn 0.04406139254570007 -0.9751582741737366 0.21708309650421143
vn 0.01959972083568573 -0.9820550084114075 0.1875736564397812
vn 0.02463597245514393 -0.9867927432060242 0.16010388731956482
vn 0.08265651017427444 -0.989057183265686 0.12220395356416702
vn 0.2008088082075119 -0.9765848517417908 0.07718823850154877
vn 0.38135531544685364 -0.9239926338195801 0.028387652710080147
vn 0.619904100894928 -0.7843426465988159 -0.022924868389964104
vn -0.4584628641605377 -0.8502628803253174 0.2585824131965637
vn 0.802856981754303 -0.5907765626907349 -0.08002382516860962
vn -0.4135148227214813 -0.8466297388076782 0.33499810099601746
vn -0.34888485074043274 -0.8750081658363342 0.3356190323829651
vn -0.5513492226600647 -0.7620396614074707 0.33957263827323914
vn 0.8814490437507629 -0.44606813788414 -0.15514783561229706
vn -0.7742007374763489 -0.5730125904083252 0.26883044838905334
vn -0.6034907698631287 -0.7103225588798523 0.36227184534072876
vn -0.48024848103523254 -0.7930782437324524 0.3746843636035919
vn -0.3852938711643219 -0.845527172088623 0.3696383833885193
vn -0.9632601737976074 -0.25584742426872253 0.08168263733386993
vn 0.9158614873886108 -0.15201783180236816 -0.3716024160385132
vn 0.8150718808174133 -0.205897718667984 -0.5415385961532593
vn 0.9032669067382812 -0.13669563829898834 -0.4067225456237793
vn -0.9777690768241882 -0.2020251750946045 -0.056155815720558167
vn 0.7323965430259705 0.29383423924446106 -0.6142122745513916
vn 0.15638138353824615 0.9613292813301086 -0.2266959398984909
vn 0.1187271922826767 0.9739722013473511 -0.1930854469537735
vn 0.07306598871946335 0.9806743860244751 -0.1814914345741272
vn 0.041628338396549225 0.980293869972229 -0.19310881197452545
vn 0.02886521816253662 0.972858726978302 -0.22959250211715698
vn 0.05125312879681587 0.9597328305244446 -0.2761993706226349
vn 0.06998024880886078 0.9227209687232971 -0.3790630102157593
vn 0.23702020943164825 0.8323541283607483 -0.501007080078125
vn 0.47566676139831543 0.6623052358627319 -0.5788722038269043
vn 0.7868049144744873 0.12559224665164948 -0.6042885780334473
vn 0.8752128481864929 0.119315005838871 -0.46879252791404724
vn -0.8880707621574402 0.006970476824790239 -0.45965397357940674
vn 0.17410477995872498 0.9501648545265198 -0.2586005628108978
vn -0.7687134146690369 -0.38776808977127075 -0.5086410045623779
vn -0.796910285949707 -0.4426470100879669 -0.4110933244228363
vn 0.20242880284786224 0.9454635977745056 -0.25518858432769775
vn 0.17793039977550507 0.9548768401145935 -0.23780468106269836
vn -0.05480466037988663 0.9170650839805603 -0.3949533998966217
vn 0.07469012588262558 0.8777064681053162 -0.47334209084510803
vn 0.2745622396469116 0.7769151329994202 -0.5665848851203918
vn -0.5374777317047119 0.37175413966178894 -0.7569125294685364
vn 0.19978927075862885 0.9402550458908081 -0.2756897509098053
vn -0.18112821877002716 0.637769341468811 -0.7486273050308228
vn 0.1369607150554657 0.757105827331543 -0.6387742757797241
vn 0.2320033460855484 0.8399490118026733 -0.49057117104530334
vn 0.24250347912311554 0.8906800746917725 -0.38455313444137573
vn 0.23123817145824432 0.9193039536476135 -0.31844812631607056
vn 0.22410090267658234 0.9311515092849731 -0.2876380383968353
vn -0.7636757493019104 -0.02421729452908039 -0.6451457142829895
vn -0.6597679853439331 0.05861383303999901 -0.749180018901825
vn 0.2234099805355072 0.9347358345985413 -0.2763274908065796
vn 0.20778679847717285 0.937383234500885 -0.2795306444168091
vn -0.10550517588853836 0.9122735857963562 -0.3957595229148865
vn -0.019766783341765404 0.9036021828651428 -0.42791640758514404
vn 0.1273391991853714 0.8670430779457092 -0.4816855788230896
vn -0.7552322745323181 0.14060983061790466 -0.64019775390625
vn -0.44340553879737854 0.27958187460899353 -0.851601779460907
vn -0.21570168435573578 0.5007926225662231 -0.8382598757743835
vn 0.12139508873224258 0.68600994348526 -0.7173935770988464
vn -0.76416015625 0.32931002974510193 -0.5546297430992126
vn -0.43526315689086914 0.43207430839538574 -0.7898467779159546
vn -0.10513585805892944 0.5166200399398804 -0.8497353792190552
vn 0.18080607056617737 0.5943560600280762 -0.7836135029792786
vn -0.27808019518852234 -0.8953019380569458 0.3480025827884674
vn -0.19122251868247986 -0.9216293096542358 0.33768823742866516
vn -0.07954610139131546 -0.9486146569252014 0.3062722980976105
vn -0.019264457747340202 -0.9642041325569153 0.26446059346199036
vn -0.0029871610458940268 -0.9739916324615479 0.22656430304050446
vn -0.01526110153645277 -0.9810932278633118 0.19293338060379028
vn -0.022180557250976562 -0.9863964319229126 0.1628808230161667
vn 0.014356604777276516 -0.9915028214454651 0.12929056584835052
vn 0.11495886743068695 -0.9893451929092407 0.08933364599943161
vn 0.28841373324394226 -0.9564288258552551 0.04540365934371948
vn 0.5317153334617615 -0.8469018936157227 -0.006003526039421558
vn -0.31156790256500244 -0.8851636052131653 0.34555885195732117
vn 0.6883611083030701 -0.7227125763893127 -0.06201211363077164
vn -0.29707080125808716 -0.884752631187439 0.3591125011444092
vn -0.25708064436912537 -0.9017564058303833 0.34748375415802
vn -0.3331381678581238 -0.8701295256614685 0.3631715774536133
vn 0.7681911587715149 -0.6177789568901062 -0.16802260279655457
vn -0.7182126641273499 -0.6517154574394226 0.24379810690879822
vn -0.5772354602813721 -0.7564482092857361 0.3075474500656128
vn -0.45258086919784546 -0.8141419887542725 0.3637903034687042
vn -0.3543334901332855 -0.8611664772033691 0.3644724488258362
vn 0.7690815925598145 -0.5570285320281982 -0.3134209215641022
vn 0.8114025592803955 -0.45214828848838806 -0.37038880586624146
vn -0.31591466069221497 -0.8767538666725159 0.36263006925582886
vn -0.28765588998794556 -0.8888000845909119 0.3567751944065094
vn -0.8641868829727173 -0.48416683077812195 0.13698022067546844
vn 0.9277447462081909 -0.29349440336227417 -0.23054437339305878
vn -0.7765187621116638 -0.5961912274360657 0.2038988620042801
vn -0.6474172472953796 -0.7121604681015015 0.27143779397010803
vn -0.8522976040840149 -0.5230175852775574 0.006430733948945999
vn 0.9724735617637634 0.026381615549325943 -0.23151490092277527
vn -0.8208886981010437 -0.5448465943336487 -0.1711256057024002
vn -0.7529897689819336 -0.6442362666130066 -0.1340380311012268
vn 0.05955607816576958 0.9740976095199585 -0.2181444615125656
vn 0.010615983046591282 0.9729791879653931 -0.23064887523651123
vn -0.02574504353106022 0.9672558903694153 -0.2524943947792053
vn -0.03981684893369675 0.9502080678939819 -0.30906209349632263
vn 0.7339359521865845 0.40219441056251526 -0.5473370552062988
vn 0.8987626433372498 0.2692864239215851 -0.34599220752716064
vn -0.8053323030471802 -0.5593961477279663 0.19625461101531982
vn -0.7011913657188416 -0.6633303761482239 0.2613876461982727
vn -0.897737979888916 -0.2609904110431671 -0.35489529371261597
vn 0.12367656826972961 0.9650588035583496 -0.23101018369197845
vn -0.11926241964101791 0.9242865443229675 -0.3625892400741577
vn 0.5268658399581909 0.5789042115211487 -0.6223201155662537
vn -0.9225960373878479 -0.3843170404434204 -0.03342251479625702
vn -0.775772750377655 -0.6251171827316284 0.08605318516492844
vn 0.06251072883605957 0.958320140838623 -0.2787740230560303
vn -0.015384654514491558 0.9579722881317139 -0.28644803166389465
vn -0.0654870793223381 0.9494803547859192 -0.30691778659820557
vn -0.0918140783905983 0.9423587918281555 -0.32176095247268677
vn 0.6237201690673828 0.5850402116775513 -0.5183639526367188
vn 0.8401570916175842 0.41343390941619873 -0.3510107696056366
vn -0.9568026661872864 -0.09796635806560516 -0.27373573184013367
vn 0.16037313640117645 0.9457156658172607 -0.28267011046409607
vn -0.13286364078521729 0.9106431603431702 -0.3912496566772461
vn 0.3464040458202362 0.7629271149635315 -0.5458447933197021
vn 0.3872760236263275 0.7511007189750671 -0.5346634984016418
vn 0.39057812094688416 0.8262655735015869 -0.4058743417263031
vn 0.30120721459388733 0.8969059586524963 -0.32378077507019043
vn 0.24630504846572876 0.9241854548454285 -0.2919163703918457
vn 0.2119133323431015 0.9321073293685913 -0.29371538758277893
vn 0.1664682775735855 0.9307381510734558 -0.3255993127822876
vn -0.06468041241168976 0.9135082960128784 -0.4016454517841339
vn 0.07273002713918686 0.9157517552375793 -0.3951064646244049
vn 0.24218735098838806 0.886211097240448 -0.3949368894100189
vn -0.9664392471313477 -0.25612738728523254 0.01984761469066143
vn -0.8600783348083496 -0.4865321218967438 0.15346617996692657
vn 0.09716300666332245 0.9376764297485352 -0.3336498737335205
vn -0.010843099094927311 0.9380888342857361 -0.3462250828742981
vn -0.09196155518293381 0.9294328689575195 -0.35734808444976807
vn -0.1303105354309082 0.9182902574539185 -0.3738477826118469
vn 0.4634455144405365 0.7808560132980347 -0.41890597343444824
vn 0.7089398503303528 0.6244364380836487 -0.32784685492515564
vn -0.944762110710144 0.0780007541179657 -0.31834033131599426
vn 0.3236338198184967 0.7178849577903748 -0.6163621544837952
vn 0.473915696144104 0.7029258012771606 -0.5303764939308167
vn 0.5119926333427429 0.7326555848121643 -0.44841864705085754
vn -0.9166280627250671 0.2516964077949524 -0.3105509877204895
vn 0.39942479133605957 0.6746721863746643 -0.6207071542739868
vn -0.5783939957618713 0.522541344165802 -0.626427173614502
vn -0.17912381887435913 0.6064900159835815 -0.774651288986206
vn 0.13353362679481506 0.6273348331451416 -0.7672156095504761
vn 0.3527553975582123 0.6249328255653381 -0.6964356303215027
vn 0.49514204263687134 0.6955251693725586 -0.5206526517868042
vn 0.5772255659103394 0.6707203984260559 -0.46577346324920654
vn -0.6998826861381531 0.49305155873298645 -0.516782820224762
vn -0.2961868941783905 0.6631067395210266 -0.687432050704956
vn 0.06304662674665451 0.6938217282295227 -0.7173817157745361
vn 0.32668814063072205 0.6690430045127869 -0.667574942111969
vn -0.7279113531112671 0.5162711143493652 -0.45123082399368286
vn -0.384139746427536 0.6902638077735901 -0.6131660342216492
vn -0.026498211547732353 0.7478432059288025 -0.6633464097976685
vn 0.2597707211971283 0.7170710563659668 -0.6467829942703247
vn -0.14182794094085693 -0.9393028020858765 0.31240224838256836
vn -0.07464224845170975 -0.9565346240997314 0.2819044589996338
vn -0.048737961798906326 -0.9671761393547058 0.24938924610614777
vn -0.05449627712368965 -0.9742533564567566 0.21877072751522064
vn -0.06639278680086136 -0.97990483045578 0.18809200823307037
vn -0.04742101579904556 -0.9871209859848022 0.15278559923171997
vn 0.03705527260899544 -0.9932534098625183 0.10988461971282959
vn 0.19855357706546783 -0.9780804514884949 0.06273023039102554
vn 0.43156084418296814 -0.9020414352416992 0.00874915812164545
vn -0.21141919493675232 -0.917874813079834 0.3358687460422516
vn 0.5759209394454956 -0.8163238763809204 -0.04393680766224861
vn -0.25444480776786804 -0.901362955570221 0.35043221712112427
vn 0.6453638672828674 -0.7600997090339661 -0.07585546374320984
vn -0.4367273449897766 -0.8408938050270081 0.31963565945625305
vn -0.35284683108329773 -0.8711129426956177 0.3415573239326477
vn -0.30436384677886963 -0.8837428092956543 0.35547345876693726
vn -0.27931368350982666 -0.8902446031570435 0.35978949069976807
vn 0.7409297227859497 -0.6559541821479797 -0.1440393626689911
vn 0.8161948323249817 -0.5477237105369568 -0.18391504883766174
vn -0.534273624420166 -0.7893784046173096 0.3023797273635864
vn 0.9470104575157166 -0.30136388540267944 -0.11113499850034714
vn -0.6013319492340088 -0.7379486560821533 0.30631956458091736
vn 0.9947745203971863 -0.05035089701414108 -0.08881768584251404
vn -0.7214378118515015 -0.6484521627426147 0.2429760843515396
vn -0.6612385511398315 -0.6828147768974304 0.3106890618801117
vn -0.7071002125740051 -0.6924765706062317 0.14312784373760223
vn 0.9674475789070129 0.20418472588062286 -0.14951176941394806
vn -0.7388989925384521 -0.6334885358810425 0.22960960865020752
vn 0.903562068939209 0.3923107087612152 -0.17224398255348206
vn -0.9278674721717834 -0.3372271656990051 0.15918470919132233
vn -0.8140000104904175 -0.5194084048271179 0.2600366473197937
vn 0.39702561497688293 0.856485903263092 -0.3298524022102356
vn 0.2764032185077667 0.9140592813491821 -0.2968112528324127
vn 0.19642513990402222 0.9349608421325684 -0.29540717601776123
vn 0.12882676720619202 0.9377294182777405 -0.32259464263916016
vn 0.041986480355262756 0.9300020933151245 -0.3651483952999115
vn -0.08258696645498276 0.9169888496398926 -0.3902704119682312
vn -0.14503678679466248 0.9033809900283813 -0.4035680592060089
vn -0.13554850220680237 0.9019178748130798 -0.41008636355400085
vn -0.03725924342870712 0.9141483306884766 -0.40366387367248535
vn 0.10154455155134201 0.9277856945991516 -0.3590298891067505
vn 0.2579711675643921 0.9211944341659546 -0.29129329323768616
vn 0.47036829590797424 0.8474970459938049 -0.24597258865833282
vn 0.7409685254096985 0.6505532264709473 -0.16657184064388275
vn -0.9947524070739746 -0.08085436373949051 -0.06269195675849915
vn 0.5033451318740845 0.7742350697517395 -0.38367149233818054
vn -0.9955762624740601 0.03918972238898277 -0.08539389818906784
vn 0.5861743092536926 0.696316659450531 -0.41417738795280457
vn 0.5884389877319336 0.6262140274047852 -0.5114641189575195
vn 0.632911205291748 0.6336683630943298 -0.44484591484069824
vn -0.942536473274231 0.24117286503314972 -0.2312156707048416
vn 0.5011996626853943 0.6271408796310425 -0.596232533454895
vn -0.8510029911994934 0.4318610727787018 -0.2988143861293793
vn 0.46514782309532166 0.6561824083328247 -0.5941904187202454
vn -0.506026029586792 0.6940901875495911 -0.5120317339897156
vn -0.12665915489196777 0.7855886816978455 -0.6056466698646545
vn 0.17051130533218384 0.7719404697418213 -0.6124001145362854
vn 0.38313809037208557 0.711218535900116 -0.5893839597702026
vn -0.15777485072612762 -0.9306775331497192 0.3300704061985016
vn -0.11143200099468231 -0.9449679851531982 0.30760109424591064
vn -0.0870533436536789 -0.9550846219062805 0.2832581102848053
vn -0.08995340019464493 -0.9620829820632935 0.2574969530105591
vn -0.10960610210895538 -0.9664537906646729 0.23227907717227936
vn -0.12066669017076492 -0.9726352691650391 0.19854524731636047
vn -0.045117489993572235 -0.9886565804481506 0.1432570517063141
vn 0.10711993277072906 -0.990175187587738 0.0898800939321518
vn 0.3292739689350128 -0.9437669515609741 0.02971094474196434
vn -0.20570214092731476 -0.9179822206497192 0.33910971879959106
vn 0.4668828547000885 -0.8843143582344055 -0.0029172468930482864
vn -0.1969674527645111 -0.9119440317153931 0.3599470853805542
vn -0.1471773087978363 -0.9260081052780151 0.3476317524909973
vn -0.12120280414819717 -0.9383335709571838 0.3237900137901306
vn -0.12103310972452164 -0.946617066860199 0.29877620935440063
vn -0.14076285064220428 -0.9510396122932434 0.27515357732772827
vn -0.16757752001285553 -0.9531809091567993 0.2517220675945282
vn -0.24473559856414795 -0.9000372290611267 0.36060720682144165
vn 0.6039692759513855 -0.7969816327095032 -0.0064363786950707436
vn -0.4115474224090576 -0.8517797589302063 0.32419121265411377
vn -0.3378496766090393 -0.8820276260375977 0.32845842838287354
vn -0.2847595512866974 -0.8948697447776794 0.34368619322776794
vn -0.25928089022636414 -0.8934138417243958 0.3668586313724518
vn 0.7409194707870483 -0.6699227094650269 -0.04735013097524643
vn 0.8454878926277161 -0.5288011431694031 -0.07429465651512146
vn -0.22828863561153412 -0.8964177966117859 0.3798940181732178
vn -0.18557731807231903 -0.9063528180122375 0.3795861601829529
vn -0.15806111693382263 -0.9185459613800049 0.3623397648334503
vn -0.15400446951389313 -0.9292770028114319 0.3357483744621277
vn -0.16924592852592468 -0.9360235929489136 0.30857053399086
vn -0.1948954463005066 -0.9385959506034851 0.28469884395599365
vn -0.5067774057388306 -0.7997750043869019 0.32177120447158813
vn 0.9583524465560913 -0.2845654785633087 -0.024149153381586075
vn -0.5860826373100281 -0.7354903817176819 0.33994272351264954
vn 0.9998704195022583 0.007430860307067633 -0.014281840063631535
vn -0.6543232202529907 -0.6868520975112915 0.31637853384017944
vn -0.6390701532363892 -0.6942164301872253 0.33113887906074524
vn -0.6936393976211548 -0.6664682030677795 0.2732846140861511
vn 0.9731259942054749 0.2289627194404602 -0.02453421987593174
vn -0.7386885285377502 -0.5870323777198792 0.33125871419906616
vn 0.8803517818450928 0.47328758239746094 -0.03129938617348671
vn -0.9101330041885376 -0.3408520221710205 0.2355373650789261
vn -0.8243902325630188 -0.4750920236110687 0.3076823651790619
vn 0.4428020715713501 0.8280353546142578 -0.34392428398132324
vn 0.30893242359161377 0.8947209715843201 -0.3225448429584503
vn 0.19091404974460602 0.9307219982147217 -0.3119429349899292
vn 0.09831438213586807 0.9386676549911499 -0.3305107653141022
vn 0.011745293624699116 0.9299659729003906 -0.3674580454826355
vn -0.0678386464715004 0.9168219566345215 -0.393491268157959
vn -0.14967802166938782 0.892799437046051 -0.4248597323894501
vn -0.15253689885139465 0.888252854347229 -0.4332890212535858
vn -0.06780499219894409 0.9039379358291626 -0.4222542941570282
vn 0.12385201454162598 0.9193641543388367 -0.37340354919433594
vn 0.34898170828819275 0.9076237678527832 -0.23330438137054443
vn 0.47212842106819153 0.8715270161628723 -0.13242162764072418
vn 0.6600031852722168 0.748014509677887 -0.0697869136929512
vn -0.9813293218612671 -0.17083565890789032 0.08836324512958527
vn 0.5459955930709839 0.7529845237731934 -0.36729174852371216
vn -0.9475213885307312 -0.22808964550495148 0.22400525212287903
vn -0.8508484959602356 -0.39158502221107483 0.3503114581108093
vn 0.552349328994751 0.7355766892433167 -0.3922208249568939
vn 0.4198479950428009 0.8091599941253662 -0.4110812544822693
vn -0.17819154262542725 0.8659327030181885 -0.4673417806625366
vn -0.165020152926445 0.8702760934829712 -0.46409907937049866
vn -0.0910416767001152 0.8865532875061035 -0.45357999205589294
vn 0.08780178427696228 0.9043951630592346 -0.4175647795200348
vn 0.3610304296016693 0.8774108290672302 -0.31592291593551636
vn -0.9988046288490295 -0.018035555258393288 0.04543159902095795
vn 0.6622573137283325 0.6146990656852722 -0.42843949794769287
vn 0.6632336974143982 0.5538620948791504 -0.5033466219902039
vn 0.6769540309906006 0.5604944825172424 -0.4770527482032776
vn -0.9658285975456238 -0.1367262303829193 0.22018426656723022
vn -0.8922210931777954 -0.28778061270713806 0.3480285406112671
vn 0.633179783821106 0.6310660243034363 -0.44815075397491455
vn 0.5224396586418152 0.7001275420188904 -0.48670145869255066
vn -0.1946505755186081 0.8198902010917664 -0.5384154915809631
vn -0.17279283702373505 0.8354924917221069 -0.5216272473335266
vn -0.09137294441461563 0.8671107888221741 -0.48966312408447266
vn 0.05434716120362282 0.8940139412879944 -0.44473084807395935
vn 0.2924650013446808 0.8860307931900024 -0.3597412407398224
vn -0.9849257469177246 0.15632957220077515 -0.07404293119907379
vn 0.5894805788993835 0.599581778049469 -0.5413079261779785
vn 0.644702672958374 0.5515339374542236 -0.5293097496032715
vn 0.6926924586296082 0.5136163830757141 -0.5063351988792419
vn -0.9536539316177368 0.2719992995262146 -0.12868785858154297
vn 0.5339200496673584 0.626499354839325 -0.5678275227546692
vn -0.6553710699081421 0.620206892490387 -0.43108269572257996
vn -0.24744775891304016 0.7913012504577637 -0.5591171383857727
vn 0.07780832052230835 0.8025968670845032 -0.5914255380630493
vn 0.3321770131587982 0.7359572649002075 -0.5899367928504944
vn 0.632554292678833 0.5408756732940674 -0.5543723106384277
vn 0.6774681806564331 0.4992789626121521 -0.5401458144187927
vn -0.7596994638442993 0.5248234272003174 -0.383949339389801
vn -0.35419103503227234 0.774623692035675 -0.523934006690979
vn -0.047659311443567276 0.8263764977455139 -0.5610975623130798
vn 0.20633049309253693 0.7698919773101807 -0.6038991212844849
vn -0.8125098347663879 0.5170852541923523 -0.2691667079925537
vn -0.41314825415611267 0.7928129434585571 -0.4480583071708679
vn -0.1881057173013687 0.865152895450592 -0.46489429473876953
vn 0.015928220003843307 0.823427677154541 -0.5671976208686829
vn -0.1347332000732422 -0.972514271736145 0.1899024099111557
vn -0.003158274805173278 -0.992283284664154 0.123951755464077
vn 0.23030337691307068 -0.9712783694267273 0.059822432696819305
vn -0.18592272698879242 -0.954477846622467 0.2332482933998108
vn 0.4046323001384735 -0.9136537313461304 0.03885349631309509
vn -0.21673408150672913 -0.9460479021072388 0.24087293446063995
vn -0.16648554801940918 -0.9661107063293457 0.1972631812095642
vn -0.21992060542106628 -0.9385179877281189 0.2661181688308716
vn 0.5900912880897522 -0.8054501414299011 0.05515808239579201
vn -0.4220677316188812 -0.8337792158126831 0.3559088110923767
vn -0.3316357433795929 -0.8747247457504272 0.35337576270103455
vn -0.26743263006210327 -0.8972401022911072 0.35134026408195496
vn -0.22876693308353424 -0.901797890663147 0.3666418790817261
vn -0.21087093651294708 -0.8968255519866943 0.3888925313949585
vn -0.1917227804660797 -0.9010918140411377 0.3889419734477997
vn -0.19047114253044128 -0.911478579044342 0.36459246277809143
vn -0.20308832824230194 -0.92098468542099 0.33247917890548706
vn -0.2213151603937149 -0.9269786477088928 0.3028700649738312
vn -0.24033933877944946 -0.9285891652107239 0.28277063369750977
vn 0.7488040924072266 -0.6624393463134766 0.021599994972348213
vn 0.8704785704612732 -0.49219992756843567 -0.0025115814059972763
vn -0.2525123059749603 -0.9289453029632568 0.27073654532432556
vn -0.24915912747383118 -0.9333224892616272 0.258512943983078
vn -0.5140289068222046 -0.784895122051239 0.3459969460964203
vn 0.972908079624176 -0.2293633669614792 0.029023097828030586
vn -0.4949614703655243 -0.7783122062683105 0.3863201439380646
vn -0.3984568119049072 -0.8201934099197388 0.41050583124160767
vn -0.5849356055259705 -0.7165324687957764 0.3800415098667145
vn 0.9972521662712097 0.05908721685409546 0.04468643665313721
vn -0.6469716429710388 -0.6658212542533875 0.37163129448890686
vn -0.6113804578781128 -0.6983340978622437 0.37221431732177734
vn -0.5450347065925598 -0.7268518209457397 0.4178800582885742
vn -0.46212416887283325 -0.7651042938232422 0.4483935236930847
vn -0.6931391358375549 -0.6315499544143677 0.3474232852458954
vn 0.937553882598877 0.3424610197544098 0.06093667820096016
vn -0.6748996376991272 -0.6152297854423523 0.4074345529079437
vn -0.6228818297386169 -0.6608606576919556 0.4186663031578064
vn 0.8111323714256287 0.5718126893043518 0.12285976111888885
vn 0.9059611558914185 0.4112943410873413 0.10035671293735504
vn -0.7272078394889832 -0.5616108775138855 0.3946668803691864
vn 0.8043347597122192 0.5924487113952637 0.04527951404452324
vn 0.1801222711801529 0.9124733805656433 -0.3673531711101532
vn 0.07188914716243744 0.9238914251327515 -0.37584125995635986
vn -0.01633639633655548 0.9192208647727966 -0.3934033513069153
vn -0.10960999131202698 0.900153636932373 -0.4215555489063263
vn 0.5464298129081726 0.8360351324081421 -0.04959605634212494
vn 0.646274983882904 0.7626583576202393 0.02609446458518505
vn -0.7023330926895142 -0.56037437915802 0.43898627161979675
vn -0.6519004702568054 -0.6088013648986816 0.45209160447120667
vn 0.7112165689468384 0.7002220153808594 0.06213085725903511
vn 0.799411416053772 0.5922621488571167 0.10083139687776566
vn -0.7750500440597534 -0.4967709183692932 0.3905330300331116
vn 0.3219212591648102 0.8515774011611938 -0.4137423038482666
vn -0.15595240890979767 0.8471341133117676 -0.5079790949821472
vn 0.6074351072311401 0.7843747735023499 -0.12561368942260742
vn 0.2076227366924286 0.8527792692184448 -0.4792289137840271
vn 0.046599701046943665 0.8807159662246704 -0.471346914768219
vn -0.04088360071182251 0.8745414614677429 -0.4832242727279663
vn -0.09911591559648514 0.8731027841567993 -0.47735485434532166
vn 0.7498874068260193 0.6615048050880432 -0.0089653842151165
vn -0.8135679960250854 -0.39615553617477417 0.4256383776664734
vn 0.39974021911621094 0.7298204302787781 -0.5545898079872131
vn -0.16554202139377594 0.7802454233169556 -0.6031690835952759
vn 0.522918164730072 0.8177023530006409 -0.24066483974456787
vn -0.9348291754722595 -0.14459022879600525 0.3243272304534912
vn -0.8669141530990601 -0.2687944173812866 0.41977307200431824
vn 0.6575427055358887 0.5529294610023499 -0.511768102645874
vn 0.5228927135467529 0.6260731220245361 -0.5784597992897034
vn -0.15800414979457855 0.7699419856071472 -0.6182427406311035
vn -0.05907827988266945 0.8250113129615784 -0.5620197653770447
vn 0.10150845348834991 0.8776369094848633 -0.46845439076423645
vn 0.2603192925453186 0.8888388276100159 -0.3770934045314789
vn 0.5113363265991211 0.8239743113517761 -0.24413427710533142
vn 0.26079824566841125 0.7479753494262695 -0.6103418469429016
vn 0.05733960121870041 0.7906635999679565 -0.6095598936080933
vn -0.06639216840267181 0.7997806668281555 -0.5966096520423889
vn -0.1271292269229889 0.7956547141075134 -0.5922598838806152
vn 0.679108202457428 0.7247889637947083 -0.11616002023220062
vn -0.9909161329269409 0.00718317274004221 0.13428962230682373
vn 0.7047480940818787 0.5139828324317932 -0.4890315532684326
vn -0.9483429193496704 -0.04591570049524307 0.3139069080352783
vn -0.8939392566680908 -0.15067119896411896 0.42210298776626587
vn 0.6739310622215271 0.491849809885025 -0.5512720346450806
vn 0.56504887342453 0.5334746837615967 -0.6293842792510986
vn -0.9867820739746094 0.07126454263925552 0.1455426663160324
vn 0.7150816321372986 0.4261988401412964 -0.5540874004364014
vn 0.606613039970398 0.5288605093955994 -0.5935714840888977
vn 0.6768837571144104 0.4373229742050171 -0.5920954942703247
vn -0.9437137246131897 0.098625048995018 0.31571751832962036
vn -0.9138988256454468 -0.004931089002639055 0.4059121012687683
vn 0.6955869793891907 0.3989604413509369 -0.5974858403205872
vn 0.5963108539581299 0.4501786231994629 -0.664644718170166
vn -0.9789499044418335 0.19795575737953186 0.04970613867044449
vn 0.43236204981803894 0.6546845436096191 -0.6200413703918457
vn -0.8886080980300903 0.28301650285720825 0.36093947291374207
vn -0.8998837471008301 0.22555719316005707 0.3732737898826599
vn 0.49410781264305115 0.5457287430763245 -0.6767848134040833
vn 0.6299574971199036 0.4212437868118286 -0.6524625420570374
vn -0.9028037190437317 0.4071977734565735 0.13833121955394745
vn 0.26717832684516907 0.6961341500282288 -0.6663429737091064
vn -0.6071205735206604 0.7801800966262817 -0.1507439762353897
vn -0.38832929730415344 0.9089574813842773 -0.15164650976657867
vn -0.3621438145637512 0.8407325744628906 -0.4025178849697113
vn 0.030592024326324463 0.7445605397224426 -0.666853666305542
vn -0.699642539024353 0.6796501874923706 0.22039976716041565
vn -0.7481439113616943 0.636501133441925 0.18747517466545105
vn 0.3041653633117676 0.560871422290802 -0.7700043320655823
vn 0.5388293266296387 0.40370070934295654 -0.7393840551376343
vn -0.5409725308418274 0.6463235020637512 -0.5381587147712708
vn -0.0873812660574913 0.6339095830917358 -0.7684550285339355
vn 0.2217746078968048 0.47892218828201294 -0.8493818640708923
vn 0.44529300928115845 0.3712422549724579 -0.814796507358551
vn -0.6808773279190063 0.5402024984359741 -0.49455782771110535
vn -0.355671226978302 0.5865065455436707 -0.7276730537414551
vn 0.04004168137907982 0.5164862871170044 -0.8553587794303894
vn 0.3262980282306671 0.3950047791004181 -0.8587786555290222
vn 0.15706098079681396 -0.9838027358055115 0.08639487624168396
vn -0.05994888022542 -0.9862627983093262 0.15392158925533295
vn 0.3968934118747711 -0.9134929180145264 0.08947853744029999
vn -0.18867374956607819 -0.9530338048934937 0.23691515624523163
vn 0.552751898765564 -0.8205025792121887 0.14574241638183594
vn -0.26293179392814636 -0.8826391100883484 0.38963454961776733
vn -0.21570807695388794 -0.8953433632850647 0.3896542191505432
vn -0.19626690447330475 -0.8952693939208984 0.3999650478363037
vn -0.20523293316364288 -0.8891087770462036 0.40910276770591736
vn -0.2257302850484848 -0.8934467434883118 0.38832810521125793
vn -0.24589522182941437 -0.9032574892044067 0.35165542364120483
vn -0.25591641664505005 -0.9147482514381409 0.31263795495033264
vn -0.25833117961883545 -0.9219999313354492 0.28841161727905273
vn -0.2603742480278015 -0.921741783618927 0.287397563457489
vn -0.2513626217842102 -0.9219388365745544 0.29469600319862366
vn 0.7364344596862793 -0.670454740524292 0.09030349552631378
vn 0.8827094435691833 -0.46743836998939514 0.04822341725230217
vn -0.335416704416275 -0.8453707695007324 0.4157451093196869
vn 0.97825026512146 -0.1987844854593277 0.05925532802939415
vn -0.29192015528678894 -0.8437550067901611 0.45040008425712585
vn -0.2256663590669632 -0.8706780672073364 0.43702900409698486
vn -0.19814391434192657 -0.8809536099433899 0.42972058057785034
vn -0.19587211310863495 -0.8831443190574646 0.42625144124031067
vn -0.38582807779312134 -0.7888442277908325 0.4783947467803955
vn 0.9893497824668884 0.12638816237449646 0.07220175862312317
vn -0.5484305620193481 -0.7044536471366882 0.450520783662796
vn -0.46257758140563965 -0.7425717711448669 0.48436465859413147
vn 0.8393568992614746 0.5275313854217529 0.1311134248971939
vn 0.9189189672470093 0.37795698642730713 0.11285635828971863
vn -0.32561102509498596 -0.8045065402984619 0.4967360496520996
vn -0.25942039489746094 -0.8316782116889954 0.4909302294254303
vn -0.22469568252563477 -0.8541170954704285 0.469037264585495
vn -0.21342416107654572 -0.8694788813591003 0.44548478722572327
vn -0.5862855911254883 -0.6910927295684814 0.4226820468902588
vn 0.78504878282547 0.6092550754547119 0.11183349788188934
vn -0.5597679615020752 -0.6853146553039551 0.46583661437034607
vn -0.49873480200767517 -0.7144663333892822 0.49071526527404785
vn -0.6070031523704529 -0.6519474983215332 0.4544354975223541
vn 0.7852285504341125 0.6141834259033203 0.07870833575725555
vn -0.6943425536155701 -0.5488006472587585 0.4655172526836395
vn -0.6336357593536377 -0.6093796491622925 0.47661542892456055
vn 0.815311849117279 0.5783589482307434 0.027704576030373573
vn -0.5857354402542114 -0.6524397730827332 0.4808705747127533
vn -0.533559262752533 -0.685798168182373 0.49497005343437195
vn -0.7520350813865662 -0.4923470914363861 0.43822094798088074
vn 0.7760728001594543 0.6297844052314758 -0.032903555780649185
vn -0.7952526211738586 -0.40154483914375305 0.45424115657806396
vn 0.7289627194404602 0.6682292222976685 -0.14860416948795319
vn 0.21776016056537628 0.6744208931922913 -0.7055047750473022
vn -0.022197671234607697 0.7037416696548462 -0.7101091146469116
vn -0.1337815821170807 0.7072784304618835 -0.6941611766815186
vn -0.15493059158325195 0.707331657409668 -0.6896944642066956
vn -0.11320465803146362 0.7003986239433289 -0.7047173380851746
vn -0.01380683109164238 0.7466251850128174 -0.6651016473770142
vn 0.20273132622241974 0.7975128889083862 -0.5682194232940674
vn 0.46649599075317383 0.8037089109420776 -0.3693690598011017
vn -0.8421496152877808 -0.28276947140693665 0.45915737748146057
vn 0.4130881428718567 0.6119571924209595 -0.6744380593299866
vn 0.2594996988773346 0.5964585542678833 -0.7595374584197998
vn 0.034902606159448624 0.6268216967582703 -0.7783806920051575
vn -0.11064887046813965 0.6197551488876343 -0.7769558429718018
vn -0.15242640674114227 0.6200008988380432 -0.7696526050567627
vn -0.11253973841667175 0.632834792137146 -0.7660645842552185
vn 0.0011451673926785588 0.6620475053787231 -0.7494609951972961
vn 0.25727468729019165 0.6899246573448181 -0.6766194105148315
vn 0.5571648478507996 0.6679176688194275 -0.4934099316596985
vn -0.8862640261650085 -0.13656316697597504 0.44259071350097656
vn 0.45435041189193726 0.45991742610931396 -0.7629165649414062
vn 0.6750562191009521 0.32609835267066956 -0.6617846488952637
vn 0.551003098487854 0.36410561203956604 -0.7508813142776489
vn 0.3092808127403259 0.45346948504447937 -0.8358892202377319
vn 0.09754201024770737 0.5031997561454773 -0.8586475253105164
vn -0.06217212975025177 0.5301324725151062 -0.8456324338912964
vn -0.14421410858631134 0.5268629789352417 -0.8376262187957764
vn -0.10625125467777252 0.5531015992164612 -0.8263106346130371
vn -0.014250645413994789 0.5896452069282532 -0.8075367212295532
vn 0.25300535559654236 0.5720720887184143 -0.7802063226699829
vn 0.5960749387741089 0.5298534631729126 -0.603282630443573
vn -0.9192467331886292 0.04340929910540581 0.3912813365459442
vn 0.6775462031364441 0.3618905246257782 -0.6402862668037415
vn 0.6407091021537781 0.26799795031547546 -0.7194921970367432
vn 0.5683053135871887 0.2647837698459625 -0.7790498733520508
vn -0.0870106965303421 0.44021856784820557 -0.8936647772789001
vn 0.06902026385068893 0.5116816759109497 -0.856398344039917
vn -0.9230723977088928 0.2768879234790802 0.2669653296470642
vn 0.6317884922027588 0.3128530979156494 -0.7092010974884033
vn 0.5994620323181152 0.21616628766059875 -0.7706604599952698
vn 0.550984799861908 0.18906404078006744 -0.8128164410591125
vn -0.039416614919900894 0.37772122025489807 -0.9250800013542175
vn 0.10528917610645294 0.40218067169189453 -0.9094861149787903
vn -0.8620063066482544 0.48769983649253845 -0.13818129897117615
vn 0.5687654614448547 0.2789650857448578 -0.7737470269203186
vn 0.5452120304107666 0.1969010978937149 -0.814845860004425
vn 0.5181403756141663 0.1393875926733017 -0.8438612222671509
vn -0.8764119744300842 0.3528399169445038 -0.32772865891456604
vn 0.48925596475601196 0.2811572551727295 -0.8255780935287476
vn -0.5780739784240723 0.5046539306640625 -0.641213595867157
vn -0.17252451181411743 0.5177692174911499 -0.8379440903663635
vn 0.18007372319698334 0.4347817897796631 -0.8823481202125549
vn 0.3896653652191162 0.33224159479141235 -0.8589391112327576
vn 0.45804837346076965 0.22674819827079773 -0.8595213294029236
vn 0.4678386449813843 0.12783639132976532 -0.8745198249816895
vn -0.7397857904434204 0.34381023049354553 -0.578369677066803
vn -0.3628254234790802 0.44450822472572327 -0.8190056085586548
vn 0.028816120699048042 0.42207327485084534 -0.9061036705970764
vn 0.3082105219364166 0.3161555230617523 -0.8972468972206116
vn 0.3834531605243683 0.21194662153720856 -0.8989117741584778
vn 0.40409043431282043 0.1432487517595291 -0.9034327864646912
vn -0.8240953087806702 0.2078443169593811 -0.5269418954849243
vn -0.5157158374786377 0.27866774797439575 -0.8101738095283508
vn -0.10754804313182831 0.3604958951473236 -0.9265398979187012
vn 0.15759985148906708 0.3303128480911255 -0.9306212067604065
vn 0.29261288046836853 0.2350895255804062 -0.9268822073936462
vn 0.33948180079460144 0.15417315065860748 -0.9278916120529175
vn -0.15429182350635529 0.19911587238311768 -0.967753529548645
vn 0.13327594101428986 0.2398044615983963 -0.9616295099258423
vn -0.10712237656116486 0.08773541450500488 -0.9903672337532043
vn 0.09202028065919876 0.12075866758823395 -0.9884076118469238
vn -0.0934230238199234 -0.01732495427131653 -0.9954757690429688
vn 0.09668394923210144 0.020025113597512245 -0.9951136708259583
vn -0.08888095617294312 -0.11580120027065277 -0.989287793636322
vn 0.10264133661985397 -0.08177236467599869 -0.9913516044616699
vn -0.6303960680961609 -0.08216465264558792 -0.7719131112098694
vn -0.2972170114517212 -0.12042517960071564 -0.947185218334198
vn -0.01658729463815689 -0.16793353855609894 -0.9856587648391724
vn 0.11527084559202194 -0.17352327704429626 -0.9780604839324951
vn -0.6753475069999695 -0.06948431581258774 -0.7342190742492676
vn -0.3543887734413147 -0.11542446911334991 -0.9279471039772034
vn -0.06772267073392868 -0.16326075792312622 -0.984255850315094
vn 0.10630684345960617 -0.20285166800022125 -0.9734218716621399
vn 0.283774733543396 -0.21229591965675354 -0.9350948929786682
vn 0.43410688638687134 -0.18265075981616974 -0.8821508288383484
vn -0.7177222967147827 -0.04321250319480896 -0.694987416267395
vn -0.4255979657173157 -0.07951846718788147 -0.9014118313789368
vn -0.12591932713985443 -0.14083991944789886 -0.9819921255111694
vn 0.07750669121742249 -0.1977061927318573 -0.9771924018859863
vn 0.29980170726776123 -0.1661236733198166 -0.9394264221191406
vn 0.4563657343387604 -0.11899638175964355 -0.8817993998527527
vn -0.7632120251655579 -0.01965796761214733 -0.6458491086959839
vn -0.49773865938186646 -0.03751972317695618 -0.8665151596069336
vn -0.20780369639396667 -0.08793893456459045 -0.9742096662521362
vn 0.020673464983701706 -0.14897581934928894 -0.9886247515678406
vn 0.1509522944688797 -0.17393317818641663 -0.9731190800666809
vn 0.23483806848526 -0.13921964168548584 -0.9620130062103271
vn 0.3774093985557556 -0.058887530118227005 -0.9241723418235779
vn 0.5140059590339661 -0.025818821042776108 -0.8573980331420898
vn -0.8214530348777771 0.008152577094733715 -0.5702179074287415
vn -0.5648027062416077 -0.042604636400938034 -0.8241255283355713
vn -0.2812705636024475 -0.03771645203232765 -0.9588870406150818
vn -0.04397408291697502 -0.07841257750988007 -0.9959506988525391
vn 0.1347251981496811 -0.10839647054672241 -0.9849362373352051
vn 0.25804510712623596 -0.07880959659814835 -0.9629132151603699
vn 0.3912757337093353 0.006211000494658947 -0.9202525615692139
vn 0.5759091377258301 0.07783658802509308 -0.8137998580932617
vn -0.29130131006240845 -0.04162728041410446 -0.9557252526283264
vn -0.08029269427061081 -0.01618153229355812 -0.9966400265693665
vn 0.10704157501459122 -0.0285832230001688 -0.9938436150550842
vn 0.2822183668613434 -0.012199210934340954 -0.9592726826667786
vn 0.4363496005535126 0.055426087230443954 -0.8980684876441956
vn 0.6149895787239075 0.13523714244365692 -0.7768517732620239
vn -0.2549496293067932 -0.020240342244505882 -0.9667425155639648
vn -0.046955469995737076 0.0015928361099213362 -0.9988957643508911
vn 0.12419018894433975 0.05388489365577698 -0.9907942414283752
vn 0.2679269015789032 0.06447232514619827 -0.9612796902656555
vn 0.4675591289997101 0.11525183171033859 -0.8764163255691528
vn 0.6489978432655334 0.15344752371311188 -0.7451547980308533
vn -0.7237896919250488 -0.0000437293310824316 -0.6900206804275513
vn -0.4604427218437195 0.006664670072495937 -0.8876643776893616
vn -0.15361803770065308 -0.0014408673159778118 -0.9881292581558228
vn 0.03527388349175453 0.012202789075672626 -0.9993032217025757
vn 0.20268245041370392 0.07881974428892136 -0.9760672450065613
vn 0.364290326833725 0.16396044194698334 -0.9167385697364807
vn -0.7274909019470215 -0.04355506971478462 -0.6847335696220398
vn -0.47158464789390564 -0.016893906518816948 -0.8816590309143066
vn -0.17140886187553406 0.028644591569900513 -0.9847834706306458
vn 0.09079699218273163 0.08829181641340256 -0.9919478297233582
vn 0.27086141705513 0.14313875138759613 -0.9519167542457581
vn 0.4286206066608429 0.2031961977481842 -0.8803384304046631
vn -0.7073614001274109 -0.08349794894456863 -0.7019031047821045
vn -0.4567677080631256 -0.005483770277351141 -0.889569103717804
vn -0.15476161241531372 0.05933186411857605 -0.986168622970581
vn 0.14229606091976166 0.14585794508457184 -0.97901850938797
vn 0.331936240196228 0.2411644011735916 -0.9119529128074646
vn 0.4714030623435974 0.30992695689201355 -0.8256661295890808
vn -0.64984130859375 -0.1368228942155838 -0.7476535439491272
vn -0.39056044816970825 0.0037013704422861338 -0.920569896697998
vn -0.0887465849518776 0.1407403200864792 -0.9860609769821167
vn 0.155472993850708 0.20130732655525208 -0.9671109318733215
vn 0.4218250513076782 0.30815672874450684 -0.8527034521102905
vn 0.5375409722328186 0.38798999786376953 -0.7486745715141296
vn -0.5270545482635498 -0.18463002145290375 -0.8295332193374634
vn -0.27754926681518555 0.016442250460386276 -0.9605706930160522
vn 0.027755992487072945 0.17723645269870758 -0.9837768077850342
vn 0.3203614354133606 0.30967605113983154 -0.8952481746673584
vn -0.2216992825269699 -0.10695111751556396 -0.9692321419715881
vn -0.1803961843252182 0.07787016034126282 -0.9805067777633667
vn 0.11692924797534943 0.26962465047836304 -0.955839991569519
vn 0.38889631628990173 0.32826295495033264 -0.8608154058456421
vn -0.5911211967468262 -0.14396221935749054 -0.7936312556266785
vn -0.17069831490516663 -0.06280051171779633 -0.9833200573921204
vn 0.07707277685403824 0.1786152720451355 -0.9808956980705261
vn 0.10792107880115509 0.3274655044078827 -0.9386796355247498
vn -0.6842162609100342 -0.07758092135190964 -0.7251409292221069
vn -0.17133566737174988 0.005793476942926645 -0.9851956963539124
vn 0.23988527059555054 0.3076991140842438 -0.9207477569580078
vn 0.26455625891685486 0.4724539816379547 -0.8407123684883118
vn -0.8090927600860596 -0.12190026044845581 -0.5748993754386902
vn 0.026384390890598297 0.10541217029094696 -0.9940785765647888
vn -0.9645346999168396 -0.06437506526708603 -0.25598591566085815
vn -0.17800667881965637 0.011640899814665318 -0.9839604496955872
vn 0.1867254376411438 -0.9718130826950073 0.14391982555389404
vn -0.04344914108514786 -0.981303870677948 0.18749649822711945
vn 0.3139784038066864 -0.9228590726852417 0.22304414212703705
vn 0.03900373727083206 -0.9630048274993896 0.2666468322277069
vn -0.160109281539917 -0.9396824836730957 0.30226123332977295
vn 0.3887259066104889 -0.8781901597976685 0.27870118618011475
vn -0.2536439895629883 -0.8754767775535583 0.41134557127952576
vn -0.3033233880996704 -0.8760055899620056 0.37497904896736145
vn -0.30716344714164734 -0.8961952328681946 0.32013243436813354
vn -0.2834531366825104 -0.9161462187767029 0.2834264636039734
vn -0.2421988695859909 -0.9303539395332336 0.2752840518951416
vn -0.17475152015686035 -0.930659830570221 0.3214564621448517
vn 0.60504150390625 -0.7766265869140625 0.1754309982061386
vn 0.8563405871391296 -0.5098463892936707 0.08208249509334564
vn 0.03986477479338646 -0.9384323954582214 0.34315526485443115
vn -0.21954594552516937 -0.878974199295044 0.4233250319957733
vn 0.9715433716773987 -0.22796499729156494 0.06430792063474655
vn -0.25727686285972595 -0.8764663934707642 0.4069586396217346
vn -0.3017321527004242 -0.8725954294204712 0.3841029107570648
vn -0.22157610952854156 -0.877675473690033 0.42495861649513245
vn 0.9916393756866455 0.09742806851863861 0.08461206406354904
vn -0.33407682180404663 -0.7904856204986572 0.5133470892906189
vn -0.2705904543399811 -0.8235052227973938 0.49861815571784973
vn -0.2563644051551819 -0.8461161851882935 0.4672951400279999
vn -0.2581540644168854 -0.8676208257675171 0.42495959997177124
vn 0.8561514019966125 0.5007277131080627 0.12757998704910278
vn 0.9206803441047668 0.3711700141429901 0.1207495778799057
vn -0.2618921101093292 -0.8801934719085693 0.39581820368766785
vn -0.3055874705314636 -0.8791619539260864 0.36563724279403687
vn -0.4145351052284241 -0.7558944821357727 0.5067387819290161
vn 0.8152206540107727 0.5673885941505432 0.11612742394208908
vn -0.46502000093460083 -0.7267072200775146 0.5056214928627014
vn 0.8449339270591736 0.5314920544624329 0.06002378836274147
vn -0.7171444296836853 -0.5103327631950378 0.4746202826499939
vn -0.6608618497848511 -0.5794860124588013 0.476925253868103
vn -0.5852447748184204 -0.6460180282592773 0.4900503158569336
vn -0.515256941318512 -0.6948689818382263 0.5016646385192871
vn 0.860172688961029 0.5099788308143616 0.004952860996127129
vn -0.7543239593505859 -0.46335604786872864 0.46507692337036133
vn 0.8375924825668335 0.5450173616409302 -0.03734970465302467
vn -0.7692427039146423 -0.42807912826538086 0.47435641288757324
vn -0.7246983051300049 -0.4993385970592499 0.47484031319618225
vn 0.8942916393280029 0.4448361396789551 -0.04861493408679962
vn -0.8074051141738892 -0.35773900151252747 0.4691692292690277
vn 0.8706768155097961 0.478422611951828 -0.11416522413492203
vn -0.8187685608863831 -0.3422509431838989 0.4609581530094147
vn -0.7793188095092773 -0.41980311274528503 0.46521779894828796
vn 0.9180752038955688 0.38551488518714905 -0.09228368103504181
vn -0.854857325553894 -0.2506323456764221 0.4543154239654541
vn 0.7751404047012329 0.5716163516044617 -0.26909497380256653
vn -0.8637681603431702 -0.26833316683769226 0.42649969458580017
vn -0.8250528573989868 -0.35432180762290955 0.4401635229587555
vn -0.9057363271713257 -0.1361905336380005 0.40136513113975525
vn 0.8367834687232971 0.42069414258003235 -0.3504425585269928
vn 0.26086923480033875 0.3488912582397461 -0.9001234173774719
vn 0.04192774370312691 0.3958757817745209 -0.9173464179039001
vn -0.08861687034368515 0.43704313039779663 -0.8950644135475159
vn -0.14278684556484222 0.4319169819355011 -0.8905389904975891
vn 0.613785982131958 0.43894344568252563 -0.6561976671218872
vn 0.8071415424346924 0.3727634847164154 -0.4577881693840027
vn -0.8965718746185303 -0.21872815489768982 0.38511934876441956
vn -0.8616535663604736 -0.3059723675251007 0.4048877954483032
vn -0.9452179074287415 0.045660216361284256 0.3232310712337494
vn 0.4136507213115692 0.32572391629219055 -0.8501746654510498
vn -0.12008646130561829 0.363957941532135 -0.9236416816711426
vn 0.3498972952365875 0.49566319584846497 -0.7949150204658508
vn 0.2641778886318207 0.2482672780752182 -0.9319729208946228
vn 0.1068463921546936 0.28146374225616455 -0.9536048173904419
vn -0.0217663012444973 0.31661486625671387 -0.9483044743537903
vn -0.10616998374462128 0.3581719696521759 -0.9275994300842285
vn 0.6298733949661255 0.413532555103302 -0.6574575901031494
vn 0.8382555246353149 0.3222564160823822 -0.4398620128631592
vn -0.9760180115699768 0.13711509108543396 0.1690811663866043
vn 0.42652544379234314 0.20727312564849854 -0.8804055452346802
vn -0.058858055621385574 0.358771950006485 -0.9315677285194397
vn 0.3658578097820282 0.4801540672779083 -0.7972453832626343
vn 0.0719359889626503 0.39777255058288574 -0.9146596789360046
vn 0.2660151422023773 0.42252492904663086 -0.8664344549179077
vn 0.27950018644332886 0.1421181857585907 -0.9495694041252136
vn 0.1357317715883255 0.1787368506193161 -0.9744896292686462
vn 0.02230725809931755 0.22330093383789062 -0.9744942784309387
vn -0.05696208402514458 0.296998530626297 -0.9531774520874023
vn 0.5993356108665466 0.48149850964546204 -0.6394967436790466
vn 0.8247178196907043 0.34304895997047424 -0.449619859457016
vn -0.9904966354370117 0.13342848420143127 -0.03336601331830025
vn 0.42175307869911194 0.12259752303361893 -0.8983842134475708
vn 0.28571733832359314 0.0681922435760498 -0.9558846354484558
vn 0.1662917137145996 0.090847909450531 -0.9818827509880066
vn 0.07659129798412323 0.13788731396198273 -0.9874820709228516
vn 0.04132385551929474 0.20799757540225983 -0.9772560596466064
vn 0.07823533564805984 0.3233969807624817 -0.9430237412452698
vn 0.2899892032146454 0.4212685525417328 -0.8593248128890991
vn -0.9826331734657288 0.13940292596817017 -0.12247009575366974
vn 0.3991858959197998 0.07881945371627808 -0.9134758114814758
vn 0.2754773497581482 0.036141537129879 -0.9606279730796814
vn 0.1876532882452011 0.03437824919819832 -0.9816335439682007
vn 0.1291305273771286 0.06647889316082001 -0.9893967509269714
vn 0.12451088428497314 0.12823669612407684 -0.9838965535163879
vn 0.1976703405380249 0.21454347670078278 -0.9565027356147766
vn 0.37256890535354614 0.3019142150878906 -0.8775193691253662
vn -0.9459745287895203 0.17615947127342224 -0.2722133696079254
vn 0.3598206341266632 0.0742604210972786 -0.9300615787506104
vn 0.2494727373123169 0.03896689414978027 -0.967597484588623
vn 0.19159387052059174 0.015742119401693344 -0.9813480377197266
vn 0.16677775979042053 0.026538662612438202 -0.985637366771698
vn 0.19598636031150818 0.07141344249248505 -0.9780028462409973
vn 0.29085662961006165 0.1481083780527115 -0.9452335238456726
vn 0.4465765953063965 0.24198707938194275 -0.8614009618759155
vn -0.9449242353439331 0.10649947077035904 -0.30947718024253845
vn 0.3094239830970764 0.09157958626747131 -0.9465041160583496
vn -0.7754101157188416 0.13094386458396912 -0.6177321076393127
vn -0.49375414848327637 0.16157004237174988 -0.8544600605964661
vn 0.2808540165424347 0.14118650555610657 -0.9493088722229004
vn 0.27527233958244324 0.10233011096715927 -0.9559046626091003
vn 0.21340709924697876 0.06081024929881096 -0.975068986415863
vn 0.18029117584228516 0.02655920945107937 -0.9832546710968018
vn 0.18534144759178162 0.021449916064739227 -0.9824401140213013
vn 0.24846580624580383 0.047684576362371445 -0.9674662351608276
vn 0.37723878026008606 0.10734669119119644 -0.9198737144470215
vn 0.5454422235488892 0.1907666176557541 -0.8161500692367554
vn -0.4147774875164032 0.14668406546115875 -0.8980219960212708
vn 0.24307598173618317 0.17721505463123322 -0.9536817669868469
vn -0.8847582340240479 0.0947883352637291 -0.4563091993331909
vn -0.6915686726570129 0.14276523888111115 -0.7080613374710083
vn 0.23243243992328644 0.11028917878866196 -0.9663392305374146
vn 0.22160832583904266 0.07750395685434341 -0.9720509648323059
vn 0.17736876010894775 0.0538519062101841 -0.9826700091362
vn 0.167664036154747 0.050645098090171814 -0.9845424890518188
vn 0.18771910667419434 0.044578440487384796 -0.9812106490135193
vn 0.27893614768981934 0.058369070291519165 -0.9585341811180115
vn 0.43277016282081604 0.09746988117694855 -0.8962196707725525
vn 0.627475380897522 0.15875540673732758 -0.7622804045677185
vn -0.402717649936676 0.050268251448869705 -0.9139429330825806
vn 0.2076517641544342 0.12897665798664093 -0.9696627259254456
vn -0.8995223641395569 0.029835961759090424 -0.43585485219955444
vn -0.7114974856376648 0.10358186811208725 -0.6950123310089111
vn 0.20853523910045624 0.05112788453698158 -0.9766775369644165
vn 0.1960017830133438 0.042618632316589355 -0.9796769618988037
vn 0.18076394498348236 0.037638045847415924 -0.9828061461448669
vn 0.17789699137210846 0.05146699771285057 -0.9827023148536682
vn 0.20981186628341675 0.08461904525756836 -0.9740732312202454
vn 0.2749844193458557 0.09773591160774231 -0.9564681649208069
vn 0.4543454945087433 0.13033755123615265 -0.881239116191864
vn 0.6656392216682434 0.14133600890636444 -0.7327677607536316
vn -0.38290292024612427 -0.057522617280483246 -0.9219959378242493
vn 0.18657943606376648 0.046528615057468414 -0.9813374876976013
vn -0.8915588855743408 -0.036384064704179764 -0.45144104957580566
vn -0.7003629207611084 -0.0024336257483810186 -0.7137828469276428
vn 0.1967519223690033 -0.02881886623799801 -0.9800297021865845
vn 0.1868525594472885 -0.024565761908888817 -0.9820808172225952
vn 0.19004429876804352 -0.01360577903687954 -0.981681227684021
vn 0.21232733130455017 0.023216351866722107 -0.9769228100776672
vn 0.26807448267936707 0.08141309022903442 -0.9599521160125732
vn 0.3649643361568451 0.1686348170042038 -0.9156218767166138
vn -0.39959847927093506 -0.09892985224723816 -0.911336362361908
vn 0.1845708042383194 -0.04925636574625969 -0.9815841317176819
vn -0.8396822214126587 -0.07637892663478851 -0.5376803874969482
vn -0.639626681804657 -0.09042404592037201 -0.7633486986160278
vn -0.8744139671325684 -0.0755247175693512 -0.47926637530326843
vn -0.6803969740867615 -0.08037997037172318 -0.7284223437309265
vn 0.19636636972427368 -0.11910351365804672 -0.973270058631897
vn 0.1799641102552414 -0.10769893229007721 -0.977759599685669
vn 0.2076142281293869 -0.09540251642465591 -0.9735475182533264
vn 0.26837509870529175 -0.03866858407855034 -0.9625381231307983
vn 0.34184688329696655 0.05548038333654404 -0.9381165504455566
vn 0.4557276666164398 0.15178394317626953 -0.8770827054977417
vn -0.8698601126670837 -0.0678703561425209 -0.4886072874069214
vn 0.1858838051557541 -0.14610742032527924 -0.9716480374336243
vn 0.21136288344860077 -0.24936439096927643 -0.9450625777244568
vn 0.30617237091064453 -0.24081318080425262 -0.9210143685340881
vn 0.19173769652843475 -0.2038162648677826 -0.9600498080253601
vn 0.18115860223770142 -0.18251203000545502 -0.9663699865341187
vn 0.20890311896800995 -0.20316097140312195 -0.9566007852554321
vn 0.3537050187587738 -0.1520521193742752 -0.9229154586791992
vn 0.4529528319835663 0.006861199624836445 -0.8915081024169922
vn 0.5439467430114746 0.15342892706394196 -0.8249736428260803
vn -0.8833268284797668 -0.061874888837337494 -0.4646560251712799
vn 0.17954275012016296 -0.21621890366077423 -0.9596946239471436
vn 0.20518618822097778 -0.24394692480564117 -0.9478336572647095
vn 0.4857134521007538 -0.19014811515808105 -0.8531858921051025
vn 0.18066498637199402 -0.25292202830314636 -0.9504685997962952
vn 0.17830213904380798 -0.2465091496706009 -0.9525972604751587
vn 0.6126443147659302 -0.06284265220165253 -0.7878564596176147
vn 0.6825483441352844 0.12252739071846008 -0.7204962372779846
vn -0.9011465907096863 -0.03262040391564369 -0.43228548765182495
vn 0.16048897802829742 -0.2443193793296814 -0.9563217759132385
vn 0.20649461448192596 -0.22239823639392853 -0.952837347984314
vn 0.6289535760879517 -0.06294076144695282 -0.7748908996582031
vn 0.14971742033958435 -0.23239614069461823 -0.9610289931297302
vn 0.17851294577121735 -0.22521735727787018 -0.9578153491020203
vn 0.17478039860725403 -0.2622967064380646 -0.9490270614624023
vn 0.1779203563928604 -0.2617851197719574 -0.9485847353935242
vn 0.7491406798362732 0.048762813210487366 -0.6606137752532959
vn 0.7924121618270874 0.10143771767616272 -0.6014925837516785
vn -0.9242027401924133 0.008086302317678928 -0.3818165957927704
vn 0.6572067141532898 0.002942289924249053 -0.7537047266960144
vn -0.9380522966384888 0.05763309821486473 -0.3416670858860016
vn 0.727654218673706 0.11552800983190536 -0.6761454343795776
vn -0.7854729294776917 -0.019566595554351807 -0.6185865998268127
vn -0.5459200143814087 -0.05765138566493988 -0.8358514904975891
vn -0.5085164904594421 0.009714988060295582 -0.8609974384307861
vn 0.7627600431442261 0.174908846616745 -0.6225786209106445
vn -0.8929821848869324 0.05452003702521324 -0.4467778205871582
vn -0.7318680882453918 0.024829836562275887 -0.6809938549995422
vn -0.5514029860496521 0.031100044026970863 -0.8336591720581055
vn 0.8013743758201599 0.22457203269004822 -0.554406464099884
vn -0.8769018054008484 0.019289536401629448 -0.4802823066711426
vn -0.743812620639801 0.04116029292345047 -0.6671196818351746
vn 0.6889680027961731 0.2097409963607788 -0.6937808394432068
vn 0.8041250705718994 0.2211301624774933 -0.5518010258674622
vn -0.9021207094192505 0.04465674236416817 -0.4291665554046631
vn -0.7617886662483215 0.057707395404577255 -0.6452502608299255
vn -0.8905435800552368 -0.01779124327003956 -0.4545499086380005
vn 0.5474628806114197 0.2302258461713791 -0.8045374155044556
vn 0.7216587066650391 0.2959175705909729 -0.6258126497268677
vn 0.8397439122200012 0.267701119184494 -0.4724048376083374
vn -0.8859962224960327 -0.07778994739055634 -0.4571208357810974
vn 0.5750643014907837 0.31793394684791565 -0.7538031339645386
vn 0.7160143852233887 0.39996767044067383 -0.5721445083618164
vn 0.8432620763778687 0.32283535599708557 -0.4297516942024231
vn -0.8662649393081665 -0.1511012464761734 -0.47618645429611206
vn 0.5873686671257019 0.34986743330955505 -0.7297882437705994
vn -0.8123205304145813 -0.26794207096099854 -0.5180178284645081
vn 0.6446107029914856 0.4364830553531647 -0.6276620030403137
vn 0.6396612524986267 0.4356881380081177 -0.6332529783248901
vn 0.689068078994751 0.45723235607147217 -0.5622488260269165
vn -0.5665339827537537 -0.4643429219722748 -0.6807531714439392
vn 0.543178379535675 0.4020535349845886 -0.7370958924293518
vn -0.832706868648529 -0.4736229479312897 -0.28684598207473755
vn -0.7054202556610107 -0.5861589312553406 -0.398497074842453
vn -0.35486894845962524 -0.34606441855430603 -0.8685087561607361
vn 0.6065966486930847 0.4439471960067749 -0.6595085263252258
vn -0.8585746884346008 -0.1941489279270172 -0.474505752325058
vn -0.5618923306465149 -0.2898489236831665 -0.7747674584388733
vn 0.42185261845588684 0.46772900223731995 -0.7767046093940735
vn 0.6053388118743896 0.4566042423248291 -0.6519796848297119
vn -0.8521788120269775 -0.3131753206253052 -0.4191807806491852
vn -0.6240365505218506 -0.4798451364040375 -0.6167066693305969
vn -0.9415336847305298 -0.09254202246665955 -0.32396039366722107
vn 0.2619081139564514 0.4992172122001648 -0.8259457349777222
vn 0.48419299721717834 0.6296746730804443 -0.6075087785720825
vn 0.6283089518547058 0.588824987411499 -0.5084418654441833
vn -0.9915651082992554 -0.015479076653718948 -0.12868186831474304
vn 0.42000430822372437 0.6201276779174805 -0.662599503993988
vn 0.02586216852068901 0.8330451846122742 -0.552600085735321
vn 0.35892635583877563 0.5409418940544128 -0.760627269744873
vn 0.464714914560318 0.7799199223518372 -0.4192434251308441
vn 0.6006374359130859 0.7171822786331177 -0.3533896207809448
vn -0.9574387073516846 0.15729328989982605 0.2420123666524887
vn 0.4719364643096924 0.5465417504310608 -0.6917862296104431
vn -0.3931923806667328 0.718277096748352 0.5740016102790833
vn 0.3597269654273987 0.9330189824104309 0.008497565053403378
vn -0.5120245814323425 0.7498956322669983 -0.41891226172447205
vn 0.26296266913414 0.5481598973274231 -0.793959379196167
vn -0.8654816150665283 0.3031608760356903 0.398792028427124
vn 0.5877005457878113 0.47754085063934326 -0.6531177759170532
vn -0.7817745208740234 0.4801724851131439 -0.397822767496109
vn 0.35106971859931946 0.7325234413146973 -0.583232045173645
vn -0.24920068681240082 0.9095862507820129 0.3324934244155884
vn 0.45784568786621094 0.8850499391555786 0.08404785394668579
vn -0.6414605975151062 0.7668532133102417 -0.021551918238401413
vn -0.00684893224388361 0.7765712738037109 -0.6299921870231628
vn -0.3698648512363434 -0.8689506649971008 0.3288233280181885
vn -0.33797305822372437 -0.9000880718231201 0.2749831974506378
vn -0.25278836488723755 -0.9342841506004333 0.2514183223247528
vn -0.1287660449743271 -0.9587777853012085 0.25330713391304016
vn 0.16675624251365662 -0.9480651617050171 0.2708595395088196
vn 0.49574723839759827 -0.8532407879829407 0.16191017627716064
vn 0.7972651720046997 -0.5959724187850952 0.09583939611911774
vn -0.35639679431915283 -0.8635629415512085 0.356707900762558
vn 0.9521618485450745 -0.2928239703178406 0.08741859346628189
vn -0.39487922191619873 -0.8635760545730591 0.31353938579559326
vn -0.4009741544723511 -0.871474027633667 0.2824053466320038
vn -0.34708672761917114 -0.8753156065940857 0.3366800546646118
vn 0.9907860159873962 0.08195437490940094 0.10782687366008759
vn -0.3361271619796753 -0.7938039302825928 0.5068470239639282
vn -0.29958274960517883 -0.811893105506897 0.5010786652565002
vn -0.295083224773407 -0.8231480121612549 0.48513221740722656
vn -0.33267682790756226 -0.8326700925827026 0.44270381331443787
vn -0.33114883303642273 -0.8668542504310608 0.3726986050605774
vn -0.36011451482772827 -0.876966655254364 0.31819358468055725
vn 0.8851473927497864 0.45001688599586487 0.11831705272197723
vn 0.9241052865982056 0.3596755564212799 0.1290850043296814
vn -0.38892263174057007 -0.8714673519134521 0.2988041043281555
vn -0.42314982414245605 -0.8609883785247803 0.28221139311790466
vn -0.39003893733024597 -0.7673751711845398 0.5089254975318909
vn 0.8548840284347534 0.5098305344581604 0.09615657478570938
vn -0.36984091997146606 -0.7852889895439148 0.49652695655822754
vn -0.323041707277298 -0.8094534873962402 0.49033576250076294
vn -0.3066169321537018 -0.8235011696815491 0.4773175120353699
vn -0.3314233720302582 -0.8247870206832886 0.4581321179866791
vn -0.447567880153656 -0.7436816692352295 0.4966091513633728
vn 0.8893274068832397 0.45542100071907043 0.04109150543808937
vn -0.6144062876701355 -0.6274518370628357 0.4783400893211365
vn -0.5360718369483948 -0.688040018081665 0.4891092777252197
vn -0.38962244987487793 -0.7829731702804565 0.4849199950695038
vn -0.35487616062164307 -0.8034780025482178 0.47800225019454956
vn -0.326763391494751 -0.8275910019874573 0.4564197361469269
vn -0.3271646201610565 -0.8377725481987 0.4371505081653595
vn -0.6804174184799194 -0.5585260987281799 0.4744267761707306
vn 0.8996843099594116 0.43631523847579956 -0.014045404270291328
vn -0.6610963344573975 -0.5827988386154175 0.472543329000473
vn -0.579685628414154 -0.6588485836982727 0.47946128249168396
vn -0.733924150466919 -0.49403542280197144 0.46613776683807373
vn 0.9225702285766602 0.3783572316169739 -0.0755644142627716
vn 0.9382814764976501 0.32726821303367615 -0.1119081974029541
vn -0.7041041851043701 -0.5336821675300598 0.4684236943721771
vn -0.6342259049415588 -0.6067221164703369 0.479213684797287
vn -0.7869831323623657 -0.4205130636692047 0.4514712989330292
vn 0.9120794534683228 0.37468385696411133 -0.16650281846523285
vn -0.8192262053489685 -0.3866916000843048 0.42348331212997437
vn 0.9341350197792053 0.2923160791397095 -0.2048003077507019
vn -0.8988484740257263 -0.26151835918426514 0.3516811430454254
vn -0.8584175705909729 -0.33728429675102234 0.3864695131778717
vn -0.9460054636001587 -0.10668998211622238 0.3060898780822754
vn 0.924843430519104 0.2715187072753906 -0.2663499116897583
vn -0.9302991628646851 -0.23099611699581146 0.2849285900592804
vn -0.8761571645736694 -0.32669684290885925 0.3544261157512665
vn -0.9836779832839966 -0.08392894268035889 0.15916503965854645
vn 0.9321008920669556 0.2411717027425766 -0.2702297866344452
vn 0.6989045143127441 0.4542964696884155 -0.5524013042449951
vn 0.8810653686523438 0.3270881474018097 -0.3416683077812195
vn -0.946437418460846 -0.21526293456554413 0.24066200852394104
vn -0.8953641653060913 -0.30879005789756775 0.32089224457740784
vn -0.9993317723274231 -0.006296604871749878 0.03600648045539856
vn 0.5157312750816345 0.4449814558029175 -0.7321289777755737
vn 0.7515286207199097 0.4080132842063904 -0.5183917284011841
vn 0.8766398429870605 0.3365766108036041 -0.34382954239845276
vn -0.9994766712188721 0.026914693415164948 -0.017943963408470154
vn 0.6068417429924011 0.39574018120765686 -0.6892988085746765
vn 0.7924914360046387 0.40498360991477966 -0.45601052045822144
vn 0.8752282857894897 0.3568572402000427 -0.32654014229774475
vn -0.9955152869224548 0.024201080203056335 -0.0914531946182251
vn 0.617785632610321 0.30505332350730896 -0.7247644066810608
vn -0.9947798252105713 0.03857589140534401 -0.09447266906499863
vn 0.7058427333831787 0.2665885388851166 -0.6562899947166443
vn -0.980566680431366 0.04723590984940529 -0.19041487574577332
vn 0.7745485305786133 0.22654171288013458 -0.5905535817146301
vn -0.9794789552688599 -0.007800997234880924 -0.2013956606388092
vn 0.8379528522491455 0.20360401272773743 -0.5063402652740479
vn 0.6972839832305908 0.21228133141994476 -0.6846398711204529
vn 0.8336402773857117 0.19950008392333984 -0.5150180459022522
vn -0.9763154983520508 -0.037406373769044876 -0.2130936235189438
vn 0.5399060845375061 0.242235466837883 -0.8061162829399109
vn 0.7374615669250488 0.3217669129371643 -0.593815267086029
vn 0.8622170686721802 0.2750566005706787 -0.425353467464447
vn -0.9648874998092651 -0.06929288059473038 -0.2533586919307709
vn 0.6013290286064148 0.3036169409751892 -0.7390671372413635
vn 0.764927327632904 0.400052934885025 -0.5048206448554993
vn 0.866765022277832 0.34716495871543884 -0.3580431342124939
vn -0.9673622250556946 -0.09146624803543091 -0.23631398379802704
vn 0.6476616859436035 0.2504238486289978 -0.7195987701416016
vn -0.9717190265655518 -0.06907859444618225 -0.22581034898757935
vn 0.7388925552368164 0.26255401968955994 -0.6205669045448303
vn -0.9801869988441467 -0.020789390429854393 -0.1969805508852005
vn 0.8369594812393188 0.2501802146434784 -0.48673269152641296
vn 0.8441027998924255 0.19060292840003967 -0.5011596083641052
vn 0.8765594363212585 0.22047436237335205 -0.4278254508972168
vn -0.9855886101722717 0.027494417503476143 -0.16691066324710846
vn 0.7901867032051086 0.1262901872396469 -0.5997130870819092
vn 0.8767472505569458 0.24654482305049896 -0.4129526913166046
vn 0.8985950946807861 0.2756481468677521 -0.34138697385787964
vn -0.9881351590156555 0.07254180312156677 -0.13537590205669403
vn 0.8584049940109253 0.2120884209871292 -0.4670754075050354
vn 0.9003065824508667 0.28577059507369995 -0.3283035457134247
vn 0.9128777384757996 0.2986571490764618 -0.2783130407333374
vn -0.973829448223114 0.07438892871141434 -0.21476148068904877
vn 0.8659053444862366 0.22840148210525513 -0.44501763582229614
vn -0.9671409726142883 0.01530417613685131 -0.25377967953681946
vn 0.886364758014679 0.2750464379787445 -0.37243393063545227
vn -0.9689937233924866 -0.044368449598550797 -0.2430693507194519
vn 0.8901453614234924 0.26985403895378113 -0.3671784996986389
vn -0.9643320441246033 -0.1033707782626152 -0.24367639422416687
vn 0.9076631665229797 0.293457567691803 -0.3000504672527313
vn 0.7962736487388611 0.4443240463733673 -0.4105173945426941
vn 0.8834179043769836 0.357540100812912 -0.30288267135620117
vn -0.9503440260887146 -0.1919289380311966 -0.244968444108963
vn 0.6887862682342529 0.4658050835132599 -0.5555169582366943
vn 0.7764347791671753 0.5053398013114929 -0.376537948846817
vn 0.8594526648521423 0.43181297183036804 -0.27363964915275574
vn -0.9021638631820679 -0.3787004053592682 -0.20660711824893951
vn 0.739623486995697 0.5313859581947327 -0.41302067041397095
vn -0.9457479119300842 -0.32436925172805786 0.01858711615204811
vn -0.8871340751647949 -0.459500253200531 -0.04304341599345207
vn 0.7303653955459595 0.5038245320320129 -0.4612238109111786
vn 0.7505418062210083 0.49661746621131897 -0.43595656752586365
vn 0.7527959942817688 0.5810778737068176 -0.3092680871486664
vn 0.829102635383606 0.49974167346954346 -0.25069326162338257
vn -0.9657005667686462 -0.23245932161808014 -0.11569394916296005
vn 0.6610904335975647 0.5141218900680542 -0.5464779734611511
vn -0.9867240786552429 -0.0876317173242569 0.13673441112041473
vn -0.9589961171150208 -0.2090054750442505 0.19142422080039978
vn 0.7239152789115906 0.5835742354393005 -0.367950975894928
vn 0.771157443523407 0.5491677522659302 -0.3220730423927307
vn -0.9927760362625122 -0.09294239431619644 -0.0758778527379036
vn 0.6906583309173584 0.5917181968688965 -0.41576510667800903
vn -0.9767921566963196 0.045456454157829285 0.2093106061220169
vn -0.9587570428848267 0.020982639864087105 0.28345155715942383
vn 0.7103575468063354 0.651660680770874 -0.2659520208835602
vn 0.7353308796882629 0.633686363697052 -0.24027110636234283
vn -0.9965178370475769 0.020863573998212814 0.08072785288095474
vn 0.7229190468788147 0.5428688526153564 -0.4274126887321472
vn -0.9211738705635071 0.2162259966135025 0.3235507607460022
vn -0.9040873646736145 0.22755391895771027 0.3617253303527832
vn -0.9393685460090637 0.20628027617931366 0.2739254832267761
vn 0.708873987197876 0.6471917033195496 -0.2804292142391205
vn -0.7511623501777649 0.45736393332481384 0.4759972095489502
vn -0.45441073179244995 0.8008764982223511 0.3900099992752075
vn 0.5542663931846619 0.8146335482597351 -0.17076577246189117
vn 0.6196761727333069 0.7653232216835022 -0.17401662468910217
vn -0.7700000405311584 0.45493507385253906 0.44736340641975403
vn -0.7846675515174866 0.457746684551239 0.4180489480495453
vn -0.6090009808540344 0.7599625587463379 0.22710083425045013
vn 0.7167268395423889 0.537674605846405 -0.4440818428993225
vn 0.0642683133482933 0.8671553134918213 0.4938737154006958
vn 0.6475803256034851 0.7563694715499878 0.09243915230035782
vn -0.44620588421821594 0.7579427361488342 0.4758394956588745
vn 0.678343653678894 0.4961942136287689 -0.5418867468833923
vn -0.15812022984027863 0.9860734939575195 0.05154645815491676
vn 0.6035615801811218 0.7708722352981567 -0.2036406248807907
vn 0.31840425729751587 0.8470178842544556 0.425651878118515
vn 0.7875006794929504 0.6122511029243469 0.07064910978078842
vn -0.27981704473495483 -0.9311319589614868 0.23387116193771362
vn -0.15704093873500824 -0.9600675702095032 0.23153506219387054
vn 0.031033609062433243 -0.9721906185150146 0.23212558031082153
vn 0.3275158107280731 -0.9209012389183044 0.21136292815208435
vn 0.7029327154159546 -0.6964414715766907 0.1444123387336731
vn -0.37080374360084534 -0.8934717774391174 0.25340259075164795
vn 0.9176207780838013 -0.3734906315803528 0.13592959940433502
vn -0.4173830449581146 -0.8686356544494629 0.2669520974159241
vn 0.987687885761261 0.05333389714360237 0.14706511795520782
vn -0.4306654930114746 -0.8157182931900024 0.3861747682094574
vn -0.4154118597507477 -0.8488838076591492 0.32684746384620667
vn -0.41937506198883057 -0.8596380352973938 0.2917996644973755
vn -0.43989554047584534 -0.8523001670837402 0.2829776406288147
vn 0.9355602860450745 0.32619988918304443 0.13535350561141968
vn 0.9336207509040833 0.3190390467643738 0.16299204528331757
vn -0.3938705623149872 -0.8118509650230408 0.43100348114967346
vn 0.9035772681236267 0.42284929752349854 0.06889554858207703
vn -0.3704603314399719 -0.8310821652412415 0.41480299830436707
vn 0.9368597865104675 0.34884077310562134 -0.024574266746640205
vn -0.41993996500968933 -0.7730886936187744 0.4753781259059906
vn -0.37094512581825256 -0.813369870185852 0.4481397271156311
vn -0.3531874120235443 -0.8390538096427917 0.4138205647468567
vn -0.35769665241241455 -0.847238302230835 0.3927346169948578
vn -0.5004305243492126 -0.7183489203453064 0.4832640290260315
vn 0.9306892156600952 0.3559296429157257 -0.0844498947262764
vn -0.5554710626602173 -0.672975480556488 0.48842185735702515
vn 0.9364548921585083 0.3330710530281067 -0.11007247120141983
vn -0.6890721321105957 -0.544921875 0.47774457931518555
vn -0.6114980578422546 -0.6146413683891296 0.4982832074165344
vn 0.9490295648574829 0.2916403114795685 -0.11953605711460114
vn -0.7617166638374329 -0.46452584862709045 0.451667457818985
vn 0.953103244304657 0.26985862851142883 -0.13700559735298157
vn -0.7921700477600098 -0.42749443650245667 0.4355630874633789
vn 0.9604476690292358 0.23032666742801666 -0.15649256110191345
vn -0.8262544870376587 -0.386635422706604 0.4096543788909912
vn 0.966353178024292 0.19173970818519592 -0.17145690321922302
vn -0.8419750928878784 -0.36898764967918396 0.3936064541339874
vn 0.9661272764205933 0.19654549658298492 -0.16723652184009552
vn -0.9129237532615662 -0.2798876166343689 0.2970406711101532
vn -0.8568748235702515 -0.34289950132369995 0.38494881987571716
vn -0.9781576991081238 -0.13754497468471527 0.15584920346736908
vn 0.9471474885940552 0.2469511479139328 -0.20476040244102478
vn -0.9912853837013245 -0.09615498781204224 0.09004180133342743
vn 0.9386701583862305 0.27520084381103516 -0.20775668323040009
vn 0.8846313953399658 0.37237030267715454 -0.28065574169158936
vn 0.9218806624412537 0.3312598466873169 -0.20100514590740204
vn -0.996850311756134 -0.044145651161670685 0.06588391959667206
vn 0.8072502613067627 0.33679085969924927 -0.4846844971179962
vn -0.9991207122802734 0.014558404684066772 0.03931817784905434
vn 0.8662528395652771 0.2724570631980896 -0.4187759459018707
vn -0.9999865293502808 0.0004887724062427878 0.0051683830097317696
vn 0.8997217416763306 0.24428148567676544 -0.36170074343681335
vn -0.9998074173927307 -0.019041910767555237 -0.0047550746239721775
vn 0.918112576007843 0.2584555447101593 -0.3004498779773712
vn -0.9988723993301392 -0.0433419831097126 -0.019376035779714584
vn 0.9195700883865356 0.25719207525253296 -0.2970574200153351
vn -0.9955888986587524 -0.08886381983757019 -0.03010064922273159
vn 0.9296702742576599 0.28908172249794006 -0.2283528447151184
vn 0.8659792542457581 0.3981609046459198 -0.30256879329681396
vn 0.9163998961448669 0.34233716130256653 -0.20740431547164917
vn -0.9930418133735657 -0.11109596490859985 -0.039059609174728394
vn 0.7901003360748291 0.3541116416454315 -0.5003463625907898
vn -0.9978106021881104 -0.06006735935807228 -0.02767660655081272
vn 0.8549342751502991 0.3203526735305786 -0.4079970419406891
vn -0.9998669028282166 -0.01619589887559414 -0.0019785831682384014
vn 0.8742293119430542 0.3468725085258484 -0.3397097885608673
vn -0.9995174407958984 0.02820424549281597 0.013018189929425716
vn 0.8994135856628418 0.31250497698783875 -0.3056074380874634
vn -0.9971307516098022 0.07565134763717651 -0.002677915384992957
vn 0.9187400937080383 0.31634777784347534 -0.23630650341510773
vn 0.921118438243866 0.31463557481765747 -0.22922749817371368
vn 0.9227045178413391 0.32353290915489197 -0.2096254825592041
vn -0.9979711771011353 0.04628370702266693 -0.04372033849358559
vn 0.9126270413398743 0.2702232301235199 -0.30674317479133606
vn -0.9982421398162842 -0.006807499099522829 -0.05887623876333237
vn 0.9215034246444702 0.2888445556163788 -0.25961557030677795
vn -0.9974024891853333 -0.049874089658260345 -0.05197032541036606
vn 0.9277278184890747 0.2828347384929657 -0.24356865882873535
vn -0.9937494993209839 -0.10453443229198456 -0.039173975586891174
vn 0.9246339797973633 0.31295478343963623 -0.2170514315366745
vn -0.9854550361633301 -0.16993653774261475 -0.000202057883143425
vn 0.9108633399009705 0.3518466651439667 -0.21571269631385803
vn -0.9798017144203186 -0.1843426376581192 0.07750130444765091
vn 0.8852806091308594 0.4192039370536804 -0.20136144757270813
vn 0.7857982516288757 0.5677577257156372 -0.24530033767223358
vn 0.8437385559082031 0.49877920746803284 -0.19830438494682312
vn -0.9591801166534424 -0.24146832525730133 0.1471959501504898
vn 0.7911323308944702 0.5350839495658875 -0.2963019013404846
vn -0.9532856941223145 -0.05658597871661186 0.29672276973724365
vn 0.7713251709938049 0.5938504338264465 -0.22890882194042206
vn 0.6754617691040039 0.7244530320167542 -0.13754695653915405
vn 0.7163599729537964 0.6763600707054138 -0.17136339843273163
vn -0.921138346195221 0.17649945616722107 0.3469180166721344
vn 0.7169758677482605 0.6607028245925903 -0.2223002016544342
vn -0.7846543788909912 0.5139520764350891 0.34665653109550476
vn 0.6834851503372192 0.7234821915626526 -0.09706520289182663
vn -0.3852866590023041 0.8542469143867493 0.34902217984199524
vn 0.2456958144903183 0.9450739622116089 0.21556627750396729
vn 0.39119958877563477 0.9190051555633545 0.04891318827867508
vn 0.5468851327896118 0.836858868598938 -0.024164900183677673
vn -0.27580949664115906 -0.9289818406105042 0.24682383239269257
vn -0.135764941573143 -0.9606704711914062 0.2422400712966919
vn -0.00871752668172121 -0.9670434594154358 0.25446218252182007
vn 0.23427094519138336 -0.9310911893844604 0.27961817383766174
vn 0.5824704170227051 -0.7862657308578491 0.20619042217731476
vn -0.36707931756973267 -0.8952279090881348 0.25262585282325745
vn 0.8809073567390442 -0.4086265563964844 0.23880259692668915
vn -0.35042327642440796 -0.8860188126564026 0.303602010011673
vn -0.2242148518562317 -0.9222817420959473 0.31484001874923706
vn 0.5329223275184631 -0.7091686129570007 0.46159905195236206
vn 0.5782196521759033 -0.7381322383880615 0.34759584069252014
vn -0.4227113425731659 -0.8591105341911316 0.2885206937789917
vn 0.9667837619781494 0.03479622304439545 0.25321608781814575
vn -0.4811321496963501 -0.8009107112884521 0.3564462959766388
vn -0.4797894358634949 -0.8153300881385803 0.32409727573394775
vn -0.4415571391582489 -0.8459941148757935 0.2988666594028473
vn -0.4314172863960266 -0.8462406396865845 0.31265950202941895
vn 0.9526895880699158 0.1445097178220749 0.26739391684532166
vn 0.9443950653076172 0.16107359528541565 0.28665870428085327
vn -0.39854976534843445 -0.8505321145057678 0.3431519567966461
vn -0.2738836109638214 -0.8782107830047607 0.39208894968032837
vn 0.8911952376365662 -0.18823546171188354 0.41272076964378357
vn 0.8560041785240173 -0.28800633549690247 0.42931249737739563
vn -0.43029046058654785 -0.8162230253219604 0.38552579283714294
vn 0.9958838820457458 0.07506539672613144 0.05079934746026993
vn -0.46095824241638184 -0.8194279670715332 0.34066909551620483
vn -0.498257577419281 -0.807645857334137 0.3153531551361084
vn 0.9658438563346863 -0.02748652920126915 -0.25766292214393616
vn 0.9141405820846558 -0.19888989627361298 -0.3532560467720032
vn -0.4079950749874115 -0.8358449339866638 0.36729198694229126
vn 0.9534447193145752 0.2573305368423462 -0.1572394222021103
vn -0.45121121406555176 -0.7519229054450989 0.4806458055973053
vn -0.42430999875068665 -0.7765246033668518 0.46580109000205994
vn -0.4132471978664398 -0.8070040345191956 0.42186641693115234
vn -0.41041064262390137 -0.8344592452049255 0.36775121092796326
vn -0.4409957528114319 -0.834378719329834 0.3306583762168884
vn -0.4904753863811493 -0.8147090673446655 0.30932697653770447
vn 0.9368895292282104 0.2549895644187927 -0.2392038255929947
vn 0.9453412890434265 0.17833557724952698 -0.2729950547218323
vn -0.49931108951568604 -0.7189289331436157 0.48355934023857117
vn 0.9333962202072144 0.33172154426574707 -0.1368659883737564
vn -0.4987579584121704 -0.7070749998092651 0.5012837648391724
vn -0.457509309053421 -0.7316226363182068 0.5053845047950745
vn -0.5672398209571838 -0.640304446220398 0.517927885055542
vn 0.9328721761703491 0.33264434337615967 -0.1381925642490387
vn -0.684175968170166 -0.5289692878723145 0.5020903944969177
vn -0.6218031048774719 -0.5829432606697083 0.5230087637901306
vn 0.9467421174049377 0.29819798469543457 -0.12147971242666245
vn -0.5417405962944031 -0.6491096019744873 0.5340168476104736
vn -0.5015670657157898 -0.6714432239532471 0.5455223321914673
vn -0.7468585968017578 -0.4773721396923065 0.4629451036453247
vn 0.9633000493049622 0.24084080755710602 -0.11852751672267914
vn -0.7145480513572693 -0.4797736704349518 0.5091544985771179
vn -0.6384197473526001 -0.5313253998756409 0.5568784475326538
vn -0.7771075963973999 -0.42729848623275757 0.46208202838897705
vn 0.97444748878479 0.19178107380867004 -0.11692856252193451
vn -0.7329464554786682 -0.4360091984272003 0.5221929550170898
vn -0.6647388339042664 -0.47985875606536865 0.5725887417793274
vn -0.8009157180786133 -0.3986283242702484 0.4467991888523102
vn 0.9792420268058777 0.166487917304039 -0.11561533808708191
vn -0.80089271068573 -0.37160465121269226 0.46955394744873047
vn 0.973845362663269 0.19319738447666168 -0.11958297342061996
vn -0.8827947378158569 -0.2995738089084625 0.36184120178222656
vn -0.8320658802986145 -0.34920600056648254 0.4309541583061218
vn -0.9477570652961731 -0.21555043756961823 0.23514817655086517
vn 0.9673724174499512 0.2196383774280548 -0.12629182636737823
vn -0.9020835757255554 -0.23095472157001495 0.36456161737442017
vn -0.8165302276611328 -0.31198427081108093 0.48574090003967285
vn -0.9649769067764282 -0.14105063676834106 0.22118844091892242
vn 0.9555838704109192 0.2661956250667572 -0.12648898363113403
vn 0.9282395839691162 0.3256450891494751 -0.17979596555233002
vn 0.9346468448638916 0.3223295509815216 -0.15012997388839722
vn -0.9209126234054565 -0.1503361612558365 0.35960954427719116
vn -0.8363337516784668 -0.24312442541122437 0.49136173725128174
vn -0.9756428599357605 -0.06355040520429611 0.20995807647705078
vn 0.9045040011405945 0.31719619035720825 -0.2850598096847534
vn -0.9326534867286682 -0.07258839905261993 0.3533956706523895
vn -0.8604906797409058 -0.14078623056411743 0.489627480506897
vn -0.9811928868293762 -0.01924661360681057 0.19206809997558594
vn 0.9263330101966858 0.28847625851631165 -0.24225743114948273
vn -0.9376315474510193 -0.03443438932299614 0.345921128988266
vn -0.8675005435943604 -0.07301274687051773 0.4920487403869629
vn -0.9839474558830261 -0.01641339808702469 0.17770236730575562
vn 0.9424305558204651 0.2666507959365845 -0.2017970085144043
vn -0.9405765533447266 -0.03239281848073006 0.33803340792655945
vn -0.8718066215515137 -0.044709865003824234 0.48780557513237
vn -0.9853159785270691 -0.03329627960920334 0.16746270656585693
vn 0.9405315518379211 0.2930527925491333 -0.17181526124477386
vn -0.9414761662483215 -0.05647382140159607 0.33231520652770996
vn -0.872647225856781 -0.048437297344207764 0.48594316840171814
vn -0.9852213263511658 -0.06640516221523285 0.15789064764976501
vn 0.9457005858421326 0.29078251123428345 -0.14524489641189575
vn -0.9395864009857178 -0.09456678479909897 0.32899007201194763
vn -0.868018388748169 -0.07842428982257843 0.49029961228370667
vn -0.9808569550514221 -0.10510367155075073 0.16392965614795685
vn 0.9469634294509888 0.2990604043006897 -0.117572121322155
vn 0.9071488976478577 0.36826324462890625 -0.20362509787082672
vn 0.9281284809112549 0.3369215428829193 -0.15830817818641663
vn -0.9330741763114929 -0.0979352816939354 0.3460943102836609
vn -0.8648275136947632 -0.11445195972919464 0.488849937915802
vn -0.9879944920539856 -0.09890438616275787 0.1186797171831131
vn 0.879895806312561 0.3774137794971466 -0.28869056701660156
vn 0.9052332639694214 0.38313940167427063 -0.1837305873632431
vn 0.9339274168014526 0.331868052482605 -0.13282789289951324
vn -0.9859004616737366 -0.05908836051821709 0.15655334293842316
vn 0.8923021554946899 0.35674330592155457 -0.27664241194725037
vn -0.9853261113166809 -0.022614769637584686 0.1691776067018509
vn 0.8976735472679138 0.37147995829582214 -0.23703345656394958
vn -0.9859629273414612 0.023402540013194084 0.16531626880168915
vn 0.9108046889305115 0.3538355231285095 -0.21268601715564728
vn -0.988730788230896 0.04267638176679611 0.14349260926246643
vn 0.9212519526481628 0.34099212288856506 -0.18713460862636566
vn 0.9303116798400879 0.31595247983932495 -0.18626384437084198
vn 0.9258840680122375 0.3296915292739868 -0.18450535833835602
vn -0.9918262958526611 0.0247948095202446 0.12516310811042786
vn 0.9289798140525818 0.3021160364151001 -0.2138281613588333
vn 0.9344114065170288 0.30967530608177185 -0.1760014295578003
vn 0.9303588271141052 0.32346346974372864 -0.17263801395893097
vn -0.9922362565994263 -0.00564803509041667 0.12423915416002274
vn 0.9368189573287964 0.29315537214279175 -0.19086691737174988
vn 0.9382862448692322 0.3006538450717926 -0.17095685005187988
vn 0.93503338098526 0.31044498085975647 -0.17127904295921326
vn -0.9899362921714783 -0.04148552939295769 0.1352965086698532
vn 0.9370480179786682 0.29475724697113037 -0.18724128603935242
vn -0.9836722612380981 -0.08586245030164719 0.1581662893295288
vn 0.9281603693962097 0.32728901505470276 -0.17720116674900055
vn -0.9721855521202087 -0.11908543854951859 0.20167776942253113
vn 0.9132091999053955 0.36651355028152466 -0.17809218168258667
vn -0.9588040709495544 -0.11009985208511353 0.26186415553092957
vn 0.8845270872116089 0.43060383200645447 -0.1794220209121704
vn 0.8048708438873291 0.557792603969574 -0.20260916650295258
vn 0.8401070237159729 0.5065170526504517 -0.1940639764070511
vn -0.941774845123291 -0.06911865621805191 0.3290635645389557
vn 0.7844070792198181 0.5814633965492249 -0.21588395535945892
vn -0.9219357967376709 0.056718043982982635 0.3831678032875061
vn 0.7338376641273499 0.6583626866340637 -0.16745424270629883
vn 0.5599326491355896 0.8285316824913025 0.0032868501730263233
vn 0.6421846747398376 0.7596272826194763 -0.10278792679309845
vn -0.9034759998321533 0.2238008677959442 0.3655739724636078
vn 0.6581537127494812 0.7522463798522949 -0.030968518927693367
vn -0.8391686677932739 0.4477773904800415 0.30869314074516296
vn 0.5947877168655396 0.8015602231025696 0.061064474284648895
vn -0.5497056245803833 0.7971497178077698 0.24975217878818512
vn -0.13584701716899872 0.9562281966209412 0.2591779828071594
vn 0.1849910467863083 0.957405686378479 0.22170403599739075
vn 0.4169926941394806 0.8979558944702148 0.14068567752838135
vn 0.16412115097045898 -0.934648334980011 0.315431147813797
vn -0.0441439114511013 -0.9498569965362549 0.30955299735069275
vn 0.5520257353782654 -0.7230220437049866 0.4153393507003784
vn 0.19463667273521423 -0.8955903649330139 0.40004318952560425
vn -0.06683502346277237 -0.8976060152053833 0.4357024133205414
vn 0.768669843673706 -0.5853566527366638 0.2578844428062439
vn -0.4584866464138031 -0.8431848883628845 0.280765563249588
vn -0.389514297246933 -0.8730555772781372 0.29334717988967896
vn -0.30388933420181274 -0.8831640481948853 0.35731300711631775
vn -0.05255464091897011 -0.9010702967643738 0.4304770231246948
vn 0.712646484375 -0.6896337866783142 -0.12860895693302155
vn 0.7660360932350159 -0.5965290069580078 -0.23946186900138855
vn 0.31855499744415283 -0.8393135666847229 0.4405399560928345
vn -0.5036436915397644 -0.8121147155761719 0.2946400046348572
vn 0.9314503073692322 -0.3363141417503357 -0.1388997882604599
vn -0.5137389898300171 -0.8074541687965393 0.28998273611068726
vn 0.9822130799293518 0.04375363886356354 -0.18260106444358826
vn -0.4757208228111267 -0.7508147358894348 0.4582214951515198
vn -0.5064825415611267 -0.7645706534385681 0.39863166213035583
vn -0.49496185779571533 -0.8053393959999084 0.3262534439563751
vn -0.5152772665023804 -0.805350661277771 0.2930864691734314
vn 0.9107586145401001 0.3534296751022339 -0.21355614066123962
vn 0.9485362768173218 0.2556329667568207 -0.1868976652622223
vn -0.47324347496032715 -0.7295277118682861 0.49379152059555054
vn 0.9176826477050781 0.3513679802417755 -0.18547005951404572
vn -0.5185821056365967 -0.7005741596221924 0.490171879529953
vn -0.5470861196517944 -0.7081966996192932 0.44626691937446594
vn -0.5137649178504944 -0.671138346195221 0.5344332456588745
vn 0.9164173007011414 0.3707008361816406 -0.15086504817008972
vn -0.5644640922546387 -0.5982088446617126 0.5687939524650574
vn -0.5335620641708374 -0.6195200085639954 0.5757660865783691
vn 0.9426719546318054 0.31017667055130005 -0.12312635034322739
vn -0.543427050113678 -0.6650275588035583 0.5122748017311096
vn -0.583095908164978 -0.6558613181114197 0.4794216454029083
vn -0.5965086221694946 -0.5692125558853149 0.5658396482467651
vn 0.965429425239563 0.2381380796432495 -0.1060011014342308
vn -0.5882649421691895 -0.5419121384620667 0.6002296805381775
vn -0.5691965818405151 -0.5638343095779419 0.5984197854995728
vn 0.9575293660163879 0.2670176923274994 -0.10880722105503082
vn -0.6169180870056152 -0.49110928177833557 0.614998996257782
vn 0.9777710437774658 0.1887454241514206 -0.0913185104727745
vn -0.7010875344276428 -0.40981578826904297 0.5835472345352173
vn -0.6390164494514465 -0.44314149022102356 0.6287159323692322
vn -0.6087807416915894 -0.47976964712142944 0.6318283677101135
vn -0.6005561947822571 -0.49087852239608765 0.6311661005020142
vn 0.9702104330062866 0.22257772088050842 -0.0956604853272438
vn -0.7591304779052734 -0.3968560993671417 0.5159711241722107
vn 0.9818882346153259 0.1678428202867508 -0.08788825571537018
vn -0.7051105499267578 -0.3720051050186157 0.6036815643310547
vn -0.6550222039222717 -0.38238435983657837 0.6517117619514465
vn -0.7502381205558777 -0.36386987566947937 0.5520340800285339
vn 0.9794439077377319 0.18309089541435242 -0.08466079086065292
vn -0.7034643292427063 -0.33435431122779846 0.6271724104881287
vn -0.6576159000396729 -0.33992013335227966 0.6723062992095947
vn -0.7627359628677368 -0.34011906385421753 0.5500481724739075
vn 0.9729429483413696 0.21410876512527466 -0.08683068305253983
vn -0.696792721748352 -0.31285321712493896 0.6454477906227112
vn -0.6517356634140015 -0.3106129467487335 0.691925048828125
vn -0.7473433613777161 -0.28930407762527466 0.5981481075286865
vn 0.9598609805107117 0.26428306102752686 -0.0939224362373352
vn 0.9354490637779236 0.33128583431243896 -0.12322679162025452
vn 0.9454666376113892 0.3062470853328705 -0.11093051731586456
vn -0.6935818195343018 -0.2586788833141327 0.6723314523696899
vn -0.650014340877533 -0.2765781879425049 0.7078035473823547
vn -0.7778196930885315 -0.21271464228630066 0.5913958549499512
vn 0.9280599355697632 0.33158937096595764 -0.16956843435764313
vn 0.9320375323295593 0.3479507267475128 -0.10117509961128235
vn 0.9394627809524536 0.33181050419807434 -0.0855071097612381
vn -0.7837893962860107 -0.12672020494937897 0.6079606413841248
vn 0.9395709037780762 0.31813764572143555 -0.12647125124931335
vn 0.932067334651947 0.3540046811103821 -0.07701478898525238
vn 0.9300798177719116 0.36064016819000244 -0.06993026286363602
vn -0.7918074131011963 -0.0728812962770462 0.6064069867134094
vn 0.9481415152549744 0.2963511049747467 -0.1149073913693428
vn -0.7940317392349243 -0.05075247585773468 0.6057538390159607
vn 0.948878824710846 0.30321335792541504 -0.08769642561674118
vn -0.7883438467979431 -0.057315144687891006 0.6125593185424805
vn 0.9537904262542725 0.2918371260166168 -0.07151889055967331
vn -0.7680114507675171 -0.08881036192178726 0.6342484951019287
vn 0.9571920037269592 0.28230974078178406 -0.06391160935163498
vn -0.8747414350509644 -0.08385767787694931 0.47727906703948975
vn -0.789649248123169 -0.10252393782138824 0.6049321293830872
vn -0.9493911862373352 -0.08775235712528229 0.30158892273902893
vn 0.9536608457565308 0.2873181998729706 -0.08932706713676453
vn 0.9292740225791931 0.3409678041934967 -0.14209455251693726
vn 0.9500502943992615 0.2942902743816376 -0.10391222685575485
vn -0.8745670318603516 -0.09010972082614899 0.4764585793018341
vn -0.7775192260742188 -0.09294693917036057 0.6219522953033447
vn -0.9435875415802002 -0.07085686922073364 0.3234530985355377
vn 0.9069820642471313 0.3724629282951355 -0.19660870730876923
vn -0.8703933954238892 -0.07204734534025192 0.4870569705963135
vn -0.7716211080551147 -0.09143538028001785 0.6294763088226318
vn -0.9440754055976868 -0.03111354634165764 0.3282584547996521
vn 0.910122275352478 0.3691542148590088 -0.18815605342388153
vn -0.8711390495300293 -0.03383640572428703 0.4898693561553955
vn -0.7687001824378967 -0.06551869213581085 0.6362447738647461
vn -0.9469997882843018 0.007261970080435276 0.32115209102630615
vn 0.9137793183326721 0.36264410614967346 -0.18302100896835327
vn -0.8741139769554138 0.001845163176767528 0.4857173562049866
vn -0.7703588008880615 -0.026881452649831772 0.6370437741279602
vn -0.9506065249443054 0.024416608735919 0.30943676829338074
vn 0.9182416200637817 0.3526419699192047 -0.18021124601364136
vn -0.8770897388458252 0.02043229341506958 0.4798918068408966
vn -0.774601936340332 0.005272889509797096 0.6324271559715271
vn -0.9525613784790039 0.019310619682073593 0.30373334884643555
vn 0.9241823554039001 0.3381839394569397 -0.17753471434116364
vn -0.8789036273956299 0.018740959465503693 0.4766310155391693
vn -0.780331015586853 0.01883634179830551 0.6250829100608826
vn -0.9517197608947754 -0.0006293145706877112 0.30696773529052734
vn 0.9285275340080261 0.3259671926498413 -0.1777133345603943
vn 0.9385634660720825 0.2961839735507965 -0.1771264374256134
vn 0.9343236684799194 0.3068881332874298 -0.1812702864408493
vn -0.8783696889877319 0.0009010285721160471 0.4779811501502991
vn -0.7863060832023621 0.012602929025888443 0.6177085638046265
vn -0.9472944140434265 -0.030814792960882187 0.3188789486885071
vn 0.9383537173271179 0.3006759583950043 -0.1705472618341446
vn -0.8731447458267212 -0.022632090374827385 0.48693543672561646
vn -0.7898474931716919 -0.004741669166833162 0.6132850646972656
vn -0.9372352957725525 -0.059941358864307404 0.34350714087486267
vn 0.9283192157745361 0.32770973443984985 -0.17558418214321136
vn -0.8611544966697693 -0.03464846312999725 0.5071611404418945
vn -0.787632405757904 -0.01695217564702034 0.6159121990203857
vn -0.9215906858444214 -0.06670720875263214 0.3823883533477783
vn 0.908283531665802 0.3763714134693146 -0.18266278505325317
vn -0.8410294055938721 -0.019310612231492996 0.540644645690918
vn -0.7766576409339905 -0.005441094748675823 0.6298994421958923
vn -0.901196300983429 -0.04267610237002373 0.43130508065223694
vn 0.8774259686470032 0.439774751663208 -0.19162993133068085
vn 0.7821530103683472 0.5911394357681274 -0.19695380330085754
vn 0.835504949092865 0.5123255848884583 -0.1986304521560669
vn -0.8064717650413513 0.03187026083469391 0.5904130339622498
vn -0.75106281042099 0.04693949595093727 0.658560037612915
vn -0.8736842274665833 0.014442866668105125 0.48627907037734985
vn 0.7512627243995667 0.6342563033103943 -0.18254663050174713
vn -0.7383642792701721 0.11028870195150375 0.66532301902771
vn -0.6925854086875916 0.1593838781118393 0.703507125377655
vn -0.8471316695213318 0.09605876356363297 0.5226287245750427
vn 0.6538743376731873 0.7450927495956421 -0.1314733922481537
vn 0.2698145806789398 0.9453084468841553 0.18328137695789337
vn 0.49967247247695923 0.8655075430870056 -0.034987375140190125
vn -0.6366878747940063 0.19428014755249023 0.7462465167045593
vn -0.5087717175483704 0.3641325533390045 0.7801018357276917
vn -0.8274543285369873 0.18821869790554047 0.529049277305603
vn 0.4909040331840515 0.8512532711029053 0.18542169034481049
vn -0.49053701758384705 0.3889293372631073 0.7798124551773071
vn -0.24001197516918182 0.5217015147209167 0.8186707496643066
vn -0.11358249932527542 0.7387674450874329 0.6643204689025879
vn 0.19035565853118896 0.8938673734664917 0.4059135913848877
vn -0.7477392554283142 0.4213424026966095 0.5131827592849731
vn 0.4460502862930298 0.8613355159759521 0.24318774044513702
vn -0.6050108075141907 0.7293558120727539 0.31937751173973083
vn -0.22104093432426453 0.9142534732818604 0.33953148126602173
vn 0.04486206918954849 0.9257328510284424 0.37550774216651917
vn 0.2494487166404724 0.9073976278305054 0.33823809027671814
vn -0.3820732831954956 0.7234947681427002 0.5749568939208984
vn -0.07786811143159866 0.7698583602905273 0.6334466338157654
vn 0.08797651529312134 0.8125707507133484 0.5761848092079163
vn 0.27833420038223267 0.8555691838264465 0.4364992380142212
vn -0.45889052748680115 -0.8488141894340515 0.26255273818969727
vn -0.37371826171875 -0.8900041580200195 0.2612035274505615
vn -0.2590247690677643 -0.9217567443847656 0.28856685757637024
vn -0.06198979169130325 -0.9495899081230164 0.3073050379753113
vn 0.3152201771736145 -0.9192951321601868 0.23565390706062317
vn 0.4309353530406952 -0.9005649089813232 0.05725107714533806
vn 0.6351360082626343 -0.7722945213317871 0.01278884056955576
vn -0.5041819214820862 -0.8190956115722656 0.27364763617515564
vn 0.9281765818595886 -0.3706435561180115 0.033340033143758774
vn -0.5064775943756104 -0.8181092143058777 0.27235618233680725
vn -0.4457418620586395 -0.8552880883216858 0.2641904354095459
vn -0.5306704044342041 -0.7994444966316223 0.28156256675720215
vn 0.9979525208473206 0.040090564638376236 -0.04983532428741455
vn -0.586834192276001 -0.7317296862602234 0.3466949760913849
vn -0.5497478246688843 -0.7798263430595398 0.29941311478614807
vn 0.9015631675720215 0.38872307538986206 -0.18994297087192535
vn 0.9504635334014893 0.27874451875686646 -0.1375519335269928
vn -0.5385634303092957 -0.793159008026123 0.2843383848667145
vn -0.5042976140975952 -0.8156214356422424 0.28362956643104553
vn -0.5912598967552185 -0.7006058096885681 0.39945363998413086
vn 0.8915166258811951 0.4121701717376709 -0.18791992962360382
vn -0.6331193447113037 -0.6531291604042053 0.4154301583766937
vn 0.8919752836227417 0.41789349913597107 -0.1724678874015808
vn -0.5978413224220276 -0.6141641139984131 0.5151585340499878
vn -0.6434003710746765 -0.614078164100647 0.4571039378643036
vn -0.5732846260070801 -0.5886160135269165 0.5699789524078369
vn 0.9201673865318298 0.36337167024612427 -0.14578454196453094
vn -0.6563312411308289 -0.541405439376831 0.5254611968994141
vn -0.6917672157287598 -0.5570783615112305 0.4594799280166626
vn -0.6385950446128845 -0.5030088424682617 0.5823903679847717
vn 0.9457395672798157 0.29952895641326904 -0.12593317031860352
vn -0.6243309378623962 -0.4253371059894562 0.6552093029022217
vn -0.6399614214897156 -0.4319966435432434 0.6354748606681824
vn 0.9654439687728882 0.2377537190914154 -0.1067291870713234
vn -0.6800901293754578 -0.513957679271698 0.5228049755096436
vn -0.7381090521812439 -0.4940313398838043 0.459486722946167
vn -0.6177979111671448 -0.41492536664009094 0.66795414686203
vn 0.9805911183357239 0.17876097559928894 -0.0805329978466034
vn -0.635042130947113 -0.36711281538009644 0.6796688437461853
vn -0.6654772162437439 -0.3754807114601135 0.6451003551483154
vn -0.6309373378753662 -0.3529803156852722 0.6908857226371765
vn 0.9806475639343262 0.18097461760044098 -0.07468968629837036
vn -0.6469456553459167 -0.3203117847442627 0.6919984221458435
vn -0.6825023293495178 -0.3288801610469818 0.6527085900306702
vn -0.6364338397979736 -0.3108198642730713 0.7059341669082642
vn 0.9752022624015808 0.20718850195407867 -0.07780465483665466
vn -0.6563287973403931 -0.28637781739234924 0.6980116367340088
vn -0.6974282264709473 -0.29420867562294006 0.653479278087616
vn -0.6389048099517822 -0.27488234639167786 0.7184986472129822
vn 0.9664791822433472 0.24473802745342255 -0.07759746164083481
vn -0.6668758988380432 -0.20805694162845612 0.7155340313911438
vn -0.6406702995300293 -0.2323174625635147 0.731826663017273
vn -0.6590728163719177 -0.27439138293266296 0.7002373933792114
vn -0.7031527161598206 -0.266122430562973 0.6593596935272217
vn -0.7152673006057739 -0.1939057856798172 0.6714114546775818
vn 0.9523463249206543 0.2945384681224823 -0.07926921546459198
vn -0.6804443597793579 -0.14333896338939667 0.7186441421508789
vn -0.6582319736480713 -0.17230908572673798 0.732830286026001
vn -0.7212270498275757 -0.11391020566225052 0.683268666267395
vn 0.9383366107940674 0.33885517716407776 -0.06856885552406311
vn 0.9252575039863586 0.3762255907058716 -0.04850641265511513
vn 0.9259202480316162 0.3735150992870331 -0.0561986044049263
vn -0.6855921149253845 -0.08485536277294159 0.7230235934257507
vn -0.6743535399436951 -0.1100304052233696 0.7301648259162903
vn -0.7258879542350769 -0.06482813507318497 0.684751033782959
vn 0.9421669840812683 0.32870203256607056 -0.0653945654630661
vn -0.6852640509605408 -0.046484384685754776 0.7268097400665283
vn -0.6823827624320984 -0.05709719657897949 0.7287617921829224
vn -0.7217265367507935 -0.0473543219268322 0.690556526184082
vn 0.9499689340591431 0.3093935251235962 -0.04283379390835762
vn -0.6757674813270569 -0.03473692014813423 0.7362958788871765
vn -0.6813856959342957 -0.02591034211218357 0.7314658164978027
vn -0.7068818807601929 -0.054480984807014465 0.7052303552627563
vn 0.9591885209083557 0.28018423914909363 -0.038133714348077774
vn -0.6582880616188049 -0.04425685852766037 0.7514640092849731
vn -0.672033429145813 -0.020837891846895218 0.7402275800704956
vn -0.6844029426574707 -0.06610701978206635 0.7261008620262146
vn 0.9657368659973145 0.2548152804374695 -0.049208834767341614
vn -0.6431007385253906 -0.059093862771987915 0.7634981274604797
vn -0.6573132276535034 -0.035580068826675415 0.7527771592140198
vn -0.6921901106834412 -0.08842408657073975 0.7162779569625854
vn 0.969447910785675 0.23268161714076996 -0.07765307277441025
vn 0.9391871094703674 0.31106576323509216 -0.14548447728157043
vn 0.9556858539581299 0.2702026665210724 -0.11685524135828018
vn -0.6269665360450745 -0.08160245418548584 0.7747606039047241
vn -0.6409892439842224 -0.0574500635266304 0.765396773815155
vn -0.6748412251472473 -0.09578274190425873 0.7317206263542175
vn 0.9207415580749512 0.3520859479904175 -0.16813842952251434
vn -0.6124426126480103 -0.08186004310846329 0.7862652540206909
vn -0.627699613571167 -0.0708199068903923 0.7752275466918945
vn 0.9321286678314209 0.3224104642868042 -0.1648869514465332
vn 0.9545691013336182 0.26384878158569336 -0.13849776983261108
vn -0.6680344939231873 -0.08216347545385361 0.7395803928375244
vn 0.9160866141319275 0.3581535518169403 -0.18030904233455658
vn -0.6066113114356995 -0.06415646523237228 0.7924056053161621
vn -0.617101788520813 -0.06160011887550354 0.7844685316085815
vn 0.9249049425125122 0.3352032005786896 -0.17941516637802124
vn 0.9446378350257874 0.2856862246990204 -0.16137786209583282
vn -0.6676466464996338 -0.05104242265224457 0.7427265644073486
vn 0.9138686656951904 0.36142730712890625 -0.18497106432914734
vn -0.6113125085830688 -0.038756463676691055 0.790439784526825
vn -0.6138573288917542 -0.05584877356886864 0.7874389290809631
vn -0.6732995510101318 -0.01682594232261181 0.7391782999038696
vn 0.9175809025764465 0.35155510902404785 -0.18561896681785583
vn -0.6257822513580322 -0.01781923696398735 0.7797942161560059
vn -0.6306523680686951 -0.042347900569438934 0.7749091982841492
vn -0.6838343739509583 0.0046378266997635365 0.7296225428581238
vn 0.9226210713386536 0.3394107222557068 -0.18322330713272095
vn -0.6470072865486145 -0.013556517660617828 0.7623633742332458
vn -0.6544182300567627 -0.040479280054569244 0.7550485134124756
vn -0.6980352401733398 0.006531083025038242 0.7160336971282959
vn 0.9311416745185852 0.3141692280769348 -0.18512949347496033
vn 0.9383925795555115 0.285832941532135 -0.19421356916427612
vn 0.9374567866325378 0.2906457483768463 -0.19157221913337708
vn -0.6732365489006042 -0.024753807112574577 0.7390127778053284
vn -0.684599757194519 -0.055662430822849274 0.7267907857894897
vn -0.7132816910743713 -0.00576092628762126 0.7008538246154785
vn 0.9364291429519653 0.29860663414001465 -0.18421348929405212
vn -0.7004464864730835 -0.03662167116999626 0.7127647399902344
vn -0.7204977869987488 -0.0740400180220604 0.6894933581352234
vn 0.9354314804077148 0.284490168094635 -0.2098410427570343
vn 0.9408167004585266 0.2684374153614044 -0.20689453184604645
vn -0.7256254553794861 -0.017035726457834244 0.6878790259361267
vn 0.9229028820991516 0.32775288820266724 -0.2020602971315384
vn -0.7236537933349609 -0.029659004881978035 0.6895256638526917
vn -0.7554503083229065 -0.06971349567174911 0.6514866352081299
vn 0.9258970618247986 0.3022397458553314 -0.22664019465446472
vn 0.9388128519058228 0.2630007266998291 -0.22239868342876434
vn -0.7311646342277527 -0.007779377978295088 0.6821566820144653
vn 0.8983815312385559 0.3890365660190582 -0.20386576652526855
vn -0.7380697131156921 0.016457315534353256 0.6745237708091736
vn -0.7835782766342163 -0.029366055503487587 0.6205987334251404
vn -0.7241767644882202 0.041276123374700546 0.6883780360221863
vn 0.8635150790214539 0.4563273787498474 -0.21472574770450592
vn 0.7472361922264099 0.6365700364112854 -0.19083154201507568
vn 0.8102179765701294 0.549193263053894 -0.20477677881717682
vn -0.7303928732872009 0.12353108823299408 0.6717635989189148
vn -0.7993837594985962 0.07180197536945343 0.5965150594711304
vn -0.6909286975860596 0.1481332629919052 0.7075833678245544
vn 0.6954541802406311 0.6977794766426086 -0.17160236835479736
vn -0.6648699045181274 0.31004598736763 0.6795730590820312
vn -0.7701900601387024 0.2658956050872803 0.5797472596168518
vn 0.6469221115112305 0.7458359003067017 -0.15881003439426422
vn 0.7397192120552063 0.6461990475654602 -0.18772944808006287
vn -0.597577691078186 0.33454394340515137 0.7286846041679382
vn 0.5470600128173828 0.8300479054450989 -0.1083783432841301
vn -0.41911646723747253 0.5728937983512878 0.7043678760528564
vn -0.21154217422008514 0.8418328762054443 0.49655547738075256
vn -0.02514820359647274 0.9792144894599915 0.20126251876354218
vn 0.29718002676963806 0.9546722173690796 0.016881659626960754
vn -0.5079584717750549 0.542299211025238 0.6692457795143127
vn -0.6229316592216492 0.5574852228164673 0.5487862229347229
vn 0.4845125377178192 0.8694961667060852 -0.09604176133871078
vn 0.5905765295028687 0.7952507138252258 -0.1370975822210312
vn -0.24910302460193634 -0.9334272742271423 0.2581883668899536
vn -0.10821422189474106 -0.9566370844841003 0.2704351842403412
vn 0.08296777307987213 -0.9661304354667664 0.2443530410528183
vn 0.32267436385154724 -0.9266496896743774 0.19287727773189545
vn 0.6198863387107849 -0.7716454267501831 0.14249269664287567
vn -0.3600219190120697 -0.8962551355361938 0.2590579390525818
vn 0.8986186981201172 -0.4223311245441437 0.11883138120174408
vn -0.43118104338645935 -0.8568733334541321 0.2825794219970703
vn 0.9988730549812317 -0.04744463413953781 -0.001313739805482328
vn -0.6403544545173645 -0.6986126899719238 0.3191967308521271
vn -0.597623348236084 -0.7466105818748474 0.2922653555870056
vn -0.5389185547828674 -0.7906256914138794 0.2906508445739746
vn -0.4863418936729431 -0.821596622467041 0.2974064350128174
vn 0.8976260423660278 0.40222322940826416 -0.18023332953453064
vn 0.9550214409828186 0.2645449638366699 -0.13397793471813202
vn -0.6387605667114258 -0.6820483803749084 0.3560827970504761
vn 0.8765767812728882 0.44155824184417725 -0.1914146989583969
vn -0.6754439473152161 -0.6701726317405701 0.3076428472995758
vn -0.6503587961196899 -0.7071893811225891 0.2773386836051941
vn 0.8791854381561279 0.43951505422592163 -0.18400968611240387
vn 0.9314966797828674 0.33298221230506897 -0.1464131474494934
vn -0.690010666847229 -0.6356449723243713 0.3461802899837494
vn 0.8831300735473633 0.43321502208709717 -0.1800169199705124
vn -0.7158620357513428 -0.6355370879173279 0.28919583559036255
vn -0.6911438703536987 -0.6731204390525818 0.26311418414115906
vn 0.8746814131736755 0.4462618827819824 -0.18916365504264832
vn 0.902101993560791 0.3963457942008972 -0.17065180838108063
vn -0.7077167630195618 -0.5877704620361328 0.3919985592365265
vn 0.9105091691017151 0.38049498200416565 -0.16185367107391357
vn -0.7681548595428467 -0.5146957635879517 0.3808233141899109
vn 0.9314647912979126 0.3313949704170227 -0.15016913414001465
vn -0.7674655318260193 -0.42442408204078674 0.480479896068573
vn -0.8010939359664917 -0.4580346345901489 0.38529571890830994
vn 0.959328830242157 0.25517117977142334 -0.12073041498661041
vn -0.711491584777832 -0.3891628384590149 0.5850915312767029
vn 0.9766498804092407 0.19596397876739502 -0.08805183321237564
vn 0.9674467444419861 0.227505624294281 -0.11085143685340881
vn -0.735309362411499 -0.33500972390174866 0.589142382144928
vn 0.9781944751739502 0.19157905876636505 -0.080206960439682
vn 0.9717077612876892 0.2133210301399231 -0.10138138383626938
vn -0.7525866031646729 -0.3006463944911957 0.5858542919158936
vn 0.974581241607666 0.21194642782211304 -0.07259548455476761
vn -0.7702379822731018 -0.26705169677734375 0.5791518092155457
vn 0.9644144773483276 0.25467395782470703 -0.0710354745388031
vn -0.6888635754585266 -0.24900253117084503 0.6807824373245239
vn -0.7444482445716858 -0.252755343914032 0.6179899573326111
vn -0.6608832478523254 -0.2118813842535019 0.7199580669403076
vn 0.9496302008628845 0.30576929450035095 -0.06861191242933273
vn -0.7183452248573303 -0.18394853174686432 0.670927107334137
vn -0.7629456520080566 -0.21558868885040283 0.6094551086425781
vn -0.6858131885528564 -0.14582213759422302 0.7130191326141357
vn 0.9311817288398743 0.36007511615753174 -0.05697786435484886
vn 0.9161593914031982 0.39990630745887756 -0.0269642174243927
vn 0.9159820675849915 0.3989899158477783 -0.04223690554499626
vn -0.7414327263832092 -0.1167585551738739 0.660791277885437
vn -0.7859706282615662 -0.15228067338466644 0.5992167592048645
vn -0.7043362855911255 -0.08175242692232132 0.7051432728767395
vn 0.9352757930755615 0.3525877892971039 -0.030675994232296944
vn -0.7575783729553223 -0.057441625744104385 0.6502119302749634
vn -0.8032223582267761 -0.09021344035863876 0.588808536529541
vn -0.7135646939277649 -0.03366941958665848 0.6997798681259155
vn 0.9502016305923462 0.3108947277069092 -0.021480100229382515
vn -0.7676366567611694 -0.02044830098748207 0.6405590176582336
vn -0.8166747093200684 -0.044353991746902466 0.5753913521766663
vn -0.7149683237075806 -0.011530932039022446 0.6990617513656616
vn 0.9655987024307251 0.2586269974708557 -0.027042629197239876
vn -0.7742857933044434 -0.011519434861838818 0.6327312588691711
vn -0.8291594982147217 -0.025240536779165268 0.5584420561790466
vn -0.7108942270278931 -0.015680154785513878 0.7031241059303284
vn 0.9768269658088684 0.208940789103508 -0.0463993176817894
vn -0.7795374989509583 -0.02469821833074093 0.6258684992790222
vn -0.8421840667724609 -0.031070398166775703 0.5382943153381348
vn -0.703679084777832 -0.03560447692871094 0.7096253037452698
vn 0.9819393157958984 0.17687255144119263 -0.06716618686914444
vn -0.7854216694831848 -0.04419281333684921 0.6173814535140991
vn -0.8559669256210327 -0.05110689252614975 0.5144985914230347
vn -0.6963220238685608 -0.05539854243397713 0.7155883312225342
vn 0.9749788045883179 0.19855815172195435 -0.0999549999833107
vn -0.791792631149292 -0.05404479801654816 0.6083943247795105
vn -0.8727098703384399 -0.06591986119747162 0.4837687015533447
vn -0.6982759237289429 -0.06386574357748032 0.7129740118980408
vn 0.9676689505577087 0.21696823835372925 -0.12861444056034088
vn 0.9312154054641724 0.3199564516544342 -0.17454442381858826
vn 0.9548134803771973 0.2600941061973572 -0.14381323754787445
vn -0.8049198389053345 -0.07758626341819763 0.5882894992828369
vn -0.8836517333984375 -0.0668046846985817 0.46335381269454956
vn -0.6724892854690552 -0.060485079884529114 0.7376311421394348
vn 0.9153087735176086 0.3561606705188751 -0.1880413144826889
vn -0.695155680179596 -0.062018267810344696 0.7161790132522583
vn 0.9152124524116516 0.35795021057128906 -0.18508878350257874
vn -0.7184303998947144 -0.06417323648929596 0.6926323175430298
vn 0.9237026572227478 0.33961743116378784 -0.17729465663433075
vn -0.74339759349823 -0.08431552350521088 0.6635141372680664
vn 0.9343003630638123 0.31194329261779785 -0.17255230247974396
vn -0.7728410959243774 -0.11470844596624374 0.6241464018821716
vn 0.9435597062110901 0.2746717631816864 -0.18506909906864166
vn -0.8089731335639954 -0.12512296438217163 0.5743750929832458
vn 0.9508365392684937 0.23735959827899933 -0.1989229917526245
vn 0.9257246851921082 0.2938106656074524 -0.23813678324222565
vn 0.9476751089096069 0.23822306096553802 -0.2125129997730255
vn -0.8404030203819275 -0.08278316259384155 0.5356021523475647
vn 0.9002823829650879 0.36785250902175903 -0.23275798559188843
vn -0.8636976480484009 -0.005574503447860479 0.5039795637130737
vn 0.8620927929878235 0.4489995241165161 -0.23493723571300507
vn -0.8678511381149292 0.1694120615720749 0.4670482277870178
vn 0.8104817271232605 0.5448023676872253 -0.2151971459388733
vn -0.7798545360565186 0.4850606918334961 0.39565515518188477
vn 0.710701584815979 0.681364893913269 -0.1750577688217163
vn -0.4309227764606476 0.8449246883392334 0.3168720006942749
vn -0.012048771604895592 0.994219958782196 0.10668448358774185
vn 0.3316347897052765 0.9426886439323425 -0.03683220595121384
vn 0.5475901365280151 0.8292233943939209 -0.11195399612188339
vn -0.2191554456949234 -0.9355468153953552 0.27698954939842224
vn -0.11250440776348114 -0.9559669494628906 0.2710534930229187
vn 0.033873092383146286 -0.961752712726593 0.2718166708946228
vn 0.23572108149528503 -0.939273476600647 0.24940125644207
vn 0.5577415823936462 -0.8035998344421387 0.20772960782051086
vn -0.3293735384941101 -0.9020729064941406 0.2788861393928528
vn 0.8094052672386169 -0.5590929388999939 0.17966167628765106
vn -0.27907794713974 -0.9118385910987854 0.30110791325569153
vn -0.1371506303548813 -0.9452871680259705 0.2960100471973419
vn 0.016596611589193344 -0.9570498466491699 0.289448082447052
vn 0.21457450091838837 -0.9317634105682373 0.2928732931613922
vn 0.464295893907547 -0.8459559082984924 0.2622748017311096
vn -0.3979848325252533 -0.866801381111145 0.30043885111808777
vn 0.9174091815948486 -0.385623961687088 0.09825829416513443
vn -0.5352762341499329 -0.806877613067627 0.24985571205615997
vn -0.44928470253944397 -0.8462150692939758 0.2864670753479004
vn -0.3414763808250427 -0.8902655839920044 0.30136537551879883
vn -0.1978459507226944 -0.9346369504928589 0.2954840362071991
vn -0.023108776658773422 -0.9582384824752808 0.28503504395484924
vn 0.19694852828979492 -0.9405905604362488 0.2765876054763794
vn 0.5472627878189087 -0.7998242378234863 0.24654549360275269
vn -0.6109545230865479 -0.749174177646637 0.2558761239051819
vn 0.9960958957672119 0.06942907720804214 -0.054522555321455
vn -0.6528980731964111 -0.7176384925842285 0.24232037365436554
vn 0.9738156795501709 0.20191025733947754 -0.10447629541158676
vn -0.7392006516456604 -0.6273902058601379 0.24487552046775818
vn -0.6932598352432251 -0.682123601436615 0.23259033262729645
vn 0.8871984481811523 0.4225581884384155 -0.18526628613471985
vn 0.9331837892532349 0.3290614187717438 -0.14452236890792847
vn -0.7621462941169739 -0.5689565539360046 0.3089037239551544
vn 0.888961911201477 0.41897526383399963 -0.18494988977909088
vn -0.8358027338981628 -0.45998790860176086 0.2997415363788605
vn 0.9060276746749878 0.3831360936164856 -0.17977958917617798
vn -0.8547846078872681 -0.3214823007583618 0.4074215888977051
vn -0.8563494086265564 -0.37402716279029846 0.3560468852519989
vn -0.7973713278770447 -0.33627063035964966 0.5011197924613953
vn 0.9379028677940369 0.31027114391326904 -0.15514539182186127
vn -0.8690863847732544 -0.2881142199039459 0.40209341049194336
vn -0.9012235403060913 -0.29275065660476685 0.31952041387557983
vn -0.8141701817512512 -0.2972363233566284 0.49877604842185974
vn 0.9550268650054932 0.264923632144928 -0.1331886351108551
vn 0.9652139544487 0.23470421135425568 -0.1152217835187912
vn -0.8811291456222534 -0.2555561363697052 0.39787253737449646
vn -0.9185875058174133 -0.24602878093719482 0.3093005418777466
vn -0.8267130851745605 -0.2720102071762085 0.49249976873397827
vn 0.9724819660186768 0.21720297634601593 -0.08427203446626663
vn -0.8889286518096924 -0.23469091951847076 0.3933522701263428
vn -0.9269184470176697 -0.2158033847808838 0.30700352787971497
vn -0.8437531590461731 -0.24918514490127563 0.47538137435913086
vn 0.9606017470359802 0.26726895570755005 -0.0762343555688858
vn -0.895362913608551 -0.2304341048002243 0.38108447194099426
vn -0.9297787547111511 -0.20185890793800354 0.3078382611274719
vn -0.8097747564315796 -0.2363286167383194 0.5370415449142456
vn 0.9417148232460022 0.3301169276237488 -0.06477643549442291
vn -0.8322259783744812 -0.17990675568580627 0.524436354637146
vn 0.9184362292289734 0.3925999402999878 -0.04837585985660553
vn 0.9071464538574219 0.4205966889858246 -0.013556184247136116
vn 0.9027806520462036 0.42906180024147034 -0.029885537922382355
vn -0.8461998105049133 -0.12179596722126007 0.5187597274780273
vn 0.9312567710876465 0.3640834093093872 -0.014284883625805378
vn -0.8578954339027405 -0.07421790808439255 0.5084360241889954
vn 0.9538813829421997 0.29987865686416626 -0.013532492332160473
vn -0.8703104257583618 -0.050451792776584625 0.4899126887321472
vn 0.9741722941398621 0.22422200441360474 -0.026699548587203026
vn -0.8857588171958923 -0.05272144824266434 0.46114182472229004
vn 0.9855178594589233 0.16265536844730377 -0.04793484881520271
vn -0.901671290397644 -0.06903005391359329 0.4268767237663269
vn 0.9875563383102417 0.1397717446088791 -0.07208649814128876
vn -0.9166005849838257 -0.09351088851690292 0.38871467113494873
vn 0.9837756752967834 0.1531849205493927 -0.09338012337684631
vn -0.9371188879013062 -0.10561221837997437 0.3326474726200104
vn 0.9731202125549316 0.20550285279750824 -0.1039501279592514
vn -0.8801222443580627 -0.10770308971405029 0.46236881613731384
vn -0.9348601698875427 -0.100262850522995 0.3405640125274658
vn 0.9302390217781067 0.33004194498062134 -0.16039864718914032
vn 0.9531998038291931 0.2725043296813965 -0.13096384704113007
vn -0.7814176678657532 -0.08332988619804382 0.6184194087982178
vn 0.9142913818359375 0.36158430576324463 -0.18255993723869324
vn -0.8890311121940613 -0.09811470657587051 0.4472104609012604
vn -0.9435359835624695 -0.11288546770811081 0.31144312024116516
vn 0.9161648154258728 0.3729441165924072 -0.14681528508663177
vn 0.9425643682479858 0.31370049715042114 -0.114736407995224
vn -0.8093041181564331 -0.07901689410209656 0.5820508599281311
vn 0.9133607745170593 0.374442994594574 -0.159889355301857
vn -0.9018455147743225 -0.10251051932573318 0.4197218120098114
vn -0.9502084255218506 -0.10592814534902573 0.29305845499038696
vn 0.9082567691802979 0.40283292531967163 -0.11311648786067963
vn 0.9191930294036865 0.3821254372596741 -0.0952073261141777
vn -0.8269879221916199 -0.09856311976909637 0.5535127520561218
vn 0.9296805262565613 0.33415502309799194 -0.1550310105085373
vn -0.9090670347213745 -0.13055419921875 0.3956674039363861
vn -0.9534375071525574 -0.11737730354070663 0.27781206369400024
vn -0.8429379463195801 -0.13437405228614807 0.5209598541259766
vn 0.9443978071212769 0.29301023483276367 -0.14919041097164154
vn -0.9130300879478455 -0.1663583368062973 0.37242576479911804
vn -0.9524332880973816 -0.14390206336975098 0.2686319053173065
vn -0.8609039783477783 -0.1661972999572754 0.4808562994003296
vn 0.9604924321174622 0.2308206707239151 -0.1554868519306183
vn -0.9192872643470764 -0.18708714842796326 0.3462793231010437
vn -0.9488077163696289 -0.1695299744606018 0.2665024697780609
vn -0.8922425508499146 -0.15148921310901642 0.42538732290267944
vn 0.9653017520904541 0.2013283669948578 -0.16631153225898743
vn 0.9195055365562439 0.31960007548332214 -0.22883489727973938
vn 0.9502516984939575 0.2390478402376175 -0.1996946483850479
vn -0.9313931465148926 -0.17703409492969513 0.3180656135082245
vn -0.9464269876480103 -0.17870861291885376 0.2689594030380249
vn -0.9026328325271606 -0.07376087456941605 0.42404401302337646
vn 0.8856526613235474 0.39476335048675537 -0.2445022165775299
vn 0.8799954652786255 0.42559710144996643 -0.2108912616968155
vn 0.9360184073448181 0.3041425049304962 -0.1771070510149002
vn -0.9249409437179565 0.03963405266404152 0.37803900241851807
vn 0.8287445306777954 0.5192186236381531 -0.20879290997982025
vn 0.8149735331535339 0.5574831962585449 -0.15821078419685364
vn 0.8785850405693054 0.4559808373451233 -0.14202070236206055
vn -0.902550458908081 0.2819325923919678 0.3254484236240387
vn 0.771481990814209 0.6122748255729675 -0.1730177253484726
vn -0.7911540865898132 0.5506177544593811 0.26626187562942505
vn -0.681074321269989 0.6741164922714233 0.2858404517173767
vn -0.787743330001831 0.5386453866958618 0.2988671660423279
vn 0.6515200138092041 0.7508485317230225 -0.10838930308818817
vn -0.6293979287147522 0.7332746386528015 0.2572287321090698
vn -0.3063476085662842 0.9369277358055115 0.16827824711799622
vn 0.07756566256284714 0.9960073232650757 0.04419383779168129
vn 0.4085301458835602 0.9117714166641235 -0.042142074555158615
vn -0.6108260750770569 0.7514916062355042 0.24930304288864136
vn -0.5104662775993347 0.8282448053359985 0.23115962743759155
vn -0.5158066749572754 -0.8317841291427612 0.20513077080249786
vn -0.41514822840690613 -0.8829331398010254 0.2192738950252533
vn -0.28201502561569214 -0.9258800148963928 0.25142359733581543
vn -0.08343873172998428 -0.9649397134780884 0.24885626137256622
vn 0.13702785968780518 -0.9597911238670349 0.24499857425689697
vn 0.4307934641838074 -0.8724653124809265 0.2306976467370987
vn 0.7655357122421265 -0.6227129101753235 0.16181406378746033
vn -0.596947968006134 -0.7701773047447205 0.22467763721942902
vn 0.978087306022644 -0.2063361406326294 0.0277620367705822
vn -0.6535264253616333 -0.7246992588043213 0.21843580901622772
vn 0.9922634363174438 0.09865932166576385 -0.07536333054304123
vn -0.7651787400245667 -0.6072800755500793 0.21380487084388733
vn -0.706393837928772 -0.6733604073524475 0.21815939247608185
vn 0.8983636498451233 0.3937342166900635 -0.19472065567970276
vn 0.9409119486808777 0.30595675110816956 -0.14517319202423096
vn -0.8094357252120972 -0.5360690355300903 0.23967470228672028
vn 0.8830249905586243 0.4240807294845581 -0.20105348527431488
vn -0.863872230052948 -0.448281466960907 0.229714035987854
vn 0.901159405708313 0.3883882462978363 -0.1925261914730072
vn -0.9013252854347229 -0.35156485438346863 0.2530117332935333
vn 0.9241460561752319 0.3422757089138031 -0.16970999538898468
vn -0.9340991377830505 -0.2617640495300293 0.24277245998382568
vn 0.9450827836990356 0.29219406843185425 -0.14642806351184845
vn 0.954111635684967 0.27301228046417236 -0.12302586436271667
vn -0.947056770324707 -0.21362294256687164 0.2396848350763321
vn 0.963127076625824 0.2511581480503082 -0.09646718204021454
vn -0.9524314403533936 -0.18625815212726593 0.2412099391222
vn 0.9505302309989929 0.30041423439979553 -0.07901685684919357
vn -0.9298362731933594 -0.1864912509918213 0.31721532344818115
vn -0.9514448642730713 -0.17798033356666565 0.25114870071411133
vn -0.8782963156700134 -0.20549216866493225 0.43170422315597534
vn 0.9276915788650513 0.36854904890060425 -0.059665314853191376
vn -0.8859812617301941 -0.14387862384319305 0.44083574414253235
vn 0.901024580001831 0.43210554122924805 -0.03794140741229057
vn 0.900198757648468 0.43547120690345764 -0.002662284765392542
vn 0.8875266909599304 0.46045294404029846 -0.016719268634915352
vn -0.8928601741790771 -0.09983869642019272 0.4391275942325592
vn 0.9306724071502686 0.36580199003219604 -0.006151777692139149
vn -0.9011284112930298 -0.07560990750789642 0.4269084632396698
vn 0.9606013298034668 0.27765214443206787 -0.012430649250745773
vn -0.9129616022109985 -0.08012883365154266 0.4001007378101349
vn 0.982279896736145 0.18510836362838745 -0.02934533730149269
vn -0.928896963596344 -0.10084705799818039 0.3563430607318878
vn 0.9912710785865784 0.12242648005485535 -0.04892260953783989
vn -0.9420973658561707 -0.11577871441841125 0.31471869349479675
vn 0.9921978712081909 0.10663193464279175 -0.06459902971982956
vn -0.9527987837791443 -0.14048241078853607 0.2691453993320465
vn 0.9881110191345215 0.1361536830663681 -0.07140606641769409
vn -0.9629806876182556 -0.15354375541210175 0.2215684950351715
vn 0.978929877281189 0.1954539269208908 -0.05911127105355263
vn -0.9666515588760376 -0.12743130326271057 0.22213982045650482
vn 0.9650865197181702 0.252646803855896 -0.06912057101726532
vn -0.9739784002304077 -0.11065709590911865 0.1977906972169876
vn 0.9503238201141357 0.3054546117782593 -0.05985117703676224
vn 0.9055872559547424 0.42252177000045776 -0.037245023995637894
vn 0.9183263778686523 0.3942832946777344 -0.03489195555448532
vn -0.9760249257087708 -0.10599270462989807 0.19010759890079498
vn 0.9288551211357117 0.3557873070240021 -0.10316798835992813
vn -0.9748052358627319 -0.11543114483356476 0.19086767733097076
vn 0.9624389410018921 0.2546713352203369 -0.09409549087285995
vn -0.9703029990196228 -0.13046707212924957 0.20369219779968262
vn 0.9776517152786255 0.18247303366661072 -0.10440687090158463
vn -0.9620043635368347 -0.1419290006160736 0.23324629664421082
vn 0.9803333878517151 0.1680176556110382 -0.10352078080177307
vn -0.9469752907752991 -0.15453317761421204 0.281704306602478
vn -0.9534343481063843 -0.14649857580661774 0.2636306583881378
vn -0.9425108432769775 -0.0944913700222969 0.32053813338279724
vn 0.9695709943771362 0.20923863351345062 -0.12708798050880432
vn -0.9608611464500427 0.08228398114442825 0.26452839374542236
vn 0.9462347626686096 0.307018905878067 -0.10187830775976181
vn -0.9095702767372131 0.31392544507980347 0.2722735106945038
vn -0.8323416709899902 0.4612070918083191 0.307401180267334
vn 0.7719820737838745 0.6333218812942505 -0.054288286715745926
vn 0.8725834488868713 0.4851779043674469 -0.056573256850242615
vn -0.7410028576850891 0.5439633131027222 0.3937242031097412
vn 0.7417356371879578 0.6610513925552368 -0.11331064254045486
vn -0.5781679749488831 0.756590723991394 0.30543798208236694
vn 0.569465160369873 0.8206722736358643 -0.04697328060865402
vn -0.1997825652360916 0.9719102382659912 0.12440845370292664
vn 0.24907110631465912 0.9684575200080872 0.0073293233290314674
vn -0.5279813408851624 -0.8276728987693787 0.19024555385112762
vn -0.42393985390663147 -0.8875225782394409 0.18049609661102295
vn -0.2853439748287201 -0.9402053356170654 0.18599127233028412
vn -0.1157509982585907 -0.974980354309082 0.18977634608745575
vn 0.09232908487319946 -0.9765921831130981 0.19427570700645447
vn 0.3751463294029236 -0.9071046710014343 0.19085687398910522
vn 0.7363802790641785 -0.6609788537025452 0.1443995237350464
vn -0.5946956872940063 -0.7782274484634399 0.20174042880535126
vn 0.9475051164627075 -0.3185291886329651 0.027808260172605515
vn -0.5992012619972229 -0.7752925157546997 0.19969810545444489
vn -0.5234549045562744 -0.8309378027915955 0.18851354718208313
vn -0.6587573885917664 -0.7232332229614258 0.2072981745004654
vn 0.9962008595466614 0.03317883610725403 -0.08051794767379761
vn -0.7732616066932678 -0.6028063297271729 0.1967002898454666
vn -0.7077667713165283 -0.6739173531532288 0.21190015971660614
vn 0.9015467762947083 0.38759174942970276 -0.19231794774532318
vn 0.9464073777198792 0.28359875082969666 -0.15454718470573425
vn -0.6567724943161011 -0.7233301997184753 0.21317453682422638
vn -0.6065006256103516 -0.7661977410316467 0.21236303448677063
vn -0.8318932056427002 -0.5157042145729065 0.20494623482227325
vn 0.882235586643219 0.42270445823669434 -0.20731954276561737
vn 0.8860008120536804 0.4234241843223572 -0.1889830082654953
vn 0.9289292693138123 0.33504045009613037 -0.15760207176208496
vn -0.8894854187965393 -0.40953463315963745 0.20272409915924072
vn 0.8900290131568909 0.4147491753101349 -0.1892922818660736
vn 0.8773019313812256 0.4506028890609741 -0.16522233188152313
vn 0.8955342769622803 0.4192429184913635 -0.14917699992656708
vn -0.9305270910263062 -0.30518990755081177 0.20243166387081146
vn 0.9180614352226257 0.35901615023612976 -0.16813860833644867
vn -0.951283872127533 -0.23551307618618011 0.19897884130477905
vn 0.932689905166626 0.33133912086486816 -0.14249187707901
vn 0.9426102042198181 0.31442856788635254 -0.11234213411808014
vn -0.9614014029502869 -0.19152362644672394 0.19755017757415771
vn 0.951129138469696 0.29278799891471863 -0.09812544286251068
vn -0.9667511582374573 -0.15902720391750336 0.20025649666786194
vn 0.9354994297027588 0.34579068422317505 -0.07259280979633331
vn -0.9487104415893555 -0.1374751180410385 0.28469139337539673
vn -0.9600810408592224 -0.14367282390594482 0.2400052398443222
vn -0.9219799041748047 -0.1486199051141739 0.35758262872695923
vn 0.9082383513450623 0.4157754182815552 -0.047263987362384796
vn -0.9485964179039001 -0.11781751364469528 0.2937413156032562
vn -0.9660401344299316 -0.11353159695863724 0.23211438953876495
vn -0.923457682132721 -0.11442985385656357 0.3662400245666504
vn 0.8804031610488892 0.4737449884414673 -0.021353181451559067
vn 0.8972025513648987 0.44152694940567017 0.009033062495291233
vn 0.8733878135681152 0.4870254397392273 -0.0001580225653015077
vn -0.9497649669647217 -0.09703329205513 0.29754188656806946
vn -0.9672960638999939 -0.09543832391500473 0.2350102812051773
vn -0.9270698428153992 -0.09157643467187881 0.36353161931037903
vn 0.9337959885597229 0.35780346393585205 -0.0013692026259377599
vn -0.9518788456916809 -0.0989319384098053 0.29006752371788025
vn -0.9681931734085083 -0.09441007673740387 0.23170816898345947
vn -0.9329749941825867 -0.09667748212814331 0.3467147946357727
vn 0.9684373140335083 0.24892261624336243 -0.012909735552966595
vn -0.9544937610626221 -0.130502849817276 0.26816168427467346
vn -0.9686385989189148 -0.11947082728147507 0.21786688268184662
vn -0.9411097168922424 -0.1305566430091858 0.31187742948532104
vn 0.9882785081863403 0.14975868165493011 -0.02963019534945488
vn -0.9560561180114746 -0.18277740478515625 0.2292359322309494
vn -0.9665307402610779 -0.1687164455652237 0.19326964020729065
vn -0.9533213376998901 -0.1704762727022171 0.24923142790794373
vn 0.9944857954978943 0.09624262899160385 -0.041657689958810806
vn -0.9552754759788513 -0.23351117968559265 0.18144270777702332
vn -0.9599352478981018 -0.22931528091430664 0.161055326461792
vn -0.9614168405532837 -0.1638384312391281 0.2209855020046234
vn 0.9940473437309265 0.10037540644407272 -0.042363885790109634
vn -0.9675981402397156 -0.1800607144832611 0.1770087480545044
vn 0.9875242710113525 0.155142143368721 -0.026958443224430084
vn -0.9738626480102539 -0.1692150980234146 0.151518315076828
vn 0.9721609950065613 0.23418208956718445 -0.00785947497934103
vn -0.9808865189552307 -0.13103149831295013 0.1438485085964203
vn 0.9595167636871338 0.2815716564655304 0.006709853187203407
vn 0.9138726592063904 0.39001792669296265 0.11279547959566116
vn 0.9402102828025818 0.3327982425689697 0.07245700061321259
vn -0.9845327138900757 -0.1050301045179367 0.14022837579250336
vn 0.9386988282203674 0.344669908285141 0.006874594371765852
vn 0.9094002842903137 0.41332659125328064 0.04639328271150589
vn 0.9067381620407104 0.4202830195426941 0.03446979820728302
vn 0.909339189529419 0.40642526745796204 0.0889991819858551
vn 0.9285517930984497 0.3657965064048767 0.0631234347820282
vn -0.9846471548080444 -0.09344964474439621 0.14743532240390778
vn 0.9452965259552002 0.32617926597595215 -0.004642083775252104
vn -0.981767475605011 -0.08869262039661407 0.16812583804130554
vn 0.9797973036766052 0.198372021317482 -0.02541363053023815
vn -0.974744439125061 -0.07912852615118027 0.2088349163532257
vn 0.9890416860580444 0.14349818229675293 -0.03471136838197708
vn -0.9575210213661194 -0.054856620728969574 0.2830977737903595
vn 0.9854769706726074 0.16556105017662048 -0.03774551302194595
vn -0.940005898475647 -0.09379535168409348 0.3280112147331238
vn -0.9400835633277893 -0.08799653500318527 0.32939261198043823
vn -0.9570844173431396 -0.07661415636539459 0.2794990539550781
vn 0.9734508395195007 0.2273191213607788 -0.026822343468666077
vn -0.9279937744140625 0.0037695961073040962 0.37257668375968933
vn -0.9069817066192627 0.027658361941576004 0.42026087641716003
vn -0.9562663435935974 0.039107032120227814 0.28987130522727966
vn 0.9259456396102905 0.37732571363449097 0.01581438072025776
vn -0.9325803518295288 0.22301019728183746 0.28383150696754456
vn -0.8569495677947998 0.34496167302131653 0.3829345107078552
vn 0.6875464916229248 0.7189963459968567 0.10160766541957855
vn 0.8059380054473877 0.5896179676055908 0.05305354669690132
vn -0.9093363881111145 0.1722874790430069 0.3787141740322113
vn -0.864388108253479 0.20479467511177063 0.45923012495040894
vn -0.7823056578636169 0.4300226867198944 0.4506422281265259
vn 0.6695392727851868 0.7427748441696167 -0.0016773666720837355
vn -0.707870364189148 0.6007390022277832 0.3715269863605499
vn 0.49128231406211853 0.8708111047744751 0.018158936873078346
vn -0.37443017959594727 0.9094825983047485 0.1806749552488327
vn 0.10366072505712509 0.9930568933486938 0.0556100495159626
vn -0.30611586570739746 -0.9381486773490906 0.16177202761173248
vn -0.13868612051010132 -0.9780423641204834 0.15556177496910095
vn 0.061758868396282196 -0.9863523244857788 0.15262682735919952
vn 0.32495978474617004 -0.9340639114379883 0.14807367324829102
vn 0.6679673194885254 -0.7352887988090515 0.1147613525390625
vn -0.43730151653289795 -0.8813230991363525 0.17898906767368317
vn 0.8995732665061951 -0.4362831711769104 0.020615259185433388
vn -0.5356414318084717 -0.817853569984436 0.2102472484111786
vn 0.9876631498336792 -0.15401244163513184 -0.028316905722022057
vn -0.7875548005104065 -0.5837596654891968 0.19743852317333221
vn -0.7101873755455017 -0.6704118251800537 0.2148999273777008
vn -0.6622353196144104 -0.7130797505378723 0.2301340103149414
vn -0.6105484962463379 -0.756155788898468 0.23549753427505493
vn -0.8502881526947021 -0.4915955364704132 0.1879999339580536
vn 0.9854718446731567 0.1432824581861496 -0.09118865430355072
vn -0.8505819439888 -0.48687201738357544 0.19866058230400085
vn -0.7716744542121887 -0.5954359173774719 0.2235499769449234
vn -0.9087151885032654 -0.3729292154312134 0.18751151859760284
vn 0.9537307620048523 0.28254571557044983 -0.10278930515050888
vn 0.8730579614639282 0.4786238968372345 -0.09321504831314087
vn 0.907251238822937 0.4126507341861725 -0.08133004605770111
vn -0.8938884735107422 -0.39968109130859375 0.20302321016788483
vn -0.8318998217582703 -0.5036640167236328 0.23294925689697266
vn -0.9414452910423279 -0.28030070662498474 0.18738287687301636
vn 0.8980832099914551 0.4151661992073059 -0.14520181715488434
vn -0.9565909504890442 -0.2276517152786255 0.18195728957653046
vn 0.9228269457817078 0.3735164999961853 -0.09421171993017197
vn 0.9358668923377991 0.3425794243812561 -0.08241672068834305
vn -0.9678768515586853 -0.18156850337982178 0.17391769587993622
vn 0.9365882873535156 0.3396701216697693 -0.08617781847715378
vn 0.9280774593353271 0.3671923279762268 -0.061984799802303314
vn -0.9741425514221191 -0.14843520522117615 0.17033295333385468
vn 0.9112390279769897 0.40858224034309387 -0.05200006440281868
vn 0.8991302847862244 0.43636584281921387 -0.03390580043196678
vn -0.9749932885169983 -0.1221812516450882 0.185633584856987
vn 0.8862126469612122 0.46271541714668274 -0.022840118035674095
vn -0.9779787063598633 -0.09547821432352066 0.18558436632156372
vn 0.8614695072174072 0.507789134979248 0.004536456428468227
vn 0.8989783525466919 0.43730634450912476 0.024517729878425598
vn 0.8641369342803955 0.5027961134910583 0.02152923494577408
vn -0.979272186756134 -0.09017930924892426 0.1813662201166153
vn 0.9398131966590881 0.341663658618927 0.00413919985294342
vn -0.9794837236404419 -0.1074177622795105 0.17050841450691223
vn 0.9754714965820312 0.21987809240818024 -0.01044146716594696
vn -0.9771404266357422 -0.14697350561618805 0.15360820293426514
vn 0.9917088150978088 0.12640205025672913 -0.023154426366090775
vn -0.9703152179718018 -0.200517937541008 0.1352071315050125
vn 0.9953157901763916 0.09361940622329712 -0.02412252314388752
vn -0.9546743631362915 -0.26857489347457886 0.12831401824951172
vn -0.9600954651832581 -0.2518487572669983 0.12160976976156235
vn -0.96282559633255 -0.21884681284427643 0.15834461152553558
vn 0.99198979139328 0.12599647045135498 -0.009009221568703651
vn -0.9713112115859985 -0.20274776220321655 0.12428958714008331
vn 0.9787259101867676 0.20432811975479126 0.018592795357108116
vn -0.979530394077301 -0.1627465784549713 0.11846434324979782
vn 0.9567782878875732 0.28567999601364136 0.054426662623882294
vn 0.9008679986000061 0.4080922603607178 0.14797863364219666
vn 0.9232312440872192 0.3671860098838806 0.11321866512298584
vn -0.9851763844490051 -0.11809002608060837 0.12442748993635178
vn 0.9056553244590759 0.4028315544128418 0.13234516978263855
vn -0.9867590665817261 -0.08510079234838486 0.13807398080825806
vn 0.925841748714447 0.36494410037994385 0.098147913813591
vn -0.9848901629447937 -0.059626296162605286 0.16259212791919708
vn 0.9698460102081299 0.2348584681749344 0.06511741876602173
vn -0.9781659841537476 -0.028340959921479225 0.20588365197181702
vn 0.9874920845031738 0.14937950670719147 0.050449494272470474
vn -0.9597088098526001 0.015389236621558666 0.28057482838630676
vn 0.9895444512367249 0.13469652831554413 0.0515621192753315
vn -0.9299049973487854 0.07313551008701324 0.36045512557029724
vn 0.9803943037986755 0.18497516214847565 0.06790582835674286
vn -0.9082110524177551 0.07178795337677002 0.4123096168041229
vn 0.9482008218765259 0.29899123311042786 0.10732920467853546
vn -0.8426172137260437 0.22504961490631104 0.48923295736312866
vn 0.866675853729248 0.4772941768169403 0.145131915807724
vn 0.5225383043289185 0.7786259055137634 0.34741270542144775
vn 0.7019822597503662 0.6817235946655273 0.206091970205307
vn -0.7186986804008484 0.4346831440925598 0.5426996350288391
vn 0.5967814922332764 0.7850357890129089 0.16604450345039368
vn -0.17048442363739014 0.7329639792442322 0.6585582494735718
vn 0.3756394684314728 0.8078522086143494 0.4541694223880768
vn -0.573725700378418 0.603483259677887 0.5537569522857666
vn 0.39966368675231934 0.9082813858985901 0.12366828322410583
vn -0.4422898590564728 0.8356027007102966 0.3258034884929657
vn 0.03781544044613838 0.9794524908065796 0.1980981081724167
vn -0.09606577455997467 0.8697208762168884 0.48410436511039734
vn 0.3434564173221588 0.8652084469795227 0.36531105637550354
vn -0.31183111667633057 -0.9329089522361755 0.1801174134016037
vn -0.1493665724992752 -0.9763521552085876 0.15628893673419952
vn 0.0407232902944088 -0.9889219999313354 0.14274077117443085
vn 0.2912045121192932 -0.9478798508644104 0.12932030856609344
vn 0.6063916087150574 -0.7888403534889221 0.10010100156068802
vn -0.4417365491390228 -0.8749499917030334 0.19832119345664978
vn 0.8574754595756531 -0.5108228325843811 0.06161094829440117
vn -0.5597261190414429 -0.7904922366142273 0.24865394830703735
vn 0.988435685634613 -0.1500222086906433 0.02209607884287834
vn -0.6589226126670837 -0.709897518157959 0.2487298995256424
vn -0.6208066344261169 -0.7391745448112488 0.26118990778923035
vn -0.7072720527648926 -0.6640540361404419 0.24248401820659637
vn 0.9954562783241272 0.09493888169527054 -0.00731236208230257
vn -0.7576620578765869 -0.5969866514205933 0.2637333571910858
vn 0.958631157875061 0.2846362888813019 -0.00292060524225235
vn -0.8822921514511108 -0.4143674075603485 0.22329410910606384
vn -0.8093422651290894 -0.5232678055763245 0.2667507827281952
vn 0.870366096496582 0.4918554723262787 0.02326193079352379
vn 0.8932240009307861 0.4495833218097687 0.0050813122652471066
vn -0.9333322644233704 -0.30542653799057007 0.1886942982673645
vn 0.89281165599823 0.44696539640426636 -0.05576160177588463
vn -0.9572975635528564 -0.23201949894428253 0.1724771410226822
vn 0.911838948726654 0.41013026237487793 -0.01852169632911682
vn -0.9706461429595947 -0.1768166422843933 0.16303984820842743
vn 0.9318798780441284 0.3614509105682373 -0.030874891206622124
vn -0.9777389764785767 -0.13751445710659027 0.15848132967948914
vn 0.9237693548202515 0.38245686888694763 -0.01941704750061035
vn 0.868310272693634 0.4958324432373047 0.013694936409592628
vn -0.9819329380989075 -0.10759387910366058 0.15566417574882507
vn 0.865589439868927 0.5007516741752625 0.0016196522628888488
vn -0.9845054149627686 -0.09438581019639969 0.14778514206409454
vn 0.8483553528785706 0.5280128121376038 0.03867482393980026
vn 0.9042706489562988 0.42439955472946167 0.04668730869889259
vn 0.8617262840270996 0.5049950480461121 0.049069155007600784
vn -0.9854029417037964 -0.10113796591758728 0.13693870604038239
vn 0.9471706748008728 0.3204004764556885 0.014534189365804195
vn -0.9838850498199463 -0.12864580750465393 0.12417934834957123
vn 0.9806104302406311 0.19596676528453827 -0.0005625136545859277
vn -0.9786427021026611 -0.17137867212295532 0.11352470517158508
vn 0.9928568005561829 0.11911092698574066 -0.006931318901479244
vn -0.9691168665885925 -0.21975068747997284 0.11190253496170044
vn 0.9935044646263123 0.1137646958231926 0.0025474943686276674
vn -0.9551349878311157 -0.2689768970012665 0.12397020310163498
vn -0.9569800496101379 -0.26432138681411743 0.11968015879392624
vn -0.9624825119972229 -0.24452915787696838 0.11761373281478882
vn 0.9844951033592224 0.1731502264738083 0.02807782031595707
vn -0.9735018014907837 -0.19531622529029846 0.11893639713525772
vn 0.9628984928131104 0.2622714340686798 0.06356256455183029
vn -0.981074333190918 -0.13792559504508972 0.1359034776687622
vn 0.9309738278388977 0.3500145375728607 0.10381483286619186
vn 0.8797266483306885 0.43911537528038025 0.1823698878288269
vn 0.896081805229187 0.41852131485939026 0.1479099839925766
vn -0.9832068085670471 -0.08764685690402985 0.1600702702999115
vn 0.9067708849906921 0.3895244598388672 0.16136081516742706
vn -0.9807665348052979 -0.0467630960047245 0.18950043618679047
vn 0.9437335729598999 0.2921743094921112 0.1549231857061386
vn -0.9735280275344849 -0.0019814693368971348 0.22855909168720245
vn 0.9715015292167664 0.18548133969306946 0.1475854516029358
vn -0.9547476172447205 0.06964553892612457 0.28914782404899597
vn 0.9793184995651245 0.13638420403003693 0.14944815635681152
vn -0.8960697650909424 0.17657262086868286 0.4072851538658142
vn 0.9713802337646484 0.16304878890514374 0.17272968590259552
vn -0.730014443397522 0.342508465051651 0.5914109945297241
vn -0.5454006195068359 0.44735226035118103 0.7088117599487305
vn -0.846669614315033 0.19569838047027588 0.49482592940330505
vn 0.9445371031761169 0.2532200515270233 0.2091153860092163
vn -0.6652529239654541 0.3379240036010742 0.6657671928405762
vn -0.4252578318119049 0.5289014577865601 0.7344515323638916
vn -0.8074559569358826 0.22362497448921204 0.5458999872207642
vn 0.8540512323379517 0.43038222193717957 0.29217761754989624
vn -0.57707279920578 0.38174736499786377 0.721980631351471
vn -0.2856902480125427 0.5295962691307068 0.7986920475959778
vn 0.12889641523361206 0.6707557439804077 0.7303920388221741
vn 0.621860146522522 0.5826117396354675 0.5233101844787598
vn -0.7266818284988403 0.3466459810733795 0.5931020975112915
vn 0.7462390065193176 0.5864289402961731 0.3150056004524231
vn -0.470248818397522 0.5886319875717163 0.6575549244880676
vn 0.06635696440935135 0.7616564631462097 0.6445744037628174
vn 0.28062283992767334 0.759774386882782 0.5865098237991333
vn 0.5336308479309082 0.7188557982444763 0.44551587104797363
vn -0.4118732213973999 0.5458319783210754 0.7296766042709351
vn -0.13232387602329254 0.6199582815170288 0.7733965516090393
vn 0.21311242878437042 0.6747650504112244 0.7065941691398621
vn 0.5661334991455078 0.6311624050140381 0.5302140712738037
vn -0.34651756286621094 -0.906322181224823 0.24187958240509033
vn -0.15316767990589142 -0.9640997648239136 0.21691307425498962
vn 0.029635151848196983 -0.9825518131256104 0.1836128830909729
vn 0.2723330557346344 -0.9502462148666382 0.1512182354927063
vn 0.5762938261032104 -0.8085622191429138 0.11879637092351913
vn -0.4864147901535034 -0.8397718071937561 0.24121356010437012
vn 0.8519978523254395 -0.5093792080879211 0.12096522003412247
vn -0.4654247462749481 -0.8262008428573608 0.3174460530281067
vn -0.2857959270477295 -0.8931623697280884 0.3472488224506378
vn -0.579352617263794 -0.7542533278465271 0.3089539408683777
vn 0.9784490466117859 -0.16264036297798157 0.12722279131412506
vn -0.654229998588562 -0.7035890817642212 0.27739080786705017
vn -0.6127614378929138 -0.7378294467926025 0.28307437896728516
vn -0.5260776877403259 -0.7618634700775146 0.3778974115848541
vn -0.36044421792030334 -0.817776083946228 0.4486895203590393
vn -0.7012220025062561 -0.6580718755722046 0.27427950501441956
vn 0.9877537488937378 0.08766423165798187 0.12906420230865479
vn -0.6883051991462708 -0.6615750193595886 0.2975810766220093
vn -0.6271740794181824 -0.7155361175537109 0.3076699376106262
vn -0.7500694990158081 -0.5889917612075806 0.30080655217170715
vn 0.9479629397392273 0.2947382628917694 0.12039799243211746
vn -0.8838861584663391 -0.40735378861427307 0.2298002541065216
vn -0.8185821175575256 -0.5059720873832703 0.27187418937683105
vn 0.865935742855072 0.46717867255210876 0.1786039173603058
vn 0.8813436031341553 0.45125463604927063 0.14000995457172394
vn -0.7169167995452881 -0.6183521747589111 0.32197970151901245
vn -0.6670871376991272 -0.666063666343689 0.3336975574493408
vn -0.9308841228485107 -0.31244850158691406 0.18929028511047363
vn 0.8890650272369385 0.45323821902275085 0.06433206051588058
vn -0.9167176485061646 -0.3386242389678955 0.2120433747768402
vn -0.84820955991745 -0.4556497633457184 0.27004432678222656
vn -0.9563186168670654 -0.2360723316669464 0.17240820825099945
vn 0.9227548241615295 0.37919560074806213 0.06880658119916916
vn -0.9394353032112122 -0.2807568609714508 0.19656290113925934
vn -0.8883715867996216 -0.3875304162502289 0.2462034970521927
vn -0.9724419116973877 -0.17046664655208588 0.15905311703681946
vn 0.9401617050170898 0.3377101719379425 0.045252226293087006
vn 0.9287301301956177 0.34538164734840393 0.13480350375175476
vn -0.9788281917572021 -0.1390998214483261 0.15015558898448944
vn 0.9055898189544678 0.4229086935520172 0.032486628741025925
vn 0.8410858511924744 0.533296525478363 0.09038540720939636
vn 0.8865599632263184 0.44955113530158997 0.10915739834308624
vn -0.984057605266571 -0.1148979663848877 0.13575410842895508
vn 0.8294168710708618 0.5529671907424927 0.07934122532606125
vn -0.9866850972175598 -0.10600787401199341 0.12334883213043213
vn 0.8447219729423523 0.5286532044410706 0.08349096775054932
vn 0.9086552858352661 0.40965989232063293 0.08077368885278702
vn 0.863535463809967 0.4974433481693268 0.08280492573976517
vn -0.986541211605072 -0.11734288185834885 0.11387309432029724
vn 0.9534688591957092 0.2993446886539459 0.03591626510024071
vn -0.9836068153381348 -0.1431758552789688 0.10962779819965363
vn 0.9837872982025146 0.17799873650074005 0.021887099370360374
vn -0.9776379466056824 -0.17522618174552917 0.11627499014139175
vn 0.991939127445221 0.12491913884878159 0.021259436383843422
vn -0.9687069654464722 -0.2002010941505432 0.14671868085861206
vn 0.9878851771354675 0.15059730410575867 0.03746220842003822
vn -0.9580402374267578 -0.2343096137046814 0.16509969532489777
vn -0.9551059603691101 -0.24624066054821014 0.16473649442195892
vn -0.9661095142364502 -0.21964646875858307 0.13560184836387634
vn 0.9696083664894104 0.23445726931095123 0.06992439180612564
vn -0.9646616578102112 -0.16284169256687164 0.20714856684207916
vn -0.95485919713974 -0.18216572701931 0.23464806377887726
vn -0.9738733172416687 -0.15361742675304413 0.1672496795654297
vn 0.9332612156867981 0.3414211571216583 0.11160275340080261
vn -0.960776686668396 -0.08140241354703903 0.26510727405548096
vn -0.9488925933837891 -0.07519206404685974 0.30651092529296875
vn 0.8357335925102234 0.5070650577545166 0.21079495549201965
vn 0.8987019658088684 0.41028985381126404 0.1549101173877716
vn -0.9741434454917908 -0.08978314697742462 0.20732469856739044
vn 0.900051474571228 0.41166457533836365 0.14296726882457733
vn 0.8486142754554749 0.47954487800598145 0.22336196899414062
vn 0.8668450713157654 0.4643026888370514 0.18166621029376984
vn -0.9438827037811279 -0.01107268501073122 0.3300952613353729
vn -0.9153203964233398 0.04488508403301239 0.4002173840999603
vn 0.8264995813369751 0.5189247727394104 0.21820978820323944
vn 0.8768566250801086 0.4512421488761902 0.1658404916524887
vn -0.9677024483680725 -0.037282127887010574 0.24932314455509186
vn 0.8823971748352051 0.40697893500328064 0.23610036075115204
vn -0.9188413023948669 0.04043904319405556 0.3925498425960541
vn -0.8546224236488342 0.12377709150314331 0.5042814016342163
vn -0.9565163254737854 0.008628405630588531 0.29155129194259644
vn 0.926058292388916 0.2689272165298462 0.2647532820701599
vn -0.8898937702178955 0.08428104966878891 0.44831445813179016
vn -0.7885128855705261 0.16248154640197754 0.5931671261787415
vn -0.9390544295310974 0.06783692538738251 0.3370088040828705
vn 0.9454982280731201 0.17452768981456757 0.27490589022636414
vn -0.8550764918327332 0.150449737906456 0.4961946904659271
vn -0.7285381555557251 0.2013675421476364 0.6547391414642334
vn -0.8981063365936279 0.17456866800785065 0.40364694595336914
vn 0.94124835729599 0.16332560777664185 0.29559484124183655
vn -0.7976597547531128 0.3136967420578003 0.5151051878929138
vn -0.6096614003181458 0.3686155378818512 0.7017375826835632
vn -0.7866389155387878 0.28177300095558167 0.5493662357330322
vn -0.6912961006164551 0.2734624743461609 0.6688258647918701
vn -0.3381144106388092 0.42458125948905945 0.8398866057395935
vn 0.9034232497215271 0.23651129007339478 0.35761559009552
vn 0.19818741083145142 0.44479793310165405 0.8734281063079834
vn 0.6897991895675659 0.332673579454422 0.6430439352989197
vn -0.22458221018314362 0.5253089070320129 0.8207395672798157
vn 0.8320518732070923 0.3802802860736847 0.40382739901542664
vn -0.03628050535917282 0.6489585638046265 0.7599582076072693
vn 0.48718956112861633 0.5887377858161926 0.6450071930885315
vn 0.26399168372154236 0.534376859664917 0.802963137626648
vn 0.6839342713356018 0.39417561888694763 0.6138889193534851
vn 0.06807246059179306 -0.948498010635376 0.30938273668289185
vn 0.26524001359939575 -0.9311758875846863 0.25011828541755676
vn 0.5761271715164185 -0.7974496483802795 0.17930860817432404
vn -0.08973164856433868 -0.9250882863998413 0.36899852752685547
vn 0.8444701433181763 -0.4697740077972412 0.25725966691970825
vn 0.13760854303836823 -0.832738995552063 0.5362926721572876
vn 0.3487401306629181 -0.8054897785186768 0.4791310727596283
vn 0.5700050592422485 -0.7452353239059448 0.34600386023521423
vn -0.1289277970790863 -0.841029703617096 0.5254014730453491
vn 0.9341122508049011 -0.15866805613040924 0.3197791874408722
vn -0.4346732795238495 -0.794033408164978 0.4249354898929596
vn -0.12986412644386292 -0.8090711832046509 0.5731834173202515
vn 0.2211603969335556 -0.706225574016571 0.672557532787323
vn 0.4953005015850067 -0.5626146793365479 0.6619231104850769
vn 0.7234526872634888 -0.4734356999397278 0.5024688839912415
vn -0.5578523278236389 -0.7618820667266846 0.3291451930999756
vn 0.9455013275146484 0.06970030814409256 0.3180709779262543
vn 0.66538006067276 -0.32713067531585693 0.671010434627533
vn 0.8115818500518799 -0.19146613776683807 0.5519742965698242
vn -0.6002141833305359 -0.7193731665611267 0.3496359586715698
vn 0.9150876998901367 0.2846005856990814 0.28568702936172485
vn -0.7101629376411438 -0.6062340140342712 0.35797905921936035
vn -0.6547272205352783 -0.6537655591964722 0.37937185168266296
vn 0.8606458902359009 0.360390305519104 0.35973259806632996
vn 0.8726890087127686 0.34895825386047363 0.3415289521217346
vn 0.846856951713562 0.08712134510278702 0.5246362686157227
vn 0.8629763126373291 0.07190357148647308 0.5001018047332764
vn -0.7711373567581177 -0.5548796653747559 0.3121790885925293
vn 0.8967054486274719 0.3771125078201294 0.2317446917295456
vn -0.8085255026817322 -0.5006654262542725 0.30922582745552063
vn 0.9389544725418091 0.29635104537010193 0.17475858330726624
vn -0.9299170970916748 -0.29707443714141846 0.21679729223251343
vn -0.8702692985534668 -0.40728816390037537 0.27703383564949036
vn 0.8977910876274109 0.35916343331336975 0.2548978328704834
vn -0.9646044969558716 -0.20175525546073914 0.16980306804180145
vn 0.8577260971069336 0.4706845283508301 0.20679008960723877
vn -0.9517934322357178 -0.2407780885696411 0.1900399625301361
vn -0.8991320729255676 -0.35058116912841797 0.2620200514793396
vn -0.976067304611206 -0.15940029919147491 0.14793293178081512
vn 0.8162669539451599 0.5481209754943848 0.182405486702919
vn -0.9635283350944519 -0.195123091340065 0.18313968181610107
vn -0.928006649017334 -0.284464567899704 0.24059030413627625
vn -0.9835183024406433 -0.12495576590299606 0.13068220019340515
vn 0.8447229266166687 0.5133362412452698 0.15142342448234558
vn 0.8501576781272888 0.4658850431442261 0.24532262980937958
vn 0.8531658053398132 0.4740116596221924 0.21776385605335236
vn -0.9846333265304565 -0.1210559830069542 0.12586791813373566
vn 0.8484205603599548 0.5161169767379761 0.11749851703643799
vn 0.9018344879150391 0.4114720821380615 0.13185344636440277
vn 0.8655645251274109 0.48452869057655334 0.12660974264144897
vn 0.870168149471283 0.4577966034412384 0.18228992819786072
vn 0.8483753800392151 0.5010009407997131 0.17104791104793549
vn -0.9841545820236206 -0.12454917281866074 0.12620356678962708
vn 0.9566169381141663 0.278906911611557 0.08423207700252533
vn -0.9806299805641174 -0.13737079501152039 0.1396213173866272
vn 0.9851994514465332 0.1596844494342804 0.062313541769981384
vn -0.9741593599319458 -0.15011337399482727 0.16875900328159332
vn 0.9884904026985168 0.1379884034395218 0.06201614439487457
vn -0.9677257537841797 -0.13755324482917786 0.21115390956401825
vn 0.9768717885017395 0.19780804216861725 0.08120106160640717
vn -0.9580934643745422 -0.15563979744911194 0.2404852956533432
vn 0.9416841864585876 0.3128761947154999 0.12385242432355881
vn 0.768828272819519 0.5737287998199463 0.2823798954486847
vn 0.8665645122528076 0.4559764266014099 0.20285843312740326
vn -0.9417946934700012 -0.08144284039735794 0.32617464661598206
vn 0.7761674523353577 0.5705576539039612 0.2683805525302887
vn -0.9094390869140625 0.07848425209522247 0.40836358070373535
vn 0.7817740440368652 0.5457237958908081 0.3016868531703949
vn -0.7536156177520752 0.32479268312454224 0.5714659094810486
vn 0.7818930149078369 0.4611811935901642 0.4194701910018921
vn -0.11994452774524689 0.6273666620254517 0.7694312334060669
vn 0.4604932963848114 0.6500847339630127 0.6044301390647888
vn -0.582321286201477 0.32907652854919434 0.7433778047561646
vn 0.8388210535049438 0.28554660081863403 0.46351107954978943
vn -0.0069029927253723145 0.4444105327129364 0.8957966566085815
vn 0.5291556119918823 0.4804329574108124 0.699413001537323
vn -0.4892834722995758 0.31096509099006653 0.8148021101951599
vn 0.8503171801567078 0.20404085516929626 0.48510628938674927
vn 0.019387900829315186 0.35528889298439026 0.9345554709434509
vn 0.5655854344367981 0.3303793668746948 0.7556207180023193
vn -0.4499412775039673 0.33705663681030273 0.8270100951194763
vn 0.8140503168106079 0.22609391808509827 0.5349801182746887
vn -0.21884426474571228 0.40836572647094727 0.8861967325210571
vn 0.39586859941482544 0.36783966422080994 0.8414166569709778
vn 0.021514471620321274 0.3679788410663605 0.9295852780342102
vn 0.5492992997169495 0.2834736406803131 0.7860745191574097
vn -0.3134792447090149 -0.8336676359176636 0.45467469096183777
vn -0.04058421403169632 -0.8522456288337708 0.521565318107605
vn 0.34117135405540466 -0.6870943903923035 0.641485333442688
vn -0.5094647407531738 -0.7684304118156433 0.3872471749782562
vn 0.7408101558685303 -0.2717418372631073 0.6142936944961548
vn -0.5851720571517944 -0.6885702610015869 0.42830440402030945
vn 0.8764094710350037 0.14903686940670013 0.45792415738105774
vn -0.643804132938385 -0.6276664733886719 0.4376656115055084
vn -0.6334194540977478 -0.6308785080909729 0.44807615876197815
vn -0.7259159684181213 -0.5852531790733337 0.36128222942352295
vn 0.917960524559021 0.20920740067958832 0.33701738715171814
vn -0.7493024468421936 -0.5423677563667297 0.379977822303772
vn 0.9124525189399719 0.2518261969089508 0.32251209020614624
vn 0.8339066505432129 0.39138510823249817 0.3891240358352661
vn -0.8098077774047852 -0.4746922552585602 0.34478774666786194
vn 0.8178715109825134 0.48802870512008667 0.3048183023929596
vn -0.8566669821739197 -0.39870187640190125 0.3273506760597229
vn 0.8427492380142212 0.46360310912132263 0.2735796570777893
vn -0.9479212760925293 -0.21411935985088348 0.23579272627830505
vn -0.8941425681114197 -0.31720712780952454 0.3160519301891327
vn 0.8537487983703613 0.39601436257362366 0.33806154131889343
vn 0.8480190634727478 0.4265429973602295 0.31452304124832153
vn -0.9759668707847595 -0.14774002134799957 0.16019225120544434
vn 0.864220917224884 0.42973119020462036 0.261635959148407
vn -0.978847324848175 -0.12421838194131851 0.162566140294075
vn 0.9195716381072998 0.34409573674201965 0.18970033526420593
vn -0.9768058657646179 -0.11018648743629456 0.18360088765621185
vn 0.970193088054657 0.20085099339485168 0.13558875024318695
vn -0.9701313972473145 -0.1057203859090805 0.21833066642284393
vn 0.9831791520118713 0.13898839056491852 0.11849473416805267
vn -0.959007740020752 -0.09845715761184692 0.2657261788845062
vn 0.9804319739341736 0.1556696891784668 0.12049978971481323
vn -0.9457514882087708 -0.07823929190635681 0.31532949209213257
vn 0.9580549597740173 0.2483186274766922 0.14306864142417908
vn -0.9273934960365295 -0.059772100299596786 0.36928126215934753
vn 0.896416962146759 0.3948599696159363 0.20130160450935364
vn 0.6471410989761353 0.6507008075714111 0.39723652601242065
vn 0.7775371074676514 0.5536472797393799 0.29817911982536316
vn -0.8999519348144531 0.03358312323689461 0.4346939027309418
vn 0.6838474273681641 0.6347883343696594 0.35971730947494507
vn -0.8292661905288696 0.27052152156829834 0.4890150725841522
vn 0.6067292094230652 0.6475516557693481 0.46103861927986145
vn -0.4383886158466339 0.6715216040611267 0.5973895192146301
vn 0.21502617001533508 0.7676924467086792 0.6036655306816101
vn -0.27415889501571655 -0.7410552501678467 0.6129224896430969
vn 0.03857271745800972 -0.8046979904174805 0.592430055141449
vn 0.44901493191719055 -0.6573994159698486 0.6051542162895203
vn -0.4886568784713745 -0.7123557925224304 0.5037495493888855
vn 0.770523726940155 -0.22120249271392822 0.597798228263855
vn -0.3409058451652527 -0.5803585052490234 0.7395723462104797
vn 0.0638597384095192 -0.5641769170761108 0.8231806755065918
vn 0.4486753046512604 -0.535489559173584 0.7155007719993591
vn -0.5335954427719116 -0.6214011907577515 0.573704183101654
vn 0.8382998108863831 0.03193188086152077 0.5442736148834229
vn -0.5476563572883606 -0.6181439757347107 0.5638888478279114
vn -0.5255066156387329 -0.6176614165306091 0.5850958824157715
vn -0.27117830514907837 -0.5246331691741943 0.8069835305213928
vn 0.1344844549894333 -0.35723060369491577 0.9242836833000183
vn 0.5693288445472717 -0.22348645329475403 0.7911501526832581
vn -0.661281406879425 -0.593284547328949 0.4590429663658142
vn 0.8511690497398376 0.12588700652122498 0.5095721483230591
vn -0.5030590891838074 -0.6048774123191833 0.6172964572906494
vn -0.32486918568611145 -0.5363790392875671 0.7789463996887207
vn -0.0029170585330575705 -0.35632747411727905 0.9343566298484802
vn 0.3050435483455658 -0.24360033869743347 0.9206559658050537
vn 0.6376303434371948 -0.05299713462591171 0.7685173749923706
vn -0.681463360786438 -0.5628498792648315 0.4677690267562866
vn 0.8318243026733398 0.24228410422801971 0.4993663430213928
vn 0.7396724820137024 0.34016042947769165 0.5806681513786316
vn -0.47212034463882446 -0.6269210577011108 0.6197357177734375
vn -0.06861501187086105 -0.557452917098999 0.8273682594299316
vn 0.18577881157398224 -0.20224176347255707 0.9615532159805298
vn 0.41238492727279663 -0.02965567447245121 0.9105268716812134
vn 0.6810761094093323 0.10532130300998688 0.7245984077453613
vn -0.7638760209083557 -0.4919891953468323 0.41766026616096497
vn 0.7906906604766846 0.4017808735370636 0.4619313180446625
vn 0.5605625510215759 -0.13698284327983856 0.8167039155960083
vn 0.6334064602851868 0.1985618770122528 0.7479100823402405
vn -0.8011142015457153 -0.4159739315509796 0.43032750487327576
vn 0.8402471542358398 0.3673361539840698 0.39880943298339844
vn -0.9349352717399597 -0.18905223906040192 0.3002588748931885
vn -0.8873884081840515 -0.2877163887023926 0.36022379994392395
vn 0.8395742774009705 0.2974633276462555 0.45456641912460327
vn 0.8355880379676819 0.3221355378627777 0.4449959993362427
vn 0.7904050350189209 0.12006395310163498 0.6007033586502075
vn 0.783142626285553 0.22613690793514252 0.5792666077613831
vn -0.9655382037162781 -0.14254872500896454 0.21775178611278534
vn 0.8914510607719421 0.3043949604034424 0.3356468975543976
vn -0.936765193939209 -0.10297196358442307 0.3344663083553314
vn -0.8865460157394409 -0.1819501668214798 0.42535901069641113
vn -0.9639805555343628 -0.09653038531541824 0.24783751368522644
vn 0.9478968381881714 0.21102309226989746 0.23866471648216248
vn -0.9222027063369751 -0.04366924613714218 0.3842332661151886
vn -0.8709269762039185 -0.052642032504081726 0.4885847568511963
vn -0.9544063806533813 -0.06778012216091156 0.2907136380672455
vn 0.9641048908233643 0.1559833288192749 0.21487441658973694
vn -0.8964561223983765 0.003458137856796384 0.44311898946762085
vn -0.8259631395339966 0.039846405386924744 0.5623141527175903
vn -0.93772292137146 -0.04457899555563927 0.34451207518577576
vn 0.9683762192726135 0.13457128405570984 0.21009081602096558
vn -0.8577989339828491 0.052052151411771774 0.5113428831100464
vn -0.7662431597709656 0.10851245373487473 0.6333218812942505
vn -0.9126384854316711 -0.019306538626551628 0.40831148624420166
vn 0.9575834274291992 0.18886113166809082 0.2176363468170166
vn -0.7921329736709595 0.10420370101928711 0.6013875603675842
vn -0.6903663873672485 0.1966971457004547 0.6962072849273682
vn -0.8802857995033264 -0.0004952013841830194 0.47444361448287964
vn 0.9124075770378113 0.3214891850948334 0.25329262018203735
vn -0.7046374082565308 0.14238466322422028 0.6951350569725037
vn -0.4864634573459625 0.3618273138999939 0.7952573895454407
vn -0.8356564044952393 0.03424178063869476 0.5481841564178467
vn 0.7926093935966492 0.5109826326370239 0.33266669511795044
vn 0.4530769884586334 0.6748469471931458 0.5824971795082092
vn 0.5927900671958923 0.6507484316825867 0.4744749367237091
vn -0.5342530608177185 0.23782922327518463 0.8111788034439087
vn -0.3060656487941742 0.4053586721420288 0.8613989353179932
vn 0.15506714582443237 0.6453245878219604 0.7480043172836304
vn 0.565742015838623 0.6380437612533569 0.5223372578620911
vn -0.7784143090248108 0.10152000188827515 0.6194877028465271
vn 0.5245431661605835 0.6664324402809143 0.5298323035240173
vn -0.3005513548851013 0.32963132858276367 0.8949927687644958
vn 0.10757782310247421 0.5702264308929443 0.8144131898880005
vn -0.6743947267532349 0.27973198890686035 0.6833314895629883
vn 0.4161841869354248 0.7179458141326904 0.5579825043678284
vn -0.5360351800918579 0.5941686630249023 0.5996915102005005
vn 0.02640533447265625 0.7769142389297485 0.6290525794029236
vn -0.18738332390785217 0.5777975916862488 0.7943786978721619
vn 0.2847309410572052 0.624450147151947 0.727317214012146
vn -0.2621581554412842 -0.6188228726387024 0.7404940724372864
vn 0.2821767330169678 -0.4756043255329132 0.8331727981567383
vn -0.6289327144622803 -0.5493075847625732 0.550186276435852
vn 0.6167988777160645 -0.1474570631980896 0.7731853723526001
vn -0.3145979940891266 -0.561883807182312 0.7650586366653442
vn 0.14121507108211517 -0.46732938289642334 0.8727322816848755
vn -0.6644293069839478 -0.47378307580947876 0.5779821872711182
vn 0.838736891746521 0.05122347176074982 0.5421223640441895
vn -0.3000545799732208 -0.5312408804893494 0.7923070192337036
vn 0.3875768780708313 -0.3881552815437317 0.8361337780952454
vn -0.8081309795379639 -0.3188479244709015 0.49523764848709106
vn 0.9248445630073547 0.1414719820022583 0.35305550694465637
vn -0.8147429823875427 -0.14867256581783295 0.5604376196861267
vn 0.9313159584999084 0.14558625221252441 0.3338492214679718
vn -0.7273998260498047 0.0956730991601944 0.6795116662979126
vn 0.9093184471130371 0.17177334427833557 0.37899070978164673
vn -0.07790771871805191 0.3536510169506073 0.9321273565292358
vn 0.6490706205368042 0.30473804473876953 0.6970237493515015
vn -0.5721638202667236 0.1766246110200882 0.8008947372436523
vn 0.9065699577331543 0.17662671208381653 0.383319616317749
vn 0.058931346982717514 0.295126348733902 0.9536390900611877
vn 0.6496887803077698 0.2728729844093323 0.7095385193824768
vn -0.46875953674316406 0.23432907462120056 0.851677417755127
vn 0.8801883459091187 0.26269540190696716 0.39529702067375183
vn 0.12834236025810242 0.3264705240726471 0.9364535808563232
vn 0.6689338684082031 0.2682300806045532 0.6932388544082642
vn -0.37393370270729065 0.3492686450481415 0.8591769337654114
vn 0.7760013937950134 0.4465385973453522 0.44544947147369385
vn -0.13042627274990082 0.5730299949645996 0.8090894222259521
vn 0.4189360737800598 0.6048036813735962 0.6772777438163757
vn 0.151938334107399 0.47693681716918945 0.8657055497169495
vn 0.637195885181427 0.38439932465553284 0.6679959893226624
vn 0.07773541659116745 -0.45998528599739075 0.884517252445221
vn 0.7089775204658508 -0.24211278557777405 0.6623687148094177
vn -0.6298972964286804 -0.35479769110679626 0.6909037232398987
vn 0.8683367967605591 0.03722475469112396 0.4945761561393738
vn -0.11937793344259262 -0.28869837522506714 0.9499484896659851
vn 0.5659269094467163 -0.20187748968601227 0.7993573546409607
vn -0.6730632781982422 -0.10767719149589539 0.7317045331001282
vn 0.8391536474227905 0.14916279911994934 0.523040771484375
vn -0.42863643169403076 0.23666734993457794 0.8719285726547241
vn 0.38413694500923157 0.2840232849121094 0.8785041570663452
vn -0.07784957438707352 0.019902944564819336 0.9967664480209351
vn 0.6122021675109863 0.005446377210319042 0.7906826138496399

g grp1
usemtl mtl1
f 1//1 25//25 27//27 
f 1//1 2//2 26//26 
f 25//25 1//1 26//26 
f 26//26 2//2 28//28 
f 3//3 1//1 27//27 
f 35//35 3//3 27//27 
f 2//2 1//1 4//4 
f 4//4 1//1 3//3 
f 36//36 28//28 2//2 
f 4//4 36//36 2//2 
f 5//5 37//37 51//51 
f 5//5 6//6 38//38 
f 37//37 5//5 38//38 
f 35//35 38//38 6//6 
f 35//35 6//6 3//3 
f 3//3 6//6 7//7 
f 4//4 3//3 8//8 
f 8//8 3//3 7//7 
f 39//39 36//36 4//4 
f 39//39 4//4 9//9 
f 9//9 4//4 8//8 
f 9//9 10//10 40//40 
f 39//39 9//9 40//40 
f 10//10 11//11 41//41 
f 40//40 10//10 41//41 
f 11//11 12//12 42//42 
f 41//41 11//11 42//42 
f 12//12 13//13 43//43 
f 42//42 12//12 43//43 
f 13//13 14//14 44//44 
f 43//43 13//13 44//44 
f 44//44 14//14 52//52 
f 15//15 5//5 51//51 
f 55//55 15//15 51//51 
f 6//6 5//5 16//16 
f 16//16 5//5 15//15 
f 7//7 6//6 17//17 
f 17//17 6//6 16//16 
f 8//8 7//7 18//18 
f 18//18 7//7 17//17 
f 9//9 8//8 19//19 
f 19//19 8//8 18//18 
f 10//10 9//9 20//20 
f 20//20 9//9 19//19 
f 11//11 10//10 21//21 
f 21//21 10//10 20//20 
f 12//12 11//11 22//22 
f 22//22 11//11 21//21 
f 13//13 12//12 23//23 
f 23//23 12//12 22//22 
f 14//14 13//13 24//24 
f 24//24 13//13 23//23 
f 56//56 52//52 14//14 
f 24//24 56//56 14//14 
f 15//15 55//55 57//57 
f 16//16 15//15 57//57 
f 58//58 16//16 57//57 
f 17//17 16//16 58//58 
f 59//59 17//17 58//58 
f 18//18 17//17 59//59 
f 60//60 18//18 59//59 
f 19//19 18//18 60//60 
f 61//61 19//19 60//60 
f 20//20 19//19 61//61 
f 62//62 20//20 61//61 
f 21//21 20//20 62//62 
f 63//63 21//21 62//62 
f 22//22 21//21 63//63 
f 64//64 22//22 63//63 
f 23//23 22//22 64//64 
f 65//65 23//23 64//64 
f 24//24 23//23 65//65 
f 66//66 24//24 65//65 
f 56//56 24//24 66//66 
f 29//29 81//81 89//89 
f 29//29 30//30 82//82 
f 81//81 29//29 82//82 
f 30//30 27//27 25//25 
f 30//30 25//25 82//82 
f 82//82 25//25 83//83 
f 26//26 84//84 25//25 
f 25//25 84//84 83//83 
f 28//28 31//31 85//85 
f 28//28 85//85 26//26 
f 26//26 85//85 84//84 
f 31//31 32//32 86//86 
f 85//85 31//31 86//86 
f 32//32 33//33 87//87 
f 86//86 32//32 87//87 
f 33//33 34//34 88//88 
f 87//87 33//33 88//88 
f 88//88 34//34 90//90 
f 45//45 29//29 89//89 
f 91//91 45//45 89//89 
f 30//30 29//29 46//46 
f 46//46 29//29 45//45 
f 27//27 46//46 35//35 
f 30//30 46//46 27//27 
f 31//31 36//36 47//47 
f 28//28 36//36 31//31 
f 32//32 31//31 48//48 
f 48//48 31//31 47//47 
f 33//33 32//32 49//49 
f 49//49 32//32 48//48 
f 34//34 33//33 50//50 
f 50//50 33//33 49//49 
f 92//92 90//90 34//34 
f 50//50 92//92 34//34 
f 53//53 93//93 97//97 
f 53//53 54//54 94//94 
f 93//93 53//53 94//94 
f 91//91 94//94 54//54 
f 45//45 91//91 54//54 
f 45//45 54//54 51//51 
f 45//45 51//51 37//37 
f 38//38 45//45 37//37 
f 46//46 45//45 38//38 
f 35//35 46//46 38//38 
f 36//36 39//39 47//47 
f 40//40 47//47 39//39 
f 48//48 47//47 40//40 
f 41//41 48//48 40//40 
f 49//49 48//48 41//41 
f 42//42 49//49 41//41 
f 50//50 49//49 42//42 
f 50//50 95//95 92//92 
f 50//50 42//42 95//95 
f 42//42 43//43 95//95 
f 44//44 96//96 43//43 
f 43//43 96//96 95//95 
f 96//96 44//44 52//52 
f 98//98 96//96 52//52 
f 67//67 53//53 97//97 
f 99//99 67//67 97//97 
f 54//54 53//53 68//68 
f 68//68 53//53 67//67 
f 51//51 68//68 55//55 
f 54//54 68//68 51//51 
f 52//52 56//56 98//98 
f 98//98 56//56 100//100 
f 67//67 99//99 101//101 
f 68//68 67//67 101//101 
f 102//102 68//68 101//101 
f 69//69 102//102 107//107 
f 57//57 102//102 69//69 
f 57//57 68//68 102//102 
f 57//57 55//55 68//68 
f 57//57 70//70 58//58 
f 69//69 70//70 57//57 
f 58//58 71//71 59//59 
f 70//70 71//71 58//58 
f 59//59 72//72 60//60 
f 71//71 72//72 59//59 
f 60//60 73//73 61//61 
f 72//72 73//73 60//60 
f 61//61 74//74 62//62 
f 73//73 74//74 61//61 
f 108//108 62//62 74//74 
f 108//108 103//103 62//62 
f 103//103 63//63 62//62 
f 64//64 63//63 104//104 
f 63//63 103//103 104//104 
f 65//65 64//64 105//105 
f 64//64 104//104 105//105 
f 66//66 65//65 106//106 
f 65//65 105//105 106//106 
f 100//100 56//56 66//66 
f 106//106 100//100 66//66 
f 75//75 69//69 107//107 
f 109//109 75//75 107//107 
f 70//70 69//69 76//76 
f 76//76 69//69 75//75 
f 71//71 70//70 77//77 
f 77//77 70//70 76//76 
f 72//72 71//71 78//78 
f 78//78 71//71 77//77 
f 73//73 72//72 79//79 
f 79//79 72//72 78//78 
f 74//74 73//73 80//80 
f 80//80 73//73 79//79 
f 110//110 108//108 74//74 
f 80//80 110//110 74//74 
f 75//75 109//109 111//111 
f 76//76 75//75 111//111 
f 112//112 76//76 111//111 
f 77//77 76//76 112//112 
f 113//113 77//77 112//112 
f 78//78 77//77 113//113 
f 114//114 78//78 113//113 
f 79//79 78//78 114//114 
f 115//115 79//79 114//114 
f 80//80 79//79 115//115 
f 116//116 80//80 115//115 
f 110//110 80//80 116//116 
f 81//81 117//117 125//125 
f 89//89 81//81 125//125 
f 82//82 118//118 81//81 
f 81//81 118//118 117//117 
f 83//83 119//119 82//82 
f 82//82 119//119 118//118 
f 84//84 120//120 83//83 
f 83//83 120//120 119//119 
f 85//85 121//121 84//84 
f 84//84 121//121 120//120 
f 86//86 122//122 85//85 
f 85//85 122//122 121//121 
f 87//87 123//123 86//86 
f 86//86 123//123 122//122 
f 88//88 124//124 87//87 
f 87//87 124//124 123//123 
f 124//124 88//88 90//90 
f 126//126 124//124 90//90 
f 89//89 125//125 91//91 
f 125//125 131//131 91//91 
f 90//90 92//92 126//126 
f 126//126 92//92 132//132 
f 93//93 133//133 141//141 
f 97//97 93//93 141//141 
f 94//94 134//134 93//93 
f 93//93 134//134 133//133 
f 131//131 94//94 91//91 
f 134//134 94//94 131//131 
f 92//92 135//135 132//132 
f 95//95 135//135 92//92 
f 96//96 136//136 95//95 
f 95//95 136//136 135//135 
f 136//136 96//96 98//98 
f 142//142 136//136 98//98 
f 97//97 141//141 99//99 
f 141//141 146//146 99//99 
f 98//98 100//100 142//142 
f 142//142 100//100 147//147 
f 99//99 146//146 148//148 
f 101//101 99//99 148//148 
f 102//102 101//101 149//149 
f 101//101 148//148 149//149 
f 149//149 107//107 102//102 
f 157//157 107//107 149//149 
f 103//103 158//158 150//150 
f 108//108 158//158 103//103 
f 104//104 103//103 151//151 
f 103//103 150//150 151//151 
f 105//105 104//104 152//152 
f 104//104 151//151 152//152 
f 106//106 105//105 153//153 
f 105//105 152//152 153//153 
f 147//147 100//100 106//106 
f 153//153 147//147 106//106 
f 107//107 157//157 109//109 
f 157//157 165//165 109//109 
f 108//108 110//110 158//158 
f 158//158 110//110 166//166 
f 109//109 165//165 167//167 
f 111//111 109//109 167//167 
f 112//112 111//111 168//168 
f 111//111 167//167 168//168 
f 113//113 112//112 169//169 
f 112//112 168//168 169//169 
f 114//114 113//113 170//170 
f 113//113 169//169 170//170 
f 115//115 114//114 171//171 
f 114//114 170//170 171//171 
f 116//116 115//115 172//172 
f 115//115 171//171 172//172 
f 166//166 110//110 116//116 
f 172//172 166//166 116//116 
f 117//117 179//179 183//183 
f 125//125 117//117 183//183 
f 118//118 180//180 117//117 
f 117//117 180//180 179//179 
f 119//119 181//181 118//118 
f 118//118 181//181 180//180 
f 120//120 182//182 119//119 
f 119//119 182//182 181//181 
f 127//127 184//184 182//182 
f 127//127 182//182 121//121 
f 121//121 182//182 120//120 
f 121//121 122//122 128//128 
f 127//127 121//121 128//128 
f 122//122 123//123 129//129 
f 128//128 122//122 129//129 
f 123//123 124//124 130//130 
f 129//129 123//123 130//130 
f 124//124 126//126 130//130 
f 125//125 183//183 131//131 
f 183//183 187//187 131//131 
f 137//137 184//184 127//127 
f 188//188 184//184 137//137 
f 128//128 138//138 127//127 
f 138//138 137//137 127//127 
f 129//129 139//139 128//128 
f 139//139 138//138 128//128 
f 130//130 140//140 129//129 
f 140//140 139//139 129//129 
f 126//126 132//132 140//140 
f 130//130 126//126 140//140 
f 143//143 189//189 202//202 
f 143//143 144//144 190//190 
f 189//189 143//143 190//190 
f 144//144 141//141 133//133 
f 144//144 133//133 190//190 
f 190//190 133//133 191//191 
f 134//134 192//192 133//133 
f 133//133 192//192 191//191 
f 187//187 134//134 131//131 
f 192//192 134//134 187//187 
f 137//137 193//193 188//188 
f 138//138 193//193 137//137 
f 194//194 193//193 138//138 
f 139//139 194//194 138//138 
f 195//195 194//194 139//139 
f 140//140 195//195 139//139 
f 196//196 195//195 140//140 
f 132//132 196//196 140//140 
f 132//132 135//135 196//196 
f 135//135 197//197 196//196 
f 136//136 198//198 135//135 
f 135//135 198//198 197//197 
f 142//142 145//145 199//199 
f 142//142 199//199 136//136 
f 136//136 199//199 198//198 
f 199//199 145//145 203//203 
f 154//154 143//143 202//202 
f 204//204 154//154 202//202 
f 144//144 143//143 155//155 
f 155//155 143//143 154//154 
f 141//141 155//155 146//146 
f 144//144 155//155 141//141 
f 145//145 147//147 156//156 
f 142//142 147//147 145//145 
f 205//205 203//203 145//145 
f 156//156 205//205 145//145 
f 159//159 154//154 204//204 
f 209//209 159//159 204//204 
f 155//155 154//154 160//160 
f 160//160 154//154 159//159 
f 146//146 161//161 148//148 
f 146//146 155//155 161//161 
f 155//155 160//160 161//161 
f 148//148 162//162 149//149 
f 161//161 162//162 148//148 
f 149//149 162//162 157//157 
f 150//150 158//158 163//163 
f 150//150 164//164 151//151 
f 163//163 164//164 150//150 
f 210//210 151//151 164//164 
f 210//210 206//206 151//151 
f 206//206 152//152 151//151 
f 153//153 152//152 207//207 
f 152//152 206//206 207//207 
f 156//156 147//147 153//153 
f 156//156 153//153 208//208 
f 208//208 153//153 207//207 
f 205//205 156//156 208//208 
f 173//173 159//159 209//209 
f 213//213 173//173 209//209 
f 160//160 159//159 174//174 
f 174//174 159//159 173//173 
f 161//161 160//160 175//175 
f 175//175 160//160 174//174 
f 162//162 161//161 176//176 
f 176//176 161//161 175//175 
f 157//157 176//176 165//165 
f 162//162 176//176 157//157 
f 163//163 166//166 177//177 
f 158//158 166//166 163//163 
f 164//164 163//163 178//178 
f 178//178 163//163 177//177 
f 214//214 210//210 164//164 
f 178//178 214//214 164//164 
f 173//173 213//213 215//215 
f 174//174 173//173 215//215 
f 216//216 174//174 215//215 
f 175//175 174//174 216//216 
f 217//217 175//175 216//216 
f 176//176 175//175 217//217 
f 218//218 176//176 217//217 
f 165//165 176//176 218//218 
f 165//165 218//218 167//167 
f 167//167 218//218 219//219 
f 168//168 167//167 220//220 
f 167//167 219//219 220//220 
f 169//169 168//168 221//221 
f 168//168 220//220 221//221 
f 170//170 169//169 222//222 
f 169//169 221//221 222//222 
f 171//171 170//170 223//223 
f 170//170 222//222 223//223 
f 172//172 171//171 224//224 
f 171//171 223//223 224//224 
f 177//177 166//166 172//172 
f 177//177 172//172 225//225 
f 225//225 172//172 224//224 
f 178//178 177//177 225//225 
f 226//226 178//178 225//225 
f 214//214 178//178 226//226 
f 179//179 229//229 231//231 
f 183//183 179//179 231//231 
f 180//180 230//230 179//179 
f 179//179 230//230 229//229 
f 185//185 232//232 230//230 
f 185//185 230//230 181//181 
f 181//181 230//230 180//180 
f 181//181 182//182 186//186 
f 185//185 181//181 186//186 
f 182//182 184//184 186//186 
f 183//183 231//231 187//187 
f 231//231 235//235 187//187 
f 200//200 232//232 185//185 
f 236//236 232//232 200//200 
f 186//186 201//201 185//185 
f 201//201 200//200 185//185 
f 184//184 188//188 201//201 
f 186//186 184//184 201//201 
f 189//189 237//237 252//252 
f 202//202 189//189 252//252 
f 190//190 238//238 189//189 
f 189//189 238//238 237//237 
f 191//191 239//239 190//190 
f 190//190 239//239 238//238 
f 192//192 240//240 191//191 
f 191//191 240//240 239//239 
f 235//235 192//192 187//187 
f 240//240 192//192 235//235 
f 200//200 241//241 236//236 
f 201//201 241//241 200//200 
f 242//242 241//241 201//201 
f 188//188 242//242 201//201 
f 188//188 193//193 242//242 
f 193//193 243//243 242//242 
f 194//194 244//244 193//193 
f 193//193 244//244 243//243 
f 195//195 245//245 194//194 
f 194//194 245//245 244//244 
f 196//196 246//246 195//195 
f 195//195 246//246 245//245 
f 197//197 247//247 196//196 
f 196//196 247//247 246//246 
f 198//198 248//248 197//197 
f 197//197 248//248 247//247 
f 199//199 249//249 198//198 
f 198//198 249//249 248//248 
f 249//249 199//199 203//203 
f 253//253 249//249 203//203 
f 202//202 252//252 204//204 
f 252//252 256//256 204//204 
f 203//203 205//205 253//253 
f 253//253 205//205 257//257 
f 204//204 256//256 209//209 
f 256//256 261//261 209//209 
f 206//206 210//210 211//211 
f 206//206 212//212 207//207 
f 211//211 212//212 206//206 
f 262//262 207//207 212//212 
f 262//262 258//258 207//207 
f 258//258 208//208 207//207 
f 257//257 205//205 208//208 
f 258//258 257//257 208//208 
f 209//209 261//261 213//213 
f 261//261 264//264 213//213 
f 211//211 214//214 227//227 
f 210//210 214//214 211//211 
f 212//212 211//211 228//228 
f 228//228 211//211 227//227 
f 265//265 262//262 212//212 
f 228//228 265//265 212//212 
f 213//213 264//264 266//266 
f 215//215 213//213 266//266 
f 216//216 215//215 267//267 
f 215//215 266//266 267//267 
f 217//217 216//216 268//268 
f 216//216 267//267 268//268 
f 218//218 217//217 269//269 
f 217//217 268//268 269//269 
f 219//219 218//218 270//270 
f 218//218 269//269 270//270 
f 220//220 219//219 271//271 
f 219//219 270//270 271//271 
f 221//221 220//220 272//272 
f 220//220 271//271 272//272 
f 222//222 221//221 273//273 
f 221//221 272//272 273//273 
f 223//223 222//222 274//274 
f 222//222 273//273 274//274 
f 224//224 223//223 275//275 
f 223//223 274//274 275//275 
f 225//225 224//224 276//276 
f 224//224 275//275 276//276 
f 226//226 225//225 277//277 
f 225//225 276//276 277//277 
f 227//227 214//214 226//226 
f 227//227 226//226 278//278 
f 278//278 226//226 277//277 
f 228//228 227//227 278//278 
f 279//279 228//228 278//278 
f 265//265 228//228 279//279 
f 229//229 233//233 231//231 
f 229//229 230//230 234//234 
f 233//233 229//229 234//234 
f 230//230 232//232 234//234 
f 233//233 250//250 235//235 
f 231//231 233//233 235//235 
f 234//234 251//251 233//233 
f 251//251 250//250 233//233 
f 232//232 236//236 251//251 
f 234//234 232//232 251//251 
f 237//237 254//254 252//252 
f 237//237 238//238 255//255 
f 254//254 237//237 255//255 
f 306//306 255//255 238//238 
f 306//306 238//238 293//293 
f 293//293 238//238 239//239 
f 240//240 294//294 239//239 
f 239//239 294//294 293//293 
f 250//250 240//240 235//235 
f 250//250 295//295 240//240 
f 295//295 294//294 240//240 
f 251//251 295//295 250//250 
f 296//296 295//295 251//251 
f 236//236 296//296 251//251 
f 236//236 241//241 296//296 
f 241//241 297//297 296//296 
f 242//242 298//298 241//241 
f 241//241 298//298 297//297 
f 243//243 299//299 242//242 
f 242//242 299//299 298//298 
f 244//244 300//300 243//243 
f 243//243 300//300 299//299 
f 245//245 301//301 244//244 
f 244//244 301//301 300//300 
f 246//246 302//302 245//245 
f 245//245 302//302 301//301 
f 247//247 303//303 246//246 
f 246//246 303//303 302//302 
f 248//248 304//304 247//247 
f 247//247 304//304 303//303 
f 249//249 305//305 248//248 
f 248//248 305//305 304//304 
f 305//305 249//249 253//253 
f 307//307 305//305 253//253 
f 254//254 259//259 256//256 
f 252//252 254//254 256//256 
f 255//255 260//260 254//254 
f 260//260 259//259 254//254 
f 310//310 255//255 306//306 
f 260//260 255//255 310//310 
f 253//253 257//257 307//307 
f 307//307 257//257 311//311 
f 259//259 312//312 316//316 
f 259//259 316//316 256//256 
f 256//256 316//316 261//261 
f 260//260 312//312 259//259 
f 313//313 312//312 260//260 
f 310//310 313//313 260//260 
f 258//258 262//262 263//263 
f 258//258 263//263 317//317 
f 258//258 317//317 257//257 
f 257//257 317//317 311//311 
f 261//261 316//316 264//264 
f 316//316 320//320 264//264 
f 263//263 265//265 280//280 
f 262//262 265//265 263//263 
f 321//321 317//317 263//263 
f 280//280 321//321 263//263 
f 281//281 266//266 264//264 
f 281//281 264//264 333//333 
f 333//333 264//264 320//320 
f 266//266 282//282 267//267 
f 281//281 282//282 266//266 
f 267//267 283//283 268//268 
f 282//282 283//283 267//267 
f 268//268 284//284 269//269 
f 283//283 284//284 268//268 
f 269//269 285//285 270//270 
f 284//284 285//285 269//269 
f 270//270 286//286 271//271 
f 285//285 286//286 270//270 
f 334//334 271//271 286//286 
f 334//334 322//322 271//271 
f 322//322 272//272 271//271 
f 273//273 272//272 323//323 
f 272//272 322//322 323//323 
f 274//274 273//273 324//324 
f 273//273 323//323 324//324 
f 275//275 274//274 325//325 
f 274//274 324//324 325//325 
f 276//276 275//275 326//326 
f 275//275 325//325 326//326 
f 277//277 276//276 327//327 
f 276//276 326//326 327//327 
f 278//278 277//277 328//328 
f 277//277 327//327 328//328 
f 279//279 278//278 329//329 
f 278//278 328//328 329//329 
f 280//280 265//265 279//279 
f 280//280 279//279 330//330 
f 330//330 279//279 329//329 
f 321//321 280//280 330//330 
f 287//287 281//281 333//333 
f 342//342 287//287 333//333 
f 282//282 281//281 288//288 
f 288//288 281//281 287//287 
f 283//283 282//282 289//289 
f 289//289 282//282 288//288 
f 284//284 283//283 290//290 
f 290//290 283//283 289//289 
f 285//285 284//284 291//291 
f 291//291 284//284 290//290 
f 286//286 285//285 292//292 
f 292//292 285//285 291//291 
f 343//343 334//334 286//286 
f 292//292 343//343 286//286 
f 287//287 342//342 344//344 
f 288//288 287//287 344//344 
f 345//345 288//288 344//344 
f 289//289 288//288 345//345 
f 346//346 289//289 345//345 
f 290//290 289//289 346//346 
f 347//347 290//290 346//346 
f 291//291 290//290 347//347 
f 348//348 291//291 347//347 
f 292//292 291//291 348//348 
f 349//349 292//292 348//348 
f 343//343 292//292 349//349 
f 293//293 308//308 306//306 
f 293//293 294//294 309//309 
f 308//308 293//293 309//309 
f 376//376 309//309 294//294 
f 376//376 294//294 365//365 
f 365//365 294//294 295//295 
f 296//296 366//366 295//295 
f 295//295 366//366 365//365 
f 297//297 367//367 296//296 
f 296//296 367//367 366//366 
f 298//298 368//368 297//297 
f 297//297 368//368 367//367 
f 299//299 369//369 298//298 
f 298//298 369//369 368//368 
f 300//300 370//370 299//299 
f 299//299 370//370 369//369 
f 301//301 371//371 300//300 
f 300//300 371//371 370//370 
f 302//302 372//372 301//301 
f 301//301 372//372 371//371 
f 303//303 373//373 302//302 
f 302//302 373//373 372//372 
f 304//304 374//374 303//303 
f 303//303 374//374 373//373 
f 305//305 375//375 304//304 
f 304//304 375//375 374//374 
f 375//375 305//305 307//307 
f 377//377 375//375 307//307 
f 308//308 314//314 310//310 
f 306//306 308//308 310//310 
f 309//309 315//315 308//308 
f 315//315 314//314 308//308 
f 380//380 309//309 376//376 
f 315//315 309//309 380//380 
f 307//307 311//311 377//377 
f 377//377 311//311 381//381 
f 312//312 382//382 390//390 
f 316//316 312//312 390//390 
f 313//313 383//383 312//312 
f 312//312 383//383 382//382 
f 314//314 313//313 310//310 
f 314//314 384//384 313//313 
f 384//384 383//383 313//313 
f 315//315 384//384 314//314 
f 385//385 384//384 315//315 
f 380//380 385//385 315//315 
f 386//386 317//317 318//318 
f 386//386 381//381 317//317 
f 381//381 311//311 317//317 
f 318//318 319//319 387//387 
f 386//386 318//318 387//387 
f 387//387 319//319 391//391 
f 316//316 390//390 320//320 
f 390//390 394//394 320//320 
f 318//318 321//321 331//331 
f 317//317 321//321 318//318 
f 319//319 318//318 332//332 
f 332//332 318//318 331//331 
f 395//395 391//391 319//319 
f 332//332 395//395 319//319 
f 335//335 396//396 406//406 
f 335//335 336//336 397//397 
f 396//396 335//335 397//397 
f 336//336 394//394 397//397 
f 336//336 333//333 394//394 
f 333//333 320//320 394//394 
f 322//322 334//334 337//337 
f 322//322 338//338 323//323 
f 337//337 338//338 322//322 
f 407//407 323//323 338//338 
f 407//407 398//398 323//323 
f 398//398 324//324 323//323 
f 325//325 324//324 399//399 
f 324//324 398//398 399//399 
f 326//326 325//325 400//400 
f 325//325 399//399 400//400 
f 327//327 326//326 401//401 
f 326//326 400//400 401//401 
f 339//339 401//401 408//408 
f 339//339 328//328 401//401 
f 328//328 327//327 401//401 
f 328//328 340//340 329//329 
f 339//339 340//340 328//328 
f 329//329 341//341 330//330 
f 340//340 341//341 329//329 
f 330//330 341//341 409//409 
f 321//321 330//330 409//409 
f 321//321 409//409 402//402 
f 321//321 402//402 331//331 
f 332//332 331//331 402//402 
f 403//403 332//332 402//402 
f 395//395 332//332 403//403 
f 350//350 335//335 406//406 
f 418//418 350//350 406//406 
f 336//336 335//335 351//351 
f 351//351 335//335 350//350 
f 333//333 351//351 342//342 
f 336//336 351//351 333//333 
f 337//337 343//343 352//352 
f 334//334 343//343 337//337 
f 338//338 337//337 353//353 
f 353//353 337//337 352//352 
f 419//419 407//407 338//338 
f 353//353 419//419 338//338 
f 354//354 339//339 408//408 
f 420//420 354//354 408//408 
f 340//340 339//339 355//355 
f 355//355 339//339 354//354 
f 341//341 340//340 356//356 
f 356//356 340//340 355//355 
f 421//421 409//409 341//341 
f 356//356 421//421 341//341 
f 357//357 350//350 418//418 
f 439//439 357//357 418//418 
f 351//351 350//350 358//358 
f 358//358 350//350 357//357 
f 342//342 359//359 344//344 
f 342//342 351//351 359//359 
f 351//351 358//358 359//359 
f 344//344 360//360 345//345 
f 359//359 360//360 344//344 
f 440//440 345//345 360//360 
f 440//440 422//422 345//345 
f 422//422 346//346 345//345 
f 347//347 346//346 423//423 
f 346//346 422//422 423//423 
f 348//348 347//347 424//424 
f 347//347 423//423 424//424 
f 349//349 348//348 425//425 
f 348//348 424//424 425//425 
f 352//352 343//343 349//349 
f 352//352 349//349 426//426 
f 426//426 349//349 425//425 
f 353//353 352//352 426//426 
f 427//427 353//353 426//426 
f 419//419 353//353 427//427 
f 354//354 420//420 428//428 
f 355//355 354//354 428//428 
f 429//429 355//355 428//428 
f 356//356 355//355 429//429 
f 430//430 356//356 429//429 
f 421//421 356//356 430//430 
f 361//361 357//357 439//439 
f 443//443 361//361 439//439 
f 358//358 357//357 362//362 
f 362//362 357//357 361//361 
f 359//359 358//358 363//363 
f 363//363 358//358 362//362 
f 360//360 359//359 364//364 
f 364//364 359//359 363//363 
f 444//444 440//440 360//360 
f 364//364 444//444 360//360 
f 361//361 443//443 445//445 
f 362//362 361//361 445//445 
f 446//446 362//362 445//445 
f 363//363 362//362 446//446 
f 447//447 363//363 446//446 
f 364//364 363//363 447//447 
f 448//448 364//364 447//447 
f 444//444 364//364 448//448 
f 365//365 378//378 376//376 
f 365//365 366//366 379//379 
f 378//378 365//365 379//379 
f 468//468 379//379 366//366 
f 468//468 366//366 459//459 
f 459//459 366//366 367//367 
f 368//368 460//460 367//367 
f 367//367 460//460 459//459 
f 369//369 461//461 368//368 
f 368//368 461//461 460//460 
f 370//370 462//462 369//369 
f 369//369 462//462 461//461 
f 371//371 463//463 370//370 
f 370//370 463//463 462//462 
f 372//372 464//464 371//371 
f 371//371 464//464 463//463 
f 373//373 465//465 372//372 
f 372//372 465//465 464//464 
f 374//374 466//466 373//373 
f 373//373 466//466 465//465 
f 375//375 467//467 374//374 
f 374//374 467//467 466//466 
f 467//467 375//375 377//377 
f 469//469 467//467 377//377 
f 378//378 388//388 380//380 
f 376//376 378//378 380//380 
f 379//379 389//389 378//378 
f 389//389 388//388 378//378 
f 470//470 379//379 468//468 
f 389//389 379//379 470//470 
f 377//377 381//381 469//469 
f 469//469 381//381 471//471 
f 382//382 392//392 390//390 
f 382//382 383//383 393//393 
f 392//392 382//382 393//393 
f 478//478 393//393 383//383 
f 478//478 383//383 472//472 
f 472//472 383//383 384//384 
f 385//385 473//473 384//384 
f 384//384 473//473 472//472 
f 388//388 385//385 380//380 
f 388//388 474//474 385//385 
f 474//474 473//473 385//385 
f 389//389 474//474 388//388 
f 475//475 474//474 389//389 
f 470//470 475//475 389//389 
f 381//381 476//476 471//471 
f 386//386 476//476 381//381 
f 387//387 477//477 386//386 
f 386//386 477//477 476//476 
f 477//477 387//387 391//391 
f 479//479 477//477 391//391 
f 392//392 404//404 394//394 
f 390//390 392//392 394//394 
f 393//393 405//405 392//392 
f 405//405 404//404 392//392 
f 480//480 393//393 478//478 
f 405//405 393//393 480//480 
f 391//391 395//395 479//479 
f 479//479 395//395 481//481 
f 396//396 410//410 406//406 
f 396//396 397//397 411//411 
f 410//410 396//396 411//411 
f 397//397 484//484 411//411 
f 394//394 484//484 397//397 
f 394//394 482//482 484//484 
f 394//394 404//404 482//482 
f 405//405 482//482 404//404 
f 483//483 482//482 405//405 
f 480//480 483//483 405//405 
f 398//398 407//407 412//412 
f 398//398 413//413 399//399 
f 412//412 413//413 398//398 
f 399//399 414//414 400//400 
f 413//413 414//414 399//399 
f 400//400 415//415 401//401 
f 414//414 415//415 400//400 
f 401//401 415//415 408//408 
f 402//402 409//409 416//416 
f 402//402 417//417 403//403 
f 416//416 417//417 402//402 
f 403//403 417//417 485//485 
f 403//403 485//485 395//395 
f 395//395 485//485 481//481 
f 410//410 431//431 418//418 
f 406//406 410//410 418//418 
f 411//411 432//432 410//410 
f 432//432 431//431 410//410 
f 486//486 411//411 484//484 
f 432//432 411//411 486//486 
f 412//412 419//419 433//433 
f 407//407 419//419 412//412 
f 413//413 412//412 434//434 
f 434//434 412//412 433//433 
f 414//414 413//413 435//435 
f 435//435 413//413 434//434 
f 415//415 414//414 436//436 
f 436//436 414//414 435//435 
f 408//408 436//436 420//420 
f 415//415 436//436 408//408 
f 416//416 421//421 437//437 
f 409//409 421//421 416//416 
f 417//417 416//416 438//438 
f 438//438 416//416 437//437 
f 487//487 485//485 417//417 
f 438//438 487//487 417//417 
f 431//431 488//488 503//503 
f 431//431 503//503 418//418 
f 418//418 503//503 439//439 
f 432//432 488//488 431//431 
f 489//489 488//488 432//432 
f 486//486 489//489 432//432 
f 422//422 440//440 441//441 
f 422//422 442//442 423//423 
f 441//441 442//442 422//422 
f 504//504 423//423 442//442 
f 504//504 490//490 423//423 
f 490//490 424//424 423//423 
f 425//425 424//424 491//491 
f 424//424 490//490 491//491 
f 426//426 425//425 492//492 
f 425//425 491//491 492//492 
f 427//427 426//426 493//493 
f 426//426 492//492 493//493 
f 433//433 419//419 427//427 
f 433//433 427//427 494//494 
f 494//494 427//427 493//493 
f 434//434 433//433 494//494 
f 495//495 434//434 494//494 
f 435//435 434//434 495//495 
f 496//496 435//435 495//495 
f 436//436 435//435 496//496 
f 497//497 436//436 496//496 
f 420//420 436//436 497//497 
f 420//420 497//497 428//428 
f 428//428 497//497 498//498 
f 429//429 428//428 499//499 
f 428//428 498//498 499//499 
f 430//430 429//429 500//500 
f 429//429 499//499 500//500 
f 437//437 421//421 430//430 
f 437//437 430//430 501//501 
f 501//501 430//430 500//500 
f 438//438 437//437 501//501 
f 502//502 438//438 501//501 
f 487//487 438//438 502//502 
f 439//439 503//503 443//443 
f 503//503 505//505 443//443 
f 441//441 444//444 449//449 
f 440//440 444//444 441//441 
f 442//442 441//441 450//450 
f 450//450 441//441 449//449 
f 506//506 504//504 442//442 
f 450//450 506//506 442//442 
f 451//451 445//445 443//443 
f 451//451 443//443 509//509 
f 509//509 443//443 505//505 
f 445//445 452//452 446//446 
f 451//451 452//452 445//445 
f 446//446 453//453 447//447 
f 452//452 453//453 446//446 
f 447//447 454//454 448//448 
f 453//453 454//454 447//447 
f 448//448 454//454 510//510 
f 444//444 448//448 510//510 
f 444//444 510//510 507//507 
f 444//444 507//507 449//449 
f 450//450 449//449 507//507 
f 508//508 450//450 507//507 
f 506//506 450//450 508//508 
f 455//455 451//451 509//509 
f 511//511 455//455 509//509 
f 452//452 451//451 456//456 
f 456//456 451//451 455//455 
f 453//453 452//452 457//457 
f 457//457 452//452 456//456 
f 454//454 453//453 458//458 
f 458//458 453//453 457//457 
f 512//512 510//510 454//454 
f 458//458 512//512 454//454 
f 455//455 511//511 513//513 
f 456//456 455//455 513//513 
f 514//514 456//456 513//513 
f 457//457 456//456 514//514 
f 515//515 457//457 514//514 
f 458//458 457//457 515//515 
f 516//516 458//458 515//515 
f 512//512 458//458 516//516 
f 459//459 517//517 526//526 
f 468//468 459//459 526//526 
f 460//460 518//518 459//459 
f 459//459 518//518 517//517 
f 461//461 519//519 460//460 
f 460//460 519//519 518//518 
f 462//462 520//520 461//461 
f 461//461 520//520 519//519 
f 463//463 521//521 462//462 
f 462//462 521//521 520//520 
f 464//464 522//522 463//463 
f 463//463 522//522 521//521 
f 465//465 523//523 464//464 
f 464//464 523//523 522//522 
f 466//466 524//524 465//465 
f 465//465 524//524 523//523 
f 467//467 525//525 466//466 
f 466//466 525//525 524//524 
f 525//525 467//467 469//469 
f 527//527 525//525 469//469 
f 468//468 526//526 470//470 
f 526//526 534//534 470//470 
f 469//469 471//471 527//527 
f 527//527 471//471 535//535 
f 472//472 536//536 548//548 
f 478//478 472//472 548//548 
f 473//473 537//537 472//472 
f 472//472 537//537 536//536 
f 474//474 538//538 473//473 
f 473//473 538//538 537//537 
f 475//475 539//539 474//474 
f 474//474 539//539 538//538 
f 534//534 475//475 470//470 
f 539//539 475//475 534//534 
f 471//471 540//540 535//535 
f 476//476 540//540 471//471 
f 477//477 541//541 476//476 
f 476//476 541//541 540//540 
f 541//541 477//477 479//479 
f 549//549 541//541 479//479 
f 478//478 548//548 480//480 
f 548//548 550//550 480//480 
f 479//479 481//481 549//549 
f 549//549 481//481 551//551 
f 482//482 552//552 554//554 
f 484//484 482//482 554//554 
f 483//483 553//553 482//482 
f 482//482 553//553 552//552 
f 550//550 483//483 480//480 
f 553//553 483//483 550//550 
f 481//481 485//485 551//551 
f 551//551 485//485 555//555 
f 484//484 554//554 486//486 
f 554//554 556//556 486//486 
f 485//485 487//487 555//555 
f 555//555 487//487 557//557 
f 488//488 558//558 573//573 
f 503//503 488//488 573//573 
f 489//489 559//559 488//488 
f 488//488 559//559 558//558 
f 556//556 489//489 486//486 
f 559//559 489//489 556//556 
f 490//490 574//574 560//560 
f 504//504 574//574 490//490 
f 491//491 490//490 561//561 
f 490//490 560//560 561//561 
f 492//492 491//491 562//562 
f 491//491 561//561 562//562 
f 493//493 492//492 563//563 
f 492//492 562//562 563//563 
f 494//494 493//493 564//564 
f 493//493 563//563 564//564 
f 495//495 494//494 565//565 
f 494//494 564//564 565//565 
f 496//496 495//495 566//566 
f 495//495 565//565 566//566 
f 497//497 496//496 567//567 
f 496//496 566//566 567//567 
f 498//498 497//497 568//568 
f 497//497 567//567 568//568 
f 499//499 498//498 569//569 
f 498//498 568//568 569//569 
f 500//500 499//499 570//570 
f 499//499 569//569 570//570 
f 501//501 500//500 571//571 
f 500//500 570//570 571//571 
f 502//502 501//501 572//572 
f 501//501 571//571 572//572 
f 557//557 487//487 502//502 
f 572//572 557//557 502//502 
f 503//503 573//573 505//505 
f 573//573 584//584 505//505 
f 504//504 506//506 574//574 
f 574//574 506//506 585//585 
f 505//505 584//584 509//509 
f 584//584 597//597 509//509 
f 507//507 598//598 586//586 
f 510//510 598//598 507//507 
f 508//508 507//507 587//587 
f 507//507 586//586 587//587 
f 585//585 506//506 508//508 
f 587//587 585//585 508//508 
f 509//509 597//597 511//511 
f 597//597 601//601 511//511 
f 510//510 512//512 598//598 
f 598//598 512//512 602//602 
f 511//511 601//601 603//603 
f 513//513 511//511 603//603 
f 514//514 513//513 604//604 
f 513//513 603//603 604//604 
f 515//515 514//514 605//605 
f 514//514 604//604 605//605 
f 516//516 515//515 606//606 
f 515//515 605//605 606//606 
f 602//602 512//512 516//516 
f 606//606 602//602 516//516 
f 517//517 528//528 526//526 
f 517//517 518//518 529//529 
f 528//528 517//517 529//529 
f 518//518 519//519 530//530 
f 529//529 518//518 530//530 
f 519//519 520//520 531//531 
f 530//530 519//519 531//531 
f 520//520 521//521 532//532 
f 531//531 520//520 532//532 
f 521//521 522//522 533//533 
f 532//532 521//521 533//533 
f 620//620 533//533 522//522 
f 620//620 522//522 617//617 
f 617//617 522//522 523//523 
f 524//524 618//618 523//523 
f 523//523 618//618 617//617 
f 525//525 619//619 524//524 
f 524//524 619//619 618//618 
f 619//619 525//525 527//527 
f 621//621 619//619 527//527 
f 528//528 542//542 534//534 
f 526//526 528//528 534//534 
f 529//529 543//543 528//528 
f 543//543 542//542 528//528 
f 530//530 544//544 529//529 
f 544//544 543//543 529//529 
f 531//531 545//545 530//530 
f 545//545 544//544 530//530 
f 532//532 546//546 531//531 
f 546//546 545//545 531//531 
f 533//533 547//547 532//532 
f 547//547 546//546 532//532 
f 624//624 533//533 620//620 
f 547//547 533//533 624//624 
f 527//527 535//535 621//621 
f 621//621 535//535 625//625 
f 536//536 626//626 640//640 
f 548//548 536//536 640//640 
f 537//537 627//627 536//536 
f 536//536 627//627 626//626 
f 538//538 628//628 537//537 
f 537//537 628//628 627//627 
f 539//539 629//629 538//538 
f 538//538 629//629 628//628 
f 542//542 539//539 534//534 
f 542//542 630//630 539//539 
f 630//630 629//629 539//539 
f 543//543 630//630 542//542 
f 631//631 630//630 543//543 
f 544//544 631//631 543//543 
f 632//632 631//631 544//544 
f 545//545 632//632 544//544 
f 633//633 632//632 545//545 
f 546//546 633//633 545//545 
f 634//634 633//633 546//546 
f 547//547 634//634 546//546 
f 635//635 634//634 547//547 
f 624//624 635//635 547//547 
f 535//535 636//636 625//625 
f 540//540 636//636 535//535 
f 541//541 637//637 540//540 
f 540//540 637//637 636//636 
f 637//637 541//541 549//549 
f 641//641 637//637 549//549 
f 548//548 640//640 550//550 
f 640//640 644//644 550//550 
f 549//549 551//551 641//641 
f 641//641 551//551 645//645 
f 552//552 646//646 650//650 
f 554//554 552//552 650//650 
f 553//553 647//647 552//552 
f 552//552 647//647 646//646 
f 644//644 553//553 550//550 
f 647//647 553//553 644//644 
f 551//551 555//555 645//645 
f 645//645 555//555 651//651 
f 554//554 650//650 556//556 
f 650//650 656//656 556//556 
f 555//555 557//557 651//651 
f 651//651 557//557 657//657 
f 558//558 575//575 573//573 
f 558//558 559//559 576//576 
f 575//575 558//558 576//576 
f 559//559 668//668 576//576 
f 559//559 556//556 668//668 
f 556//556 656//656 668//668 
f 560//560 574//574 577//577 
f 560//560 578//578 561//561 
f 577//577 578//578 560//560 
f 669//669 561//561 578//578 
f 669//669 658//658 561//561 
f 658//658 562//562 561//561 
f 563//563 562//562 659//659 
f 562//562 658//658 659//659 
f 564//564 563//563 660//660 
f 563//563 659//659 660//660 
f 565//565 564//564 661//661 
f 564//564 660//660 661//661 
f 579//579 661//661 670//670 
f 579//579 566//566 661//661 
f 566//566 565//565 661//661 
f 566//566 580//580 567//567 
f 579//579 580//580 566//566 
f 567//567 581//581 568//568 
f 580//580 581//581 567//567 
f 568//568 582//582 569//569 
f 581//581 582//582 568//568 
f 569//569 583//583 570//570 
f 582//582 583//583 569//569 
f 671//671 570//570 583//583 
f 671//671 662//662 570//570 
f 662//662 571//571 570//570 
f 572//572 571//571 663//663 
f 571//571 662//662 663//663 
f 657//657 557//557 572//572 
f 663//663 657//657 572//572 
f 575//575 588//588 584//584 
f 573//573 575//575 584//584 
f 576//576 589//589 575//575 
f 589//589 588//588 575//575 
f 677//677 576//576 668//668 
f 589//589 576//576 677//677 
f 577//577 585//585 590//590 
f 574//574 585//585 577//577 
f 578//578 577//577 591//591 
f 591//591 577//577 590//590 
f 678//678 669//669 578//578 
f 591//591 678//678 578//578 
f 592//592 579//579 670//670 
f 679//679 592//592 670//670 
f 580//580 579//579 593//593 
f 593//593 579//579 592//592 
f 581//581 580//580 594//594 
f 594//594 580//580 593//593 
f 582//582 581//581 595//595 
f 595//595 581//581 594//594 
f 583//583 582//582 596//596 
f 596//596 582//582 595//595 
f 680//680 671//671 583//583 
f 596//596 680//680 583//583 
f 588//588 681//681 695//695 
f 588//588 695//695 584//584 
f 584//584 695//695 597//597 
f 589//589 681//681 588//588 
f 682//682 681//681 589//589 
f 677//677 682//682 589//589 
f 586//586 598//598 599//599 
f 586//586 600//600 587//587 
f 599//599 600//600 586//586 
f 587//587 600//600 696//696 
f 585//585 587//587 696//696 
f 585//585 696//696 683//683 
f 585//585 683//683 590//590 
f 591//591 590//590 683//683 
f 684//684 591//591 683//683 
f 678//678 591//591 684//684 
f 592//592 679//679 685//685 
f 593//593 592//592 685//685 
f 686//686 593//593 685//685 
f 594//594 593//593 686//686 
f 687//687 594//594 686//686 
f 595//595 594//594 687//687 
f 688//688 595//595 687//687 
f 596//596 595//595 688//688 
f 689//689 596//596 688//688 
f 680//680 596//596 689//689 
f 597//597 695//695 601//601 
f 695//695 701//701 601//601 
f 599//599 602//602 607//607 
f 598//598 602//602 599//599 
f 600//600 599//599 608//608 
f 608//608 599//599 607//607 
f 702//702 696//696 600//600 
f 608//608 702//702 600//600 
f 609//609 603//603 601//601 
f 609//609 601//601 709//709 
f 709//709 601//601 701//701 
f 603//603 610//610 604//604 
f 609//609 610//610 603//603 
f 604//604 611//611 605//605 
f 610//610 611//611 604//604 
f 605//605 612//612 606//606 
f 611//611 612//612 605//605 
f 606//606 612//612 710//710 
f 602//602 606//606 710//710 
f 602//602 710//710 703//703 
f 602//602 703//703 607//607 
f 608//608 607//607 703//703 
f 704//704 608//608 703//703 
f 702//702 608//608 704//704 
f 613//613 609//609 709//709 
f 715//715 613//613 709//709 
f 610//610 609//609 614//614 
f 614//614 609//609 613//613 
f 611//611 610//610 615//615 
f 615//615 610//610 614//614 
f 612//612 611//611 616//616 
f 616//616 611//611 615//615 
f 716//716 710//710 612//612 
f 616//616 716//716 612//612 
f 613//613 715//715 717//717 
f 614//614 613//613 717//717 
f 718//718 614//614 717//717 
f 615//615 614//614 718//718 
f 719//719 615//615 718//718 
f 616//616 615//615 719//719 
f 720//720 616//616 719//719 
f 716//716 616//616 720//720 
f 617//617 622//622 620//620 
f 617//617 618//618 623//623 
f 622//622 617//617 623//623 
f 734//734 623//623 618//618 
f 734//734 618//618 733//733 
f 733//733 618//618 619//619 
f 733//733 619//619 621//621 
f 735//735 733//733 621//621 
f 622//622 638//638 624//624 
f 620//620 622//622 624//624 
f 623//623 639//639 622//622 
f 639//639 638//638 622//622 
f 736//736 623//623 734//734 
f 639//639 623//623 736//736 
f 621//621 625//625 735//735 
f 735//735 625//625 737//737 
f 626//626 642//642 640//640 
f 626//626 627//627 643//643 
f 642//642 626//626 643//643 
f 750//750 643//643 627//627 
f 750//750 627//627 738//738 
f 738//738 627//627 628//628 
f 629//629 739//739 628//628 
f 628//628 739//739 738//738 
f 630//630 740//740 629//629 
f 629//629 740//740 739//739 
f 631//631 741//741 630//630 
f 630//630 741//741 740//740 
f 632//632 742//742 631//631 
f 631//631 742//742 741//741 
f 633//633 743//743 632//632 
f 632//632 743//743 742//742 
f 634//634 744//744 633//633 
f 633//633 744//744 743//743 
f 635//635 745//745 634//634 
f 634//634 745//745 744//744 
f 638//638 635//635 624//624 
f 638//638 746//746 635//635 
f 746//746 745//745 635//635 
f 639//639 746//746 638//638 
f 747//747 746//746 639//639 
f 736//736 747//747 639//639 
f 625//625 748//748 737//737 
f 636//636 748//748 625//625 
f 637//637 749//749 636//636 
f 636//636 749//749 748//748 
f 749//749 637//637 641//641 
f 751//751 749//749 641//641 
f 642//642 648//648 644//644 
f 640//640 642//642 644//644 
f 643//643 649//649 642//642 
f 649//649 648//648 642//642 
f 756//756 643//643 750//750 
f 649//649 643//643 756//756 
f 641//641 645//645 751//751 
f 751//751 645//645 757//757 
f 646//646 652//652 650//650 
f 646//646 647//647 653//653 
f 652//652 646//646 653//653 
f 647//647 766//766 653//653 
f 644//644 766//766 647//647 
f 644//644 758//758 766//766 
f 644//644 648//648 758//758 
f 649//649 758//758 648//648 
f 759//759 758//758 649//649 
f 756//756 759//759 649//649 
f 654//654 767//767 760//760 
f 654//654 761//761 655//655 
f 760//760 761//761 654//654 
f 655//655 761//761 757//757 
f 655//655 757//757 651//651 
f 651//651 757//757 645//645 
f 652//652 664//664 656//656 
f 650//650 652//652 656//656 
f 653//653 665//665 652//652 
f 665//665 664//664 652//652 
f 770//770 653//653 766//766 
f 665//665 653//653 770//770 
f 666//666 767//767 654//654 
f 771//771 767//767 666//666 
f 655//655 667//667 654//654 
f 667//667 666//666 654//654 
f 651//651 657//657 667//667 
f 655//655 651//651 667//667 
f 664//664 772//772 777//777 
f 664//664 777//777 656//656 
f 656//656 777//777 668//668 
f 665//665 772//772 664//664 
f 773//773 772//772 665//665 
f 770//770 773//773 665//665 
f 658//658 669//669 672//672 
f 658//658 673//673 659//659 
f 672//672 673//673 658//658 
f 659//659 674//674 660//660 
f 673//673 674//674 659//659 
f 660//660 675//675 661//661 
f 674//674 675//675 660//660 
f 661//661 675//675 670//670 
f 676//676 778//778 774//774 
f 771//771 676//676 774//774 
f 666//666 676//676 771//771 
f 666//666 671//671 676//676 
f 666//666 662//662 671//671 
f 663//663 662//662 666//666 
f 667//667 663//663 666//666 
f 657//657 663//663 667//667 
f 668//668 777//777 677//677 
f 777//777 779//779 677//677 
f 672//672 678//678 690//690 
f 669//669 678//678 672//672 
f 673//673 672//672 691//691 
f 691//691 672//672 690//690 
f 674//674 673//673 692//692 
f 692//692 673//673 691//691 
f 675//675 674//674 693//693 
f 693//693 674//674 692//692 
f 670//670 693//693 679//679 
f 675//675 693//693 670//670 
f 694//694 778//778 676//676 
f 780//780 778//778 694//694 
f 671//671 680//680 694//694 
f 676//676 671//671 694//694 
f 681//681 697//697 695//695 
f 681//681 682//682 698//698 
f 697//697 681//681 698//698 
f 682//682 789//789 698//698 
f 682//682 677//677 789//789 
f 677//677 779//779 789//789 
f 683//683 696//696 699//699 
f 683//683 700//700 684//684 
f 699//699 700//700 683//683 
f 684//684 700//700 790//790 
f 678//678 684//684 790//790 
f 678//678 790//790 781//781 
f 678//678 781//781 690//690 
f 691//691 690//690 781//781 
f 782//782 691//691 781//781 
f 692//692 691//691 782//782 
f 783//783 692//692 782//782 
f 693//693 692//692 783//783 
f 784//784 693//693 783//783 
f 679//679 693//693 784//784 
f 679//679 784//784 685//685 
f 685//685 784//784 785//785 
f 686//686 685//685 786//786 
f 685//685 785//785 786//786 
f 687//687 686//686 787//787 
f 686//686 786//786 787//787 
f 688//688 687//687 788//788 
f 687//687 787//787 788//788 
f 780//780 694//694 689//689 
f 780//780 689//689 788//788 
f 788//788 689//689 688//688 
f 680//680 689//689 694//694 
f 697//697 705//705 701//701 
f 695//695 697//697 701//701 
f 698//698 706//706 697//697 
f 706//706 705//705 697//697 
f 799//799 698//698 789//789 
f 706//706 698//698 799//799 
f 699//699 702//702 707//707 
f 696//696 702//702 699//699 
f 700//700 699//699 708//708 
f 708//708 699//699 707//707 
f 800//800 790//790 700//700 
f 708//708 800//800 700//700 
f 705//705 711//711 709//709 
f 701//701 705//705 709//709 
f 706//706 712//712 705//705 
f 712//712 711//711 705//705 
f 811//811 706//706 799//799 
f 712//712 706//706 811//811 
f 703//703 710//710 713//713 
f 703//703 714//714 704//704 
f 713//713 714//714 703//703 
f 704//704 714//714 812//812 
f 702//702 704//704 812//812 
f 702//702 812//812 801//801 
f 702//702 801//801 707//707 
f 708//708 707//707 801//801 
f 802//802 708//708 801//801 
f 800//800 708//708 802//802 
f 711//711 721//721 715//715 
f 709//709 711//711 715//715 
f 712//712 722//722 711//711 
f 722//722 721//721 711//711 
f 817//817 712//712 811//811 
f 722//722 712//712 817//817 
f 713//713 716//716 723//723 
f 710//710 716//716 713//713 
f 714//714 713//713 724//724 
f 724//724 713//713 723//723 
f 818//818 812//812 714//714 
f 724//724 818//818 714//714 
f 715//715 721//721 717//717 
f 718//718 717//717 721//721 
f 722//722 718//718 721//721 
f 722//722 719//719 718//718 
f 722//722 823//823 719//719 
f 722//722 817//817 823//823 
f 823//823 725//725 719//719 
f 719//719 726//726 720//720 
f 725//725 726//726 719//719 
f 720//720 723//723 716//716 
f 720//720 726//726 723//723 
f 726//726 727//727 723//723 
f 724//724 723//723 728//728 
f 728//728 723//723 727//727 
f 824//824 818//818 724//724 
f 728//728 824//824 724//724 
f 729//729 725//725 823//823 
f 827//827 729//729 823//823 
f 726//726 725//725 730//730 
f 730//730 725//725 729//729 
f 727//727 726//726 731//731 
f 731//731 726//726 730//730 
f 728//728 727//727 732//732 
f 732//732 727//727 731//731 
f 828//828 824//824 728//728 
f 732//732 828//828 728//728 
f 729//729 827//827 829//829 
f 730//730 729//729 829//829 
f 830//830 730//730 829//829 
f 731//731 730//730 830//830 
f 831//831 731//731 830//830 
f 732//732 731//731 831//831 
f 832//832 732//732 831//831 
f 828//828 732//732 832//832 
f 733//733 943//943 944//944 
f 734//734 733//733 944//944 
f 943//943 733//733 735//735 
f 945//945 943//943 735//735 
f 734//734 944//944 736//736 
f 944//944 947//947 736//736 
f 735//735 737//737 945//945 
f 945//945 737//737 948//948 
f 738//738 752//752 750//750 
f 738//738 739//739 753//753 
f 752//752 738//738 753//753 
f 739//739 740//740 754//754 
f 753//753 739//739 754//754 
f 740//740 741//741 755//755 
f 754//754 740//740 755//755 
f 958//958 755//755 741//741 
f 958//958 741//741 949//949 
f 949//949 741//741 742//742 
f 743//743 950//950 742//742 
f 742//742 950//950 949//949 
f 744//744 951//951 743//743 
f 743//743 951//951 950//950 
f 745//745 952//952 744//744 
f 744//744 952//952 951//951 
f 746//746 953//953 745//745 
f 745//745 953//953 952//952 
f 747//747 954//954 746//746 
f 746//746 954//954 953//953 
f 947//947 747//747 736//736 
f 954//954 747//747 947//947 
f 737//737 955//955 948//948 
f 748//748 955//955 737//737 
f 749//749 956//956 748//748 
f 748//748 956//956 955//955 
f 956//956 749//749 751//751 
f 959//959 956//956 751//751 
f 752//752 762//762 756//756 
f 750//750 752//752 756//756 
f 753//753 763//763 752//752 
f 763//763 762//762 752//752 
f 754//754 764//764 753//753 
f 764//764 763//763 753//753 
f 755//755 765//765 754//754 
f 765//765 764//764 754//754 
f 962//962 755//755 958//958 
f 765//765 755//755 962//962 
f 751//751 757//757 959//959 
f 959//959 757//757 963//963 
f 758//758 768//768 766//766 
f 758//758 759//759 769//769 
f 768//768 758//758 769//769 
f 759//759 972//972 769//769 
f 756//756 972//972 759//759 
f 756//756 964//964 972//972 
f 756//756 762//762 964//964 
f 763//763 964//964 762//762 
f 965//965 964//964 763//763 
f 764//764 965//965 763//763 
f 966//966 965//965 764//764 
f 765//765 966//966 764//764 
f 967//967 966//966 765//765 
f 962//962 967//967 765//765 
f 760//760 973//973 968//968 
f 767//767 973//973 760//760 
f 761//761 760//760 969//969 
f 760//760 968//968 969//969 
f 963//963 757//757 761//761 
f 969//969 963//963 761//761 
f 768//768 775//775 770//770 
f 766//766 768//768 770//770 
f 769//769 776//776 768//768 
f 776//776 775//775 768//768 
f 974//974 769//769 972//972 
f 776//776 769//769 974//974 
f 767//767 771//771 973//973 
f 973//973 771//771 975//975 
f 772//772 976//976 981//981 
f 777//777 772//772 981//981 
f 773//773 977//977 772//772 
f 772//772 977//977 976//976 
f 775//775 773//773 770//770 
f 775//775 978//978 773//773 
f 978//978 977//977 773//773 
f 776//776 978//978 775//775 
f 979//979 978//978 776//776 
f 974//974 979//979 776//776 
f 774//774 982//982 980//980 
f 778//778 982//982 774//774 
f 975//975 771//771 774//774 
f 980//980 975//975 774//774 
f 777//777 981//981 779//779 
f 981//981 986//986 779//779 
f 778//778 780//780 982//982 
f 982//982 780//780 987//987 
f 779//779 986//986 789//789 
f 986//986 991//991 789//789 
f 781//781 790//790 791//791 
f 781//781 792//792 782//782 
f 791//791 792//792 781//781 
f 782//782 793//793 783//783 
f 792//792 793//793 782//782 
f 783//783 794//794 784//784 
f 793//793 794//794 783//783 
f 784//784 795//795 785//785 
f 794//794 795//795 784//784 
f 785//785 796//796 786//786 
f 795//795 796//796 785//785 
f 786//786 797//797 787//787 
f 796//796 797//797 786//786 
f 787//787 798//798 788//788 
f 797//797 798//798 787//787 
f 788//788 798//798 992//992 
f 788//788 992//992 780//780 
f 780//780 992//992 987//987 
f 789//789 991//991 799//799 
f 991//991 995//995 799//799 
f 791//791 800//800 803//803 
f 790//790 800//800 791//791 
f 792//792 791//791 804//804 
f 804//804 791//791 803//803 
f 793//793 792//792 805//805 
f 805//805 792//792 804//804 
f 794//794 793//793 806//806 
f 806//806 793//793 805//805 
f 795//795 794//794 807//807 
f 807//807 794//794 806//806 
f 796//796 795//795 808//808 
f 808//808 795//795 807//807 
f 797//797 796//796 809//809 
f 809//809 796//796 808//808 
f 798//798 797//797 810//810 
f 810//810 797//797 809//809 
f 996//996 992//992 798//798 
f 810//810 996//996 798//798 
f 799//799 995//995 811//811 
f 995//995 1005//1005 811//811 
f 801//801 812//812 813//813 
f 801//801 814//814 802//802 
f 813//813 814//814 801//801 
f 802//802 814//814 1006//1006 
f 800//800 802//802 1006//1006 
f 800//800 1006//1006 997//997 
f 800//800 997//997 803//803 
f 804//804 803//803 997//997 
f 998//998 804//804 997//997 
f 805//805 804//804 998//998 
f 999//999 805//805 998//998 
f 806//806 805//805 999//999 
f 1000//1000 806//806 999//999 
f 1000//1000 1007//1007 815//815 
f 1000//1000 815//815 806//806 
f 806//806 815//815 807//807 
f 808//808 807//807 816//816 
f 816//816 807//807 815//815 
f 1008//1008 1001//1001 809//809 
f 1008//1008 809//809 816//816 
f 816//816 809//809 808//808 
f 810//810 809//809 1001//1001 
f 1002//1002 810//810 1001//1001 
f 996//996 810//810 1002//1002 
f 811//811 1005//1005 817//817 
f 1005//1005 1015//1015 817//817 
f 813//813 818//818 819//819 
f 812//812 818//818 813//813 
f 814//814 813//813 820//820 
f 820//820 813//813 819//819 
f 1016//1016 1006//1006 814//814 
f 820//820 1016//1016 814//814 
f 821//821 815//815 1007//1007 
f 1017//1017 821//821 1007//1007 
f 816//816 815//815 822//822 
f 822//822 815//815 821//821 
f 1018//1018 1008//1008 816//816 
f 822//822 1018//1018 816//816 
f 817//817 1015//1015 823//823 
f 1015//1015 1027//1027 823//823 
f 819//819 824//824 825//825 
f 818//818 824//824 819//819 
f 820//820 819//819 826//826 
f 826//826 819//819 825//825 
f 1028//1028 1016//1016 820//820 
f 826//826 1028//1028 820//820 
f 821//821 1017//1017 1019//1019 
f 822//822 821//821 1019//1019 
f 1020//1020 822//822 1019//1019 
f 1018//1018 822//822 1020//1020 
f 823//823 1027//1027 827//827 
f 1027//1027 1035//1035 827//827 
f 825//825 828//828 833//833 
f 824//824 828//828 825//825 
f 826//826 825//825 834//834 
f 834//834 825//825 833//833 
f 1036//1036 1028//1028 826//826 
f 834//834 1036//1036 826//826 
f 835//835 829//829 827//827 
f 835//835 827//827 1043//1043 
f 1043//1043 827//827 1035//1035 
f 829//829 836//836 830//830 
f 835//835 836//836 829//829 
f 830//830 837//837 831//831 
f 836//836 837//837 830//830 
f 831//831 838//838 832//832 
f 837//837 838//838 831//831 
f 832//832 833//833 828//828 
f 832//832 838//838 833//833 
f 838//838 839//839 833//833 
f 834//834 833//833 840//840 
f 840//840 833//833 839//839 
f 1044//1044 1036//1036 834//834 
f 840//840 1044//1044 834//834 
f 841//841 835//835 1043//1043 
f 1051//1051 841//841 1043//1043 
f 836//836 835//835 842//842 
f 842//842 835//835 841//841 
f 837//837 836//836 843//843 
f 843//843 836//836 842//842 
f 838//838 837//837 844//844 
f 844//844 837//837 843//843 
f 839//839 838//838 845//845 
f 845//845 838//838 844//844 
f 840//840 839//839 846//846 
f 846//846 839//839 845//845 
f 1052//1052 1044//1044 840//840 
f 846//846 1052//1052 840//840 
f 841//841 1051//1051 1053//1053 
f 842//842 841//841 1053//1053 
f 1054//1054 842//842 1053//1053 
f 1054//1054 1063//1063 847//847 
f 1054//1054 847//847 842//842 
f 842//842 847//847 843//843 
f 844//844 843//843 848//848 
f 848//848 843//843 847//847 
f 1064//1064 1055//1055 845//845 
f 1064//1064 845//845 848//848 
f 848//848 845//845 844//844 
f 846//846 845//845 1055//1055 
f 1056//1056 846//846 1055//1055 
f 1052//1052 846//846 1056//1056 
f 849//849 847//847 1063//1063 
f 1075//1075 849//849 1063//1063 
f 848//848 847//847 850//850 
f 850//850 847//847 849//849 
f 1076//1076 1064//1064 848//848 
f 850//850 1076//1076 848//848 
f 851//851 849//849 1075//1075 
f 1087//1087 851//851 1075//1075 
f 850//850 849//849 852//852 
f 852//852 849//849 851//851 
f 1088//1088 1076//1076 850//850 
f 852//852 1088//1088 850//850 
f 853//853 851//851 1087//1087 
f 1097//1097 853//853 1087//1087 
f 852//852 851//851 854//854 
f 854//854 851//851 853//853 
f 1098//1098 1088//1088 852//852 
f 854//854 1098//1098 852//852 
f 855//855 1099//1099 1109//1109 
f 855//855 856//856 1100//1100 
f 1099//1099 855//855 1100//1100 
f 1097//1097 1100//1100 856//856 
f 1097//1097 856//856 853//853 
f 853//853 856//856 857//857 
f 854//854 853//853 858//858 
f 858//858 853//853 857//857 
f 1110//1110 1098//1098 854//854 
f 858//858 1110//1110 854//854 
f 859//859 855//855 1109//1109 
f 1119//1119 859//859 1109//1109 
f 856//856 855//855 860//860 
f 860//860 855//855 859//859 
f 857//857 856//856 861//861 
f 861//861 856//856 860//860 
f 858//858 857//857 862//862 
f 862//862 857//857 861//861 
f 1120//1120 1110//1110 858//858 
f 862//862 1120//1120 858//858 
f 863//863 1111//1111 1121//1121 
f 863//863 864//864 1112//1112 
f 1111//1111 863//863 1112//1112 
f 1112//1112 864//864 1122//1122 
f 865//865 859//859 1119//1119 
f 1127//1127 865//865 1119//1119 
f 860//860 859//859 866//866 
f 866//866 859//859 865//865 
f 861//861 860//860 867//867 
f 867//867 860//860 866//866 
f 862//862 861//861 868//868 
f 868//868 861//861 867//867 
f 1128//1128 1120//1120 862//862 
f 868//868 1128//1128 862//862 
f 869//869 863//863 1121//1121 
f 1129//1129 869//869 1121//1121 
f 864//864 863//863 870//870 
f 870//870 863//863 869//869 
f 1130//1130 1122//1122 864//864 
f 870//870 1130//1130 864//864 
f 871//871 865//865 1127//1127 
f 1137//1137 871//871 1127//1127 
f 866//866 865//865 872//872 
f 872//872 865//865 871//871 
f 867//867 866//866 873//873 
f 873//873 866//866 872//872 
f 868//868 867//867 874//874 
f 874//874 867//867 873//873 
f 1131//1131 1128//1128 868//868 
f 1131//1131 868//868 875//875 
f 875//875 868//868 874//874 
f 875//875 876//876 1132//1132 
f 1131//1131 875//875 1132//1132 
f 1129//1129 1132//1132 876//876 
f 1129//1129 876//876 869//869 
f 869//869 876//876 877//877 
f 870//870 869//869 878//878 
f 878//878 869//869 877//877 
f 1138//1138 1130//1130 870//870 
f 878//878 1138//1138 870//870 
f 879//879 871//871 1137//1137 
f 1139//1139 879//879 1137//1137 
f 872//872 871//871 880//880 
f 880//880 871//871 879//879 
f 873//873 872//872 881//881 
f 881//881 872//872 880//880 
f 874//874 873//873 882//882 
f 882//882 873//873 881//881 
f 875//875 874//874 883//883 
f 883//883 874//874 882//882 
f 876//876 875//875 884//884 
f 884//884 875//875 883//883 
f 877//877 876//876 885//885 
f 885//885 876//876 884//884 
f 878//878 877//877 886//886 
f 886//886 877//877 885//885 
f 1140//1140 1138//1138 878//878 
f 886//886 1140//1140 878//878 
f 879//879 1139//1139 1141//1141 
f 880//880 879//879 1141//1141 
f 1142//1142 880//880 1141//1141 
f 1142//1142 1143//1143 887//887 
f 1142//1142 887//887 880//880 
f 880//880 887//887 881//881 
f 882//882 881//881 888//888 
f 888//888 881//881 887//887 
f 883//883 882//882 889//889 
f 889//889 882//882 888//888 
f 884//884 883//883 890//890 
f 890//890 883//883 889//889 
f 885//885 884//884 891//891 
f 891//891 884//884 890//890 
f 886//886 885//885 892//892 
f 892//892 885//885 891//891 
f 1144//1144 1140//1140 886//886 
f 892//892 1144//1144 886//886 
f 893//893 887//887 1143//1143 
f 1147//1147 893//893 1143//1143 
f 888//888 887//887 894//894 
f 894//894 887//887 893//893 
f 889//889 888//888 895//895 
f 895//895 888//888 894//894 
f 890//890 889//889 896//896 
f 896//896 889//889 895//895 
f 891//891 890//890 897//897 
f 897//897 890//890 896//896 
f 892//892 891//891 898//898 
f 898//898 891//891 897//897 
f 1148//1148 1144//1144 892//892 
f 898//898 1148//1148 892//892 
f 899//899 1149//1149 1155//1155 
f 899//899 900//900 1150//1150 
f 1149//1149 899//899 1150//1150 
f 1147//1147 1150//1150 900//900 
f 1147//1147 900//900 893//893 
f 893//893 900//900 901//901 
f 894//894 893//893 902//902 
f 902//902 893//893 901//901 
f 895//895 894//894 903//903 
f 903//903 894//894 902//902 
f 896//896 895//895 904//904 
f 904//904 895//895 903//903 
f 1156//1156 1151//1151 897//897 
f 1156//1156 897//897 904//904 
f 904//904 897//897 896//896 
f 898//898 897//897 1151//1151 
f 1152//1152 898//898 1151//1151 
f 1148//1148 898//898 1152//1152 
f 905//905 899//899 1155//1155 
f 1159//1159 905//905 1155//1155 
f 900//900 899//899 906//906 
f 906//906 899//899 905//905 
f 901//901 900//900 907//907 
f 907//907 900//900 906//906 
f 902//902 901//901 908//908 
f 908//908 901//901 907//907 
f 903//903 902//902 909//909 
f 909//909 902//902 908//908 
f 904//904 903//903 910//910 
f 910//910 903//903 909//909 
f 1160//1160 1156//1156 904//904 
f 910//910 1160//1160 904//904 
f 911//911 905//905 1159//1159 
f 1163//1163 911//911 1159//1159 
f 906//906 905//905 912//912 
f 912//912 905//905 911//911 
f 907//907 906//906 913//913 
f 913//913 906//906 912//912 
f 908//908 907//907 914//914 
f 914//914 907//907 913//913 
f 909//909 908//908 915//915 
f 915//915 908//908 914//914 
f 910//910 909//909 916//916 
f 916//916 909//909 915//915 
f 1164//1164 1160//1160 910//910 
f 916//916 1164//1164 910//910 
f 917//917 911//911 1163//1163 
f 1165//1165 917//917 1163//1163 
f 912//912 911//911 918//918 
f 918//918 911//911 917//917 
f 913//913 912//912 919//919 
f 919//919 912//912 918//918 
f 914//914 913//913 920//920 
f 920//920 913//913 919//919 
f 915//915 914//914 921//921 
f 921//921 914//914 920//920 
f 916//916 915//915 922//922 
f 922//922 915//915 921//921 
f 1166//1166 1164//1164 916//916 
f 922//922 1166//1166 916//916 
f 923//923 917//917 1165//1165 
f 1169//1169 923//923 1165//1165 
f 918//918 917//917 924//924 
f 924//924 917//917 923//923 
f 919//919 918//918 925//925 
f 925//925 918//918 924//924 
f 920//920 919//919 926//926 
f 926//926 919//919 925//925 
f 1170//1170 1167//1167 921//921 
f 1170//1170 921//921 926//926 
f 926//926 921//921 920//920 
f 922//922 921//921 1167//1167 
f 1168//1168 922//922 1167//1167 
f 1166//1166 922//922 1168//1168 
f 927//927 923//923 1169//1169 
f 1173//1173 927//927 1169//1169 
f 924//924 923//923 928//928 
f 928//928 923//923 927//927 
f 925//925 924//924 929//929 
f 929//929 924//924 928//928 
f 926//926 925//925 930//930 
f 930//930 925//925 929//929 
f 1174//1174 1170//1170 926//926 
f 930//930 1174//1174 926//926 
f 931//931 1175//1175 1181//1181 
f 931//931 932//932 1176//1176 
f 1175//1175 931//931 1176//1176 
f 1173//1173 1176//1176 932//932 
f 1173//1173 932//932 927//927 
f 927//927 932//932 933//933 
f 928//928 927//927 934//934 
f 934//934 927//927 933//933 
f 1182//1182 1177//1177 929//929 
f 1182//1182 929//929 934//934 
f 934//934 929//929 928//928 
f 930//930 929//929 1177//1177 
f 1178//1178 930//930 1177//1177 
f 1174//1174 930//930 1178//1178 
f 935//935 931//931 1181//1181 
f 1185//1185 935//935 1181//1181 
f 932//932 931//931 936//936 
f 936//936 931//931 935//935 
f 933//933 932//932 937//937 
f 937//937 932//932 936//936 
f 934//934 933//933 938//938 
f 938//938 933//933 937//937 
f 1186//1186 1182//1182 934//934 
f 938//938 1186//1186 934//934 
f 939//939 935//935 1185//1185 
f 1191//1191 939//939 1185//1185 
f 936//936 935//935 940//940 
f 940//940 935//935 939//939 
f 1192//1192 1187//1187 937//937 
f 1192//1192 937//937 940//940 
f 940//940 937//937 936//936 
f 938//938 937//937 1187//1187 
f 1188//1188 938//938 1187//1187 
f 1186//1186 938//938 1188//1188 
f 941//941 939//939 1191//1191 
f 1197//1197 941//941 1191//1191 
f 940//940 939//939 942//942 
f 942//942 939//939 941//941 
f 1198//1198 1192//1192 940//940 
f 942//942 1198//1198 940//940 
f 941//941 1197//1197 1199//1199 
f 942//942 941//941 1199//1199 
f 1200//1200 942//942 1199//1199 
f 1198//1198 942//942 1200//1200 
f 943//943 946//946 944//944 
f 943//943 945//945 946//946 
f 946//946 957//957 947//947 
f 944//944 946//946 947//947 
f 945//945 948//948 957//957 
f 946//946 945//945 957//957 
f 949//949 960//960 958//958 
f 949//949 950//950 961//961 
f 960//960 949//949 961//961 
f 1212//1212 961//961 950//950 
f 1212//1212 950//950 1205//1205 
f 1205//1205 950//950 951//951 
f 952//952 1206//1206 951//951 
f 951//951 1206//1206 1205//1205 
f 953//953 1207//1207 952//952 
f 952//952 1207//1207 1206//1206 
f 954//954 1208//1208 953//953 
f 953//953 1208//1208 1207//1207 
f 957//957 954//954 947//947 
f 957//957 1209//1209 954//954 
f 1209//1209 1208//1208 954//954 
f 948//948 1209//1209 957//957 
f 948//948 955//955 1209//1209 
f 955//955 1210//1210 1209//1209 
f 956//956 1211//1211 955//955 
f 955//955 1211//1211 1210//1210 
f 1211//1211 956//956 959//959 
f 1213//1213 1211//1211 959//959 
f 960//960 970//970 962//962 
f 958//958 960//960 962//962 
f 961//961 971//971 960//960 
f 971//971 970//970 960//960 
f 1216//1216 961//961 1212//1212 
f 971//971 961//961 1216//1216 
f 959//959 963//963 1213//1213 
f 1213//1213 963//963 1217//1217 
f 964//964 1218//1218 1228//1228 
f 972//972 964//964 1228//1228 
f 965//965 1219//1219 964//964 
f 964//964 1219//1219 1218//1218 
f 966//966 1220//1220 965//965 
f 965//965 1220//1220 1219//1219 
f 967//967 1221//1221 966//966 
f 966//966 1221//1221 1220//1220 
f 970//970 967//967 962//962 
f 970//970 1222//1222 967//967 
f 1222//1222 1221//1221 967//967 
f 971//971 1222//1222 970//970 
f 1223//1223 1222//1222 971//971 
f 1216//1216 1223//1223 971//971 
f 968//968 1229//1229 1224//1224 
f 973//973 1229//1229 968//968 
f 969//969 968//968 1225//1225 
f 968//968 1224//1224 1225//1225 
f 1217//1217 963//963 969//969 
f 1225//1225 1217//1217 969//969 
f 972//972 1228//1228 974//974 
f 1228//1228 1234//1234 974//974 
f 973//973 975//975 1229//1229 
f 1229//1229 975//975 1235//1235 
f 976//976 983//983 981//981 
f 976//976 977//977 984//984 
f 983//983 976//976 984//984 
f 1242//1242 984//984 977//977 
f 1242//1242 977//977 1236//1236 
f 1236//1236 977//977 978//978 
f 979//979 1237//1237 978//978 
f 978//978 1237//1237 1236//1236 
f 1234//1234 979//979 974//974 
f 1237//1237 979//979 1234//1234 
f 980//980 982//982 985//985 
f 980//980 985//985 1243//1243 
f 980//980 1243//1243 975//975 
f 975//975 1243//1243 1235//1235 
f 983//983 988//988 986//986 
f 981//981 983//983 986//986 
f 984//984 989//989 983//983 
f 989//989 988//988 983//983 
f 1246//1246 984//984 1242//1242 
f 989//989 984//984 1246//1246 
f 985//985 987//987 990//990 
f 982//982 987//987 985//985 
f 1247//1247 1243//1243 985//985 
f 990//990 1247//1247 985//985 
f 988//988 993//993 991//991 
f 986//986 988//988 991//991 
f 989//989 994//994 988//988 
f 994//994 993//993 988//988 
f 1251//1251 989//989 1246//1246 
f 994//994 989//989 1251//1251 
f 990//990 1252//1252 1248//1248 
f 990//990 987//987 1252//1252 
f 987//987 992//992 1252//1252 
f 1247//1247 990//990 1248//1248 
f 993//993 1003//1003 995//995 
f 991//991 993//993 995//995 
f 994//994 1004//1004 993//993 
f 1004//1004 1003//1003 993//993 
f 1253//1253 994//994 1251//1251 
f 1004//1004 994//994 1253//1253 
f 992//992 996//996 1252//1252 
f 1252//1252 996//996 1254//1254 
f 1003//1003 1255//1255 1257//1257 
f 1003//1003 1257//1257 995//995 
f 995//995 1257//1257 1005//1005 
f 1004//1004 1255//1255 1003//1003 
f 1256//1256 1255//1255 1004//1004 
f 1253//1253 1256//1256 1004//1004 
f 997//997 1006//1006 1009//1009 
f 997//997 1010//1010 998//998 
f 1009//1009 1010//1010 997//997 
f 998//998 1011//1011 999//999 
f 1010//1010 1011//1011 998//998 
f 999//999 1012//1012 1000//1000 
f 1011//1011 1012//1012 999//999 
f 1000//1000 1012//1012 1007//1007 
f 1001//1001 1008//1008 1013//1013 
f 1001//1001 1014//1014 1002//1002 
f 1013//1013 1014//1014 1001//1001 
f 1002//1002 1014//1014 1258//1258 
f 1002//1002 1258//1258 996//996 
f 996//996 1258//1258 1254//1254 
f 1005//1005 1257//1257 1015//1015 
f 1257//1257 1261//1261 1015//1015 
f 1009//1009 1016//1016 1021//1021 
f 1006//1006 1016//1016 1009//1009 
f 1010//1010 1009//1009 1022//1022 
f 1022//1022 1009//1009 1021//1021 
f 1011//1011 1010//1010 1023//1023 
f 1023//1023 1010//1010 1022//1022 
f 1012//1012 1011//1011 1024//1024 
f 1024//1024 1011//1011 1023//1023 
f 1007//1007 1024//1024 1017//1017 
f 1012//1012 1024//1024 1007//1007 
f 1013//1013 1018//1018 1025//1025 
f 1008//1008 1018//1018 1013//1013 
f 1014//1014 1013//1013 1026//1026 
f 1026//1026 1013//1013 1025//1025 
f 1262//1262 1258//1258 1014//1014 
f 1026//1026 1262//1262 1014//1014 
f 1015//1015 1261//1261 1027//1027 
f 1261//1261 1267//1267 1027//1027 
f 1021//1021 1028//1028 1029//1029 
f 1016//1016 1028//1028 1021//1021 
f 1022//1022 1021//1021 1030//1030 
f 1030//1030 1021//1021 1029//1029 
f 1023//1023 1022//1022 1031//1031 
f 1031//1031 1022//1022 1030//1030 
f 1024//1024 1023//1023 1032//1032 
f 1032//1032 1023//1023 1031//1031 
f 1017//1017 1033//1033 1019//1019 
f 1017//1017 1024//1024 1033//1033 
f 1024//1024 1032//1032 1033//1033 
f 1019//1019 1034//1034 1020//1020 
f 1033//1033 1034//1034 1019//1019 
f 1020//1020 1034//1034 1268//1268 
f 1018//1018 1020//1020 1268//1268 
f 1018//1018 1268//1268 1263//1263 
f 1018//1018 1263//1263 1025//1025 
f 1026//1026 1025//1025 1263//1263 
f 1264//1264 1026//1026 1263//1263 
f 1262//1262 1026//1026 1264//1264 
f 1027//1027 1267//1267 1035//1035 
f 1267//1267 1271//1271 1035//1035 
f 1029//1029 1036//1036 1037//1037 
f 1028//1028 1036//1036 1029//1029 
f 1030//1030 1029//1029 1038//1038 
f 1038//1038 1029//1029 1037//1037 
f 1031//1031 1030//1030 1039//1039 
f 1039//1039 1030//1030 1038//1038 
f 1032//1032 1031//1031 1040//1040 
f 1040//1040 1031//1031 1039//1039 
f 1033//1033 1032//1032 1041//1041 
f 1041//1041 1032//1032 1040//1040 
f 1034//1034 1033//1033 1042//1042 
f 1042//1042 1033//1033 1041//1041 
f 1272//1272 1268//1268 1034//1034 
f 1042//1042 1272//1272 1034//1034 
f 1035//1035 1271//1271 1043//1043 
f 1271//1271 1275//1275 1043//1043 
f 1037//1037 1044//1044 1045//1045 
f 1036//1036 1044//1044 1037//1037 
f 1038//1038 1037//1037 1046//1046 
f 1046//1046 1037//1037 1045//1045 
f 1039//1039 1038//1038 1047//1047 
f 1047//1047 1038//1038 1046//1046 
f 1040//1040 1039//1039 1048//1048 
f 1048//1048 1039//1039 1047//1047 
f 1041//1041 1040//1040 1049//1049 
f 1049//1049 1040//1040 1048//1048 
f 1042//1042 1041//1041 1050//1050 
f 1050//1050 1041//1041 1049//1049 
f 1276//1276 1272//1272 1042//1042 
f 1050//1050 1276//1276 1042//1042 
f 1043//1043 1275//1275 1051//1051 
f 1275//1275 1277//1277 1051//1051 
f 1045//1045 1052//1052 1057//1057 
f 1044//1044 1052//1052 1045//1045 
f 1046//1046 1045//1045 1058//1058 
f 1058//1058 1045//1045 1057//1057 
f 1047//1047 1046//1046 1059//1059 
f 1059//1059 1046//1046 1058//1058 
f 1048//1048 1047//1047 1060//1060 
f 1060//1060 1047//1047 1059//1059 
f 1049//1049 1048//1048 1061//1061 
f 1061//1061 1048//1048 1060//1060 
f 1050//1050 1049//1049 1062//1062 
f 1062//1062 1049//1049 1061//1061 
f 1278//1278 1276//1276 1050//1050 
f 1062//1062 1278//1278 1050//1050 
f 1065//1065 1053//1053 1051//1051 
f 1065//1065 1051//1051 1279//1279 
f 1279//1279 1051//1051 1277//1277 
f 1053//1053 1066//1066 1054//1054 
f 1065//1065 1066//1066 1053//1053 
f 1054//1054 1066//1066 1063//1063 
f 1055//1055 1064//1064 1067//1067 
f 1055//1055 1068//1068 1056//1056 
f 1067//1067 1068//1068 1055//1055 
f 1056//1056 1057//1057 1052//1052 
f 1056//1056 1068//1068 1057//1057 
f 1068//1068 1069//1069 1057//1057 
f 1058//1058 1057//1057 1070//1070 
f 1070//1070 1057//1057 1069//1069 
f 1059//1059 1058//1058 1071//1071 
f 1071//1071 1058//1058 1070//1070 
f 1060//1060 1059//1059 1072//1072 
f 1072//1072 1059//1059 1071//1071 
f 1061//1061 1060//1060 1073//1073 
f 1073//1073 1060//1060 1072//1072 
f 1062//1062 1061//1061 1074//1074 
f 1074//1074 1061//1061 1073//1073 
f 1280//1280 1278//1278 1062//1062 
f 1074//1074 1280//1280 1062//1062 
f 1077//1077 1065//1065 1279//1279 
f 1281//1281 1077//1077 1279//1279 
f 1066//1066 1065//1065 1078//1078 
f 1078//1078 1065//1065 1077//1077 
f 1063//1063 1078//1078 1075//1075 
f 1066//1066 1078//1078 1063//1063 
f 1067//1067 1076//1076 1079//1079 
f 1064//1064 1076//1076 1067//1067 
f 1068//1068 1067//1067 1080//1080 
f 1080//1080 1067//1067 1079//1079 
f 1069//1069 1068//1068 1081//1081 
f 1081//1081 1068//1068 1080//1080 
f 1070//1070 1069//1069 1082//1082 
f 1082//1082 1069//1069 1081//1081 
f 1071//1071 1070//1070 1083//1083 
f 1083//1083 1070//1070 1082//1082 
f 1072//1072 1071//1071 1084//1084 
f 1084//1084 1071//1071 1083//1083 
f 1073//1073 1072//1072 1085//1085 
f 1085//1085 1072//1072 1084//1084 
f 1074//1074 1073//1073 1086//1086 
f 1086//1086 1073//1073 1085//1085 
f 1282//1282 1280//1280 1074//1074 
f 1086//1086 1282//1282 1074//1074 
f 1089//1089 1077//1077 1281//1281 
f 1285//1285 1089//1089 1281//1281 
f 1078//1078 1077//1077 1090//1090 
f 1090//1090 1077//1077 1089//1089 
f 1075//1075 1090//1090 1087//1087 
f 1078//1078 1090//1090 1075//1075 
f 1079//1079 1088//1088 1091//1091 
f 1076//1076 1088//1088 1079//1079 
f 1080//1080 1079//1079 1092//1092 
f 1092//1092 1079//1079 1091//1091 
f 1081//1081 1080//1080 1093//1093 
f 1093//1093 1080//1080 1092//1092 
f 1082//1082 1081//1081 1094//1094 
f 1094//1094 1081//1081 1093//1093 
f 1083//1083 1082//1082 1095//1095 
f 1095//1095 1082//1082 1094//1094 
f 1084//1084 1083//1083 1096//1096 
f 1096//1096 1083//1083 1095//1095 
f 1286//1286 1283//1283 1085//1085 
f 1286//1286 1085//1085 1096//1096 
f 1096//1096 1085//1085 1084//1084 
f 1086//1086 1085//1085 1283//1283 
f 1284//1284 1086//1086 1283//1283 
f 1282//1282 1086//1086 1284//1284 
f 1101//1101 1089//1089 1285//1285 
f 1289//1289 1101//1101 1285//1285 
f 1090//1090 1089//1089 1102//1102 
f 1102//1102 1089//1089 1101//1101 
f 1087//1087 1102//1102 1097//1097 
f 1090//1090 1102//1102 1087//1087 
f 1091//1091 1098//1098 1103//1103 
f 1088//1088 1098//1098 1091//1091 
f 1092//1092 1091//1091 1104//1104 
f 1104//1104 1091//1091 1103//1103 
f 1093//1093 1092//1092 1105//1105 
f 1105//1105 1092//1092 1104//1104 
f 1094//1094 1093//1093 1106//1106 
f 1106//1106 1093//1093 1105//1105 
f 1095//1095 1094//1094 1107//1107 
f 1107//1107 1094//1094 1106//1106 
f 1096//1096 1095//1095 1108//1108 
f 1108//1108 1095//1095 1107//1107 
f 1290//1290 1286//1286 1096//1096 
f 1108//1108 1290//1290 1096//1096 
f 1099//1099 1101//1101 1289//1289 
f 1099//1099 1289//1289 1109//1109 
f 1109//1109 1289//1289 1293//1293 
f 1100//1100 1101//1101 1099//1099 
f 1102//1102 1101//1101 1100//1100 
f 1097//1097 1102//1102 1100//1100 
f 1103//1103 1110//1110 1113//1113 
f 1098//1098 1110//1110 1103//1103 
f 1104//1104 1103//1103 1114//1114 
f 1114//1114 1103//1103 1113//1113 
f 1105//1105 1104//1104 1115//1115 
f 1115//1115 1104//1104 1114//1114 
f 1106//1106 1105//1105 1116//1116 
f 1116//1116 1105//1105 1115//1115 
f 1107//1107 1106//1106 1117//1117 
f 1117//1117 1106//1106 1116//1116 
f 1108//1108 1107//1107 1118//1118 
f 1118//1118 1107//1107 1117//1117 
f 1294//1294 1290//1290 1108//1108 
f 1118//1118 1294//1294 1108//1108 
f 1109//1109 1293//1293 1119//1119 
f 1293//1293 1295//1295 1119//1119 
f 1113//1113 1120//1120 1123//1123 
f 1110//1110 1120//1120 1113//1113 
f 1114//1114 1113//1113 1124//1124 
f 1124//1124 1113//1113 1123//1123 
f 1111//1111 1124//1124 1121//1121 
f 1111//1111 1115//1115 1124//1124 
f 1115//1115 1114//1114 1124//1124 
f 1112//1112 1115//1115 1111//1111 
f 1116//1116 1115//1115 1112//1112 
f 1122//1122 1116//1116 1112//1112 
f 1122//1122 1125//1125 1116//1116 
f 1125//1125 1117//1117 1116//1116 
f 1118//1118 1117//1117 1126//1126 
f 1126//1126 1117//1117 1125//1125 
f 1296//1296 1294//1294 1118//1118 
f 1126//1126 1296//1296 1118//1118 
f 1119//1119 1295//1295 1127//1127 
f 1295//1295 1297//1297 1127//1127 
f 1123//1123 1128//1128 1133//1133 
f 1120//1120 1128//1128 1123//1123 
f 1124//1124 1123//1123 1134//1134 
f 1134//1134 1123//1123 1133//1133 
f 1121//1121 1134//1134 1129//1129 
f 1124//1124 1134//1134 1121//1121 
f 1125//1125 1130//1130 1135//1135 
f 1122//1122 1130//1130 1125//1125 
f 1126//1126 1125//1125 1136//1136 
f 1136//1136 1125//1125 1135//1135 
f 1298//1298 1296//1296 1126//1126 
f 1136//1136 1298//1298 1126//1126 
f 1127//1127 1297//1297 1137//1137 
f 1297//1297 1301//1301 1137//1137 
f 1128//1128 1131//1131 1133//1133 
f 1132//1132 1133//1133 1131//1131 
f 1134//1134 1133//1133 1132//1132 
f 1129//1129 1134//1134 1132//1132 
f 1135//1135 1302//1302 1299//1299 
f 1135//1135 1130//1130 1302//1302 
f 1130//1130 1138//1138 1302//1302 
f 1136//1136 1135//1135 1299//1299 
f 1300//1300 1136//1136 1299//1299 
f 1298//1298 1136//1136 1300//1300 
f 1137//1137 1301//1301 1139//1139 
f 1301//1301 1305//1305 1139//1139 
f 1138//1138 1140//1140 1302//1302 
f 1302//1302 1140//1140 1306//1306 
f 1145//1145 1141//1141 1139//1139 
f 1145//1145 1139//1139 1309//1309 
f 1309//1309 1139//1139 1305//1305 
f 1141//1141 1146//1146 1142//1142 
f 1145//1145 1146//1146 1141//1141 
f 1142//1142 1146//1146 1143//1143 
f 1140//1140 1144//1144 1306//1306 
f 1306//1306 1144//1144 1310//1310 
f 1153//1153 1145//1145 1309//1309 
f 1311//1311 1153//1153 1309//1309 
f 1146//1146 1145//1145 1154//1154 
f 1154//1154 1145//1145 1153//1153 
f 1143//1143 1154//1154 1147//1147 
f 1146//1146 1154//1154 1143//1143 
f 1144//1144 1148//1148 1310//1310 
f 1310//1310 1148//1148 1312//1312 
f 1149//1149 1153//1153 1311//1311 
f 1149//1149 1311//1311 1155//1155 
f 1155//1155 1311//1311 1313//1313 
f 1150//1150 1153//1153 1149//1149 
f 1154//1154 1153//1153 1150//1150 
f 1147//1147 1154//1154 1150//1150 
f 1151//1151 1156//1156 1157//1157 
f 1151//1151 1158//1158 1152//1152 
f 1157//1157 1158//1158 1151//1151 
f 1152//1152 1158//1158 1314//1314 
f 1152//1152 1314//1314 1148//1148 
f 1148//1148 1314//1314 1312//1312 
f 1155//1155 1313//1313 1159//1159 
f 1313//1313 1315//1315 1159//1159 
f 1157//1157 1160//1160 1161//1161 
f 1156//1156 1160//1160 1157//1157 
f 1158//1158 1157//1157 1162//1162 
f 1162//1162 1157//1157 1161//1161 
f 1316//1316 1314//1314 1158//1158 
f 1162//1162 1316//1316 1158//1158 
f 1159//1159 1315//1315 1163//1163 
f 1315//1315 1319//1319 1163//1163 
f 1161//1161 1320//1320 1317//1317 
f 1161//1161 1160//1160 1320//1320 
f 1160//1160 1164//1164 1320//1320 
f 1162//1162 1161//1161 1317//1317 
f 1318//1318 1162//1162 1317//1317 
f 1316//1316 1162//1162 1318//1318 
f 1163//1163 1319//1319 1165//1165 
f 1319//1319 1323//1323 1165//1165 
f 1164//1164 1166//1166 1320//1320 
f 1320//1320 1166//1166 1324//1324 
f 1171//1171 1325//1325 1331//1331 
f 1171//1171 1172//1172 1326//1326 
f 1325//1325 1171//1171 1326//1326 
f 1172//1172 1323//1323 1326//1326 
f 1172//1172 1169//1169 1323//1323 
f 1169//1169 1165//1165 1323//1323 
f 1167//1167 1332//1332 1327//1327 
f 1170//1170 1332//1332 1167//1167 
f 1168//1168 1167//1167 1328//1328 
f 1167//1167 1327//1327 1328//1328 
f 1324//1324 1166//1166 1168//1168 
f 1328//1328 1324//1324 1168//1168 
f 1179//1179 1171//1171 1331//1331 
f 1337//1337 1179//1179 1331//1331 
f 1172//1172 1171//1171 1180//1180 
f 1180//1180 1171//1171 1179//1179 
f 1169//1169 1180//1180 1173//1173 
f 1172//1172 1180//1180 1169//1169 
f 1170//1170 1174//1174 1332//1332 
f 1332//1332 1174//1174 1338//1338 
f 1175//1175 1179//1179 1337//1337 
f 1175//1175 1337//1337 1181//1181 
f 1181//1181 1337//1337 1343//1343 
f 1176//1176 1179//1179 1175//1175 
f 1180//1180 1179//1179 1176//1176 
f 1173//1173 1180//1180 1176//1176 
f 1177//1177 1182//1182 1183//1183 
f 1177//1177 1184//1184 1178//1178 
f 1183//1183 1184//1184 1177//1177 
f 1178//1178 1184//1184 1344//1344 
f 1178//1178 1344//1344 1174//1174 
f 1174//1174 1344//1344 1338//1338 
f 1181//1181 1343//1343 1185//1185 
f 1343//1343 1347//1347 1185//1185 
f 1183//1183 1186//1186 1189//1189 
f 1182//1182 1186//1186 1183//1183 
f 1184//1184 1183//1183 1190//1190 
f 1190//1190 1183//1183 1189//1189 
f 1348//1348 1344//1344 1184//1184 
f 1190//1190 1348//1348 1184//1184 
f 1349//1349 1193//1193 1191//1191 
f 1349//1349 1191//1191 1347//1347 
f 1347//1347 1191//1191 1185//1185 
f 1193//1193 1350//1350 1194//1194 
f 1349//1349 1350//1350 1193//1193 
f 1194//1194 1187//1187 1192//1192 
f 1194//1194 1350//1350 1187//1187 
f 1195//1195 1187//1187 1355//1355 
f 1355//1355 1187//1187 1350//1350 
f 1187//1187 1196//1196 1188//1188 
f 1195//1195 1196//1196 1187//1187 
f 1188//1188 1196//1196 1356//1356 
f 1186//1186 1188//1188 1356//1356 
f 1186//1186 1356//1356 1351//1351 
f 1186//1186 1351//1351 1189//1189 
f 1190//1190 1189//1189 1351//1351 
f 1352//1352 1190//1190 1351//1351 
f 1348//1348 1190//1190 1352//1352 
f 1193//1193 1201//1201 1197//1197 
f 1191//1191 1193//1193 1197//1197 
f 1194//1194 1202//1202 1193//1193 
f 1202//1202 1201//1201 1193//1193 
f 1192//1192 1198//1198 1194//1194 
f 1198//1198 1202//1202 1194//1194 
f 1355//1355 1203//1203 1195//1195 
f 1355//1355 1359//1359 1203//1203 
f 1196//1196 1195//1195 1204//1204 
f 1204//1204 1195//1195 1203//1203 
f 1360//1360 1356//1356 1196//1196 
f 1204//1204 1360//1360 1196//1196 
f 1197//1197 1201//1201 1199//1199 
f 1200//1200 1199//1199 1201//1201 
f 1202//1202 1200//1200 1201//1201 
f 1203//1203 1359//1359 1361//1361 
f 1198//1198 1200//1200 1202//1202 
f 1204//1204 1203//1203 1361//1361 
f 1362//1362 1204//1204 1361//1361 
f 1360//1360 1204//1204 1362//1362 
f 1205//1205 1214//1214 1212//1212 
f 1205//1205 1206//1206 1215//1215 
f 1214//1214 1205//1205 1215//1215 
f 1370//1370 1215//1215 1206//1206 
f 1370//1370 1206//1206 1365//1365 
f 1365//1365 1206//1206 1207//1207 
f 1208//1208 1366//1366 1207//1207 
f 1207//1207 1366//1366 1365//1365 
f 1209//1209 1367//1367 1208//1208 
f 1208//1208 1367//1367 1366//1366 
f 1210//1210 1368//1368 1209//1209 
f 1209//1209 1368//1368 1367//1367 
f 1211//1211 1369//1369 1210//1210 
f 1210//1210 1369//1369 1368//1368 
f 1369//1369 1211//1211 1213//1213 
f 1371//1371 1369//1369 1213//1213 
f 1214//1214 1226//1226 1216//1216 
f 1212//1212 1214//1214 1216//1216 
f 1215//1215 1227//1227 1214//1214 
f 1227//1227 1226//1226 1214//1214 
f 1372//1372 1215//1215 1370//1370 
f 1227//1227 1215//1215 1372//1372 
f 1213//1213 1217//1217 1371//1371 
f 1371//1371 1217//1217 1373//1373 
f 1218//1218 1230//1230 1228//1228 
f 1218//1218 1219//1219 1231//1231 
f 1230//1230 1218//1218 1231//1231 
f 1219//1219 1220//1220 1232//1232 
f 1231//1231 1219//1219 1232//1232 
f 1220//1220 1221//1221 1233//1233 
f 1232//1232 1220//1220 1233//1233 
f 1380//1380 1233//1233 1221//1221 
f 1380//1380 1221//1221 1374//1374 
f 1374//1374 1221//1221 1222//1222 
f 1223//1223 1375//1375 1222//1222 
f 1222//1222 1375//1375 1374//1374 
f 1226//1226 1223//1223 1216//1216 
f 1226//1226 1376//1376 1223//1223 
f 1376//1376 1375//1375 1223//1223 
f 1227//1227 1376//1376 1226//1226 
f 1377//1377 1376//1376 1227//1227 
f 1372//1372 1377//1377 1227//1227 
f 1224//1224 1381//1381 1378//1378 
f 1229//1229 1381//1381 1224//1224 
f 1225//1225 1224//1224 1379//1379 
f 1224//1224 1378//1378 1379//1379 
f 1373//1373 1217//1217 1225//1225 
f 1379//1379 1373//1373 1225//1225 
f 1230//1230 1238//1238 1234//1234 
f 1228//1228 1230//1230 1234//1234 
f 1231//1231 1239//1239 1230//1230 
f 1239//1239 1238//1238 1230//1230 
f 1232//1232 1240//1240 1231//1231 
f 1240//1240 1239//1239 1231//1231 
f 1233//1233 1241//1241 1232//1232 
f 1241//1241 1240//1240 1232//1232 
f 1382//1382 1233//1233 1380//1380 
f 1241//1241 1233//1233 1382//1382 
f 1229//1229 1235//1235 1381//1381 
f 1381//1381 1235//1235 1383//1383 
f 1236//1236 1244//1244 1242//1242 
f 1236//1236 1237//1237 1245//1245 
f 1244//1244 1236//1236 1245//1245 
f 1237//1237 1388//1388 1245//1245 
f 1234//1234 1388//1388 1237//1237 
f 1234//1234 1384//1384 1388//1388 
f 1234//1234 1238//1238 1384//1384 
f 1239//1239 1384//1384 1238//1238 
f 1385//1385 1384//1384 1239//1239 
f 1240//1240 1385//1385 1239//1239 
f 1386//1386 1385//1385 1240//1240 
f 1241//1241 1386//1386 1240//1240 
f 1387//1387 1386//1386 1241//1241 
f 1382//1382 1387//1387 1241//1241 
f 1235//1235 1243//1243 1383//1383 
f 1383//1383 1243//1243 1389//1389 
f 1244//1244 1249//1249 1246//1246 
f 1242//1242 1244//1244 1246//1246 
f 1245//1245 1250//1250 1244//1244 
f 1250//1250 1249//1249 1244//1244 
f 1390//1390 1245//1245 1388//1388 
f 1250//1250 1245//1245 1390//1390 
f 1243//1243 1247//1247 1389//1389 
f 1389//1389 1247//1247 1391//1391 
f 1249//1249 1392//1392 1395//1395 
f 1249//1249 1395//1395 1246//1246 
f 1246//1246 1395//1395 1251//1251 
f 1250//1250 1392//1392 1249//1249 
f 1393//1393 1392//1392 1250//1250 
f 1390//1390 1393//1393 1250//1250 
f 1248//1248 1396//1396 1394//1394 
f 1252//1252 1396//1396 1248//1248 
f 1391//1391 1247//1247 1248//1248 
f 1394//1394 1391//1391 1248//1248 
f 1251//1251 1395//1395 1253//1253 
f 1395//1395 1397//1397 1253//1253 
f 1252//1252 1254//1254 1396//1396 
f 1396//1396 1254//1254 1398//1398 
f 1255//1255 1259//1259 1257//1257 
f 1255//1255 1256//1256 1260//1260 
f 1259//1259 1255//1255 1260//1260 
f 1256//1256 1399//1399 1260//1260 
f 1256//1256 1253//1253 1399//1399 
f 1253//1253 1397//1397 1399//1399 
f 1254//1254 1258//1258 1398//1398 
f 1398//1398 1258//1258 1400//1400 
f 1259//1259 1265//1265 1261//1261 
f 1257//1257 1259//1259 1261//1261 
f 1260//1260 1266//1266 1259//1259 
f 1266//1266 1265//1265 1259//1259 
f 1401//1401 1260//1260 1399//1399 
f 1266//1266 1260//1260 1401//1401 
f 1258//1258 1262//1262 1400//1400 
f 1400//1400 1262//1262 1402//1402 
f 1265//1265 1403//1403 1405//1405 
f 1265//1265 1405//1405 1261//1261 
f 1261//1261 1405//1405 1267//1267 
f 1266//1266 1403//1403 1265//1265 
f 1404//1404 1403//1403 1266//1266 
f 1401//1401 1404//1404 1266//1266 
f 1263//1263 1268//1268 1269//1269 
f 1263//1263 1270//1270 1264//1264 
f 1269//1269 1270//1270 1263//1263 
f 1264//1264 1270//1270 1406//1406 
f 1264//1264 1406//1406 1262//1262 
f 1262//1262 1406//1406 1402//1402 
f 1267//1267 1405//1405 1271//1271 
f 1405//1405 1407//1407 1271//1271 
f 1269//1269 1272//1272 1273//1273 
f 1268//1268 1272//1272 1269//1269 
f 1270//1270 1269//1269 1274//1274 
f 1274//1274 1269//1269 1273//1273 
f 1408//1408 1406//1406 1270//1270 
f 1274//1274 1408//1408 1270//1270 
f 1271//1271 1407//1407 1275//1275 
f 1407//1407 1411//1411 1275//1275 
f 1273//1273 1412//1412 1409//1409 
f 1273//1273 1272//1272 1412//1412 
f 1272//1272 1276//1276 1412//1412 
f 1274//1274 1273//1273 1409//1409 
f 1410//1410 1274//1274 1409//1409 
f 1408//1408 1274//1274 1410//1410 
f 1275//1275 1411//1411 1277//1277 
f 1411//1411 1413//1413 1277//1277 
f 1276//1276 1278//1278 1412//1412 
f 1412//1412 1278//1278 1414//1414 
f 1277//1277 1413//1413 1279//1279 
f 1413//1413 1415//1415 1279//1279 
f 1278//1278 1280//1280 1414//1414 
f 1414//1414 1280//1280 1416//1416 
f 1279//1279 1415//1415 1281//1281 
f 1415//1415 1417//1417 1281//1281 
f 1280//1280 1282//1282 1416//1416 
f 1416//1416 1282//1282 1418//1418 
f 1281//1281 1417//1417 1285//1285 
f 1417//1417 1419//1419 1285//1285 
f 1283//1283 1286//1286 1287//1287 
f 1283//1283 1288//1288 1284//1284 
f 1287//1287 1288//1288 1283//1283 
f 1284//1284 1288//1288 1420//1420 
f 1284//1284 1420//1420 1282//1282 
f 1282//1282 1420//1420 1418//1418 
f 1285//1285 1419//1419 1289//1289 
f 1419//1419 1421//1421 1289//1289 
f 1287//1287 1290//1290 1291//1291 
f 1286//1286 1290//1290 1287//1287 
f 1288//1288 1287//1287 1292//1292 
f 1292//1292 1287//1287 1291//1291 
f 1422//1422 1420//1420 1288//1288 
f 1292//1292 1422//1422 1288//1288 
f 1289//1289 1421//1421 1293//1293 
f 1421//1421 1425//1425 1293//1293 
f 1291//1291 1426//1426 1423//1423 
f 1291//1291 1290//1290 1426//1426 
f 1290//1290 1294//1294 1426//1426 
f 1292//1292 1291//1291 1423//1423 
f 1424//1424 1292//1292 1423//1423 
f 1422//1422 1292//1292 1424//1424 
f 1293//1293 1425//1425 1295//1295 
f 1425//1425 1427//1427 1295//1295 
f 1294//1294 1296//1296 1426//1426 
f 1426//1426 1296//1296 1428//1428 
f 1295//1295 1427//1427 1297//1297 
f 1427//1427 1429//1429 1297//1297 
f 1296//1296 1298//1298 1428//1428 
f 1428//1428 1298//1298 1430//1430 
f 1297//1297 1429//1429 1301//1301 
f 1429//1429 1431//1431 1301//1301 
f 1299//1299 1302//1302 1303//1303 
f 1299//1299 1304//1304 1300//1300 
f 1303//1303 1304//1304 1299//1299 
f 1300//1300 1304//1304 1432//1432 
f 1300//1300 1432//1432 1298//1298 
f 1298//1298 1432//1432 1430//1430 
f 1301//1301 1431//1431 1305//1305 
f 1431//1431 1433//1433 1305//1305 
f 1303//1303 1306//1306 1307//1307 
f 1302//1302 1306//1306 1303//1303 
f 1304//1304 1303//1303 1308//1308 
f 1308//1308 1303//1303 1307//1307 
f 1434//1434 1432//1432 1304//1304 
f 1308//1308 1434//1434 1304//1304 
f 1305//1305 1433//1433 1309//1309 
f 1433//1433 1437//1437 1309//1309 
f 1307//1307 1438//1438 1435//1435 
f 1307//1307 1306//1306 1438//1438 
f 1306//1306 1310//1310 1438//1438 
f 1308//1308 1307//1307 1435//1435 
f 1436//1436 1308//1308 1435//1435 
f 1434//1434 1308//1308 1436//1436 
f 1309//1309 1437//1437 1311//1311 
f 1437//1437 1439//1439 1311//1311 
f 1310//1310 1312//1312 1438//1438 
f 1438//1438 1312//1312 1440//1440 
f 1311//1311 1439//1439 1313//1313 
f 1439//1439 1441//1441 1313//1313 
f 1312//1312 1314//1314 1440//1440 
f 1440//1440 1314//1314 1442//1442 
f 1313//1313 1441//1441 1315//1315 
f 1441//1441 1443//1443 1315//1315 
f 1314//1314 1316//1316 1442//1442 
f 1442//1442 1316//1316 1444//1444 
f 1315//1315 1443//1443 1319//1319 
f 1443//1443 1445//1445 1319//1319 
f 1317//1317 1320//1320 1321//1321 
f 1317//1317 1322//1322 1318//1318 
f 1321//1321 1322//1322 1317//1317 
f 1318//1318 1322//1322 1446//1446 
f 1318//1318 1446//1446 1316//1316 
f 1316//1316 1446//1446 1444//1444 
f 1319//1319 1445//1445 1323//1323 
f 1445//1445 1447//1447 1323//1323 
f 1321//1321 1324//1324 1329//1329 
f 1320//1320 1324//1324 1321//1321 
f 1322//1322 1321//1321 1330//1330 
f 1330//1330 1321//1321 1329//1329 
f 1448//1448 1446//1446 1322//1322 
f 1330//1330 1448//1448 1322//1322 
f 1325//1325 1333//1333 1331//1331 
f 1325//1325 1326//1326 1334//1334 
f 1333//1333 1325//1325 1334//1334 
f 1326//1326 1451//1451 1334//1334 
f 1326//1326 1323//1323 1451//1451 
f 1323//1323 1447//1447 1451//1451 
f 1327//1327 1332//1332 1335//1335 
f 1327//1327 1336//1336 1328//1328 
f 1335//1335 1336//1336 1327//1327 
f 1328//1328 1336//1336 1452//1452 
f 1324//1324 1328//1328 1452//1452 
f 1324//1324 1452//1452 1449//1449 
f 1324//1324 1449//1449 1329//1329 
f 1330//1330 1329//1329 1449//1449 
f 1450//1450 1330//1330 1449//1449 
f 1448//1448 1330//1330 1450//1450 
f 1333//1333 1339//1339 1337//1337 
f 1331//1331 1333//1333 1337//1337 
f 1334//1334 1340//1340 1333//1333 
f 1340//1340 1339//1339 1333//1333 
f 1453//1453 1334//1334 1451//1451 
f 1340//1340 1334//1334 1453//1453 
f 1335//1335 1338//1338 1341//1341 
f 1332//1332 1338//1338 1335//1335 
f 1336//1336 1335//1335 1342//1342 
f 1342//1342 1335//1335 1341//1341 
f 1454//1454 1452//1452 1336//1336 
f 1342//1342 1454//1454 1336//1336 
f 1339//1339 1345//1345 1343//1343 
f 1337//1337 1339//1339 1343//1343 
f 1340//1340 1346//1346 1339//1339 
f 1346//1346 1345//1345 1339//1339 
f 1457//1457 1340//1340 1453//1453 
f 1346//1346 1340//1340 1457//1457 
f 1341//1341 1458//1458 1455//1455 
f 1341//1341 1338//1338 1458//1458 
f 1338//1338 1344//1344 1458//1458 
f 1342//1342 1341//1341 1455//1455 
f 1456//1456 1342//1342 1455//1455 
f 1454//1454 1342//1342 1456//1456 
f 1345//1345 1353//1353 1347//1347 
f 1343//1343 1345//1345 1347//1347 
f 1346//1346 1354//1354 1345//1345 
f 1354//1354 1353//1353 1345//1345 
f 1459//1459 1346//1346 1457//1457 
f 1354//1354 1346//1346 1459//1459 
f 1344//1344 1348//1348 1458//1458 
f 1458//1458 1348//1348 1460//1460 
f 1347//1347 1353//1353 1349//1349 
f 1350//1350 1349//1349 1353//1353 
f 1354//1354 1350//1350 1353//1353 
f 1355//1355 1461//1461 1357//1357 
f 1350//1350 1461//1461 1355//1355 
f 1350//1350 1459//1459 1461//1461 
f 1350//1350 1354//1354 1459//1459 
f 1357//1357 1462//1462 1358//1358 
f 1461//1461 1462//1462 1357//1357 
f 1358//1358 1351//1351 1356//1356 
f 1358//1358 1462//1462 1351//1351 
f 1462//1462 1463//1463 1351//1351 
f 1352//1352 1351//1351 1464//1464 
f 1351//1351 1463//1463 1464//1464 
f 1460//1460 1348//1348 1352//1352 
f 1464//1464 1460//1460 1352//1352 
f 1357//1357 1363//1363 1359//1359 
f 1355//1355 1357//1357 1359//1359 
f 1358//1358 1364//1364 1357//1357 
f 1364//1364 1363//1363 1357//1357 
f 1356//1356 1360//1360 1364//1364 
f 1358//1358 1356//1356 1364//1364 
f 1359//1359 1363//1363 1361//1361 
f 1362//1362 1361//1361 1363//1363 
f 1364//1364 1362//1362 1363//1363 
f 1360//1360 1362//1362 1364//1364 
f 1365//1365 1465//1465 1470//1470 
f 1370//1370 1365//1365 1470//1470 
f 1366//1366 1466//1466 1365//1365 
f 1365//1365 1466//1466 1465//1465 
f 1367//1367 1467//1467 1366//1366 
f 1366//1366 1467//1467 1466//1466 
f 1368//1368 1468//1468 1367//1367 
f 1367//1367 1468//1468 1467//1467 
f 1369//1369 1469//1469 1368//1368 
f 1368//1368 1469//1469 1468//1468 
f 1469//1469 1369//1369 1371//1371 
f 1471//1471 1469//1469 1371//1371 
f 1370//1370 1470//1470 1372//1372 
f 1470//1470 1476//1476 1372//1372 
f 1371//1371 1373//1373 1471//1471 
f 1471//1471 1373//1373 1477//1477 
f 1374//1374 1478//1478 1488//1488 
f 1380//1380 1374//1374 1488//1488 
f 1375//1375 1479//1479 1374//1374 
f 1374//1374 1479//1479 1478//1478 
f 1376//1376 1480//1480 1375//1375 
f 1375//1375 1480//1480 1479//1479 
f 1377//1377 1481//1481 1376//1376 
f 1376//1376 1481//1481 1480//1480 
f 1476//1476 1377//1377 1372//1372 
f 1481//1481 1377//1377 1476//1476 
f 1378//1378 1489//1489 1482//1482 
f 1381//1381 1489//1489 1378//1378 
f 1379//1379 1378//1378 1483//1483 
f 1378//1378 1482//1482 1483//1483 
f 1477//1477 1373//1373 1379//1379 
f 1483//1483 1477//1477 1379//1379 
f 1380//1380 1488//1488 1382//1382 
f 1488//1488 1494//1494 1382//1382 
f 1381//1381 1383//1383 1489//1489 
f 1489//1489 1383//1383 1495//1495 
f 1384//1384 1496//1496 1504//1504 
f 1388//1388 1384//1384 1504//1504 
f 1385//1385 1497//1497 1384//1384 
f 1384//1384 1497//1497 1496//1496 
f 1386//1386 1498//1498 1385//1385 
f 1385//1385 1498//1498 1497//1497 
f 1387//1387 1499//1499 1386//1386 
f 1386//1386 1499//1499 1498//1498 
f 1494//1494 1387//1387 1382//1382 
f 1499//1499 1387//1387 1494//1494 
f 1383//1383 1389//1389 1495//1495 
f 1495//1495 1389//1389 1505//1505 
f 1388//1388 1504//1504 1390//1390 
f 1504//1504 1508//1508 1390//1390 
f 1389//1389 1391//1391 1505//1505 
f 1505//1505 1391//1391 1509//1509 
f 1392//1392 1510//1510 1515//1515 
f 1395//1395 1392//1392 1515//1515 
f 1393//1393 1511//1511 1392//1392 
f 1392//1392 1511//1511 1510//1510 
f 1508//1508 1393//1393 1390//1390 
f 1511//1511 1393//1393 1508//1508 
f 1394//1394 1516//1516 1512//1512 
f 1396//1396 1516//1516 1394//1394 
f 1509//1509 1391//1391 1394//1394 
f 1512//1512 1509//1509 1394//1394 
f 1395//1395 1515//1515 1397//1397 
f 1515//1515 1519//1519 1397//1397 
f 1396//1396 1398//1398 1516//1516 
f 1516//1516 1398//1398 1520//1520 
f 1397//1397 1519//1519 1399//1399 
f 1519//1519 1523//1523 1399//1399 
f 1398//1398 1400//1400 1520//1520 
f 1520//1520 1400//1400 1524//1524 
f 1399//1399 1523//1523 1401//1401 
f 1523//1523 1525//1525 1401//1401 
f 1400//1400 1402//1402 1524//1524 
f 1524//1524 1402//1402 1526//1526 
f 1403//1403 1527//1527 1529//1529 
f 1405//1405 1403//1403 1529//1529 
f 1404//1404 1528//1528 1403//1403 
f 1403//1403 1528//1528 1527//1527 
f 1525//1525 1404//1404 1401//1401 
f 1528//1528 1404//1404 1525//1525 
f 1402//1402 1406//1406 1526//1526 
f 1526//1526 1406//1406 1530//1530 
f 1405//1405 1529//1529 1407//1407 
f 1529//1529 1533//1533 1407//1407 
f 1406//1406 1408//1408 1530//1530 
f 1530//1530 1408//1408 1534//1534 
f 1407//1407 1533//1533 1411//1411 
f 1533//1533 1539//1539 1411//1411 
f 1409//1409 1540//1540 1535//1535 
f 1412//1412 1540//1540 1409//1409 
f 1410//1410 1409//1409 1536//1536 
f 1409//1409 1535//1535 1536//1536 
f 1534//1534 1408//1408 1410//1410 
f 1536//1536 1534//1534 1410//1410 
f 1411//1411 1539//1539 1413//1413 
f 1539//1539 1543//1543 1413//1413 
f 1412//1412 1414//1414 1540//1540 
f 1540//1540 1414//1414 1544//1544 
f 1413//1413 1543//1543 1415//1415 
f 1543//1543 1547//1547 1415//1415 
f 1414//1414 1416//1416 1544//1544 
f 1544//1544 1416//1416 1548//1548 
f 1415//1415 1547//1547 1417//1417 
f 1547//1547 1551//1551 1417//1417 
f 1416//1416 1418//1418 1548//1548 
f 1548//1548 1418//1418 1552//1552 
f 1417//1417 1551//1551 1419//1419 
f 1551//1551 1555//1555 1419//1419 
f 1418//1418 1420//1420 1552//1552 
f 1552//1552 1420//1420 1556//1556 
f 1419//1419 1555//1555 1421//1421 
f 1555//1555 1559//1559 1421//1421 
f 1420//1420 1422//1422 1556//1556 
f 1556//1556 1422//1422 1560//1560 
f 1421//1421 1559//1559 1425//1425 
f 1559//1559 1565//1565 1425//1425 
f 1423//1423 1566//1566 1561//1561 
f 1426//1426 1566//1566 1423//1423 
f 1424//1424 1423//1423 1562//1562 
f 1423//1423 1561//1561 1562//1562 
f 1560//1560 1422//1422 1424//1424 
f 1562//1562 1560//1560 1424//1424 
f 1425//1425 1565//1565 1427//1427 
f 1565//1565 1569//1569 1427//1427 
f 1426//1426 1428//1428 1566//1566 
f 1566//1566 1428//1428 1570//1570 
f 1427//1427 1569//1569 1429//1429 
f 1569//1569 1571//1571 1429//1429 
f 1428//1428 1430//1430 1570//1570 
f 1570//1570 1430//1430 1572//1572 
f 1429//1429 1571//1571 1431//1431 
f 1571//1571 1573//1573 1431//1431 
f 1430//1430 1432//1432 1572//1572 
f 1572//1572 1432//1432 1574//1574 
f 1431//1431 1573//1573 1433//1433 
f 1573//1573 1575//1575 1433//1433 
f 1432//1432 1434//1434 1574//1574 
f 1574//1574 1434//1434 1576//1576 
f 1433//1433 1575//1575 1437//1437 
f 1575//1575 1579//1579 1437//1437 
f 1435//1435 1580//1580 1577//1577 
f 1438//1438 1580//1580 1435//1435 
f 1436//1436 1435//1435 1578//1578 
f 1435//1435 1577//1577 1578//1578 
f 1576//1576 1434//1434 1436//1436 
f 1578//1578 1576//1576 1436//1436 
f 1437//1437 1579//1579 1439//1439 
f 1579//1579 1583//1583 1439//1439 
f 1438//1438 1440//1440 1580//1580 
f 1580//1580 1440//1440 1584//1584 
f 1439//1439 1583//1583 1441//1441 
f 1583//1583 1587//1587 1441//1441 
f 1440//1440 1442//1442 1584//1584 
f 1584//1584 1442//1442 1588//1588 
f 1441//1441 1587//1587 1443//1443 
f 1587//1587 1589//1589 1443//1443 
f 1442//1442 1444//1444 1588//1588 
f 1588//1588 1444//1444 1590//1590 
f 1443//1443 1589//1589 1445//1445 
f 1589//1589 1591//1591 1445//1445 
f 1444//1444 1446//1446 1590//1590 
f 1590//1590 1446//1446 1592//1592 
f 1445//1445 1591//1591 1447//1447 
f 1591//1591 1593//1593 1447//1447 
f 1446//1446 1448//1448 1592//1592 
f 1592//1592 1448//1448 1594//1594 
f 1447//1447 1593//1593 1451//1451 
f 1593//1593 1597//1597 1451//1451 
f 1449//1449 1598//1598 1595//1595 
f 1452//1452 1598//1598 1449//1449 
f 1450//1450 1449//1449 1596//1596 
f 1449//1449 1595//1595 1596//1596 
f 1594//1594 1448//1448 1450//1450 
f 1596//1596 1594//1594 1450//1450 
f 1451//1451 1597//1597 1453//1453 
f 1597//1597 1599//1599 1453//1453 
f 1452//1452 1454//1454 1598//1598 
f 1598//1598 1454//1454 1600//1600 
f 1453//1453 1599//1599 1457//1457 
f 1599//1599 1603//1603 1457//1457 
f 1455//1455 1604//1604 1601//1601 
f 1458//1458 1604//1604 1455//1455 
f 1456//1456 1455//1455 1602//1602 
f 1455//1455 1601//1601 1602//1602 
f 1600//1600 1454//1454 1456//1456 
f 1602//1602 1600//1600 1456//1456 
f 1457//1457 1603//1603 1459//1459 
f 1603//1603 1605//1605 1459//1459 
f 1458//1458 1460//1460 1604//1604 
f 1604//1604 1460//1460 1606//1606 
f 1459//1459 1605//1605 1607//1607 
f 1461//1461 1459//1459 1607//1607 
f 1462//1462 1461//1461 1608//1608 
f 1461//1461 1607//1607 1608//1608 
f 1463//1463 1462//1462 1609//1609 
f 1462//1462 1608//1608 1609//1609 
f 1464//1464 1463//1463 1610//1610 
f 1463//1463 1609//1609 1610//1610 
f 1606//1606 1460//1460 1464//1464 
f 1610//1610 1606//1606 1464//1464 
f 1465//1465 1472//1472 1470//1470 
f 1465//1465 1466//1466 1473//1473 
f 1472//1472 1465//1465 1473//1473 
f 1612//1612 1473//1473 1466//1466 
f 1612//1612 1466//1466 1611//1611 
f 1611//1611 1466//1466 1467//1467 
f 1474//1474 1613//1613 1611//1611 
f 1474//1474 1611//1611 1468//1468 
f 1468//1468 1611//1611 1467//1467 
f 1468//1468 1469//1469 1475//1475 
f 1474//1474 1468//1468 1475//1475 
f 1469//1469 1471//1471 1475//1475 
f 1472//1472 1484//1484 1476//1476 
f 1470//1470 1472//1472 1476//1476 
f 1473//1473 1485//1485 1472//1472 
f 1485//1485 1484//1484 1472//1472 
f 1615//1615 1473//1473 1612//1612 
f 1485//1485 1473//1473 1615//1615 
f 1486//1486 1613//1613 1474//1474 
f 1616//1616 1613//1613 1486//1486 
f 1475//1475 1487//1487 1474//1474 
f 1487//1487 1486//1486 1474//1474 
f 1471//1471 1477//1477 1487//1487 
f 1475//1475 1471//1471 1487//1487 
f 1478//1478 1490//1490 1488//1488 
f 1478//1478 1479//1479 1491//1491 
f 1490//1490 1478//1478 1491//1491 
f 1624//1624 1491//1491 1479//1479 
f 1624//1624 1479//1479 1617//1617 
f 1617//1617 1479//1479 1480//1480 
f 1481//1481 1618//1618 1480//1480 
f 1480//1480 1618//1618 1617//1617 
f 1484//1484 1481//1481 1476//1476 
f 1484//1484 1619//1619 1481//1481 
f 1619//1619 1618//1618 1481//1481 
f 1485//1485 1619//1619 1484//1484 
f 1620//1620 1619//1619 1485//1485 
f 1615//1615 1620//1620 1485//1485 
f 1621//1621 1489//1489 1492//1492 
f 1621//1621 1616//1616 1489//1489 
f 1482//1482 1489//1489 1486//1486 
f 1486//1486 1489//1489 1616//1616 
f 1493//1493 1622//1622 1621//1621 
f 1493//1493 1621//1621 1492//1492 
f 1487//1487 1483//1483 1486//1486 
f 1486//1486 1483//1483 1482//1482 
f 1483//1483 1487//1487 1477//1477 
f 1493//1493 1625//1625 1622//1622 
f 1490//1490 1500//1500 1494//1494 
f 1488//1488 1490//1490 1494//1494 
f 1491//1491 1501//1501 1490//1490 
f 1501//1501 1500//1500 1490//1490 
f 1626//1626 1491//1491 1624//1624 
f 1501//1501 1491//1491 1626//1626 
f 1492//1492 1495//1495 1502//1502 
f 1489//1489 1495//1495 1492//1492 
f 1493//1493 1492//1492 1503//1503 
f 1503//1503 1492//1492 1502//1502 
f 1627//1627 1625//1625 1493//1493 
f 1503//1503 1627//1627 1493//1493 
f 1496//1496 1506//1506 1504//1504 
f 1496//1496 1497//1497 1507//1507 
f 1506//1506 1496//1496 1507//1507 
f 1634//1634 1507//1507 1497//1497 
f 1634//1634 1497//1497 1628//1628 
f 1628//1628 1497//1497 1498//1498 
f 1499//1499 1629//1629 1498//1498 
f 1498//1498 1629//1629 1628//1628 
f 1500//1500 1499//1499 1494//1494 
f 1500//1500 1630//1630 1499//1499 
f 1630//1630 1629//1629 1499//1499 
f 1501//1501 1630//1630 1500//1500 
f 1631//1631 1630//1630 1501//1501 
f 1626//1626 1631//1631 1501//1501 
f 1502//1502 1635//1635 1632//1632 
f 1502//1502 1495//1495 1635//1635 
f 1495//1495 1505//1505 1635//1635 
f 1503//1503 1502//1502 1632//1632 
f 1633//1633 1503//1503 1632//1632 
f 1627//1627 1503//1503 1633//1633 
f 1506//1506 1513//1513 1508//1508 
f 1504//1504 1506//1506 1508//1508 
f 1507//1507 1514//1514 1506//1506 
f 1514//1514 1513//1513 1506//1506 
f 1638//1638 1507//1507 1634//1634 
f 1514//1514 1507//1507 1638//1638 
f 1505//1505 1509//1509 1635//1635 
f 1635//1635 1509//1509 1639//1639 
f 1510//1510 1517//1517 1515//1515 
f 1510//1510 1511//1511 1518//1518 
f 1517//1517 1510//1510 1518//1518 
f 1511//1511 1645//1645 1518//1518 
f 1508//1508 1645//1645 1511//1511 
f 1508//1508 1640//1640 1645//1645 
f 1508//1508 1513//1513 1640//1640 
f 1514//1514 1640//1640 1513//1513 
f 1641//1641 1640//1640 1514//1514 
f 1638//1638 1641//1641 1514//1514 
f 1512//1512 1646//1646 1642//1642 
f 1516//1516 1646//1646 1512//1512 
f 1639//1639 1509//1509 1512//1512 
f 1642//1642 1639//1639 1512//1512 
f 1517//1517 1521//1521 1519//1519 
f 1515//1515 1517//1517 1519//1519 
f 1518//1518 1522//1522 1517//1517 
f 1522//1522 1521//1521 1517//1517 
f 1650//1650 1518//1518 1645//1645 
f 1522//1522 1518//1518 1650//1650 
f 1516//1516 1520//1520 1646//1646 
f 1646//1646 1520//1520 1651//1651 
f 1521//1521 1652//1652 1657//1657 
f 1521//1521 1657//1657 1519//1519 
f 1519//1519 1657//1657 1523//1523 
f 1522//1522 1652//1652 1521//1521 
f 1653//1653 1652//1652 1522//1522 
f 1650//1650 1653//1653 1522//1522 
f 1520//1520 1524//1524 1651//1651 
f 1651//1651 1524//1524 1658//1658 
f 1523//1523 1657//1657 1525//1525 
f 1657//1657 1661//1661 1525//1525 
f 1524//1524 1526//1526 1658//1658 
f 1658//1658 1526//1526 1662//1662 
f 1527//1527 1531//1531 1529//1529 
f 1527//1527 1528//1528 1532//1532 
f 1531//1531 1527//1527 1532//1532 
f 1528//1528 1665//1665 1532//1532 
f 1528//1528 1525//1525 1665//1665 
f 1525//1525 1661//1661 1665//1665 
f 1526//1526 1530//1530 1662//1662 
f 1662//1662 1530//1530 1666//1666 
f 1531//1531 1537//1537 1533//1533 
f 1529//1529 1531//1531 1533//1533 
f 1532//1532 1538//1538 1531//1531 
f 1538//1538 1537//1537 1531//1531 
f 1669//1669 1532//1532 1665//1665 
f 1538//1538 1532//1532 1669//1669 
f 1530//1530 1534//1534 1666//1666 
f 1666//1666 1534//1534 1670//1670 
f 1537//1537 1541//1541 1539//1539 
f 1533//1533 1537//1537 1539//1539 
f 1538//1538 1542//1542 1537//1537 
f 1542//1542 1541//1541 1537//1537 
f 1675//1675 1538//1538 1669//1669 
f 1542//1542 1538//1538 1675//1675 
f 1535//1535 1676//1676 1671//1671 
f 1540//1540 1676//1676 1535//1535 
f 1536//1536 1535//1535 1672//1672 
f 1535//1535 1671//1671 1672//1672 
f 1670//1670 1534//1534 1536//1536 
f 1672//1672 1670//1670 1536//1536 
f 1541//1541 1545//1545 1543//1543 
f 1539//1539 1541//1541 1543//1543 
f 1542//1542 1546//1546 1541//1541 
f 1546//1546 1545//1545 1541//1541 
f 1679//1679 1542//1542 1675//1675 
f 1546//1546 1542//1542 1679//1679 
f 1540//1540 1544//1544 1676//1676 
f 1676//1676 1544//1544 1680//1680 
f 1545//1545 1549//1549 1547//1547 
f 1543//1543 1545//1545 1547//1547 
f 1546//1546 1550//1550 1545//1545 
f 1550//1550 1549//1549 1545//1545 
f 1683//1683 1546//1546 1679//1679 
f 1550//1550 1546//1546 1683//1683 
f 1544//1544 1548//1548 1680//1680 
f 1680//1680 1548//1548 1684//1684 
f 1549//1549 1553//1553 1551//1551 
f 1547//1547 1549//1549 1551//1551 
f 1550//1550 1554//1554 1549//1549 
f 1554//1554 1553//1553 1549//1549 
f 1685//1685 1550//1550 1683//1683 
f 1554//1554 1550//1550 1685//1685 
f 1548//1548 1552//1552 1684//1684 
f 1684//1684 1552//1552 1686//1686 
f 1553//1553 1557//1557 1555//1555 
f 1551//1551 1553//1553 1555//1555 
f 1554//1554 1558//1558 1553//1553 
f 1558//1558 1557//1557 1553//1553 
f 1687//1687 1554//1554 1685//1685 
f 1558//1558 1554//1554 1687//1687 
f 1552//1552 1556//1556 1686//1686 
f 1686//1686 1556//1556 1688//1688 
f 1557//1557 1563//1563 1559//1559 
f 1555//1555 1557//1557 1559//1559 
f 1558//1558 1564//1564 1557//1557 
f 1564//1564 1563//1563 1557//1557 
f 1689//1689 1558//1558 1687//1687 
f 1564//1564 1558//1558 1689//1689 
f 1556//1556 1560//1560 1688//1688 
f 1688//1688 1560//1560 1690//1690 
f 1563//1563 1691//1691 1693//1693 
f 1563//1563 1693//1693 1559//1559 
f 1559//1559 1693//1693 1565//1565 
f 1564//1564 1691//1691 1563//1563 
f 1692//1692 1691//1691 1564//1564 
f 1689//1689 1692//1692 1564//1564 
f 1561//1561 1566//1566 1567//1567 
f 1561//1561 1568//1568 1562//1562 
f 1567//1567 1568//1568 1561//1561 
f 1562//1562 1568//1568 1694//1694 
f 1562//1562 1694//1694 1560//1560 
f 1560//1560 1694//1694 1690//1690 
f 1565//1565 1693//1693 1569//1569 
f 1693//1693 1699//1699 1569//1569 
f 1567//1567 1700//1700 1695//1695 
f 1567//1567 1566//1566 1700//1700 
f 1566//1566 1570//1570 1700//1700 
f 1568//1568 1567//1567 1695//1695 
f 1696//1696 1568//1568 1695//1695 
f 1694//1694 1568//1568 1696//1696 
f 1569//1569 1699//1699 1571//1571 
f 1699//1699 1703//1703 1571//1571 
f 1570//1570 1572//1572 1700//1700 
f 1700//1700 1572//1572 1704//1704 
f 1571//1571 1703//1703 1573//1573 
f 1703//1703 1707//1707 1573//1573 
f 1572//1572 1574//1574 1704//1704 
f 1704//1704 1574//1574 1708//1708 
f 1573//1573 1707//1707 1575//1575 
f 1707//1707 1711//1711 1575//1575 
f 1574//1574 1576//1576 1708//1708 
f 1708//1708 1576//1576 1712//1712 
f 1575//1575 1711//1711 1579//1579 
f 1711//1711 1715//1715 1579//1579 
f 1577//1577 1580//1580 1581//1581 
f 1577//1577 1582//1582 1578//1578 
f 1581//1581 1582//1582 1577//1577 
f 1578//1578 1582//1582 1716//1716 
f 1578//1578 1716//1716 1576//1576 
f 1576//1576 1716//1716 1712//1712 
f 1579//1579 1715//1715 1583//1583 
f 1715//1715 1719//1719 1583//1583 
f 1581//1581 1584//1584 1585//1585 
f 1580//1580 1584//1584 1581//1581 
f 1582//1582 1581//1581 1586//1586 
f 1586//1586 1581//1581 1585//1585 
f 1720//1720 1716//1716 1582//1582 
f 1586//1586 1720//1720 1582//1582 
f 1583//1583 1719//1719 1587//1587 
f 1719//1719 1725//1725 1587//1587 
f 1585//1585 1726//1726 1721//1721 
f 1585//1585 1584//1584 1726//1726 
f 1584//1584 1588//1588 1726//1726 
f 1586//1586 1585//1585 1721//1721 
f 1722//1722 1586//1586 1721//1721 
f 1720//1720 1586//1586 1722//1722 
f 1587//1587 1725//1725 1589//1589 
f 1725//1725 1729//1729 1589//1589 
f 1588//1588 1590//1590 1726//1726 
f 1726//1726 1590//1590 1730//1730 
f 1589//1589 1729//1729 1591//1591 
f 1729//1729 1733//1733 1591//1591 
f 1590//1590 1592//1592 1730//1730 
f 1730//1730 1592//1592 1734//1734 
f 1591//1591 1733//1733 1593//1593 
f 1733//1733 1737//1737 1593//1593 
f 1592//1592 1594//1594 1734//1734 
f 1734//1734 1594//1594 1738//1738 
f 1593//1593 1737//1737 1597//1597 
f 1737//1737 1743//1743 1597//1597 
f 1595//1595 1744//1744 1739//1739 
f 1598//1598 1744//1744 1595//1595 
f 1596//1596 1595//1595 1740//1740 
f 1595//1595 1739//1739 1740//1740 
f 1738//1738 1594//1594 1596//1596 
f 1740//1740 1738//1738 1596//1596 
f 1597//1597 1743//1743 1599//1599 
f 1743//1743 1747//1747 1599//1599 
f 1598//1598 1600//1600 1744//1744 
f 1744//1744 1600//1600 1748//1748 
f 1599//1599 1747//1747 1603//1603 
f 1747//1747 1753//1753 1603//1603 
f 1601//1601 1754//1754 1749//1749 
f 1604//1604 1754//1754 1601//1601 
f 1602//1602 1601//1601 1750//1750 
f 1601//1601 1749//1749 1750//1750 
f 1748//1748 1600//1600 1602//1602 
f 1750//1750 1748//1748 1602//1602 
f 1603//1603 1753//1753 1605//1605 
f 1753//1753 1759//1759 1605//1605 
f 1604//1604 1606//1606 1754//1754 
f 1754//1754 1606//1606 1760//1760 
f 1605//1605 1759//1759 1761//1761 
f 1607//1607 1605//1605 1761//1761 
f 1608//1608 1607//1607 1762//1762 
f 1607//1607 1761//1761 1762//1762 
f 1609//1609 1608//1608 1763//1763 
f 1608//1608 1762//1762 1763//1763 
f 1610//1610 1609//1609 1764//1764 
f 1609//1609 1763//1763 1764//1764 
f 1760//1760 1606//1606 1610//1610 
f 1764//1764 1760//1760 1610//1610 
f 1611//1611 1614//1614 1612//1612 
f 1611//1611 1613//1613 1614//1614 
f 1614//1614 1623//1623 1615//1615 
f 1612//1612 1614//1614 1615//1615 
f 1613//1613 1616//1616 1623//1623 
f 1614//1614 1613//1613 1623//1623 
f 1617//1617 1769//1769 1776//1776 
f 1624//1624 1617//1617 1776//1776 
f 1618//1618 1770//1770 1617//1617 
f 1617//1617 1770//1770 1769//1769 
f 1619//1619 1771//1771 1618//1618 
f 1618//1618 1771//1771 1770//1770 
f 1620//1620 1772//1772 1619//1619 
f 1619//1619 1772//1772 1771//1771 
f 1623//1623 1620//1620 1615//1615 
f 1623//1623 1773//1773 1620//1620 
f 1773//1773 1772//1772 1620//1620 
f 1616//1616 1773//1773 1623//1623 
f 1616//1616 1621//1621 1773//1773 
f 1621//1621 1774//1774 1773//1773 
f 1622//1622 1775//1775 1621//1621 
f 1621//1621 1775//1775 1774//1774 
f 1775//1775 1622//1622 1625//1625 
f 1777//1777 1775//1775 1625//1625 
f 1624//1624 1776//1776 1626//1626 
f 1776//1776 1780//1780 1626//1626 
f 1625//1625 1627//1627 1777//1777 
f 1777//1777 1627//1627 1781//1781 
f 1628//1628 1636//1636 1634//1634 
f 1628//1628 1629//1629 1637//1637 
f 1636//1636 1628//1628 1637//1637 
f 1788//1788 1637//1637 1629//1629 
f 1788//1788 1629//1629 1782//1782 
f 1782//1782 1629//1629 1630//1630 
f 1631//1631 1783//1783 1630//1630 
f 1630//1630 1783//1783 1782//1782 
f 1780//1780 1631//1631 1626//1626 
f 1783//1783 1631//1631 1780//1780 
f 1632//1632 1789//1789 1784//1784 
f 1635//1635 1789//1789 1632//1632 
f 1633//1633 1632//1632 1785//1785 
f 1632//1632 1784//1784 1785//1785 
f 1781//1781 1627//1627 1633//1633 
f 1785//1785 1781//1781 1633//1633 
f 1636//1636 1643//1643 1638//1638 
f 1634//1634 1636//1636 1638//1638 
f 1637//1637 1644//1644 1636//1636 
f 1644//1644 1643//1643 1636//1636 
f 1790//1790 1637//1637 1788//1788 
f 1644//1644 1637//1637 1790//1790 
f 1635//1635 1639//1639 1789//1789 
f 1789//1789 1639//1639 1791//1791 
f 1640//1640 1647//1647 1645//1645 
f 1640//1640 1641//1641 1648//1648 
f 1647//1647 1640//1640 1648//1648 
f 1641//1641 1794//1794 1648//1648 
f 1638//1638 1794//1794 1641//1641 
f 1638//1638 1792//1792 1794//1794 
f 1638//1638 1643//1643 1792//1792 
f 1644//1644 1792//1792 1643//1643 
f 1793//1793 1792//1792 1644//1644 
f 1790//1790 1793//1793 1644//1644 
f 1642//1642 1646//1646 1649//1649 
f 1642//1642 1649//1649 1795//1795 
f 1642//1642 1795//1795 1639//1639 
f 1639//1639 1795//1795 1791//1791 
f 1647//1647 1654//1654 1650//1650 
f 1645//1645 1647//1647 1650//1650 
f 1648//1648 1655//1655 1647//1647 
f 1655//1655 1654//1654 1647//1647 
f 1798//1798 1648//1648 1794//1794 
f 1655//1655 1648//1648 1798//1798 
f 1649//1649 1651//1651 1656//1656 
f 1646//1646 1651//1651 1649//1649 
f 1799//1799 1795//1795 1649//1649 
f 1656//1656 1799//1799 1649//1649 
f 1652//1652 1659//1659 1657//1657 
f 1652//1652 1653//1653 1660//1660 
f 1659//1659 1652//1652 1660//1660 
f 1653//1653 1805//1805 1660//1660 
f 1650//1650 1805//1805 1653//1653 
f 1650//1650 1800//1800 1805//1805 
f 1650//1650 1654//1654 1800//1800 
f 1655//1655 1800//1800 1654//1654 
f 1801//1801 1800//1800 1655//1655 
f 1798//1798 1801//1801 1655//1655 
f 1656//1656 1806//1806 1802//1802 
f 1656//1656 1651//1651 1806//1806 
f 1651//1651 1658//1658 1806//1806 
f 1799//1799 1656//1656 1802//1802 
f 1659//1659 1663//1663 1661//1661 
f 1657//1657 1659//1659 1661//1661 
f 1660//1660 1664//1664 1659//1659 
f 1664//1664 1663//1663 1659//1659 
f 1809//1809 1660//1660 1805//1805 
f 1664//1664 1660//1660 1809//1809 
f 1658//1658 1662//1662 1806//1806 
f 1806//1806 1662//1662 1810//1810 
f 1663//1663 1667//1667 1665//1665 
f 1661//1661 1663//1663 1665//1665 
f 1664//1664 1668//1668 1663//1663 
f 1668//1668 1667//1667 1663//1663 
f 1813//1813 1664//1664 1809//1809 
f 1668//1668 1664//1664 1813//1813 
f 1662//1662 1666//1666 1810//1810 
f 1810//1810 1666//1666 1814//1814 
f 1667//1667 1673//1673 1669//1669 
f 1665//1665 1667//1667 1669//1669 
f 1668//1668 1674//1674 1667//1667 
f 1674//1674 1673//1673 1667//1667 
f 1817//1817 1668//1668 1813//1813 
f 1674//1674 1668//1668 1817//1817 
f 1666//1666 1670//1670 1814//1814 
f 1814//1814 1670//1670 1818//1818 
f 1673//1673 1819//1819 1823//1823 
f 1673//1673 1823//1823 1669//1669 
f 1669//1669 1823//1823 1675//1675 
f 1674//1674 1819//1819 1673//1673 
f 1820//1820 1819//1819 1674//1674 
f 1817//1817 1820//1820 1674//1674 
f 1671//1671 1676//1676 1677//1677 
f 1671//1671 1678//1678 1672//1672 
f 1677//1677 1678//1678 1671//1671 
f 1672//1672 1678//1678 1824//1824 
f 1672//1672 1824//1824 1670//1670 
f 1670//1670 1824//1824 1818//1818 
f 1675//1675 1823//1823 1679//1679 
f 1823//1823 1827//1827 1679//1679 
f 1677//1677 1680//1680 1681//1681 
f 1676//1676 1680//1680 1677//1677 
f 1678//1678 1677//1677 1682//1682 
f 1682//1682 1677//1677 1681//1681 
f 1828//1828 1824//1824 1678//1678 
f 1682//1682 1828//1828 1678//1678 
f 1679//1679 1827//1827 1683//1683 
f 1827//1827 1833//1833 1683//1683 
f 1681//1681 1834//1834 1829//1829 
f 1681//1681 1680//1680 1834//1834 
f 1680//1680 1684//1684 1834//1834 
f 1682//1682 1681//1681 1829//1829 
f 1830//1830 1682//1682 1829//1829 
f 1828//1828 1682//1682 1830//1830 
f 1683//1683 1833//1833 1685//1685 
f 1833//1833 1837//1837 1685//1685 
f 1684//1684 1686//1686 1834//1834 
f 1834//1834 1686//1686 1838//1838 
f 1685//1685 1837//1837 1687//1687 
f 1837//1837 1841//1841 1687//1687 
f 1686//1686 1688//1688 1838//1838 
f 1838//1838 1688//1688 1842//1842 
f 1687//1687 1841//1841 1689//1689 
f 1841//1841 1845//1845 1689//1689 
f 1688//1688 1690//1690 1842//1842 
f 1842//1842 1690//1690 1846//1846 
f 1691//1691 1697//1697 1693//1693 
f 1691//1691 1692//1692 1698//1698 
f 1697//1697 1691//1691 1698//1698 
f 1692//1692 1849//1849 1698//1698 
f 1692//1692 1689//1689 1849//1849 
f 1689//1689 1845//1845 1849//1849 
f 1690//1690 1694//1694 1846//1846 
f 1846//1846 1694//1694 1850//1850 
f 1697//1697 1701//1701 1699//1699 
f 1693//1693 1697//1697 1699//1699 
f 1698//1698 1702//1702 1697//1697 
f 1702//1702 1701//1701 1697//1697 
f 1855//1855 1698//1698 1849//1849 
f 1702//1702 1698//1698 1855//1855 
f 1695//1695 1856//1856 1851//1851 
f 1700//1700 1856//1856 1695//1695 
f 1696//1696 1695//1695 1852//1852 
f 1695//1695 1851//1851 1852//1852 
f 1850//1850 1694//1694 1696//1696 
f 1852//1852 1850//1850 1696//1696 
f 1701//1701 1705//1705 1703//1703 
f 1699//1699 1701//1701 1703//1703 
f 1702//1702 1706//1706 1701//1701 
f 1706//1706 1705//1705 1701//1701 
f 1861//1861 1702//1702 1855//1855 
f 1706//1706 1702//1702 1861//1861 
f 1700//1700 1704//1704 1856//1856 
f 1856//1856 1704//1704 1862//1862 
f 1705//1705 1709//1709 1707//1707 
f 1703//1703 1705//1705 1707//1707 
f 1706//1706 1710//1710 1705//1705 
f 1710//1710 1709//1709 1705//1705 
f 1867//1867 1706//1706 1861//1861 
f 1710//1710 1706//1706 1867//1867 
f 1704//1704 1708//1708 1862//1862 
f 1862//1862 1708//1708 1868//1868 
f 1709//1709 1713//1713 1711//1711 
f 1707//1707 1709//1709 1711//1711 
f 1710//1710 1714//1714 1709//1709 
f 1714//1714 1713//1713 1709//1709 
f 1871//1871 1710//1710 1867//1867 
f 1714//1714 1710//1710 1871//1871 
f 1708//1708 1712//1712 1868//1868 
f 1868//1868 1712//1712 1872//1872 
f 1713//1713 1717//1717 1715//1715 
f 1711//1711 1713//1713 1715//1715 
f 1714//1714 1718//1718 1713//1713 
f 1718//1718 1717//1717 1713//1713 
f 1875//1875 1714//1714 1871//1871 
f 1718//1718 1714//1714 1875//1875 
f 1712//1712 1716//1716 1872//1872 
f 1872//1872 1716//1716 1876//1876 
f 1717//1717 1723//1723 1719//1719 
f 1715//1715 1717//1717 1719//1719 
f 1718//1718 1724//1724 1717//1717 
f 1724//1724 1723//1723 1717//1717 
f 1879//1879 1718//1718 1875//1875 
f 1724//1724 1718//1718 1879//1879 
f 1716//1716 1720//1720 1876//1876 
f 1876//1876 1720//1720 1880//1880 
f 1723//1723 1727//1727 1725//1725 
f 1719//1719 1723//1723 1725//1725 
f 1724//1724 1728//1728 1723//1723 
f 1728//1728 1727//1727 1723//1723 
f 1885//1885 1724//1724 1879//1879 
f 1728//1728 1724//1724 1885//1885 
f 1721//1721 1886//1886 1881//1881 
f 1726//1726 1886//1886 1721//1721 
f 1722//1722 1721//1721 1882//1882 
f 1721//1721 1881//1881 1882//1882 
f 1880//1880 1720//1720 1722//1722 
f 1882//1882 1880//1880 1722//1722 
f 1727//1727 1731//1731 1729//1729 
f 1725//1725 1727//1727 1729//1729 
f 1728//1728 1732//1732 1727//1727 
f 1732//1732 1731//1731 1727//1727 
f 1891//1891 1728//1728 1885//1885 
f 1732//1732 1728//1728 1891//1891 
f 1726//1726 1730//1730 1886//1886 
f 1886//1886 1730//1730 1892//1892 
f 1731//1731 1735//1735 1733//1733 
f 1729//1729 1731//1731 1733//1733 
f 1732//1732 1736//1736 1731//1731 
f 1736//1736 1735//1735 1731//1731 
f 1897//1897 1732//1732 1891//1891 
f 1736//1736 1732//1732 1897//1897 
f 1730//1730 1734//1734 1892//1892 
f 1892//1892 1734//1734 1898//1898 
f 1735//1735 1741//1741 1737//1737 
f 1733//1733 1735//1735 1737//1737 
f 1736//1736 1742//1742 1735//1735 
f 1742//1742 1741//1741 1735//1735 
f 1901//1901 1736//1736 1897//1897 
f 1742//1742 1736//1736 1901//1901 
f 1734//1734 1738//1738 1898//1898 
f 1898//1898 1738//1738 1902//1902 
f 1741//1741 1745//1745 1743//1743 
f 1737//1737 1741//1741 1743//1743 
f 1742//1742 1746//1746 1741//1741 
f 1746//1746 1745//1745 1741//1741 
f 1907//1907 1742//1742 1901//1901 
f 1746//1746 1742//1742 1907//1907 
f 1739//1739 1908//1908 1903//1903 
f 1744//1744 1908//1908 1739//1739 
f 1740//1740 1739//1739 1904//1904 
f 1739//1739 1903//1903 1904//1904 
f 1902//1902 1738//1738 1740//1740 
f 1904//1904 1902//1902 1740//1740 
f 1745//1745 1751//1751 1747//1747 
f 1743//1743 1745//1745 1747//1747 
f 1746//1746 1752//1752 1745//1745 
f 1752//1752 1751//1751 1745//1745 
f 1913//1913 1746//1746 1907//1907 
f 1752//1752 1746//1746 1913//1913 
f 1744//1744 1748//1748 1908//1908 
f 1908//1908 1748//1748 1914//1914 
f 1751//1751 1755//1755 1753//1753 
f 1747//1747 1751//1751 1753//1753 
f 1752//1752 1756//1756 1751//1751 
f 1756//1756 1755//1755 1751//1751 
f 1915//1915 1752//1752 1913//1913 
f 1915//1915 1757//1757 1752//1752 
f 1757//1757 1756//1756 1752//1752 
f 1757//1757 1916//1916 1758//1758 
f 1915//1915 1916//1916 1757//1757 
f 1758//1758 1749//1749 1754//1754 
f 1758//1758 1916//1916 1749//1749 
f 1916//1916 1917//1917 1749//1749 
f 1750//1750 1749//1749 1918//1918 
f 1749//1749 1917//1917 1918//1918 
f 1914//1914 1748//1748 1750//1750 
f 1918//1918 1914//1914 1750//1750 
f 1755//1755 1765//1765 1759//1759 
f 1753//1753 1755//1755 1759//1759 
f 1756//1756 1766//1766 1755//1755 
f 1766//1766 1765//1765 1755//1755 
f 1757//1757 1767//1767 1756//1756 
f 1767//1767 1766//1766 1756//1756 
f 1758//1758 1768//1768 1757//1757 
f 1768//1768 1767//1767 1757//1757 
f 1754//1754 1760//1760 1768//1768 
f 1758//1758 1754//1754 1768//1768 
f 1759//1759 1765//1765 1761//1761 
f 1762//1762 1761//1761 1765//1765 
f 1766//1766 1762//1762 1765//1765 
f 1763//1763 1762//1762 1766//1766 
f 1767//1767 1763//1763 1766//1766 
f 1764//1764 1763//1763 1767//1767 
f 1768//1768 1764//1764 1767//1767 
f 1760//1760 1764//1764 1768//1768 
f 1769//1769 1778//1778 1776//1776 
f 1769//1769 1770//1770 1779//1779 
f 1778//1778 1769//1769 1779//1779 
f 1928//1928 1779//1779 1770//1770 
f 1928//1928 1770//1770 1923//1923 
f 1923//1923 1770//1770 1771//1771 
f 1772//1772 1924//1924 1771//1771 
f 1771//1771 1924//1924 1923//1923 
f 1773//1773 1925//1925 1772//1772 
f 1772//1772 1925//1925 1924//1924 
f 1774//1774 1926//1926 1773//1773 
f 1773//1773 1926//1926 1925//1925 
f 1775//1775 1927//1927 1774//1774 
f 1774//1774 1927//1927 1926//1926 
f 1927//1927 1775//1775 1777//1777 
f 1929//1929 1927//1927 1777//1777 
f 1778//1778 1786//1786 1780//1780 
f 1776//1776 1778//1778 1780//1780 
f 1779//1779 1787//1787 1778//1778 
f 1787//1787 1786//1786 1778//1778 
f 1930//1930 1779//1779 1928//1928 
f 1787//1787 1779//1779 1930//1930 
f 1777//1777 1781//1781 1929//1929 
f 1929//1929 1781//1781 1931//1931 
f 1782//1782 1932//1932 1938//1938 
f 1788//1788 1782//1782 1938//1938 
f 1783//1783 1933//1933 1782//1782 
f 1782//1782 1933//1933 1932//1932 
f 1786//1786 1783//1783 1780//1780 
f 1786//1786 1934//1934 1783//1783 
f 1934//1934 1933//1933 1783//1783 
f 1787//1787 1934//1934 1786//1786 
f 1935//1935 1934//1934 1787//1787 
f 1930//1930 1935//1935 1787//1787 
f 1784//1784 1939//1939 1936//1936 
f 1789//1789 1939//1939 1784//1784 
f 1785//1785 1784//1784 1937//1937 
f 1784//1784 1936//1936 1937//1937 
f 1931//1931 1781//1781 1785//1785 
f 1937//1937 1931//1931 1785//1785 
f 1788//1788 1938//1938 1790//1790 
f 1938//1938 1944//1944 1790//1790 
f 1789//1789 1791//1791 1939//1939 
f 1939//1939 1791//1791 1945//1945 
f 1792//1792 1796//1796 1794//1794 
f 1792//1792 1793//1793 1797//1797 
f 1796//1796 1792//1792 1797//1797 
f 1793//1793 1950//1950 1797//1797 
f 1793//1793 1790//1790 1950//1950 
f 1790//1790 1944//1944 1950//1950 
f 1791//1791 1795//1795 1945//1945 
f 1945//1945 1795//1795 1951//1951 
f 1796//1796 1803//1803 1798//1798 
f 1794//1794 1796//1796 1798//1798 
f 1797//1797 1804//1804 1796//1796 
f 1804//1804 1803//1803 1796//1796 
f 1952//1952 1797//1797 1950//1950 
f 1804//1804 1797//1797 1952//1952 
f 1795//1795 1799//1799 1951//1951 
f 1951//1951 1799//1799 1953//1953 
f 1800//1800 1807//1807 1805//1805 
f 1800//1800 1801//1801 1808//1808 
f 1807//1807 1800//1800 1808//1808 
f 1801//1801 1957//1957 1808//1808 
f 1798//1798 1957//1957 1801//1801 
f 1798//1798 1954//1954 1957//1957 
f 1798//1798 1803//1803 1954//1954 
f 1804//1804 1954//1954 1803//1803 
f 1955//1955 1954//1954 1804//1804 
f 1952//1952 1955//1955 1804//1804 
f 1802//1802 1958//1958 1956//1956 
f 1806//1806 1958//1958 1802//1802 
f 1953//1953 1799//1799 1802//1802 
f 1956//1956 1953//1953 1802//1802 
f 1807//1807 1811//1811 1809//1809 
f 1805//1805 1807//1807 1809//1809 
f 1808//1808 1812//1812 1807//1807 
f 1812//1812 1811//1811 1807//1807 
f 1960//1960 1808//1808 1957//1957 
f 1812//1812 1808//1808 1960//1960 
f 1806//1806 1810//1810 1958//1958 
f 1958//1958 1810//1810 1961//1961 
f 1811//1811 1815//1815 1813//1813 
f 1809//1809 1811//1811 1813//1813 
f 1812//1812 1816//1816 1811//1811 
f 1816//1816 1815//1815 1811//1811 
f 1963//1963 1812//1812 1960//1960 
f 1816//1816 1812//1812 1963//1963 
f 1810//1810 1814//1814 1961//1961 
f 1961//1961 1814//1814 1964//1964 
f 1815//1815 1821//1821 1817//1817 
f 1813//1813 1815//1815 1817//1817 
f 1816//1816 1822//1822 1815//1815 
f 1822//1822 1821//1821 1815//1815 
f 1965//1965 1816//1816 1963//1963 
f 1822//1822 1816//1816 1965//1965 
f 1814//1814 1818//1818 1964//1964 
f 1964//1964 1818//1818 1966//1966 
f 1819//1819 1825//1825 1823//1823 
f 1819//1819 1820//1820 1826//1826 
f 1825//1825 1819//1819 1826//1826 
f 1820//1820 1969//1969 1826//1826 
f 1817//1817 1969//1969 1820//1820 
f 1817//1817 1967//1967 1969//1969 
f 1817//1817 1821//1821 1967//1967 
f 1822//1822 1967//1967 1821//1821 
f 1968//1968 1967//1967 1822//1822 
f 1965//1965 1968//1968 1822//1822 
f 1818//1818 1824//1824 1966//1966 
f 1966//1966 1824//1824 1970//1970 
f 1825//1825 1831//1831 1827//1827 
f 1823//1823 1825//1825 1827//1827 
f 1826//1826 1832//1832 1825//1825 
f 1832//1832 1831//1831 1825//1825 
f 1973//1973 1826//1826 1969//1969 
f 1832//1832 1826//1826 1973//1973 
f 1824//1824 1828//1828 1970//1970 
f 1970//1970 1828//1828 1974//1974 
f 1831//1831 1835//1835 1833//1833 
f 1827//1827 1831//1831 1833//1833 
f 1832//1832 1836//1836 1831//1831 
f 1836//1836 1835//1835 1831//1831 
f 1979//1979 1832//1832 1973//1973 
f 1836//1836 1832//1832 1979//1979 
f 1829//1829 1980//1980 1975//1975 
f 1834//1834 1980//1980 1829//1829 
f 1830//1830 1829//1829 1976//1976 
f 1829//1829 1975//1975 1976//1976 
f 1974//1974 1828//1828 1830//1830 
f 1976//1976 1974//1974 1830//1830 
f 1835//1835 1839//1839 1837//1837 
f 1833//1833 1835//1835 1837//1837 
f 1836//1836 1840//1840 1835//1835 
f 1840//1840 1839//1839 1835//1835 
f 1983//1983 1836//1836 1979//1979 
f 1840//1840 1836//1836 1983//1983 
f 1834//1834 1838//1838 1980//1980 
f 1980//1980 1838//1838 1984//1984 
f 1839//1839 1843//1843 1841//1841 
f 1837//1837 1839//1839 1841//1841 
f 1840//1840 1844//1844 1839//1839 
f 1844//1844 1843//1843 1839//1839 
f 1987//1987 1840//1840 1983//1983 
f 1844//1844 1840//1840 1987//1987 
f 1838//1838 1842//1842 1984//1984 
f 1984//1984 1842//1842 1988//1988 
f 1843//1843 1847//1847 1845//1845 
f 1841//1841 1843//1843 1845//1845 
f 1844//1844 1848//1848 1843//1843 
f 1848//1848 1847//1847 1843//1843 
f 1991//1991 1844//1844 1987//1987 
f 1848//1848 1844//1844 1991//1991 
f 1842//1842 1846//1846 1988//1988 
f 1988//1988 1846//1846 1992//1992 
f 1847//1847 1853//1853 1849//1849 
f 1845//1845 1847//1847 1849//1849 
f 1848//1848 1854//1854 1847//1847 
f 1854//1854 1853//1853 1847//1847 
f 1995//1995 1848//1848 1991//1991 
f 1854//1854 1848//1848 1995//1995 
f 1846//1846 1850//1850 1992//1992 
f 1992//1992 1850//1850 1996//1996 
f 1853//1853 1857//1857 1855//1855 
f 1849//1849 1853//1853 1855//1855 
f 1854//1854 1858//1858 1853//1853 
f 1858//1858 1857//1857 1853//1853 
f 1999//1999 1854//1854 1995//1995 
f 1858//1858 1854//1854 1999//1999 
f 1851//1851 1856//1856 1859//1859 
f 1851//1851 1860//1860 1852//1852 
f 1859//1859 1860//1860 1851//1851 
f 1852//1852 1860//1860 2000//2000 
f 1852//1852 2000//2000 1850//1850 
f 1850//1850 2000//2000 1996//1996 
f 1857//1857 1863//1863 1861//1861 
f 1855//1855 1857//1857 1861//1861 
f 1858//1858 1864//1864 1857//1857 
f 1864//1864 1863//1863 1857//1857 
f 2003//2003 1858//1858 1999//1999 
f 1864//1864 1858//1858 2003//2003 
f 1859//1859 1862//1862 1865//1865 
f 1856//1856 1862//1862 1859//1859 
f 1860//1860 1859//1859 1866//1866 
f 1866//1866 1859//1859 1865//1865 
f 2004//2004 2000//2000 1860//1860 
f 1866//1866 2004//2004 1860//1860 
f 1863//1863 1869//1869 1867//1867 
f 1861//1861 1863//1863 1867//1867 
f 1864//1864 1870//1870 1863//1863 
f 1870//1870 1869//1869 1863//1863 
f 2009//2009 1864//1864 2003//2003 
f 1870//1870 1864//1864 2009//2009 
f 1865//1865 2010//2010 2005//2005 
f 1865//1865 1862//1862 2010//2010 
f 1862//1862 1868//1868 2010//2010 
f 1866//1866 1865//1865 2005//2005 
f 2006//2006 1866//1866 2005//2005 
f 2004//2004 1866//1866 2006//2006 
f 1869//1869 1873//1873 1871//1871 
f 1867//1867 1869//1869 1871//1871 
f 1870//1870 1874//1874 1869//1869 
f 1874//1874 1873//1873 1869//1869 
f 2011//2011 1870//1870 2009//2009 
f 1874//1874 1870//1870 2011//2011 
f 1868//1868 1872//1872 2010//2010 
f 2010//2010 1872//1872 2012//2012 
f 1873//1873 1877//1877 1875//1875 
f 1871//1871 1873//1873 1875//1875 
f 1874//1874 1878//1878 1873//1873 
f 1878//1878 1877//1877 1873//1873 
f 2013//2013 1874//1874 2011//2011 
f 1878//1878 1874//1874 2013//2013 
f 1872//1872 1876//1876 2012//2012 
f 2012//2012 1876//1876 2014//2014 
f 1877//1877 1883//1883 1879//1879 
f 1875//1875 1877//1877 1879//1879 
f 1878//1878 1884//1884 1877//1877 
f 1884//1884 1883//1883 1877//1877 
f 2015//2015 1878//1878 2013//2013 
f 1884//1884 1878//1878 2015//2015 
f 1876//1876 1880//1880 2014//2014 
f 2014//2014 1880//1880 2016//2016 
f 1883//1883 1887//1887 1885//1885 
f 1879//1879 1883//1883 1885//1885 
f 1884//1884 1888//1888 1883//1883 
f 1888//1888 1887//1887 1883//1883 
f 2017//2017 1884//1884 2015//2015 
f 1888//1888 1884//1884 2017//2017 
f 1881//1881 1886//1886 1889//1889 
f 1881//1881 1890//1890 1882//1882 
f 1889//1889 1890//1890 1881//1881 
f 1882//1882 1890//1890 2018//2018 
f 1882//1882 2018//2018 1880//1880 
f 1880//1880 2018//2018 2016//2016 
f 1887//1887 1893//1893 1891//1891 
f 1885//1885 1887//1887 1891//1891 
f 1888//1888 1894//1894 1887//1887 
f 1894//1894 1893//1893 1887//1887 
f 2019//2019 1888//1888 2017//2017 
f 1894//1894 1888//1888 2019//2019 
f 1889//1889 1892//1892 1895//1895 
f 1886//1886 1892//1892 1889//1889 
f 1890//1890 1889//1889 1896//1896 
f 1896//1896 1889//1889 1895//1895 
f 2020//2020 2018//2018 1890//1890 
f 1896//1896 2020//2020 1890//1890 
f 1893//1893 1899//1899 1897//1897 
f 1891//1891 1893//1893 1897//1897 
f 1894//1894 1900//1900 1893//1893 
f 1900//1900 1899//1899 1893//1893 
f 2023//2023 1894//1894 2019//2019 
f 1900//1900 1894//1894 2023//2023 
f 1895//1895 2024//2024 2021//2021 
f 1895//1895 1892//1892 2024//2024 
f 1892//1892 1898//1898 2024//2024 
f 1896//1896 1895//1895 2021//2021 
f 2022//2022 1896//1896 2021//2021 
f 2020//2020 1896//1896 2022//2022 
f 1899//1899 1905//1905 1901//1901 
f 1897//1897 1899//1899 1901//1901 
f 1900//1900 1906//1906 1899//1899 
f 1906//1906 1905//1905 1899//1899 
f 2025//2025 1900//1900 2023//2023 
f 1906//1906 1900//1900 2025//2025 
f 1898//1898 1902//1902 2024//2024 
f 2024//2024 1902//1902 2026//2026 
f 1905//1905 1909//1909 1907//1907 
f 1901//1901 1905//1905 1907//1907 
f 1906//1906 1910//1910 1905//1905 
f 1910//1910 1909//1909 1905//1905 
f 2027//2027 1906//1906 2025//2025 
f 1910//1910 1906//1906 2027//2027 
f 1903//1903 1908//1908 1911//1911 
f 1903//1903 1912//1912 1904//1904 
f 1911//1911 1912//1912 1903//1903 
f 1904//1904 1912//1912 2028//2028 
f 1904//1904 2028//2028 1902//1902 
f 1902//1902 2028//2028 2026//2026 
f 1909//1909 1919//1919 1913//1913 
f 1907//1907 1909//1909 1913//1913 
f 1910//1910 1920//1920 1909//1909 
f 1920//1920 1919//1919 1909//1909 
f 2029//2029 1910//1910 2027//2027 
f 1920//1920 1910//1910 2029//2029 
f 1911//1911 1914//1914 1921//1921 
f 1908//1908 1914//1914 1911//1911 
f 1912//1912 1911//1911 1922//1922 
f 1922//1922 1911//1911 1921//1921 
f 2030//2030 2028//2028 1912//1912 
f 1922//1922 2030//2030 1912//1912 
f 1913//1913 1919//1919 1915//1915 
f 1916//1916 1915//1915 1919//1919 
f 1920//1920 1916//1916 1919//1919 
f 1920//1920 2029//2029 2031//2031 
f 1920//1920 2031//2031 1916//1916 
f 1916//1916 2031//2031 1917//1917 
f 1918//1918 1917//1917 2032//2032 
f 1917//1917 2031//2031 2032//2032 
f 1921//1921 1914//1914 1918//1918 
f 1921//1921 1918//1918 2033//2033 
f 2033//2033 1918//1918 2032//2032 
f 1922//1922 1921//1921 2033//2033 
f 2034//2034 1922//1922 2033//2033 
f 2030//2030 1922//1922 2034//2034 
f 1923//1923 2035//2035 2040//2040 
f 1928//1928 1923//1923 2040//2040 
f 1924//1924 2036//2036 1923//1923 
f 1923//1923 2036//2036 2035//2035 
f 1925//1925 2037//2037 1924//1924 
f 1924//1924 2037//2037 2036//2036 
f 1926//1926 2038//2038 1925//1925 
f 1925//1925 2038//2038 2037//2037 
f 1927//1927 2039//2039 1926//1926 
f 1926//1926 2039//2039 2038//2038 
f 2039//2039 1927//1927 1929//1929 
f 2041//2041 2039//2039 1929//1929 
f 1928//1928 2040//2040 1930//1930 
f 2040//2040 2047//2047 1930//1930 
f 1929//1929 1931//1931 2041//2041 
f 2041//2041 1931//1931 2048//2048 
f 1932//1932 1940//1940 1938//1938 
f 1932//1932 1933//1933 1941//1941 
f 1940//1940 1932//1932 1941//1941 
f 2056//2056 1941//1941 1933//1933 
f 2056//2056 1933//1933 2049//2049 
f 2049//2049 1933//1933 1934//1934 
f 1935//1935 2050//2050 1934//1934 
f 1934//1934 2050//2050 2049//2049 
f 2047//2047 1935//1935 1930//1930 
f 2050//2050 1935//1935 2047//2047 
f 1936//1936 1939//1939 1942//1942 
f 1936//1936 1943//1943 1937//1937 
f 1942//1942 1943//1943 1936//1936 
f 1937//1937 1943//1943 2057//2057 
f 1937//1937 2057//2057 1931//1931 
f 1931//1931 2057//2057 2048//2048 
f 1940//1940 1946//1946 1944//1944 
f 1938//1938 1940//1940 1944//1944 
f 1941//1941 1947//1947 1940//1940 
f 1947//1947 1946//1946 1940//1940 
f 2058//2058 1941//1941 2056//2056 
f 1947//1947 1941//1941 2058//2058 
f 1942//1942 1945//1945 1948//1948 
f 1939//1939 1945//1945 1942//1942 
f 1943//1943 1942//1942 1949//1949 
f 1949//1949 1942//1942 1948//1948 
f 2059//2059 2057//2057 1943//1943 
f 1949//1949 2059//2059 1943//1943 
f 1946//1946 2060//2060 2064//2064 
f 1946//1946 2064//2064 1944//1944 
f 1944//1944 2064//2064 1950//1950 
f 1947//1947 2060//2060 1946//1946 
f 2061//2061 2060//2060 1947//1947 
f 2058//2058 2061//2061 1947//1947 
f 1948//1948 2065//2065 2062//2062 
f 1948//1948 1945//1945 2065//2065 
f 1945//1945 1951//1951 2065//2065 
f 1949//1949 1948//1948 2062//2062 
f 2063//2063 1949//1949 2062//2062 
f 2059//2059 1949//1949 2063//2063 
f 1950//1950 2064//2064 1952//1952 
f 2064//2064 2066//2066 1952//1952 
f 1951//1951 1953//1953 2065//2065 
f 2065//2065 1953//1953 2067//2067 
f 1954//1954 2068//2068 2070//2070 
f 1957//1957 1954//1954 2070//2070 
f 1955//1955 2069//2069 1954//1954 
f 1954//1954 2069//2069 2068//2068 
f 2066//2066 1955//1955 1952//1952 
f 2069//2069 1955//1955 2066//2066 
f 1956//1956 1958//1958 1959//1959 
f 1956//1956 1959//1959 2071//2071 
f 1956//1956 2071//2071 1953//1953 
f 1953//1953 2071//2071 2067//2067 
f 1957//1957 2070//2070 1960//1960 
f 2070//2070 2074//2074 1960//1960 
f 1959//1959 1961//1961 1962//1962 
f 1958//1958 1961//1961 1959//1959 
f 2075//2075 2071//2071 1959//1959 
f 1962//1962 2075//2075 1959//1959 
f 1960//1960 2074//2074 1963//1963 
f 2074//2074 2079//2079 1963//1963 
f 1962//1962 2080//2080 2076//2076 
f 1962//1962 1961//1961 2080//2080 
f 1961//1961 1964//1964 2080//2080 
f 2075//2075 1962//1962 2076//2076 
f 1963//1963 2079//2079 1965//1965 
f 2079//2079 2083//2083 1965//1965 
f 1964//1964 1966//1966 2080//2080 
f 2080//2080 1966//1966 2084//2084 
f 1967//1967 1971//1971 1969//1969 
f 1967//1967 1968//1968 1972//1972 
f 1971//1971 1967//1967 1972//1972 
f 1968//1968 2087//2087 1972//1972 
f 1968//1968 1965//1965 2087//2087 
f 1965//1965 2083//2083 2087//2087 
f 1966//1966 1970//1970 2084//2084 
f 2084//2084 1970//1970 2088//2088 
f 1971//1971 1977//1977 1973//1973 
f 1969//1969 1971//1971 1973//1973 
f 1972//1972 1978//1978 1971//1971 
f 1978//1978 1977//1977 1971//1971 
f 2089//2089 1972//1972 2087//2087 
f 1978//1978 1972//1972 2089//2089 
f 1970//1970 1974//1974 2088//2088 
f 2088//2088 1974//1974 2090//2090 
f 1977//1977 1981//1981 1979//1979 
f 1973//1973 1977//1977 1979//1979 
f 1978//1978 1982//1982 1977//1977 
f 1982//1982 1981//1981 1977//1977 
f 2093//2093 1978//1978 2089//2089 
f 1982//1982 1978//1978 2093//2093 
f 1975//1975 2094//2094 2091//2091 
f 1980//1980 2094//2094 1975//1975 
f 1976//1976 1975//1975 2092//2092 
f 1975//1975 2091//2091 2092//2092 
f 2090//2090 1974//1974 1976//1976 
f 2092//2092 2090//2090 1976//1976 
f 1981//1981 1985//1985 1983//1983 
f 1979//1979 1981//1981 1983//1983 
f 1982//1982 1986//1986 1981//1981 
f 1986//1986 1985//1985 1981//1981 
f 2095//2095 1982//1982 2093//2093 
f 1986//1986 1982//1982 2095//2095 
f 1980//1980 1984//1984 2094//2094 
f 2094//2094 1984//1984 2096//2096 
f 1985//1985 1989//1989 1987//1987 
f 1983//1983 1985//1985 1987//1987 
f 1986//1986 1990//1990 1985//1985 
f 1990//1990 1989//1989 1985//1985 
f 2097//2097 1986//1986 2095//2095 
f 1990//1990 1986//1986 2097//2097 
f 1984//1984 1988//1988 2096//2096 
f 2096//2096 1988//1988 2098//2098 
f 1989//1989 1993//1993 1991//1991 
f 1987//1987 1989//1989 1991//1991 
f 1990//1990 1994//1994 1989//1989 
f 1994//1994 1993//1993 1989//1989 
f 2099//2099 1990//1990 2097//2097 
f 1994//1994 1990//1990 2099//2099 
f 1988//1988 1992//1992 2098//2098 
f 2098//2098 1992//1992 2100//2100 
f 1993//1993 1997//1997 1995//1995 
f 1991//1991 1993//1993 1995//1995 
f 1994//1994 1998//1998 1993//1993 
f 1998//1998 1997//1997 1993//1993 
f 2101//2101 1994//1994 2099//2099 
f 1998//1998 1994//1994 2101//2101 
f 1992//1992 1996//1996 2100//2100 
f 2100//2100 1996//1996 2102//2102 
f 1997//1997 2001//2001 1999//1999 
f 1995//1995 1997//1997 1999//1999 
f 1998//1998 2002//2002 1997//1997 
f 2002//2002 2001//2001 1997//1997 
f 2103//2103 1998//1998 2101//2101 
f 2002//2002 1998//1998 2103//2103 
f 1996//1996 2000//2000 2102//2102 
f 2102//2102 2000//2000 2104//2104 
f 2001//2001 2007//2007 2003//2003 
f 1999//1999 2001//2001 2003//2003 
f 2002//2002 2008//2008 2001//2001 
f 2008//2008 2007//2007 2001//2001 
f 2105//2105 2002//2002 2103//2103 
f 2008//2008 2002//2002 2105//2105 
f 2000//2000 2004//2004 2104//2104 
f 2104//2104 2004//2004 2106//2106 
f 2007//2007 2107//2107 2111//2111 
f 2007//2007 2111//2111 2003//2003 
f 2003//2003 2111//2111 2009//2009 
f 2008//2008 2107//2107 2007//2007 
f 2108//2108 2107//2107 2008//2008 
f 2105//2105 2108//2108 2008//2008 
f 2005//2005 2112//2112 2109//2109 
f 2010//2010 2112//2112 2005//2005 
f 2006//2006 2005//2005 2110//2110 
f 2005//2005 2109//2109 2110//2110 
f 2106//2106 2004//2004 2006//2006 
f 2110//2110 2106//2106 2006//2006 
f 2009//2009 2111//2111 2011//2011 
f 2111//2111 2117//2117 2011//2011 
f 2010//2010 2012//2012 2112//2112 
f 2112//2112 2012//2012 2118//2118 
f 2011//2011 2117//2117 2013//2013 
f 2117//2117 2123//2123 2013//2013 
f 2012//2012 2014//2014 2118//2118 
f 2118//2118 2014//2014 2124//2124 
f 2013//2013 2123//2123 2015//2015 
f 2123//2123 2127//2127 2015//2015 
f 2014//2014 2016//2016 2124//2124 
f 2124//2124 2016//2016 2128//2128 
f 2015//2015 2127//2127 2017//2017 
f 2127//2127 2131//2131 2017//2017 
f 2016//2016 2018//2018 2128//2128 
f 2128//2128 2018//2018 2132//2132 
f 2017//2017 2131//2131 2019//2019 
f 2131//2131 2135//2135 2019//2019 
f 2018//2018 2020//2020 2132//2132 
f 2132//2132 2020//2020 2136//2136 
f 2019//2019 2135//2135 2023//2023 
f 2135//2135 2141//2141 2023//2023 
f 2021//2021 2142//2142 2137//2137 
f 2024//2024 2142//2142 2021//2021 
f 2022//2022 2021//2021 2138//2138 
f 2021//2021 2137//2137 2138//2138 
f 2136//2136 2020//2020 2022//2022 
f 2138//2138 2136//2136 2022//2022 
f 2023//2023 2141//2141 2025//2025 
f 2141//2141 2145//2145 2025//2025 
f 2024//2024 2026//2026 2142//2142 
f 2142//2142 2026//2026 2146//2146 
f 2025//2025 2145//2145 2027//2027 
f 2145//2145 2149//2149 2027//2027 
f 2026//2026 2028//2028 2146//2146 
f 2146//2146 2028//2028 2150//2150 
f 2027//2027 2149//2149 2029//2029 
f 2149//2149 2153//2153 2029//2029 
f 2028//2028 2030//2030 2150//2150 
f 2150//2150 2030//2030 2154//2154 
f 2029//2029 2153//2153 2155//2155 
f 2031//2031 2029//2029 2155//2155 
f 2032//2032 2031//2031 2156//2156 
f 2031//2031 2155//2155 2156//2156 
f 2033//2033 2032//2032 2157//2157 
f 2032//2032 2156//2156 2157//2157 
f 2034//2034 2033//2033 2158//2158 
f 2033//2033 2157//2157 2158//2158 
f 2154//2154 2030//2030 2034//2034 
f 2158//2158 2154//2154 2034//2034 
f 2035//2035 2042//2042 2040//2040 
f 2035//2035 2036//2036 2043//2043 
f 2042//2042 2035//2035 2043//2043 
f 2036//2036 2037//2037 2044//2044 
f 2043//2043 2036//2036 2044//2044 
f 2037//2037 2038//2038 2045//2045 
f 2044//2044 2037//2037 2045//2045 
f 2038//2038 2039//2039 2046//2046 
f 2045//2045 2038//2038 2046//2046 
f 2039//2039 2041//2041 2046//2046 
f 2042//2042 2051//2051 2047//2047 
f 2040//2040 2042//2042 2047//2047 
f 2043//2043 2052//2052 2042//2042 
f 2052//2052 2051//2051 2042//2042 
f 2044//2044 2053//2053 2043//2043 
f 2053//2053 2052//2052 2043//2043 
f 2045//2045 2054//2054 2044//2044 
f 2054//2054 2053//2053 2044//2044 
f 2046//2046 2055//2055 2045//2045 
f 2055//2055 2054//2054 2045//2045 
f 2041//2041 2048//2048 2055//2055 
f 2046//2046 2041//2041 2055//2055 
f 2049//2049 2161//2161 2168//2168 
f 2056//2056 2049//2049 2168//2168 
f 2050//2050 2162//2162 2049//2049 
f 2049//2049 2162//2162 2161//2161 
f 2051//2051 2050//2050 2047//2047 
f 2051//2051 2163//2163 2050//2050 
f 2163//2163 2162//2162 2050//2050 
f 2052//2052 2163//2163 2051//2051 
f 2164//2164 2163//2163 2052//2052 
f 2053//2053 2164//2164 2052//2052 
f 2165//2165 2164//2164 2053//2053 
f 2054//2054 2165//2165 2053//2053 
f 2166//2166 2165//2165 2054//2054 
f 2055//2055 2166//2166 2054//2054 
f 2167//2167 2166//2166 2055//2055 
f 2167//2167 2055//2055 2048//2048 
f 2167//2167 2048//2048 2169//2169 
f 2169//2169 2048//2048 2057//2057 
f 2056//2056 2168//2168 2058//2058 
f 2168//2168 2170//2170 2058//2058 
f 2057//2057 2059//2059 2169//2169 
f 2169//2169 2059//2059 2171//2171 
f 2060//2060 2172//2172 2176//2176 
f 2064//2064 2060//2060 2176//2176 
f 2061//2061 2173//2173 2060//2060 
f 2060//2060 2173//2173 2172//2172 
f 2170//2170 2061//2061 2058//2058 
f 2173//2173 2061//2061 2170//2170 
f 2062//2062 2177//2177 2174//2174 
f 2065//2065 2177//2177 2062//2062 
f 2063//2063 2062//2062 2175//2175 
f 2062//2062 2174//2174 2175//2175 
f 2171//2171 2059//2059 2063//2063 
f 2175//2175 2171//2171 2063//2063 
f 2064//2064 2176//2176 2066//2066 
f 2176//2176 2178//2178 2066//2066 
f 2065//2065 2067//2067 2177//2177 
f 2177//2177 2067//2067 2179//2179 
f 2068//2068 2072//2072 2070//2070 
f 2068//2068 2069//2069 2073//2073 
f 2072//2072 2068//2068 2073//2073 
f 2069//2069 2180//2180 2073//2073 
f 2069//2069 2066//2066 2180//2180 
f 2066//2066 2178//2178 2180//2180 
f 2067//2067 2071//2071 2179//2179 
f 2179//2179 2071//2071 2181//2181 
f 2072//2072 2077//2077 2074//2074 
f 2070//2070 2072//2072 2074//2074 
f 2073//2073 2078//2078 2072//2072 
f 2078//2078 2077//2077 2072//2072 
f 2182//2182 2073//2073 2180//2180 
f 2078//2078 2073//2073 2182//2182 
f 2071//2071 2075//2075 2181//2181 
f 2181//2181 2075//2075 2183//2183 
f 2077//2077 2081//2081 2079//2079 
f 2074//2074 2077//2077 2079//2079 
f 2078//2078 2082//2082 2077//2077 
f 2082//2082 2081//2081 2077//2077 
f 2185//2185 2078//2078 2182//2182 
f 2082//2082 2078//2078 2185//2185 
f 2076//2076 2186//2186 2184//2184 
f 2080//2080 2186//2186 2076//2076 
f 2183//2183 2075//2075 2076//2076 
f 2184//2184 2183//2183 2076//2076 
f 2081//2081 2085//2085 2083//2083 
f 2079//2079 2081//2081 2083//2083 
f 2082//2082 2086//2086 2081//2081 
f 2086//2086 2085//2085 2081//2081 
f 2187//2187 2082//2082 2185//2185 
f 2086//2086 2082//2082 2187//2187 
f 2080//2080 2084//2084 2186//2186 
f 2186//2186 2084//2084 2188//2188 
f 2085//2085 2189//2189 2191//2191 
f 2085//2085 2191//2191 2083//2083 
f 2083//2083 2191//2191 2087//2087 
f 2086//2086 2189//2189 2085//2085 
f 2190//2190 2189//2189 2086//2086 
f 2187//2187 2190//2190 2086//2086 
f 2084//2084 2088//2088 2188//2188 
f 2188//2188 2088//2088 2192//2192 
f 2087//2087 2191//2191 2089//2089 
f 2191//2191 2193//2193 2089//2089 
f 2088//2088 2090//2090 2192//2192 
f 2192//2192 2090//2090 2194//2194 
f 2089//2089 2193//2193 2093//2093 
f 2193//2193 2197//2197 2093//2093 
f 2091//2091 2198//2198 2195//2195 
f 2094//2094 2198//2198 2091//2091 
f 2092//2092 2091//2091 2196//2196 
f 2091//2091 2195//2195 2196//2196 
f 2194//2194 2090//2090 2092//2092 
f 2196//2196 2194//2194 2092//2092 
f 2093//2093 2197//2197 2095//2095 
f 2197//2197 2199//2199 2095//2095 
f 2094//2094 2096//2096 2198//2198 
f 2198//2198 2096//2096 2200//2200 
f 2095//2095 2199//2199 2097//2097 
f 2199//2199 2201//2201 2097//2097 
f 2096//2096 2098//2098 2200//2200 
f 2200//2200 2098//2098 2202//2202 
f 2097//2097 2201//2201 2099//2099 
f 2201//2201 2203//2203 2099//2099 
f 2098//2098 2100//2100 2202//2202 
f 2202//2202 2100//2100 2204//2204 
f 2099//2099 2203//2203 2101//2101 
f 2203//2203 2205//2205 2101//2101 
f 2100//2100 2102//2102 2204//2204 
f 2204//2204 2102//2102 2206//2206 
f 2101//2101 2205//2205 2103//2103 
f 2205//2205 2207//2207 2103//2103 
f 2102//2102 2104//2104 2206//2206 
f 2206//2206 2104//2104 2208//2208 
f 2103//2103 2207//2207 2105//2105 
f 2207//2207 2209//2209 2105//2105 
f 2104//2104 2106//2106 2208//2208 
f 2208//2208 2106//2106 2210//2210 
f 2107//2107 2113//2113 2111//2111 
f 2107//2107 2108//2108 2114//2114 
f 2113//2113 2107//2107 2114//2114 
f 2108//2108 2211//2211 2114//2114 
f 2108//2108 2105//2105 2211//2211 
f 2105//2105 2209//2209 2211//2211 
f 2109//2109 2112//2112 2115//2115 
f 2109//2109 2116//2116 2110//2110 
f 2115//2115 2116//2116 2109//2109 
f 2110//2110 2116//2116 2212//2212 
f 2110//2110 2212//2212 2106//2106 
f 2106//2106 2212//2212 2210//2210 
f 2113//2113 2119//2119 2117//2117 
f 2111//2111 2113//2113 2117//2117 
f 2114//2114 2120//2120 2113//2113 
f 2120//2120 2119//2119 2113//2113 
f 2213//2213 2114//2114 2211//2211 
f 2120//2120 2114//2114 2213//2213 
f 2115//2115 2118//2118 2121//2121 
f 2112//2112 2118//2118 2115//2115 
f 2116//2116 2115//2115 2122//2122 
f 2122//2122 2115//2115 2121//2121 
f 2214//2214 2212//2212 2116//2116 
f 2122//2122 2214//2214 2116//2116 
f 2119//2119 2125//2125 2123//2123 
f 2117//2117 2119//2119 2123//2123 
f 2120//2120 2126//2126 2119//2119 
f 2126//2126 2125//2125 2119//2119 
f 2217//2217 2120//2120 2213//2213 
f 2126//2126 2120//2120 2217//2217 
f 2121//2121 2218//2218 2215//2215 
f 2121//2121 2118//2118 2218//2218 
f 2118//2118 2124//2124 2218//2218 
f 2122//2122 2121//2121 2215//2215 
f 2216//2216 2122//2122 2215//2215 
f 2214//2214 2122//2122 2216//2216 
f 2125//2125 2129//2129 2127//2127 
f 2123//2123 2125//2125 2127//2127 
f 2126//2126 2130//2130 2125//2125 
f 2130//2130 2129//2129 2125//2125 
f 2219//2219 2126//2126 2217//2217 
f 2130//2130 2126//2126 2219//2219 
f 2124//2124 2128//2128 2218//2218 
f 2218//2218 2128//2128 2220//2220 
f 2129//2129 2133//2133 2131//2131 
f 2127//2127 2129//2129 2131//2131 
f 2130//2130 2134//2134 2129//2129 
f 2134//2134 2133//2133 2129//2129 
f 2221//2221 2130//2130 2219//2219 
f 2134//2134 2130//2130 2221//2221 
f 2128//2128 2132//2132 2220//2220 
f 2220//2220 2132//2132 2222//2222 
f 2133//2133 2139//2139 2135//2135 
f 2131//2131 2133//2133 2135//2135 
f 2134//2134 2140//2140 2133//2133 
f 2140//2140 2139//2139 2133//2133 
f 2223//2223 2134//2134 2221//2221 
f 2140//2140 2134//2134 2223//2223 
f 2132//2132 2136//2136 2222//2222 
f 2222//2222 2136//2136 2224//2224 
f 2139//2139 2225//2225 2227//2227 
f 2139//2139 2227//2227 2135//2135 
f 2135//2135 2227//2227 2141//2141 
f 2140//2140 2225//2225 2139//2139 
f 2226//2226 2225//2225 2140//2140 
f 2223//2223 2226//2226 2140//2140 
f 2137//2137 2142//2142 2143//2143 
f 2137//2137 2144//2144 2138//2138 
f 2143//2143 2144//2144 2137//2137 
f 2138//2138 2144//2144 2228//2228 
f 2138//2138 2228//2228 2136//2136 
f 2136//2136 2228//2228 2224//2224 
f 2141//2141 2227//2227 2145//2145 
f 2227//2227 2229//2229 2145//2145 
f 2143//2143 2146//2146 2147//2147 
f 2142//2142 2146//2146 2143//2143 
f 2144//2144 2143//2143 2148//2148 
f 2148//2148 2143//2143 2147//2147 
f 2230//2230 2228//2228 2144//2144 
f 2148//2148 2230//2230 2144//2144 
f 2231//2231 2151//2151 2149//2149 
f 2231//2231 2149//2149 2229//2229 
f 2229//2229 2149//2149 2145//2145 
f 2151//2151 2232//2232 2152//2152 
f 2231//2231 2232//2232 2151//2151 
f 2232//2232 2235//2235 2152//2152 
f 2147//2147 2236//2236 2233//2233 
f 2147//2147 2146//2146 2236//2236 
f 2146//2146 2150//2150 2236//2236 
f 2148//2148 2147//2147 2233//2233 
f 2234//2234 2148//2148 2233//2233 
f 2230//2230 2148//2148 2234//2234 
f 2151//2151 2159//2159 2153//2153 
f 2149//2149 2151//2151 2153//2153 
f 2152//2152 2160//2160 2151//2151 
f 2160//2160 2159//2159 2151//2151 
f 2237//2237 2152//2152 2235//2235 
f 2160//2160 2152//2152 2237//2237 
f 2150//2150 2154//2154 2236//2236 
f 2236//2236 2154//2154 2238//2238 
f 2153//2153 2159//2159 2155//2155 
f 2156//2156 2155//2155 2159//2159 
f 2160//2160 2156//2156 2159//2159 
f 2160//2160 2237//2237 2239//2239 
f 2160//2160 2239//2239 2156//2156 
f 2156//2156 2239//2239 2157//2157 
f 2158//2158 2157//2157 2240//2240 
f 2157//2157 2239//2239 2240//2240 
f 2238//2238 2154//2154 2158//2158 
f 2240//2240 2238//2238 2158//2158 
f 2161//2161 2241//2241 2248//2248 
f 2168//2168 2161//2161 2248//2248 
f 2162//2162 2242//2242 2161//2161 
f 2161//2161 2242//2242 2241//2241 
f 2163//2163 2243//2243 2162//2162 
f 2162//2162 2243//2243 2242//2242 
f 2164//2164 2244//2244 2163//2163 
f 2163//2163 2244//2244 2243//2243 
f 2165//2165 2245//2245 2164//2164 
f 2164//2164 2245//2245 2244//2244 
f 2166//2166 2246//2246 2165//2165 
f 2165//2165 2246//2246 2245//2245 
f 2167//2167 2247//2247 2166//2166 
f 2166//2166 2247//2247 2246//2246 
f 2247//2247 2167//2167 2169//2169 
f 2249//2249 2247//2247 2169//2169 
f 2168//2168 2248//2248 2170//2170 
f 2248//2248 2252//2252 2170//2170 
f 2169//2169 2171//2171 2249//2249 
f 2249//2249 2171//2171 2253//2253 
f 2172//2172 2254//2254 2260//2260 
f 2176//2176 2172//2172 2260//2260 
f 2173//2173 2255//2255 2172//2172 
f 2172//2172 2255//2255 2254//2254 
f 2252//2252 2173//2173 2170//2170 
f 2255//2255 2173//2173 2252//2252 
f 2174//2174 2261//2261 2256//2256 
f 2177//2177 2261//2261 2174//2174 
f 2175//2175 2174//2174 2257//2257 
f 2174//2174 2256//2256 2257//2257 
f 2253//2253 2171//2171 2175//2175 
f 2257//2257 2253//2253 2175//2175 
f 2176//2176 2260//2260 2178//2178 
f 2260//2260 2264//2264 2178//2178 
f 2177//2177 2179//2179 2261//2261 
f 2261//2261 2179//2179 2265//2265 
f 2178//2178 2264//2264 2180//2180 
f 2264//2264 2268//2268 2180//2180 
f 2179//2179 2181//2181 2265//2265 
f 2265//2265 2181//2181 2269//2269 
f 2180//2180 2268//2268 2182//2182 
f 2268//2268 2270//2270 2182//2182 
f 2181//2181 2183//2183 2269//2269 
f 2269//2269 2183//2183 2271//2271 
f 2182//2182 2270//2270 2185//2185 
f 2270//2270 2273//2273 2185//2185 
f 2184//2184 2274//2274 2272//2272 
f 2186//2186 2274//2274 2184//2184 
f 2271//2271 2183//2183 2184//2184 
f 2272//2272 2271//2271 2184//2184 
f 2185//2185 2273//2273 2187//2187 
f 2273//2273 2275//2275 2187//2187 
f 2186//2186 2188//2188 2274//2274 
f 2274//2274 2188//2188 2276//2276 
f 2189//2189 2277//2277 2279//2279 
f 2191//2191 2189//2189 2279//2279 
f 2190//2190 2278//2278 2189//2189 
f 2189//2189 2278//2278 2277//2277 
f 2275//2275 2190//2190 2187//2187 
f 2278//2278 2190//2190 2275//2275 
f 2188//2188 2192//2192 2276//2276 
f 2276//2276 2192//2192 2280//2280 
f 2191//2191 2279//2279 2193//2193 
f 2279//2279 2283//2283 2193//2193 
f 2192//2192 2194//2194 2280//2280 
f 2280//2280 2194//2194 2284//2284 
f 2193//2193 2283//2283 2197//2197 
f 2283//2283 2289//2289 2197//2197 
f 2195//2195 2290//2290 2285//2285 
f 2198//2198 2290//2290 2195//2195 
f 2196//2196 2195//2195 2286//2286 
f 2195//2195 2285//2285 2286//2286 
f 2284//2284 2194//2194 2196//2196 
f 2286//2286 2284//2284 2196//2196 
f 2197//2197 2289//2289 2199//2199 
f 2289//2289 2293//2293 2199//2199 
f 2198//2198 2200//2200 2290//2290 
f 2290//2290 2200//2200 2294//2294 
f 2199//2199 2293//2293 2201//2201 
f 2293//2293 2297//2297 2201//2201 
f 2200//2200 2202//2202 2294//2294 
f 2294//2294 2202//2202 2298//2298 
f 2201//2201 2297//2297 2203//2203 
f 2297//2297 2301//2301 2203//2203 
f 2202//2202 2204//2204 2298//2298 
f 2298//2298 2204//2204 2302//2302 
f 2203//2203 2301//2301 2205//2205 
f 2301//2301 2305//2305 2205//2205 
f 2204//2204 2206//2206 2302//2302 
f 2302//2302 2206//2206 2306//2306 
f 2205//2205 2305//2305 2207//2207 
f 2305//2305 2307//2307 2207//2207 
f 2206//2206 2208//2208 2306//2306 
f 2306//2306 2208//2208 2308//2308 
f 2207//2207 2307//2307 2209//2209 
f 2307//2307 2309//2309 2209//2209 
f 2208//2208 2210//2210 2308//2308 
f 2308//2308 2210//2210 2310//2310 
f 2209//2209 2309//2309 2211//2211 
f 2309//2309 2311//2311 2211//2211 
f 2210//2210 2212//2212 2310//2310 
f 2310//2310 2212//2212 2312//2312 
f 2211//2211 2311//2311 2213//2213 
f 2311//2311 2315//2315 2213//2213 
f 2212//2212 2214//2214 2312//2312 
f 2312//2312 2214//2214 2316//2316 
f 2213//2213 2315//2315 2217//2217 
f 2315//2315 2321//2321 2217//2217 
f 2215//2215 2322//2322 2317//2317 
f 2218//2218 2322//2322 2215//2215 
f 2216//2216 2215//2215 2318//2318 
f 2215//2215 2317//2317 2318//2318 
f 2316//2316 2214//2214 2216//2216 
f 2318//2318 2316//2316 2216//2216 
f 2217//2217 2321//2321 2219//2219 
f 2321//2321 2323//2323 2219//2219 
f 2218//2218 2220//2220 2322//2322 
f 2322//2322 2220//2220 2324//2324 
f 2219//2219 2323//2323 2221//2221 
f 2323//2323 2325//2325 2221//2221 
f 2220//2220 2222//2222 2324//2324 
f 2324//2324 2222//2222 2326//2326 
f 2221//2221 2325//2325 2223//2223 
f 2325//2325 2327//2327 2223//2223 
f 2222//2222 2224//2224 2326//2326 
f 2326//2326 2224//2224 2328//2328 
f 2225//2225 2329//2329 2331//2331 
f 2227//2227 2225//2225 2331//2331 
f 2226//2226 2330//2330 2225//2225 
f 2225//2225 2330//2330 2329//2329 
f 2327//2327 2226//2226 2223//2223 
f 2330//2330 2226//2226 2327//2327 
f 2224//2224 2228//2228 2328//2328 
f 2328//2328 2228//2228 2332//2332 
f 2227//2227 2331//2331 2229//2229 
f 2331//2331 2335//2335 2229//2229 
f 2228//2228 2230//2230 2332//2332 
f 2332//2332 2230//2230 2336//2336 
f 2229//2229 2335//2335 2337//2337 
f 2231//2231 2229//2229 2337//2337 
f 2232//2232 2231//2231 2338//2338 
f 2231//2231 2337//2337 2338//2338 
f 2338//2338 2235//2235 2232//2232 
f 2343//2343 2235//2235 2338//2338 
f 2233//2233 2344//2344 2339//2339 
f 2236//2236 2344//2344 2233//2233 
f 2234//2234 2233//2233 2340//2340 
f 2233//2233 2339//2339 2340//2340 
f 2336//2336 2230//2230 2234//2234 
f 2340//2340 2336//2336 2234//2234 
f 2235//2235 2343//2343 2237//2237 
f 2343//2343 2345//2345 2237//2237 
f 2236//2236 2238//2238 2344//2344 
f 2344//2344 2238//2238 2346//2346 
f 2237//2237 2345//2345 2347//2347 
f 2239//2239 2237//2237 2347//2347 
f 2240//2240 2239//2239 2348//2348 
f 2239//2239 2347//2347 2348//2348 
f 2346//2346 2238//2238 2240//2240 
f 2348//2348 2346//2346 2240//2240 
f 2241//2241 2250//2250 2248//2248 
f 2241//2241 2242//2242 2251//2251 
f 2250//2250 2241//2241 2251//2251 
f 2354//2354 2251//2251 2242//2242 
f 2354//2354 2242//2242 2349//2349 
f 2349//2349 2242//2242 2243//2243 
f 2244//2244 2350//2350 2243//2243 
f 2243//2243 2350//2350 2349//2349 
f 2245//2245 2351//2351 2244//2244 
f 2244//2244 2351//2351 2350//2350 
f 2246//2246 2352//2352 2245//2245 
f 2245//2245 2352//2352 2351//2351 
f 2247//2247 2353//2353 2246//2246 
f 2246//2246 2353//2353 2352//2352 
f 2353//2353 2247//2247 2249//2249 
f 2355//2355 2353//2353 2249//2249 
f 2250//2250 2258//2258 2252//2252 
f 2248//2248 2250//2250 2252//2252 
f 2251//2251 2259//2259 2250//2250 
f 2259//2259 2258//2258 2250//2250 
f 2356//2356 2251//2251 2354//2354 
f 2259//2259 2251//2251 2356//2356 
f 2249//2249 2253//2253 2355//2355 
f 2355//2355 2253//2253 2357//2357 
f 2254//2254 2358//2358 2362//2362 
f 2260//2260 2254//2254 2362//2362 
f 2255//2255 2359//2359 2254//2254 
f 2254//2254 2359//2359 2358//2358 
f 2258//2258 2255//2255 2252//2252 
f 2258//2258 2360//2360 2255//2255 
f 2360//2360 2359//2359 2255//2255 
f 2259//2259 2360//2360 2258//2258 
f 2361//2361 2360//2360 2259//2259 
f 2356//2356 2361//2361 2259//2259 
f 2256//2256 2261//2261 2262//2262 
f 2256//2256 2263//2263 2257//2257 
f 2262//2262 2263//2263 2256//2256 
f 2257//2257 2263//2263 2363//2363 
f 2257//2257 2363//2363 2253//2253 
f 2253//2253 2363//2363 2357//2357 
f 2260//2260 2362//2362 2264//2264 
f 2362//2362 2366//2366 2264//2264 
f 2262//2262 2265//2265 2266//2266 
f 2261//2261 2265//2265 2262//2262 
f 2263//2263 2262//2262 2267//2267 
f 2267//2267 2262//2262 2266//2266 
f 2367//2367 2363//2363 2263//2263 
f 2267//2267 2367//2367 2263//2263 
f 2264//2264 2366//2366 2268//2268 
f 2366//2366 2372//2372 2268//2268 
f 2266//2266 2373//2373 2368//2368 
f 2266//2266 2265//2265 2373//2373 
f 2265//2265 2269//2269 2373//2373 
f 2267//2267 2266//2266 2368//2368 
f 2369//2369 2267//2267 2368//2368 
f 2367//2367 2267//2267 2369//2369 
f 2268//2268 2372//2372 2270//2270 
f 2372//2372 2374//2374 2270//2270 
f 2269//2269 2271//2271 2373//2373 
f 2373//2373 2271//2271 2375//2375 
f 2270//2270 2374//2374 2273//2273 
f 2374//2374 2377//2377 2273//2273 
f 2272//2272 2378//2378 2376//2376 
f 2274//2274 2378//2378 2272//2272 
f 2375//2375 2271//2271 2272//2272 
f 2376//2376 2375//2375 2272//2272 
f 2273//2273 2377//2377 2275//2275 
f 2377//2377 2380//2380 2275//2275 
f 2274//2274 2276//2276 2378//2378 
f 2378//2378 2276//2276 2381//2381 
f 2277//2277 2281//2281 2279//2279 
f 2277//2277 2278//2278 2282//2282 
f 2281//2281 2277//2277 2282//2282 
f 2278//2278 2383//2383 2282//2282 
f 2278//2278 2275//2275 2383//2383 
f 2275//2275 2380//2380 2383//2383 
f 2276//2276 2280//2280 2381//2381 
f 2381//2381 2280//2280 2384//2384 
f 2281//2281 2287//2287 2283//2283 
f 2279//2279 2281//2281 2283//2283 
f 2282//2282 2288//2288 2281//2281 
f 2288//2288 2287//2287 2281//2281 
f 2385//2385 2282//2282 2383//2383 
f 2288//2288 2282//2282 2385//2385 
f 2280//2280 2284//2284 2384//2384 
f 2384//2384 2284//2284 2386//2386 
f 2287//2287 2291//2291 2289//2289 
f 2283//2283 2287//2287 2289//2289 
f 2288//2288 2292//2292 2287//2287 
f 2292//2292 2291//2291 2287//2287 
f 2389//2389 2288//2288 2385//2385 
f 2292//2292 2288//2288 2389//2389 
f 2285//2285 2390//2390 2387//2387 
f 2290//2290 2390//2390 2285//2285 
f 2286//2286 2285//2285 2388//2388 
f 2285//2285 2387//2387 2388//2388 
f 2386//2386 2284//2284 2286//2286 
f 2388//2388 2386//2386 2286//2286 
f 2291//2291 2295//2295 2293//2293 
f 2289//2289 2291//2291 2293//2293 
f 2292//2292 2296//2296 2291//2291 
f 2296//2296 2295//2295 2291//2291 
f 2391//2391 2292//2292 2389//2389 
f 2296//2296 2292//2292 2391//2391 
f 2290//2290 2294//2294 2390//2390 
f 2390//2390 2294//2294 2392//2392 
f 2295//2295 2299//2299 2297//2297 
f 2293//2293 2295//2295 2297//2297 
f 2296//2296 2300//2300 2295//2295 
f 2300//2300 2299//2299 2295//2295 
f 2393//2393 2296//2296 2391//2391 
f 2300//2300 2296//2296 2393//2393 
f 2294//2294 2298//2298 2392//2392 
f 2392//2392 2298//2298 2394//2394 
f 2299//2299 2303//2303 2301//2301 
f 2297//2297 2299//2299 2301//2301 
f 2300//2300 2304//2304 2299//2299 
f 2304//2304 2303//2303 2299//2299 
f 2395//2395 2300//2300 2393//2393 
f 2304//2304 2300//2300 2395//2395 
f 2298//2298 2302//2302 2394//2394 
f 2394//2394 2302//2302 2396//2396 
f 2303//2303 2397//2397 2399//2399 
f 2303//2303 2399//2399 2301//2301 
f 2301//2301 2399//2399 2305//2305 
f 2304//2304 2397//2397 2303//2303 
f 2398//2398 2397//2397 2304//2304 
f 2395//2395 2398//2398 2304//2304 
f 2302//2302 2306//2306 2396//2396 
f 2396//2396 2306//2306 2400//2400 
f 2305//2305 2399//2399 2307//2307 
f 2399//2399 2401//2401 2307//2307 
f 2306//2306 2308//2308 2400//2400 
f 2400//2400 2308//2308 2402//2402 
f 2307//2307 2401//2401 2309//2309 
f 2401//2401 2403//2403 2309//2309 
f 2308//2308 2310//2310 2402//2402 
f 2402//2402 2310//2310 2404//2404 
f 2309//2309 2403//2403 2311//2311 
f 2403//2403 2407//2407 2311//2311 
f 2313//2313 2408//2408 2405//2405 
f 2313//2313 2406//2406 2314//2314 
f 2405//2405 2406//2406 2313//2313 
f 2314//2314 2406//2406 2404//2404 
f 2314//2314 2404//2404 2312//2312 
f 2312//2312 2404//2404 2310//2310 
f 2311//2311 2407//2407 2315//2315 
f 2407//2407 2409//2409 2315//2315 
f 2319//2319 2408//2408 2313//2313 
f 2410//2410 2408//2408 2319//2319 
f 2314//2314 2320//2320 2313//2313 
f 2320//2320 2319//2319 2313//2313 
f 2312//2312 2316//2316 2320//2320 
f 2314//2314 2312//2312 2320//2320 
f 2315//2315 2409//2409 2321//2321 
f 2409//2409 2411//2411 2321//2321 
f 2317//2317 2410//2410 2319//2319 
f 2317//2317 2322//2322 2410//2410 
f 2322//2322 2412//2412 2410//2410 
f 2318//2318 2317//2317 2319//2319 
f 2320//2320 2318//2318 2319//2319 
f 2316//2316 2318//2318 2320//2320 
f 2321//2321 2411//2411 2323//2323 
f 2411//2411 2413//2413 2323//2323 
f 2322//2322 2324//2324 2412//2412 
f 2412//2412 2324//2324 2414//2414 
f 2323//2323 2413//2413 2325//2325 
f 2413//2413 2415//2415 2325//2325 
f 2324//2324 2326//2326 2414//2414 
f 2414//2414 2326//2326 2416//2416 
f 2325//2325 2415//2415 2327//2327 
f 2415//2415 2417//2417 2327//2327 
f 2326//2326 2328//2328 2416//2416 
f 2416//2416 2328//2328 2418//2418 
f 2329//2329 2333//2333 2331//2331 
f 2329//2329 2330//2330 2334//2334 
f 2333//2333 2329//2329 2334//2334 
f 2330//2330 2419//2419 2334//2334 
f 2330//2330 2327//2327 2419//2419 
f 2327//2327 2417//2417 2419//2419 
f 2328//2328 2332//2332 2418//2418 
f 2418//2418 2332//2332 2420//2420 
f 2333//2333 2341//2341 2335//2335 
f 2331//2331 2333//2333 2335//2335 
f 2334//2334 2342//2342 2333//2333 
f 2342//2342 2341//2341 2333//2333 
f 2421//2421 2334//2334 2419//2419 
f 2342//2342 2334//2334 2421//2421 
f 2332//2332 2336//2336 2420//2420 
f 2420//2420 2336//2336 2422//2422 
f 2335//2335 2341//2341 2337//2337 
f 2338//2338 2337//2337 2341//2341 
f 2342//2342 2338//2338 2341//2341 
f 2342//2342 2343//2343 2338//2338 
f 2342//2342 2421//2421 2343//2343 
f 2421//2421 2425//2425 2343//2343 
f 2339//2339 2426//2426 2423//2423 
f 2344//2344 2426//2426 2339//2339 
f 2340//2340 2339//2339 2424//2424 
f 2339//2339 2423//2423 2424//2424 
f 2422//2422 2336//2336 2340//2340 
f 2424//2424 2422//2422 2340//2340 
f 2343//2343 2425//2425 2345//2345 
f 2425//2425 2429//2429 2345//2345 
f 2344//2344 2346//2346 2426//2426 
f 2426//2426 2346//2346 2430//2430 
f 2345//2345 2429//2429 2431//2431 
f 2347//2347 2345//2345 2431//2431 
f 2348//2348 2347//2347 2432//2432 
f 2347//2347 2431//2431 2432//2432 
f 2430//2430 2346//2346 2348//2348 
f 2432//2432 2430//2430 2348//2348 
f 2349//2349 2435//2435 2440//2440 
f 2354//2354 2349//2349 2440//2440 
f 2350//2350 2436//2436 2349//2349 
f 2349//2349 2436//2436 2435//2435 
f 2351//2351 2437//2437 2350//2350 
f 2350//2350 2437//2437 2436//2436 
f 2352//2352 2438//2438 2351//2351 
f 2351//2351 2438//2438 2437//2437 
f 2353//2353 2439//2439 2352//2352 
f 2352//2352 2439//2439 2438//2438 
f 2439//2439 2353//2353 2355//2355 
f 2441//2441 2439//2439 2355//2355 
f 2354//2354 2440//2440 2356//2356 
f 2440//2440 2442//2442 2356//2356 
f 2355//2355 2357//2357 2441//2441 
f 2441//2441 2357//2357 2443//2443 
f 2358//2358 2364//2364 2362//2362 
f 2358//2358 2359//2359 2365//2365 
f 2364//2364 2358//2358 2365//2365 
f 2446//2446 2365//2365 2359//2359 
f 2446//2446 2359//2359 2444//2444 
f 2444//2444 2359//2359 2360//2360 
f 2361//2361 2445//2445 2360//2360 
f 2360//2360 2445//2445 2444//2444 
f 2442//2442 2361//2361 2356//2356 
f 2445//2445 2361//2361 2442//2442 
f 2357//2357 2363//2363 2443//2443 
f 2443//2443 2363//2363 2447//2447 
f 2364//2364 2370//2370 2366//2366 
f 2362//2362 2364//2364 2366//2366 
f 2365//2365 2371//2371 2364//2364 
f 2371//2371 2370//2370 2364//2364 
f 2448//2448 2365//2365 2446//2446 
f 2371//2371 2365//2365 2448//2448 
f 2363//2363 2367//2367 2447//2447 
f 2447//2447 2367//2367 2449//2449 
f 2370//2370 2450//2450 2454//2454 
f 2370//2370 2454//2454 2366//2366 
f 2366//2366 2454//2454 2372//2372 
f 2371//2371 2450//2450 2370//2370 
f 2451//2451 2450//2450 2371//2371 
f 2448//2448 2451//2451 2371//2371 
f 2368//2368 2455//2455 2452//2452 
f 2373//2373 2455//2455 2368//2368 
f 2369//2369 2368//2368 2453//2453 
f 2368//2368 2452//2452 2453//2453 
f 2449//2449 2367//2367 2369//2369 
f 2453//2453 2449//2449 2369//2369 
f 2372//2372 2454//2454 2374//2374 
f 2454//2454 2456//2456 2374//2374 
f 2373//2373 2375//2375 2455//2455 
f 2455//2455 2375//2375 2457//2457 
f 2374//2374 2456//2456 2377//2377 
f 2456//2456 2458//2458 2377//2377 
f 2376//2376 2378//2378 2379//2379 
f 2376//2376 2379//2379 2459//2459 
f 2376//2376 2459//2459 2375//2375 
f 2375//2375 2459//2459 2457//2457 
f 2377//2377 2458//2458 2380//2380 
f 2458//2458 2460//2460 2380//2380 
f 2379//2379 2381//2381 2382//2382 
f 2378//2378 2381//2381 2379//2379 
f 2461//2461 2459//2459 2379//2379 
f 2382//2382 2461//2461 2379//2379 
f 2380//2380 2460//2460 2383//2383 
f 2460//2460 2463//2463 2383//2383 
f 2382//2382 2464//2464 2462//2462 
f 2382//2382 2381//2381 2464//2464 
f 2381//2381 2384//2384 2464//2464 
f 2461//2461 2382//2382 2462//2462 
f 2383//2383 2463//2463 2385//2385 
f 2463//2463 2465//2465 2385//2385 
f 2384//2384 2386//2386 2464//2464 
f 2464//2464 2386//2386 2466//2466 
f 2385//2385 2465//2465 2389//2389 
f 2465//2465 2469//2469 2389//2389 
f 2387//2387 2470//2470 2467//2467 
f 2390//2390 2470//2470 2387//2387 
f 2388//2388 2387//2387 2468//2468 
f 2387//2387 2467//2467 2468//2468 
f 2466//2466 2386//2386 2388//2388 
f 2468//2468 2466//2466 2388//2388 
f 2389//2389 2469//2469 2391//2391 
f 2469//2469 2471//2471 2391//2391 
f 2390//2390 2392//2392 2470//2470 
f 2470//2470 2392//2392 2472//2472 
f 2391//2391 2471//2471 2393//2393 
f 2471//2471 2473//2473 2393//2393 
f 2392//2392 2394//2394 2472//2472 
f 2472//2472 2394//2394 2474//2474 
f 2393//2393 2473//2473 2395//2395 
f 2473//2473 2475//2475 2395//2395 
f 2394//2394 2396//2396 2474//2474 
f 2474//2474 2396//2396 2476//2476 
f 2397//2397 2477//2477 2479//2479 
f 2399//2399 2397//2397 2479//2479 
f 2398//2398 2478//2478 2397//2397 
f 2397//2397 2478//2478 2477//2477 
f 2475//2475 2398//2398 2395//2395 
f 2478//2478 2398//2398 2475//2475 
f 2396//2396 2400//2400 2476//2476 
f 2476//2476 2400//2400 2480//2480 
f 2399//2399 2479//2479 2401//2401 
f 2479//2479 2481//2481 2401//2401 
f 2400//2400 2402//2402 2480//2480 
f 2480//2480 2402//2402 2482//2482 
f 2401//2401 2481//2481 2403//2403 
f 2481//2481 2483//2483 2403//2403 
f 2402//2402 2404//2404 2482//2482 
f 2482//2482 2404//2404 2484//2484 
f 2403//2403 2483//2483 2407//2407 
f 2483//2483 2487//2487 2407//2407 
f 2405//2405 2488//2488 2485//2485 
f 2408//2408 2488//2488 2405//2405 
f 2406//2406 2405//2405 2486//2486 
f 2405//2405 2485//2485 2486//2486 
f 2484//2484 2404//2404 2406//2406 
f 2486//2486 2484//2484 2406//2406 
f 2407//2407 2487//2487 2409//2409 
f 2487//2487 2489//2489 2409//2409 
f 2408//2408 2410//2410 2488//2488 
f 2488//2488 2410//2410 2490//2490 
f 2409//2409 2489//2489 2411//2411 
f 2489//2489 2491//2491 2411//2411 
f 2410//2410 2412//2412 2490//2490 
f 2490//2490 2412//2412 2492//2492 
f 2411//2411 2491//2491 2413//2413 
f 2491//2491 2493//2493 2413//2413 
f 2412//2412 2414//2414 2492//2492 
f 2492//2492 2414//2414 2494//2494 
f 2413//2413 2493//2493 2415//2415 
f 2493//2493 2495//2495 2415//2415 
f 2414//2414 2416//2416 2494//2494 
f 2494//2494 2416//2416 2496//2496 
f 2415//2415 2495//2495 2417//2417 
f 2495//2495 2499//2499 2417//2417 
f 2416//2416 2418//2418 2496//2496 
f 2496//2496 2418//2418 2500//2500 
f 2417//2417 2499//2499 2419//2419 
f 2499//2499 2503//2503 2419//2419 
f 2418//2418 2420//2420 2500//2500 
f 2500//2500 2420//2420 2504//2504 
f 2419//2419 2503//2503 2421//2421 
f 2503//2503 2509//2509 2421//2421 
f 2420//2420 2422//2422 2504//2504 
f 2504//2504 2422//2422 2510//2510 
f 2511//2511 2427//2427 2425//2425 
f 2511//2511 2425//2425 2509//2509 
f 2509//2509 2425//2425 2421//2421 
f 2427//2427 2512//2512 2428//2428 
f 2511//2511 2512//2512 2427//2427 
f 2428//2428 2423//2423 2426//2426 
f 2428//2428 2512//2512 2423//2423 
f 2512//2512 2513//2513 2423//2423 
f 2424//2424 2423//2423 2514//2514 
f 2423//2423 2513//2513 2514//2514 
f 2510//2510 2422//2422 2424//2424 
f 2514//2514 2510//2510 2424//2424 
f 2427//2427 2433//2433 2429//2429 
f 2425//2425 2427//2427 2429//2429 
f 2428//2428 2434//2434 2427//2427 
f 2434//2434 2433//2433 2427//2427 
f 2426//2426 2430//2430 2434//2434 
f 2428//2428 2426//2426 2434//2434 
f 2429//2429 2433//2433 2431//2431 
f 2432//2432 2431//2431 2433//2433 
f 2434//2434 2432//2432 2433//2433 
f 2430//2430 2432//2432 2434//2434 
f 2435//2435 2519//2519 2524//2524 
f 2440//2440 2435//2435 2524//2524 
f 2436//2436 2520//2520 2435//2435 
f 2435//2435 2520//2520 2519//2519 
f 2437//2437 2521//2521 2436//2436 
f 2436//2436 2521//2521 2520//2520 
f 2438//2438 2522//2522 2437//2437 
f 2437//2437 2522//2522 2521//2521 
f 2439//2439 2523//2523 2438//2438 
f 2438//2438 2523//2523 2522//2522 
f 2523//2523 2439//2439 2441//2441 
f 2525//2525 2523//2523 2441//2441 
f 2440//2440 2524//2524 2442//2442 
f 2524//2524 2528//2528 2442//2442 
f 2441//2441 2443//2443 2525//2525 
f 2525//2525 2443//2443 2529//2529 
f 2444//2444 2530//2530 2534//2534 
f 2446//2446 2444//2444 2534//2534 
f 2445//2445 2531//2531 2444//2444 
f 2444//2444 2531//2531 2530//2530 
f 2528//2528 2445//2445 2442//2442 
f 2531//2531 2445//2445 2528//2528 
f 2443//2443 2447//2447 2529//2529 
f 2529//2529 2447//2447 2535//2535 
f 2446//2446 2534//2534 2448//2448 
f 2534//2534 2538//2538 2448//2448 
f 2447//2447 2449//2449 2535//2535 
f 2535//2535 2449//2449 2539//2539 
f 2450//2450 2540//2540 2546//2546 
f 2454//2454 2450//2450 2546//2546 
f 2451//2451 2541//2541 2450//2450 
f 2450//2450 2541//2541 2540//2540 
f 2538//2538 2451//2451 2448//2448 
f 2541//2541 2451//2451 2538//2538 
f 2452//2452 2547//2547 2542//2542 
f 2455//2455 2547//2547 2452//2452 
f 2453//2453 2452//2452 2543//2543 
f 2452//2452 2542//2542 2543//2543 
f 2539//2539 2449//2449 2453//2453 
f 2543//2543 2539//2539 2453//2453 
f 2454//2454 2546//2546 2456//2456 
f 2546//2546 2550//2550 2456//2456 
f 2455//2455 2457//2457 2547//2547 
f 2547//2547 2457//2457 2551//2551 
f 2456//2456 2550//2550 2458//2458 
f 2550//2550 2554//2554 2458//2458 
f 2457//2457 2459//2459 2551//2551 
f 2551//2551 2459//2459 2555//2555 
f 2458//2458 2554//2554 2460//2460 
f 2554//2554 2557//2557 2460//2460 
f 2459//2459 2461//2461 2555//2555 
f 2555//2555 2461//2461 2558//2558 
f 2460//2460 2557//2557 2463//2463 
f 2557//2557 2561//2561 2463//2463 
f 2462//2462 2562//2562 2559//2559 
f 2464//2464 2562//2562 2462//2462 
f 2558//2558 2461//2461 2462//2462 
f 2559//2559 2558//2558 2462//2462 
f 2463//2463 2561//2561 2465//2465 
f 2561//2561 2563//2563 2465//2465 
f 2464//2464 2466//2466 2562//2562 
f 2562//2562 2466//2466 2564//2564 
f 2465//2465 2563//2563 2469//2469 
f 2563//2563 2567//2567 2469//2469 
f 2467//2467 2568//2568 2565//2565 
f 2470//2470 2568//2568 2467//2467 
f 2468//2468 2467//2467 2566//2566 
f 2467//2467 2565//2565 2566//2566 
f 2564//2564 2466//2466 2468//2468 
f 2566//2566 2564//2564 2468//2468 
f 2469//2469 2567//2567 2471//2471 
f 2567//2567 2569//2569 2471//2471 
f 2470//2470 2472//2472 2568//2568 
f 2568//2568 2472//2472 2570//2570 
f 2471//2471 2569//2569 2473//2473 
f 2569//2569 2571//2571 2473//2473 
f 2472//2472 2474//2474 2570//2570 
f 2570//2570 2474//2474 2572//2572 
f 2473//2473 2571//2571 2475//2475 
f 2571//2571 2573//2573 2475//2475 
f 2474//2474 2476//2476 2572//2572 
f 2572//2572 2476//2476 2574//2574 
f 2477//2477 2575//2575 2577//2577 
f 2479//2479 2477//2477 2577//2577 
f 2478//2478 2576//2576 2477//2477 
f 2477//2477 2576//2576 2575//2575 
f 2573//2573 2478//2478 2475//2475 
f 2576//2576 2478//2478 2573//2573 
f 2476//2476 2480//2480 2574//2574 
f 2574//2574 2480//2480 2578//2578 
f 2479//2479 2577//2577 2481//2481 
f 2577//2577 2581//2581 2481//2481 
f 2480//2480 2482//2482 2578//2578 
f 2578//2578 2482//2482 2582//2582 
f 2481//2481 2581//2581 2483//2483 
f 2581//2581 2587//2587 2483//2483 
f 2482//2482 2484//2484 2582//2582 
f 2582//2582 2484//2484 2588//2588 
f 2483//2483 2587//2587 2487//2487 
f 2587//2587 2595//2595 2487//2487 
f 2485//2485 2596//2596 2589//2589 
f 2488//2488 2596//2596 2485//2485 
f 2486//2486 2485//2485 2590//2590 
f 2485//2485 2589//2589 2590//2590 
f 2588//2588 2484//2484 2486//2486 
f 2590//2590 2588//2588 2486//2486 
f 2487//2487 2595//2595 2489//2489 
f 2595//2595 2599//2599 2489//2489 
f 2488//2488 2490//2490 2596//2596 
f 2596//2596 2490//2490 2600//2600 
f 2489//2489 2599//2599 2491//2491 
f 2599//2599 2603//2603 2491//2491 
f 2490//2490 2492//2492 2600//2600 
f 2600//2600 2492//2492 2604//2604 
f 2491//2491 2603//2603 2493//2493 
f 2603//2603 2607//2607 2493//2493 
f 2492//2492 2494//2494 2604//2604 
f 2604//2604 2494//2494 2608//2608 
f 2609//2609 2497//2497 2495//2495 
f 2609//2609 2495//2495 2607//2607 
f 2607//2607 2495//2495 2493//2493 
f 2497//2497 2610//2610 2498//2498 
f 2609//2609 2610//2610 2497//2497 
f 2610//2610 2613//2613 2498//2498 
f 2494//2494 2496//2496 2608//2608 
f 2608//2608 2496//2496 2614//2614 
f 2497//2497 2501//2501 2499//2499 
f 2495//2495 2497//2497 2499//2499 
f 2498//2498 2502//2502 2497//2497 
f 2502//2502 2501//2501 2497//2497 
f 2617//2617 2498//2498 2613//2613 
f 2502//2502 2498//2498 2617//2617 
f 2496//2496 2500//2500 2614//2614 
f 2614//2614 2500//2500 2618//2618 
f 2501//2501 2505//2505 2503//2503 
f 2499//2499 2501//2501 2503//2503 
f 2502//2502 2506//2506 2501//2501 
f 2506//2506 2505//2505 2501//2501 
f 2619//2619 2502//2502 2617//2617 
f 2619//2619 2507//2507 2502//2502 
f 2507//2507 2506//2506 2502//2502 
f 2507//2507 2620//2620 2508//2508 
f 2619//2619 2620//2620 2507//2507 
f 2508//2508 2620//2620 2618//2618 
f 2508//2508 2618//2618 2504//2504 
f 2504//2504 2618//2618 2500//2500 
f 2505//2505 2515//2515 2509//2509 
f 2503//2503 2505//2505 2509//2509 
f 2506//2506 2516//2516 2505//2505 
f 2516//2516 2515//2515 2505//2505 
f 2507//2507 2517//2517 2506//2506 
f 2517//2517 2516//2516 2506//2506 
f 2508//2508 2518//2518 2507//2507 
f 2518//2518 2517//2517 2507//2507 
f 2504//2504 2510//2510 2518//2518 
f 2508//2508 2504//2504 2518//2518 
f 2509//2509 2515//2515 2511//2511 
f 2512//2512 2511//2511 2515//2515 
f 2516//2516 2512//2512 2515//2515 
f 2513//2513 2512//2512 2516//2516 
f 2517//2517 2513//2513 2516//2516 
f 2514//2514 2513//2513 2517//2517 
f 2518//2518 2514//2514 2517//2517 
f 2510//2510 2514//2514 2518//2518 
f 2519//2519 2526//2526 2524//2524 
f 2519//2519 2520//2520 2527//2527 
f 2526//2526 2519//2519 2527//2527 
f 2626//2626 2527//2527 2520//2520 
f 2626//2626 2520//2520 2623//2623 
f 2623//2623 2520//2520 2521//2521 
f 2522//2522 2624//2624 2521//2521 
f 2521//2521 2624//2624 2623//2623 
f 2523//2523 2625//2625 2522//2522 
f 2522//2522 2625//2625 2624//2624 
f 2625//2625 2523//2523 2525//2525 
f 2627//2627 2625//2625 2525//2525 
f 2526//2526 2532//2532 2528//2528 
f 2524//2524 2526//2526 2528//2528 
f 2527//2527 2533//2533 2526//2526 
f 2533//2533 2532//2532 2526//2526 
f 2631//2631 2527//2527 2626//2626 
f 2533//2533 2527//2527 2631//2631 
f 2525//2525 2529//2529 2627//2627 
f 2627//2627 2529//2529 2632//2632 
f 2530//2530 2536//2536 2534//2534 
f 2530//2530 2531//2531 2537//2537 
f 2536//2536 2530//2530 2537//2537 
f 2531//2531 2638//2638 2537//2537 
f 2528//2528 2638//2638 2531//2531 
f 2528//2528 2633//2633 2638//2638 
f 2528//2528 2532//2532 2633//2633 
f 2533//2533 2633//2633 2532//2532 
f 2634//2634 2633//2633 2533//2533 
f 2631//2631 2634//2634 2533//2533 
f 2529//2529 2535//2535 2632//2632 
f 2632//2632 2535//2535 2639//2639 
f 2536//2536 2544//2544 2538//2538 
f 2534//2534 2536//2536 2538//2538 
f 2537//2537 2545//2545 2536//2536 
f 2545//2545 2544//2544 2536//2536 
f 2642//2642 2537//2537 2638//2638 
f 2545//2545 2537//2537 2642//2642 
f 2535//2535 2539//2539 2639//2639 
f 2639//2639 2539//2539 2643//2643 
f 2540//2540 2548//2548 2546//2546 
f 2540//2540 2541//2541 2549//2549 
f 2548//2548 2540//2540 2549//2549 
f 2541//2541 2650//2650 2549//2549 
f 2538//2538 2650//2650 2541//2541 
f 2538//2538 2644//2644 2650//2650 
f 2538//2538 2544//2544 2644//2644 
f 2545//2545 2644//2644 2544//2544 
f 2645//2645 2644//2644 2545//2545 
f 2642//2642 2645//2645 2545//2545 
f 2542//2542 2651//2651 2646//2646 
f 2547//2547 2651//2651 2542//2542 
f 2543//2543 2542//2542 2647//2647 
f 2542//2542 2646//2646 2647//2647 
f 2643//2643 2539//2539 2543//2543 
f 2647//2647 2643//2643 2543//2543 
f 2548//2548 2552//2552 2550//2550 
f 2546//2546 2548//2548 2550//2550 
f 2549//2549 2553//2553 2548//2548 
f 2553//2553 2552//2552 2548//2548 
f 2652//2652 2549//2549 2650//2650 
f 2553//2553 2549//2549 2652//2652 
f 2547//2547 2551//2551 2651//2651 
f 2651//2651 2551//2551 2653//2653 
f 2552//2552 2654//2654 2657//2657 
f 2552//2552 2657//2657 2550//2550 
f 2550//2550 2657//2657 2554//2554 
f 2553//2553 2654//2654 2552//2552 
f 2655//2655 2654//2654 2553//2553 
f 2652//2652 2655//2655 2553//2553 
f 2556//2556 2658//2658 2656//2656 
f 2556//2556 2656//2656 2653//2653 
f 2556//2556 2653//2653 2555//2555 
f 2555//2555 2653//2653 2551//2551 
f 2554//2554 2657//2657 2557//2557 
f 2657//2657 2661//2661 2557//2557 
f 2560//2560 2658//2658 2556//2556 
f 2662//2662 2658//2658 2560//2560 
f 2555//2555 2558//2558 2560//2560 
f 2556//2556 2555//2555 2560//2560 
f 2557//2557 2661//2661 2561//2561 
f 2661//2661 2665//2665 2561//2561 
f 2559//2559 2662//2662 2560//2560 
f 2559//2559 2562//2562 2662//2662 
f 2562//2562 2666//2666 2662//2662 
f 2558//2558 2559//2559 2560//2560 
f 2561//2561 2665//2665 2563//2563 
f 2665//2665 2669//2669 2563//2563 
f 2562//2562 2564//2564 2666//2666 
f 2666//2666 2564//2564 2670//2670 
f 2563//2563 2669//2669 2567//2567 
f 2669//2669 2675//2675 2567//2567 
f 2565//2565 2676//2676 2671//2671 
f 2568//2568 2676//2676 2565//2565 
f 2566//2566 2565//2565 2672//2672 
f 2565//2565 2671//2671 2672//2672 
f 2670//2670 2564//2564 2566//2566 
f 2672//2672 2670//2670 2566//2566 
f 2567//2567 2675//2675 2569//2569 
f 2675//2675 2677//2677 2569//2569 
f 2568//2568 2570//2570 2676//2676 
f 2676//2676 2570//2570 2678//2678 
f 2569//2569 2677//2677 2571//2571 
f 2677//2677 2679//2679 2571//2571 
f 2570//2570 2572//2572 2678//2678 
f 2678//2678 2572//2572 2680//2680 
f 2571//2571 2679//2679 2573//2573 
f 2679//2679 2681//2681 2573//2573 
f 2572//2572 2574//2574 2680//2680 
f 2680//2680 2574//2574 2682//2682 
f 2575//2575 2579//2579 2577//2577 
f 2575//2575 2576//2576 2580//2580 
f 2579//2579 2575//2575 2580//2580 
f 2576//2576 2683//2683 2580//2580 
f 2576//2576 2573//2573 2683//2683 
f 2573//2573 2681//2681 2683//2683 
f 2574//2574 2578//2578 2682//2682 
f 2682//2682 2578//2578 2684//2684 
f 2579//2579 2583//2583 2581//2581 
f 2577//2577 2579//2579 2581//2581 
f 2580//2580 2584//2584 2579//2579 
f 2584//2584 2583//2583 2579//2579 
f 2687//2687 2580//2580 2683//2683 
f 2584//2584 2580//2580 2687//2687 
f 2585//2585 2688//2688 2685//2685 
f 2585//2585 2686//2686 2586//2586 
f 2685//2685 2686//2686 2585//2585 
f 2586//2586 2686//2686 2684//2684 
f 2586//2586 2684//2684 2582//2582 
f 2582//2582 2684//2684 2578//2578 
f 2583//2583 2591//2591 2587//2587 
f 2581//2581 2583//2583 2587//2587 
f 2584//2584 2592//2592 2583//2583 
f 2592//2592 2591//2591 2583//2583 
f 2689//2689 2584//2584 2687//2687 
f 2592//2592 2584//2584 2689//2689 
f 2593//2593 2688//2688 2585//2585 
f 2690//2690 2688//2688 2593//2593 
f 2586//2586 2594//2594 2585//2585 
f 2594//2594 2593//2593 2585//2585 
f 2582//2582 2588//2588 2594//2594 
f 2586//2586 2582//2582 2594//2594 
f 2591//2591 2597//2597 2595//2595 
f 2587//2587 2591//2591 2595//2595 
f 2592//2592 2598//2598 2591//2591 
f 2598//2598 2597//2597 2591//2591 
f 2691//2691 2592//2592 2689//2689 
f 2598//2598 2592//2592 2691//2691 
f 2589//2589 2690//2690 2593//2593 
f 2589//2589 2596//2596 2690//2690 
f 2596//2596 2692//2692 2690//2690 
f 2590//2590 2589//2589 2593//2593 
f 2594//2594 2590//2590 2593//2593 
f 2588//2588 2590//2590 2594//2594 
f 2597//2597 2601//2601 2599//2599 
f 2595//2595 2597//2597 2599//2599 
f 2598//2598 2602//2602 2597//2597 
f 2602//2602 2601//2601 2597//2597 
f 2695//2695 2598//2598 2691//2691 
f 2602//2602 2598//2598 2695//2695 
f 2596//2596 2600//2600 2692//2692 
f 2692//2692 2600//2600 2696//2696 
f 2601//2601 2605//2605 2603//2603 
f 2599//2599 2601//2601 2603//2603 
f 2602//2602 2606//2606 2601//2601 
f 2606//2606 2605//2605 2601//2601 
f 2699//2699 2602//2602 2695//2695 
f 2606//2606 2602//2602 2699//2699 
f 2600//2600 2604//2604 2696//2696 
f 2696//2696 2604//2604 2700//2700 
f 2605//2605 2611//2611 2607//2607 
f 2603//2603 2605//2605 2607//2607 
f 2606//2606 2612//2612 2605//2605 
f 2612//2612 2611//2611 2605//2605 
f 2703//2703 2606//2606 2699//2699 
f 2612//2612 2606//2606 2703//2703 
f 2604//2604 2608//2608 2700//2700 
f 2700//2700 2608//2608 2704//2704 
f 2607//2607 2611//2611 2609//2609 
f 2610//2610 2609//2609 2611//2611 
f 2612//2612 2610//2610 2611//2611 
f 2613//2613 2705//2705 2615//2615 
f 2610//2610 2705//2705 2613//2613 
f 2610//2610 2703//2703 2705//2705 
f 2610//2610 2612//2612 2703//2703 
f 2615//2615 2706//2706 2616//2616 
f 2705//2705 2706//2706 2615//2615 
f 2616//2616 2706//2706 2704//2704 
f 2616//2616 2704//2704 2614//2614 
f 2614//2614 2704//2704 2608//2608 
f 2615//2615 2621//2621 2617//2617 
f 2613//2613 2615//2615 2617//2617 
f 2616//2616 2622//2622 2615//2615 
f 2622//2622 2621//2621 2615//2615 
f 2614//2614 2618//2618 2622//2622 
f 2616//2616 2614//2614 2622//2622 
f 2617//2617 2621//2621 2619//2619 
f 2620//2620 2619//2619 2621//2621 
f 2622//2622 2620//2620 2621//2621 
f 2618//2618 2620//2620 2622//2622 
f 2623//2623 2628//2628 2626//2626 
f 2623//2623 2624//2624 2629//2629 
f 2628//2628 2623//2623 2629//2629 
f 2624//2624 2625//2625 2630//2630 
f 2629//2629 2624//2624 2630//2630 
f 2625//2625 2627//2627 2630//2630 
f 2628//2628 2635//2635 2631//2631 
f 2626//2626 2628//2628 2631//2631 
f 2629//2629 2636//2636 2628//2628 
f 2636//2636 2635//2635 2628//2628 
f 2630//2630 2637//2637 2629//2629 
f 2637//2637 2636//2636 2629//2629 
f 2627//2627 2632//2632 2637//2637 
f 2630//2630 2627//2627 2637//2637 
f 2633//2633 2709//2709 2712//2712 
f 2638//2638 2633//2633 2712//2712 
f 2634//2634 2710//2710 2633//2633 
f 2633//2633 2710//2710 2709//2709 
f 2635//2635 2634//2634 2631//2631 
f 2635//2635 2711//2711 2634//2634 
f 2711//2711 2710//2710 2634//2634 
f 2711//2711 2640//2640 2713//2713 
f 2711//2711 2635//2635 2640//2640 
f 2635//2635 2636//2636 2640//2640 
f 2637//2637 2641//2641 2636//2636 
f 2641//2641 2640//2640 2636//2636 
f 2632//2632 2639//2639 2641//2641 
f 2637//2637 2632//2632 2641//2641 
f 2638//2638 2712//2712 2642//2642 
f 2712//2712 2714//2714 2642//2642 
f 2648//2648 2713//2713 2640//2640 
f 2715//2715 2713//2713 2648//2648 
f 2641//2641 2649//2649 2640//2640 
f 2649//2649 2648//2648 2640//2640 
f 2639//2639 2643//2643 2649//2649 
f 2641//2641 2639//2639 2649//2649 
f 2644//2644 2716//2716 2718//2718 
f 2650//2650 2644//2644 2718//2718 
f 2645//2645 2717//2717 2644//2644 
f 2644//2644 2717//2717 2716//2716 
f 2714//2714 2645//2645 2642//2642 
f 2717//2717 2645//2645 2714//2714 
f 2646//2646 2715//2715 2648//2648 
f 2646//2646 2651//2651 2715//2715 
f 2651//2651 2719//2719 2715//2715 
f 2647//2647 2646//2646 2648//2648 
f 2649//2649 2647//2647 2648//2648 
f 2643//2643 2647//2647 2649//2649 
f 2650//2650 2718//2718 2652//2652 
f 2718//2718 2720//2720 2652//2652 
f 2651//2651 2653//2653 2719//2719 
f 2719//2719 2653//2653 2721//2721 
f 2654//2654 2659//2659 2657//2657 
f 2654//2654 2655//2655 2660//2660 
f 2659//2659 2654//2654 2660//2660 
f 2655//2655 2723//2723 2660//2660 
f 2655//2655 2652//2652 2723//2723 
f 2652//2652 2720//2720 2723//2723 
f 2656//2656 2724//2724 2722//2722 
f 2658//2658 2724//2724 2656//2656 
f 2721//2721 2653//2653 2656//2656 
f 2722//2722 2721//2721 2656//2656 
f 2659//2659 2663//2663 2661//2661 
f 2657//2657 2659//2659 2661//2661 
f 2660//2660 2664//2664 2659//2659 
f 2664//2664 2663//2663 2659//2659 
f 2725//2725 2660//2660 2723//2723 
f 2664//2664 2660//2660 2725//2725 
f 2658//2658 2662//2662 2724//2724 
f 2724//2724 2662//2662 2726//2726 
f 2663//2663 2727//2727 2731//2731 
f 2663//2663 2731//2731 2661//2661 
f 2661//2661 2731//2731 2665//2665 
f 2664//2664 2727//2727 2663//2663 
f 2728//2728 2727//2727 2664//2664 
f 2725//2725 2728//2728 2664//2664 
f 2667//2667 2732//2732 2729//2729 
f 2667//2667 2730//2730 2668//2668 
f 2729//2729 2730//2730 2667//2667 
f 2668//2668 2730//2730 2726//2726 
f 2668//2668 2726//2726 2666//2666 
f 2666//2666 2726//2726 2662//2662 
f 2665//2665 2731//2731 2669//2669 
f 2731//2731 2733//2733 2669//2669 
f 2673//2673 2732//2732 2667//2667 
f 2734//2734 2732//2732 2673//2673 
f 2668//2668 2674//2674 2667//2667 
f 2674//2674 2673//2673 2667//2667 
f 2666//2666 2670//2670 2674//2674 
f 2668//2668 2666//2666 2674//2674 
f 2669//2669 2733//2733 2675//2675 
f 2733//2733 2735//2735 2675//2675 
f 2671//2671 2734//2734 2673//2673 
f 2671//2671 2676//2676 2734//2734 
f 2676//2676 2736//2736 2734//2734 
f 2672//2672 2671//2671 2673//2673 
f 2674//2674 2672//2672 2673//2673 
f 2670//2670 2672//2672 2674//2674 
f 2675//2675 2735//2735 2677//2677 
f 2735//2735 2737//2737 2677//2677 
f 2676//2676 2678//2678 2736//2736 
f 2736//2736 2678//2678 2738//2738 
f 2677//2677 2737//2737 2679//2679 
f 2737//2737 2739//2739 2679//2679 
f 2678//2678 2680//2680 2738//2738 
f 2738//2738 2680//2680 2740//2740 
f 2679//2679 2739//2739 2681//2681 
f 2739//2739 2741//2741 2681//2681 
f 2680//2680 2682//2682 2740//2740 
f 2740//2740 2682//2682 2742//2742 
f 2681//2681 2741//2741 2683//2683 
f 2741//2741 2743//2743 2683//2683 
f 2682//2682 2684//2684 2742//2742 
f 2742//2742 2684//2684 2744//2744 
f 2683//2683 2743//2743 2687//2687 
f 2743//2743 2747//2747 2687//2687 
f 2685//2685 2748//2748 2745//2745 
f 2688//2688 2748//2748 2685//2685 
f 2686//2686 2685//2685 2746//2746 
f 2685//2685 2745//2745 2746//2746 
f 2744//2744 2684//2684 2686//2686 
f 2746//2746 2744//2744 2686//2686 
f 2687//2687 2747//2747 2689//2689 
f 2747//2747 2749//2749 2689//2689 
f 2688//2688 2690//2690 2748//2748 
f 2748//2748 2690//2690 2750//2750 
f 2751//2751 2693//2693 2691//2691 
f 2751//2751 2691//2691 2749//2749 
f 2749//2749 2691//2691 2689//2689 
f 2693//2693 2752//2752 2694//2694 
f 2751//2751 2752//2752 2693//2693 
f 2694//2694 2752//2752 2750//2750 
f 2694//2694 2750//2750 2692//2692 
f 2692//2692 2750//2750 2690//2690 
f 2693//2693 2697//2697 2695//2695 
f 2691//2691 2693//2693 2695//2695 
f 2694//2694 2698//2698 2693//2693 
f 2698//2698 2697//2697 2693//2693 
f 2692//2692 2696//2696 2698//2698 
f 2694//2694 2692//2692 2698//2698 
f 2697//2697 2701//2701 2699//2699 
f 2695//2695 2697//2697 2699//2699 
f 2698//2698 2702//2702 2697//2697 
f 2702//2702 2701//2701 2697//2697 
f 2696//2696 2700//2700 2702//2702 
f 2698//2698 2696//2696 2702//2702 
f 2701//2701 2707//2707 2703//2703 
f 2699//2699 2701//2701 2703//2703 
f 2702//2702 2708//2708 2701//2701 
f 2708//2708 2707//2707 2701//2701 
f 2700//2700 2704//2704 2708//2708 
f 2702//2702 2700//2700 2708//2708 
f 2703//2703 2707//2707 2705//2705 
f 2706//2706 2705//2705 2707//2707 
f 2708//2708 2706//2706 2707//2707 
f 2704//2704 2706//2706 2708//2708 
f 2709//2709 2753//2753 2756//2756 
f 2712//2712 2709//2709 2756//2756 
f 2710//2710 2754//2754 2709//2709 
f 2709//2709 2754//2754 2753//2753 
f 2711//2711 2755//2755 2710//2710 
f 2710//2710 2755//2755 2754//2754 
f 2755//2755 2711//2711 2713//2713 
f 2757//2757 2755//2755 2713//2713 
f 2712//2712 2756//2756 2714//2714 
f 2756//2756 2761//2761 2714//2714 
f 2713//2713 2715//2715 2757//2757 
f 2757//2757 2715//2715 2762//2762 
f 2716//2716 2763//2763 2768//2768 
f 2718//2718 2716//2716 2768//2768 
f 2717//2717 2764//2764 2716//2716 
f 2716//2716 2764//2764 2763//2763 
f 2761//2761 2717//2717 2714//2714 
f 2764//2764 2717//2717 2761//2761 
f 2715//2715 2719//2719 2762//2762 
f 2762//2762 2719//2719 2769//2769 
f 2718//2718 2768//2768 2720//2720 
f 2768//2768 2775//2775 2720//2720 
f 2719//2719 2721//2721 2769//2769 
f 2769//2769 2721//2721 2776//2776 
f 2720//2720 2775//2775 2723//2723 
f 2775//2775 2783//2783 2723//2723 
f 2722//2722 2784//2784 2777//2777 
f 2724//2724 2784//2784 2722//2722 
f 2776//2776 2721//2721 2722//2722 
f 2777//2777 2776//2776 2722//2722 
f 2723//2723 2783//2783 2725//2725 
f 2783//2783 2787//2787 2725//2725 
f 2724//2724 2726//2726 2784//2784 
f 2784//2784 2726//2726 2788//2788 
f 2727//2727 2789//2789 2795//2795 
f 2731//2731 2727//2727 2795//2795 
f 2728//2728 2790//2790 2727//2727 
f 2727//2727 2790//2790 2789//2789 
f 2787//2787 2728//2728 2725//2725 
f 2790//2790 2728//2728 2787//2787 
f 2729//2729 2796//2796 2791//2791 
f 2732//2732 2796//2796 2729//2729 
f 2730//2730 2729//2729 2792//2792 
f 2729//2729 2791//2791 2792//2792 
f 2788//2788 2726//2726 2730//2730 
f 2792//2792 2788//2788 2730//2730 
f 2731//2731 2795//2795 2733//2733 
f 2795//2795 2799//2799 2733//2733 
f 2732//2732 2734//2734 2796//2796 
f 2796//2796 2734//2734 2800//2800 
f 2733//2733 2799//2799 2735//2735 
f 2799//2799 2803//2803 2735//2735 
f 2734//2734 2736//2736 2800//2800 
f 2800//2800 2736//2736 2804//2804 
f 2735//2735 2803//2803 2737//2737 
f 2803//2803 2807//2807 2737//2737 
f 2736//2736 2738//2738 2804//2804 
f 2804//2804 2738//2738 2808//2808 
f 2737//2737 2807//2807 2739//2739 
f 2807//2807 2811//2811 2739//2739 
f 2738//2738 2740//2740 2808//2808 
f 2808//2808 2740//2740 2812//2812 
f 2739//2739 2811//2811 2741//2741 
f 2811//2811 2815//2815 2741//2741 
f 2740//2740 2742//2742 2812//2812 
f 2812//2812 2742//2742 2816//2816 
f 2741//2741 2815//2815 2743//2743 
f 2815//2815 2819//2819 2743//2743 
f 2742//2742 2744//2744 2816//2816 
f 2816//2816 2744//2744 2820//2820 
f 2743//2743 2819//2819 2747//2747 
f 2819//2819 2827//2827 2747//2747 
f 2745//2745 2828//2828 2821//2821 
f 2748//2748 2828//2828 2745//2745 
f 2746//2746 2745//2745 2822//2822 
f 2745//2745 2821//2821 2822//2822 
f 2820//2820 2744//2744 2746//2746 
f 2822//2822 2820//2820 2746//2746 
f 2747//2747 2827//2827 2749//2749 
f 2827//2827 2831//2831 2749//2749 
f 2748//2748 2750//2750 2828//2828 
f 2828//2828 2750//2750 2832//2832 
f 2749//2749 2831//2831 2833//2833 
f 2751//2751 2749//2749 2833//2833 
f 2752//2752 2751//2751 2834//2834 
f 2751//2751 2833//2833 2834//2834 
f 2832//2832 2750//2750 2752//2752 
f 2834//2834 2832//2832 2752//2752 
f 2753//2753 2758//2758 2756//2756 
f 2753//2753 2754//2754 2759//2759 
f 2758//2758 2753//2753 2759//2759 
f 2754//2754 2755//2755 2760//2760 
f 2759//2759 2754//2754 2760//2760 
f 2755//2755 2757//2757 2760//2760 
f 2758//2758 2765//2765 2761//2761 
f 2756//2756 2758//2758 2761//2761 
f 2759//2759 2766//2766 2758//2758 
f 2766//2766 2765//2765 2758//2758 
f 2760//2760 2767//2767 2759//2759 
f 2767//2767 2766//2766 2759//2759 
f 2757//2757 2762//2762 2767//2767 
f 2760//2760 2757//2757 2767//2767 
f 2763//2763 2770//2770 2768//2768 
f 2763//2763 2764//2764 2771//2771 
f 2770//2770 2763//2763 2771//2771 
f 2764//2764 2761//2761 2765//2765 
f 2764//2764 2765//2765 2771//2771 
f 2771//2771 2765//2765 2772//2772 
f 2766//2766 2773//2773 2765//2765 
f 2773//2773 2772//2772 2765//2765 
f 2767//2767 2774//2774 2766//2766 
f 2774//2774 2773//2773 2766//2766 
f 2762//2762 2769//2769 2774//2774 
f 2767//2767 2762//2762 2774//2774 
f 2770//2770 2778//2778 2775//2775 
f 2768//2768 2770//2770 2775//2775 
f 2771//2771 2779//2779 2770//2770 
f 2779//2779 2778//2778 2770//2770 
f 2772//2772 2780//2780 2771//2771 
f 2780//2780 2779//2779 2771//2771 
f 2773//2773 2781//2781 2772//2772 
f 2781//2781 2780//2780 2772//2772 
f 2774//2774 2782//2782 2773//2773 
f 2782//2782 2781//2781 2773//2773 
f 2769//2769 2776//2776 2782//2782 
f 2774//2774 2769//2769 2782//2782 
f 2778//2778 2837//2837 2839//2839 
f 2778//2778 2839//2839 2775//2775 
f 2775//2775 2839//2839 2783//2783 
f 2779//2779 2837//2837 2778//2778 
f 2838//2838 2837//2837 2779//2779 
f 2838//2838 2785//2785 2840//2840 
f 2838//2838 2779//2779 2785//2785 
f 2779//2779 2780//2780 2785//2785 
f 2781//2781 2786//2786 2780//2780 
f 2786//2786 2785//2785 2780//2780 
f 2777//2777 2784//2784 2786//2786 
f 2777//2777 2786//2786 2782//2782 
f 2782//2782 2786//2786 2781//2781 
f 2776//2776 2777//2777 2782//2782 
f 2783//2783 2839//2839 2787//2787 
f 2839//2839 2843//2843 2787//2787 
f 2793//2793 2840//2840 2785//2785 
f 2844//2844 2840//2840 2793//2793 
f 2786//2786 2794//2794 2785//2785 
f 2794//2794 2793//2793 2785//2785 
f 2784//2784 2788//2788 2794//2794 
f 2786//2786 2784//2784 2794//2794 
f 2789//2789 2797//2797 2795//2795 
f 2789//2789 2790//2790 2798//2798 
f 2797//2797 2789//2789 2798//2798 
f 2790//2790 2847//2847 2798//2798 
f 2790//2790 2787//2787 2847//2847 
f 2787//2787 2843//2843 2847//2847 
f 2791//2791 2844//2844 2793//2793 
f 2791//2791 2796//2796 2844//2844 
f 2796//2796 2848//2848 2844//2844 
f 2792//2792 2791//2791 2793//2793 
f 2794//2794 2792//2792 2793//2793 
f 2788//2788 2792//2792 2794//2794 
f 2797//2797 2801//2801 2799//2799 
f 2795//2795 2797//2797 2799//2799 
f 2798//2798 2802//2802 2797//2797 
f 2802//2802 2801//2801 2797//2797 
f 2849//2849 2798//2798 2847//2847 
f 2802//2802 2798//2798 2849//2849 
f 2796//2796 2800//2800 2848//2848 
f 2848//2848 2800//2800 2850//2850 
f 2801//2801 2805//2805 2803//2803 
f 2799//2799 2801//2801 2803//2803 
f 2802//2802 2806//2806 2801//2801 
f 2806//2806 2805//2805 2801//2801 
f 2851//2851 2802//2802 2849//2849 
f 2806//2806 2802//2802 2851//2851 
f 2800//2800 2804//2804 2850//2850 
f 2850//2850 2804//2804 2852//2852 
f 2805//2805 2809//2809 2807//2807 
f 2803//2803 2805//2805 2807//2807 
f 2806//2806 2810//2810 2805//2805 
f 2810//2810 2809//2809 2805//2805 
f 2855//2855 2806//2806 2851//2851 
f 2810//2810 2806//2806 2855//2855 
f 2804//2804 2808//2808 2852//2852 
f 2852//2852 2808//2808 2856//2856 
f 2809//2809 2813//2813 2811//2811 
f 2807//2807 2809//2809 2811//2811 
f 2810//2810 2814//2814 2809//2809 
f 2814//2814 2813//2813 2809//2809 
f 2859//2859 2810//2810 2855//2855 
f 2814//2814 2810//2810 2859//2859 
f 2808//2808 2812//2812 2856//2856 
f 2856//2856 2812//2812 2860//2860 
f 2813//2813 2817//2817 2815//2815 
f 2811//2811 2813//2813 2815//2815 
f 2814//2814 2818//2818 2813//2813 
f 2818//2818 2817//2817 2813//2813 
f 2863//2863 2814//2814 2859//2859 
f 2818//2818 2814//2814 2863//2863 
f 2812//2812 2816//2816 2860//2860 
f 2860//2860 2816//2816 2864//2864 
f 2817//2817 2823//2823 2819//2819 
f 2815//2815 2817//2817 2819//2819 
f 2818//2818 2824//2824 2817//2817 
f 2824//2824 2823//2823 2817//2817 
f 2865//2865 2818//2818 2863//2863 
f 2865//2865 2825//2825 2818//2818 
f 2825//2825 2824//2824 2818//2818 
f 2825//2825 2866//2866 2826//2826 
f 2865//2865 2866//2866 2825//2825 
f 2826//2826 2866//2866 2864//2864 
f 2826//2826 2864//2864 2820//2820 
f 2820//2820 2864//2864 2816//2816 
f 2823//2823 2829//2829 2827//2827 
f 2819//2819 2823//2823 2827//2827 
f 2824//2824 2830//2830 2823//2823 
f 2830//2830 2829//2829 2823//2823 
f 2821//2821 2828//2828 2830//2830 
f 2821//2821 2830//2830 2825//2825 
f 2825//2825 2830//2830 2824//2824 
f 2822//2822 2821//2821 2825//2825 
f 2826//2826 2822//2822 2825//2825 
f 2820//2820 2822//2822 2826//2826 
f 2829//2829 2835//2835 2831//2831 
f 2827//2827 2829//2829 2831//2831 
f 2830//2830 2836//2836 2829//2829 
f 2836//2836 2835//2835 2829//2829 
f 2828//2828 2832//2832 2836//2836 
f 2830//2830 2828//2828 2836//2836 
f 2831//2831 2835//2835 2833//2833 
f 2834//2834 2833//2833 2835//2835 
f 2836//2836 2834//2834 2835//2835 
f 2832//2832 2834//2834 2836//2836 
f 2837//2837 2841//2841 2839//2839 
f 2837//2837 2838//2838 2842//2842 
f 2841//2841 2837//2837 2842//2842 
f 2838//2838 2840//2840 2842//2842 
f 2841//2841 2845//2845 2843//2843 
f 2839//2839 2841//2841 2843//2843 
f 2842//2842 2846//2846 2841//2841 
f 2846//2846 2845//2845 2841//2841 
f 2840//2840 2844//2844 2846//2846 
f 2842//2842 2840//2840 2846//2846 
f 2845//2845 2869//2869 2871//2871 
f 2845//2845 2871//2871 2843//2843 
f 2843//2843 2871//2871 2847//2847 
f 2846//2846 2869//2869 2845//2845 
f 2870//2870 2869//2869 2846//2846 
f 2870//2870 2846//2846 2844//2844 
f 2870//2870 2844//2844 2872//2872 
f 2872//2872 2844//2844 2848//2848 
f 2847//2847 2871//2871 2849//2849 
f 2871//2871 2875//2875 2849//2849 
f 2848//2848 2850//2850 2872//2872 
f 2872//2872 2850//2850 2876//2876 
f 2877//2877 2853//2853 2851//2851 
f 2877//2877 2851//2851 2875//2875 
f 2875//2875 2851//2851 2849//2849 
f 2853//2853 2878//2878 2854//2854 
f 2877//2877 2878//2878 2853//2853 
f 2854//2854 2878//2878 2876//2876 
f 2854//2854 2876//2876 2852//2852 
f 2852//2852 2876//2876 2850//2850 
f 2853//2853 2857//2857 2855//2855 
f 2851//2851 2853//2853 2855//2855 
f 2854//2854 2858//2858 2853//2853 
f 2858//2858 2857//2857 2853//2853 
f 2852//2852 2856//2856 2858//2858 
f 2854//2854 2852//2852 2858//2858 
f 2857//2857 2861//2861 2859//2859 
f 2855//2855 2857//2857 2859//2859 
f 2858//2858 2862//2862 2857//2857 
f 2862//2862 2861//2861 2857//2857 
f 2856//2856 2860//2860 2862//2862 
f 2858//2858 2856//2856 2862//2862 
f 2861//2861 2867//2867 2863//2863 
f 2859//2859 2861//2861 2863//2863 
f 2862//2862 2868//2868 2861//2861 
f 2868//2868 2867//2867 2861//2861 
f 2860//2860 2864//2864 2868//2868 
f 2862//2862 2860//2860 2868//2868 
f 2863//2863 2867//2867 2865//2865 
f 2866//2866 2865//2865 2867//2867 
f 2868//2868 2866//2866 2867//2867 
f 2864//2864 2866//2866 2868//2868 
f 2869//2869 2873//2873 2871//2871 
f 2869//2869 2870//2870 2874//2874 
f 2873//2873 2869//2869 2874//2874 
f 2870//2870 2872//2872 2874//2874 
f 2873//2873 2879//2879 2875//2875 
f 2871//2871 2873//2873 2875//2875 
f 2874//2874 2880//2880 2873//2873 
f 2880//2880 2879//2879 2873//2873 
f 2872//2872 2876//2876 2880//2880 
f 2874//2874 2872//2872 2880//2880 
f 2875//2875 2879//2879 2877//2877 
f 2878//2878 2877//2877 2879//2879 
f 2880//2880 2878//2878 2879//2879 
f 2876//2876 2878//2878 2880//2880 
