#  3D Slicer output. SPACE=LPS

mtllib right brachiocephalic vein.mtl

v -24.489391326904297 -24.661373138427734 -88.74103546142578
v -23.8670711517334 -24.735498428344727 -88.8946533203125
v -23.107051849365234 -24.74449920654297 -88.96614074707031
v -22.312652587890625 -24.695133209228516 -88.95977020263672
v -21.596097946166992 -24.643754959106445 -88.85604858398438
v -21.117042541503906 -24.671411514282227 -88.63513946533203
v -24.661218643188477 -24.11355972290039 -88.96400451660156
v -24.103652954101562 -24.148834228515625 -89.22027587890625
v -23.393619537353516 -24.16548728942871 -89.33868408203125
v -22.594987869262695 -24.154329299926758 -89.349365234375
v -21.764362335205078 -24.13866424560547 -89.2441177368164
v -20.906044006347656 -24.1859073638916 -88.93268585205078
v -24.76087760925293 -23.48431396484375 -88.98937225341797
v -24.23273277282715 -23.492443084716797 -89.34555053710938
v -23.559783935546875 -23.5018253326416 -89.5224380493164
v -22.781265258789062 -23.50080108642578 -89.57626342773438
v -21.935771942138672 -23.49213409423828 -89.53350067138672
v -21.032989501953125 -23.487138748168945 -89.38304901123047
v -20.012474060058594 -23.466217041015625 -89.09618377685547
v -19.036293029785156 -23.172199249267578 -89.0008544921875
v -18.349123001098633 -23.024166107177734 -88.85330200195312
v -17.956565856933594 -23.004568099975586 -88.57479095458984
v -24.795305252075195 -22.757625579833984 -88.95111083984375
v -24.282217025756836 -22.762035369873047 -89.35375213623047
v -23.632680892944336 -22.766780853271484 -89.56867218017578
v -22.877824783325195 -22.7684383392334 -89.654541015625
v -22.050512313842773 -22.765207290649414 -89.66056823730469
v -21.170663833618164 -22.757387161254883 -89.60990905761719
v -20.243322372436523 -22.734891891479492 -89.50618743896484
v -19.310808181762695 -22.654903411865234 -89.38529968261719
v -18.46795082092285 -22.555171966552734 -89.2177963256836
v -17.744754791259766 -22.525596618652344 -88.83804321289062
v -24.785554885864258 -21.968555450439453 -88.91181945800781
v -24.278724670410156 -21.974205017089844 -89.3243408203125
v -23.64151382446289 -21.9790096282959 -89.54742431640625
v -22.903228759765625 -21.982622146606445 -89.64012145996094
v -22.095870971679688 -21.983659744262695 -89.66407775878906
v -21.24243927001953 -21.9813232421875 -89.66106414794922
v -20.35596466064453 -21.972429275512695 -89.64351654052734
v -19.45612335205078 -21.94784927368164 -89.60163116455078
v -18.586122512817383 -21.909976959228516 -89.49920654296875
v -17.794645309448242 -21.881603240966797 -89.26860809326172
v -17.094528198242188 -21.845935821533203 -88.8925552368164
v -16.66012954711914 -21.66881561279297 -88.64280700683594
v -24.755441665649414 -21.15577507019043 -88.88961791992188
v -24.249135971069336 -21.159053802490234 -89.30030822753906
v -23.615814208984375 -21.163272857666016 -89.51576232910156
v -22.884750366210938 -21.168148040771484 -89.5956039428711
v -22.089242935180664 -21.171642303466797 -89.61017608642578
v -21.254491806030273 -21.172677993774414 -89.61540222167969
v -20.394123077392578 -21.170711517333984 -89.63516235351562
v -19.51860237121582 -21.164262771606445 -89.6561050415039
v -18.64984130859375 -21.153963088989258 -89.63150024414062
v -17.829931259155273 -21.15015983581543 -89.49295043945312
v -17.12566566467285 -21.174907684326172 -89.1900634765625
v -16.634010314941406 -21.24314308166504 -88.76422882080078
v -24.7225399017334 -20.354270935058594 -88.86760711669922
v -24.214994430541992 -20.346092224121094 -89.28653717041016
v -23.580242156982422 -20.34415054321289 -89.49981689453125
v -22.848796844482422 -20.347213745117188 -89.56432342529297
v -22.05594825744629 -20.350814819335938 -89.55623626708984
v -21.229816436767578 -20.35207748413086 -89.54399108886719
v -20.385419845581055 -20.350778579711914 -89.56550598144531
v -19.528711318969727 -20.347749710083008 -89.61673736572266
v -18.6683292388916 -20.34380340576172 -89.6524429321289
v -17.827999114990234 -20.342254638671875 -89.59617614746094
v -17.057037353515625 -20.36004066467285 -89.35745239257812
v -16.48899269104004 -20.486831665039062 -88.8739013671875
v -24.69743537902832 -19.595741271972656 -88.80756378173828
v -24.190187454223633 -19.558609008789062 -89.25731658935547
v -23.550844192504883 -19.539569854736328 -89.49356079101562
v -22.81414222717285 -19.53498077392578 -89.56039428710938
v -22.01714515686035 -19.53548240661621 -89.53502655029297
v -21.190940856933594 -19.53459930419922 -89.49615478515625
v -20.35365104675293 -19.530725479125977 -89.4967269897461
v -19.5108642578125 -19.52550506591797 -89.54742431640625
v -18.664051055908203 -19.520462036132812 -89.61448669433594
v -17.821693420410156 -19.51446533203125 -89.62783813476562
v -17.002832412719727 -19.502782821655273 -89.49264526367188
v -16.204404830932617 -19.471824645996094 -89.0645980834961
v -24.69059181213379 -18.920814514160156 -88.6666488647461
v -24.186933517456055 -18.811738967895508 -89.1650390625
v -23.53583526611328 -18.75714111328125 -89.46659088134766
v -22.78999137878418 -18.73700714111328 -89.57191467285156
v -21.985185623168945 -18.73050880432129 -89.55253601074219
v -21.153270721435547 -18.725622177124023 -89.4949722290039
v -20.316064834594727 -18.71820640563965 -89.46624755859375
v -19.482088088989258 -18.710124969482422 -89.49398040771484
v -18.65160369873047 -18.704748153686523 -89.56050872802734
v -17.82585334777832 -18.70112419128418 -89.61021423339844
v -17.015254974365234 -18.691492080688477 -89.56809997558594
v -16.240394592285156 -18.653535842895508 -89.3680191040039
v -15.521621704101562 -18.497228622436523 -89.033203125
v -15.096485137939453 -18.19635581970215 -88.81778717041016
v -24.719310760498047 -18.459749221801758 -88.43441009521484
v -24.239194869995117 -18.10401725769043 -88.92704010009766
v -23.539520263671875 -17.987977981567383 -89.37347412109375
v -22.776973724365234 -17.948686599731445 -89.57084655761719
v -21.963882446289062 -17.9326171875 -89.59468841552734
v -21.1245174407959 -17.922222137451172 -89.54048156738281
v -20.283042907714844 -17.911231994628906 -89.4881820678711
v -19.45269012451172 -17.901527404785156 -89.48165893554688
v -18.636655807495117 -17.899381637573242 -89.52095031738281
v -17.83645248413086 -17.907846450805664 -89.56745147705078
v -17.054962158203125 -17.9168701171875 -89.55696105957031
v -16.30653190612793 -17.918718338012695 -89.43252563476562
v -15.639841079711914 -17.90790557861328 -89.1845703125
v -15.154207229614258 -17.881738662719727 -88.85936737060547
v -23.55184555053711 -17.18238639831543 -89.17274475097656
v -22.76444435119629 -17.15608787536621 -89.52800750732422
v -21.950292587280273 -17.13473892211914 -89.63661193847656
v -21.107149124145508 -17.118179321289062 -89.61658477783203
v -20.260726928710938 -17.10348129272461 -89.55753326416016
v -19.430255889892578 -17.093097686767578 -89.51736450195312
v -18.623374938964844 -17.09613800048828 -89.51274871826172
v -17.84402084350586 -17.123531341552734 -89.52239990234375
v -17.108381271362305 -17.175411224365234 -89.50332641601562
v -16.400968551635742 -17.200016021728516 -89.37854766845703
v -15.735733032226562 -17.249465942382812 -89.13372039794922
v -15.214085578918457 -17.365623474121094 -88.80470275878906
v -23.31932830810547 -16.323448181152344 -89.03511047363281
v -22.710716247558594 -16.356266021728516 -89.4424057006836
v -21.935771942138672 -16.335153579711914 -89.65091705322266
v -21.101320266723633 -16.310834884643555 -89.6957015991211
v -20.25388526916504 -16.291259765625 -89.65465545654297
v -19.422733306884766 -16.280067443847656 -89.59232330322266
v -18.62146759033203 -16.2872314453125 -89.53948974609375
v -17.853010177612305 -16.329347610473633 -89.48951721191406
v -17.12651252746582 -16.426456451416016 -89.41287994384766
v -16.550827026367188 -16.59860610961914 -89.31903839111328
v -15.881145477294922 -16.48038673400879 -88.94718170166016
v -15.286850929260254 -16.775047302246094 -88.60057830810547
v -23.2076416015625 -15.676128387451172 -88.78669738769531
v -22.646867752075195 -15.604352951049805 -89.2779541015625
v -21.922481536865234 -15.550470352172852 -89.59949493408203
v -21.108604431152344 -15.507448196411133 -89.7385025024414
v -20.26681900024414 -15.479028701782227 -89.74578857421875
v -19.438053131103516 -15.466129302978516 -89.68307495117188
v -18.64333152770996 -15.47534465789795 -89.59064483642578
v -17.8873291015625 -15.5238037109375 -89.47696685791016
v -17.161357879638672 -15.633487701416016 -89.31804656982422
v -16.41293716430664 -15.843987464904785 -89.05651092529297
v -23.17957878112793 -15.2613525390625 -88.46065521240234
v -22.658193588256836 -14.945197105407715 -88.92627716064453
v -21.931398391723633 -14.8076171875 -89.41974639892578
v -21.13356590270996 -14.725041389465332 -89.69100952148438
v -20.301616668701172 -14.67989730834961 -89.7824478149414
v -19.480573654174805 -14.665794372558594 -89.7509765625
v -18.698192596435547 -14.67684555053711 -89.6405029296875
v -17.95940399169922 -14.724863052368164 -89.47189331054688
v -17.26467514038086 -14.837301254272461 -89.24674987792969
v -16.612422943115234 -15.014243125915527 -88.93287658691406
v -21.96232032775879 -14.11191177368164 -89.04960632324219
v -21.173370361328125 -13.979768753051758 -89.49283599853516
v -20.354843139648438 -13.911294937133789 -89.70626831054688
v -19.5432186126709 -13.89504623413086 -89.74079132080078
v -18.785953521728516 -13.925695419311523 -89.6524429321289
v -18.077993392944336 -13.961148262023926 -89.44732666015625
v -17.39846420288086 -14.063692092895508 -89.1530990600586
v -16.78106689453125 -14.274513244628906 -88.79974365234375
v -21.8104248046875 -13.546884536743164 -88.72638702392578
v -21.202421188354492 -13.272452354431152 -89.09786224365234
v -20.41054916381836 -13.189851760864258 -89.46338653564453
v -19.61827278137207 -13.169693946838379 -89.59686279296875
v -18.859840393066406 -13.217174530029297 -89.5489501953125
v -18.26245880126953 -13.361156463623047 -89.42005157470703
v -17.600238800048828 -13.260698318481445 -88.9862060546875
v -16.943490982055664 -13.582158088684082 -88.59256744384766
v -20.425737380981445 -12.519311904907227 -89.01592254638672
v -19.693696975708008 -12.52126693725586 -89.28302764892578
v -18.95511245727539 -12.557184219360352 -89.3021011352539
v -18.185842514038086 -12.691020965576172 -89.10083770751953
v -20.190656661987305 -12.011039733886719 -88.55785369873047
v -19.723308563232422 -12.00704574584961 -88.79806518554688
v -19.083011627197266 -12.020576477050781 -88.89781951904297
v -18.44048500061035 -12.090420722961426 -88.81477355957031
v -24.739288330078125 -24.98444366455078 -88.08940887451172
v -24.218643188476562 -25.173986434936523 -88.23863983154297
v -23.488664627075195 -25.271297454833984 -88.31741333007812
v -22.668838500976562 -25.220287322998047 -88.40133666992188
v -21.90964126586914 -25.069427490234375 -88.43482971191406
v -21.398757934570312 -24.923933029174805 -88.4603500366211
v -24.87926483154297 -24.55059242248535 -88.5101318359375
v -21.005916595458984 -24.886178970336914 -88.24333190917969
v -25.035058975219727 -24.1124267578125 -88.47793579101562
v -20.581377029418945 -24.58264923095703 -88.32508087158203
v -20.081722259521484 -24.12409782409668 -88.50273132324219
v -19.363821029663086 -23.72216033935547 -88.5067367553711
v -18.684364318847656 -23.433935165405273 -88.5125732421875
v -18.241918563842773 -23.258136749267578 -88.50284576416016
v -25.127660751342773 -23.486221313476562 -88.39675903320312
v -17.966079711914062 -23.19887924194336 -88.20457458496094
v -25.158357620239258 -22.751558303833008 -88.32202911376953
v -17.553829193115234 -22.848987579345703 -88.08631896972656
v -17.122089385986328 -22.31987762451172 -88.40309143066406
v -16.79254722595215 -21.96331024169922 -88.53897094726562
v -25.150156021118164 -21.958219528198242 -88.27831268310547
v -16.56327247619629 -21.789777755737305 -88.31893920898438
v -25.123680114746094 -21.14794158935547 -88.25672149658203
v -16.41608428955078 -21.415555953979492 -88.27014923095703
v -25.090335845947266 -20.358348846435547 -88.22437286376953
v -16.228282928466797 -20.789134979248047 -88.21338653564453
v -25.053083419799805 -19.6253662109375 -88.14216613769531
v -15.875601768493652 -19.85100555419922 -88.18363189697266
v -15.50595760345459 -18.983448028564453 -88.61804962158203
v -15.194988250732422 -18.48882484436035 -88.75625610351562
v -25.006067276000977 -18.983673095703125 -87.98969268798828
v -15.001296997070312 -18.264711380004883 -88.56758117675781
v -24.907625198364258 -18.3997745513916 -87.80281066894531
v -14.928472518920898 -17.944299697875977 -88.46546173095703
v -24.561988830566406 -17.929887771606445 -88.35559844970703
v -24.16485595703125 -17.48598861694336 -88.73462677001953
v -23.91599464416504 -16.88888168334961 -88.65097045898438
v -14.911961555480957 -17.510330200195312 -88.36280822753906
v -23.718393325805664 -16.25259017944336 -88.42388153076172
v -14.936553955078125 -17.026578903198242 -88.21250915527344
v -15.311360359191895 -16.120933532714844 -88.09684753417969
v -14.993691444396973 -16.583324432373047 -87.9644775390625
v -23.55872344970703 -15.701711654663086 -88.11824798583984
v -15.788698196411133 -15.780008316040039 -88.55587005615234
v -23.37091064453125 -15.212798118591309 -87.7920913696289
v -16.021860122680664 -15.193998336791992 -88.47293853759766
v -22.960948944091797 -14.807653427124023 -88.27884674072266
v -22.541820526123047 -14.414191246032715 -88.61591339111328
v -22.27025032043457 -13.938021659851074 -88.42449188232422
v -16.240299224853516 -14.518260955810547 -88.32988739013672
v -21.99258804321289 -13.449907302856445 -88.08612823486328
v -16.44386100769043 -13.882231712341309 -88.15738677978516
v -21.505022048950195 -13.0645751953125 -88.49769592285156
v -21.020198822021484 -12.7044677734375 -88.73138427734375
v -17.04598617553711 -12.92666244506836 -88.10787200927734
v -16.618574142456055 -13.376319885253906 -87.95211791992188
v -20.678340911865234 -12.260114669799805 -88.41850280761719
v -17.57389259338379 -12.612808227539062 -88.58158111572266
v -20.303142547607422 -11.85462474822998 -87.89299011230469
v -17.867755889892578 -12.171578407287598 -88.4670639038086
v -19.7624568939209 -11.691141128540039 -88.11744689941406
v -19.182418823242188 -11.65459156036377 -88.26786041259766
v -18.594287872314453 -11.706697463989258 -88.31184387207031
v -18.127965927124023 -11.824024200439453 -88.25748443603516
v -22.87873077392578 -26.48432159423828 -86.17816925048828
v -22.471450805664062 -26.502609252929688 -86.17900848388672
v -24.846817016601562 -25.17991065979004 -87.18433380126953
v -24.470985412597656 -25.40185546875 -87.52426147460938
v -23.833358764648438 -25.71730613708496 -87.35450744628906
v -22.903644561767578 -25.783872604370117 -87.52456665039062
v -22.056543350219727 -25.535179138183594 -87.69332885742188
v -21.26897621154785 -25.20781707763672 -87.76351928710938
v -23.25282096862793 -26.186443328857422 -86.73683166503906
v -22.64772605895996 -26.263439178466797 -86.70692443847656
v -25.061237335205078 -24.662696838378906 -87.87296295166016
v -20.60458755493164 -24.9183292388916 -87.7042007446289
v -20.029783248901367 -24.810266494750977 -87.09545135498047
v -19.642602920532227 -24.74212646484375 -86.41548156738281
v -25.248777389526367 -24.145721435546875 -87.69577026367188
v -20.226097106933594 -24.679994583129883 -87.79239654541016
v -20.055282592773438 -24.446083068847656 -88.03836822509766
v -19.508588790893555 -24.192392349243164 -87.75287628173828
v -18.830717086791992 -23.779117584228516 -87.7978515625
v -18.30065155029297 -23.45747947692871 -87.99545288085938
v -19.86123275756836 -24.543630599975586 -87.5579833984375
v -19.509960174560547 -24.498212814331055 -86.90139770507812
v -25.346994400024414 -23.48647117614746 -87.55615234375
v -17.856002807617188 -23.26059341430664 -87.51594543457031
v -25.385379791259766 -22.735321044921875 -87.47016906738281
v -17.37710189819336 -22.931659698486328 -87.01713562011719
v -17.023204803466797 -22.498775482177734 -87.5790023803711
v -16.72220230102539 -22.0893497467041 -88.02009582519531
v -25.388574600219727 -21.934377670288086 -87.43270874023438
v -16.44120216369629 -21.724950790405273 -87.72773742675781
v -25.37042999267578 -21.121681213378906 -87.41500854492188
v -16.211355209350586 -21.19993019104004 -87.49618530273438
v -25.333559036254883 -20.334064483642578 -87.37785339355469
v -15.95207405090332 -20.50156593322754 -87.2646713256836
v -25.273502349853516 -19.603561401367188 -87.2848892211914
v -15.60407829284668 -19.672561645507812 -86.90773010253906
v -15.377771377563477 -19.07825469970703 -87.8750991821289
v -15.138697624206543 -18.583763122558594 -88.34663391113281
v -25.178850173950195 -18.936120986938477 -87.11814880371094
v -14.94845199584961 -18.209135055541992 -88.06709289550781
v -15.247499465942383 -18.877506256103516 -87.06008911132812
v -15.102518081665039 -18.58382225036621 -87.76721954345703
v -25.03863525390625 -18.30675506591797 -86.88514709472656
v -14.835500717163086 -17.742420196533203 -87.66807556152344
v -24.745141983032227 -17.815887451171875 -87.58804321289062
v -24.383163452148438 -17.34870719909668 -88.16635131835938
v -15.14885425567627 -18.599105834960938 -86.45149230957031
v -14.990341186523438 -18.271291732788086 -87.19367980957031
v -24.172401428222656 -16.75986099243164 -87.91854858398438
v -14.792752265930176 -17.26181411743164 -87.7279281616211
v -23.964237213134766 -16.18691635131836 -87.59113311767578
v -14.806890487670898 -16.837955474853516 -87.39425659179688
v -15.130817413330078 -15.71084213256836 -87.09724426269531
v -14.926517486572266 -16.302644729614258 -87.19772338867188
v -23.74484634399414 -15.653109550476074 -87.22061157226562
v -15.524280548095703 -15.420495986938477 -87.87139892578125
v -23.493789672851562 -15.158939361572266 -86.82281494140625
v -15.76582145690918 -14.791500091552734 -87.70626068115234
v -23.124181747436523 -14.739501953125 -87.43328094482422
v -22.721874237060547 -14.329743385314941 -87.96501159667969
v -22.432804107666016 -13.862646102905273 -87.58289337158203
v -16.012060165405273 -14.179754257202148 -87.5345230102539
v -22.110498428344727 -13.404560089111328 -87.11578369140625
v -16.262102127075195 -13.617920875549316 -87.3651123046875
v -21.67007827758789 -12.979829788208008 -87.66437530517578
v -21.192312240600586 -12.584233283996582 -88.09959411621094
v -16.91170883178711 -12.599992752075195 -87.088623046875
v -16.562223434448242 -13.107490539550781 -87.23621368408203
v -20.823610305786133 -12.149596214294434 -87.57808685302734
v -17.3665771484375 -12.327122688293457 -87.8704833984375
v -20.402313232421875 -11.777639389038086 -86.89582824707031
v -17.72317886352539 -11.901307106018066 -87.69878387451172
v -19.85207748413086 -11.548650741577148 -87.19181060791016
v -19.272506713867188 -11.449813842773438 -87.39025115966797
v -18.688976287841797 -11.477041244506836 -87.5113296508789
v -18.155776977539062 -11.620664596557617 -87.5857162475586
v -22.976350784301758 -26.611984252929688 -85.4574203491211
v -22.506296157836914 -26.628517150878906 -85.62175750732422
v -23.295520782470703 -26.43163299560547 -86.03836059570312
v -22.154640197753906 -26.5526180267334 -85.8066177368164
v -21.697389602661133 -26.420570373535156 -85.63350677490234
v -21.288860321044922 -26.349390029907227 -85.10147094726562
v -23.744630813598633 -26.16514015197754 -86.23416900634766
v -22.132741928100586 -26.35848617553711 -86.31027221679688
v -24.870098114013672 -25.296676635742188 -85.99735260009766
v -24.373329162597656 -25.72149085998535 -86.40632629394531
v -22.1377010345459 -26.006853103637695 -86.92874908447266
v -21.34256362915039 -25.71917724609375 -86.6757583618164
v -20.51465606689453 -25.21461296081543 -86.69601440429688
v -19.932388305664062 -24.96347427368164 -86.35967254638672
v -21.695173263549805 -26.156103134155273 -86.28498077392578
v -21.221839904785156 -26.09342384338379 -85.638427734375
v -25.15479278564453 -24.74365234375 -86.88838958740234
v -19.621074676513672 -24.853981018066406 -85.84671020507812
v -25.34775733947754 -24.161338806152344 -86.6616439819336
v -19.224750518798828 -24.529504776000977 -85.77449798583984
v -18.87177276611328 -24.083757400512695 -86.63509368896484
v -18.29026985168457 -23.629152297973633 -87.06794738769531
v -25.459444046020508 -23.469125747680664 -86.51302337646484
v -17.764652252197266 -23.33148765563965 -86.4114761352539
v -25.51978874206543 -22.70004653930664 -86.44065856933594
v -17.294466018676758 -22.9647159576416 -85.79063415527344
v -16.93563461303711 -22.546720504760742 -86.47846221923828
v -16.636669158935547 -22.119272232055664 -87.13481903076172
v -25.545560836791992 -21.885215759277344 -86.41834259033203
v -16.34427261352539 -21.647024154663086 -86.75308227539062
v -25.538646697998047 -21.05604362487793 -86.40937805175781
v -16.097068786621094 -21.06859588623047 -86.41399383544922
v -25.49281120300293 -20.253324508666992 -86.38214111328125
v -15.856563568115234 -20.419586181640625 -86.0748291015625
v -25.40740966796875 -19.513809204101562 -86.28715515136719
v -15.656745910644531 -19.867252349853516 -85.6991195678711
v -25.284671783447266 -18.832338333129883 -86.08154296875
v -15.390920639038086 -19.16637420654297 -85.9012222290039
v -25.120830535888672 -18.17406463623047 -85.78628540039062
v -15.172779083251953 -18.580066680908203 -85.68355560302734
v -24.856685638427734 -17.698144912719727 -86.61418914794922
v -24.549209594726562 -17.233348846435547 -87.31674194335938
v -15.003717422485352 -18.203235626220703 -86.2673568725586
v -14.866840362548828 -17.851030349731445 -86.75590515136719
v -24.335325241088867 -16.665971755981445 -86.96853637695312
v -14.775789260864258 -17.33137321472168 -86.70429229736328
v -24.101734161376953 -16.11224365234375 -86.53156280517578
v -14.76956558227539 -16.684268951416016 -86.24622344970703
v -15.055298805236816 -15.430868148803711 -86.09920501708984
v -14.8707275390625 -16.030323028564453 -86.10729217529297
v -23.834300994873047 -15.582489967346191 -86.1281967163086
v -15.36257266998291 -15.104591369628906 -86.95198059082031
v -23.547470092773438 -15.111339569091797 -85.70060729980469
v -15.620887756347656 -14.52079963684082 -86.75018310546875
v -23.206174850463867 -14.699053764343262 -86.35944366455078
v -22.836387634277344 -14.280569076538086 -86.99676513671875
v -22.51165008544922 -13.836288452148438 -86.48963928222656
v -15.901470184326172 -13.956558227539062 -86.58573150634766
v -22.1588134765625 -13.401067733764648 -85.92338562011719
v -16.192127227783203 -13.440238952636719 -86.42295837402344
v -21.756315231323242 -12.95781135559082 -86.57100677490234
v -21.312236785888672 -12.529457092285156 -87.13241577148438
v -16.87401580810547 -12.467205047607422 -85.95390319824219
v -16.509628295898438 -12.950431823730469 -86.18759155273438
v -20.911396026611328 -12.116265296936035 -86.48033142089844
v -17.285120010375977 -12.123703956604004 -86.89201354980469
v -20.464027404785156 -11.765170097351074 -85.69293975830078
v -17.713462829589844 -11.749422073364258 -86.72492980957031
v -19.927669525146484 -11.501598358154297 -86.04812622070312
v -19.355106353759766 -11.36479377746582 -86.29531860351562
v -18.771564483642578 -11.363899230957031 -86.46434783935547
v -18.212677001953125 -11.494088172912598 -86.5926742553711
v -23.06553077697754 -26.656734466552734 -84.55101013183594
v -22.536409378051758 -26.70410919189453 -84.78782653808594
v -21.993911743164062 -26.628589630126953 -85.06561279296875
v -21.53257179260254 -26.519954681396484 -84.97196197509766
v -23.470460891723633 -26.470375061035156 -85.33584594726562
v -21.257173538208008 -26.42020034790039 -84.58824157714844
v -23.989604949951172 -26.18236541748047 -85.23822784423828
v -20.90045166015625 -26.105297088623047 -84.56012725830078
v -24.882328033447266 -25.32442855834961 -84.67369079589844
v -24.48513412475586 -25.79222869873047 -85.00629425048828
v -20.562219619750977 -25.61457061767578 -85.38768768310547
v -19.967544555664062 -25.134586334228516 -85.63835144042969
v -25.17838478088379 -24.77480125427246 -85.68767547607422
v -19.47362518310547 -24.855792999267578 -84.98641967773438
v -25.38416290283203 -24.148094177246094 -85.46699523925781
v -18.983983993530273 -24.491954803466797 -84.41268920898438
v -18.6279296875 -24.12024688720703 -85.14045715332031
v -18.206750869750977 -23.724533081054688 -85.81348419189453
v -25.52737045288086 -23.430908203125 -85.34221649169922
v -17.69207763671875 -23.359882354736328 -85.10734558105469
v -25.626300811767578 -22.641826629638672 -85.29979705810547
v -17.257965087890625 -22.967493057250977 -84.45365905761719
v -16.895151138305664 -22.54987907409668 -85.20671844482422
v -16.5825252532959 -22.104633331298828 -85.9830093383789
v -25.68439292907715 -21.799266815185547 -85.2872085571289
v -16.302907943725586 -21.5911865234375 -85.54862976074219
v -25.683284759521484 -20.920635223388672 -85.29529571533203
v -16.066635131835938 -21.01012420654297 -85.1693344116211
v -25.61143684387207 -20.091510772705078 -85.33306121826172
v -15.847969055175781 -20.388900756835938 -84.84386444091797
v -25.503803253173828 -19.373332977294922 -85.23399353027344
v -15.608692169189453 -19.70376968383789 -84.66716766357422
v -25.3695125579834 -18.696821212768555 -84.93682861328125
v -15.32754898071289 -18.942951202392578 -84.67769622802734
v -15.114378929138184 -18.399381637573242 -84.42649841308594
v -15.006041526794434 -18.1373233795166 -84.02069091796875
v -25.18256950378418 -17.972850799560547 -84.48043823242188
v -15.135992050170898 -18.44669532775879 -85.10807037353516
v -24.914371490478516 -17.54348373413086 -85.53657531738281
v -24.651504516601562 -17.125892639160156 -86.31294250488281
v -15.039920806884766 -18.22352409362793 -85.60211181640625
v -14.896738052368164 -17.831302642822266 -85.76908111572266
v -15.018558502197266 -18.150175094604492 -85.12584686279297
v -14.93685245513916 -17.916011810302734 -84.70645904541016
v -24.439895629882812 -16.595232009887695 -85.85285186767578
v -14.789414405822754 -17.275917053222656 -85.11817932128906
v -24.894702911376953 -17.267501831054688 -84.51061248779297
v -24.70766258239746 -17.03156280517578 -85.37788391113281
v -24.17242431640625 -16.01862907409668 -85.17845153808594
v -14.75259017944336 -16.446208953857422 -84.79904174804688
v -15.042448043823242 -15.23134708404541 -85.29029846191406
v -14.874183654785156 -15.715241432189941 -85.07133483886719
v -24.825227737426758 -16.951297760009766 -83.70292663574219
v -24.578739166259766 -16.639041900634766 -84.58053588867188
v -23.837257385253906 -15.480005264282227 -85.10017395019531
v -15.27853012084961 -14.898276329040527 -85.9478759765625
v -15.201627731323242 -14.861631393432617 -84.92408752441406
v -14.96773910522461 -15.318977355957031 -84.38064575195312
v -23.586273193359375 -15.104818344116211 -84.48745727539062
v -15.553903579711914 -14.350438117980957 -85.55133819580078
v -23.236560821533203 -14.681732177734375 -85.1382827758789
v -22.883092880249023 -14.26248550415039 -85.81897735595703
v -15.381193161010742 -14.53291130065918 -84.43408966064453
v -15.136933326721191 -14.926457405090332 -83.92635345458984
v -22.531009674072266 -13.83812427520752 -85.2288818359375
v -15.890205383300781 -13.808417320251465 -85.67481994628906
v -22.160470962524414 -13.417852401733398 -84.60773468017578
v -16.14507484436035 -13.404178619384766 -85.28152465820312
v -21.783124923706055 -12.97142505645752 -85.30448913574219
v -21.37106704711914 -12.52707290649414 -85.94188690185547
v -16.88443374633789 -12.436532974243164 -84.69486236572266
v -16.496217727661133 -12.911462783813477 -84.95567321777344
v -20.949913024902344 -12.12812614440918 -85.21553039550781
v -17.28367805480957 -12.034273147583008 -85.74150085449219
v -20.487272262573242 -11.787939071655273 -84.37980651855469
v -17.74946403503418 -11.687803268432617 -85.56297302246094
v -19.97065544128418 -11.507856369018555 -84.76982116699219
v -19.412731170654297 -11.351072311401367 -85.05084991455078
v -18.836666107177734 -11.332082748413086 -85.25108337402344
v -18.272626876831055 -11.448454856872559 -85.408935546875
v -23.139429092407227 -26.652097702026367 -83.50894927978516
v -22.611427307128906 -26.72011947631836 -83.7972640991211
v -22.06106185913086 -26.681554794311523 -84.07901763916016
v -21.57323455810547 -26.56948471069336 -84.35543060302734
v -23.582029342651367 -26.4829158782959 -84.30427551269531
v -21.170795440673828 -26.36432647705078 -83.87638092041016
v -24.073278427124023 -26.189529418945312 -84.00909423828125
v -20.737171173095703 -26.032960891723633 -83.341064453125
v -24.894058227539062 -25.31488037109375 -83.34098815917969
v -24.514461517333984 -25.796436309814453 -83.66905212402344
v -20.318078994750977 -25.655628204345703 -83.89507293701172
v -19.873882293701172 -25.233627319335938 -84.47093963623047
v -25.184322357177734 -24.76590919494629 -84.39128875732422
v -19.349075317382812 -24.852693557739258 -83.7557601928711
v -25.425064086914062 -24.11665916442871 -84.20169830322266
v -18.88048553466797 -24.466060638427734 -83.08605194091797
v -18.49596405029297 -24.107433319091797 -83.74687194824219
v -18.102096557617188 -23.73957633972168 -84.4290542602539
v -25.623870849609375 -23.379934310913086 -84.11239624023438
v -17.64899444580078 -23.357236862182617 -83.73832702636719
v -25.77121353149414 -22.566055297851562 -84.12055969238281
v -17.25429344177246 -22.957706451416016 -83.0938720703125
v -16.89232635498047 -22.540451049804688 -83.86028289794922
v -16.570722579956055 -22.084129333496094 -84.68585968017578
v -25.8779296875 -21.674680709838867 -84.02999877929688
v -16.306304931640625 -21.56076431274414 -84.23957824707031
v -26.250707626342773 -21.899677276611328 -82.41065979003906
v -26.078533172607422 -21.964990615844727 -83.03024291992188
v -25.84173583984375 -20.628284454345703 -84.13063049316406
v -16.076541900634766 -20.97748565673828 -83.86520385742188
v -26.307605743408203 -21.450878143310547 -82.25044250488281
v -26.093196868896484 -21.304786682128906 -83.08849334716797
v -25.692903518676758 -19.85483169555664 -84.46353912353516
v -15.84724235534668 -20.320737838745117 -83.55796813964844
v -25.615524291992188 -19.251049041748047 -84.12757873535156
v -15.567981719970703 -19.527984619140625 -83.28636169433594
v -15.276646614074707 -18.805086135864258 -83.6404800415039
v -15.112817764282227 -18.418371200561523 -83.73149871826172
v -25.47347640991211 -18.580781936645508 -83.78921508789062
v -15.028202056884766 -18.196369171142578 -83.49647521972656
v -25.35059356689453 -18.074453353881836 -83.3944320678711
v -14.894270896911621 -17.745351791381836 -83.79417419433594
v -25.116455078125 -17.484020233154297 -83.33499908447266
v -14.759958267211914 -17.059253692626953 -83.77960205078125
v -24.90180778503418 -16.89399528503418 -82.71720886230469
v -14.72572135925293 -16.52585220336914 -83.54743957519531
v -24.608373641967773 -16.494131088256836 -83.36963653564453
v -24.341297149658203 -16.146446228027344 -84.00581359863281
v -23.988033294677734 -15.6144380569458 -83.91860961914062
v -14.806306838989258 -15.909708023071289 -83.74446868896484
v -23.621570587158203 -15.094697952270508 -83.1869888305664
v -14.950728416442871 -15.34271240234375 -83.38157653808594
v -23.247623443603516 -14.674806594848633 -83.84063720703125
v -22.888755798339844 -14.261150360107422 -84.5248031616211
v -15.370428085327148 -14.591503143310547 -83.34510803222656
v -15.102529525756836 -15.000450134277344 -83.15650939941406
v -22.52206802368164 -13.848077774047852 -83.89446258544922
v -15.734553337097168 -14.020240783691406 -84.42314147949219
v -22.14605712890625 -13.434791564941406 -83.25698852539062
v -16.13124656677246 -13.461864471435547 -83.91738891601562
v -21.775102615356445 -12.99738883972168 -83.9581298828125
v -21.383237838745117 -12.55185604095459 -84.6261978149414
v -16.913116455078125 -12.452804565429688 -83.37326049804688
v -16.51926040649414 -12.930309295654297 -83.61644744873047
v -20.95179557800293 -12.159908294677734 -83.87344360351562
v -17.31207275390625 -12.019861221313477 -84.47566986083984
v -20.481216430664062 -11.82497787475586 -83.03314208984375
v -17.789697647094727 -11.68527603149414 -84.28966522216797
v -19.98193359375 -11.538934707641602 -83.43494415283203
v -19.439638137817383 -11.372518539428711 -83.73222351074219
v -18.87502670288086 -11.344242095947266 -83.94950866699219
v -18.316173553466797 -11.45336627960205 -84.1231918334961
v -23.169815063476562 -26.610851287841797 -82.38422393798828
v -22.729183197021484 -26.692176818847656 -82.87689208984375
v -22.144054412841797 -26.642513275146484 -82.91980743408203
v -21.59482192993164 -26.54532241821289 -83.46088409423828
v -23.636043548583984 -26.465404510498047 -83.13102722167969
v -21.16847038269043 -26.303422927856445 -82.90531158447266
v -21.90192985534668 -26.483417510986328 -81.82987213134766
v -21.598838806152344 -26.47271156311035 -82.58716583251953
v -24.111377716064453 -26.17119598388672 -82.73704528808594
v -20.797014236450195 -26.009214401245117 -82.3476791381836
v -24.956058502197266 -25.30980110168457 -82.0425796508789
v -24.54804229736328 -25.782299041748047 -82.36507415771484
v -20.27229118347168 -25.620698928833008 -82.44613647460938
v -19.771873474121094 -25.229656219482422 -83.14517974853516
v -21.675182342529297 -26.309978485107422 -81.04454040527344
v -21.277629852294922 -26.221012115478516 -81.79908752441406
v -25.228273391723633 -24.747467041015625 -83.08311462402344
v -19.284713745117188 -24.820423126220703 -82.46589660644531
v -25.535869598388672 -24.09186363220215 -82.91934967041016
v -18.851829528808594 -24.437105178833008 -81.78905487060547
v -18.445884704589844 -24.08618927001953 -82.40615844726562
v -18.047773361206055 -23.727453231811523 -83.05709838867188
v -25.820804595947266 -23.32862663269043 -82.83870697021484
v -17.640722274780273 -23.343717575073242 -82.38822937011719
v -26.207387924194336 -23.350238800048828 -81.38359069824219
v -25.99300193786621 -23.545623779296875 -81.81495666503906
v -25.97124481201172 -22.502338409423828 -83.11500549316406
v -17.27230453491211 -22.941864013671875 -81.77143096923828
v -26.35134506225586 -22.334491729736328 -81.85676574707031
v -26.18058967590332 -22.426044464111328 -82.39910125732422
v -16.912614822387695 -22.527767181396484 -82.5192642211914
v -16.58827018737793 -22.069108963012695 -83.34495544433594
v -26.30324363708496 -22.819507598876953 -81.6546630859375
v -26.08509063720703 -23.00489044189453 -82.20794677734375
v -26.439403533935547 -21.91399383544922 -81.6677474975586
v -16.332292556762695 -21.54353904724121 -82.9123306274414
v -26.472890853881836 -21.250259399414062 -81.49364471435547
v -16.103363037109375 -20.954967498779297 -82.54539489746094
v -26.230167388916016 -20.902908325195312 -82.42988586425781
v -26.034809112548828 -20.617412567138672 -83.1515884399414
v -25.880645751953125 -19.93132781982422 -83.37665557861328
v -15.87735366821289 -20.295143127441406 -82.18875885009766
v -26.314163208007812 -20.490848541259766 -81.80980682373047
v -26.114727020263672 -20.33736801147461 -82.60826110839844
v -25.76329803466797 -19.077598571777344 -82.86956787109375
v -15.648115158081055 -19.574748992919922 -81.67407989501953
v -15.368509292602539 -18.979036331176758 -82.63435363769531
v -15.162431716918945 -18.5206298828125 -83.1241226196289
v -26.3460636138916 -20.055747985839844 -81.27765655517578
v -26.09262466430664 -19.777511596679688 -82.15240478515625
v -25.55123519897461 -18.424427032470703 -82.8823471069336
v -15.030360221862793 -18.11937141418457 -82.88124084472656
v -15.368938446044922 -18.825685501098633 -81.70234680175781
v -15.199875831604004 -18.53426742553711 -82.43293762207031
v -25.421977996826172 -17.924558639526367 -82.48004913330078
v -14.887332916259766 -17.50365447998047 -82.65205383300781
v -15.328752517700195 -18.501399993896484 -81.06441497802734
v -15.122628211975098 -18.156455993652344 -81.89018249511719
v -25.21469497680664 -17.329179763793945 -82.064208984375
v -14.76287841796875 -16.879344940185547 -82.87250518798828
v -24.975955963134766 -16.76316261291504 -81.60438537597656
v -14.785933494567871 -16.36621856689453 -82.65785217285156
v -24.648534774780273 -16.371774673461914 -82.25982666015625
v -24.3257999420166 -15.994620323181152 -82.96775817871094
v -23.996580123901367 -15.499234199523926 -82.49755859375
v -14.89100456237793 -15.727686882019043 -82.50782012939453
v -15.145301818847656 -15.485692024230957 -81.28448486328125
v -14.984130859375 -15.728437423706055 -81.65042877197266
v -23.65555763244629 -15.036285400390625 -81.90391540527344
v -15.004491806030273 -15.259397506713867 -82.6968765258789
v -23.265182495117188 -14.65294361114502 -82.53700256347656
v -22.886394500732422 -14.257823944091797 -83.19862365722656
v -15.418207168579102 -14.6836519241333 -82.30072021484375
v -15.180683135986328 -14.969658851623535 -82.5223159790039
v -15.270209312438965 -15.063023567199707 -81.7086410522461
v -15.05131721496582 -15.349637985229492 -82.03620910644531
v -22.518312454223633 -13.848376274108887 -82.56549835205078
v -15.758609771728516 -14.142179489135742 -82.71244049072266
v -22.144390106201172 -13.437688827514648 -81.9342041015625
v -16.19207763671875 -13.501977920532227 -82.48420715332031
v -21.75818634033203 -13.018321990966797 -82.60528564453125
v -21.369064331054688 -12.583041191101074 -83.26866149902344
v -16.93793487548828 -12.480306625366211 -82.0504379272461
v -16.562902450561523 -12.958765029907227 -82.26478576660156
v -20.931602478027344 -12.195301055908203 -82.5229263305664
v -17.339563369750977 -12.040495872497559 -83.16082000732422
v -20.456266403198242 -11.866044998168945 -81.70822143554688
v -17.814207077026367 -11.708760261535645 -82.97409057617188
v -19.970523834228516 -11.580562591552734 -82.10277557373047
v -19.441104888916016 -11.408495903015137 -82.39952087402344
v -18.886924743652344 -11.373794555664062 -82.6218032836914
v -18.3356876373291 -11.478912353515625 -82.80235290527344
v -23.22889518737793 -26.562191009521484 -81.15982055664062
v -22.587120056152344 -26.60931396484375 -81.77352905273438
v -23.68582534790039 -26.431560516357422 -81.9061279296875
v -22.177827835083008 -26.461469650268555 -80.8230209350586
v -24.174367904663086 -26.151716232299805 -81.48490905761719
v -21.784282684326172 -26.242733001708984 -80.11821746826172
v -25.093006134033203 -25.346792221069336 -80.7794189453125
v -24.633014678955078 -25.786327362060547 -81.12110137939453
v -21.249019622802734 -26.042556762695312 -80.60218811035156
v -20.656335830688477 -25.777685165405273 -81.24267578125
v -20.100736618041992 -25.410329818725586 -81.3022232055664
v -19.71660804748535 -25.1591796875 -81.86832427978516
v -25.357044219970703 -24.755657196044922 -81.79191589355469
v -19.27785873413086 -24.775623321533203 -81.2106704711914
v -25.75644302368164 -24.1180419921875 -81.62872314453125
v -18.86695671081543 -24.412738800048828 -80.52875518798828
v -26.32013511657715 -23.641014099121094 -80.59139251708984
v -26.070844650268555 -23.864757537841797 -81.0406494140625
v -18.445659637451172 -24.066829681396484 -81.11274719238281
v -18.038904190063477 -23.710609436035156 -81.73168182373047
v -26.400672912597656 -23.160053253173828 -80.9552001953125
v -17.65638542175293 -23.325801849365234 -81.09027862548828
v -26.51483917236328 -22.59920883178711 -81.01448059082031
v -17.301118850708008 -22.914838790893555 -80.51021575927734
v -16.944229125976562 -22.50641632080078 -81.23161315917969
v -16.620195388793945 -22.054027557373047 -82.02987670898438
v -26.644420623779297 -21.956527709960938 -80.78262329101562
v -16.3693904876709 -21.526193618774414 -81.62097930908203
v -26.697551727294922 -21.404516220092773 -80.54901123046875
v -16.148685455322266 -20.943201065063477 -81.26075744628906
v -26.57363510131836 -20.675289154052734 -80.72772979736328
v -15.953027725219727 -20.331775665283203 -80.89305877685547
v -26.48438262939453 -19.909549713134766 -80.40546417236328
v -15.817129135131836 -19.81998634338379 -80.49179077148438
v -26.21971321105957 -19.48157501220703 -81.16935729980469
v -25.978195190429688 -19.12796401977539 -81.82369232177734
v -25.744020462036133 -18.485057830810547 -81.87042236328125
v -15.592288970947266 -19.1199893951416 -80.58513641357422
v -25.543928146362305 -17.77820587158203 -81.34552001953125
v -15.435754776000977 -18.3992862701416 -80.23048400878906
v -15.18404483795166 -17.95541000366211 -80.98274230957031
v -14.996660232543945 -17.587852478027344 -81.64714813232422
v -25.30866813659668 -17.16061782836914 -80.93299865722656
v -14.879202842712402 -16.957019805908203 -81.87141418457031
v -25.05389404296875 -16.610443115234375 -80.54431915283203
v -14.91802978515625 -16.25177764892578 -81.59126281738281
v -24.707651138305664 -16.2412166595459 -81.15837097167969
v -24.355960845947266 -15.873373031616211 -81.79847717285156
v -15.27458381652832 -15.718162536621094 -80.5295181274414
v -15.07258415222168 -15.938377380371094 -80.987548828125
v -24.042558670043945 -15.402925491333008 -81.29199981689453
v -15.350580215454102 -15.275406837463379 -80.94310760498047
v -23.732460021972656 -14.964305877685547 -80.7382583618164
v -15.578805923461914 -14.768171310424805 -81.26949310302734
v -23.31812286376953 -14.606761932373047 -81.29608154296875
v -22.907793045043945 -14.236629486083984 -81.90959930419922
v -22.547698974609375 -13.827991485595703 -81.29573822021484
v -15.94550609588623 -14.120864868164062 -81.26201629638672
v -22.17595672607422 -13.42104721069336 -80.67131042480469
v -16.277812957763672 -13.520503044128418 -81.13170623779297
v -21.752178192138672 -13.024377822875977 -81.28582000732422
v -21.34596061706543 -12.607490539550781 -81.92512512207031
v -16.9461612701416 -12.501537322998047 -80.75767517089844
v -16.598844528198242 -12.98164176940918 -80.95470428466797
v -20.89794921875 -12.22536563873291 -81.20780944824219
v -17.35150909423828 -12.067532539367676 -81.84768676757812
v -20.41764259338379 -11.906396865844727 -80.4464340209961
v -17.81841468811035 -11.735403060913086 -81.66217803955078
v -19.94713592529297 -11.62921142578125 -80.81600189208984
v -19.42816925048828 -11.452829360961914 -81.09283447265625
v -18.88077163696289 -11.409341812133789 -81.30752563476562
v -18.33466339111328 -11.507844924926758 -81.48841857910156
v -23.368227005004883 -26.544750213623047 -79.871826171875
v -22.771406173706055 -26.552749633789062 -80.42076110839844
v -23.78815460205078 -26.40923309326172 -80.66009521484375
v -22.337173461914062 -26.417695999145508 -79.69486236572266
v -24.296188354492188 -26.155364990234375 -80.30349731445312
v -21.89227294921875 -26.189767837524414 -79.00276184082031
v -25.284421920776367 -25.467227935791016 -79.464111328125
v -24.763309478759766 -25.840293884277344 -79.9673080444336
v -21.338653564453125 -25.954187393188477 -79.44507598876953
v -20.77399444580078 -25.6927490234375 -79.8996353149414
v -20.219802856445312 -25.394821166992188 -80.28816223144531
v -19.724380493164062 -25.08815574645996 -80.68775177001953
v -25.58755874633789 -24.8189697265625 -80.49236297607422
v -19.311857223510742 -24.742389678955078 -79.98893737792969
v -26.0317325592041 -24.838756561279297 -78.99845123291016
v -25.723384857177734 -25.02312660217285 -79.4598388671875
v -25.9176025390625 -24.32079315185547 -80.63457489013672
v -18.898189544677734 -24.399925231933594 -79.28955078125
v -26.397180557250977 -23.918819427490234 -79.85576629638672
v -26.17080307006836 -24.13315773010254 -80.22850036621094
v -18.468034744262695 -24.053203582763672 -79.85687255859375
v -18.055761337280273 -23.6940975189209 -80.45673370361328
v -26.26042366027832 -24.36847686767578 -79.4241714477539
v -25.961362838745117 -24.59855079650879 -79.85885620117188
v -26.564098358154297 -23.342716217041016 -80.0543212890625
v -17.682504653930664 -23.299848556518555 -79.84546661376953
v -26.759302139282227 -22.634660720825195 -79.94647979736328
v -17.333019256591797 -22.866308212280273 -79.30458068847656
v -16.980731964111328 -22.463726043701172 -80.01457214355469
v -16.659164428710938 -22.024845123291016 -80.77903747558594
v -26.855527877807617 -21.943641662597656 -79.82471466064453
v -16.416622161865234 -21.49164581298828 -80.399169921875
v -26.844322204589844 -21.22542953491211 -79.74395751953125
v -16.211246490478516 -20.91236114501953 -80.06160736083984
v -26.75815773010254 -20.459043502807617 -79.59819793701172
v -16.036319732666016 -20.311344146728516 -79.76631164550781
v -26.625656127929688 -19.633174896240234 -79.26712036132812
v -15.868509292602539 -19.669294357299805 -79.58106994628906
v -26.323223114013672 -19.224143981933594 -80.24944305419922
v -26.053619384765625 -18.86223602294922 -81.00196838378906
v -25.878440856933594 -18.248414993286133 -80.66577911376953
v -15.709948539733887 -18.957828521728516 -79.4089126586914
v -26.36493492126465 -18.861305236816406 -79.38213348388672
v -26.14629364013672 -18.66692352294922 -80.172119140625
v -25.672889709472656 -17.557584762573242 -80.06805419921875
v -15.573131561279297 -18.12404441833496 -79.20455932617188
v -15.279424667358398 -17.710792541503906 -80.2164077758789
v -15.057575225830078 -17.35647964477539 -80.97492218017578
v -26.34994888305664 -18.47529411315918 -78.7091064453125
v -26.078187942504883 -18.189525604248047 -79.50817108154297
v -25.362836837768555 -16.95503044128418 -80.00137329101562
v -15.011024475097656 -16.791702270507812 -80.93475341796875
v -15.359044075012207 -17.29062843322754 -79.6621322631836
v -15.156591415405273 -17.165088653564453 -80.3744888305664
v -25.15937042236328 -16.46813201904297 -79.50420379638672
v -15.052473068237305 -16.367328643798828 -80.77144622802734
v -24.783527374267578 -16.09772491455078 -80.11585235595703
v -24.41706657409668 -15.753400802612305 -80.70331573486328
v -15.404891967773438 -16.068506240844727 -79.8061752319336
v -15.213525772094727 -16.22437286376953 -80.28209686279297
v -15.395617485046387 -16.665863037109375 -79.53014373779297
v -15.17934799194336 -16.73269271850586 -80.22968292236328
v -24.126089096069336 -15.302491188049316 -80.22991180419922
v -15.544772148132324 -15.48057746887207 -80.0027847290039
v -23.86553192138672 -14.894580841064453 -79.70993041992188
v -15.81464958190918 -14.788352966308594 -80.00373840332031
v -23.436080932617188 -14.544415473937988 -80.13130187988281
v -22.977649688720703 -14.191460609436035 -80.69942474365234
v -22.62469482421875 -13.784503936767578 -80.11459350585938
v -16.076433181762695 -14.135885238647461 -79.96109008789062
v -22.253799438476562 -13.391590118408203 -79.48360443115234
v -16.333759307861328 -13.537466049194336 -79.85031127929688
v -21.76799774169922 -13.013005256652832 -79.9920654296875
v -21.32025909423828 -12.617182731628418 -80.61653137207031
v -16.936933517456055 -12.511253356933594 -79.49748992919922
v -16.611135482788086 -12.995254516601562 -79.6883773803711
v -20.84493637084961 -12.241304397583008 -79.95201110839844
v -17.346084594726562 -12.086892127990723 -80.56015014648438
v -20.36162567138672 -11.93842887878418 -79.29622650146484
v -17.807758331298828 -11.756336212158203 -80.37418365478516
v -19.92316246032715 -11.685001373291016 -79.61612701416016
v -19.415485382080078 -11.507951736450195 -79.83837127685547
v -18.86920928955078 -11.451363563537598 -80.02567291259766
v -18.322837829589844 -11.536502838134766 -80.1995849609375
v -23.51202964782715 -26.592302322387695 -78.48625183105469
v -22.90613555908203 -26.538705825805664 -79.17716979980469
v -23.98603057861328 -26.421010971069336 -79.35302734375
v -22.4367733001709 -26.397872924804688 -78.5312271118164
v -24.39954376220703 -26.490556716918945 -77.65144348144531
v -24.048877716064453 -26.531946182250977 -78.26656341552734
v -24.459636688232422 -26.17286491394043 -79.40032958984375
v -21.961557388305664 -26.166046142578125 -77.8302001953125
v -26.118803024291992 -25.03873062133789 -78.06941986083984
v -25.70396614074707 -25.317977905273438 -78.57681274414062
v -25.26264190673828 -25.81239891052246 -78.22467803955078
v -24.83654022216797 -25.995540618896484 -78.9105224609375
v -21.418357849121094 -25.9063720703125 -78.26457977294922
v -20.863819122314453 -25.63580322265625 -78.68152618408203
v -20.313526153564453 -25.352500915527344 -79.09130096435547
v -19.791746139526367 -25.05447769165039 -79.51301574707031
v -24.81261444091797 -26.219654083251953 -77.94578552246094
v -24.4265079498291 -26.333045959472656 -78.57547760009766
v -26.31855010986328 -24.591779708862305 -78.6669921875
v -19.35563087463379 -24.727975845336914 -78.7652587890625
v -26.557600021362305 -24.03628921508789 -78.96602630615234
v -18.922042846679688 -24.399805068969727 -78.05049896240234
v -18.491863250732422 -24.046314239501953 -78.62018585205078
v -18.080352783203125 -23.676633834838867 -79.21878814697266
v -26.830841064453125 -23.33083152770996 -78.95008087158203
v -17.709827423095703 -23.260772705078125 -78.63288879394531
v -26.998245239257812 -22.60136604309082 -78.90174865722656
v -17.362462997436523 -22.785795211791992 -78.11782836914062
v -17.018234252929688 -22.38724136352539 -78.86463165283203
v -16.704200744628906 -21.96718406677246 -79.60685729980469
v -27.055561065673828 -21.842456817626953 -78.8412094116211
v -16.476272583007812 -21.425270080566406 -79.2520523071289
v -27.020477294921875 -21.06446075439453 -78.73680114746094
v -16.285991668701172 -20.82947540283203 -78.92158508300781
v -26.928281784057617 -20.306337356567383 -78.54442596435547
v -16.11058807373047 -20.188617706298828 -78.71376037597656
v -26.841556549072266 -19.709182739257812 -78.24329376220703
v -15.959405899047852 -19.536293029785156 -78.55594635009766
v -26.625024795532227 -19.039857864379883 -78.30337524414062
v -15.842521667480469 -18.86071014404297 -78.33759307861328
v -26.46869468688965 -18.36582374572754 -77.8305435180664
v -15.777087211608887 -18.252527236938477 -78.11637878417969
v -26.181434631347656 -17.960166931152344 -78.4649658203125
v -25.90514373779297 -17.612945556640625 -79.03987884521484
v -25.58934783935547 -17.000125885009766 -78.97628784179688
v -15.630186080932617 -17.41880226135254 -78.54801177978516
v -25.27806854248047 -16.253841400146484 -78.29132080078125
v -15.629947662353516 -16.377878189086914 -78.77449035644531
v -24.854028701782227 -15.912628173828125 -79.12940979003906
v -24.493778228759766 -15.617561340332031 -79.72698211669922
v -24.229694366455078 -15.192401885986328 -79.32331085205078
v -15.786039352416992 -15.54766845703125 -78.75343322753906
v -24.831544876098633 -15.597427368164062 -78.23707580566406
v -24.54986572265625 -15.461456298828125 -78.94508361816406
v -24.022733688354492 -14.890789985656738 -79.05563354492188
v -15.961515426635742 -14.820062637329102 -78.75431060791016
v -23.673320770263672 -14.486682891845703 -78.87920379638672
v -23.099445343017578 -14.121377944946289 -79.57942962646484
v -24.756420135498047 -15.253376960754395 -77.52151489257812
v -24.322664260864258 -15.008031845092773 -78.34770202636719
v -22.741090774536133 -13.721000671386719 -79.05040740966797
v -16.146242141723633 -14.15550708770752 -78.71116638183594
v -23.46624183654785 -14.043867111206055 -77.9104232788086
v -23.17780303955078 -13.99797248840332 -78.67656707763672
v -22.400188446044922 -13.386106491088867 -78.51329803466797
v -16.351747512817383 -13.548588752746582 -78.60671997070312
v -21.8254451751709 -12.992298126220703 -78.60275268554688
v -21.276580810546875 -12.60110092163086 -79.31732177734375
v -16.91707420349121 -12.511515617370605 -78.25759887695312
v -16.601430892944336 -12.998998641967773 -78.44894409179688
v -23.283672332763672 -13.750398635864258 -77.23396301269531
v -22.896242141723633 -13.640249252319336 -77.96428680419922
v -20.738542556762695 -12.223076820373535 -78.77731323242188
v -17.329465866088867 -12.096464157104492 -79.29962158203125
v -20.274389266967773 -11.946666717529297 -78.34976196289062
v -17.7914981842041 -11.772954940795898 -79.11029815673828
v -19.916736602783203 -11.745905876159668 -78.57852935791016
v -19.428300857543945 -11.578882217407227 -78.65795135498047
v -18.86872100830078 -11.504554748535156 -78.77754211425781
v -18.31163215637207 -11.568534851074219 -78.9352798461914
v -24.422788619995117 -26.598405838012695 -76.69147491455078
v -23.89688491821289 -26.65567398071289 -77.2903823852539
v -23.372913360595703 -26.659225463867188 -77.42931365966797
v -22.95950698852539 -26.559972763061523 -77.99263000488281
v -24.749755859375 -26.40327262878418 -77.16838836669922
v -22.484922409057617 -26.403343200683594 -77.36106872558594
v -25.16057586669922 -26.12471580505371 -77.20481872558594
v -21.99062156677246 -26.163555145263672 -76.62601470947266
v -26.303173065185547 -25.158859252929688 -76.99172973632812
v -25.727916717529297 -25.6284236907959 -77.32810974121094
v -21.45897102355957 -25.887775421142578 -77.0504379272461
v -20.91556739807129 -25.607955932617188 -77.45658874511719
v -20.372676849365234 -25.326263427734375 -77.86334991455078
v -19.847942352294922 -25.035499572753906 -78.29269409179688
v -26.50967788696289 -24.59377098083496 -77.89909362792969
v -19.380319595336914 -24.728918075561523 -77.5210952758789
v -26.845348358154297 -23.99863052368164 -77.88627624511719
v -18.92665672302246 -24.409793853759766 -76.80171966552734
v -18.50521469116211 -24.04700469970703 -77.3874282836914
v -18.102121353149414 -23.658716201782227 -77.99728393554688
v -27.105283737182617 -23.29770278930664 -77.86201477050781
v -17.736900329589844 -23.21274185180664 -77.4178695678711
v -27.242338180541992 -22.51838493347168 -77.85690307617188
v -17.383325576782227 -22.655498504638672 -76.81221008300781
v -17.045570373535156 -22.26172637939453 -77.7780532836914
v -16.754854202270508 -21.87850570678711 -78.52344512939453
v -27.260934829711914 -21.700895309448242 -77.82825469970703
v -16.55614471435547 -21.344327926635742 -78.14476013183594
v -17.01211929321289 -22.011423110961914 -76.8148422241211
v -16.803991317749023 -21.784709930419922 -77.62989044189453
v -27.199291229248047 -20.88750648498535 -77.70721435546875
v -16.374910354614258 -20.688629150390625 -77.67791748046875
v -16.93902015686035 -21.71105194091797 -76.08169555664062
v -16.703201293945312 -21.376550674438477 -76.95709228515625
v -27.0792236328125 -20.139921188354492 -77.5738525390625
v -16.162609100341797 -20.019376754760742 -77.8225326538086
v -26.927471160888672 -19.474994659423828 -77.43152618408203
v -16.06641960144043 -19.476472854614258 -77.50015258789062
v -26.764440536499023 -18.820846557617188 -77.15644836425781
v -15.960323333740234 -18.807018280029297 -77.28015899658203
v -26.58367156982422 -18.167888641357422 -76.79370880126953
v -15.864313125610352 -18.068145751953125 -77.25944519042969
v -26.279020309448242 -17.768156051635742 -77.49576568603516
v -25.966405868530273 -17.385805130004883 -78.15780639648438
v -25.728416442871094 -16.798519134521484 -77.76477813720703
v -15.807127952575684 -17.22599220275879 -77.37964630126953
v -25.545513153076172 -16.30115509033203 -77.2360610961914
v -15.832317352294922 -16.369426727294922 -77.46334075927734
v -25.182783126831055 -15.731561660766602 -77.18658447265625
v -15.91688346862793 -15.577459335327148 -77.50419616699219
v -24.90923309326172 -15.173185348510742 -76.63414001464844
v -16.027820587158203 -14.845848083496094 -77.51708984375
v -24.480270385742188 -14.806699752807617 -77.15824127197266
v -23.986446380615234 -14.43798542022705 -77.65766143798828
v -23.713254928588867 -14.016914367675781 -76.97853088378906
v -16.163789749145508 -14.17074203491211 -77.4776840209961
v -23.381149291992188 -13.673257827758789 -76.37039184570312
v -16.34049415588379 -13.553226470947266 -77.37537384033203
v -22.875272750854492 -13.443422317504883 -76.84284210205078
v -22.26567268371582 -13.177275657653809 -77.45922088623047
v -21.65660858154297 -12.827920913696289 -77.49893188476562
v -21.130144119262695 -12.51842975616455 -77.94486999511719
v -16.894268035888672 -12.507200241088867 -77.0224380493164
v -16.578805923461914 -12.996208190917969 -77.21729278564453
v -20.504749298095703 -12.132501602172852 -77.76374816894531
v -17.309654235839844 -12.100278854370117 -78.0551528930664
v -20.11379051208496 -11.965381622314453 -77.05326080322266
v -19.880640029907227 -11.888921737670898 -76.47563934326172
v -20.14484405517578 -11.921703338623047 -77.70851135253906
v -17.777311325073242 -11.789250373840332 -77.85873413085938
v -19.951045989990234 -11.802804946899414 -77.9311752319336
v -19.53371810913086 -11.678338050842285 -77.57461547851562
v -18.904781341552734 -11.57083511352539 -77.53124237060547
v -18.310928344726562 -11.606121063232422 -77.67784118652344
v -19.87841033935547 -11.814653396606445 -77.4130630493164
v -19.66238021850586 -11.780214309692383 -76.76830291748047
v -24.536895751953125 -26.65164566040039 -75.63667297363281
v -23.99932098388672 -26.733673095703125 -76.04164123535156
v -23.474143981933594 -26.710140228271484 -76.45156860351562
v -22.978496551513672 -26.59459114074707 -76.8735122680664
v -24.909055709838867 -26.42276382446289 -76.37466430664062
v -22.506750106811523 -26.418292999267578 -76.1794662475586
v -25.438213348388672 -26.10580825805664 -76.2319564819336
v -21.998632431030273 -26.16454315185547 -75.4012680053711
v -26.565683364868164 -25.24826431274414 -75.80154418945312
v -26.005290985107422 -25.70111846923828 -76.0540771484375
v -21.46734046936035 -25.88334083557129 -75.80947875976562
v -20.92925262451172 -25.60011100769043 -76.2063980102539
v -20.392763137817383 -25.319313049316406 -76.60942077636719
v -19.87210464477539 -25.032901763916016 -77.04185485839844
v -26.77115249633789 -24.633670806884766 -76.8252182006836
v -19.378829956054688 -24.740421295166016 -76.25804901123047
v -27.146530151367188 -23.999332427978516 -76.78810119628906
v -18.915212631225586 -24.4234676361084 -75.54595947265625
v -18.506168365478516 -24.054168701171875 -76.15463256835938
v -18.120407104492188 -23.649681091308594 -76.78409576416016
v -27.42757797241211 -23.256206512451172 -76.72042846679688
v -17.78388023376465 -23.20665168762207 -76.2283706665039
v -27.88592529296875 -23.445451736450195 -75.21331787109375
v -27.675521850585938 -23.543750762939453 -75.78094482421875
v -27.492177963256836 -22.36686897277832 -76.88079833984375
v -17.55002784729004 -22.81144905090332 -75.70781707763672
v -27.952157974243164 -22.83556365966797 -75.2142333984375
v -27.715015411376953 -22.9550838470459 -75.980224609375
v -27.477157592773438 -21.525346755981445 -76.81407928466797
v -17.24272918701172 -22.25153350830078 -75.66761016845703
v -27.981197357177734 -22.146404266357422 -75.10124206542969
v -27.739154815673828 -22.205245971679688 -75.97877502441406
v -27.386497497558594 -20.622920989990234 -76.60919189453125
v -17.00936508178711 -21.685100555419922 -75.12493133544922
v -16.751718521118164 -21.233606338500977 -75.84705352783203
v -16.534626007080078 -20.829439163208008 -76.55155181884766
v -27.995513916015625 -21.570741653442383 -74.86259460449219
v -27.73044204711914 -21.376514434814453 -75.74745178222656
v -27.174400329589844 -19.88909149169922 -76.787109375
v -16.313373565673828 -20.170284271240234 -76.69227600097656
v -27.0716552734375 -19.29977035522461 -76.43108367919922
v -16.156959533691406 -19.440959930419922 -76.34952545166016
v -26.900100708007812 -18.61394691467285 -76.08421325683594
v -16.036582946777344 -18.73558807373047 -76.17225646972656
v -26.703750610351562 -17.910266876220703 -75.64292907714844
v -15.94961929321289 -17.982637405395508 -76.12674713134766
v -26.369762420654297 -17.553878784179688 -76.51302337646484
v -26.06959342956543 -17.2022705078125 -77.1722412109375
v -25.872838973999023 -16.67406463623047 -76.72916412353516
v -15.909135818481445 -17.184459686279297 -76.15852355957031
v -26.397275924682617 -17.239116668701172 -75.60741424560547
v -26.160680770874023 -17.057418823242188 -76.33865356445312
v -25.621736526489258 -16.076290130615234 -76.18038177490234
v -15.91738510131836 -16.3811092376709 -76.21238708496094
v -26.368486404418945 -16.89875030517578 -74.89784240722656
v -26.067888259887695 -16.638994216918945 -75.6488037109375
v -25.265430450439453 -15.522897720336914 -76.15039825439453
v -15.961658477783203 -15.603876113891602 -76.26083374023438
v -25.054550170898438 -15.096282958984375 -75.58937072753906
v -16.035306930541992 -14.867448806762695 -76.278076171875
v -24.63452911376953 -14.705324172973633 -76.10240936279297
v -24.18532371520996 -14.347124099731445 -76.5872573852539
v -23.86084747314453 -13.951277732849121 -75.96446990966797
v -16.146696090698242 -14.18191146850586 -76.24027252197266
v -23.47376251220703 -13.611709594726562 -75.30567169189453
v -16.313289642333984 -13.554584503173828 -76.13811492919922
v -22.950340270996094 -13.358366012573242 -75.73680877685547
v -22.373628616333008 -13.110065460205078 -76.17908477783203
v -21.76527976989746 -12.835216522216797 -76.5484619140625
v -21.265518188476562 -12.587881088256836 -76.90673828125
v -20.61722183227539 -12.24159049987793 -76.70974731445312
v -20.141578674316406 -12.014759063720703 -76.48567199707031
v -16.87352752685547 -12.502002716064453 -75.78075408935547
v -16.552412033081055 -12.991582870483398 -75.97877502441406
v -19.93585777282715 -11.926019668579102 -76.0821533203125
v -17.29155731201172 -12.101995468139648 -76.81270599365234
v -20.459211349487305 -12.15217113494873 -75.60001373291016
v -20.203828811645508 -12.049531936645508 -76.06372833251953
v -19.59952163696289 -11.787498474121094 -75.94791412353516
v -17.766357421875 -11.804413795471191 -76.602783203125
v -19.015419006347656 -11.639892578125 -76.10675811767578
v -18.31871223449707 -11.6410493850708 -76.38813018798828
v -20.215940475463867 -12.001646041870117 -74.81555938720703
v -19.910633087158203 -11.903989791870117 -75.38665771484375
v -24.673688888549805 -26.682710647583008 -74.5138931274414
v -24.093950271606445 -26.771926879882812 -74.88224029541016
v -23.54302406311035 -26.748371124267578 -75.29769897460938
v -23.017656326293945 -26.623165130615234 -75.73169708251953
v -25.091243743896484 -26.45065689086914 -75.34366607666016
v -22.524822235107422 -26.42369270324707 -74.97901916503906
v -25.665056228637695 -26.150344848632812 -75.12184143066406
v -22.012006759643555 -26.151025772094727 -74.17594909667969
v -26.83946990966797 -25.39982795715332 -74.48524475097656
v -26.2392635345459 -25.79340934753418 -74.87930297851562
v -21.46822166442871 -25.874364852905273 -74.56062316894531
v -20.92403221130371 -25.59597396850586 -74.94304656982422
v -20.38619613647461 -25.320959091186523 -75.33885955810547
v -19.867050170898438 -25.040578842163086 -75.7711410522461
v -27.117897033691406 -24.693405151367188 -75.58837890625
v -19.362472534179688 -24.752830505371094 -74.9884033203125
v -27.637313842773438 -24.78907012939453 -73.99150848388672
v -27.3125057220459 -24.955081939697266 -74.48863983154297
v -27.471351623535156 -24.007976531982422 -75.82149505615234
v -18.903278350830078 -24.430465698242188 -74.29496765136719
v -27.96802520751953 -23.855770111083984 -74.6036148071289
v -27.76223373413086 -23.960376739501953 -75.12042999267578
v -18.501174926757812 -24.06001091003418 -74.92515563964844
v -18.135334014892578 -23.649824142456055 -75.58635711669922
v -27.853023529052734 -24.3049259185791 -74.34684753417969
v -27.55367660522461 -24.473690032958984 -74.89879608154297
v -28.087974548339844 -23.41415786743164 -74.48833465576172
v -17.824888229370117 -23.20728302001953 -75.09872436523438
v -28.169750213623047 -22.783554077148438 -74.38541412353516
v -17.548418045043945 -22.712934494018555 -74.73552703857422
v -28.195703506469727 -22.095918655395508 -74.23851013183594
v -17.29022216796875 -22.170352935791016 -74.38583374023438
v -28.147756576538086 -21.30620574951172 -74.05807495117188
v -17.054224014282227 -21.62283706665039 -73.98170471191406
v -27.8571720123291 -20.950925827026367 -74.99828338623047
v -27.617252349853516 -20.642566680908203 -75.6793212890625
v -16.793882369995117 -21.141565322875977 -74.7671127319336
v -16.553438186645508 -20.666170120239258 -75.6093978881836
v -27.4068603515625 -19.94674301147461 -75.8038330078125
v -16.363262176513672 -20.042478561401367 -75.38440704345703
v -27.919578552246094 -20.50136375427246 -74.34463500976562
v -27.691757202148438 -20.355331420898438 -75.11547088623047
v -27.26080322265625 -19.09134292602539 -75.25108337402344
v -16.203678131103516 -19.386709213256836 -75.13408660888672
v -27.93462371826172 -20.031452178955078 -73.80867004394531
v -27.647220611572266 -19.778478622436523 -74.63024139404297
v -27.017330169677734 -18.418682098388672 -75.1938247680664
v -16.07773208618164 -18.698871612548828 -74.97089385986328
v -26.95465087890625 -18.000591278076172 -74.7042465209961
v -15.990102767944336 -17.96402931213379 -74.90520477294922
v -26.69765853881836 -17.399930953979492 -74.59518432617188
v -15.943002700805664 -17.191242218017578 -74.91302490234375
v -26.506650924682617 -16.80234718322754 -74.0414047241211
v -15.932202339172363 -16.40462875366211 -74.9593734741211
v -26.166797637939453 -16.44049835205078 -74.60319519042969
v -25.858057022094727 -16.12795639038086 -75.16082763671875
v -25.505887985229492 -15.591323852539062 -75.09689331054688
v -15.952957153320312 -15.629232406616211 -75.00801086425781
v -25.18373680114746 -15.032588958740234 -74.44805145263672
v -16.008769989013672 -14.886164665222168 -75.02513885498047
v -24.756336212158203 -14.635265350341797 -74.99576568603516
v -24.320411682128906 -14.274382591247559 -75.50727844238281
v -23.95768165588379 -13.897991180419922 -74.85809326171875
v -16.112709045410156 -14.191568374633789 -74.98687744140625
v -23.542177200317383 -13.569557189941406 -74.15679931640625
v -16.28177261352539 -13.556325912475586 -74.8849105834961
v -23.023855209350586 -13.307046890258789 -74.5901870727539
v -22.45868492126465 -13.057112693786621 -75.00350952148438
v -21.842182159423828 -12.794076919555664 -75.39386749267578
v -21.140443801879883 -12.480915069580078 -75.79242706298828
v -16.858219146728516 -12.497258186340332 -74.52995300292969
v -16.52906036376953 -12.988448143005371 -74.72671508789062
v -20.703781127929688 -12.216531753540039 -74.75513458251953
v -17.27526092529297 -12.101244926452637 -75.5642318725586
v -20.272171020507812 -11.961544036865234 -73.9621353149414
v -17.74652099609375 -11.809659004211426 -75.33828735351562
v -19.772911071777344 -11.79007339477539 -74.28993225097656
v -19.262277603149414 -11.667764663696289 -74.8117446899414
v -18.6734676361084 -11.587583541870117 -74.71294403076172
v -18.261432647705078 -11.643754959106445 -75.08216857910156
v -24.830509185791016 -26.70341682434082 -73.336181640625
v -24.19930648803711 -26.781606674194336 -73.71334075927734
v -23.611391067504883 -26.75579833984375 -74.12109375
v -23.057281494140625 -26.630556106567383 -74.54967498779297
v -25.281620025634766 -26.4862060546875 -74.2208480834961
v -22.556543350219727 -26.40503692626953 -73.78284454345703
v -25.873065948486328 -26.21321678161621 -74.03575897216797
v -22.05682945251465 -26.11299705505371 -72.9800796508789
v -27.72630500793457 -24.983680725097656 -73.07945251464844
v -27.281904220581055 -25.318967819213867 -73.45970153808594
v -26.815044403076172 -25.73223114013672 -73.37841033935547
v -26.39948081970215 -25.93255043029785 -73.79833221435547
v -21.491539001464844 -25.845550537109375 -73.32828521728516
v -20.928991317749023 -25.578224182128906 -73.68995666503906
v -20.37860107421875 -25.315093994140625 -74.07310485839844
v -19.85236358642578 -25.04563331604004 -74.4991683959961
v -27.90566635131836 -24.565147399902344 -73.6233139038086
v -19.35405731201172 -24.753618240356445 -73.73310089111328
v -28.094196319580078 -24.047256469726562 -73.77098083496094
v -18.913482666015625 -24.42035675048828 -73.06575775146484
v -18.505239486694336 -24.05350112915039 -73.70365142822266
v -18.14678955078125 -23.641145706176758 -74.3991470336914
v -28.275978088378906 -23.41805648803711 -73.60591888427734
v -17.844940185546875 -23.167896270751953 -73.96209716796875
v -28.366863250732422 -22.740577697753906 -73.477783203125
v -17.577434539794922 -22.649646759033203 -73.5784912109375
v -28.388940811157227 -22.027063369750977 -73.32439422607422
v -17.329120635986328 -22.109294891357422 -73.19496154785156
v -28.379249572753906 -21.402799606323242 -73.09513092041016
v -17.088449478149414 -21.56878662109375 -72.79796600341797
v -16.82567596435547 -21.07933807373047 -73.60038757324219
v -16.583955764770508 -20.576704025268555 -74.44751739501953
v -28.2040958404541 -20.636295318603516 -73.28315734863281
v -16.388952255249023 -19.985794067382812 -74.14726257324219
v -28.087509155273438 -19.829368591308594 -72.97847747802734
v -16.220951080322266 -19.361949920654297 -73.89381408691406
v -27.79034423828125 -19.449031829833984 -73.68572235107422
v -27.517784118652344 -19.12330436706543 -74.27871704101562
v -27.27159309387207 -18.491899490356445 -74.28050994873047
v -16.087818145751953 -18.69247055053711 -73.72638702392578
v -27.085113525390625 -17.795574188232422 -73.82369995117188
v -15.993011474609375 -17.971647262573242 -73.65264892578125
v -26.866376876831055 -17.181385040283203 -73.4774398803711
v -15.934932708740234 -17.20966148376465 -73.65409851074219
v -26.658546447753906 -16.64694595336914 -73.08643341064453
v -15.909934043884277 -16.42780303955078 -73.69609832763672
v -26.28542137145996 -16.28516960144043 -73.62220764160156
v -25.908517837524414 -15.93320369720459 -74.25132751464844
v -25.606595993041992 -15.423035621643066 -73.82972717285156
v -15.91836166381836 -15.650951385498047 -73.74004364013672
v -25.28874969482422 -14.946710586547852 -73.26675415039062
v -15.96871566772461 -14.902580261230469 -73.7530517578125
v -24.852062225341797 -14.57667350769043 -73.82698059082031
v -24.412405014038086 -14.221525192260742 -74.36466217041016
v -24.023639678955078 -13.859009742736816 -73.68858337402344
v -16.075969696044922 -14.201391220092773 -73.7137222290039
v -23.598407745361328 -13.534808158874512 -72.97454833984375
v -16.255294799804688 -13.560223579406738 -73.61503601074219
v -23.086334228515625 -13.26860237121582 -73.41217041015625
v -22.535669326782227 -13.014888763427734 -73.82495880126953
v -21.9447021484375 -12.759864807128906 -74.2136001586914
v -21.31943702697754 -12.489891052246094 -74.55772399902344
v -16.853666305541992 -12.494230270385742 -73.27632904052734
v -16.515159606933594 -12.98816204071045 -73.4640121459961
v -20.83551788330078 -12.194215774536133 -73.71475219726562
v -17.261552810668945 -12.09603500366211 -74.31339263916016
v -20.35207748413086 -11.899555206298828 -72.90153503417969
v -17.71940040588379 -11.79962158203125 -74.08683776855469
v -19.788063049316406 -11.710214614868164 -73.17878723144531
v -19.245004653930664 -11.590921401977539 -73.47187042236328
v -18.70441436767578 -11.551963806152344 -73.6782455444336
v -18.195903778076172 -11.61658763885498 -73.85242462158203
v -24.98917579650879 -26.734769821166992 -72.0656967163086
v -24.317909240722656 -26.77352523803711 -72.54447937011719
v -23.69472885131836 -26.730609893798828 -72.93994903564453
v -23.111129760742188 -26.606441497802734 -73.37493896484375
v -25.52849006652832 -26.519893646240234 -73.02200317382812
v -22.619056701660156 -26.357900619506836 -72.63240814208984
v -25.99073600769043 -26.544845581054688 -71.43665313720703
v -25.595951080322266 -26.619171142578125 -71.97044372558594
v -26.070463180541992 -26.255666732788086 -73.20571899414062
v -22.154294967651367 -26.05535888671875 -71.85035705566406
v -27.819204330444336 -25.104164123535156 -72.04547882080078
v -27.471494674682617 -25.40489387512207 -72.43392944335938
v -26.981603622436523 -25.829374313354492 -72.32475280761719
v -26.47390365600586 -26.091814041137695 -72.81906127929688
v -21.563207626342773 -25.79128646850586 -72.12455749511719
v -20.97054672241211 -25.535202026367188 -72.46719360351562
v -20.39736557006836 -25.28721046447754 -72.83573150634766
v -19.854629516601562 -25.0338191986084 -73.2516098022461
v -26.459026336669922 -26.270998001098633 -71.84104919433594
v -26.029003143310547 -26.410030364990234 -72.3769760131836
v -28.036296844482422 -24.584365844726562 -72.85720825195312
v -19.377840042114258 -24.732446670532227 -72.51766204833984
v -28.2808895111084 -24.038362503051758 -72.73414611816406
v -18.967723846435547 -24.388301849365234 -71.87698364257812
v -18.539249420166016 -24.027502059936523 -72.49603271484375
v -18.168581008911133 -23.614681243896484 -73.20823669433594
v -28.454362869262695 -23.392915725708008 -72.60730743408203
v -17.87916374206543 -23.121047973632812 -72.78511047363281
v -28.546560287475586 -22.68238067626953 -72.48859405517578
v -17.618167877197266 -22.592031478881836 -72.39490509033203
v -28.56938934326172 -21.935474395751953 -72.34611511230469
v -17.369102478027344 -22.050785064697266 -72.00454711914062
v -28.508520126342773 -21.131145477294922 -72.26154327392578
v -17.12144660949707 -21.513187408447266 -71.60602569580078
v -16.849815368652344 -21.033573150634766 -72.40119934082031
v -16.603958129882812 -20.529401779174805 -73.23719024658203
v -28.384077072143555 -20.300722122192383 -72.19879150390625
v -16.399215698242188 -19.959461212158203 -72.90847778320312
v -28.2529239654541 -19.45923614501953 -71.93000793457031
v -16.223108291625977 -19.35174560546875 -72.6449966430664
v -27.91954231262207 -19.136655807495117 -72.82463073730469
v -27.617191314697266 -18.82786750793457 -73.50841522216797
v -27.44913101196289 -18.20664405822754 -73.206787109375
v -16.082595825195312 -18.691408157348633 -72.47306823730469
v -27.99564552307129 -18.700647354125977 -72.02571868896484
v -27.740550994873047 -18.580734252929688 -72.75157928466797
v -27.268325805664062 -17.514408111572266 -72.7164077758789
v -15.978944778442383 -17.976844787597656 -72.39757537841797
v -28.009986877441406 -18.227195739746094 -71.41544342041016
v -27.6951904296875 -18.050241470336914 -72.18265533447266
v -26.981412887573242 -16.96355438232422 -72.65472412109375
v -15.910280227661133 -17.22071075439453 -72.39452362060547
v -26.86063003540039 -16.544174194335938 -72.18399047851562
v -15.875350952148438 -16.44287109375 -72.4258041381836
v -26.457191467285156 -16.15285873413086 -72.59456634521484
v -26.024568557739258 -15.784692764282227 -73.1856918334961
v -25.726818084716797 -15.308225631713867 -72.70294189453125
v -15.87820053100586 -15.666437149047852 -72.45780944824219
v -25.41724395751953 -14.876222610473633 -72.13382720947266
v -15.930700302124023 -14.915477752685547 -72.46410369873047
v -24.9501953125 -14.519607543945312 -72.62077331542969
v -24.48503875732422 -14.177155494689941 -73.17413330078125
v -24.082792282104492 -13.81995677947998 -72.49996185302734
v -16.0484676361084 -14.210319519042969 -72.4264144897461
v -23.666118621826172 -13.491344451904297 -71.80904388427734
v -16.24346923828125 -13.565338134765625 -72.33814239501953
v -23.154949188232422 -13.226783752441406 -72.23686218261719
v -22.61121368408203 -12.969291687011719 -72.64503479003906
v -22.035371780395508 -12.713825225830078 -73.0416488647461
v -21.43671417236328 -12.454212188720703 -73.41018676757812
v -16.866683959960938 -12.496984481811523 -72.03086853027344
v -16.51848602294922 -12.991166114807129 -72.2031021118164
v -20.941471099853516 -12.137615203857422 -72.6114273071289
v -17.25885772705078 -12.08914566040039 -73.06961059570312
v -20.448230743408203 -11.827003479003906 -71.7816162109375
v -17.71230697631836 -11.783552169799805 -72.86006927490234
v -19.851028442382812 -11.634504318237305 -72.03388214111328
v -19.276344299316406 -11.51925277709961 -72.27405548095703
v -18.726051330566406 -11.499619483947754 -72.48363494873047
v -18.20245933532715 -11.586034774780273 -72.66716003417969
v -26.011348724365234 -26.620410919189453 -70.47290802001953
v -25.41916275024414 -26.71755599975586 -70.99189758300781
v -24.808645248413086 -26.767253875732422 -71.07715606689453
v -24.430953979492188 -26.765239715576172 -71.58843994140625
v -23.79962158203125 -26.67005157470703 -71.68815612792969
v -23.18203353881836 -26.5495662689209 -72.249755859375
v -26.37382698059082 -26.438390731811523 -71.0042953491211
v -22.71792984008789 -26.28982162475586 -71.57676696777344
v -23.54961585998535 -26.483381271362305 -70.609130859375
v -23.21571159362793 -26.462400436401367 -71.32080078125
v -26.8160343170166 -26.159334182739258 -71.10294342041016
v -22.321664810180664 -26.01500701904297 -70.92891693115234
v -27.914630889892578 -25.202787399291992 -70.8248519897461
v -27.39975357055664 -25.677776336669922 -71.22753143310547
v -21.70828628540039 -25.714540481567383 -70.88123321533203
v -21.060752868652344 -25.465858459472656 -71.28650665283203
v -20.458566665649414 -25.228559494018555 -71.63249969482422
v -19.894277572631836 -24.99523162841797 -72.05368041992188
v -23.318635940551758 -26.284372329711914 -69.82799530029297
v -22.876632690429688 -26.201034545898438 -70.4934310913086
v -28.16698455810547 -24.627994537353516 -71.79229736328125
v -19.448257446289062 -24.68694496154785 -71.3711166381836
v -28.438079833984375 -24.03638458251953 -71.63532257080078
v -19.081449508666992 -24.343036651611328 -70.75321197509766
v -18.623947143554688 -23.980724334716797 -71.29714965820312
v -18.219829559326172 -23.569751739501953 -72.01374053955078
v -28.624284744262695 -23.353946685791016 -71.5230941772461
v -17.93563461303711 -23.060131072998047 -71.59870147705078
v -28.723155975341797 -22.600482940673828 -71.4365005493164
v -17.672670364379883 -22.522449493408203 -71.2076187133789
v -28.762149810791016 -21.764636993408203 -71.23359680175781
v -17.416704177856445 -21.97665023803711 -70.81844329833984
v -28.955841064453125 -21.99957275390625 -70.32230377197266
v -28.680980682373047 -20.769607543945312 -71.18358612060547
v -17.16061782836914 -21.436452865600586 -70.43262481689453
v -16.875255584716797 -20.982433319091797 -71.20918273925781
v -16.618955612182617 -20.495140075683594 -72.02079772949219
v -28.920555114746094 -21.38593292236328 -70.35320281982422
v -28.519081115722656 -20.01194953918457 -71.36722564697266
v -16.408288955688477 -19.935585021972656 -71.68041229248047
v -28.502273559570312 -19.493425369262695 -70.96755981445312
v -16.22772216796875 -19.332290649414062 -71.4068603515625
v -28.30585289001465 -18.77845573425293 -71.00566864013672
v -16.079879760742188 -18.671655654907227 -71.23401641845703
v -28.17692756652832 -17.95456314086914 -70.53020477294922
v -15.966045379638672 -17.961406707763672 -71.16336822509766
v -27.82026481628418 -17.68474578857422 -71.31309509277344
v -27.5303955078125 -17.474628448486328 -71.86634063720703
v -27.24683380126953 -16.969823837280273 -71.86267852783203
v -15.887975692749023 -17.215896606445312 -71.14727020263672
v -27.856517791748047 -17.260574340820312 -70.60134887695312
v -27.58139419555664 -17.193126678466797 -71.28959655761719
v -27.06766128540039 -16.537582397460938 -71.56124114990234
v -15.8461332321167 -16.445804595947266 -71.15333557128906
v -26.746522903442383 -16.05298614501953 -71.40296936035156
v -26.180828094482422 -15.659260749816895 -72.1322250366211
v -27.853370666503906 -16.837703704833984 -69.99919891357422
v -27.39932632446289 -16.629196166992188 -70.826416015625
v -25.87083625793457 -15.208745002746582 -71.67747497558594
v -15.847837448120117 -15.671658515930176 -71.1678695678711
v -26.591121673583984 -15.53337574005127 -70.49861907958984
v -26.28553009033203 -15.501618385314941 -71.26480102539062
v -25.59710693359375 -14.850711822509766 -71.21868133544922
v -15.908754348754883 -14.920449256896973 -71.16954803466797
v -25.10637092590332 -14.461374282836914 -71.31946563720703
v -24.563335418701172 -14.123868942260742 -71.9687271118164
v -26.443910598754883 -15.18815803527832 -69.88628387451172
v -26.05768394470215 -15.098929405212402 -70.63899993896484
v -24.153196334838867 -13.763057708740234 -71.35101318359375
v -16.04338836669922 -14.213741302490234 -71.14128112792969
v -23.76767349243164 -13.429557800292969 -70.70499420166016
v -16.257549285888672 -13.568246841430664 -71.0750961303711
v -23.254703521728516 -13.16877555847168 -71.10313415527344
v -22.710216522216797 -12.910568237304688 -71.49139404296875
v -22.130727767944336 -12.647867202758789 -71.8692398071289
v -21.537817001342773 -12.393342971801758 -72.27180480957031
v -16.899633407592773 -12.514305114746094 -70.80509185791016
v -16.546512603759766 -12.998437881469727 -70.96569061279297
v -21.050500869750977 -12.063800811767578 -71.50508880615234
v -17.275310516357422 -12.090563774108887 -71.83456420898438
v -20.57225799560547 -11.752689361572266 -70.66478729248047
v -17.732131958007812 -11.777412414550781 -71.63387298583984
v -19.939851760864258 -11.559545516967773 -70.8438491821289
v -19.330060958862305 -11.454153060913086 -71.06910705566406
v -18.76211166381836 -11.453306198120117 -71.26575469970703
v -18.22933006286621 -11.562633514404297 -71.4461898803711
v -26.138294219970703 -26.631736755371094 -69.44572448730469
v -25.565492630004883 -26.72487449645996 -69.80636596679688
v -24.945938110351562 -26.738666534423828 -70.16517639160156
v -24.265121459960938 -26.67801284790039 -70.61027526855469
v -26.52391242980957 -26.439308166503906 -70.19424438476562
v -23.85593605041504 -26.46429443359375 -69.70489501953125
v -27.048015594482422 -26.132678985595703 -70.04447937011719
v -23.457622528076172 -26.202678680419922 -68.96614074707031
v -28.057788848876953 -25.260818481445312 -69.48226928710938
v -27.57316780090332 -25.73206329345703 -69.81033325195312
v -22.863733291625977 -26.009023666381836 -69.32373046875
v -22.19027328491211 -25.788772583007812 -69.84703063964844
v -21.55042839050293 -25.496936798095703 -69.84283447265625
v -21.171236038208008 -25.395095825195312 -70.32573699951172
v -20.56165885925293 -25.130558013916016 -70.37723541259766
v -19.96912956237793 -24.92661476135254 -70.93154907226562
v -28.30805778503418 -24.660694122314453 -70.57415008544922
v -19.561731338500977 -24.625694274902344 -70.33580780029297
v -20.330297470092773 -24.870468139648438 -69.29733276367188
v -20.014989852905273 -24.828672409057617 -70.02021789550781
v -28.60673713684082 -24.022281646728516 -70.4666519165039
v -19.258451461791992 -24.32958984375 -69.84752655029297
v -18.789470672607422 -23.921977996826172 -70.01075744628906
v -18.307422637939453 -23.499561309814453 -70.81924438476562
v -20.110904693603516 -24.643814086914062 -68.5555648803711
v -19.731689453125 -24.547649383544922 -69.30057525634766
v -28.825843811035156 -23.30052947998047 -70.35224914550781
v -18.01181983947754 -22.974384307861328 -70.42644500732422
v -28.97624969482422 -23.53510856628418 -69.37797546386719
v -28.90359115600586 -22.517621994018555 -70.48591613769531
v -17.744028091430664 -22.42741584777832 -70.01583099365234
v -29.058181762695312 -22.410429000854492 -69.79816436767578
v -29.03900146484375 -22.979629516601562 -69.61109161376953
v -29.10846519470215 -21.897960662841797 -69.5882797241211
v -17.47211265563965 -21.86811065673828 -69.65534210205078
v -29.108095169067383 -21.12826156616211 -69.37767028808594
v -17.209148406982422 -21.322500228881836 -69.29817199707031
v -28.8858642578125 -20.753406524658203 -70.22010803222656
v -16.909908294677734 -20.90528106689453 -70.05695343017578
v -16.64087677001953 -20.449901580810547 -70.83198547363281
v -28.7386417388916 -20.06037139892578 -70.41389465332031
v -16.432117462158203 -19.895362854003906 -70.4825210571289
v -28.96959686279297 -20.43358039855957 -69.61997985839844
v -28.655672073364258 -19.181896209716797 -70.0112533569336
v -16.250764846801758 -19.283782958984375 -70.17799377441406
v -28.925537109375 -19.805288314819336 -69.34410095214844
v -28.473461151123047 -18.47471046447754 -70.07072448730469
v -16.08960723876953 -18.611061096191406 -70.03631591796875
v -28.4525146484375 -17.983186721801758 -69.62249755859375
v -15.965604782104492 -17.91929054260254 -69.98390197753906
v -28.217052459716797 -17.340696334838867 -69.6389389038086
v -15.883302688598633 -17.1971435546875 -69.9127197265625
v -28.06621742248535 -16.706371307373047 -69.2007827758789
v -15.835941314697266 -16.430986404418945 -69.88483428955078
v -27.63849449157715 -16.335391998291016 -69.69993591308594
v -27.11939811706543 -15.95665168762207 -70.20744323730469
v -26.888025283813477 -15.469503402709961 -69.59857940673828
v -15.84174633026123 -15.659439086914062 -69.88544464111328
v -26.60325813293457 -15.061700820922852 -69.08065795898438
v -15.918743133544922 -14.910101890563965 -69.89036560058594
v -26.07707977294922 -14.826464653015137 -69.60769653320312
v -25.57215690612793 -14.632916450500488 -70.34164428710938
v -25.070714950561523 -14.222860336303711 -70.1315689086914
v -24.624515533447266 -14.02646255493164 -70.83351135253906
v -24.248779296875 -13.686895370483398 -70.30963897705078
v -16.07607650756836 -14.203643798828125 -69.884033203125
v -24.95136260986328 -13.959431648254395 -69.2232894897461
v -24.652624130249023 -13.900899887084961 -69.9465560913086
v -23.933517456054688 -13.38651180267334 -69.79778289794922
v -16.30796241760254 -13.562858581542969 -69.85969543457031
v -23.390710830688477 -13.057744979858398 -69.90653991699219
v -22.8677978515625 -12.862194061279297 -70.51826477050781
v -22.259843826293945 -12.542223930358887 -70.6155776977539
v -21.639442443847656 -12.308049201965332 -71.16336822509766
v -16.943883895874023 -12.563169479370117 -69.60685729980469
v -16.600406646728516 -13.01323127746582 -69.78492736816406
v -24.797271728515625 -13.705897331237793 -68.55720520019531
v -24.410797119140625 -13.598596572875977 -69.26837921142578
v -21.17737579345703 -11.980128288269043 -70.45963287353516
v -17.306793212890625 -12.116754531860352 -70.59562683105469
v -22.04850959777832 -12.231075286865234 -69.53399658203125
v -21.695350646972656 -12.19184398651123 -70.2349853515625
v -20.756959915161133 -11.704635620117188 -69.73823547363281
v -17.762470245361328 -11.79751205444336 -70.37490844726562
v -20.074356079101562 -11.477672576904297 -69.5294189453125
v -19.386661529541016 -11.391377449035645 -69.82437133789062
v -18.800758361816406 -11.416840553283691 -70.01846313476562
v -18.26201629638672 -11.557292938232422 -70.18608093261719
v -21.841930389404297 -11.966360092163086 -68.75381469726562
v -21.358226776123047 -11.886394500732422 -69.36695098876953
v -26.277542114257812 -26.617347717285156 -68.38977813720703
v -25.724172592163086 -26.698802947998047 -68.72238159179688
v -25.119888305664062 -26.693607330322266 -69.06890869140625
v -24.48744773864746 -26.615798950195312 -69.45018768310547
v -26.675748825073242 -26.44132423400879 -69.14058685302734
v -24.06100082397461 -26.39411735534668 -68.71421813964844
v -27.200149536132812 -26.15435028076172 -68.83926391601562
v -23.637115478515625 -26.1192684173584 -67.94792175292969
v -28.225194931030273 -25.35076141357422 -68.02898406982422
v -27.708507537841797 -25.790071487426758 -68.4930419921875
v -22.996986389160156 -25.89529800415039 -68.19263458251953
v -22.34246826171875 -25.669597625732422 -68.5589599609375
v -21.688282012939453 -25.42814064025879 -68.88614654541016
v -21.01154327392578 -25.18324851989746 -69.2959976196289
v -28.510475158691406 -24.67144775390625 -69.20875549316406
v -20.60147476196289 -24.867511749267578 -68.35102081298828
v -28.624736785888672 -24.87143325805664 -68.03844451904297
v -28.80583953857422 -23.989046096801758 -69.44072723388672
v -20.212566375732422 -24.56882095336914 -67.68341064453125
v -28.999984741210938 -23.901187896728516 -68.75373840332031
v -19.70933723449707 -24.335586547851562 -68.23211669921875
v -19.233631134033203 -24.124204635620117 -68.9908218383789
v -18.78293800354004 -23.66446304321289 -68.86383056640625
v -18.390548706054688 -23.379241943359375 -69.68334197998047
v -28.8416748046875 -24.38393783569336 -68.46385955810547
v -29.165637969970703 -23.420238494873047 -68.68751525878906
v -18.108856201171875 -22.87454605102539 -69.28565979003906
v -18.706439971923828 -23.36820411682129 -67.989501953125
v -18.44427490234375 -23.242902755737305 -68.78047943115234
v -29.260944366455078 -22.619915008544922 -68.85814666748047
v -17.838537216186523 -22.28802490234375 -68.71971130371094
v -18.598663330078125 -23.08285140991211 -67.35397338867188
v -18.29470443725586 -22.858810424804688 -68.12610626220703
v -29.335844039916992 -21.822845458984375 -68.6557388305664
v -17.5046329498291 -21.70602035522461 -68.66889953613281
v -29.35112762451172 -21.174705505371094 -68.40049743652344
v -17.29775619506836 -21.177947998046875 -68.06400299072266
v -16.952980041503906 -20.781696319580078 -68.96820068359375
v -16.678857803344727 -20.38141441345215 -69.71202850341797
v -29.189538955688477 -20.432876586914062 -68.62178802490234
v -16.488956451416016 -19.84375762939453 -69.31636810302734
v -16.950225830078125 -20.521223068237305 -67.9986572265625
v -16.729223251342773 -20.300315856933594 -68.7918472290039
v -29.115188598632812 -19.55916976928711 -68.26213836669922
v -16.303682327270508 -19.17572021484375 -68.85456085205078
v -28.878164291381836 -19.183576583862305 -69.03419494628906
v -16.902469635009766 -20.192455291748047 -67.26024627685547
v -16.636943817138672 -19.883251190185547 -68.10260772705078
v -28.71444320678711 -18.51427459716797 -69.13066864013672
v -16.096664428710938 -18.47454261779785 -69.06867980957031
v -28.962825775146484 -18.879581451416016 -68.37413787841797
v -28.60357666015625 -17.6859130859375 -68.70037078857422
v -16.001628875732422 -17.893718719482422 -68.81301879882812
v -28.907310485839844 -18.265033721923828 -68.04588317871094
v -28.37868881225586 -17.062007904052734 -68.76392364501953
v -15.906869888305664 -17.15564727783203 -68.68396759033203
v -28.290498733520508 -16.597389221191406 -68.31912994384766
v -15.85688591003418 -16.3876895904541 -68.63765716552734
v -27.892255783081055 -16.182767868041992 -68.71646881103516
v -27.39967155456543 -15.81062126159668 -69.20166015625
v -27.129196166992188 -15.350616455078125 -68.68167877197266
v -15.875541687011719 -15.622413635253906 -68.63590240478516
v -26.822399139404297 -14.942312240600586 -68.12862396240234
v -15.978097915649414 -14.876949310302734 -68.65123748779297
v -26.2352352142334 -14.655982971191406 -68.54511260986328
v -25.565898895263672 -14.356649398803711 -69.15359497070312
v -25.254703521728516 -13.95878791809082 -68.31928253173828
v -16.161941528320312 -14.16635513305664 -68.68232727050781
v -24.944162368774414 -13.606762886047363 -67.75394439697266
v -16.397594451904297 -13.537752151489258 -68.7539291381836
v -24.456214904785156 -13.388442993164062 -68.2537841796875
v -23.885513305664062 -13.137853622436523 -68.83987426757812
v -23.314952850341797 -12.78642463684082 -68.91868591308594
v -22.746706008911133 -12.593137741088867 -69.5113754272461
v -16.976665496826172 -12.677216529846191 -68.43433380126953
v -16.667329788208008 -13.047731399536133 -68.71376037597656
v -22.381305694580078 -12.196946144104004 -68.66985321044922
v -17.336881637573242 -12.194669723510742 -69.31148529052734
v -22.02162742614746 -11.86826229095459 -67.9372787475586
v -17.790639877319336 -11.85603141784668 -69.04693603515625
v -21.368038177490234 -11.677253723144531 -68.1631851196289
v -20.60680389404297 -11.509096145629883 -68.55682373046875
v -19.893705368041992 -11.329757690429688 -68.31058502197266
v -19.391679763793945 -11.319530487060547 -68.57746124267578
v -18.825233459472656 -11.384129524230957 -68.75259399414062
v -18.292367935180664 -11.564278602600098 -68.89083862304688
v -26.380788803100586 -26.577495574951172 -67.30396270751953
v -25.905513763427734 -26.656414031982422 -67.79361724853516
v -25.30536651611328 -26.6146297454834 -67.85659790039062
v -24.666440963745117 -26.54168701171875 -68.39717864990234
v -26.805936813354492 -26.439332962036133 -68.00804138183594
v -24.240530014038086 -26.315380096435547 -67.72621154785156
v -25.113142013549805 -26.449155807495117 -66.75949096679688
v -24.757694244384766 -26.452672958374023 -67.49134063720703
v -27.326095581054688 -26.182926177978516 -67.6407241821289
v -23.85140609741211 -26.071929931640625 -67.05131530761719
v -28.615474700927734 -25.177907943725586 -66.97223663330078
v -28.18548583984375 -25.627422332763672 -66.86790466308594
v -27.80716323852539 -25.880516052246094 -67.27272033691406
v -23.18691062927246 -25.80329132080078 -66.9295883178711
v -22.47382354736328 -25.575183868408203 -67.35481262207031
v -21.83029556274414 -25.34967613220215 -67.71621704101562
v -21.2033634185791 -25.114513397216797 -68.0660629272461
v -24.897682189941406 -26.280380249023438 -65.96267700195312
v -24.437236785888672 -26.225412368774414 -66.6400146484375
v -28.88262176513672 -24.66189956665039 -67.58491516113281
v -20.75437355041504 -24.816238403320312 -67.28557586669922
v -29.167652130126953 -24.084043502807617 -67.78858184814453
v -20.323776245117188 -24.500953674316406 -66.61659240722656
v -19.795249938964844 -24.21107292175293 -67.14305877685547
v -19.219839096069336 -23.859346389770508 -67.8200912475586
v -29.506038665771484 -23.31380844116211 -67.67471313476562
v -18.95339584350586 -23.42656898498535 -67.03800201416016
v -30.11031150817871 -23.332643508911133 -66.312255859375
v -29.835664749145508 -23.519765853881836 -66.77005767822266
v -29.58221435546875 -22.43899154663086 -67.84679412841797
v -18.708288192749023 -23.013771057128906 -66.52824401855469
v -18.362749099731445 -22.692501068115234 -67.1044921875
v -18.060922622680664 -22.384048461914062 -67.67475128173828
v -30.155981063842773 -22.769128799438477 -66.3680648803711
v -29.8619384765625 -22.94253158569336 -67.0229721069336
v -29.600107192993164 -21.665691375732422 -67.71808624267578
v -17.73642349243164 -21.82886505126953 -67.62836456298828
v -30.18710708618164 -22.160888671875 -66.21959686279297
v -29.89053726196289 -22.244775772094727 -67.01152801513672
v -29.533994674682617 -20.8284969329834 -67.52609252929688
v -17.539894104003906 -21.307409286499023 -67.02774047851562
v -30.209613800048828 -21.64523696899414 -65.95996856689453
v -29.899967193603516 -21.486722946166992 -66.73900604248047
v -29.34615707397461 -20.114267349243164 -67.711181640625
v -17.234695434570312 -20.70842933654785 -66.92085266113281
v -29.337417602539062 -19.61665153503418 -67.33219146728516
v -17.01970100402832 -20.085216522216797 -66.36470794677734
v -16.711307525634766 -19.69264793395996 -67.01866149902344
v -16.462303161621094 -19.316207885742188 -67.69630432128906
v -29.186010360717773 -18.900489807128906 -67.38574981689453
v -16.23033332824707 -18.624591827392578 -67.88291931152344
v -29.102622985839844 -18.00113868713379 -66.9387435913086
v -16.070711135864258 -17.828834533691406 -67.60906219482422
v -28.83354377746582 -17.658222198486328 -67.74616241455078
v -28.611719131469727 -17.071640014648438 -67.90702819824219
v -15.963590621948242 -17.06730079650879 -67.4838638305664
v -28.884231567382812 -17.330669403076172 -67.13226318359375
v -28.46856117248535 -16.59442138671875 -67.69157409667969
v -15.920162200927734 -16.309654235839844 -67.44781494140625
v -28.194904327392578 -16.094207763671875 -67.5518798828125
v -27.643096923828125 -15.67949104309082 -68.2387924194336
v -28.696786880493164 -16.6982421875 -66.93668365478516
v -27.351511001586914 -15.234554290771484 -67.76725769042969
v -15.96372127532959 -15.562402725219727 -67.44651794433594
v -28.090381622314453 -15.583646774291992 -66.65000915527344
v -27.788257598876953 -15.523910522460938 -67.4129867553711
v -27.07008171081543 -14.88233757019043 -67.28111267089844
v -16.101909637451172 -14.818024635314941 -67.45834350585938
v -26.505422592163086 -14.532947540283203 -67.35633850097656
v -25.837207794189453 -14.246511459350586 -67.92804718017578
v -27.976619720458984 -15.243768692016602 -66.03569030761719
v -27.57958221435547 -15.125751495361328 -66.76319122314453
v -25.466609954833984 -13.861322402954102 -67.33352661132812
v -16.318941116333008 -14.062309265136719 -67.53345489501953
v -16.62061309814453 -13.816595077514648 -66.2540054321289
v -16.435253143310547 -14.11644172668457 -66.56211853027344
v -25.12660026550293 -13.479185104370117 -66.8011474609375
v -16.504430770874023 -13.473188400268555 -67.97168731689453
v -24.5946044921875 -13.222551345825195 -67.294921875
v -24.131059646606445 -13.038182258605957 -67.83645629882812
v -23.585033416748047 -12.684404373168945 -67.92129516601562
v -22.96807861328125 -12.441932678222656 -68.41018676757812
v -16.961074829101562 -12.885308265686035 -67.43305206298828
v -16.719091415405273 -13.154756546020508 -67.74696350097656
v -16.77488136291504 -13.322162628173828 -66.81739807128906
v -16.541624069213867 -13.643348693847656 -67.13943481445312
v -22.620534896850586 -12.090563774108887 -67.78186798095703
v -17.335235595703125 -12.388277053833008 -67.80895233154297
v -23.50405502319336 -12.339365005493164 -66.92550659179688
v -23.1229305267334 -12.301624298095703 -67.58872985839844
v -22.272132873535156 -11.79800033569336 -67.13844299316406
v -17.834413528442383 -11.912525177001953 -67.6816177368164
v -21.571434020996094 -11.542892456054688 -66.95262908935547
v -20.763290405273438 -11.38812255859375 -67.244873046875
v -20.033740997314453 -11.28087043762207 -67.352294921875
v -19.395959854125977 -11.258220672607422 -67.39986419677734
v -18.836139678955078 -11.35357666015625 -67.50091552734375
v -18.318199157714844 -11.569523811340332 -67.58983612060547
v -23.36139678955078 -12.056684494018555 -66.19213104248047
v -22.87512969970703 -11.977982521057129 -66.79725646972656
v -26.514266967773438 -26.514720916748047 -66.14704132080078
v -25.819599151611328 -26.563203811645508 -66.73160552978516
v -26.943540573120117 -26.421785354614258 -66.85760498046875
v -25.434707641601562 -26.403867721557617 -65.81253051757812
v -27.4630069732666 -26.202260971069336 -66.53541564941406
v -25.04541778564453 -26.190185546875 -65.08979797363281
v -28.86165428161621 -25.241077423095703 -65.7431411743164
v -28.340208053588867 -25.648128509521484 -65.95817565917969
v -27.904951095581055 -25.954734802246094 -66.24671936035156
v -24.435747146606445 -26.04764747619629 -65.44601440429688
v -23.729955673217773 -25.87171745300293 -65.9222412109375
v -23.0560302734375 -25.620901107788086 -65.79303741455078
v -22.540782928466797 -25.4783992767334 -66.17332458496094
v -21.932125091552734 -25.279129028320312 -66.53911590576172
v -21.33243179321289 -25.056766510009766 -66.90910339355469
v -29.113483428955078 -24.690235137939453 -66.7105484008789
v -20.862138748168945 -24.766040802001953 -66.1655044555664
v -29.58831787109375 -24.09406852722168 -66.63379669189453
v -20.42812156677246 -24.445140838623047 -65.50033569335938
v -30.30813980102539 -23.662734985351562 -65.62068939208984
v -30.010711669921875 -23.860061645507812 -66.09619140625
v -19.91945457458496 -24.139177322387695 -66.01428985595703
v -19.418895721435547 -23.80021858215332 -66.56841278076172
v -30.342329025268555 -23.18670654296875 -65.82202911376953
v -19.10715103149414 -23.366344451904297 -66.00261688232422
v -30.429018020629883 -22.724973678588867 -65.63785552978516
v -18.816112518310547 -22.898601531982422 -65.53627014160156
v -18.445789337158203 -22.550975799560547 -66.15154266357422
v -18.101764678955078 -22.204362869262695 -66.80164337158203
v -30.462955474853516 -22.09807586669922 -65.4412841796875
v -17.848051071166992 -21.67293930053711 -66.45977020263672
v -30.398536682128906 -21.411991119384766 -65.30582427978516
v -17.604923248291016 -21.106470108032227 -66.08985900878906
v -30.069625854492188 -21.082233428955078 -65.99720001220703
v -29.793941497802734 -20.796096801757812 -66.61624908447266
v -29.588090896606445 -20.141876220703125 -66.79649353027344
v -17.364465713500977 -20.49781036376953 -65.71788787841797
v -29.489839553833008 -19.373882293701172 -66.53366088867188
v -17.137062072753906 -19.862483978271484 -65.32958984375
v -16.80307388305664 -19.4849853515625 -66.04602813720703
v -16.504966735839844 -19.08698081970215 -66.81358337402344
v -29.407751083374023 -18.631994247436523 -66.26579284667969
v -16.313148498535156 -18.40672492980957 -66.6421890258789
v -29.358768463134766 -17.983091354370117 -65.92174530029297
v -16.164457321166992 -17.67219352722168 -66.43863677978516
v -29.121028900146484 -17.295133590698242 -66.13136291503906
v -16.057729721069336 -16.926074981689453 -66.37096405029297
v -28.95636558532715 -16.565370559692383 -65.77190399169922
v -16.03166961669922 -16.212236404418945 -66.36589050292969
v -28.537595748901367 -16.06479835510254 -66.32057189941406
v -28.376161575317383 -15.566766738891602 -65.71037292480469
v -16.11363983154297 -15.506065368652344 -66.32003784179688
v -28.134382247924805 -15.137934684753418 -65.2219009399414
v -16.293453216552734 -14.754414558410645 -66.25076293945312
v -27.649032592773438 -14.887499809265137 -65.75237274169922
v -27.054500579833984 -14.629877090454102 -66.33174896240234
v -26.496219635009766 -14.289962768554688 -66.38050079345703
v -26.0167236328125 -14.110433578491211 -66.87686920166016
v -16.727745056152344 -14.00717544555664 -65.37193298339844
v -16.513896942138672 -14.358318328857422 -65.70213317871094
v -25.654865264892578 -13.740503311157227 -66.36314392089844
v -16.8210391998291 -13.53548812866211 -65.98915100097656
v -25.344932556152344 -13.357210159301758 -65.8315658569336
v -17.070615768432617 -13.009845733642578 -66.3772201538086
v -24.78829574584961 -13.0570650100708 -66.26705169677734
v -24.13526725769043 -12.749183654785156 -66.86477661132812
v -23.862707138061523 -12.308895111083984 -66.04240417480469
v -17.47491455078125 -12.43084716796875 -66.38824462890625
v -23.535274505615234 -11.957275390625 -65.35064697265625
v -17.890024185180664 -11.941802978515625 -66.34719848632812
v -22.926795959472656 -11.764324188232422 -65.66486358642578
v -22.179841995239258 -11.58289909362793 -66.05110168457031
v -21.4470272064209 -11.358475685119629 -65.82298278808594
v -20.8467960357666 -11.281156539916992 -66.06529235839844
v -20.13082504272461 -11.215853691101074 -66.1941909790039
v -19.45297622680664 -11.220145225524902 -66.2481689453125
v -18.855989456176758 -11.331510543823242 -66.28021240234375
v -18.340862274169922 -11.571121215820312 -66.31244659423828
v -26.70638656616211 -26.441669464111328 -64.95662689208984
v -26.060163497924805 -26.46981430053711 -65.48648834228516
v -27.156246185302734 -26.38007354736328 -65.68161010742188
v -25.647663116455078 -26.314090728759766 -64.8238754272461
v -27.53221893310547 -26.28508758544922 -64.32735443115234
v -27.22606658935547 -26.37679672241211 -64.7811508178711
v -27.622652053833008 -26.19235610961914 -65.72380065917969
v -25.246906280517578 -26.08405303955078 -64.11239624023438
v -29.086959838867188 -25.300716400146484 -64.57389831542969
v -28.42495346069336 -25.734256744384766 -64.74906921386719
v -27.977203369140625 -26.009309768676758 -65.3317642211914
v -24.583934783935547 -25.919925689697266 -64.3359375
v -23.898971557617188 -25.75201988220215 -64.65381622314453
v -23.226547241210938 -25.568628311157227 -64.87239837646484
v -22.60032844543457 -25.38787078857422 -65.06988525390625
v -22.0054988861084 -25.209308624267578 -65.38566589355469
v -21.422077178955078 -25.003421783447266 -65.75691223144531
v -27.915239334106445 -26.10344886779785 -64.50519561767578
v -27.58295440673828 -26.256763458251953 -65.01899719238281
v -29.468727111816406 -24.765121459960938 -65.56838989257812
v -20.951438903808594 -24.715065002441406 -65.04241943359375
v -29.99091148376465 -24.832212448120117 -64.07581329345703
v -29.617786407470703 -24.976444244384766 -64.53826904296875
v -29.869831085205078 -24.311996459960938 -65.74623107910156
v -20.53995132446289 -24.384796142578125 -64.39990997314453
v -30.436838150024414 -23.959625244140625 -64.95098114013672
v -30.18124008178711 -24.150646209716797 -65.35289764404297
v -20.040977478027344 -24.070049285888672 -64.89566802978516
v -19.558012008666992 -23.72554588317871 -65.4483413696289
v -30.298828125 -24.39723014831543 -64.55978393554688
v -29.942846298217773 -24.59529685974121 -64.99210357666016
v -30.5722599029541 -23.40250015258789 -65.01033782958984
v -19.230567932128906 -23.259580612182617 -64.93202209472656
v -30.721426010131836 -22.70646095275879 -64.78130340576172
v -18.91646385192871 -22.73663330078125 -64.476318359375
v -18.533397674560547 -22.39324951171875 -65.1531982421875
v -18.186128616333008 -22.04177474975586 -65.79917907714844
v -30.752395629882812 -21.938682556152344 -64.5962905883789
v -17.94527816772461 -21.49796485900879 -65.42724609375
v -30.65446662902832 -21.00255584716797 -64.44503784179688
v -17.719768524169922 -20.905567169189453 -65.01544952392578
v -30.22245216369629 -20.71758460998535 -65.31509399414062
v -29.90480613708496 -20.45223617553711 -65.99769592285156
v -29.77532196044922 -19.817733764648438 -65.89282989501953
v -17.49069595336914 -20.267879486083984 -64.64035034179688
v -30.310022354125977 -20.200740814208984 -64.7509765625
v -30.032421112060547 -20.164573669433594 -65.39981842041016
v -29.704809188842773 -19.13669204711914 -65.62068939208984
v -17.26758575439453 -19.555986404418945 -64.21455383300781
v -16.90044403076172 -19.223976135253906 -65.08647918701172
v -16.595077514648438 -18.866897583007812 -65.82279205322266
v -30.317485809326172 -19.52524185180664 -64.33761596679688
v -30.00631332397461 -19.633495330810547 -65.10662078857422
v -29.646312713623047 -18.410289764404297 -65.30467987060547
v -16.43459701538086 -18.219303131103516 -65.56549072265625
v -30.30911636352539 -18.8148136138916 -63.96568298339844
v -29.977035522460938 -18.948495864868164 -64.75719451904297
v -16.94866371154785 -18.82992935180664 -64.25239562988281
v -16.693042755126953 -18.669546127319336 -65.00679016113281
v -29.531883239746094 -17.604732513427734 -65.05325317382812
v -16.312026977539062 -17.453527450561523 -65.2734375
v -30.3182373046875 -18.224979400634766 -63.62419128417969
v -29.951894760131836 -18.166946411132812 -64.34761047363281
v -16.94660186767578 -18.376995086669922 -63.64910125732422
v -16.64626693725586 -18.134700775146484 -64.4879150390625
v -29.28299903869629 -16.965139389038086 -65.21270751953125
v -16.16299057006836 -16.73766326904297 -65.53535461425781
v -29.220115661621094 -16.46845245361328 -64.78961944580078
v -16.20306968688965 -16.168498992919922 -65.36457061767578
v -28.82808494567871 -15.99830436706543 -65.23101806640625
v -28.623687744140625 -15.48144817352295 -64.71946716308594
v -16.30677032470703 -15.507375717163086 -65.26187896728516
v -28.33728790283203 -15.01268196105957 -64.27410125732422
v -16.46246910095215 -14.95358943939209 -65.08792877197266
v -27.801536560058594 -14.72172737121582 -64.76520538330078
v -27.312946319580078 -14.533472061157227 -65.32756805419922
v -26.751815795898438 -14.199674606323242 -65.41778564453125
v -26.170074462890625 -13.97286605834961 -65.9326171875
v -16.858863830566406 -14.242923736572266 -64.4051742553711
v -16.64922332763672 -14.566028594970703 -64.78561401367188
v -25.85183334350586 -13.624275207519531 -65.46066284179688
v -16.963518142700195 -13.610660552978516 -65.16063690185547
v -26.66158676147461 -13.868045806884766 -64.47917938232422
v -26.297855377197266 -13.839173316955566 -65.15247344970703
v -25.600194931030273 -13.292753219604492 -65.02613067626953
v -17.24584197998047 -13.073277473449707 -65.07862091064453
v -25.09282875061035 -12.915396690368652 -65.1126480102539
v -24.44664192199707 -12.60720443725586 -65.6866455078125
v -26.543140411376953 -13.571929931640625 -63.850975036621094
v -26.106321334838867 -13.4984130859375 -64.52747344970703
v -24.106657028198242 -12.197553634643555 -65.06690979003906
v -17.57074546813965 -12.477148056030273 -65.05626678466797
v -23.73499870300293 -11.858880996704102 -64.3487548828125
v -17.935443878173828 -11.962890625 -65.05779266357422
v -23.084604263305664 -11.648977279663086 -64.54975128173828
v -22.373367309570312 -11.47298812866211 -64.79358673095703
v -21.635770797729492 -11.317992210388184 -64.90543365478516
v -20.917724609375 -11.210596084594727 -64.9542236328125
v -20.210445404052734 -11.169946670532227 -65.0332260131836
v -19.51775550842285 -11.196720123291016 -65.0748062133789
v -18.89510154724121 -11.321473121643066 -65.08460998535156
v -18.369043350219727 -11.573076248168945 -65.07369995117188
v -27.49250030517578 -26.258028030395508 -63.81671905517578
v -27.09600830078125 -26.346027374267578 -64.10758972167969
v -26.625431060791016 -26.374006271362305 -64.16648864746094
v -26.211130142211914 -26.380300521850586 -64.51881408691406
v -27.770042419433594 -26.17994499206543 -63.95942687988281
v -25.85494613647461 -26.213241577148438 -63.94084930419922
v -27.70116424560547 -26.125930786132812 -63.46405029296875
v -27.244674682617188 -26.206541061401367 -63.39069366455078
v -26.728450775146484 -26.255094528198242 -63.53832244873047
v -26.324630737304688 -26.288068771362305 -63.8336181640625
v -28.083778381347656 -25.986839294433594 -63.84910583496094
v -25.504314422607422 -26.001405715942383 -63.316802978515625
v -30.059873580932617 -24.981534957885742 -63.05213928222656
v -29.409826278686523 -25.266611099243164 -63.424415588378906
v -28.55042266845703 -25.681900024414062 -63.433380126953125
v -24.81374740600586 -25.785327911376953 -63.166847229003906
v -24.047040939331055 -25.624048233032227 -63.52275848388672
v -23.371828079223633 -25.470279693603516 -63.8134765625
v -22.72530746459961 -25.304019927978516 -64.02091979980469
v -22.091747283935547 -25.1274471282959 -64.26856994628906
v -21.500242233276367 -24.941062927246094 -64.6352767944336
v -27.971923828125 -25.94683074951172 -63.130149841308594
v -27.474594116210938 -26.02597427368164 -62.7978515625
v -26.83489227294922 -26.07171630859375 -62.778892517089844
v -26.145315170288086 -26.085079193115234 -63.091392517089844
v -30.355703353881836 -24.610387802124023 -63.76869201660156
v -21.04850959777832 -24.64761734008789 -63.97563934326172
v -30.63127899169922 -24.086368560791016 -64.06482696533203
v -20.694446563720703 -24.314666748046875 -63.381004333496094
v -20.198022842407227 -23.98711395263672 -63.78410339355469
v -19.691503524780273 -23.6290340423584 -64.34467315673828
v -30.91345977783203 -23.395896911621094 -63.97930145263672
v -19.360458374023438 -23.116052627563477 -63.83209228515625
v -31.065881729125977 -22.636783599853516 -63.85894775390625
v -19.018877029418945 -22.483766555786133 -63.278656005859375
v -18.606721878051758 -22.19090461730957 -64.16339874267578
v -18.275022506713867 -21.873510360717773 -64.81903076171875
v -31.14812469482422 -21.767723083496094 -63.628997802734375
v -18.066001892089844 -21.335660934448242 -64.4027328491211
v -31.784141540527344 -21.924232482910156 -62.41966247558594
v -31.526016235351562 -22.026752471923828 -62.91118621826172
v -18.603538513183594 -21.868431091308594 -63.291282653808594
v -18.355106353759766 -21.720373153686523 -63.997802734375
v -31.075000762939453 -20.8284854888916 -63.5150146484375
v -17.867481231689453 -20.68256187438965 -63.84391784667969
v -31.83466148376465 -21.418630599975586 -62.30632781982422
v -31.4906005859375 -21.3529109954834 -62.90313720703125
v -18.557476043701172 -21.52135467529297 -62.623634338378906
v -18.26763153076172 -21.282529830932617 -63.34159851074219
v -30.685853958129883 -20.16179656982422 -63.95973205566406
v -17.600297927856445 -20.061838150024414 -63.76598358154297
v -30.686748504638672 -19.390832901000977 -63.58074188232422
v -17.532039642333984 -19.63545036315918 -63.29200744628906
v -30.664085388183594 -18.6394100189209 -63.251380920410156
v -17.279457092285156 -18.962074279785156 -63.23066711425781
v -30.574203491210938 -17.84614372253418 -62.972564697265625
v -17.124116897583008 -18.126047134399414 -62.77484893798828
v -30.12567710876465 -17.676925659179688 -63.66020202636719
v -29.812885284423828 -17.507373809814453 -64.21577453613281
v -16.771841049194336 -17.798471450805664 -63.64753723144531
v -16.523910522460938 -17.511486053466797 -64.3105697631836
v -29.57197380065918 -16.953014373779297 -64.35829162597656
v -16.38144302368164 -16.865957260131836 -64.57515716552734
v -30.217802047729492 -17.185747146606445 -63.145103454589844
v -29.904138565063477 -17.168140411376953 -63.747215270996094
v -16.854263305664062 -17.347240447998047 -63.083763122558594
v -16.61180305480957 -17.25665283203125 -63.81141662597656
v -29.451417922973633 -16.46944236755371 -64.1458511352539
v -16.423749923706055 -16.147672653198242 -64.42161560058594
v -29.202449798583984 -15.947699546813965 -64.03419494628906
v -30.275964736938477 -16.748703002929688 -62.67494201660156
v -29.799747467041016 -16.563570022583008 -63.421363830566406
v -16.882455825805664 -16.698287963867188 -62.79541015625
v -16.61880111694336 -16.734241485595703 -63.66737365722656
v -28.822803497314453 -15.320873260498047 -63.79066467285156
v -16.514598846435547 -15.526521682739258 -64.35096740722656
v -29.213428497314453 -15.517926216125488 -63.23974609375
v -16.901790618896484 -15.97186279296875 -62.77000427246094
v -16.664016723632812 -16.08334732055664 -63.57097625732422
v -28.563678741455078 -14.929866790771484 -63.475799560546875
v -16.614877700805664 -15.058004379272461 -64.33082580566406
v -28.055011749267578 -14.557159423828125 -63.621177673339844
v -27.309310913085938 -14.252626419067383 -64.35039520263672
v -16.95960807800293 -14.603233337402344 -63.47724914550781
v -16.78377342224121 -14.847970008850098 -63.91887664794922
v -28.97014617919922 -15.119827270507812 -62.964210510253906
v -16.932737350463867 -15.240419387817383 -62.99385070800781
v -16.72600555419922 -15.446281433105469 -63.62987518310547
v -27.01903533935547 -13.819229125976562 -63.62495422363281
v -17.108558654785156 -13.909173011779785 -63.79100799560547
v -26.764179229736328 -13.4415864944458 -63.10375213623047
v -17.37026023864746 -13.160109519958496 -63.744239807128906
v -26.214229583740234 -13.210272789001465 -63.553009033203125
v -25.65110969543457 -13.039827346801758 -64.23431396484375
v -25.177907943725586 -12.608122825622559 -64.04476165771484
v -24.658239364624023 -12.439929962158203 -64.66697692871094
v -24.3095760345459 -12.078941345214844 -64.11495208740234
v -17.647254943847656 -12.5091552734375 -63.76445770263672
v -25.12921142578125 -12.303936004638672 -63.181610107421875
v -24.771059036254883 -12.272071838378906 -63.84521484375
v -23.959291458129883 -11.804044723510742 -63.472862243652344
v -17.985963821411133 -11.970901489257812 -63.825645446777344
v -23.2767333984375 -11.564504623413086 -63.290367126464844
v -22.49981117248535 -11.398935317993164 -63.585548400878906
v -21.75884246826172 -11.272978782653809 -63.749961853027344
v -21.020771026611328 -11.18735122680664 -63.83796691894531
v -20.294809341430664 -11.158418655395508 -63.883399963378906
v -19.59209442138672 -11.200630187988281 -63.90399932861328
v -18.95185661315918 -11.329412460327148 -63.91441345214844
v -18.41476058959961 -11.576234817504883 -63.89213562011719
v -24.997211456298828 -12.047683715820312 -62.472572326660156
v -24.528003692626953 -11.975109100341797 -63.082275390625
v -30.231809616088867 -25.04802894592285 -61.898231506347656
v -29.533159255981445 -25.330066680908203 -62.05730438232422
v -28.753459930419922 -25.57299041748047 -62.17151641845703
v -27.896286010742188 -25.802719116210938 -62.19398498535156
v -27.039039611816406 -25.877071380615234 -61.94358825683594
v -26.260543823242188 -25.86355209350586 -62.02522277832031
v -25.425636291503906 -25.77783966064453 -62.30541229248047
v -24.715126037597656 -25.578678131103516 -62.158660888671875
v -24.155675888061523 -25.475669860839844 -62.45140075683594
v -23.46949577331543 -25.329898834228516 -62.75398254394531
v -22.903133392333984 -25.229167938232422 -63.13854217529297
v -22.228967666625977 -25.003576278686523 -63.103179931640625
v -21.586681365966797 -24.84869956970215 -63.585777282714844
v -30.5722713470459 -24.605060577392578 -62.96581268310547
v -21.162582397460938 -24.545551300048828 -63.039817810058594
v -22.017061233520508 -24.707544326782227 -62.08942413330078
v -21.63274383544922 -24.705970764160156 -62.737579345703125
v -30.987119674682617 -24.05877113342285 -63.02490234375
v -20.88407325744629 -24.29071617126465 -62.72930145263672
v -20.495033264160156 -23.886512756347656 -62.56298065185547
v -19.858301162719727 -23.510635375976562 -63.262062072753906
v -21.87948226928711 -24.443387985229492 -61.39617919921875
v -21.299148559570312 -24.32044792175293 -62.072181701660156
v -31.318151473999023 -23.378013610839844 -62.97615051269531
v -19.543479919433594 -22.98538589477539 -62.754364013671875
v -31.862783432006836 -23.526763916015625 -61.727638244628906
v -31.609498977661133 -23.647785186767578 -62.19287872314453
v -20.32840347290039 -23.3914852142334 -61.661376953125
v -19.988786697387695 -23.35244369506836 -62.381591796875
v -31.42803955078125 -22.579288482666016 -63.056373596191406
v -19.320560455322266 -22.45355796813965 -62.09766387939453
v -31.986713409423828 -22.372638702392578 -61.97715759277344
v -31.741596221923828 -22.499216079711914 -62.451438903808594
v -31.968795776367188 -22.934877395629883 -61.83113098144531
v -31.676542282104492 -23.111915588378906 -62.3919677734375
v -20.222795486450195 -23.044754028320312 -61.082420349121094
v -19.830047607421875 -22.912704467773438 -61.71501159667969
v -32.084022521972656 -21.872543334960938 -61.84337615966797
v -18.884193420410156 -21.949016571044922 -62.37659454345703
v -32.109283447265625 -21.10708999633789 -61.78943634033203
v -18.711471557617188 -21.410083770751953 -61.76738739013672
v -31.688129425048828 -20.856046676635742 -62.468109130859375
v -31.369840621948242 -20.670927047729492 -62.94898986816406
v -18.374431610107422 -21.05398178100586 -62.36225128173828
v -18.10224151611328 -20.738529205322266 -62.90199279785156
v -31.118667602539062 -20.03390884399414 -63.146629333496094
v -17.847919464111328 -20.14244842529297 -62.8680419921875
v -31.833362579345703 -20.315038681030273 -62.10166931152344
v -31.49478530883789 -20.312320709228516 -62.64232635498047
v -31.077564239501953 -19.1861515045166 -62.86518096923828
v -17.664146423339844 -19.435810089111328 -62.417564392089844
v -31.89568519592285 -19.589757919311523 -61.795692443847656
v -31.481874465942383 -19.724761962890625 -62.46894836425781
v -31.053936004638672 -18.40343475341797 -62.543373107910156
v -17.48332977294922 -18.744014739990234 -62.125892639160156
v -31.907272338867188 -18.817340850830078 -61.493377685546875
v -31.48636817932129 -18.96843910217285 -62.17418670654297
v -31.024658203125 -17.679035186767578 -62.18048095703125
v -17.380916595458984 -18.175172805786133 -61.83856964111328
v -31.9188232421875 -18.20722770690918 -61.175270080566406
v -31.496191024780273 -18.16513442993164 -61.783447265625
v -30.62221908569336 -17.1750431060791 -62.44129180908203
v -17.177915573120117 -17.45723533630371 -62.019195556640625
v -30.584775924682617 -16.632139205932617 -61.993446350097656
v -17.126869201660156 -16.603755950927734 -61.855010986328125
v -30.130826950073242 -16.25710678100586 -62.38502502441406
v -29.62104034423828 -15.883922576904297 -62.92320251464844
v -29.427766799926758 -15.389883041381836 -62.470130920410156
v -17.113758087158203 -15.7867431640625 -61.93798065185547
v -29.1506404876709 -14.940857887268066 -62.08160400390625
v -17.13852882385254 -14.83466625213623 -62.35389709472656
v -28.619230270385742 -14.694225311279297 -62.69672393798828
v -28.158939361572266 -14.258527755737305 -62.52960205078125
v -27.593219757080078 -14.078068733215332 -63.22063446044922
v -27.287494659423828 -13.690483093261719 -62.76542663574219
v -17.292034149169922 -13.955163955688477 -62.403297424316406
v -28.131366729736328 -13.9378662109375 -61.71039581298828
v -27.748525619506836 -13.90087604522705 -62.420196533203125
v -27.04738426208496 -13.353896141052246 -62.360572814941406
v -17.483531951904297 -13.185405731201172 -62.44434356689453
v -26.51026153564453 -12.996387481689453 -62.46570587158203
v -25.750314712524414 -12.702333450317383 -63.137550354003906
v -28.014446258544922 -13.629829406738281 -61.128883361816406
v -27.574371337890625 -13.551592826843262 -61.844482421875
v -25.4906063079834 -12.271917343139648 -62.35321044921875
v -17.735076904296875 -12.503767013549805 -62.53032684326172
v -25.18384552001953 -11.959338188171387 -61.66587829589844
v -18.06250762939453 -11.954439163208008 -62.700042724609375
v -24.5694637298584 -11.785435676574707 -61.918487548828125
v -23.833740234375 -11.620950698852539 -62.32810974121094
v -23.109233856201172 -11.420047760009766 -62.09815979003906
v -22.535001754760742 -11.33531379699707 -62.363739013671875
v -21.820438385009766 -11.246622085571289 -62.530975341796875
v -21.086824417114258 -11.191725730895996 -62.645606994628906
v -20.377647399902344 -11.180484771728516 -62.738609313964844
v -19.684303283691406 -11.239921569824219 -62.73895263671875
v -19.02456283569336 -11.375200271606445 -62.742042541503906
v -18.48037338256836 -11.589872360229492 -62.799720764160156
v -30.430400848388672 -25.126636505126953 -60.56377410888672
v -29.641796112060547 -25.371002197265625 -60.79399108886719
v -28.871417999267578 -25.54144859313965 -60.92304229736328
v -28.06262969970703 -25.661230087280273 -60.98197937011719
v -27.234386444091797 -25.71539878845215 -60.969200134277344
v -26.42246437072754 -25.69221305847168 -60.988922119140625
v -25.629352569580078 -25.606800079345703 -61.137733459472656
v -24.876916885375977 -25.472593307495117 -61.3250732421875
v -24.304569244384766 -25.369251251220703 -61.605186462402344
v -23.603832244873047 -25.15509033203125 -61.58008575439453
v -22.785545349121094 -25.003063201904297 -62.13245391845703
v -30.90691566467285 -24.639999389648438 -61.841468811035156
v -22.408449172973633 -24.670278549194336 -61.304283142089844
v -31.463611602783203 -24.679529190063477 -60.494728088378906
v -31.079280853271484 -24.82757568359375 -60.79551696777344
v -23.406147003173828 -24.864137649536133 -60.50971984863281
v -22.97501564025879 -24.857580184936523 -61.16401672363281
v -31.355571746826172 -24.068153381347656 -62.178497314453125
v -22.158061981201172 -24.384605407714844 -60.78987121582031
v -31.93296241760254 -23.888242721557617 -61.15562438964844
v -31.68871307373047 -24.0170955657959 -61.596336364746094
v -21.612476348876953 -24.060773849487305 -60.859527587890625
v -20.90848731994629 -23.769271850585938 -61.404151916503906
v -31.757497787475586 -24.299896240234375 -60.892333984375
v -31.41297149658203 -24.463653564453125 -61.31916046142578
v -23.22043228149414 -24.609161376953125 -59.785804748535156
v -22.73460578918457 -24.553321838378906 -60.41980743408203
v -32.134483337402344 -23.407495498657227 -61.08325958251953
v -20.64764404296875 -23.314105987548828 -60.85044860839844
v -32.287620544433594 -22.602128982543945 -61.2298583984375
v -20.423852920532227 -22.911727905273438 -60.38074493408203
v -19.967376708984375 -22.66199493408203 -60.77949523925781
v -19.57318878173828 -22.429513931274414 -61.25099182128906
v -32.439781188964844 -21.806346893310547 -61.19544982910156
v -19.177162170410156 -21.8991756439209 -61.222190856933594
v -32.51410675048828 -21.161746978759766 -61.121673583984375
v -18.86591911315918 -21.1639404296875 -60.58452606201172
v -18.47765350341797 -20.829761505126953 -61.446876525878906
v -18.17529296875 -20.504056930541992 -62.107810974121094
v -32.327484130859375 -20.35714340209961 -61.317710876464844
v -17.999649047851562 -19.913471221923828 -61.76727294921875
v -18.511032104492188 -20.493911743164062 -60.55683135986328
v -18.270694732666016 -20.323013305664062 -61.3067626953125
v -32.322608947753906 -19.43516731262207 -61.078147888183594
v -17.83491325378418 -19.202756881713867 -61.25762939453125
v -18.478309631347656 -20.13136100769043 -59.85725402832031
v -18.205869674682617 -19.85739517211914 -60.65605163574219
v -32.289432525634766 -18.643081665039062 -60.799217224121094
v -17.607080459594727 -18.54936981201172 -61.30840301513672
v -32.16091537475586 -17.84540367126465 -60.493621826171875
v -17.506099700927734 -17.98834800720215 -61.05072021484375
v -31.694007873535156 -17.66815185546875 -61.17053985595703
v -31.34298324584961 -17.530393600463867 -61.617584228515625
v -31.025278091430664 -17.041088104248047 -61.676979064941406
v -17.3865909576416 -17.24867820739746 -60.913429260253906
v -31.752002716064453 -17.194820404052734 -60.62019348144531
v -31.424617767333984 -17.191457748413086 -61.193275451660156
v -30.860782623291016 -16.578876495361328 -61.45099639892578
v -17.315828323364258 -16.455101013183594 -60.85563659667969
v -30.543304443359375 -16.08935546875 -61.31122589111328
v -29.921234130859375 -15.71660041809082 -61.985740661621094
v -31.755722045898438 -16.775989532470703 -60.07904052734375
v -31.246196746826172 -16.624391555786133 -60.79139709472656
v -29.659021377563477 -15.242111206054688 -61.608428955078125
v -17.29022216796875 -15.623331069946289 -60.94757080078125
v -30.445898056030273 -15.546333312988281 -60.46630859375
v -30.10431480407715 -15.525711059570312 -61.20491027832031
v -29.39915657043457 -14.851188659667969 -61.24950408935547
v -17.327190399169922 -14.771246910095215 -61.06559753417969
v -28.801273345947266 -14.411508560180664 -61.472511291503906
v -30.326736450195312 -15.193963050842285 -59.880828857421875
v -29.91495132446289 -15.101825714111328 -60.642051696777344
v -28.473281860351562 -13.897525787353516 -60.809593200683594
v -17.432748794555664 -13.948965072631836 -61.128501892089844
v -28.196693420410156 -13.50973892211914 -60.346031188964844
v -17.607223510742188 -13.169013977050781 -61.19682312011719
v -27.672122955322266 -13.2704496383667 -60.866851806640625
v -27.10709571838379 -13.098812103271484 -61.58519744873047
v -26.619958877563477 -12.67596435546875 -61.40941619873047
v -26.063859939575195 -12.516700744628906 -62.03136444091797
v -25.743925094604492 -12.16115951538086 -61.467323303222656
v -17.874549865722656 -12.427770614624023 -61.34605407714844
v -26.578855514526367 -12.374650955200195 -60.552711486816406
v -26.213191986083984 -12.344562530517578 -61.217918395996094
v -18.17666244506836 -12.244928359985352 -60.00682830810547
v -17.9483642578125 -12.492525100708008 -60.317840576171875
v -25.423358917236328 -11.892520904541016 -60.86662292480469
v -18.17139434814453 -11.900925636291504 -61.89292907714844
v -24.759937286376953 -11.663055419921875 -60.72418212890625
v -23.982501983642578 -11.515390396118164 -61.033935546875
v -23.24489402770996 -11.383140563964844 -61.14692687988281
v -22.53880500793457 -11.284160614013672 -61.19293212890625
v -21.83680534362793 -11.230897903442383 -61.292877197265625
v -21.110034942626953 -11.216104507446289 -61.38969421386719
v -20.393573760986328 -11.244964599609375 -61.514930725097656
v -19.82102394104004 -11.287652969360352 -61.75041198730469
v -19.120800018310547 -11.487412452697754 -61.405792236328125
v -18.532503128051758 -11.669408798217773 -61.7254638671875
v -26.44805908203125 -12.116003036499023 -59.87110137939453
v -25.988256454467773 -12.048089981079102 -60.48973083496094
v -18.511104583740234 -11.849843978881836 -60.61756134033203
v -18.155229568481445 -12.061250686645508 -60.970306396484375
v -31.54400634765625 -24.733661651611328 -59.88807678222656
v -30.992746353149414 -25.001358032226562 -59.66693878173828
v -30.2520751953125 -25.27337074279785 -59.29943084716797
v -29.663074493408203 -25.410926818847656 -59.55059051513672
v -28.92725372314453 -25.531064987182617 -59.707794189453125
v -28.148292541503906 -25.595211029052734 -59.80415344238281
v -27.351402282714844 -25.605655670166016 -59.86591339111328
v -26.558828353881836 -25.562143325805664 -59.927215576171875
v -25.778461456298828 -25.466596603393555 -60.042991638183594
v -25.0086669921875 -25.328243255615234 -60.252113342285156
v -24.194313049316406 -25.152873992919922 -60.59700012207031
v -31.77046775817871 -24.48596954345703 -60.28881072998047
v -23.771263122558594 -24.81679916381836 -59.64263916015625
v -31.842815399169922 -24.48577880859375 -59.68009948730469
v -31.467987060546875 -24.805391311645508 -59.204978942871094
v -32.057796478271484 -24.030149459838867 -60.377197265625
v -23.413253784179688 -24.487972259521484 -58.99497985839844
v -22.82468032836914 -24.287582397460938 -59.44969177246094
v -22.226465225219727 -24.142147064208984 -60.06706237792969
v -21.735727310180664 -23.724864959716797 -59.89570617675781
v -21.182727813720703 -23.571073532104492 -60.478172302246094
v -32.1934928894043 -24.094486236572266 -59.32929992675781
v -31.802867889404297 -24.550617218017578 -58.84563446044922
v -32.52216720581055 -23.324167251586914 -60.040130615234375
v -20.90507698059082 -23.164772033691406 -60.067901611328125
v -33.10985565185547 -23.17313003540039 -58.92292022705078
v -32.85980224609375 -23.290847778320312 -59.34101104736328
v -21.73219871520996 -23.3889102935791 -59.14012908935547
v -21.346782684326172 -23.370433807373047 -59.768028259277344
v -32.723854064941406 -22.42022705078125 -60.460243225097656
v -20.678604125976562 -22.812725067138672 -59.658966064453125
v -20.19159698486328 -22.45989990234375 -59.780311584472656
v -19.65583610534668 -22.182273864746094 -60.42701721191406
v -33.319271087646484 -22.65418815612793 -59.16339874267578
v -32.98343276977539 -22.86238670349121 -59.67002868652344
v -21.647417068481445 -23.090803146362305 -58.55384826660156
v -21.191417694091797 -23.011756896972656 -59.193878173828125
v -32.81818771362305 -21.661354064941406 -60.56346893310547
v -19.33368492126465 -21.6524715423584 -60.048561096191406
v -33.443687438964844 -22.03261947631836 -59.241905212402344
v -33.11251449584961 -22.19598388671875 -59.875221252441406
v -32.8084602355957 -20.895469665527344 -60.59928894042969
v -19.125652313232422 -21.18718719482422 -59.560203552246094
v -33.49969482421875 -21.309816360473633 -59.241905212402344
v -33.16925811767578 -21.468008041381836 -59.94117736816406
v -32.75638961791992 -20.067167282104492 -60.54229736328125
v -18.806278228759766 -20.62903594970703 -59.49440002441406
v -33.50077819824219 -20.521663665771484 -59.182395935058594
v -33.163822174072266 -20.68426513671875 -59.91962432861328
v -32.716224670410156 -19.235240936279297 -60.33763885498047
v -18.5946102142334 -20.01274871826172 -58.97430419921875
v -18.303226470947266 -19.633304595947266 -59.621009826660156
v -18.05499839782715 -19.277191162109375 -60.242462158203125
v -33.46870040893555 -19.718992233276367 -59.04705047607422
v -33.128665924072266 -19.869279861450195 -59.80232238769531
v -32.6568717956543 -18.443166732788086 -60.02666473388672
v -17.81680679321289 -18.621503829956055 -60.330238342285156
v -33.42558288574219 -18.96480369567871 -58.81324768066406
v -33.083988189697266 -19.065702438354492 -59.567718505859375
v -32.583404541015625 -17.726171493530273 -59.59808349609375
v -17.660213470458984 -17.849849700927734 -60.00926971435547
v -33.405460357666016 -18.403757095336914 -58.511810302734375
v -33.04556655883789 -18.278324127197266 -59.16023254394531
v -32.149898529052734 -17.19434356689453 -59.86457824707031
v -17.54037094116211 -17.099809646606445 -59.848594665527344
v -32.03251266479492 -16.655933380126953 -59.313621520996094
v -17.462003707885742 -16.328954696655273 -59.80873107910156
v -31.531763076782227 -16.31293296813965 -59.725303649902344
v -30.9783935546875 -15.962421417236328 -60.17921447753906
v -30.763721466064453 -15.480422973632812 -59.57252502441406
v -17.436588287353516 -15.537834167480469 -59.83848571777344
v -30.50103187561035 -15.068017959594727 -59.079856872558594
v -17.472637176513672 -14.734601974487305 -59.88140106201172
v -29.986202239990234 -14.816963195800781 -59.652099609375
v -29.444671630859375 -14.604532241821289 -60.42411804199219
v -29.00192642211914 -14.155637741088867 -60.225677490234375
v -28.663957595825195 -13.760662078857422 -59.90837097167969
v -17.576635360717773 -13.936578750610352 -59.919395446777344
v -29.063785552978516 -13.952231407165527 -59.41581726074219
v -28.40920639038086 -13.432920455932617 -59.54963684082031
v -17.767488479614258 -13.135110855102539 -59.929771423339844
v -27.911640167236328 -13.085210800170898 -59.72698211669922
v -27.193523406982422 -12.774872779846191 -60.470848083496094
v -18.255245208740234 -12.45114803314209 -59.09076690673828
v -17.989253997802734 -12.744438171386719 -59.404449462890625
v -28.81194305419922 -13.623512268066406 -59.04563903808594
v -26.925146102905273 -12.34952163696289 -59.694175720214844
v -18.451059341430664 -12.071645736694336 -59.702415466308594
v -26.6209716796875 -12.016641616821289 -59.06684875488281
v -18.877864837646484 -11.792623519897461 -59.961395263671875
v -26.045249938964844 -11.837947845458984 -59.41486358642578
v -25.334978103637695 -11.679291725158691 -59.8321533203125
v -24.627578735351562 -11.468315124511719 -59.65263366699219
v -24.040401458740234 -11.393272399902344 -59.89582061767578
v -23.31380844116211 -11.301183700561523 -60.01640319824219
v -22.57198143005371 -11.233353614807129 -60.050010681152344
v -21.840381622314453 -11.209190368652344 -60.06752014160156
v -21.11797332763672 -11.237692832946777 -60.10700225830078
v -20.395517349243164 -11.324787139892578 -60.18238067626953
v -19.622718811035156 -11.480522155761719 -60.35930633544922
v -30.395008087158203 -25.200450897216797 -58.30352783203125
v -29.646718978881836 -25.39471435546875 -58.390350341796875
v -28.93897247314453 -25.500822067260742 -58.538551330566406
v -28.19268798828125 -25.54055404663086 -58.65642547607422
v -27.420997619628906 -25.521373748779297 -58.75274658203125
v -26.665306091308594 -25.462066650390625 -58.87012481689453
v -25.921558380126953 -25.353694915771484 -58.97087097167969
v -25.17528533935547 -25.20407485961914 -59.13818359375
v -24.451934814453125 -25.029647827148438 -59.420127868652344
v -31.045473098754883 -25.007354736328125 -58.672637939453125
v -24.011754989624023 -24.712265014648438 -58.68072509765625
v -31.377685546875 -24.82640838623047 -58.359718322753906
v -23.65959930419922 -24.363195419311523 -58.054771423339844
v -33.159889221191406 -23.387897491455078 -58.021697998046875
v -32.64478302001953 -23.714017868041992 -58.585472106933594
v -32.06147003173828 -24.295974731445312 -58.27606201171875
v -31.665157318115234 -24.61656379699707 -58.08185577392578
v -23.051239013671875 -24.0929012298584 -58.45294952392578
v -22.3416690826416 -23.805749893188477 -59.03533935546875
v -33.394622802734375 -22.984420776367188 -58.52012634277344
v -22.118223190307617 -23.350656509399414 -58.31287384033203
v -33.58751678466797 -22.548187255859375 -58.51459503173828
v -21.852386474609375 -22.969472885131836 -57.788963317871094
v -21.319602966308594 -22.759807586669922 -58.256378173828125
v -20.713115692138672 -22.52153205871582 -58.80260467529297
v -20.199859619140625 -22.155498504638672 -58.89823913574219
v -19.78256607055664 -21.956741333007812 -59.45243835449219
v -33.732234954833984 -21.926616668701172 -58.49018096923828
v -19.48453140258789 -21.483409881591797 -59.03953552246094
v -33.80564498901367 -21.185184478759766 -58.45836639404297
v -19.210195541381836 -20.96612548828125 -58.64429473876953
v -33.81435775756836 -20.3819637298584 -58.40576171875
v -18.93695640563965 -20.39154815673828 -58.30924987792969
v -33.77947998046875 -19.58376121520996 -58.28777313232422
v -18.703960418701172 -19.79916000366211 -57.958717346191406
v -18.393695831298828 -19.43398666381836 -58.654937744140625
v -18.1149959564209 -19.043373107910156 -59.38617706298828
v -33.71585464477539 -18.847047805786133 -58.09043884277344
v -17.93527603149414 -18.391490936279297 -59.16191101074219
v -33.58710861206055 -18.163406372070312 -57.884521484375
v -17.78816032409668 -17.684555053710938 -58.90815734863281
v -33.21621322631836 -17.86615753173828 -58.45298767089844
v -32.88185501098633 -17.634164810180664 -58.92295837402344
v -32.53738784790039 -17.100191116333008 -58.950958251953125
v -17.66376495361328 -16.951644897460938 -58.80363464355469
v -32.32363510131836 -16.514610290527344 -58.43376159667969
v -17.58861541748047 -16.2259464263916 -58.78837585449219
v -31.828868865966797 -16.149913787841797 -58.756752014160156
v -31.284629821777344 -15.811168670654297 -59.18598175048828
v -31.016016006469727 -15.362464904785156 -58.655357360839844
v -17.58049774169922 -15.484356880187988 -58.76434326171875
v -30.73461151123047 -14.946138381958008 -58.14155578613281
v -17.630123138427734 -14.714729309082031 -58.769874572753906
v -30.1760311126709 -14.640819549560547 -58.612213134765625
v -29.542064666748047 -14.322662353515625 -59.28749084472656
v -29.289817810058594 -13.897144317626953 -58.59291076660156
v -17.74395751953125 -13.96681022644043 -58.764686584472656
v -28.99785041809082 -13.499534606933594 -58.11347961425781
v -17.903518676757812 -13.353466987609863 -58.67992401123047
v -28.440046310424805 -13.191533088684082 -58.663902282714844
v -27.952266693115234 -12.822257995605469 -58.77021789550781
v -27.476703643798828 -12.620771408081055 -59.309654235839844
v -18.390214920043945 -12.685251235961914 -58.129425048828125
v -18.108808517456055 -12.951445579528809 -58.46149444580078
v -27.159381866455078 -12.244832992553711 -58.747215270996094
v -18.620264053344727 -12.19639778137207 -58.87767791748047
v -26.838016510009766 -11.902165412902832 -58.134117126464844
v -19.14043426513672 -11.892091751098633 -58.857879638671875
v -26.230478286743164 -11.689126968383789 -58.400001525878906
v -25.543546676635742 -11.51624870300293 -58.6767578125
v -24.812602996826172 -11.364579200744629 -58.817291259765625
v -24.089014053344727 -11.251104354858398 -58.88038635253906
v -23.357986450195312 -11.180246353149414 -58.9373779296875
v -22.598339080810547 -11.141753196716309 -58.9202880859375
v -21.844350814819336 -11.15410327911377 -58.86760711669922
v -21.122407913208008 -11.229372024536133 -58.839874267578125
v -20.437156677246094 -11.371612548828125 -58.85112762451172
v -19.773971557617188 -11.5889310836792 -58.88542175292969
v -30.213642120361328 -25.12438201904297 -57.06226348876953
v -29.6144962310791 -25.295818328857422 -57.28229522705078
v -28.9268856048584 -25.412857055664062 -57.4346923828125
v -28.226459503173828 -25.45919418334961 -57.58544921875
v -27.489900588989258 -25.425697326660156 -57.675323486328125
v -26.721595764160156 -25.34356117248535 -57.806434631347656
v -26.098299026489258 -25.276470184326172 -58.089866638183594
v -25.356792449951172 -25.070655822753906 -57.963409423828125
v -24.640417098999023 -24.91316795349121 -58.37654113769531
v -30.852519989013672 -25.009214401245117 -57.778663635253906
v -24.229694366455078 -24.601900100708008 -57.74681091308594
v -25.150299072265625 -24.790550231933594 -56.897125244140625
v -24.74939727783203 -24.784587860107422 -57.515411376953125
v -31.25605583190918 -24.781810760498047 -57.489585876464844
v -23.93769073486328 -24.29120635986328 -57.24632263183594
v -33.2392692565918 -23.465167999267578 -56.92676544189453
v -32.72721862792969 -23.799419403076172 -57.170372009277344
v -32.17208480834961 -24.1551513671875 -57.315025329589844
v -31.672096252441406 -24.505102157592773 -57.34760284423828
v -23.38906478881836 -23.93597412109375 -57.31758117675781
v -22.708940505981445 -23.646759033203125 -57.90576934814453
v -24.9908447265625 -24.525558471679688 -56.190223693847656
v -24.504352569580078 -24.467636108398438 -56.787986755371094
v -33.5296630859375 -23.024463653564453 -57.77122497558594
v -22.39720916748047 -23.223663330078125 -57.385406494140625
v -33.80558395385742 -22.51753807067871 -57.65869140625
v -22.09212875366211 -22.83540916442871 -56.86637878417969
v -21.50811004638672 -22.58089828491211 -57.297096252441406
v -20.99618911743164 -22.405433654785156 -57.832603454589844
v -20.454252243041992 -22.047019958496094 -57.932167053222656
v -19.91744041442871 -21.771514892578125 -58.50425720214844
v -34.0037841796875 -21.854055404663086 -57.59620666503906
v -19.636260986328125 -21.313297271728516 -58.04229736328125
v -20.387184143066406 -21.6959228515625 -56.96887969970703
v -20.042251586914062 -21.62386131286621 -57.676849365234375
v -34.10424041748047 -21.062301635742188 -57.611427307128906
v -19.370662689208984 -20.726728439331055 -57.458038330078125
v -20.299053192138672 -21.40467071533203 -56.32068634033203
v -19.906389236450195 -21.23565673828125 -56.98089599609375
v -34.113765716552734 -20.229101181030273 -57.62592315673828
v -19.025421142578125 -20.141399383544922 -57.384681701660156
v -34.07194519042969 -19.422758102416992 -57.527427673339844
v -18.864477157592773 -19.53050994873047 -56.83856964111328
v -18.487321853637695 -19.199609756469727 -57.68383026123047
v -18.204986572265625 -18.842517852783203 -58.399658203125
v -33.98373031616211 -18.63753890991211 -57.32379913330078
v -18.0544376373291 -18.223905563354492 -58.097686767578125
v -18.536865234375 -18.821561813354492 -56.82960510253906
v -18.293249130249023 -18.66815185546875 -57.570953369140625
v -33.813453674316406 -17.799509048461914 -57.01934814453125
v -17.924917221069336 -17.484033584594727 -57.757835388183594
v -33.352935791015625 -17.531299591064453 -57.76031494140625
v -32.977020263671875 -17.31060791015625 -58.326454162597656
v -18.535566329956055 -18.368053436279297 -56.217384338378906
v -18.244922637939453 -18.154752731323242 -57.01934814453125
v -32.73889923095703 -16.80691146850586 -58.078041076660156
v -17.75646209716797 -16.768991470336914 -57.987060546875
v -33.40256118774414 -17.110383987426758 -57.093505859375
v -33.08365249633789 -17.040348052978516 -57.696189880371094
v -32.55128860473633 -16.45139503479004 -57.834930419921875
v -17.740917205810547 -16.17613983154297 -57.81696319580078
v -32.20546340942383 -16.01581573486328 -57.642974853515625
v -31.553613662719727 -15.671337127685547 -58.23272705078125
v -33.42025375366211 -16.709291458129883 -56.518898010253906
v -32.91434097290039 -16.520357131958008 -57.19078063964844
v -31.25704574584961 -15.238475799560547 -57.76378631591797
v -17.75522232055664 -15.443778038024902 -57.7581787109375
v -32.08610916137695 -15.505695343017578 -56.76292419433594
v -31.724071502685547 -15.49992561340332 -57.43694305419922
v -31.006776809692383 -14.878630638122559 -57.3455810546875
v -17.82097816467285 -14.70639705657959 -57.745819091796875
v -30.480789184570312 -14.500045776367188 -57.460365295410156
v -29.832340240478516 -14.195907592773438 -58.09955596923828
v -31.988943099975586 -15.15350341796875 -56.19972229003906
v -31.53641128540039 -15.09341049194336 -56.846580505371094
v -29.507518768310547 -13.772296905517578 -57.611122131347656
v -17.950939178466797 -14.007818222045898 -57.68688201904297
v -18.30021095275879 -14.099609375 -56.345558166503906
v -18.119503021240234 -14.232087135314941 -56.82209014892578
v -29.213260650634766 -13.360368728637695 -57.141876220703125
v -18.047714233398438 -13.428902626037598 -57.90813446044922
v -28.750110626220703 -13.130760192871094 -57.64007568359375
v -28.243648529052734 -12.744390487670898 -57.7532958984375
v -27.674209594726562 -12.482285499572754 -58.33396911621094
v -18.482267379760742 -13.001049041748047 -57.216949462890625
v -18.240678787231445 -13.197624206542969 -57.589874267578125
v -18.387746810913086 -13.525724411010742 -56.68540954589844
v -18.156110763549805 -13.732063293457031 -57.16320037841797
v -27.373432159423828 -12.130975723266602 -57.829742431640625
v -18.792211532592773 -12.485420227050781 -57.56340026855469
v -28.201114654541016 -12.390005111694336 -56.780662536621094
v -27.823925018310547 -12.349260330200195 -57.51605987548828
v -27.093994140625 -11.819278717041016 -57.32414245605469
v -19.323848724365234 -12.011611938476562 -57.551307678222656
v -26.503299713134766 -11.531949043273926 -57.33177185058594
v -25.755727767944336 -11.345601081848145 -57.65251159667969
v -24.986446380615234 -11.187326431274414 -57.81513214111328
v -24.196863174438477 -11.080336570739746 -57.927398681640625
v -23.419261932373047 -11.013484001159668 -57.94971466064453
v -22.64128875732422 -10.991609573364258 -57.87971496582031
v -21.858810424804688 -11.034357070922852 -57.71533966064453
v -21.11846160888672 -11.164295196533203 -57.590484619140625
v -20.461618423461914 -11.37094497680664 -57.568626403808594
v -19.870758056640625 -11.646437644958496 -57.564697265625
v -28.093551635742188 -12.075138092041016 -56.154441833496094
v -27.636444091796875 -12.003707885742188 -56.84680938720703
v -30.099380493164062 -24.9783878326416 -56.09394073486328
v -29.551006317138672 -25.1368408203125 -56.251792907714844
v -28.908443450927734 -25.254011154174805 -56.409339904785156
v -28.22212028503418 -25.312328338623047 -56.58485412597656
v -27.63051986694336 -25.32663345336914 -56.825904846191406
v -26.837623596191406 -25.170766830444336 -56.65168762207031
v -25.947845458984375 -25.06023597717285 -57.045936584472656
v -30.695592880249023 -24.91631507873535 -56.792335510253906
v -25.536251068115234 -24.724102020263672 -56.14723205566406
v -26.642751693725586 -24.858999252319336 -55.5902099609375
v -26.145708084106445 -24.894142150878906 -56.10145568847656
v -31.12640380859375 -24.671733856201172 -56.549415588378906
v -25.25368881225586 -24.413644790649414 -55.608062744140625
v -33.29930114746094 -23.50877571105957 -55.73371887207031
v -32.7439079284668 -23.819255828857422 -55.91144561767578
v -32.130943298339844 -24.102188110351562 -56.08283996582031
v -31.576204299926758 -24.392711639404297 -56.29810333251953
v -24.65505599975586 -24.144447326660156 -55.721397399902344
v -23.98717498779297 -24.028671264648438 -56.44268035888672
v -23.47698211669922 -23.61558723449707 -56.281166076660156
v -22.948467254638672 -23.46693229675293 -56.91730499267578
v -26.53162384033203 -24.565256118774414 -54.906959533691406
v -25.92015266418457 -24.541114807128906 -55.326690673828125
v -33.66514587402344 -23.059892654418945 -56.7431640625
v -22.632408142089844 -23.08456802368164 -56.48796081542969
v -23.441064834594727 -23.289859771728516 -55.50556182861328
v -23.07945442199707 -23.282670974731445 -56.1431884765625
v -34.018672943115234 -22.518503189086914 -56.602325439453125
v -22.360313415527344 -22.755300521850586 -56.06578826904297
v -21.77931022644043 -22.405147552490234 -56.16424560546875
v -21.007083892822266 -22.11357307434082 -56.85737609863281
v -23.34815216064453 -22.995208740234375 -54.92645263671875
v -22.89487075805664 -22.940349578857422 -55.56488037109375
v -34.321807861328125 -21.781803131103516 -56.532249450683594
v -20.718908309936523 -21.680604934692383 -56.12018585205078
v -34.82234573364258 -21.771800994873047 -55.12290954589844
v -34.57114791870117 -22.004985809326172 -55.55015563964844
v -34.40669631958008 -20.87343978881836 -56.830406188964844
v -20.509838104248047 -21.308326721191406 -55.619544982910156
v -20.081031799316406 -21.02532386779785 -56.00105285644531
v -19.680452346801758 -20.75338363647461 -56.49860382080078
v -34.92552185058594 -21.165084838867188 -55.401878356933594
v -34.652400970458984 -21.396743774414062 -55.96729278564453
v -34.412086486816406 -20.047927856445312 -56.87602996826172
v -19.339763641357422 -20.18020248413086 -56.43394470214844
v -35.00836944580078 -20.470130920410156 -55.46974182128906
v -34.705806732177734 -20.648456573486328 -56.15264892578125
v -34.376251220703125 -19.237470626831055 -56.759681701660156
v -19.188892364501953 -19.559335708618164 -55.88123321533203
v -35.06797409057617 -19.697784423828125 -55.422325134277344
v -34.72511672973633 -19.863176345825195 -56.148529052734375
v -34.30773162841797 -18.427885055541992 -56.50199890136719
v -18.885875701904297 -18.88827133178711 -55.85033416748047
v -35.09703826904297 -18.907344818115234 -55.27385711669922
v -34.71877670288086 -19.0549259185791 -55.99384307861328
v -34.228370666503906 -17.678272247314453 -56.115150451660156
v -18.728660583496094 -18.0595760345459 -55.411834716796875
v -18.36000633239746 -17.81163215637207 -56.18030548095703
v -18.11775016784668 -17.549753189086914 -56.80442810058594
v -35.11766052246094 -18.25832176208496 -55.03856658935547
v -34.70257568359375 -18.212556838989258 -55.666542053222656
v -33.802066802978516 -17.14015007019043 -56.359100341796875
v -17.95836639404297 -16.896175384521484 -57.042503356933594
v -18.441343307495117 -17.322206497192383 -55.63007354736328
v -18.192218780517578 -17.284107208251953 -56.3037109375
v -33.72881317138672 -16.596900939941406 -55.837860107421875
v -17.941761016845703 -16.125070571899414 -56.887474060058594
v -33.23340606689453 -16.230499267578125 -56.14463806152344
v -32.64542770385742 -15.889573097229004 -56.553611755371094
v -18.458127975463867 -16.627586364746094 -55.33496856689453
v -18.17734146118164 -16.730297088623047 -56.150360107421875
v -32.44246292114258 -15.40822982788086 -55.985984802246094
v -17.968154907226562 -15.390849113464355 -56.84478759765625
v -18.449628829956055 -15.864944458007812 -55.25581359863281
v -18.182945251464844 -16.017318725585938 -56.03828430175781
v -32.23576354980469 -14.998459815979004 -55.54496765136719
v -18.031883239746094 -14.712786674499512 -56.85352325439453
v -31.67961883544922 -14.773225784301758 -55.935211181640625
v -31.06955337524414 -14.615476608276367 -56.589927673339844
v -30.575965881347656 -14.183950424194336 -56.441917419433594
v -30.03746223449707 -14.024043083190918 -57.08850860595703
v -18.43349838256836 -14.520418167114258 -55.634307861328125
v -18.24296760559082 -14.658773422241211 -56.151466369628906
v -18.446468353271484 -15.122472763061523 -55.352745056152344
v -18.20530891418457 -15.297389030456543 -56.046104431152344
v -29.72599220275879 -13.625884056091309 -56.689796447753906
v -18.54056167602539 -14.002656936645508 -55.70259094238281
v -30.56802749633789 -13.850855827331543 -55.688323974609375
v -30.173194885253906 -13.835609436035156 -56.316261291503906
v -29.471694946289062 -13.260400772094727 -56.314964294433594
v -18.703413009643555 -13.234519958496094 -56.14044189453125
v -28.882360458374023 -12.843025207519531 -56.538047790527344
v -30.51630210876465 -13.546228408813477 -55.12825012207031
v -30.027591705322266 -13.467693328857422 -55.75328826904297
v -28.56195068359375 -12.320363998413086 -55.871620178222656
v -19.06231689453125 -12.577104568481445 -56.221885681152344
v -28.317129135131836 -11.929869651794434 -55.40702819824219
v -19.47130012512207 -12.058615684509277 -56.27998352050781
v -27.779460906982422 -11.731743812561035 -55.85865020751953
v -27.104246139526367 -11.533904075622559 -56.41326904296875
v -26.46721649169922 -11.241138458251953 -56.436500549316406
v -25.983821868896484 -11.193120956420898 -56.84272766113281
v -25.222301483154297 -10.948967933654785 -56.73126220703125
v -24.32270050048828 -10.855018615722656 -56.967811584472656
v -23.508214950561523 -10.797333717346191 -57.031707763671875
v -22.71959686279297 -10.78188419342041 -56.96159362792969
v -21.94178009033203 -10.831069946289062 -56.74072265625
v -21.10782814025879 -10.99962043762207 -56.272544860839844
v -20.454334259033203 -11.31579875946045 -56.29661560058594
v -19.9287052154541 -11.64909553527832 -56.32038116455078
v -25.121318817138672 -10.588717460632324 -55.69091796875
v -24.403810501098633 -10.57734489440918 -56.02073669433594
v -23.60396385192871 -10.540353775024414 -56.14696502685547
v -22.819805145263672 -10.531389236450195 -56.12480163574219
v -22.077251434326172 -10.574853897094727 -55.95726013183594
v -21.39129638671875 -10.692501068115234 -55.60321807861328
v -25.042999267578125 -10.330748558044434 -54.96715545654297
v -24.450885772705078 -10.295761108398438 -55.127601623535156
v -23.69518280029297 -10.270511627197266 -55.269813537597656
v -22.92466163635254 -10.268950462341309 -55.29853820800781
v -22.200918197631836 -10.314762115478516 -55.210227966308594
v -21.566343307495117 -10.423219680786133 -54.99031066894531
v -30.024099349975586 -24.823867797851562 -55.39085388183594
v -29.54062271118164 -24.92990493774414 -55.40565490722656
v -28.91850471496582 -25.03168487548828 -55.50117492675781
v -28.24515151977539 -25.099205017089844 -55.66566467285156
v -27.467941284179688 -25.088478088378906 -55.86345672607422
v -30.531740188598633 -24.78057098388672 -55.87226867675781
v -27.119434356689453 -24.748397827148438 -54.99824523925781
v -30.27471351623535 -24.637163162231445 -55.036048889160156
v -29.657947540283203 -24.69654083251953 -54.758872985839844
v -29.000139236450195 -24.76133155822754 -54.72858428955078
v -28.307819366455078 -24.82318878173828 -54.85828399658203
v -27.729915618896484 -24.883926391601562 -55.09754180908203
v -30.909156799316406 -24.546791076660156 -55.538902282714844
v -26.878034591674805 -24.43193244934082 -54.46044921875
v -33.332801818847656 -23.55140495300293 -54.4720458984375
v -32.741844177246094 -23.82049560546875 -54.639434814453125
v -32.070125579833984 -24.042165756225586 -54.785308837890625
v -31.29509735107422 -24.27915382385254 -54.93946075439453
v -26.21961784362793 -24.15589141845703 -54.380340576171875
v -25.303386688232422 -24.050771713256836 -54.859886169433594
v -24.646413803100586 -23.78003692626953 -54.947471618652344
v -24.044979095458984 -23.65255355834961 -55.4388427734375
v -30.56857681274414 -24.43882179260254 -54.65373992919922
v -29.92803955078125 -24.456523895263672 -54.223365783691406
v -29.190086364746094 -24.474407196044922 -54.05242919921875
v -28.42835235595703 -24.48972511291504 -54.10377502441406
v -27.60225486755371 -24.527036666870117 -54.36786651611328
v -33.78507995605469 -23.113107681274414 -55.549888610839844
v -23.816633224487305 -23.220264434814453 -54.76982116699219
v -34.253929138183594 -22.585189819335938 -55.32234191894531
v -23.590051651000977 -22.851741790771484 -54.25041198730469
v -34.93071746826172 -22.014450073242188 -54.23835754394531
v -34.63065719604492 -22.332168579101562 -54.64244842529297
v -23.00316047668457 -22.647916793823242 -54.62726593017578
v -22.39202308654785 -22.502756118774414 -55.2783203125
v -21.842336654663086 -22.0860595703125 -55.10246276855469
v -21.26888084411621 -21.93688201904297 -55.73974609375
v -35.03984069824219 -21.54147720336914 -54.7357177734375
v -20.94386863708496 -21.54827117919922 -55.31471252441406
v -21.786571502685547 -21.739505767822266 -54.32975769042969
v -21.386028289794922 -21.731388092041016 -54.972801208496094
v -35.186038970947266 -21.035707473754883 -54.73926544189453
v -20.733213424682617 -21.260738372802734 -55.08018493652344
v -20.41078758239746 -20.834171295166016 -54.990386962890625
v -19.821130752563477 -20.511363983154297 -55.69713592529297
v -21.711015701293945 -21.41925048828125 -53.761940002441406
v -21.14670181274414 -21.289836883544922 -54.465904235839844
v -35.34250259399414 -20.33480453491211 -54.715003967285156
v -19.574905395507812 -19.9150447845459 -55.39104461669922
v -20.324779510498047 -20.22812271118164 -54.26586151123047
v -19.979263305664062 -20.252382278442383 -54.95391845703125
v -35.449554443359375 -19.527912139892578 -54.691314697265625
v -19.37274932861328 -19.193458557128906 -54.983787536621094
v -20.260238647460938 -19.753694534301758 -53.79413604736328
v -19.871021270751953 -19.690155029296875 -54.470672607421875
v -35.47740173339844 -18.705617904663086 -54.606475830078125
v -19.08391761779785 -18.556224822998047 -54.98268127441406
v -35.38623046875 -17.827869415283203 -54.41425323486328
v -19.065357208251953 -18.035661697387695 -54.58610534667969
v -34.88920974731445 -17.675281524658203 -55.06797790527344
v -34.52823257446289 -17.537986755371094 -55.51380157470703
v -34.194923400878906 -17.01227378845215 -55.56861877441406
v -18.821895599365234 -17.30878448486328 -54.69799041748047
v -34.95930480957031 -17.11696434020996 -54.554443359375
v -34.605133056640625 -17.16071319580078 -55.09654998779297
v -34.01335525512695 -16.526592254638672 -55.32005310058594
v -18.750595092773438 -16.44158363342285 -54.514427185058594
v -33.68140411376953 -16.019546508789062 -55.162200927734375
v -32.991050720214844 -15.698205947875977 -55.671348571777344
v -34.97792434692383 -16.57346534729004 -54.06177520751953
v -34.424102783203125 -16.517961502075195 -54.735145568847656
v -32.72837448120117 -15.228748321533203 -55.272254943847656
v -18.717266082763672 -15.641653060913086 -54.484596252441406
v -33.62845230102539 -15.41181755065918 -54.41425323486328
v -33.20741653442383 -15.450572967529297 -54.98851776123047
v -32.50978088378906 -14.916955947875977 -55.04058837890625
v -18.68758201599121 -14.753568649291992 -54.72297668457031
v -32.09413146972656 -14.528679847717285 -54.90852355957031
v -31.203948974609375 -14.25633430480957 -55.60035705566406
v -33.61117935180664 -15.026819229125977 -53.88023376464844
v -32.98488998413086 -14.930152893066406 -54.46907043457031
v -30.986572265625 -13.797962188720703 -54.97173309326172
v -18.80474090576172 -13.954329490661621 -54.77821350097656
v -31.986343383789062 -14.007902145385742 -54.09740447998047
v -31.522512435913086 -14.042102813720703 -54.743003845214844
v -30.794452667236328 -13.460838317871094 -54.563560485839844
v -18.98646354675293 -13.23128890991211 -54.89307403564453
v -30.256855010986328 -13.146162033081055 -54.71839904785156
v -29.567373275756836 -12.980794906616211 -55.515899658203125
v -29.11760711669922 -12.534391403198242 -55.33843994140625
v -31.881988525390625 -13.660013198852539 -53.543701171875
v -31.364965438842773 -13.633573532104492 -54.15046691894531
v -28.805028915405273 -12.144994735717773 -55.03364562988281
v -19.2542667388916 -12.583541870117188 -54.980926513671875
v -29.22899627685547 -12.293708801269531 -54.61956024169922
v -28.602123260498047 -11.81842041015625 -54.688873291015625
v -19.575965881347656 -12.039840698242188 -55.122413635253906
v -28.086078643798828 -11.495232582092285 -54.824371337890625
v -27.448427200317383 -11.359763145446777 -55.45818328857422
v -26.781082153320312 -11.053681373596191 -55.53627014160156
v -25.930011749267578 -10.890161514282227 -55.95817565917969
v -20.37078094482422 -11.238372802734375 -54.90520477294922
v -19.940662384033203 -11.619877815246582 -55.15892028808594
v -29.034650802612305 -11.977731704711914 -54.29779052734375
v -25.630653381347656 -10.51335334777832 -55.129966735839844
v -20.843923568725586 -10.874641418457031 -55.037841796875
v -26.747095108032227 -10.673177719116211 -54.59403991699219
v -26.2382869720459 -10.695123672485352 -55.14209747314453
v -25.338363647460938 -10.242199897766113 -54.468727111816406
v -21.030975341796875 -10.61103343963623 -54.54093933105469
v -24.622417449951172 -10.05953598022461 -54.201622009277344
v -23.800182342529297 -10.024452209472656 -54.366798400878906
v -23.033905029296875 -10.025835037231445 -54.43004608154297
v -22.315204620361328 -10.077714920043945 -54.406471252441406
v -21.692012786865234 -10.194242477416992 -54.310951232910156
v -21.244001388549805 -10.359943389892578 -54.179725646972656
v -26.652645111083984 -10.389184951782227 -53.893775939941406
v -26.03558349609375 -10.362804412841797 -54.31446075439453
v -33.3324089050293 -23.585235595703125 -53.197174072265625
v -32.73123550415039 -23.811126708984375 -53.36688995361328
v -32.052589416503906 -23.97638511657715 -53.50654602050781
v -31.288803100585938 -24.10401153564453 -53.62079620361328
v -30.400680541992188 -24.22032356262207 -53.675384521484375
v -29.478275299072266 -24.212038040161133 -53.39923858642578
v -28.682613372802734 -24.165176391601562 -53.362159729003906
v -27.8480167388916 -24.108898162841797 -53.51020812988281
v -27.01380157470703 -24.092174530029297 -53.84132385253906
v -26.389467239379883 -23.677146911621094 -53.510589599609375
v -25.623512268066406 -23.66855239868164 -53.955230712890625
v -24.937915802001953 -23.577594757080078 -54.28871154785156
v -24.359905242919922 -23.430038452148438 -54.55463409423828
v -33.853031158447266 -23.212575912475586 -54.256553649902344
v -24.139606475830078 -23.066116333007812 -54.05860900878906
v -26.487529754638672 -23.26005744934082 -52.77397155761719
v -25.81397247314453 -23.277151107788086 -53.1903076171875
v -25.13413429260254 -23.259258270263672 -53.58177185058594
v -24.619245529174805 -23.246633529663086 -53.94611358642578
v -34.30156707763672 -22.86711883544922 -53.92082214355469
v -23.921585083007812 -22.73697853088379 -53.6138916015625
v -35.01626205444336 -22.128368377685547 -53.21910858154297
v -34.67913818359375 -22.52865982055664 -53.532371520996094
v -23.320602416992188 -22.41116714477539 -53.619842529296875
v -22.477102279663086 -22.15335464477539 -54.22657012939453
v -26.508926391601562 -22.957134246826172 -52.195587158203125
v -25.972675323486328 -22.927452087402344 -52.460174560546875
v -25.283945083618164 -22.903108596801758 -52.83195495605469
v -24.549257278442383 -22.88395118713379 -53.32344055175781
v -35.196067810058594 -21.585941314697266 -53.998680114746094
v -22.206533432006836 -21.693218231201172 -53.54957580566406
v -35.465538024902344 -20.991933822631836 -53.87664794921875
v -21.999549865722656 -21.3038330078125 -53.079490661621094
v -21.461986541748047 -21.01006507873535 -53.448143005371094
v -20.857763290405273 -20.666717529296875 -53.941917419433594
v -35.76542282104492 -20.206283569335938 -53.821868896484375
v -20.677661895751953 -20.085668563842773 -53.45832824707031
v -36.40507507324219 -20.152891159057617 -52.602195739746094
v -36.10213851928711 -20.39750862121582 -52.988128662109375
v -35.85689163208008 -19.28795623779297 -54.02061462402344
v -20.478952407836914 -19.427658081054688 -53.030128479003906
v -20.01997184753418 -19.278133392333984 -53.72089385986328
v -19.684432983398438 -19.110382080078125 -54.20970916748047
v -36.51821517944336 -19.560455322265625 -52.80387878417969
v -36.181976318359375 -19.784534454345703 -53.33595275878906
v -35.882877349853516 -18.448888778686523 -53.92345428466797
v -19.429039001464844 -18.52515983581543 -54.19647216796875
v -36.609519958496094 -18.926572799682617 -52.721710205078125
v -36.25776672363281 -19.040225982666016 -53.395042419433594
v -20.10114288330078 -18.821346282958984 -53.098297119140625
v -19.791019439697266 -18.803382873535156 -53.69232177734375
v -35.88026809692383 -17.644237518310547 -53.607177734375
v -19.30689811706543 -17.658828735351562 -53.76739501953125
v -36.68507385253906 -18.384552001953125 -52.47062683105469
v -36.327110290527344 -18.238807678222656 -53.158607482910156
v -20.125329971313477 -18.35514259338379 -52.551422119140625
v -19.759368896484375 -18.23415756225586 -53.230934143066406
v -35.419918060302734 -17.031991958618164 -53.84349822998047
v -19.060123443603516 -16.92160415649414 -53.889617919921875
v -35.309730529785156 -16.251182556152344 -53.254737854003906
v -19.033920288085938 -16.228544235229492 -53.641204833984375
v -34.717525482177734 -16.03876304626465 -53.847007751464844
v -34.17352294921875 -15.79747200012207 -54.25285339355469
v -34.052085876464844 -15.304136276245117 -53.758888244628906
v -18.972694396972656 -15.41283130645752 -53.61572265625
v -34.87303161621094 -15.627372741699219 -53.12774658203125
v -34.46395492553711 -15.56898307800293 -53.60790252685547
v -33.92082595825195 -14.939522743225098 -53.357086181640625
v -18.960845947265625 -14.639639854431152 -53.67145538330078
v -33.405853271484375 -14.598978042602539 -53.398170471191406
v -32.649253845214844 -14.335262298583984 -53.874168395996094
v -34.8994026184082 -15.248656272888184 -52.52265930175781
v -34.424556732177734 -15.155458450317383 -53.03760528564453
v -32.395015716552734 -13.881647109985352 -53.332557678222656
v -19.040084838867188 -13.916969299316406 -53.66668701171875
v -32.128082275390625 -13.500523567199707 -52.844200134277344
v -19.191396713256836 -13.20761489868164 -53.68732452392578
v -31.516515731811523 -13.306593894958496 -53.24718475341797
v -30.880355834960938 -13.18467903137207 -53.877220153808594
v -30.35745620727539 -12.761211395263672 -53.753929138183594
v -29.706430435180664 -12.616896629333496 -54.49962615966797
v -29.50444221496582 -12.198389053344727 -53.95915985107422
v -19.418453216552734 -12.502336502075195 -53.78791809082031
v -30.35942268371582 -12.4100923538208 -52.97004699707031
v -29.947900772094727 -12.404001235961914 -53.64910125732422
v -19.651662826538086 -12.263500213623047 -52.44171142578125
v -19.49073028564453 -12.55486011505127 -52.757606506347656
v -29.300392150878906 -11.868429183959961 -53.62506866455078
v -19.652021408081055 -11.964141845703125 -54.29222106933594
v -28.77374839782715 -11.557888984680176 -53.866920471191406
v -28.1890869140625 -11.099302291870117 -53.83007049560547
v -27.469623565673828 -10.996437072753906 -54.57328796386719
v -20.11359977722168 -11.40589714050293 -53.67881774902344
v -19.885921478271484 -11.663686752319336 -54.070091247558594
v -30.27255630493164 -12.099218368530273 -52.3883056640625
v -29.814720153808594 -12.041044235229492 -53.09162139892578
v -19.84207534790039 -11.796188354492188 -53.04313659667969
v -19.621932983398438 -12.10519027709961 -53.384666442871094
v -27.207231521606445 -10.578489303588867 -53.878135681152344
v -20.519638061523438 -10.981882095336914 -53.826446533203125
v -28.180110931396484 -10.739469528198242 -53.04424285888672
v -27.742385864257812 -10.756993293762207 -53.69537353515625
v -26.936674118041992 -10.290945053100586 -53.29120635986328
v -20.87976837158203 -10.555660247802734 -53.50811004638672
v -26.22882080078125 -10.088455200195312 -53.161163330078125
v -25.289213180541992 -9.99850082397461 -53.49781036376953
v -24.50025177001953 -9.83264446258545 -53.23810577392578
v -23.880470275878906 -9.822500228881836 -53.413734436035156
v -23.145366668701172 -9.829235076904297 -53.49174499511719
v -22.431636810302734 -9.886479377746582 -53.504981994628906
v -21.794139862060547 -10.01681137084961 -53.47190856933594
v -21.27419662475586 -10.236096382141113 -53.428306579589844
v -28.099822998046875 -10.46302318572998 -52.438507080078125
v -27.57032012939453 -10.420572280883789 -52.972564697265625
v -33.30074691772461 -23.57630729675293 -51.976470947265625
v -32.70691680908203 -23.774730682373047 -52.1331787109375
v -32.04053497314453 -23.907672882080078 -52.27775573730469
v -31.315279006958008 -23.97977066040039 -52.411956787109375
v -30.529165267944336 -24.002052307128906 -52.51750946044922
v -29.69912338256836 -23.973346710205078 -52.5750732421875
v -28.99715805053711 -23.946428298950195 -52.71064758300781
v -28.197647094726562 -23.734914779663086 -52.57701873779297
v -27.21724510192871 -23.621654510498047 -52.950286865234375
v -33.852779388427734 -23.303794860839844 -52.97386169433594
v -27.01140594482422 -23.162532806396484 -52.23731994628906
v -28.11756134033203 -23.32901954650879 -51.6217041015625
v -27.594053268432617 -23.35900115966797 -52.18269348144531
v -34.293006896972656 -22.981977462768555 -52.68646240234375
v -26.811445236206055 -22.858476638793945 -51.717529296875
v -35.04823303222656 -22.187519073486328 -52.05940246582031
v -34.675132751464844 -22.613370895385742 -52.36595153808594
v -26.228904724121094 -22.648250579833984 -51.64543151855469
v -25.48568344116211 -22.58143424987793 -52.00920104980469
v -24.74030303955078 -22.516393661499023 -52.40142822265625
v -24.015188217163086 -22.44951629638672 -52.90168762207031
v -23.43592643737793 -22.055458068847656 -52.64415740966797
v -22.811710357666016 -21.937679290771484 -53.20087432861328
v -27.977657318115234 -23.039222717285156 -50.906219482421875
v -27.423931121826172 -23.00031280517578 -51.45439147949219
v -35.360145568847656 -21.635377883911133 -52.97801971435547
v -22.486913681030273 -21.542299270629883 -52.788429260253906
v -23.39093780517578 -21.704233169555664 -51.87225341796875
v -22.961891174316406 -21.715116500854492 -52.47596740722656
v -35.78209686279297 -21.02164077758789 -52.758216857910156
v -22.26768684387207 -21.253002166748047 -52.55298614501953
v -36.53515625 -20.403480529785156 -51.755828857421875
v -36.205101013183594 -20.726478576660156 -52.14591979980469
v -21.905099868774414 -20.834482192993164 -52.42637634277344
v -21.216880798339844 -20.471263885498047 -53.043670654296875
v -23.296855926513672 -21.398521423339844 -51.25297546386719
v -22.702741622924805 -21.28374481201172 -51.94328308105469
v -36.64901351928711 -19.9345703125 -52.21771240234375
v -21.0054874420166 -19.89824676513672 -52.634620666503906
v -21.826231002807617 -20.29006576538086 -51.65428161621094
v -21.456754684448242 -20.26403045654297 -52.31803894042969
v -36.777069091796875 -19.47101402282715 -52.13539123535156
v -20.88465690612793 -19.311355590820312 -52.10365295410156
v -21.749650955200195 -19.896018981933594 -51.148529052734375
v -21.36777687072754 -19.7756404876709 -51.766815185546875
v -36.872493743896484 -18.876529693603516 -51.942138671875
v -20.463382720947266 -18.786954879760742 -52.31712341308594
v -36.88316345214844 -18.148386001586914 -51.67388916015625
v -20.360612869262695 -18.079971313476562 -51.68754577636719
v -36.55587387084961 -17.790639877319336 -52.51502990722656
v -36.233638763427734 -17.533647537231445 -53.01738739013672
v -19.945537567138672 -17.828296661376953 -52.39646911621094
v -19.633399963378906 -17.594289779663086 -52.930946350097656
v -35.92700958251953 -16.897464752197266 -52.983551025390625
v -19.402111053466797 -16.921579360961914 -52.97149658203125
v -36.663448333740234 -17.3520565032959 -51.85760498046875
v -36.36608123779297 -17.217958450317383 -52.530479431152344
v -20.03631591796875 -17.381954193115234 -51.65809631347656
v -19.748437881469727 -17.293655395507812 -52.3431396484375
v -35.82118606567383 -16.13390350341797 -52.32963562011719
v -19.320083618164062 -15.987051010131836 -52.559165954589844
v -36.69520568847656 -16.901588439941406 -51.285400390625
v -36.3301887512207 -16.66274070739746 -52.00096130371094
v -20.04433822631836 -16.927146911621094 -51.05201721191406
v -19.71534538269043 -16.711843490600586 -51.831207275390625
v -35.32469177246094 -15.621185302734375 -52.44132995605469
v -19.156396865844727 -15.200591087341309 -52.80815124511719
v -35.178802490234375 -15.103745460510254 -51.8017578125
v -19.178878784179688 -14.597678184509277 -52.62458801269531
v -34.613502502441406 -14.835775375366211 -52.16461181640625
v -34.032047271728516 -14.67139720916748 -52.69145965576172
v -33.56608200073242 -14.24720287322998 -52.47108459472656
v -32.989967346191406 -14.10774040222168 -53.00121307373047
v -32.69036865234375 -13.721799850463867 -52.561073303222656
v -19.239543914794922 -13.89676284790039 -52.52571105957031
v -33.55434036254883 -13.924491882324219 -51.69883728027344
v -33.16763687133789 -13.909090042114258 -52.29682922363281
v -32.42275619506836 -13.393985748291016 -52.11860656738281
v -19.375015258789062 -13.172483444213867 -52.431793212890625
v -31.824565887451172 -13.073515892028809 -52.193603515625
v -31.005704879760742 -12.812662124633789 -52.84263610839844
v -19.750286102294922 -12.439001083374023 -51.53968811035156
v -19.549190521240234 -12.792169570922852 -51.85661315917969
v -33.450531005859375 -13.644933700561523 -51.091461181640625
v -32.98463821411133 -13.57525634765625 -51.692047119140625
v -30.75079917907715 -12.351381301879883 -52.12455749511719
v -19.848834991455078 -11.984718322753906 -52.17742919921875
v -30.487716674804688 -11.959409713745117 -51.61994934082031
v -20.141326904296875 -11.490047454833984 -52.55821228027344
v -29.938995361328125 -11.739563941955566 -52.16377258300781
v -29.361618041992188 -11.584901809692383 -52.906494140625
v -28.80607795715332 -11.097061157226562 -52.83287048339844
v -28.54914665222168 -10.668050765991211 -52.29057312011719
v -20.547449111938477 -10.939872741699219 -52.50999450683594
v -28.99602699279785 -10.855186462402344 -51.92596435546875
v -28.32256507873535 -10.388553619384766 -51.83952331542969
v -20.931720733642578 -10.472572326660156 -52.46665954589844
v -27.751779556274414 -10.16486930847168 -51.84272766113281
v -26.902748107910156 -10.037147521972656 -52.31071472167969
v -26.1444091796875 -9.839057922363281 -52.12532043457031
v -25.488340377807617 -9.79604721069336 -52.34893798828125
v -24.705135345458984 -9.726465225219727 -52.411651611328125
v -23.967052459716797 -9.683406829833984 -52.431182861328125
v -23.258697509765625 -9.696388244628906 -52.48634338378906
v -22.558080673217773 -9.760845184326172 -52.50682830810547
v -21.915185928344727 -9.893441200256348 -52.511138916015625
v -21.372472763061523 -10.122049331665039 -52.49092102050781
v -28.762985229492188 -10.535979270935059 -51.470184326171875
v -33.252845764160156 -23.504913330078125 -50.87959289550781
v -32.674537658691406 -23.68558692932129 -50.97724914550781
v -32.0220947265625 -23.80887222290039 -51.119384765625
v -31.32920265197754 -23.863208770751953 -51.2774658203125
v -30.619823455810547 -23.856914520263672 -51.44569396972656
v -29.86248779296875 -23.7785701751709 -51.561737060546875
v -28.961801528930664 -23.6391658782959 -51.75712585449219
v -33.803131103515625 -23.317729949951172 -51.78009033203125
v -28.562700271606445 -23.246431350708008 -50.80863952636719
v -34.21510314941406 -23.00051498413086 -51.50306701660156
v -28.205347061157227 -22.916400909423828 -50.1336669921875
v -34.99253845214844 -22.20054817199707 -50.79681396484375
v -34.57904052734375 -22.62232208251953 -51.13563537597656
v -27.579927444458008 -22.74352264404297 -50.4473876953125
v -26.84744644165039 -22.59763526916504 -50.89744567871094
v -26.235759735107422 -22.381364822387695 -50.8831787109375
v -25.689910888671875 -22.317813873291016 -51.169281005859375
v -24.97352409362793 -22.21550941467285 -51.46934509277344
v -24.129283905029297 -22.067569732666016 -51.88652038574219
v -35.45635986328125 -21.72003936767578 -51.77825927734375
v -23.845088958740234 -21.64413833618164 -51.10527038574219
v -35.88477325439453 -21.296871185302734 -51.439361572265625
v -23.588884353637695 -21.2791805267334 -50.518035888671875
v -36.60981750488281 -20.524810791015625 -50.7373046875
v -36.27903366088867 -20.92841911315918 -51.06132507324219
v -22.991012573242188 -21.019542694091797 -50.87699890136719
v -22.369157791137695 -20.70564079284668 -51.35612487792969
v -36.784053802490234 -19.997013092041016 -51.47834777832031
v -22.1494197845459 -20.2000732421875 -50.82954406738281
v -36.95655059814453 -19.46898651123047 -51.25816345214844
v -21.91885757446289 -19.699562072753906 -50.43296813964844
v -21.516382217407227 -19.46642303466797 -50.96733093261719
v -21.174013137817383 -19.246828079223633 -51.40724182128906
v -37.058319091796875 -18.859981536865234 -51.01081848144531
v -20.845842361450195 -18.696081161499023 -51.36039733886719
v -37.09983825683594 -18.309831619262695 -50.70304870605469
v -20.707416534423828 -18.063426971435547 -50.80108642578125
v -36.965538024902344 -17.554832458496094 -50.81214904785156
v -20.395732879638672 -17.42218780517578 -50.72021484375
v -36.84967803955078 -16.766536712646484 -50.42198181152344
v -20.210325241088867 -16.712892532348633 -50.28846740722656
v -36.516117095947266 -16.33074188232422 -51.10786437988281
v -36.16096878051758 -16.043567657470703 -51.60026550292969
v -19.872867584228516 -16.37923812866211 -50.89805603027344
v -19.59494400024414 -16.043651580810547 -51.53076171875
v -35.768043518066406 -15.516018867492676 -51.51702880859375
v -19.404125213623047 -15.336799621582031 -51.75880432128906
v -35.49229049682617 -14.92668342590332 -50.89202880859375
v -19.380844116210938 -14.572501182556152 -51.56028747558594
v -34.88547897338867 -14.607810974121094 -51.21818542480469
v -34.171878814697266 -14.320171356201172 -51.685638427734375
v -33.93447494506836 -13.876485824584961 -50.91850280761719
v -19.42424774169922 -13.913464546203613 -51.42265319824219
v -33.655296325683594 -13.515734672546387 -50.37193298339844
v -19.524658203125 -13.377976417541504 -51.222686767578125
v -33.10806655883789 -13.33322525024414 -50.7696533203125
v -32.45681381225586 -13.117753982543945 -51.2548828125
v -31.878662109375 -12.784873962402344 -51.27891540527344
v -31.344223022460938 -12.614083290100098 -51.74446105957031
v -19.92384147644043 -12.643444061279297 -50.60935974121094
v -19.68643569946289 -12.99039077758789 -50.92826843261719
v -31.030677795410156 -12.213444709777832 -51.222076416015625
v -20.019006729125977 -12.03150749206543 -51.373291015625
v -30.75482940673828 -11.817323684692383 -50.71083068847656
v -20.351314544677734 -11.487113952636719 -51.333160400390625
v -30.17765235900879 -11.531805992126465 -51.16279602050781
v -29.49744415283203 -11.233758926391602 -51.82807922363281
v -29.286075592041016 -10.78687858581543 -51.10198974609375
v -20.70746421813965 -10.88869571685791 -51.34742736816406
v -28.980195999145508 -10.405576705932617 -50.52650451660156
v -21.076976776123047 -10.39029312133789 -51.45118713378906
v -28.327035903930664 -10.176145553588867 -50.965118408203125
v -27.725542068481445 -9.92884635925293 -50.89393615722656
v -27.134727478027344 -9.836542129516602 -51.16828918457031
v -26.382028579711914 -9.7198486328125 -51.27288818359375
v -25.619625091552734 -9.637296676635742 -51.28997802734375
v -24.851333618164062 -9.604239463806152 -51.32759094238281
v -24.08841896057129 -9.599709510803223 -51.368255615234375
v -23.379623413085938 -9.627723693847656 -51.437225341796875
v -22.702430725097656 -9.710752487182617 -51.43608093261719
v -22.053861618041992 -9.8515625 -51.44309997558594
v -21.506214141845703 -10.05500602722168 -51.51420593261719
v -33.230018615722656 -23.394596099853516 -50.09117126464844
v -32.657005310058594 -23.520517349243164 -49.89341735839844
v -32.001686096191406 -23.656213760375977 -50.058746337890625
v -31.33019256591797 -23.713838577270508 -50.22468566894531
v -30.6521053314209 -23.70679473876953 -50.4351806640625
v -30.074262619018555 -23.66880226135254 -50.71067810058594
v -29.34955406188965 -23.45546531677246 -50.55877685546875
v -33.699668884277344 -23.266315460205078 -50.71380615234375
v -28.80169105529785 -23.10711097717285 -49.903564453125
v -33.48914337158203 -23.175884246826172 -49.78309631347656
v -32.940589904785156 -23.303890228271484 -49.34898376464844
v -29.317272186279297 -23.229957580566406 -49.60975646972656
v -34.0322151184082 -22.956680297851562 -50.36712646484375
v -28.46310043334961 -22.81646728515625 -49.35760498046875
v -34.9039421081543 -22.124267578125 -49.546051025390625
v -34.30961227416992 -22.55868911743164 -49.73731994628906
v -27.865219116210938 -22.561466217041016 -49.37019348144531
v -27.14153480529785 -22.395170211791992 -49.82109069824219
v -26.46218490600586 -22.235118865966797 -50.130462646484375
v -25.915563583374023 -22.154308319091797 -50.458526611328125
v -25.271379470825195 -21.963727951049805 -50.45745849609375
v -24.518321990966797 -21.849584579467773 -50.878753662109375
v -33.723724365234375 -22.89777946472168 -49.4329833984375
v -33.16770935058594 -23.02044677734375 -48.92158508300781
v -28.971935272216797 -22.947765350341797 -49.06364440917969
v -35.45799255371094 -21.7869873046875 -50.523223876953125
v -24.180984497070312 -21.505939483642578 -50.291900634765625
v -25.175498962402344 -21.639692306518555 -49.5245361328125
v -24.730182647705078 -21.667051315307617 -50.10406494140625
v -35.893272399902344 -21.404434204101562 -50.22407531738281
v -23.918914794921875 -21.190988540649414 -49.80552673339844
v -36.60688400268555 -20.56362533569336 -49.588775634765625
v -36.27539825439453 -21.012210845947266 -49.89936828613281
v -23.354196548461914 -20.83847427368164 -49.83711242675781
v -22.6865291595459 -20.529438018798828 -50.382537841796875
v -25.059545516967773 -21.378385543823242 -48.846893310546875
v -24.529766082763672 -21.34389877319336 -49.40742492675781
v -36.87285232543945 -20.041894912719727 -50.46356201171875
v -22.393762588500977 -20.007347106933594 -49.93019104003906
v -37.062705993652344 -19.473886489868164 -50.21842956542969
v -22.103273391723633 -19.386219024658203 -49.439544677734375
v -21.64413833618164 -19.178974151611328 -50.19050598144531
v -21.271657943725586 -18.95652961730957 -50.740509033203125
v -37.17110061645508 -18.84913444519043 -49.9871826171875
v -21.068513870239258 -18.399751663208008 -50.380096435546875
v -21.68973731994629 -18.797958374023438 -49.434356689453125
v -21.397518157958984 -18.719566345214844 -50.04608154296875
v -37.17998123168945 -18.15396499633789 -49.821929931640625
v -20.867061614990234 -17.703414916992188 -49.863739013671875
v -21.67515754699707 -18.405855178833008 -48.827362060546875
v -21.331192016601562 -18.235445022583008 -49.444122314453125
v -37.107826232910156 -17.381500244140625 -49.62028503417969
v -20.54920196533203 -17.0595645904541 -49.80964660644531
v -36.96961212158203 -16.529071807861328 -49.26033020019531
v -20.4226016998291 -16.381824493408203 -49.35615539550781
v -36.6389045715332 -16.07257080078125 -50.23200988769531
v -36.269126892089844 -15.755521774291992 -50.88287353515625
v -20.01047134399414 -16.074466705322266 -50.11589050292969
v -19.703601837158203 -15.76080322265625 -50.81489562988281
v -36.01155090332031 -15.24515151977539 -50.53291320800781
v -19.59780502319336 -15.137779235839844 -50.74310302734375
v -36.66702651977539 -15.715063095092773 -49.397735595703125
v -36.392189025878906 -15.543222427368164 -50.144805908203125
v -20.10134506225586 -15.628278732299805 -49.49256896972656
v -19.827247619628906 -15.538990020751953 -50.157470703125
v -35.78264617919922 -14.81781005859375 -50.0958251953125
v -19.582653045654297 -14.513969421386719 -50.59577941894531
v -35.2462158203125 -14.412593841552734 -50.135345458984375
v -34.54328918457031 -14.13780403137207 -50.613861083984375
v -36.62266540527344 -15.30449390411377 -48.760223388671875
v -36.25757598876953 -15.101385116577148 -49.5635986328125
v -20.118093490600586 -14.99340534210205 -49.15916442871094
v -19.817888259887695 -15.049850463867188 -49.92500305175781
v -34.20926284790039 -13.725733757019043 -50.05928039550781
v -19.616090774536133 -13.928234100341797 -50.49690246582031
v -20.11256217956543 -14.284992218017578 -49.107208251953125
v -19.82160758972168 -14.438652992248535 -49.78828430175781
v -33.91472244262695 -13.356626510620117 -49.552459716796875
v -19.677818298339844 -13.473749160766602 -50.46577453613281
v -33.32818603515625 -13.13875961303711 -49.87640380859375
v -32.7784538269043 -12.992631912231445 -50.34271240234375
v -32.19804763793945 -12.66622543334961 -50.38658142089844
v -31.577110290527344 -12.445365905761719 -50.83747863769531
v -20.104480743408203 -12.956178665161133 -49.77142333984375
v -19.865047454833984 -13.241314888000488 -50.10650634765625
v -20.115577697753906 -13.571226119995117 -49.31587219238281
v -19.841182708740234 -13.825714111328125 -49.823760986328125
v -31.286453247070312 -12.078094482421875 -50.364837646484375
v -20.28091049194336 -12.259149551391602 -50.13343811035156
v -32.159759521484375 -12.312102317810059 -49.505462646484375
v -31.7545166015625 -12.292993545532227 -50.09864807128906
v -31.050121307373047 -11.73592758178711 -49.9395751953125
v -20.620037078857422 -11.490762710571289 -50.14762878417969
v -30.52490997314453 -11.366188049316406 -50.03929138183594
v -29.85918426513672 -11.075663566589355 -50.652008056640625
v -32.085693359375 -12.006341934204102 -48.9111328125
v -31.59961700439453 -11.932563781738281 -49.48127746582031
v -29.55174446105957 -10.65565299987793 -50.121002197265625
v -20.961261749267578 -10.800350189208984 -50.210418701171875
v -21.391475677490234 -10.687422752380371 -48.8427734375
v -21.124494552612305 -10.881244659423828 -49.21600341796875
v -29.246091842651367 -10.282266616821289 -49.52857971191406
v -21.249317169189453 -10.310829162597656 -50.676727294921875
v -28.617965698242188 -10.045373916625977 -49.83558654785156
v -27.972829818725586 -9.847270965576172 -50.093994140625
v -27.323209762573242 -9.688329696655273 -50.1849365234375
v -26.588939666748047 -9.572339057922363 -50.228424072265625
v -25.795591354370117 -9.502553939819336 -50.239715576171875
v -24.989521026611328 -9.48997688293457 -50.17189025878906
v -24.196231842041016 -9.537256240844727 -50.15739440917969
v -23.461353302001953 -9.624088287353516 -50.26847839355469
v -22.88720703125 -9.70419692993164 -50.49552917480469
v -22.230588912963867 -9.918010711669922 -50.153045654296875
v -21.628141403198242 -10.096335411071777 -50.48149108886719
v -21.686613082885742 -10.285592079162598 -49.38377380371094
v -21.296775817871094 -10.46595573425293 -49.77813720703125
v -31.968820571899414 -23.45355796813965 -49.15092468261719
v -31.33362579345703 -23.510265350341797 -49.28337097167969
v -30.67340850830078 -23.51774024963379 -49.49127197265625
v -29.955732345581055 -23.447978973388672 -49.764251708984375
v -32.43560791015625 -23.360347747802734 -49.04411315917969
v -29.582441329956055 -23.126781463623047 -48.939666748046875
v -32.00216293334961 -23.211883544921875 -48.46954345703125
v -31.374120712280273 -23.24783706665039 -48.48358154296875
v -30.695951461791992 -23.265338897705078 -48.64570617675781
v -30.155765533447266 -23.28249168395996 -48.94447326660156
v -32.56950378417969 -23.13949966430664 -48.60313415527344
v -29.235660552978516 -22.81406021118164 -48.371734619140625
v -34.84204864501953 -21.965240478515625 -48.45375061035156
v -34.241722106933594 -22.265316009521484 -48.51356506347656
v -33.503604888916016 -22.61840057373047 -48.487701416015625
v -32.680870056152344 -22.808181762695312 -48.08830261230469
v -28.50302505493164 -22.534286499023438 -48.38569641113281
v -27.800596237182617 -22.288572311401367 -48.490142822265625
v -27.363323211669922 -22.24613380432129 -48.96080017089844
v -26.702701568603516 -22.021461486816406 -49.04273986816406
v -25.895954132080078 -21.898269653320312 -49.583587646484375
v -32.13727569580078 -22.958110809326172 -48.01734924316406
v -31.52022361755371 -22.937667846679688 -47.834930419921875
v -30.762529373168945 -22.936058044433594 -47.866363525390625
v -29.955028533935547 -22.93642807006836 -48.16474914550781
v -35.40204620361328 -21.76598358154297 -49.335479736328125
v -25.588153839111328 -21.557903289794922 -48.78684997558594
v -26.594209671020508 -21.696495056152344 -48.04351806640625
v -26.14519500732422 -21.718168258666992 -48.66706848144531
v -35.81663513183594 -21.40921401977539 -49.052886962890625
v -25.326622009277344 -21.280288696289062 -48.24226379394531
v -36.5153923034668 -20.51495361328125 -48.377227783203125
v -36.16748046875 -20.999549865722656 -48.691253662109375
v -24.70891571044922 -21.03400230407715 -48.3306884765625
v -23.992801666259766 -20.924043655395508 -49.0289306640625
v -23.46068572998047 -20.504009246826172 -48.8427734375
v -22.922813415527344 -20.320844650268555 -49.44725036621094
v -26.47484588623047 -21.435129165649414 -47.34947204589844
v -25.941038131713867 -21.407651901245117 -47.90672302246094
v -36.88702392578125 -20.03982162475586 -49.32395935058594
v -22.645366668701172 -19.827604293823242 -49.000244140625
v -23.448776245117188 -20.168352127075195 -48.077392578125
v -23.076725006103516 -20.12714195251465 -48.68736267089844
v -37.09230422973633 -19.441627502441406 -49.099884033203125
v -22.47403907775879 -19.29931640625 -48.4014892578125
v -23.397659301757812 -19.871294021606445 -47.51701354980469
v -22.985065460205078 -19.736421585083008 -48.0755615234375
v -37.205078125 -18.77312660217285 -48.914642333984375
v -22.025192260742188 -18.811786651611328 -48.63197326660156
v -37.23053741455078 -18.04899024963379 -48.74351501464844
v -21.876955032348633 -18.22115135192871 -48.07830810546875
v -21.485721588134766 -17.920923233032227 -48.571624755859375
v -21.161115646362305 -17.660247802734375 -49.019317626953125
v -37.188804626464844 -17.30769920349121 -48.51203918457031
v -20.871044158935547 -17.056285858154297 -48.97300720214844
v -37.12892532348633 -16.69237518310547 -48.18603515625
v -20.766794204711914 -16.414535522460938 -48.540496826171875
v -36.93896484375 -15.92400074005127 -48.28773498535156
v -20.51651382446289 -15.68913459777832 -48.60313415527344
v -36.75273513793945 -15.16014289855957 -47.863616943359375
v -20.46527862548828 -14.835203170776367 -48.41583251953125
v -36.338294982910156 -14.76433277130127 -48.587646484375
v -35.83097457885742 -14.52828598022461 -49.31060791015625
v -35.343505859375 -14.053082466125488 -49.127349853515625
v -34.7823371887207 -13.921916961669922 -49.686126708984375
v -34.43598937988281 -13.539993286132812 -49.26368713378906
v -20.450258255004883 -14.026630401611328 -48.494873046875
v -35.325252532958984 -13.687812805175781 -48.36875915527344
v -34.908424377441406 -13.689208030700684 -48.96080017089844
v -34.174896240234375 -13.273370742797852 -48.994598388671875
v -20.459640502929688 -13.099002838134766 -48.892974853515625
v -33.72542953491211 -12.917387008666992 -48.81370544433594
v -32.82830810546875 -12.68423843383789 -49.461212158203125
v -35.30237579345703 -13.367104530334473 -47.7716064453125
v -34.652732849121094 -13.264787673950195 -48.39118957519531
v -32.56770324707031 -12.246465682983398 -48.79310607910156
v -20.680570602416992 -12.221884727478027 -49.004058837890625
v -33.581851959228516 -12.410235404968262 -47.960662841796875
v -33.11634063720703 -12.46908950805664 -48.59535217285156
v -32.35966110229492 -11.906803131103516 -48.3709716796875
v -20.94152069091797 -11.461257934570312 -48.98674011230469
v -31.8155517578125 -11.59609603881836 -48.487091064453125
v -31.132389068603516 -11.4593505859375 -49.188995361328125
v -30.63842010498047 -11.0335111618042 -49.04365539550781
v -30.102073669433594 -10.891616821289062 -49.65690612792969
v -21.545780181884766 -10.978996276855469 -47.995147705078125
v -21.231698989868164 -11.168909072875977 -48.417510986328125
v -33.476531982421875 -12.047767639160156 -47.417144775390625
v -32.942901611328125 -12.055420875549316 -47.9962158203125
v -29.800914764404297 -10.51483154296875 -49.207611083984375
v -21.707653045654297 -10.5626220703125 -48.47068786621094
v -30.63472557067871 -10.702789306640625 -48.300323486328125
v -30.25162124633789 -10.70249080657959 -48.89686584472656
v -29.539894104003906 -10.201597213745117 -48.72154235839844
v -22.11393165588379 -10.247039794921875 -48.726654052734375
v -28.926254272460938 -9.90138053894043 -48.65257263183594
v -28.153419494628906 -9.713781356811523 -49.068450927734375
v -27.56737518310547 -9.605228424072266 -49.38652038574219
v -26.837074279785156 -9.430956840515137 -49.086761474609375
v -25.98296356201172 -9.36739444732666 -49.167633056640625
v -25.181365966796875 -9.36582088470459 -49.082489013671875
v -24.318336486816406 -9.462761878967285 -48.757476806640625
v -23.542522430419922 -9.649240493774414 -48.93363952636719
v -22.790790557861328 -9.869039535522461 -49.15534973144531
v -30.58481216430664 -10.415494918823242 -47.72743225097656
v -30.10208511352539 -10.36475944519043 -48.2830810546875
v -26.747013092041016 -9.262836456298828 -47.98728942871094
v -26.122093200683594 -9.237122535705566 -48.08509826660156
v -25.3812313079834 -9.24382209777832 -48.08250427246094
v -24.691890716552734 -9.31098461151123 -47.922515869140625
v -34.822391510009766 -21.800052642822266 -47.69805908203125
v -34.23613357543945 -21.95218849182129 -47.48725891113281
v -33.53020095825195 -22.19942855834961 -47.51739501953125
v -32.755470275878906 -22.398435592651367 -47.40684509277344
v -31.899906158447266 -22.576976776123047 -47.32246398925781
v -30.968034744262695 -22.56554412841797 -47.15400695800781
v -30.122220993041992 -22.541522979736328 -47.23960876464844
v -29.228294372558594 -22.463024139404297 -47.50862121582031
v -28.527950286865234 -22.215259552001953 -47.40989685058594
v -27.979267120361328 -22.121990203857422 -47.71064758300781
v -27.292465209960938 -21.97004508972168 -48.082275390625
v -35.29704666137695 -21.67913818359375 -48.29093933105469
v -27.001094818115234 -21.613143920898438 -47.28034973144531
v -35.0911750793457 -21.557008743286133 -47.40631103515625
v -34.54053497314453 -21.674097061157227 -47.00416564941406
v -35.632835388183594 -21.34075164794922 -47.95234680175781
v -26.729583740234375 -21.296287536621094 -46.65946960449219
v -36.40452575683594 -20.34902572631836 -47.22625732421875
v -35.89359664916992 -20.882070541381836 -47.35359191894531
v -26.108539581298828 -21.145498275756836 -46.94450378417969
v -25.36202621459961 -20.99098014831543 -47.40470886230469
v -24.699831008911133 -20.69805908203125 -47.460784912109375
v -24.056541442871094 -20.555484771728516 -48.01177978515625
v -35.33124923706055 -21.25486183166504 -47.07176208496094
v -34.78437805175781 -21.365283966064453 -46.60491943359375
v -36.83451461791992 -19.967926025390625 -48.16383361816406
v -23.814762115478516 -20.125091552734375 -47.354278564453125
v -37.0494499206543 -19.34908676147461 -47.96821594238281
v -23.63399314880371 -19.754589080810547 -46.8804931640625
v -23.19197654724121 -19.496191024780273 -47.20672607421875
v -22.776830673217773 -19.25663948059082 -47.639312744140625
v -37.176658630371094 -18.66248893737793 -47.842254638671875
v -22.39029312133789 -18.694019317626953 -47.610321044921875
v -37.22106170654297 -17.960012435913086 -47.7093505859375
v -22.10260581970215 -17.834318161010742 -47.07649230957031
v -21.63224220275879 -17.600786209106445 -47.80769348144531
v -21.269882202148438 -17.35927963256836 -48.34297180175781
v -37.198974609375 -17.253732681274414 -47.48893737792969
v -21.09748077392578 -16.78255844116211 -48.11347961425781
v -21.69416046142578 -17.12169647216797 -47.16224670410156
v -21.401859283447266 -17.098676681518555 -47.739715576171875
v -37.13093948364258 -16.50337028503418 -47.31163024902344
v -20.968782424926758 -16.138912200927734 -47.88902282714844
v -21.66010093688965 -16.47230339050293 -46.71333312988281
v -21.343076705932617 -16.59585189819336 -47.42851257324219
v -37.024688720703125 -15.716743469238281 -47.09510803222656
v -20.86733627319336 -15.397655487060547 -47.755126953125
v -21.609474182128906 -15.743660926818848 -46.43951416015625
v -21.271371841430664 -15.925395965576172 -47.17063903808594
v -36.87901306152344 -14.902973175048828 -46.705322265625
v -20.826828002929688 -14.60014533996582 -47.711334228515625
v -36.48074722290039 -14.498376846313477 -47.623138427734375
v -35.920833587646484 -14.150440216064453 -48.30894470214844
v -21.575105667114258 -14.981830596923828 -46.32286071777344
v -21.21824073791504 -15.175700187683105 -47.031707763671875
v -35.77534103393555 -13.66778564453125 -47.647705078125
v -20.830272674560547 -13.770044326782227 -47.82691955566406
v -36.57064437866211 -14.170050621032715 -46.73240661621094
v -36.209808349609375 -13.99385929107666 -47.430877685546875
v -21.577585220336914 -14.20646858215332 -46.31645202636719
v -21.2010498046875 -14.387262344360352 -47.017364501953125
v -35.62834167480469 -13.316965103149414 -47.18376159667969
v -20.90129852294922 -12.936234474182129 -47.984619140625
v -35.08147048950195 -12.95987319946289 -47.24281311035156
v -34.279205322265625 -12.706958770751953 -47.74650573730469
v -36.5692138671875 -13.817989349365234 -46.04515075683594
v -36.14629364013672 -13.602876663208008 -46.76353454589844
v -21.60979461669922 -13.419330596923828 -46.397705078125
v -21.22417640686035 -13.584793090820312 -47.09754943847656
v -34.01116180419922 -12.249159812927246 -47.2052001953125
v -21.032882690429688 -12.184488296508789 -48.070831298828125
v -21.65360450744629 -12.642562866210938 -46.56829833984375
v -21.282756805419922 -12.804853439331055 -47.21954345703125
v -33.7625617980957 -11.844932556152344 -46.752166748046875
v -21.170150756835938 -11.665201187133789 -48.0584716796875
v -33.12709426879883 -11.678361892700195 -47.14302062988281
v -32.459197998046875 -11.597037315368652 -47.723541259765625
v -31.93122100830078 -11.170064926147461 -47.581634521484375
v -31.232715606689453 -11.06158447265625 -48.23081970214844
v -21.730030059814453 -11.326146125793457 -47.26310729980469
v -21.428192138671875 -11.505424499511719 -47.62336730957031
v -21.70149040222168 -11.910462379455566 -46.84806823730469
v -21.357881546020508 -12.105571746826172 -47.36747741699219
v -31.032955169677734 -10.628664016723633 -47.62077331542969
v -21.994853973388672 -10.796260833740234 -47.5732421875
v -31.975852966308594 -10.780250549316406 -46.83799743652344
v -31.510150909423828 -10.818517684936523 -47.425689697265625
v -30.85519027709961 -10.319924354553223 -47.1783447265625
v -22.495115280151367 -10.294651985168457 -47.77336120605469
v -30.304182052612305 -10.060405731201172 -47.20367431640625
v -29.589771270751953 -9.959268569946289 -47.855682373046875
v -28.97570037841797 -9.618986129760742 -47.440948486328125
v -28.26873016357422 -9.531378746032715 -47.92945861816406
v -27.46955108642578 -9.41610336303711 -48.307647705078125
v -23.624229431152344 -9.696364402770996 -47.454681396484375
v -23.024654388427734 -9.945117950439453 -47.80891418457031
v -31.930458068847656 -10.44725227355957 -46.24809265136719
v -31.405961990356445 -10.44933795928955 -46.82014465332031
v -27.007495880126953 -9.21025276184082 -47.33970642089844
v -24.161266326904297 -9.445667266845703 -47.49656677246094
v -26.290916442871094 -9.126794815063477 -46.95640563964844
v -25.533140182495117 -9.151565551757812 -47.05299377441406
v -24.880468368530273 -9.227347373962402 -47.042999267578125
v -24.391639709472656 -9.34903621673584 -46.98738098144531
v -28.977680206298828 -9.397435188293457 -46.52763366699219
v -28.37282371520996 -9.331560134887695 -46.79718017578125
v -27.63179588317871 -9.263920783996582 -47.112579345703125
v -33.53927230834961 -21.850479125976562 -46.71974182128906
v -32.836830139160156 -21.984375 -46.650390625
v -32.040775299072266 -22.100126266479492 -46.55403137207031
v -31.193553924560547 -22.160900115966797 -46.466827392578125
v -30.346834182739258 -22.1597900390625 -46.45271301269531
v -29.53106117248535 -22.116125106811523 -46.56196594238281
v -28.78778076171875 -22.018218994140625 -46.70555114746094
v -28.16704559326172 -21.909988403320312 -46.899566650390625
v -27.595043182373047 -21.790027618408203 -47.13676452636719
v -34.03211975097656 -21.7195987701416 -46.70188903808594
v -27.31583023071289 -21.473670959472656 -46.52870178222656
v -33.61166763305664 -21.537315368652344 -46.12152099609375
v -32.948387145996094 -21.60150909423828 -45.97770690917969
v -32.18256378173828 -21.67888832092285 -45.85594177246094
v -31.372535705566406 -21.74435806274414 -45.7666015625
v -30.553447723388672 -21.773529052734375 -45.728607177734375
v -29.75221824645996 -21.76252555847168 -45.77400207519531
v -28.994083404541016 -21.717309951782227 -45.91400146484375
v -28.313112258911133 -21.6585750579834 -46.15272521972656
v -27.81637954711914 -21.631765365600586 -46.467742919921875
v -34.189056396484375 -21.468555450439453 -46.30561828613281
v -27.05674171447754 -21.18288230895996 -46.014404296875
v -36.35549545288086 -20.122421264648438 -46.39900207519531
v -35.82345199584961 -20.461416244506836 -46.149139404296875
v -35.12456512451172 -20.92516326904297 -46.18721008300781
v -34.331607818603516 -21.116506576538086 -45.8197021484375
v -26.42340660095215 -20.91054916381836 -45.97068786621094
v -25.732887268066406 -20.809364318847656 -46.48185729980469
v -25.056684494018555 -20.5169677734375 -46.56425476074219
v -24.36488914489746 -20.345914840698242 -47.04887390136719
v -33.78360366821289 -21.25755500793457 -45.72074890136719
v -33.15380859375 -21.229469299316406 -45.41191101074219
v -32.35610580444336 -21.267175674438477 -45.191650390625
v -31.541574478149414 -21.33917808532715 -45.07682800292969
v -30.736637115478516 -21.39095115661621 -45.02021789550781
v -29.945541381835938 -21.406925201416016 -45.03013610839844
v -29.177236557006836 -21.38814926147461 -45.1312255859375
v -28.436386108398438 -21.346771240234375 -45.35400390625
v -27.699481964111328 -21.312332153320312 -45.77110290527344
v -36.734642028808594 -19.830238342285156 -47.083740234375
v -24.080585479736328 -19.972991943359375 -46.617279052734375
v -36.544273376464844 -19.703304290771484 -46.12518310546875
v -36.066043853759766 -19.992996215820312 -45.58464050292969
v -25.002336502075195 -20.121681213378906 -45.69511413574219
v -24.554336547851562 -20.14204216003418 -46.32850646972656
v -36.927127838134766 -19.17262077331543 -46.804046630859375
v -23.87857437133789 -19.692289352416992 -46.36627197265625
v -23.538028717041016 -19.283950805664062 -46.22398376464844
v -22.92131233215332 -18.982648849487305 -46.89933776855469
v -36.660743713378906 -19.248580932617188 -45.82954406738281
v -36.275325775146484 -19.523929595947266 -45.269927978515625
v -24.935806274414062 -19.811988830566406 -45.05546569824219
v -24.320484161376953 -19.7044734954834 -45.739593505859375
v -37.11336898803711 -18.491029739379883 -46.9921875
v -22.641956329345703 -18.361305236816406 -46.560516357421875
v -23.4184627532959 -18.700599670410156 -45.423583984375
v -23.07954978942871 -18.71544075012207 -46.14532470703125
v -37.12479019165039 -17.89373207092285 -46.71661376953125
v -22.48308563232422 -17.68581771850586 -46.03851318359375
v -23.316551208496094 -18.257606506347656 -44.886932373046875
v -22.950172424316406 -18.174373626708984 -45.59700012207031
v -37.12439727783203 -17.13641929626465 -46.488189697265625
v -22.061681747436523 -17.080724716186523 -46.35711669921875
v -37.1027717590332 -16.33816909790039 -46.25946044921875
v -22.01291275024414 -16.326736450195312 -45.89103698730469
v -37.07122802734375 -15.56948471069336 -46.03706359863281
v -21.946693420410156 -15.550077438354492 -45.68107604980469
v -37.04044723510742 -15.000128746032715 -45.733795166015625
v -21.921897888183594 -14.80816650390625 -45.611419677734375
v -36.87685775756836 -14.36300277709961 -45.71464538574219
v -21.959091186523438 -14.049983024597168 -45.59089660644531
v -36.71508026123047 -13.747322082519531 -45.17967224121094
v -21.999013900756836 -13.23862075805664 -45.71876525878906
v -36.29328155517578 -13.349449157714844 -45.76026916503906
v -35.73932647705078 -13.08145523071289 -46.43821716308594
v -35.25974655151367 -12.614381790161133 -46.25984191894531
v -34.643436431884766 -12.458658218383789 -46.85211181640625
v -34.3484992980957 -12.051523208618164 -46.44645690917969
v -22.036409378051758 -12.418210983276367 -45.991668701171875
v -35.267459869384766 -12.2847318649292 -45.46333312988281
v -34.853424072265625 -12.240135192871094 -46.135101318359375
v -34.108341217041016 -11.705291748046875 -46.06117248535156
v -22.11421775817871 -11.550224304199219 -46.4385986328125
v -33.51769256591797 -11.375511169433594 -46.14540100097656
v -32.64403533935547 -11.157285690307617 -46.76704406738281
v -35.16565704345703 -11.993873596191406 -44.83985900878906
v -34.689735412597656 -11.885631561279297 -45.56327819824219
v -32.44343948364258 -10.655474662780762 -46.08306884765625
v -22.479461669921875 -10.828054428100586 -46.564483642578125
v -23.01296043395996 -10.882389068603516 -45.22491455078125
v -22.740291595458984 -11.008703231811523 -45.67268371582031
v -32.215702056884766 -10.26606559753418 -45.50384521484375
v -22.766637802124023 -10.306334495544434 -46.96006774902344
v -31.589162826538086 -10.118305206298828 -45.860443115234375
v -30.940210342407227 -10.05190658569336 -46.433563232421875
v -30.377410888671875 -9.699953079223633 -46.098480224609375
v -29.63162612915039 -9.626399993896484 -46.69013977050781
v -23.481809616088867 -9.946441650390625 -46.217041015625
v -23.12990379333496 -10.097122192382812 -46.67518615722656
v -23.220073699951172 -10.372220993041992 -45.626983642578125
v -22.864198684692383 -10.549592971801758 -46.098175048828125
v -29.26088523864746 -9.308433532714844 -45.8892822265625
v -23.949098587036133 -9.616255760192871 -46.34246826171875
v -28.567934036254883 -9.133207321166992 -45.642242431640625
v -27.737045288085938 -9.100890159606934 -45.93055725097656
v -26.888370513916016 -9.081399917602539 -46.184844970703125
v -26.16950225830078 -9.045684814453125 -45.87440490722656
v -25.6370906829834 -9.093368530273438 -46.0009765625
v -25.01343536376953 -9.192001342773438 -46.03141784667969
v -24.454938888549805 -9.359550476074219 -46.102294921875
v -30.41031265258789 -9.433150291442871 -45.20317077636719
v -29.83245849609375 -9.370684623718262 -45.57914733886719
v -35.122013092041016 -20.457054138183594 -45.28694152832031
v -34.439170837402344 -20.68712615966797 -45.189361572265625
v -33.61228561401367 -20.857154846191406 -45.01457214355469
v -32.6054573059082 -20.802831649780273 -44.49348449707031
v -31.709348678588867 -20.925403594970703 -44.36859130859375
v -30.902851104736328 -21.013999938964844 -44.30732727050781
v -30.122268676757812 -21.058761596679688 -44.295196533203125
v -29.358089447021484 -21.062028884887695 -44.35752868652344
v -28.607345581054688 -21.029340744018555 -44.520721435546875
v -27.852880477905273 -20.97001075744629 -44.815826416015625
v -27.12205696105957 -20.912574768066406 -45.26924133300781
v -26.49482536315918 -20.550228118896484 -44.964141845703125
v -25.734281539916992 -20.46080780029297 -45.60157775878906
v -35.575721740722656 -20.16862678527832 -45.20713806152344
v -25.458072662353516 -20.050037384033203 -44.91157531738281
v -35.1181640625 -20.04951286315918 -44.581146240234375
v -34.538150787353516 -20.249164581298828 -44.51301574707031
v -33.84410095214844 -20.389854431152344 -44.37522888183594
v -33.106327056884766 -20.444059371948242 -44.1217041015625
v -26.484621047973633 -20.22443962097168 -44.11712646484375
v -26.001846313476562 -20.24032974243164 -44.711761474609375
v -35.62648391723633 -19.670093536376953 -44.553680419921875
v -25.250530242919922 -19.730710983276367 -44.41581726074219
v -36.48344421386719 -18.987905502319336 -45.13252258300781
v -36.07832336425781 -19.23154640197754 -44.600372314453125
v -24.687744140625 -19.409252166748047 -44.521942138671875
v -23.980976104736328 -19.108592987060547 -45.101165771484375
v -35.098243713378906 -19.739459991455078 -44.09980773925781
v -34.6456413269043 -19.823015213012695 -43.90960693359375
v -33.99417495727539 -19.96800994873047 -43.76808166503906
v -33.34550857543945 -20.080507278442383 -43.634796142578125
v -26.4066219329834 -19.94987678527832 -43.47190856933594
v -25.855409622192383 -19.90184783935547 -44.0313720703125
v -36.879337310791016 -18.59815216064453 -45.99433898925781
v -23.732995986938477 -18.570327758789062 -44.544677734375
v -36.621795654296875 -18.326305389404297 -44.969482421875
v -36.197792053222656 -18.71377182006836 -44.326171875
v -36.945701599121094 -17.781829833984375 -45.71044921875
v -23.494888305664062 -17.968822479248047 -44.04991149902344
v -23.059511184692383 -17.795467376708984 -44.78858947753906
v -22.743165969848633 -17.60436248779297 -45.30982971191406
v -36.71553039550781 -17.588603973388672 -44.734344482421875
v -36.33161926269531 -18.057405471801758 -44.071044921875
v -36.985374450683594 -16.98501205444336 -45.45783996582031
v -22.45906639099121 -16.988658905029297 -45.359954833984375
v -36.78472137451172 -16.850507736206055 -44.46571350097656
v -36.45048141479492 -17.36557388305664 -43.829803466796875
v -23.11406135559082 -17.368423461914062 -44.106903076171875
v -22.819637298583984 -17.314661026000977 -44.77043151855469
v -37.01054000854492 -16.128421783447266 -45.12046813964844
v -22.372663497924805 -16.08123779296875 -44.91485595703125
v -36.813331604003906 -16.237472534179688 -44.130859375
v -36.54470443725586 -16.692256927490234 -43.5797119140625
v -23.119651794433594 -16.932714462280273 -43.57566833496094
v -22.78127670288086 -16.756486892700195 -44.308929443359375
v -37.07096481323242 -15.400779724121094 -45.221405029296875
v -22.2099666595459 -15.325570106506348 -45.03196716308594
v -37.029457092285156 -14.852535247802734 -44.91554260253906
v -22.276485443115234 -14.709901809692383 -44.838409423828125
v -36.945533752441406 -14.220428466796875 -44.59861755371094
v -22.380029678344727 -13.901877403259277 -44.756317138671875
v -22.93238639831543 -13.879871368408203 -43.52455139160156
v -22.712589263916016 -14.088654518127441 -43.9495849609375
v -36.80534362792969 -13.668608665466309 -44.20387268066406
v -22.373687744140625 -13.005542755126953 -45.09269714355469
v -36.45955276489258 -13.236320495605469 -44.72846984863281
v -35.866390228271484 -12.787330627441406 -45.34324645996094
v -22.9696044921875 -13.279378890991211 -43.718719482421875
v -22.68450164794922 -13.494384765625 -44.25071716308594
v -35.6339225769043 -12.344813346862793 -44.551239013671875
v -22.42548370361328 -12.207627296447754 -45.384979248046875
v -23.036325454711914 -12.600946426391602 -43.89923095703125
v -22.715055465698242 -12.773931503295898 -44.508056640625
v -35.32370376586914 -11.963022232055664 -43.99131774902344
v -22.558307647705078 -11.493146896362305 -45.61088562011719
v -34.790218353271484 -11.637031555175781 -44.56939697265625
v -34.195552825927734 -11.439334869384766 -45.28785705566406
v -33.69145202636719 -11.007308959960938 -45.108642578125
v -33.07122039794922 -10.871183395385742 -45.74195861816406
v -23.14654541015625 -11.292064666748047 -44.493408203125
v -22.88079261779785 -11.417686462402344 -44.96673583984375
v -23.10589599609375 -11.883127212524414 -44.14619445800781
v -22.78432846069336 -12.05434799194336 -44.742431640625
v -32.794891357421875 -10.462737083435059 -45.23414611816406
v -23.3457088470459 -10.814881324768066 -44.60365295410156
v -33.69426727294922 -10.681856155395508 -44.23118591308594
v -33.29085159301758 -10.645401000976562 -44.94148254394531
v -32.54742431640625 -10.13227653503418 -44.70237731933594
v -23.663829803466797 -10.152268409729004 -45.0567626953125
v -31.92704963684082 -9.856880187988281 -44.70069885253906
v -31.06157684326172 -9.692025184631348 -45.2740478515625
v -33.59098434448242 -10.408949851989746 -43.530120849609375
v -33.12690353393555 -10.30381965637207 -44.237213134765625
v -30.694353103637695 -9.30117416381836 -44.332122802734375
v -24.131752014160156 -9.66646671295166 -45.117645263671875
v -29.999303817749023 -9.15335464477539 -44.54376220703125
v -29.211139678955078 -9.050548553466797 -44.82139587402344
v -28.47945785522461 -8.89737606048584 -44.54093933105469
v -27.851545333862305 -8.923745155334473 -44.76325988769531
v -27.08214569091797 -8.964574813842773 -44.925384521484375
v -26.334035873413086 -9.016525268554688 -45.0030517578125
v -25.779855728149414 -9.064507484436035 -45.15167236328125
v -25.17959976196289 -9.198355674743652 -44.8626708984375
v -24.592018127441406 -9.374380111694336 -45.07835388183594
v -24.68198585510254 -9.45798110961914 -44.074249267578125
v -24.32619285583496 -9.641658782958984 -44.30580139160156
v -31.81842613220215 -20.479129791259766 -43.58268737792969
v -31.03879737854004 -20.636451721191406 -43.57841491699219
v -30.280040740966797 -20.71685791015625 -43.55979919433594
v -29.529308319091797 -20.746349334716797 -43.59519958496094
v -28.79269027709961 -20.731985092163086 -43.71345520019531
v -28.054475784301758 -20.67156982421875 -43.92059326171875
v -27.220022201538086 -20.54413604736328 -44.231109619140625
v -32.48454284667969 -20.399356842041016 -43.75892639160156
v -26.949644088745117 -20.146167755126953 -43.40980529785156
v -32.7407112121582 -20.127164840698242 -43.41949462890625
v -26.694011688232422 -19.812847137451172 -42.808837890625
v -34.93658447265625 -19.293272018432617 -43.407440185546875
v -34.11410903930664 -19.50998306274414 -43.12400817871094
v -33.43486785888672 -19.69609260559082 -43.03947448730469
v -32.93573760986328 -19.84976577758789 -43.04298400878906
v -26.06959342956543 -19.639419555664062 -43.09906005859375
v -25.350236892700195 -19.438039779663086 -43.57856750488281
v -24.779558181762695 -19.08888816833496 -43.636322021484375
v -24.270523071289062 -18.89324188232422 -44.11773681640625
v -35.682403564453125 -19.031572341918945 -43.86756896972656
v -24.008251190185547 -18.393266677856445 -43.649749755859375
v -35.85074996948242 -18.397533416748047 -43.47908020019531
v -23.849164962768555 -17.920923233032227 -43.18389892578125
v -36.02557373046875 -17.744970321655273 -43.223114013671875
v -23.499584197998047 -17.365097045898438 -43.18992614746094
v -36.17127990722656 -17.09836769104004 -43.013916015625
v -23.315322875976562 -16.698205947875977 -42.87841796875
v -36.607669830322266 -15.96229076385498 -43.277740478515625
v -36.290870666503906 -16.518461227416992 -42.86338806152344
v -22.97196388244629 -16.41973304748535 -43.48480224609375
v -22.696090698242188 -16.119121551513672 -44.04884338378906
v -36.94108581542969 -15.498137474060059 -44.25849914550781
v -22.549962997436523 -15.447330474853516 -44.204254150390625
v -36.95878982543945 -14.719557762145996 -43.94371032714844
v -22.649585723876953 -14.69062614440918 -43.93302917480469
v -23.14857292175293 -14.218271255493164 -42.86773681640625
v -22.908437728881836 -14.430975914001465 -43.34754943847656
v -36.91923522949219 -14.098846435546875 -43.6627197265625
v -23.155487060546875 -13.705528259277344 -43.09272766113281
v -36.8209228515625 -13.621687889099121 -43.388824462890625
v -23.267257690429688 -13.180244445800781 -43.08921813964844
v -36.598121643066406 -13.24561882019043 -43.7567138671875
v -36.16183853149414 -12.805366516113281 -44.15153503417969
v -35.814666748046875 -12.423812866210938 -43.507232666015625
v -23.363733291625977 -12.432802200317383 -43.24440002441406
v -35.4145393371582 -12.009990692138672 -42.97607421875
v -23.451030731201172 -11.55592155456543 -43.60389709472656
v -34.93549728393555 -11.560667037963867 -43.51043701171875
v -34.29623794555664 -11.148715019226074 -44.14276123046875
v -34.0393180847168 -10.735284805297852 -43.287506103515625
v -23.71201515197754 -10.792112350463867 -43.72314453125
v -33.72510528564453 -10.379827499389648 -42.6617431640625
v -24.040138244628906 -10.114526748657227 -43.87359619140625
v -33.235286712646484 -10.100496292114258 -43.157806396484375
v -32.5927734375 -9.872854232788086 -43.6822509765625
v -31.984519958496094 -9.581554412841797 -43.620452880859375
v -31.390869140625 -9.464645385742188 -44.05364990234375
v -24.76284408569336 -9.63095474243164 -43.10630798339844
v -24.387205123901367 -9.809505462646484 -43.453369140625
v -30.95698356628418 -9.165132522583008 -43.25706481933594
v -25.08702278137207 -9.347033500671387 -43.726348876953125
v -30.24509048461914 -9.003782272338867 -43.47320556640625
v -29.49945831298828 -8.850312232971191 -43.646697998046875
v -28.736364364624023 -8.736074447631836 -43.675537109375
v -27.992582321166992 -8.728158950805664 -43.67637634277344
v -27.245830535888672 -8.827507019042969 -43.74946594238281
v -26.489246368408203 -8.973288536071777 -43.85139465332031
v -25.7072811126709 -9.145188331604004 -43.99375915527344
v -31.627511978149414 -20.149898529052734 -42.867584228515625
v -31.111658096313477 -20.275951385498047 -42.86979675292969
v -30.414188385009766 -20.375574111938477 -42.835693359375
v -29.68256378173828 -20.430744171142578 -42.847137451171875
v -28.95880889892578 -20.442665100097656 -42.941436767578125
v -28.273714065551758 -20.41606903076172 -43.11820983886719
v -27.606582641601562 -20.324779510498047 -43.305206298828125
v -32.15306854248047 -20.148754119873047 -43.1500244140625
v -27.308856964111328 -19.99782371520996 -42.69111633300781
v -31.82964324951172 -19.88435935974121 -42.49267578125
v -31.21977996826172 -19.93771743774414 -42.270050048828125
v -30.546546936035156 -20.0258846282959 -42.15690612792969
v -29.825042724609375 -20.0981502532959 -42.12577819824219
v -29.095972061157227 -20.133411407470703 -42.19383239746094
v -28.396499633789062 -20.139015197753906 -42.38037109375
v -27.857744216918945 -20.147014617919922 -42.657318115234375
v -32.41413879394531 -19.852293014526367 -42.76588439941406
v -27.045833587646484 -19.69515037536621 -42.19596862792969
v -34.75662612915039 -18.74837875366211 -42.52113342285156
v -34.1552848815918 -18.94817352294922 -42.32025146484375
v -33.45513153076172 -19.24502944946289 -42.32421875
v -32.730018615722656 -19.49428367614746 -42.32902526855469
v -26.408111572265625 -19.400585174560547 -42.163543701171875
v -25.7354736328125 -19.277536392211914 -42.661895751953125
v -25.131511688232422 -18.935489654541016 -42.74375915527344
v -24.518692016601562 -18.689083099365234 -43.22944641113281
v -32.083953857421875 -19.605958938598633 -42.15415954589844
v -31.46883201599121 -19.581687927246094 -41.78680419921875
v -30.723739624023438 -19.641780853271484 -41.54228210449219
v -29.975818634033203 -19.72887420654297 -41.451568603515625
v -29.23140525817871 -19.78435516357422 -41.47468566894531
v -28.486907958984375 -19.80413246154785 -41.63246154785156
v -27.721464157104492 -19.81298828125 -41.98699951171875
v -35.28876495361328 -18.6533203125 -42.97874450683594
v -24.285375595092773 -18.210041046142578 -42.77153015136719
v -34.9355583190918 -18.289352416992188 -42.17338562011719
v -34.3883171081543 -18.427383422851562 -41.81953430175781
v -25.13463592529297 -18.527544021606445 -41.88743591308594
v -24.730323791503906 -18.50345230102539 -42.481842041015625
v -35.47599411010742 -17.971538543701172 -42.55058288574219
v -24.05523109436035 -17.584156036376953 -42.302398681640625
v -35.03197479248047 -17.818891525268555 -41.83143615722656
v -34.578941345214844 -17.949474334716797 -41.485137939453125
v -25.1131534576416 -18.205284118652344 -41.33811950683594
v -24.665307998657227 -18.060184478759766 -41.85150146484375
v -35.779510498046875 -17.393314361572266 -42.532501220703125
v -23.686731338500977 -16.98845672607422 -42.3480224609375
v -35.83750915527344 -16.718280792236328 -42.19551086425781
v -23.582077026367188 -16.314517974853516 -42.0404052734375
v -36.481929779052734 -15.495216369628906 -42.63740539550781
v -36.191009521484375 -16.012203216552734 -42.378387451171875
v -23.154926300048828 -16.107797622680664 -42.81044006347656
v -22.858774185180664 -15.84817123413086 -43.44085693359375
v -36.76670837402344 -15.186941146850586 -43.25103759765625
v -22.834026336669922 -15.301836013793945 -43.37455749511719
v -36.53272247314453 -14.907085418701172 -42.48252868652344
v -36.14830780029297 -15.341222763061523 -41.97868347167969
v -23.289262771606445 -15.67223072052002 -42.337799072265625
v -23.026168823242188 -15.641999244689941 -42.90435791015625
v -36.810935974121094 -14.515209197998047 -43.072967529296875
v -22.908199310302734 -14.892255783081055 -43.199615478515625
v -23.347164154052734 -14.555835723876953 -42.30247497558594
v -23.114036560058594 -14.749824523925781 -42.74040222167969
v -36.56657791137695 -14.258039474487305 -42.39349365234375
v -36.18129348754883 -14.604377746582031 -41.831512451171875
v -23.35195541381836 -15.099024772644043 -42.1746826171875
v -23.07355499267578 -15.23592472076416 -42.74993896484375
v -36.8000373840332 -13.948810577392578 -42.929534912109375
v -23.452640533447266 -13.917708396911621 -42.3443603515625
v -36.57687759399414 -13.705086708068848 -42.46238708496094
v -36.20976257324219 -13.88145637512207 -41.902313232421875
v -36.74900436401367 -13.57308578491211 -42.87467956542969
v -23.620498657226562 -13.103723526000977 -42.325897216796875
v -36.671566009521484 -13.331127166748047 -43.12431335449219
v -36.31640625 -12.983715057373047 -43.09715270996094
v -36.568511962890625 -13.35562515258789 -42.71881103515625
v -36.243629455566406 -13.288116455078125 -42.293853759765625
v -35.793556213378906 -12.622332572937012 -42.388916015625
v -23.718463897705078 -12.274635314941406 -42.494049072265625
v -35.36159896850586 -12.05587387084961 -42.089080810546875
v -23.85042953491211 -11.48735237121582 -42.647552490234375
v -35.043941497802734 -11.620855331420898 -42.496490478515625
v -34.56460189819336 -11.175500869750977 -42.90321350097656
v -34.18907928466797 -10.809886932373047 -42.21710205078125
v -24.070215225219727 -10.769617080688477 -42.679443359375
v -24.56512451171875 -10.82567024230957 -41.418304443359375
v -24.303829193115234 -10.969161987304688 -41.8194580078125
v -33.76987075805664 -10.407293319702148 -41.653900146484375
v -24.239063262939453 -10.213804244995117 -42.91999816894531
v -33.32981872558594 -10.032176971435547 -42.1441650390625
v -32.88190460205078 -9.808433532714844 -42.64167785644531
v -32.29925537109375 -9.52904224395752 -42.59315490722656
v -31.620716094970703 -9.323322296142578 -42.985382080078125
v -24.85736656188965 -9.868097305297852 -42.28401184082031
v -24.513458251953125 -10.024393081665039 -42.58125305175781
v -24.706436157226562 -10.30322265625 -41.77192687988281
v -24.36537742614746 -10.497689247131348 -42.16033935546875
v -31.218385696411133 -9.127653121948242 -42.35992431640625
v -25.299190521240234 -9.494935989379883 -42.686004638671875
v -30.47919273376465 -8.9371919631958 -42.24342346191406
v -29.751646041870117 -8.764326095581055 -42.68394470214844
v -28.97722625732422 -8.536470413208008 -42.53662109375
v -28.2198429107666 -8.499897003173828 -42.71240234375
v -27.441930770874023 -8.632373809814453 -42.55348205566406
v -26.70154571533203 -8.895063400268555 -42.72727966308594
v -26.007843017578125 -9.160078048706055 -42.75733947753906
v -32.274436950683594 -9.41760540008545 -41.61964416503906
v -31.77150535583496 -9.265100479125977 -41.98402404785156
v -28.74016761779785 -8.261335372924805 -41.58744812011719
v -28.356611251831055 -8.24878215789795 -41.92718505859375
v -27.842830657958984 -8.332168579101562 -41.88407897949219
v -28.512514114379883 -8.07805061340332 -41.20735168457031
v -28.346134185791016 -8.054817199707031 -41.397857666015625
v -28.040695190429688 -8.106660842895508 -41.45484924316406
v -33.44987487792969 -18.76876449584961 -41.609344482421875
v -32.79008865356445 -18.988264083862305 -41.569366455078125
v -31.962871551513672 -19.186532974243164 -41.43798828125
v -30.9783935546875 -19.159412384033203 -40.932159423828125
v -30.140125274658203 -19.301462173461914 -40.831451416015625
v -29.376113891601562 -19.380653381347656 -40.81268310546875
v -28.620946884155273 -19.418418884277344 -40.90858459472656
v -27.856243133544922 -19.414329528808594 -41.14166259765625
v -27.113365173339844 -19.390750885009766 -41.52496337890625
v -26.475751876831055 -18.9873104095459 -41.261138916015625
v -25.7570858001709 -18.90332794189453 -41.827392578125
v -33.88717269897461 -18.508625030517578 -41.53861999511719
v -25.499773025512695 -18.443988800048828 -41.23924255371094
v -33.44483184814453 -18.32059669494629 -41.03950500488281
v -32.889984130859375 -18.506980895996094 -40.974273681640625
v -32.204341888427734 -18.656455993652344 -40.83610534667969
v -31.457351684570312 -18.73222541809082 -40.58692932128906
v -26.437854766845703 -18.561256408691406 -40.58624267578125
v -25.978065490722656 -18.625747680664062 -41.05499267578125
v -33.91847610473633 -17.978309631347656 -41.01829528808594
v -25.332212448120117 -18.15215301513672 -40.97625732421875
v -34.77617645263672 -17.45384979248047 -41.28028869628906
v -34.328033447265625 -17.574859619140625 -40.965576171875
v -25.018178939819336 -17.752254486083984 -40.9161376953125
v -24.458837509155273 -17.517602920532227 -41.45683288574219
v -33.42722702026367 -17.99892234802246 -40.70503234863281
v -33.00716781616211 -18.05026626586914 -40.55145263671875
v -32.37928009033203 -18.162799835205078 -40.38543701171875
v -31.711505889892578 -18.270755767822266 -40.20774841308594
v -26.353073120117188 -18.175888061523438 -40.151519775390625
v -25.75861167907715 -18.13673973083496 -40.5828857421875
v -35.3224983215332 -17.290328979492188 -41.81465148925781
v -24.099563598632812 -16.925262451171875 -41.49322509765625
v -34.90989303588867 -16.864036560058594 -41.07414245605469
v -34.40334701538086 -17.06818389892578 -40.71510314941406
v -24.93453025817871 -17.13039779663086 -40.37849426269531
v -24.574995040893555 -17.20167350769043 -40.91712951660156
v -35.36146926879883 -16.619264602661133 -41.46453857421875
v -24.032175064086914 -16.170024871826172 -41.1102294921875
v -35.03450012207031 -16.17673683166504 -40.90278625488281
v -34.494388580322266 -16.423070907592773 -40.49537658691406
v -24.89386749267578 -16.69571304321289 -40.092315673828125
v -24.491559982299805 -16.639089584350586 -40.59333801269531
v -35.646568298339844 -15.91910171508789 -41.527252197265625
v -23.664987564086914 -15.583669662475586 -41.614837646484375
v -35.1490364074707 -15.396738052368164 -40.78033447265625
v -34.5836181640625 -15.695714950561523 -40.329437255859375
v -35.69768524169922 -15.014314651489258 -41.29447937011719
v -23.719728469848633 -14.740967750549316 -41.56410217285156
v -35.205684661865234 -14.552009582519531 -40.696868896484375
v -34.65147018432617 -14.899373054504395 -40.21965026855469
v -35.73131561279297 -14.17595100402832 -41.272735595703125
v -23.951148986816406 -13.850164413452148 -41.36444091796875
v -35.215904235839844 -13.68715763092041 -40.748291015625
v -34.68524169921875 -14.051616668701172 -40.19004821777344
v -24.720169067382812 -13.901185989379883 -40.13214111328125
v -24.372589111328125 -14.089584350585938 -40.56304931640625
v -35.712303161621094 -13.27676773071289 -41.517791748046875
v -24.00404167175293 -12.928354263305664 -41.56471252441406
v -35.14128875732422 -12.854183197021484 -40.885162353515625
v -34.67647933959961 -13.184881210327148 -40.27008056640625
v -24.749719619750977 -13.216531753540039 -40.235595703125
v -24.346614837646484 -13.456153869628906 -40.75775146484375
v -35.40805435180664 -12.483560562133789 -41.53343200683594
v -24.07822608947754 -12.13996410369873 -41.71966552734375
v -35.02656173706055 -12.181007385253906 -41.08489990234375
v -34.63004684448242 -12.356376647949219 -40.49324035644531
v -24.777816772460938 -12.480485916137695 -40.372314453125
v -24.380720138549805 -12.70756721496582 -40.915985107421875
v -35.20419692993164 -12.023199081420898 -41.540985107421875
v -24.17986297607422 -11.44675064086914 -41.8218994140625
v -35.088191986083984 -11.740959167480469 -41.82960510253906
v -34.69184494018555 -11.372507095336914 -41.81114196777344
v -24.77451515197754 -11.191153526306152 -40.83404541015625
v -24.48129653930664 -11.360109329223633 -41.2109375
v -34.960472106933594 -11.777973175048828 -41.401824951171875
v -34.613670349121094 -11.700773239135742 -40.96588134765625
v -24.794471740722656 -11.759651184082031 -40.56221008300781
v -24.42818832397461 -11.985254287719727 -41.06239318847656
v -34.12992858886719 -10.994744300842285 -41.08612060546875
v -24.955631256103516 -10.6950044631958 -40.98236083984375
v -33.66535949707031 -10.415613174438477 -40.786590576171875
v -25.21398162841797 -10.026693344116211 -41.472015380859375
v -33.35036087036133 -10.040271759033203 -41.19438171386719
v -32.81814956665039 -9.69582748413086 -41.64756774902344
v -32.45197677612305 -9.512829780578613 -40.920257568359375
v -25.74585723876953 -9.502422332763672 -41.69586181640625
v -31.922698974609375 -9.309661865234375 -41.09657287597656
v -31.19245719909668 -9.13041877746582 -41.34727478027344
v -30.406307220458984 -8.965385437011719 -41.12518310546875
v -29.50710105895996 -8.661567687988281 -41.46629333496094
v -26.875709533691406 -8.826804161071777 -41.819915771484375
v -26.3242244720459 -9.125530242919922 -41.76544189453125
v -26.730775833129883 -9.093988418579102 -40.83030700683594
v -26.127910614013672 -9.445058822631836 -41.01554870605469
v -28.742456436157227 -8.314264297485352 -41.00982666015625
v -27.34783935546875 -8.551168441772461 -41.38946533203125
v -28.323137283325195 -8.335458755493164 -40.619659423828125
v -27.817607879638672 -8.503448486328125 -40.46295166015625
v -27.335834503173828 -8.717453002929688 -40.584259033203125
v -28.421199798583984 -8.088005065917969 -40.961761474609375
v -27.739261627197266 -8.23054313659668 -41.33506774902344
v -28.32322120666504 -7.989966869354248 -41.11427307128906
v -28.129268646240234 -8.013189315795898 -41.12884521484375
v -27.897607803344727 -8.10641098022461 -41.11907958984375
v -28.22974967956543 -8.050739288330078 -40.91850280761719
v -27.994596481323242 -8.159971237182617 -40.84075927734375
v -27.664899826049805 -8.323919296264648 -40.92658996582031
v -30.255901336669922 -18.828475952148438 -40.267181396484375
v -29.517578125 -18.911075592041016 -40.22850036621094
v -28.75528335571289 -18.968318939208984 -40.277252197265625
v -28.006744384765625 -18.99764633178711 -40.43731689453125
v -27.18470001220703 -18.92768096923828 -40.680084228515625
v -30.82619857788086 -18.699180603027344 -40.286712646484375
v -26.899778366088867 -18.391525268554688 -40.105743408203125
v -30.38823699951172 -18.349170684814453 -39.826812744140625
v -29.677045822143555 -18.386709213256836 -39.737701416015625
v -28.885913848876953 -18.417835235595703 -39.73365783691406
v -28.104698181152344 -18.50181770324707 -39.873046875
v -27.502107620239258 -18.59096336364746 -40.091400146484375
v -31.047380447387695 -18.30970001220703 -39.991302490234375
v -26.619720458984375 -17.952585220336914 -39.81964111328125
v -33.277164459228516 -17.569028854370117 -40.33332824707031
v -32.5490837097168 -17.638778686523438 -40.047760009765625
v -31.8671817779541 -17.757368087768555 -39.86351013183594
v -31.29395294189453 -17.902183532714844 -39.755401611328125
v -26.071584701538086 -17.74212074279785 -39.94911193847656
v -25.46493911743164 -17.503440856933594 -40.192718505859375
v -30.602764129638672 -17.778682708740234 -39.47479248046875
v -29.917980194091797 -17.93779182434082 -39.42314147949219
v -29.087711334228516 -17.698633193969727 -39.205474853515625
v -28.15610122680664 -17.856956481933594 -39.383087158203125
v -27.30299186706543 -18.007003784179688 -39.657440185546875
v -33.886314392089844 -17.3037052154541 -40.499114990234375
v -25.30630874633789 -16.95188331604004 -39.90325927734375
v -33.35675048828125 -16.85795783996582 -39.97138977050781
v -32.69892883300781 -17.028308868408203 -39.761199951171875
v -32.00743103027344 -17.17209815979004 -39.5684814453125
v -31.23214340209961 -17.304933547973633 -39.38690185546875
v -30.50409507751465 -17.154895782470703 -39.1046142578125
v -29.830432891845703 -17.343032836914062 -39.055938720703125
v -28.193819046020508 -17.11336326599121 -38.930816650390625
v -27.350008010864258 -17.242300033569336 -39.20097351074219
v -26.486133575439453 -17.351734161376953 -39.52964782714844
v -25.7993221282959 -17.24371910095215 -39.76463317871094
v -33.947181701660156 -16.647422790527344 -40.196990966796875
v -25.13328742980957 -16.48746681213379 -39.81178283691406
v -24.734996795654297 -16.261911392211914 -40.08750915527344
v -24.368322372436523 -16.06534767150879 -40.48553466796875
v -33.44451141357422 -16.160642623901367 -39.72450256347656
v -32.810020446777344 -16.33679962158203 -39.50355529785156
v -32.127750396728516 -16.510665893554688 -39.31480407714844
v -31.526243209838867 -16.714679718017578 -39.198150634765625
v -30.79928207397461 -16.549575805664062 -38.93272399902344
v -30.044878005981445 -16.71019744873047 -38.81134033203125
v -28.030670166015625 -16.541231155395508 -38.67645263671875
v -27.402114868164062 -16.457414627075195 -38.83514404296875
v -26.571475982666016 -16.551578521728516 -39.16938781738281
v -25.737213134765625 -16.62381935119629 -39.544830322265625
v -34.02521514892578 -15.949905395507812 -39.988250732421875
v -24.152767181396484 -15.466367721557617 -40.767059326171875
v -33.53041458129883 -15.454888343811035 -39.555511474609375
v -32.926856994628906 -15.618837356567383 -39.31343078613281
v -32.234371185302734 -15.766310691833496 -39.095611572265625
v -31.430721282958984 -15.980947494506836 -38.908843994140625
v -26.642322540283203 -15.729236602783203 -38.90663146972656
v -25.867319107055664 -15.845739364624023 -39.29718017578125
v -25.115501403808594 -15.90120792388916 -39.74334716796875
v -24.57660484313965 -15.786111831665039 -40.17875671386719
v -34.089149475097656 -15.20071029663086 -39.84130859375
v -24.237215042114258 -14.66062068939209 -40.69435119628906
v -25.092363357543945 -14.332878112792969 -39.70848083496094
v -24.702882766723633 -14.55090045928955 -40.084228515625
v -33.55482864379883 -14.70334529876709 -39.42253112792969
v -33.071388244628906 -14.996994018554688 -39.22088623046875
v -32.392574310302734 -14.917457580566406 -38.92906188964844
v -31.64240074157715 -15.17174243927002 -38.73725891113281
v -26.42597007751465 -14.88485336303711 -38.87702941894531
v -25.963699340820312 -15.18712043762207 -39.14329528808594
v -25.276243209838867 -15.066205978393555 -39.575347900390625
v -24.651777267456055 -15.239154815673828 -40.118408203125
v -34.124874114990234 -14.389419555664062 -39.7540283203125
v -25.1772403717041 -13.732421875 -39.69451904296875
v -33.54945373535156 -13.86263370513916 -39.339599609375
v -32.88072204589844 -14.21818733215332 -39.00840759277344
v -26.321924209594727 -14.088953018188477 -38.893890380859375
v -25.691926956176758 -14.404439926147461 -39.27146911621094
v -34.134674072265625 -13.522839546203613 -39.75105285644531
v -25.211179733276367 -12.984871864318848 -39.77165222167969
v -33.544410705566406 -12.967467308044434 -39.35020446777344
v -32.948326110839844 -13.292264938354492 -38.961181640625
v -26.31058692932129 -13.280200958251953 -38.91578674316406
v -25.721704483032227 -13.536405563354492 -39.28077697753906
v -34.10795974731445 -12.621545791625977 -39.87129211425781
v -25.229907989501953 -12.197196960449219 -39.922637939453125
v -33.46980667114258 -12.046968460083008 -39.4610595703125
v -32.91404342651367 -12.416208267211914 -38.96980285644531
v -26.343976974487305 -12.457620620727539 -38.96942138671875
v -25.7418155670166 -12.724172592163086 -39.354095458984375
v -34.029293060302734 -11.655783653259277 -40.20149230957031
v -25.23094367980957 -11.333120346069336 -40.23338317871094
v -33.332420349121094 -11.170649528503418 -39.64424133300781
v -32.714569091796875 -11.480402946472168 -39.03327941894531
v -26.460147857666016 -11.559581756591797 -39.06303405761719
v -25.77898406982422 -11.887872695922852 -39.497222900390625
v -33.677101135253906 -10.816801071166992 -40.25444030761719
v -25.46569061279297 -10.552417755126953 -40.46699523925781
v -33.20653533935547 -10.492193222045898 -39.876556396484375
v -32.69136047363281 -10.653722763061523 -39.392852783203125
v -31.995094299316406 -10.782742500305176 -38.87458801269531
v -31.389068603515625 -10.674095153808594 -38.5992431640625
v -27.716529846191406 -10.652721405029297 -38.69712829589844
v -27.002788543701172 -10.88467788696289 -38.93714904785156
v -26.36197853088379 -10.78392219543457 -39.39064025878906
v -25.84917449951172 -11.06966781616211 -39.716033935546875
v -33.456932067871094 -10.35352897644043 -40.269927978515625
v -25.767385482788086 -9.91220474243164 -40.76225280761719
v -33.35630798339844 -10.111236572265625 -40.55419921875
v -32.93587112426758 -9.836637496948242 -40.62034606933594
v -26.77091407775879 -9.496557235717773 -40.021209716796875
v -26.302730560302734 -9.71362590789795 -40.2984619140625
v -33.16763687133789 -10.124516487121582 -40.18135070800781
v -32.68782043457031 -10.037755966186523 -39.90455627441406
v -32.040740966796875 -10.123098373413086 -39.412994384765625
v -31.27071762084961 -10.16223430633545 -39.00138854980469
v -27.944040298461914 -9.929811477661133 -39.04167175292969
v -27.28443145751953 -10.206043243408203 -39.10186767578125
v -26.67437744140625 -10.121309280395508 -39.552764892578125
v -26.025772094726562 -10.344743728637695 -39.97100830078125
v -32.48284912109375 -9.653759002685547 -40.324859619140625
v -27.09440040588379 -9.131372451782227 -40.14862060546875
v -32.12955093383789 -9.452390670776367 -40.49934387207031
v -31.611406326293945 -9.363210678100586 -40.44990539550781
v -30.85720443725586 -9.25142765045166 -40.36102294921875
v -29.96811866760254 -9.070658683776855 -40.330810546875
v -28.972471237182617 -8.813631057739258 -40.29937744140625
v -28.17225456237793 -8.840620040893555 -40.01373291015625
v -27.56267738342285 -8.966326713562012 -40.00663757324219
v -32.07946014404297 -9.66794490814209 -39.98741149902344
v -31.407188415527344 -9.651958465576172 -39.71839904785156
v -30.524944305419922 -9.603225708007812 -39.46342468261719
v -29.55248260498047 -9.411012649536133 -39.493255615234375
v -28.614543914794922 -9.420669555664062 -39.39117431640625
v -27.882457733154297 -9.303367614746094 -39.552764892578125
v -27.276456832885742 -9.561681747436523 -39.574127197265625
v -28.80170440673828 -17.129718780517578 -38.836822509765625
v -29.22416877746582 -17.180383682250977 -38.869781494140625
v -28.522872924804688 -16.701709747314453 -38.66729736328125
v -28.969871520996094 -16.823530197143555 -38.69300842285156
v -29.421031951904297 -16.778457641601562 -38.727874755859375
v -28.262556076049805 -16.258323669433594 -38.54766845703125
v -30.121458053588867 -16.055667877197266 -38.61854553222656
v -29.574262619018555 -16.278278350830078 -38.59138488769531
v -27.772092819213867 -16.077173233032227 -38.58283996582031
v -27.280414581298828 -15.842437744140625 -38.664093017578125
v -28.868473052978516 -16.208351135253906 -38.526611328125
v -30.698226928710938 -15.841102600097656 -38.67134094238281
v -27.061140060424805 -15.295815467834473 -38.64356994628906
v -30.180953979492188 -15.326034545898438 -38.446197509765625
v -29.3980712890625 -15.561330795288086 -38.411712646484375
v -28.66692543029785 -15.454233169555664 -38.369293212890625
v -28.116226196289062 -15.674007415771484 -38.44932556152344
v -27.552867889404297 -15.604532241821289 -38.52928161621094
v -30.916893005371094 -15.251350402832031 -38.56719970703125
v -26.96089744567871 -14.59749984741211 -38.61763000488281
v -31.675386428833008 -14.414798736572266 -38.57658386230469
v -31.11833381652832 -14.649999618530273 -38.47358703613281
v -30.36031723022461 -14.49885368347168 -38.305511474609375
v -29.54164695739746 -14.70649242401123 -38.25996398925781
v -28.804302215576172 -14.832294464111328 -38.27056884765625
v -28.143619537353516 -14.947795867919922 -38.3404541015625
v -27.557266235351562 -15.089071273803711 -38.467559814453125
v -32.2056770324707 -14.154565811157227 -38.70330810546875
v -26.923442840576172 -13.836860656738281 -38.603057861328125
v -31.6673641204834 -13.660192489624023 -38.45252990722656
v -30.92283058166504 -13.880575180053711 -38.30009460449219
v -30.174087524414062 -13.726639747619629 -38.150787353515625
v -29.591930389404297 -13.9207124710083 -38.140106201171875
v -28.882396697998047 -14.076375961303711 -38.17039489746094
v -28.189409255981445 -14.222442626953125 -38.260955810546875
v -27.54645347595215 -14.38746452331543 -38.411865234375
v -32.318092346191406 -13.503122329711914 -38.66539001464844
v -26.93413543701172 -13.050603866577148 -38.60343933105469
v -31.730377197265625 -12.905061721801758 -38.40034484863281
v -31.041027069091797 -13.047051429748535 -38.231353759765625
v -30.321443557739258 -13.127601623535156 -38.112640380859375
v -29.627037048339844 -13.196002960205078 -38.064117431640625
v -28.936840057373047 -13.317513465881348 -38.09814453125
v -28.23357582092285 -13.461589813232422 -38.20121765136719
v -27.55767059326172 -13.632440567016602 -38.37120056152344
v -32.35347366333008 -12.71815299987793 -38.63525390625
v -26.992904663085938 -12.266862869262695 -38.62617492675781
v -31.775033950805664 -12.174153327941895 -38.396453857421875
v -31.11650848388672 -12.282430648803711 -38.22456359863281
v -30.403173446655273 -12.399864196777344 -38.10516357421875
v -29.708457946777344 -12.511014938354492 -38.04695129394531
v -29.012643814086914 -12.585771560668945 -38.070831298828125
v -28.2921199798584 -12.688314437866211 -38.17634582519531
v -27.593612670898438 -12.859272956848145 -38.35289001464844
v -32.30414581298828 -11.970090866088867 -38.638763427734375
v -27.122806549072266 -11.621892929077148 -38.64982604980469
v -32.112037658691406 -11.393749237060547 -38.638763427734375
v -31.624364852905273 -11.141538619995117 -38.482818603515625
v -28.2008056640625 -11.115301132202148 -38.3880615234375
v -27.65428924560547 -11.356294631958008 -38.49212646484375
v -31.823396682739258 -11.635875701904297 -38.44001770019531
v -31.216930389404297 -11.519062042236328 -38.29719543457031
v -30.46116828918457 -11.648380279541016 -38.1695556640625
v -29.73552894592285 -11.799383163452148 -38.10249328613281
v -29.15235710144043 -11.989617347717285 -38.08815002441406
v -28.39910888671875 -11.85619831085205 -38.213958740234375
v -27.653419494628906 -12.097681045532227 -38.373565673828125
v -31.131994247436523 -10.921239852905273 -38.394622802734375
v -28.406763076782227 -10.555386543273926 -38.556365966796875
v -30.52058219909668 -10.885930061340332 -38.334503173828125
v -29.763484954833984 -11.062658309936523 -38.253173828125
v -28.95320701599121 -11.250961303710938 -38.245697021484375
v -30.882144927978516 -10.475730895996094 -38.55827331542969
v -28.651416778564453 -10.031091690063477 -38.814239501953125
v -30.60976219177246 -10.058629989624023 -38.83430480957031
v -30.01929473876953 -9.91264533996582 -38.89778137207031
v -29.283296585083008 -9.91063117980957 -38.87580871582031
v -30.36724281311035 -10.316157341003418 -38.5650634765625
v -29.835796356201172 -10.402786254882812 -38.50982666015625
v -29.130435943603516 -10.507524490356445 -38.48602294921875
vn -0.4038858115673065 -0.6146907210350037 -0.6775187849998474
vn -0.16533556580543518 -0.6603401899337769 -0.7325401902198792
vn -0.013705143705010414 -0.6648198962211609 -0.7468779683113098
vn 0.10723485797643661 -0.6613239049911499 -0.7423956990242004
vn 0.2211080640554428 -0.65940922498703 -0.7185336947441101
vn 0.3684866726398468 -0.6911627054214478 -0.621700644493103
vn -0.5944416522979736 -0.28364720940589905 -0.7524516582489014
vn -0.27785778045654297 -0.38962364196777344 -0.8780595064163208
vn -0.08037069439888 -0.4296185374259949 -0.8994267582893372
vn 0.05390441417694092 -0.4495726227760315 -0.8916158676147461
vn 0.18265749514102936 -0.48160266876220703 -0.8571435809135437
vn 0.33731594681739807 -0.5771685242652893 -0.7437031865119934
vn -0.7161725163459778 -0.0636516660451889 -0.6950147151947021
vn -0.39739057421684265 -0.12907172739505768 -0.9085269570350647
vn -0.15377412736415863 -0.1823338270187378 -0.9711374640464783
vn -0.007769180927425623 -0.21995969116687775 -0.9754780530929565
vn 0.10035543888807297 -0.2771680951118469 -0.9555661678314209
vn 0.20177330076694489 -0.38596075773239136 -0.900178849697113
vn 0.27750933170318604 -0.5595647096633911 -0.7809455990791321
vn 0.2730025053024292 -0.6311447024345398 -0.7260345220565796
vn 0.3791724145412445 -0.6347702145576477 -0.6732720136642456
vn 0.5869629383087158 -0.6513950228691101 -0.4807901084423065
vn -0.7537558674812317 0.021755879744887352 -0.6567943692207336
vn -0.4646959602832794 0.004040882922708988 -0.8854610919952393
vn -0.20657303929328918 -0.021660182625055313 -0.9781913757324219
vn -0.05647047609090805 -0.04487825930118561 -0.9973951578140259
vn 0.026241177693009377 -0.08418180048465729 -0.9961048364639282
vn 0.08765865862369537 -0.16544024646282196 -0.9823164343833923
vn 0.13968800008296967 -0.2898285686969757 -0.9468298554420471
vn 0.18504607677459717 -0.39107927680015564 -0.901562511920929
vn 0.31130871176719666 -0.45505374670028687 -0.8342739343643188
vn 0.526810884475708 -0.5651342272758484 -0.6348965764045715
vn -0.7603896260261536 0.04310501739382744 -0.6480351090431213
vn -0.4835660755634308 0.04185375198721886 -0.8743066787719727
vn -0.2229887992143631 0.03855670988559723 -0.974058210849762
vn -0.07321438193321228 0.039336808025836945 -0.9965401887893677
vn -0.010949340648949146 0.03290911763906479 -0.999398410320282
vn 0.013660208322107792 -0.0007835827418603003 -0.9999064207077026
vn 0.03817843645811081 -0.07331392914056778 -0.9965779185295105
vn 0.08709614723920822 -0.16608890891075134 -0.9822569489479065
vn 0.1988876461982727 -0.25994518399238586 -0.944919228553772
vn 0.3770417869091034 -0.36431869864463806 -0.8515347838401794
vn 0.5322998762130737 -0.453388512134552 -0.7149096131324768
vn 0.7542794942855835 -0.35451972484588623 -0.5526103377342224
vn -0.7600741386413574 0.045381687581539154 -0.6482498645782471
vn -0.48267582058906555 0.03914758190512657 -0.8749237656593323
vn -0.2142716646194458 0.03803126513957977 -0.9760334491729736
vn -0.06111660599708557 0.05013984069228172 -0.9968705177307129
vn -0.010492009110748768 0.06764840334653854 -0.9976540803909302
vn -0.013428069651126862 0.07299550622701645 -0.9972418546676636
vn -0.022423990070819855 0.049118053168058395 -0.9985412359237671
vn 0.002665822859853506 -0.008835088461637497 -0.9999574422836304
vn 0.09664858877658844 -0.09354400634765625 -0.9909130334854126
vn 0.27737537026405334 -0.19203995168209076 -0.9413732290267944
vn 0.5108209252357483 -0.26092782616615295 -0.8191328644752502
vn 0.7468869090080261 -0.2416541874408722 -0.6194862723350525
vn -0.7670398354530334 0.059330787509679794 -0.6388504505157471
vn -0.4886845052242279 0.03887123987078667 -0.8715941905975342
vn -0.2055456042289734 0.02075074054300785 -0.9784275889396667
vn -0.038606178015470505 0.023533141240477562 -0.9989773631095886
vn 0.013241549953818321 0.04598771780729294 -0.9988542795181274
vn -0.004722290672361851 0.07334453612565994 -0.9972954988479614
vn -0.042339615523815155 0.08548703789710999 -0.9954392910003662
vn -0.05105411633849144 0.06625249236822128 -0.9964959025382996
vn 0.010491662658751011 0.008661763742566109 -0.9999074935913086
vn 0.17469042539596558 -0.08652342855930328 -0.9808144569396973
vn 0.44109460711479187 -0.20001596212387085 -0.8748881220817566
vn 0.7376126646995544 -0.2701672613620758 -0.6188191771507263
vn -0.7879696488380432 0.10076364874839783 -0.6074129939079285
vn -0.5218542218208313 0.07127057760953903 -0.8500521779060364
vn -0.22411181032657623 0.023485472425818443 -0.9742804169654846
vn -0.030171968042850494 -0.0044609191827476025 -0.9995347857475281
vn 0.039518266916275024 0.0007618528325110674 -0.9992185831069946
vn 0.023565396666526794 0.029443295672535896 -0.9992886781692505
vn -0.030279086902737617 0.06214484944939613 -0.9976077675819397
vn -0.06982111185789108 0.0764673724770546 -0.9946244359016418
vn -0.04875410720705986 0.055568352341651917 -0.9972638487815857
vn 0.0691111832857132 -0.012860171496868134 -0.9975260496139526
vn 0.30387768149375916 -0.1414238065481186 -0.9421558380126953
vn 0.6142188906669617 -0.3489947021007538 -0.7077696323394775
vn -0.8228017091751099 0.16647805273532867 -0.543398916721344
vn -0.588890552520752 0.1469045728445053 -0.7947496771812439
vn -0.29142898321151733 0.06962106376886368 -0.9540556073188782
vn -0.05876161903142929 -0.006335514597594738 -0.9982519745826721
vn 0.0473303496837616 -0.03822355717420578 -0.9981476664543152
vn 0.052839670330286026 -0.02858467772603035 -0.9981938004493713
vn 0.0015277921920642257 0.006134056020528078 -0.9999800324440002
vn -0.055958669632673264 0.04305513948202133 -0.9975043535232544
vn -0.0695451945066452 0.059206828474998474 -0.9958202838897705
vn -0.0031973819714039564 0.03909079357981682 -0.9992306232452393
vn 0.15678125619888306 -0.029337644577026367 -0.9871975183486938
vn 0.3728436827659607 -0.15495184063911438 -0.9148647785186768
vn 0.5536437034606934 -0.2794668674468994 -0.78445965051651
vn 0.7808176279067993 -0.15753217041492462 -0.6045721769332886
vn -0.8661854267120361 0.2563810646533966 -0.42894241213798523
vn -0.6975040435791016 0.24805578589439392 -0.6722771525382996
vn -0.41153234243392944 0.1544734537601471 -0.8982088565826416
vn -0.14052829146385193 0.030230438336730003 -0.9896150827407837
vn 0.020353255793452263 -0.051091983914375305 -0.9984865784645081
vn 0.06603649258613586 -0.0750095322728157 -0.9949938654899597
vn 0.03767137601971626 -0.0555301308631897 -0.9977461099624634
vn -0.01793806254863739 -0.01196369994431734 -0.999767541885376
vn -0.0505334846675396 0.03259596228599548 -0.9981902837753296
vn -0.01947818696498871 0.05745399370789528 -0.9981581568717957
vn 0.09752506762742996 0.05777997896075249 -0.993554413318634
vn 0.2724066376686096 0.04075466841459274 -0.9613187909126282
vn 0.47075286507606506 0.021429892629384995 -0.8820049166679382
vn 0.716524600982666 0.06048118695616722 -0.6949349641799927
vn -0.5639832615852356 0.25480931997299194 -0.7854903936386108
vn -0.2690329849720001 0.0935358926653862 -0.9585782885551453
vn -0.04954426735639572 -0.029959244653582573 -0.9983225464820862
vn 0.051373276859521866 -0.09308314323425293 -0.9943321347236633
vn 0.0632319375872612 -0.09994599223136902 -0.9929816722869873
vn 0.030463801696896553 -0.06551212072372437 -0.997386634349823
vn 0.0005224932101555169 -0.007976114749908447 -0.9999680519104004
vn 0.015749644488096237 0.0549326166510582 -0.9983658790588379
vn 0.10474681854248047 0.0999779924750328 -0.9894607663154602
vn 0.28022655844688416 0.15413013100624084 -0.9474793076515198
vn 0.4618954658508301 0.2178041785955429 -0.8597754836082458
vn 0.7029290199279785 0.21521879732608795 -0.6779172420501709
vn -0.6589349508285522 0.323636919260025 -0.6790169477462769
vn -0.4045345187187195 0.1743360012769699 -0.8977521061897278
vn -0.15592531859874725 0.028336385264992714 -0.9873623251914978
vn 0.0024510326329618692 -0.07173434644937515 -0.9974207878112793
vn 0.06676208972930908 -0.11091290414333344 -0.9915851950645447
vn 0.07408449053764343 -0.09694293886423111 -0.9925289154052734
vn 0.06828480958938599 -0.04328968748450279 -0.9967262744903564
vn 0.09468254446983337 0.036192771047353745 -0.9948493838310242
vn 0.17723511159420013 0.13703933358192444 -0.9745809435844421
vn 0.30298203229904175 0.1944749653339386 -0.9329423308372498
vn 0.5468976497650146 0.3025243282318115 -0.7806292772293091
vn 0.6976847648620605 0.36851224303245544 -0.6143572330474854
vn -0.7404770851135254 0.39567527174949646 -0.5432630777359009
vn -0.5395357608795166 0.2971944510936737 -0.7877668738365173
vn -0.2953720986843109 0.14207611978054047 -0.9447590708732605
vn -0.08706770092248917 0.0042221425101161 -0.9961934685707092
vn 0.03818356245756149 -0.07411989569664001 -0.996518075466156
vn 0.09932743012905121 -0.08967388421297073 -0.9910058975219727
vn 0.13484925031661987 -0.05131784826517105 -0.9895364046096802
vn 0.18752481043338776 0.02591974288225174 -0.9819177985191345
vn 0.29642388224601746 0.1266481727361679 -0.9466219544410706
vn 0.4627094864845276 0.2597518861293793 -0.8476018905639648
vn -0.7894278168678284 0.4763762056827545 -0.3871297240257263
vn -0.676078736782074 0.43231070041656494 -0.5966783761978149
vn -0.45782792568206787 0.3016265332698822 -0.8363103866577148
vn -0.22335389256477356 0.14774730801582336 -0.9634748697280884
vn -0.03345804661512375 0.02817130833864212 -0.9990430474281311
vn 0.09156957268714905 -0.026928238570690155 -0.9954345226287842
vn 0.18680915236473083 -0.015369630418717861 -0.9822760224342346
vn 0.27578428387641907 0.056425124406814575 -0.9595620036125183
vn 0.39407142996788025 0.15313109755516052 -0.9062331914901733
vn 0.5560115575790405 0.2556898891925812 -0.7908690571784973
vn -0.6124787330627441 0.4631640315055847 -0.6405848860740662
vn -0.38342520594596863 0.3330894708633423 -0.861415445804596
vn -0.15071432292461395 0.20211629569530487 -0.9676952958106995
vn 0.04356496408581734 0.11418529599905014 -0.992503821849823
vn 0.19839118421077728 0.08232764154672623 -0.9766592383384705
vn 0.35825082659721375 0.13250616192817688 -0.9241744875907898
vn 0.4779953956604004 0.235524520277977 -0.8461965322494507
vn 0.6217162013053894 0.30692529678344727 -0.7206010818481445
vn -0.6850377321243286 0.5739509463310242 -0.44866877794265747
vn -0.5302167534828186 0.5200653076171875 -0.6696285009384155
vn -0.2868872582912445 0.4156615734100342 -0.8630881905555725
vn -0.03692222014069557 0.3206016421318054 -0.9464942812919617
vn 0.18518315255641937 0.27613040804862976 -0.9431114792823792
vn 0.36641108989715576 0.24506117403507233 -0.8976012468338013
vn 0.5663929581642151 0.3495276868343353 -0.7463440895080566
vn 0.6590602397918701 0.418872594833374 -0.6246482729911804
vn -0.3970228433609009 0.6355186104774475 -0.66218501329422
vn -0.1355200558900833 0.5606471300125122 -0.8168899416923523
vn 0.14362184703350067 0.4903791546821594 -0.8595935702323914
vn 0.4219264090061188 0.4453484117984772 -0.7897106409072876
vn -0.3933349549770355 0.8130459785461426 -0.4292365312576294
vn -0.19211286306381226 0.7927176356315613 -0.5785252451896667
vn 0.03668658062815666 0.7533063292503357 -0.6566457748413086
vn 0.3116517663002014 0.6738172769546509 -0.6699579358100891
vn -0.5988425016403198 -0.7041028141975403 -0.38161104917526245
vn -0.2922704815864563 -0.8096571564674377 -0.5089531540870667
vn -0.09602830559015274 -0.8201999664306641 -0.5639597773551941
vn 0.07536153495311737 -0.8072625994682312 -0.5853612422943115
vn 0.19114987552165985 -0.8120214343070984 -0.5514371395111084
vn 0.2706531286239624 -0.8065751791000366 -0.5255315899848938
vn -0.7262454628944397 -0.4612348675727844 -0.5097351670265198
vn 0.3976125121116638 -0.8028510212898254 -0.4442234933376312
vn -0.8814420104026794 -0.18472233414649963 -0.4346695840358734
vn 0.44367507100105286 -0.7319955825805664 -0.5170443654060364
vn 0.4390875995159149 -0.6930888295173645 -0.5716904401779175
vn 0.372511625289917 -0.7696120142936707 -0.5185869932174683
vn 0.34101372957229614 -0.8136019706726074 -0.47091567516326904
vn 0.4378792941570282 -0.7877961993217468 -0.4331730902194977
vn -0.919156014919281 -0.04507915675640106 -0.39130568504333496
vn 0.5860716700553894 -0.7657989859580994 -0.2647112011909485
vn -0.9244450926780701 0.012814796529710293 -0.3810998201370239
vn 0.6628484725952148 -0.6948691010475159 -0.2789067029953003
vn 0.6037322878837585 -0.6929685473442078 -0.3940836191177368
vn 0.6526928544044495 -0.6105925440788269 -0.44851845502853394
vn -0.921556293964386 0.032845739275217056 -0.3868529796600342
vn 0.8404042720794678 -0.4724251925945282 -0.2655844986438751
vn -0.9186822175979614 0.04465892165899277 -0.3924647569656372
vn 0.9136249423027039 -0.2779366970062256 -0.2967166304588318
vn -0.9204728007316589 0.06902254372835159 -0.3846631646156311
vn 0.9060059785842896 -0.2772245705127716 -0.3198432922363281
vn -0.9281168580055237 0.11487585306167603 -0.3541223704814911
vn 0.863411545753479 -0.40770813822746277 -0.29714420437812805
vn 0.7435880899429321 -0.5352972745895386 -0.40066638588905334
vn 0.7453134059906006 -0.48094406723976135 -0.46173664927482605
vn -0.9374752044677734 0.18470042943954468 -0.29500171542167664
vn 0.9148942232131958 -0.3268386423587799 -0.2369496375322342
vn -0.9286339282989502 0.28885212540626526 -0.23281660676002502
vn 0.9600895047187805 -0.05094471573829651 -0.2750142812728882
vn -0.8585956692695618 0.3337942659854889 -0.38909485936164856
vn -0.7594092488288879 0.34653836488723755 -0.550644040107727
vn -0.7708467841148376 0.39033985137939453 -0.5034183859825134
vn 0.9368962645530701 0.07480207830667496 -0.3415115177631378
vn -0.8141984343528748 0.41657131910324097 -0.40441229939460754
vn 0.9004743695259094 0.236949160695076 -0.3646930754184723
vn 0.799704372882843 0.4001385271549225 -0.4476183354854584
vn 0.8734011650085449 0.3620704710483551 -0.32569214701652527
vn -0.8402804136276245 0.4523617923259735 -0.29882723093032837
vn 0.696083128452301 0.3428766429424286 -0.6307963132858276
vn -0.8303185701370239 0.5188433527946472 -0.20340299606323242
vn 0.7106428146362305 0.35575443506240845 -0.6069806814193726
vn -0.7890865802764893 0.5286052227020264 -0.3129200339317322
vn -0.7378525733947754 0.528439462184906 -0.41991105675697327
vn -0.7445895075798035 0.5794962644577026 -0.33131635189056396
vn 0.7547626495361328 0.36879754066467285 -0.5425143241882324
vn -0.7466237545013428 0.6311086416244507 -0.21036849915981293
vn 0.78020840883255 0.41401273012161255 -0.46890124678611755
vn -0.6876845955848694 0.6372764110565186 -0.34780552983283997
vn -0.5914211273193359 0.6573175191879272 -0.4670703709125519
vn 0.7309938073158264 0.5290282368659973 -0.4310188591480255
vn 0.7692846655845642 0.5086202025413513 -0.38666099309921265
vn -0.554672122001648 0.759175717830658 -0.34057459235191345
vn 0.6514171957969666 0.4895646274089813 -0.5796396732330322
vn -0.4660990238189697 0.8630984425544739 -0.19445516169071198
vn 0.5787461996078491 0.6237824559211731 -0.5253077745437622
vn -0.24673204123973846 0.925902247428894 -0.2860566973686218
vn -0.0415337048470974 0.9302281141281128 -0.3646239936351776
vn 0.17180544137954712 0.8990122675895691 -0.4028148949146271
vn 0.4282557964324951 0.8080188035964966 -0.4046017527580261
vn -0.11675377935171127 -0.9482017159461975 -0.2954353392124176
vn 0.09279970824718475 -0.9391361474990845 -0.33077409863471985
vn -0.7388056516647339 -0.6565619111061096 -0.15196308493614197
vn -0.48149725794792175 -0.827704906463623 -0.28821009397506714
vn -0.29478415846824646 -0.8755874633789062 -0.38268643617630005
vn 0.012499361298978329 -0.8597804307937622 -0.5105108618736267
vn 0.2516874670982361 -0.8452510833740234 -0.4713852107524872
vn 0.3524380028247833 -0.8554970026016235 -0.3793577551841736
vn -0.21879824995994568 -0.8891403079032898 -0.4019414782524109
vn 0.06147848069667816 -0.8810724020004272 -0.4689689576625824
vn -0.8738183379173279 -0.4288434386253357 -0.22920481860637665
vn 0.4375203251838684 -0.8321563601493835 -0.34072256088256836
vn 0.5157245993614197 -0.8155137896537781 -0.2626129984855652
vn 0.6009830236434937 -0.772794246673584 -0.2039814591407776
vn -0.9638382792472839 -0.19377455115318298 -0.18294061720371246
vn 0.4677473306655884 -0.8061766028404236 -0.3623420298099518
vn 0.5104714632034302 -0.7388930320739746 -0.439836323261261
vn 0.533915638923645 -0.7702032327651978 -0.3488854765892029
vn 0.4503066837787628 -0.8487765789031982 -0.27713218331336975
vn 0.46424418687820435 -0.8542270064353943 -0.23403789103031158
vn 0.5465524196624756 -0.7777137160301208 -0.3105509281158447
vn 0.5966572761535645 -0.7684431672096252 -0.23129041492938995
vn -0.9813035726547241 -0.07144621014595032 -0.17871423065662384
vn 0.6064372062683105 -0.7820520401000977 -0.14362595975399017
vn -0.9812465310096741 -0.014892511069774628 -0.19218109548091888
vn 0.6727955341339111 -0.7317985892295837 -0.10870631039142609
vn 0.6999480724334717 -0.6980693340301514 -0.1509036272764206
vn 0.7444135546684265 -0.643844723701477 -0.17695344984531403
vn -0.9774715900421143 0.012614344246685505 -0.21068988740444183
vn 0.8883295655250549 -0.44722068309783936 -0.10423186421394348
vn -0.974302351474762 0.03790625184774399 -0.22203172743320465
vn 0.9373779892921448 -0.32878580689430237 -0.11498875170946121
vn -0.9730378985404968 0.07780998200178146 -0.21712404489517212
vn 0.9373817443847656 -0.3299981653690338 -0.1114303320646286
vn -0.9712522029876709 0.13941170275211334 -0.19295988976955414
vn 0.9195566773414612 -0.3892776668071747 -0.05365092307329178
vn 0.8643916249275208 -0.49098238348960876 -0.10845938324928284
vn 0.8544406890869141 -0.49995237588882446 -0.14134642481803894
vn -0.962012529373169 0.22162815928459167 -0.1594143509864807
vn 0.950461745262146 -0.30884912610054016 -0.03513867408037186
vn 0.9125397205352783 -0.40896689891815186 0.004165111109614372
vn 0.9041733145713806 -0.42682790756225586 -0.01698964461684227
vn -0.9436705112457275 0.3016252815723419 -0.13604538142681122
vn 0.986457347869873 -0.15793442726135254 -0.04425695165991783
vn -0.9103453159332275 0.3597969710826874 -0.2044934183359146
vn -0.857388973236084 0.4034043252468109 -0.31960776448249817
vn 0.9291701912879944 -0.36819568276405334 0.032784316688776016
vn 0.9412402510643005 -0.33676737546920776 0.025585785508155823
vn -0.8587009906768799 0.4340445101261139 -0.2724665701389313
vn 0.9920430779457092 0.030987616628408432 -0.12202609330415726
vn -0.8639914393424988 0.45740100741386414 -0.2104831486940384
vn 0.9787783026695251 0.1681470423936844 -0.11713100969791412
vn 0.9045683145523071 0.35952696204185486 -0.2291211485862732
vn 0.9320082068443298 0.3177851140499115 -0.17427951097488403
vn -0.8551661372184753 0.4964424669742584 -0.14911653101444244
vn 0.8262911438941956 0.39818182587623596 -0.398364394903183
vn -0.8283252716064453 0.5517088174819946 -0.0974401980638504
vn 0.8317321538925171 0.42126962542533875 -0.3615986406803131
vn -0.8084626793861389 0.572111189365387 -0.1381194144487381
vn -0.7842241525650024 0.5857320427894592 -0.20472067594528198
vn -0.7720885276794434 0.621575117111206 -0.13237690925598145
vn 0.843597948551178 0.44110697507858276 -0.306214302778244
vn -0.7588233351707458 0.6469143033027649 -0.07542629539966583
vn 0.8358855843544006 0.4905407428741455 -0.2463027983903885
vn -0.7309105396270752 0.668864905834198 -0.13560788333415985
vn -0.6714682579040527 0.7090722918510437 -0.21528324484825134
vn 0.771080732345581 0.609978973865509 -0.18264800310134888
vn 0.7900944352149963 0.5757119059562683 -0.2104913592338562
vn -0.6102096438407898 0.7808777689933777 -0.13369415700435638
vn 0.7198167443275452 0.6168051362037659 -0.318457692861557
vn -0.5042016506195068 0.8604802489280701 -0.07317423075437546
vn 0.6064237356185913 0.7584327459335327 -0.23880977928638458
vn -0.313616007566452 0.9429057836532593 -0.11213265359401703
vn -0.09115871787071228 0.9840719699859619 -0.15261882543563843
vn 0.12749317288398743 0.976222574710846 -0.1753140687942505
vn 0.3643486797809601 0.9131573438644409 -0.1827395260334015
vn -0.17837120592594147 -0.97614586353302 -0.12378590553998947
vn 0.02059619314968586 -0.9874624013900757 -0.15650507807731628
vn -0.3109322488307953 -0.921845555305481 -0.23134814202785492
vn 0.2421092540025711 -0.9410332441329956 -0.2363041639328003
vn 0.42013368010520935 -0.865079939365387 -0.27408847212791443
vn 0.5851951837539673 -0.7819125652313232 -0.21484747529029846
vn -0.4577404856681824 -0.8583710193634033 -0.23167411983013153
vn 0.3089527189731598 -0.8618171215057373 -0.4022678732872009
vn -0.792345404624939 -0.6077791452407837 -0.052852533757686615
vn -0.5846506357192993 -0.7958534359931946 -0.15748333930969238
vn 0.30147016048431396 -0.8193265795707703 -0.4876675605773926
vn 0.4837665557861328 -0.7946661710739136 -0.3667091429233551
vn 0.4834679365158081 -0.8362739682197571 -0.2586595416069031
vn 0.5343290567398071 -0.8209986090660095 -0.20113147795200348
vn 0.4687039256095886 -0.7940633893013 -0.387014240026474
vn 0.6050577759742737 -0.7432412505149841 -0.2854779064655304
vn -0.9086195230484009 -0.4104112982749939 -0.0772862508893013
vn 0.6021300554275513 -0.7849120497703552 -0.14612515270709991
vn -0.9738410115242004 -0.2183142900466919 -0.06302840262651443
vn 0.6386714577674866 -0.7573868632316589 -0.13588161766529083
vn 0.5708457827568054 -0.8033798933029175 -0.16945800185203552
vn 0.5408458113670349 -0.8297014236450195 -0.13813549280166626
vn -0.9908835291862488 -0.10925620794296265 -0.07882267236709595
vn 0.6244827508926392 -0.7770724296569824 -0.0786113515496254
vn -0.9928945899009705 -0.05206378921866417 -0.10700367391109467
vn 0.6979265809059143 -0.7149431109428406 -0.04189108684659004
vn 0.7499887347221375 -0.6592432856559753 -0.05399363115429878
vn 0.8108449578285217 -0.5815876126289368 -0.06547047942876816
vn -0.9909300208091736 -0.012950132600963116 -0.13375376164913177
vn 0.8994826674461365 -0.43543729186058044 -0.03640436753630638
vn -0.9885476231575012 0.03276846930384636 -0.1473086178302765
vn 0.9347332715988159 -0.3538965880870819 -0.03210841864347458
vn -0.9850854277610779 0.09448210150003433 -0.14380541443824768
vn 0.9400554895401001 -0.3404497504234314 -0.019741792231798172
vn -0.977031409740448 0.1701180785894394 -0.1283336877822876
vn 0.939236044883728 -0.3432692289352417 -0.0013944205129519105
vn -0.9624108076095581 0.2475387006998062 -0.11175932735204697
vn 0.9309235215187073 -0.36495357751846313 0.013795722275972366
vn -0.9436397552490234 0.3150700628757477 -0.10136585682630539
vn 0.9344333410263062 -0.354953408241272 0.029026279225945473
vn -0.9235383868217468 0.36273378133773804 -0.12450368702411652
vn -0.8941839337348938 0.4104110598564148 -0.1788794845342636
vn 0.9396058320999146 -0.34008070826530457 0.03854982554912567
vn 0.9668938517570496 -0.25408074259757996 0.02364981174468994
vn -0.8811131119728088 0.448803573846817 -0.1490471065044403
vn 0.9962148666381836 -0.08692532777786255 0.00007433552673319355
vn -0.8680352568626404 0.48393169045448303 -0.11101773381233215
vn 0.9953554272651672 0.08858730643987656 -0.03768119215965271
vn 0.9273373484611511 0.35071584582328796 -0.13055218756198883
vn 0.9673966765403748 0.23619823157787323 -0.09140072017908096
vn -0.8451250791549683 0.5289834141731262 -0.07707157731056213
vn 0.8780027627944946 0.4224987328052521 -0.22495785355567932
vn -0.810771107673645 0.583622395992279 -0.04511314630508423
vn 0.8637329936027527 0.46757620573043823 -0.18798372149467468
vn -0.7978056073188782 0.6004320383071899 -0.05465950444340706
vn -0.786148726940155 0.6127609610557556 -0.08058632165193558
vn -0.7697599530220032 0.6371129155158997 -0.03945642709732056
vn 0.8582613468170166 0.49158260226249695 -0.14742471277713776
vn -0.7582153677940369 0.6518994569778442 -0.011687321588397026
vn 0.8304983973503113 0.546447217464447 -0.10801844298839569
vn -0.7406905293464661 0.6707496643066406 -0.03837427869439125
vn -0.6966297030448914 0.7131159901618958 -0.07856688648462296
vn 0.7565767168998718 0.6519511938095093 -0.05051075294613838
vn 0.8004580736160278 0.5944103002548218 -0.07709318399429321
vn -0.6328629851341248 0.7731828689575195 -0.04089931771159172
vn 0.6999815106391907 0.7033901214599609 -0.12356453388929367
vn -0.5273761749267578 0.849521279335022 -0.013713238760828972
vn 0.5455783009529114 0.8343308568000793 -0.07897090911865234
vn -0.3495875895023346 0.9363575577735901 -0.03198537230491638
vn -0.12827666103839874 0.9905632734298706 -0.048265453428030014
vn 0.10338379442691803 0.9929866790771484 -0.05735272541642189
vn 0.330130934715271 0.9419865012168884 -0.060622233897447586
vn -0.2186119258403778 -0.975038468837738 -0.03884417563676834
vn -0.0016581187956035137 -0.9985639452934265 -0.05354674533009529
vn 0.19963207840919495 -0.974114179611206 -0.1060599684715271
vn 0.38005340099334717 -0.9138140678405762 -0.14318978786468506
vn -0.39846453070640564 -0.9113996028900146 -0.10284367203712463
vn 0.5404666066169739 -0.8385125398635864 -0.06922861933708191
vn -0.5585784316062927 -0.8247411847114563 -0.08827339112758636
vn 0.6658231019973755 -0.7373750805854797 -0.11383124440908432
vn -0.8284757137298584 -0.5599178671836853 -0.01095765270292759
vn -0.6980107426643372 -0.7144985198974609 -0.047675762325525284
vn 0.6031543016433716 -0.7736831307411194 -0.19395707547664642
vn 0.5626251101493835 -0.8127847909927368 -0.1511087268590927
vn -0.9161125421524048 -0.40054503083229065 -0.01736556924879551
vn 0.6298701763153076 -0.771216869354248 -0.09213138371706009
vn -0.9682022333145142 -0.24880753457546234 -0.026064038276672363
vn 0.6522420644760132 -0.7553765177726746 -0.0631394013762474
vn 0.6307177543640137 -0.7716543078422546 -0.08212650567293167
vn 0.6022091507911682 -0.7943496704101562 -0.07970482856035233
vn -0.9857068061828613 -0.15754291415214539 -0.05968569964170456
vn 0.6576706767082214 -0.7524088621139526 -0.036745522171258926
vn -0.9903711080551147 -0.09677087515592575 -0.09899728000164032
vn 0.7229630947113037 -0.6908296942710876 -0.008870153687894344
vn 0.7788373231887817 -0.6271275281906128 -0.011117863468825817
vn 0.8408921957015991 -0.540955662727356 -0.016353387385606766
vn -0.9907990097999573 -0.03789560869336128 -0.12992799282073975
vn 0.9046711325645447 -0.426110178232193 -0.0005655564018525183
vn -0.9894586801528931 0.04005536064505577 -0.139165997505188
vn 0.9336181879043579 -0.35822683572769165 0.005532808601856232
vn -0.9834583401679993 0.12509652972221375 -0.13099852204322815
vn 0.941829264163971 -0.3359310030937195 0.010397693142294884
vn -0.9722868800163269 0.2017858624458313 -0.11807138472795486
vn 0.9399285316467285 -0.3410833477973938 0.014018547721207142
vn -0.9555122256278992 0.2743132710456848 -0.10839097201824188
vn 0.93434077501297 -0.3562411069869995 0.009984226897358894
vn 0.9310937523841858 -0.36472803354263306 -0.00615487527102232
vn 0.9449977278709412 -0.32706019282341003 -0.0033174629788845778
vn -0.9335174560546875 0.3435629904270172 -0.10251688212156296
vn 0.933068037033081 -0.3595677614212036 0.009751668199896812
vn -0.9227407574653625 0.37361809611320496 -0.094651959836483
vn -0.9025593996047974 0.41535452008247375 -0.1134336069226265
vn 0.936821699142456 -0.34886348247528076 0.02567964419722557
vn 0.961032509803772 -0.27544042468070984 0.023433877155184746
vn 0.936074435710907 -0.3517264723777771 0.0072896433994174
vn 0.9560872912406921 -0.2930647134780884 0.003206305205821991
vn -0.8799717426300049 0.46577879786491394 -0.0932731032371521
vn 0.9909536838531494 -0.13413234055042267 0.004399084951728582
vn -0.9082724452018738 0.40873420238494873 -0.08931761234998703
vn -0.9001858234405518 0.42668163776397705 -0.08722542226314545
vn -0.8542426228523254 0.5155588984489441 -0.06684768199920654
vn 0.9975820779800415 0.06525757908821106 -0.023905055597424507
vn 0.9217716455459595 0.38064756989479065 -0.07378758490085602
vn 0.9689493179321289 0.24196986854076385 -0.05087071657180786
vn -0.8883359432220459 0.45012393593788147 -0.09081742912530899
vn -0.877507746219635 0.47292423248291016 -0.07951640337705612
vn -0.8263195157051086 0.561404824256897 -0.04495047405362129
vn 0.8801670074462891 0.45883381366729736 -0.12156333774328232
vn 0.8790982365608215 0.4740432798862457 -0.049692463129758835
vn 0.9383102655410767 0.34497642517089844 -0.02377329394221306
vn -0.7913853526115417 0.6107736825942993 -0.025782600045204163
vn 0.8534085750579834 0.5161468386650085 -0.07270742207765579
vn -0.7800353169441223 0.6254703998565674 -0.018210524693131447
vn -0.7744680047035217 0.6322519183158875 -0.021373232826590538
vn 0.8392073512077332 0.543685257434845 -0.011718152090907097
vn 0.8802205920219421 0.47454673051834106 -0.004146045073866844
vn -0.7612021565437317 0.6485146880149841 0.0002718909818213433
vn 0.8453772068023682 0.5314541459083557 -0.053796008229255676
vn -0.753760814666748 0.6570315361022949 0.012420222163200378
vn 0.8228369951248169 0.567969799041748 -0.01869804784655571
vn -0.7435274124145508 0.6686853766441345 0.005182045046240091
vn -0.70774245262146 0.7063411474227905 -0.01352478563785553
vn 0.7438254356384277 0.6683027148246765 0.009761951863765717
vn 0.7974082231521606 0.6034398674964905 -0.0006994084105826914
vn -0.6462617516517639 0.7631086111068726 0.0033308961428701878
vn 0.6630753874778748 0.7481923699378967 -0.023219777271151543
vn -0.5414005517959595 0.8406128883361816 0.01598150096833706
vn 0.510057806968689 0.860114336013794 -0.006669811904430389
vn -0.369891881942749 0.9290522336959839 0.006474863737821579
vn -0.14948950707912445 0.9887630343437195 -0.0008419147343374789
vn 0.08763469755649567 0.9961467981338501 -0.0034334599040448666
vn 0.3123563528060913 0.9499611258506775 -0.0027304303366690874
vn -0.2366737276315689 -0.9715579748153687 0.007793521974235773
vn -0.018085701391100883 -0.99979168176651 0.009461510926485062
vn 0.15603391826152802 -0.9877427816390991 0.004199960734695196
vn 0.32542097568511963 -0.9455085396766663 -0.010714218020439148
vn -0.42896077036857605 -0.9027891755104065 -0.031054994091391563
vn 0.5310727953910828 -0.8471719026565552 0.0161725003272295
vn -0.5937945246696472 -0.8043245673179626 -0.021680960431694984
vn 0.614435613155365 -0.7888632416725159 0.012795867398381233
vn -0.8293629288673401 -0.5583716630935669 -0.019449520856142044
vn -0.7284157872200012 -0.6850335001945496 -0.011814759112894535
vn 0.6465069055557251 -0.7607336640357971 -0.05756063386797905
vn 0.6195414066314697 -0.780393123626709 -0.08458792418241501
vn -0.9125940203666687 -0.408658504486084 -0.013051728717982769
vn 0.6467288136482239 -0.7617008686065674 -0.03941688686609268
vn -0.9531137347221375 -0.29869964718818665 -0.04850640147924423
vn 0.6584332585334778 -0.7524716258049011 -0.015880098566412926
vn 0.6560336351394653 -0.7540667653083801 -0.03167344629764557
vn 0.6470305919647217 -0.7615528702735901 -0.03726590797305107
vn -0.9704146385192871 -0.21966904401779175 -0.10020460933446884
vn 0.6856505274772644 -0.7278829216957092 -0.008368379436433315
vn -0.9788714647293091 -0.14307688176631927 -0.1460811197757721
vn 0.7407505512237549 -0.6716994047164917 0.010418904013931751
vn 0.795981764793396 -0.6052362322807312 0.010106355883181095
vn 0.8554683327674866 -0.5177870392799377 0.008402238599956036
vn -0.9812995791435242 -0.05200774967670441 -0.18532809615135193
vn 0.9077206254005432 -0.4192172884941101 0.01732790470123291
vn -0.9633030891418457 -0.07820835709571838 -0.2567695677280426
vn -0.9638869762420654 -0.10432691872119904 -0.24502608180046082
vn -0.9816713333129883 0.08356896787881851 -0.17128245532512665
vn 0.9335503578186035 -0.3578633964061737 0.020433172583580017
vn -0.9715548753738403 0.01235945988446474 -0.2364918738603592
vn -0.9726725220680237 0.01142557617276907 -0.2319001853466034
vn -0.9765746593475342 0.16374658048152924 -0.13960349559783936
vn 0.9411140084266663 -0.3374101221561432 0.021421587094664574
vn -0.9631072878837585 0.2335096150636673 -0.1337820589542389
vn 0.9356386661529541 -0.35224589705467224 0.022430138662457466
vn 0.9249443411827087 -0.3800400197505951 0.006896801758557558
vn 0.9273089170455933 -0.37429681420326233 -0.0003348351165186614
vn -0.9447706341743469 0.3017750680446625 -0.12782937288284302
vn 0.9468553066253662 -0.3209833800792694 0.020849768072366714
vn -0.9284380078315735 0.3499610424041748 -0.12462016195058823
vn 0.9707719683647156 -0.23917849361896515 0.019890766590833664
vn -0.9078120589256287 0.40453848242759705 -0.11057060956954956
vn 0.9924771785736084 -0.1220129057765007 0.010095575824379921
vn -0.8751979470252991 0.47223496437072754 -0.10498939454555511
vn 0.9993302822113037 0.03236839547753334 0.01706625334918499
vn -0.8586136698722839 0.5058905482292175 -0.08280982077121735
vn -0.8442850112915039 0.5314378142356873 -0.06896870583295822
vn -0.8128983974456787 0.5803241729736328 -0.049194417893886566
vn 0.9823946356773376 0.18664908409118652 0.007933316752314568
vn -0.7701190114021301 0.6367650628089905 -0.038040176033973694
vn 0.9462231397628784 0.323203980922699 0.01417782437056303
vn -0.7610425353050232 0.6485347151756287 -0.014734560623764992
vn -0.7594752311706543 0.6505346298217773 -0.0014461888931691647
vn 0.8170432448387146 0.5742207169532776 0.05206693708896637
vn 0.8751611113548279 0.48222506046295166 0.03939580172300339
vn -0.7498650550842285 0.6615567207336426 0.006725362967699766
vn 0.8274776935577393 0.561384916305542 0.011302665807306767
vn -0.7441489696502686 0.6679406762123108 0.009879578836262226
vn 0.8244024515151978 0.5649595260620117 0.034371268004179
vn -0.7413169145584106 0.6708884239196777 0.01892063021659851
vn -0.7130125761032104 0.7009762525558472 0.01566794328391552
vn 0.7443727850914001 0.6671727299690247 0.028104176744818687
vn 0.8012303709983826 0.597456693649292 0.032794784754514694
vn -0.6523485779762268 0.7575511336326599 0.02361658588051796
vn 0.6454574465751648 0.7636012434959412 0.017261803150177002
vn -0.5476300716400146 0.8361523151397705 0.030832407996058464
vn 0.4978584945201874 0.8670273423194885 0.020013246685266495
vn -0.3822990357875824 0.9236860871315002 0.02552386000752449
vn -0.16227227449417114 0.9865409135818481 0.020118674263358116
vn 0.07942284643650055 0.9966821074485779 0.01779934950172901
vn 0.30616602301597595 0.9517915844917297 0.018845893442630768
vn -0.20688778162002563 -0.9776813983917236 0.036558084189891815
vn -0.0355827659368515 -0.9982245564460754 0.04776602238416672
vn 0.16816523671150208 -0.9835431575775146 0.06605543941259384
vn 0.3324037790298462 -0.9415243864059448 0.055132701992988586
vn -0.431812047958374 -0.9019546508789062 0.004028060007840395
vn 0.48912960290908813 -0.868819534778595 0.07684288918972015
vn 0.2866860628128052 -0.9527266621589661 0.1006133034825325
vn 0.34609150886535645 -0.9329857230186462 0.09878457337617874
vn -0.5981292724609375 -0.8013479113578796 -0.009110801853239536
vn 0.5582712292671204 -0.8252485990524292 0.08542865514755249
vn -0.8008829951286316 -0.5947080254554749 -0.07006317377090454
vn -0.7228742241859436 -0.6903162002563477 -0.030274489894509315
vn 0.6113478541374207 -0.7903358340263367 0.04028894379734993
vn 0.6354386210441589 -0.7720447182655334 -0.012834705412387848
vn 0.38342827558517456 -0.9169759154319763 0.11017259955406189
vn 0.4502142071723938 -0.8854246139526367 0.1154576987028122
vn -0.8899081349372864 -0.4526166319847107 -0.05658359080553055
vn 0.6455033421516418 -0.7637304067611694 0.006433072499930859
vn -0.9208781719207764 -0.3720918893814087 -0.11632271111011505
vn 0.6526610851287842 -0.7575192451477051 0.014075891114771366
vn 0.6649162173271179 -0.746917724609375 0.000574086036067456
vn 0.6705650687217712 -0.7418220043182373 -0.006531315855681896
vn -0.9347292184829712 -0.2992956340312958 -0.1915813684463501
vn 0.7025178670883179 -0.7115830183029175 0.01088036596775055
vn -0.8961390852928162 -0.35405802726745605 -0.26754000782966614
vn -0.8845523595809937 -0.3916417360305786 -0.25334542989730835
vn -0.9549994468688965 -0.18827883899211884 -0.22918793559074402
vn 0.7522916197776794 -0.6583766937255859 0.024442922323942184
vn -0.9569504857063293 -0.14567382633686066 -0.25104767084121704
vn -0.9465972781181335 -0.18382124602794647 -0.2648838758468628
vn 0.8058218359947205 -0.591701090335846 0.023259643465280533
vn 0.8627330660820007 -0.5052047967910767 0.02144329808652401
vn -0.9335957169532776 -0.24505195021629333 -0.26143574714660645
vn -0.9223530888557434 -0.2860089838504791 -0.25973784923553467
vn -0.9714457392692566 -0.05419855937361717 -0.23098856210708618
vn 0.9090965986251831 -0.4157104790210724 0.02698487974703312
vn -0.9737154841423035 0.06100451573729515 -0.21944624185562134
vn 0.9332774877548218 -0.35788384079933167 0.03020428866147995
vn -0.9702210426330566 0.09316316992044449 -0.22358852624893188
vn -0.9711669087409973 0.11158972233533859 -0.2106717824935913
vn -0.9664756655693054 0.1839139461517334 -0.17916588485240936
vn 0.941650927066803 -0.33460378646850586 0.03652216121554375
vn -0.9654266834259033 0.15504249930381775 -0.2095545530319214
vn -0.9650589823722839 0.16028912365436554 -0.20728854835033417
vn -0.947169840335846 0.27620846033096313 -0.16302835941314697
vn 0.9408851265907288 -0.33341485261917114 0.05974734202027321
vn 0.9271618127822876 -0.3725995123386383 0.03925008326768875
vn 0.9299880862236023 -0.3664722740650177 0.02864192984998226
vn -0.9573673605918884 0.2102009356021881 -0.19814975559711456
vn -0.9528779983520508 0.22993089258670807 -0.19787713885307312
vn -0.9334198236465454 0.32909825444221497 -0.14290490746498108
vn 0.9555521607398987 -0.2896813154220581 0.05481685698032379
vn 0.9370753169059753 -0.3385275602340698 0.08537586778402328
vn 0.937299907207489 -0.3427116274833679 0.06338507682085037
vn -0.9153344631195068 0.3780907988548279 -0.1386009305715561
vn 0.9764620661735535 -0.20447510480880737 0.06864239275455475
vn 0.9472292065620422 -0.2936656177043915 0.12852001190185547
vn 0.9539732336997986 -0.283626914024353 0.09742101281881332
vn -0.8879628777503967 0.44077712297439575 -0.13129177689552307
vn 0.9944744110107422 -0.08012139797210693 0.06783269345760345
vn -0.8545586466789246 0.5038745999336243 -0.1258571594953537
vn 0.9936975836753845 0.07550446689128876 0.08285094797611237
vn -0.8382675647735596 0.5362521409988403 -0.098697230219841
vn -0.8222429752349854 0.5643985271453857 -0.07328569889068604
vn -0.7818673253059387 0.6198633909225464 -0.06673021614551544
vn 0.9749439358711243 0.20818471908569336 0.07838016748428345
vn 0.897342324256897 0.38090038299560547 0.22291624546051025
vn 0.9581788182258606 0.23933638632297516 0.15688049793243408
vn -0.7472144961357117 0.6609377861022949 -0.06951134651899338
vn 0.9242993593215942 0.3737579584121704 0.07730317860841751
vn -0.7405036091804504 0.6709691286087036 -0.038143958896398544
vn -0.742452085018158 0.6698079705238342 -0.011053561232984066
vn 0.7996488809585571 0.5851655006408691 0.1346960812807083
vn 0.8430448174476624 0.525861382484436 0.11289483308792114
vn 0.8386996388435364 0.5116270780563354 0.18660292029380798
vn 0.9125011563301086 0.38331618905067444 0.14286479353904724
vn -0.733434796333313 0.6796535849571228 -0.012015333399176598
vn 0.8233078718185425 0.5606303215026855 0.08864432573318481
vn -0.7241228222846985 0.6895707845687866 -0.011761059984564781
vn 0.8411095142364502 0.5374627709388733 0.060568828135728836
vn -0.7298501133918762 0.6834782361984253 0.013277193531394005
vn -0.7104922533035278 0.7032837867736816 0.02434641681611538
vn 0.7557607889175415 0.6544321179389954 0.02333097904920578
vn 0.8174946308135986 0.574658989906311 0.03833634406328201
vn -0.6489208340644836 0.7602089643478394 0.03137146309018135
vn 0.6443226933479309 0.764358401298523 0.024589700624346733
vn -0.5455989241600037 0.8371301889419556 0.03917869180440903
vn 0.49744635820388794 0.8672080039978027 0.022305309772491455
vn -0.38995829224586487 0.9201028943061829 0.0366504080593586
vn -0.17334936559200287 0.9843871593475342 0.03052986040711403
vn 0.07211153209209442 0.9970924258232117 0.024630581960082054
vn 0.30427858233451843 0.9523327350616455 0.021837396547198296
vn -0.15663835406303406 -0.9875427484512329 0.014956875704228878
vn 0.07139118015766144 -0.9952106475830078 0.06677725911140442
vn -0.4093415141105652 -0.9123808145523071 -0.0008724737563170493
vn 0.2673322856426239 -0.9598151445388794 0.08537202328443527
vn -0.58127361536026 -0.8127997517585754 -0.03843965753912926
vn 0.39366814494132996 -0.914210319519043 0.09615088999271393
vn -0.7492929697036743 -0.6480242609977722 -0.13647237420082092
vn -0.691588282585144 -0.7176436185836792 -0.08181316405534744
vn 0.4642334282398224 -0.8788902759552002 0.10972332954406738
vn 0.5354971289634705 -0.8391948938369751 0.09484129399061203
vn 0.5768385529518127 -0.8141129016876221 0.06691459566354752
vn 0.6187210083007812 -0.7847950458526611 0.03579344600439072
vn -0.8424583077430725 -0.522617757320404 -0.13089974224567413
vn 0.626713216304779 -0.7785439491271973 0.03316428139805794
vn -0.857279896736145 -0.4687612056732178 -0.21291810274124146
vn 0.6382561922073364 -0.7694111466407776 0.025210842490196228
vn -0.8867301940917969 -0.388493150472641 -0.2505647838115692
vn -0.8531637191772461 -0.4523189663887024 -0.25984451174736023
vn 0.6638654470443726 -0.7476553916931152 0.01715034618973732
vn 0.6809912323951721 -0.7321822643280029 0.012654119171202183
vn -0.9274904131889343 -0.28320950269699097 -0.24403661489486694
vn 0.7138494253158569 -0.6998791098594666 0.024255305528640747
vn -0.958477795124054 -0.16997230052947998 -0.22897538542747498
vn 0.7634925246238708 -0.6446848511695862 0.03821949288249016
vn 0.8128796219825745 -0.5812904238700867 0.03644482418894768
vn 0.8664964437484741 -0.49815571308135986 0.03201213851571083
vn -0.9733104109764099 -0.05223431810736656 -0.2234691083431244
vn 0.9100452661514282 -0.41270893812179565 0.03858765959739685
vn -0.9762561321258545 0.053235456347465515 -0.2099759727716446
vn 0.9342039823532104 -0.35366925597190857 0.04670128971338272
vn -0.9684223532676697 0.14959558844566345 -0.19944754242897034
vn 0.9448574185371399 -0.32155388593673706 0.06202853098511696
vn -0.9554983973503113 0.23021121323108673 -0.1844606250524521
vn 0.9510683417320251 -0.2971092462539673 0.08482386916875839
vn -0.9434680342674255 0.27106228470802307 -0.19077052175998688
vn -0.9368623495101929 0.29569384455680847 -0.18669281899929047
vn -0.9228206276893616 0.34667229652404785 -0.16798929870128632
vn 0.9491581320762634 -0.29355043172836304 0.11369749158620834
vn -0.8986405730247498 0.40981152653694153 -0.15652386844158173
vn 0.9546974301338196 -0.24592046439647675 0.1675589233636856
vn 0.9579280614852905 -0.24075233936309814 0.15624387562274933
vn 0.9722403883934021 -0.2012639343738556 0.1193377748131752
vn -0.8694679737091064 0.4708360433578491 -0.14946193993091583
vn 0.9893694519996643 -0.07657165825366974 0.12363221496343613
vn -0.8364852666854858 0.5277534127235413 -0.14754261076450348
vn 0.9861590266227722 0.08441772311925888 0.14270277321338654
vn -0.8169094920158386 0.5633043050765991 -0.12388372421264648
vn -0.798417329788208 0.5944535732269287 -0.09568075090646744
vn 0.9029732942581177 0.3244636654853821 0.28171366453170776
vn 0.9482857584953308 0.21932871639728546 0.22945396602153778
vn -0.7614152431488037 0.6404326558113098 -0.10046351701021194
vn 0.8455721139907837 0.468648761510849 0.2556877136230469
vn -0.730868399143219 0.6727569699287415 -0.11501961201429367
vn 0.8368985056877136 0.5144003033638 0.18706516921520233
vn -0.7195809483528137 0.6896160244941711 -0.08144401013851166
vn -0.7215210199356079 0.6909790635108948 -0.04422036185860634
vn -0.7069569230079651 0.7055720090866089 -0.04878675192594528
vn 0.8766876459121704 0.4695601165294647 0.1045566201210022
vn -0.6873577833175659 0.7249836921691895 -0.04402396082878113
vn 0.8752596378326416 0.48033609986305237 0.05655023828148842
vn -0.7027902603149414 0.7113853693008423 -0.0040876604616642
vn -0.6954335570335388 0.7182719707489014 0.021389547735452652
vn 0.7702749371528625 0.6376557946205139 0.00846882350742817
vn 0.8417620062828064 0.5392544269561768 0.02532939985394478
vn -0.6331959962844849 0.7732529044151306 0.033806778490543365
vn 0.6505527496337891 0.7592963576316833 0.015820197761058807
vn -0.5350257158279419 0.8436259627342224 0.04519765451550484
vn 0.49840644001960754 0.8668193817138672 0.014670901000499725
vn -0.39361143112182617 0.9181509613990784 0.045485857874155045
vn -0.18658089637756348 0.981654167175293 0.03927608206868172
vn 0.058698803186416626 0.9978593587875366 0.02882997691631317
vn 0.29798203706741333 0.9543755054473877 0.019344937056303024
vn -0.11797928810119629 -0.9927988052368164 -0.020771270617842674
vn 0.0987236350774765 -0.9943597316741943 0.03875960782170296
vn -0.3795258402824402 -0.9243985414505005 -0.03804604709148407
vn 0.2982931137084961 -0.9526329040527344 0.05926019325852394
vn -0.5523083806037903 -0.8288124799728394 -0.08958490937948227
vn 0.4134608507156372 -0.9084734916687012 0.061041515320539474
vn -0.6859788298606873 -0.7029606699943542 -0.18782827258110046
vn -0.6475057005882263 -0.7496245503425598 -0.13711118698120117
vn 0.4571886360645294 -0.8854476809501648 0.0834323912858963
vn 0.49713972210884094 -0.8632555603981018 0.08741804212331772
vn 0.5428304672241211 -0.8364155292510986 0.07579071074724197
vn 0.5877627730369568 -0.8071168661117554 0.05565410479903221
vn -0.7691205143928528 -0.604138970375061 -0.20849403738975525
vn 0.5994827151298523 -0.7995595932006836 0.03640085831284523
vn -0.7466564178466797 -0.6277005076408386 -0.22021885216236115
vn -0.7170902490615845 -0.6607776284217834 -0.22170817852020264
vn -0.8001859188079834 -0.5454263091087341 -0.24942442774772644
vn 0.6239888072013855 -0.7811796069145203 0.019908800721168518
vn -0.8792352080345154 -0.417322039604187 -0.22975601255893707
vn -0.827858030796051 -0.5009939670562744 -0.2523016929626465
vn 0.6616554856300354 -0.7495335936546326 0.020283790305256844
vn 0.6879408359527588 -0.7254210114479065 0.02240217663347721
vn -0.8184272050857544 -0.5271955728530884 -0.22856459021568298
vn -0.7711405754089355 -0.5901249051094055 -0.23894548416137695
vn -0.9308294653892517 -0.2902587652206421 -0.22205045819282532
vn 0.7280148863792419 -0.6846982836723328 0.03438977152109146
vn -0.9619444608688354 -0.161507710814476 -0.22040458023548126
vn 0.7803905010223389 -0.6230478286743164 0.05293451249599457
vn 0.8221163749694824 -0.5667916536331177 0.053590886294841766
vn 0.8703402280807495 -0.4901812970638275 0.047224707901477814
vn -0.9782099723815918 -0.030306501314044 -0.20539423823356628
vn 0.9127097129821777 -0.4044460654258728 0.05817583203315735
vn -0.976969838142395 0.09162819385528564 -0.19270244240760803
vn 0.937393069267273 -0.34073972702026367 0.07204687595367432
vn -0.9653028845787048 0.18341012299060822 -0.18587934970855713
vn 0.9502090811729431 -0.298458456993103 0.08958438038825989
vn -0.9489157199859619 0.26009684801101685 -0.17862999439239502
vn 0.957879900932312 -0.2648085951805115 0.11109688133001328
vn -0.9387881755828857 0.2939496338367462 -0.17963963747024536
vn -0.9267271757125854 0.32778477668762207 -0.18366800248622894
vn -0.9064328670501709 0.38442057371139526 -0.17492954432964325
vn 0.9634690880775452 -0.228303000330925 0.14001823961734772
vn -0.9293977618217468 0.3255027234554291 -0.17397665977478027
vn -0.9205775260925293 0.34794318675994873 -0.17740513384342194
vn -0.8820300698280334 0.44013410806655884 -0.16824065148830414
vn 0.9696579575538635 -0.1591528356075287 0.18556350469589233
vn 0.9616222381591797 -0.17848612368106842 0.20838764309883118
vn 0.9737646579742432 -0.1483590453863144 0.1725456863641739
vn -0.9185408353805542 0.3555848002433777 -0.17274919152259827
vn -0.9046397805213928 0.38807207345962524 -0.17614446580410004
vn -0.8547201752662659 0.4935161769390106 -0.16092006862163544
vn 0.9819945096969604 -0.029435062780976295 0.18660220503807068
vn 0.9654940366744995 -0.07203824818134308 0.25026339292526245
vn 0.9687807559967041 -0.09236051142215729 0.23007264733314514
vn -0.8271036148071289 0.5371795296669006 -0.16534161567687988
vn 0.9701523184776306 0.08900252729654312 0.22557257115840912
vn -0.8016221523284912 0.5781880021095276 -0.15198880434036255
vn -0.7798752188682556 0.6124988198280334 -0.1289958953857422
vn 0.9262186288833618 0.23599612712860107 0.2939811646938324
vn 0.9417057633399963 0.17214329540729523 0.28906235098838806
vn 0.9576980471611023 0.07452194392681122 0.27795860171318054
vn 0.9633906483650208 0.020115219056606293 0.26734599471092224
vn -0.7477677464485168 0.6484020352363586 -0.1428927630186081
vn 0.901641309261322 0.3542099893093109 0.2481495440006256
vn -0.7206444144248962 0.6744694113731384 -0.1605079025030136
vn 0.9208887219429016 0.3613331913948059 0.14629513025283813
vn -0.699330747127533 0.7021602392196655 -0.13381914794445038
vn -0.6937738656997681 0.714281439781189 -0.09208586812019348
vn -0.6665258407592773 0.7397254109382629 -0.09246445447206497
vn 0.9245817065238953 0.3728081285953522 0.0785035490989685
vn -0.6302306056022644 0.7725315690040588 -0.07748840004205704
vn 0.9084236025810242 0.4167904257774353 0.032441094517707825
vn -0.6545174717903137 0.7556136250495911 -0.025594407692551613
vn -0.6628268957138062 0.7486411333084106 0.01403488963842392
vn 0.7802222371101379 0.625474214553833 -0.005947043187916279
vn 0.8632782697677612 0.50469970703125 0.005378518253564835
vn -0.6040248870849609 0.7961540222167969 0.03595580533146858
vn 0.6552895903587341 0.755370557308197 0.003305720863863826
vn -0.5181291699409485 0.8538337349891663 0.0501009039580822
vn 0.4925071597099304 0.87027508020401 0.007621141150593758
vn -0.3935464918613434 0.9178006052970886 0.05256672203540802
vn -0.2032150775194168 0.9778907299041748 0.04933074116706848
vn 0.03490607813000679 0.9987272620201111 0.03640853613615036
vn 0.28052204847335815 0.9596414566040039 0.019892066717147827
vn -0.04561946541070938 -0.9968359470367432 -0.0650918036699295
vn 0.1504083275794983 -0.9886035919189453 0.0063453251495957375
vn -0.34719666838645935 -0.9329233169555664 -0.095439113676548
vn 0.340938925743103 -0.9397725462913513 0.024254662916064262
vn -0.3632209002971649 -0.9229856133460999 -0.12715460360050201
vn -0.26474729180336 -0.9578570127487183 -0.11144016683101654
vn -0.5334510803222656 -0.8349857330322266 -0.13501444458961487
vn 0.435375452041626 -0.8998838663101196 0.025636933743953705
vn -0.7345401644706726 -0.6488673686981201 -0.19854947924613953
vn -0.6893810629844666 -0.6960827708244324 -0.20055586099624634
vn -0.6311500668525696 -0.753808856010437 -0.18281632661819458
vn -0.5984744429588318 -0.783961296081543 -0.1650242954492569
vn 0.4600473940372467 -0.8866984248161316 0.04606848210096359
vn 0.4793875515460968 -0.87574303150177 0.05711209774017334
vn 0.5101616978645325 -0.8581936955451965 0.056908778846263885
vn 0.5532415509223938 -0.8316182494163513 0.04832122474908829
vn -0.5357294082641602 -0.8283643126487732 -0.16372737288475037
vn -0.4629981219768524 -0.8744913935661316 -0.14456000924110413
vn -0.8051740527153015 -0.5544118881225586 -0.2105286568403244
vn 0.5747590065002441 -0.8180263042449951 0.02202519029378891
vn -0.8812471032142639 -0.42075207829475403 -0.2153397798538208
vn 0.6166254281997681 -0.7872368693351746 0.005591261200606823
vn 0.6658529043197632 -0.7459550499916077 0.013822163455188274
vn 0.7003003358840942 -0.7134128212928772 0.024933820590376854
vn -0.9342138767242432 -0.27772068977355957 -0.22386537492275238
vn 0.7512232661247253 -0.6587653160095215 0.04113256558775902
vn -0.9675412774085999 -0.13141553103923798 -0.21585625410079956
vn 0.8057661652565002 -0.5886797904968262 0.06478414684534073
vn 0.8365494608879089 -0.5430971384048462 0.07232136279344559
vn 0.8771950602531433 -0.4753013849258423 0.0679522156715393
vn -0.9794923067092896 0.0081794960424304 -0.20131570100784302
vn 0.9180415868759155 -0.38787323236465454 0.08218362182378769
vn -0.9741466641426086 0.12000324577093124 -0.19140943884849548
vn 0.9419083595275879 -0.32207944989204407 0.09525556117296219
vn -0.9614182114601135 0.2021232396364212 -0.18660463392734528
vn 0.9559672474861145 -0.273903489112854 0.10537358373403549
vn -0.9486382603645325 0.25925499200820923 -0.1813073307275772
vn 0.9655697345733643 -0.2326384335756302 0.11642368137836456
vn -0.9342847466468811 0.3107472360134125 -0.17478066682815552
vn 0.9738175272941589 -0.18586385250091553 0.13089744746685028
vn -0.9168103933334351 0.36098888516426086 -0.17072142660617828
vn 0.9817456007003784 -0.12724703550338745 0.14136426150798798
vn -0.8998544216156006 0.4006323516368866 -0.1724984049797058
vn -0.8822463154792786 0.43656274676322937 -0.1762225478887558
vn -0.8557963371276855 0.4871843755245209 -0.1739656627178192
vn 0.9808427095413208 -0.03822256624698639 0.1910148411989212
vn -0.8227056264877319 0.5381191968917847 -0.18325716257095337
vn 0.9686298966407776 0.1340320110321045 0.2092643529176712
vn -0.7938346266746521 0.5819995999336243 -0.17636075615882874
vn -0.7690587043762207 0.6178411245346069 -0.16377143561840057
vn -0.7396932244300842 0.6487458944320679 -0.1788373440504074
vn 0.9654897451400757 0.215674489736557 0.14599353075027466
vn -0.7837747931480408 0.5901537537574768 -0.193431556224823
vn -0.7642815709114075 0.617868959903717 -0.18469369411468506
vn -0.7146459221839905 0.6751783490180969 -0.18279917538166046
vn 0.9639096856117249 0.2519342005252838 0.0860658809542656
vn -0.6822490096092224 0.7084139585494995 -0.18079274892807007
vn -0.6597421765327454 0.7386350035667419 -0.13841460645198822
vn -0.7720292806625366 0.603891909122467 -0.1982053816318512
vn -0.7337506413459778 0.6496344208717346 -0.19896021485328674
vn -0.6183022856712341 0.775264322757721 -0.1291029453277588
vn 0.9558224678039551 0.29157862067222595 0.03721971437335014
vn -0.6173190474510193 0.7639088034629822 -0.1880442053079605
vn -0.6252421140670776 0.7624720335006714 -0.16645920276641846
vn -0.5740401148796082 0.8122933506965637 -0.1032354012131691
vn 0.9303796887397766 0.3665618598461151 0.005104068201035261
vn -0.572312593460083 0.8185949921607971 -0.048585742712020874
vn -0.6089907288551331 0.7931261658668518 0.009014897048473358
vn 0.7824034094810486 0.6226141452789307 -0.01402135007083416
vn 0.8760740756988525 0.48205387592315674 -0.01088052336126566
vn -0.5546175837516785 0.8173710703849792 -0.15589715540409088
vn -0.557990312576294 0.8168571591377258 -0.14625702798366547
vn -0.5641829967498779 0.8245877623558044 0.04186439886689186
vn 0.6527397036552429 0.7575657963752747 -0.004997197072952986
vn -0.5011698603630066 0.8634491562843323 0.05730971321463585
vn 0.4753863513469696 0.8797558546066284 0.006116622127592564
vn -0.3947887718677521 0.9170419573783875 0.05635612830519676
vn -0.22604158520698547 0.9723700284957886 0.05832475796341896
vn -0.0013499920023605227 0.9989213943481445 0.04641281068325043
vn 0.24867090582847595 0.9682544469833374 0.02541930228471756
vn -0.30142465233802795 -0.9487868547439575 -0.09458738565444946
vn -0.12734714150428772 -0.9886942505836487 -0.07916080206632614
vn 0.09776460379362106 -0.9939306378364563 -0.050438184291124344
vn 0.22391092777252197 -0.9743255972862244 -0.023528972640633583
vn -0.4669399559497833 -0.8741487860679626 -0.1335325688123703
vn 0.38167497515678406 -0.9242966175079346 0.00025413560797460377
vn -0.5813168287277222 -0.7986666560173035 -0.15557053685188293
vn 0.45152348279953003 -0.8922424912452698 0.005468891467899084
vn -0.7244192361831665 -0.6591820120811462 -0.2017323076725006
vn -0.6564260125160217 -0.7320223450660706 -0.1823410987854004
vn 0.4652280807495117 -0.8850507736206055 0.01574593596160412
vn 0.4704979658126831 -0.8820788860321045 0.023843837901949883
vn 0.48778897523880005 -0.8725460767745972 0.026932556182146072
vn 0.5247580409049988 -0.850874125957489 0.025343453511595726
vn -0.812825083732605 -0.5437285304069519 -0.20898497104644775
vn 0.5580621957778931 -0.8297966122627258 0.002062732819467783
vn -0.8834443092346191 -0.40887686610221863 -0.22879238426685333
vn 0.6173040866851807 -0.7866832613945007 -0.008075695484876633
vn 0.6781778335571289 -0.734891414642334 0.003089742735028267
vn 0.7222335934638977 -0.6913183927536011 0.02139134891331196
vn -0.9373208284378052 -0.2542782723903656 -0.23826943337917328
vn 0.7838999032974243 -0.6195715069770813 0.040399547666311264
vn -0.9694423675537109 -0.08848744630813599 -0.228804811835289
vn 0.8431702852249146 -0.533703088760376 0.06499983370304108
vn 0.8569042086601257 -0.508077085018158 0.08702244609594345
vn 0.887401819229126 -0.4526485800743103 0.08733461052179337
vn -0.9758646488189697 0.04777195677161217 -0.21308721601963043
vn 0.9235286712646484 -0.3704959452152252 0.09913426637649536
vn 0.8849967122077942 -0.45653486251831055 0.09141556918621063
vn 0.8963123559951782 -0.4319528639316559 0.10020469129085541
vn -0.9682450890541077 0.1497444361448288 -0.20019493997097015
vn 0.94526207447052 -0.3107619285583496 0.09953214973211288
vn 0.9037725329399109 -0.41973575949668884 0.08376870304346085
vn 0.9193078875541687 -0.38160213828086853 0.0961916446685791
vn -0.9554217457771301 0.2259298413991928 -0.19006597995758057
vn 0.9613388180732727 -0.25566884875297546 0.1022796779870987
vn -0.9416880011558533 0.2822814881801605 -0.18314188718795776
vn 0.9712702035903931 -0.21558502316474915 0.1007835865020752
vn -0.9266490936279297 0.33079177141189575 -0.17860101163387299
vn 0.9816282391548157 -0.16223753988742828 0.10042441636323929
vn -0.9104180335998535 0.37432774901390076 -0.1761189103126526
vn 0.9892195463180542 -0.09872586280107498 0.10815676301717758
vn -0.8971760272979736 0.4068114161491394 -0.1719873547554016
vn -0.8771730661392212 0.4469601511955261 -0.17548274993896484
vn -0.8530775308609009 0.4895830750465393 -0.18046368658542633
vn 0.9931437373161316 -0.005937628913670778 0.11674946546554565
vn -0.8350785970687866 0.5201101899147034 -0.17924608290195465
vn 0.991075873374939 0.0827626958489418 0.10449419170618057
vn -0.8094311356544495 0.5575372576713562 -0.18431900441646576
vn 0.988314151763916 0.1359061449766159 0.06902678310871124
vn -0.7783045172691345 0.6038401126861572 -0.17210249602794647
vn 0.9837895035743713 0.1766367107629776 0.030946707352995872
vn -0.7330613136291504 0.6535086631774902 -0.18854062259197235
vn -0.6818520426750183 0.7045130133628845 -0.19682280719280243
vn -0.6191713809967041 0.7682348489761353 -0.16261029243469238
vn 0.9712663888931274 0.2379860132932663 0.0020778824109584093
vn -0.5360408425331116 0.8361595273017883 -0.11617919057607651
vn 0.9409980177879333 0.3381231129169464 -0.013984443619847298
vn -0.4905533790588379 0.8636180758476257 -0.11628084629774094
vn -0.5067039728164673 0.8578571081161499 -0.08562948554754257
vn -0.5032505989074707 0.8631823062896729 -0.04068297520279884
vn -0.5345396995544434 0.8451157808303833 0.006829345133155584
vn 0.7783000469207764 0.6276978254318237 -0.01563708484172821
vn 0.8802987337112427 0.4740472435951233 -0.018796632066369057
vn -0.5160415768623352 0.8548544049263 0.054084327071905136
vn 0.6418639421463013 0.7667841911315918 -0.007270777598023415
vn -0.44815611839294434 0.8915991187095642 0.06486251205205917
vn -0.41332969069480896 0.9097692370414734 0.038452040404081345
vn -0.4787745177745819 0.8747054934501648 0.07526799291372299
vn 0.4476444721221924 0.8941758275032043 0.008003080263733864
vn -0.4123736023902893 0.9085931777954102 0.06638158857822418
vn -0.2805066704750061 0.9578045606613159 0.06266181915998459
vn -0.0509837381541729 0.9975185394287109 0.0485549122095108
vn 0.20392455160617828 0.9785392880439758 0.029591672122478485
vn -0.4017488360404968 0.9123640656471252 0.07867533713579178
vn -0.3504461348056793 0.9348378777503967 0.05714580789208412
vn -0.2872835695743561 -0.9552580118179321 -0.07035844773054123
vn -0.09180305898189545 -0.9943156242370605 -0.05393172428011894
vn 0.1051098108291626 -0.9938051700592041 -0.036100707948207855
vn 0.2802380919456482 -0.959743320941925 -0.018957773223519325
vn -0.4659459888935089 -0.8777536153793335 -0.11154799908399582
vn 0.4040490388870239 -0.9147347807884216 -0.0021691310685127974
vn -0.5697839260101318 -0.8083503246307373 -0.14804060757160187
vn 0.45698249340057373 -0.8894461989402771 0.0072418455965816975
vn -0.70076584815979 -0.6803587079048157 -0.21456769108772278
vn -0.6355821490287781 -0.7503409385681152 -0.18172453343868256
vn 0.46672573685646057 -0.8843886256217957 0.004887238144874573
vn 0.4645630121231079 -0.8855293989181519 0.004351360723376274
vn 0.4733259975910187 -0.8808801174163818 0.003571621607989073
vn 0.5054349899291992 -0.8628618717193604 0.0022063518408685923
vn -0.8011037111282349 -0.5526947379112244 -0.22969858348369598
vn 0.5494699478149414 -0.8354358673095703 -0.01138976775109768
vn -0.8737635016441345 -0.40931054949760437 -0.2626826763153076
vn 0.6235436797142029 -0.781699538230896 -0.011797585524618626
vn 0.6952013969421387 -0.7188029289245605 -0.0041736033745110035
vn 0.7485021352767944 -0.662993311882019 0.013581426814198494
vn -0.9315895438194275 -0.22354008257389069 -0.2866545021533966
vn 0.8120141625404358 -0.5828173756599426 0.03093389794230461
vn -0.9397308826446533 -0.18657152354717255 -0.2865256369113922
vn -0.9105702042579651 -0.2640370726585388 -0.31803518533706665
vn -0.9659682512283325 -0.03472297266125679 -0.2563195526599884
vn 0.8556858897209167 -0.515274703502655 0.04789188876748085
vn -0.9621553421020508 -0.053334709256887436 -0.26723119616508484
vn -0.9502084255218506 -0.10416097939014435 -0.29369112849235535
vn -0.9680193066596985 0.09219507873058319 -0.23332099616527557
vn 0.8842960000038147 -0.46207374334335327 0.0671454444527626
vn -0.9651561379432678 0.044922467321157455 -0.2577897906303406
vn -0.9635231494903564 0.023969687521457672 -0.26654958724975586
vn -0.9566749334335327 0.19357022643089294 -0.2174939662218094
vn 0.9059097766876221 -0.4181064963340759 0.06718980520963669
vn 0.9222182035446167 -0.37853628396987915 0.07889198511838913
vn 0.9391492009162903 -0.33288148045539856 0.08478593081235886
vn -0.9624783992767334 0.11896895617246628 -0.2438889592885971
vn -0.9588124752044678 0.1287907063961029 -0.25316327810287476
vn -0.9466155767440796 0.25494226813316345 -0.19729027152061462
vn 0.9585530757904053 -0.273128479719162 0.08109758049249649
vn -0.9327617883682251 0.30368828773498535 -0.19423936307430267
vn 0.9744877815246582 -0.2142936736345291 0.06672164797782898
vn -0.9165189266204834 0.35129424929618835 -0.19127337634563446
vn 0.9862557649612427 -0.15378941595554352 0.060402266681194305
vn -0.8985809087753296 0.39524024724960327 -0.19062426686286926
vn 0.9946233630180359 -0.08511970192193985 0.05898294970393181
vn -0.89194256067276 0.4169912338256836 -0.17480498552322388
vn -0.8757455348968506 0.4498625695705414 -0.1751953810453415
vn -0.8546973466873169 0.4892455041408539 -0.17358362674713135
vn 0.9984312653541565 -0.015473918989300728 0.05381062254309654
vn -0.8783329129219055 0.4425428509712219 -0.18079610168933868
vn -0.8733442425727844 0.45550277829170227 -0.17258937656879425
vn -0.8318529725074768 0.5291390419006348 -0.1674293875694275
vn 0.9984899759292603 0.040055569261312485 0.0375945046544075
vn -0.8615525960922241 0.4724099338054657 -0.18589267134666443
vn -0.8548592329025269 0.4890555739402771 -0.17332173883914948
vn -0.808706521987915 0.5657517313957214 -0.16099295020103455
vn 0.9965143799781799 0.08219970762729645 0.014226874336600304
vn -0.776233971118927 0.615487277507782 -0.1365150362253189
vn 0.9911932945251465 0.13226769864559174 -0.006417563650757074
vn -0.7354211807250977 0.6617285013198853 -0.14584608376026154
vn -0.6816842555999756 0.7141751050949097 -0.15893574059009552
vn -0.6071438193321228 0.786236584186554 -0.1149279773235321
vn 0.9771442413330078 0.21175067126750946 -0.018730660900473595
vn -0.524390459060669 0.8478184938430786 -0.07885732501745224
vn 0.943953275680542 0.3293376564979553 -0.022112257778644562
vn -0.46767351031303406 0.8799236416816711 -0.08376134186983109
vn -0.4485856890678406 0.8902307152748108 -0.07912115752696991
vn -0.4603921175003052 0.8859285116195679 -0.056301265954971313
vn -0.47588711977005005 0.8791511654853821 -0.024995114654302597
vn -0.4554983079433441 0.8901858329772949 0.009512132965028286
vn -0.43482261896133423 0.8999509215354919 0.03190040960907936
vn 0.7723467946052551 0.6350557804107666 -0.013589269481599331
vn 0.8788725733757019 0.47667086124420166 -0.019184216856956482
vn -0.40798065066337585 0.9129562973976135 0.007910973392426968
vn 0.6269112825393677 0.7790580987930298 -0.007133343257009983
vn -0.4101484715938568 0.9113807082176208 -0.03410976007580757
vn -0.41529417037963867 0.909669816493988 -0.005623373202979565
vn -0.33506157994270325 0.9421460032463074 0.00973113626241684
vn 0.4183652102947235 0.9082657098770142 0.004905655048787594
vn -0.12256146222352982 0.9923815131187439 0.012552954256534576
vn 0.1629805713891983 0.9864987730979919 0.01605142280459404
vn -0.39180102944374084 0.9182536602020264 -0.057464927434921265
vn -0.37408244609832764 0.9269066452980042 -0.03010590746998787
vn -0.2586818039417267 -0.9643875956535339 -0.055138953030109406
vn -0.07294028997421265 -0.9969750046730042 -0.026844177395105362
vn 0.12631294131278992 -0.9919042587280273 -0.013077824376523495
vn 0.29536962509155273 -0.9553622603416443 -0.006304699927568436
vn -0.43952617049217224 -0.8922999501228333 -0.10304190963506699
vn 0.40893998742103577 -0.9124745726585388 0.0125839589163661
vn -0.533052384853363 -0.8334330320358276 -0.14575499296188354
vn 0.4532792568206787 -0.8908902406692505 0.029198652133345604
vn -0.648328423500061 -0.7270932793617249 -0.2258445769548416
vn -0.5990954637527466 -0.778772234916687 -0.18600669503211975
vn 0.46173644065856934 -0.8868560194969177 0.016909629106521606
vn 0.4567425549030304 -0.8895752429962158 0.00649076234549284
vn 0.4621080756187439 -0.8868213295936584 -0.0020416444167494774
vn 0.4929863214492798 -0.8699951767921448 -0.008538532070815563
vn -0.761335015296936 -0.5888810753822327 -0.2712710499763489
vn 0.5460346937179565 -0.837706446647644 -0.009704158641397953
vn -0.752681314945221 -0.6130138039588928 -0.24017712473869324
vn -0.701063871383667 -0.6643512845039368 -0.2591272294521332
vn -0.8486841320991516 -0.42231056094169617 -0.31841662526130676
vn 0.6320583820343018 -0.7749204039573669 0.000723637524060905
vn -0.9252773523330688 -0.284239798784256 -0.25113677978515625
vn -0.8763824701309204 -0.37192589044570923 -0.30598184466362
vn 0.7134228348731995 -0.7007337808609009 0.00020877741917502135
vn 0.7732211947441101 -0.6340420246124268 0.010947325266897678
vn -0.8561529517173767 -0.4496057331562042 -0.2546701729297638
vn -0.788963794708252 -0.5386256575584412 -0.2956664264202118
vn -0.9616050124168396 -0.15096789598464966 -0.22918225824832916
vn 0.8345046043395996 -0.5501006245613098 0.03148774430155754
vn -0.9725849032402039 -0.040717191994190216 -0.22895556688308716
vn 0.8734472990036011 -0.4845336973667145 0.04813476651906967
vn -0.9731074571609497 0.05542764812707901 -0.22358401119709015
vn 0.8954380750656128 -0.44173264503479004 0.05534419044852257
vn -0.9637638926506042 0.14627143740653992 -0.2230781614780426
vn 0.9058976769447327 -0.42041751742362976 0.050975628197193146
vn -0.9527091383934021 0.18597914278507233 -0.24032720923423767
vn -0.9480161666870117 0.20824819803237915 -0.24062032997608185
vn 0.920350193977356 -0.38697549700737 0.05661814287304878
vn 0.9399001002311707 -0.33528369665145874 0.06459670513868332
vn -0.9381183981895447 0.26553523540496826 -0.2223174273967743
vn 0.9583830237388611 -0.28135743737220764 0.04837311431765556
vn -0.9465797543525696 0.2233332097530365 -0.23261374235153198
vn -0.941644012928009 0.2403942048549652 -0.23562099039554596
vn -0.9194510579109192 0.32727622985839844 -0.21794536709785461
vn 0.9748603701591492 -0.2202756106853485 0.03355575352907181
vn -0.9381253123283386 0.25313064455986023 -0.23631733655929565
vn -0.9287462830543518 0.28490301966667175 -0.2371932417154312
vn -0.9057900309562683 0.36826735734939575 -0.20957998931407928
vn 0.9876532554626465 -0.15473444759845734 0.024460507556796074
vn -0.8924914002418518 0.39697179198265076 -0.21417871117591858
vn 0.9957483410835266 -0.09035514295101166 0.017924800515174866
vn -0.8744805455207825 0.43942123651504517 -0.2054087221622467
vn 0.9993324875831604 -0.03542914614081383 0.008914517238736153
vn -0.8466469645500183 0.4918619692325592 -0.2031274288892746
vn 0.9999578595161438 0.008272254839539528 -0.003990002442151308
vn -0.8388425707817078 0.514274001121521 -0.17850898206233978
vn -0.829349935054779 0.5333426594734192 -0.16650615632534027
vn -0.8034452795982361 0.5768657922744751 -0.14731454849243164
vn 0.9985241293907166 0.051604241132736206 -0.016926782205700874
vn -0.7579366564750671 0.6415044069290161 -0.11833930015563965
vn 0.9933178424835205 0.11267318576574326 -0.024989468976855278
vn -0.7253600358963013 0.6799631118774414 -0.10725229233503342
vn -0.6737161874771118 0.7308040261268616 -0.1096908375620842
vn -0.5951009392738342 0.8001093864440918 -0.0753655806183815
vn 0.978227436542511 0.20589378476142883 -0.026055414229631424
vn -0.5217697620391846 0.8512285947799683 -0.05626985803246498
vn 0.9424517750740051 0.3336634933948517 -0.02129143476486206
vn -0.4659199118614197 0.8827010989189148 -0.061298154294490814
vn -0.434930682182312 0.8980347514152527 -0.06609807908535004
vn -0.4316393733024597 0.8998621702194214 -0.06273430585861206
vn -0.4383767247200012 0.8977543115615845 -0.043163497000932693
vn 0.7687941789627075 0.6394367814064026 -0.008726599626243114
vn 0.8747982382774353 0.484281450510025 -0.014127266593277454
vn -0.4150291979312897 0.9077173471450806 -0.06164512038230896
vn 0.6181672215461731 0.7859964370727539 -0.008884360082447529
vn -0.3852096498012543 0.9198386073112488 -0.07423269748687744
vn 0.41504961252212524 0.9097461700439453 -0.00979043822735548
vn -0.32359227538108826 0.94414222240448 -0.062318284064531326
vn -0.219145268201828 0.9751070737838745 -0.03378753364086151
vn 0.009483450092375278 0.9994445443153381 -0.0319497250020504
vn 0.1917187124490738 0.9811338782310486 -0.024906016886234283
vn -0.21015533804893494 -0.9765161871910095 -0.04744359105825424
vn -0.043069515377283096 -0.9990594983100891 -0.00501507380977273
vn 0.1415105015039444 -0.9898161888122559 0.015451149083673954
vn 0.3028021454811096 -0.9528872966766357 0.017797037959098816
vn -0.39444440603256226 -0.9134122729301453 -0.10045725852251053
vn 0.4066832959651947 -0.9126186966896057 0.04166378453373909
vn -0.4857330024242401 -0.8610236644744873 -0.15067104995250702
vn 0.44478902220726013 -0.8933314681053162 0.06419970095157623
vn -0.7586506009101868 -0.6279168725013733 -0.17369434237480164
vn -0.6619732975959778 -0.7217480540275574 -0.20216599106788635
vn -0.6000377535820007 -0.7775524258613586 -0.18806099891662598
vn -0.5574151277542114 -0.8092718720436096 -0.18538464605808258
vn 0.45094549655914307 -0.8912929892539978 0.04738108441233635
vn 0.4447771906852722 -0.8951494693756104 0.029676271602511406
vn 0.4500396251678467 -0.8929083347320557 0.013383329845964909
vn 0.48334845900535583 -0.8754280209541321 -0.00040220082155428827
vn -0.8468143939971924 -0.494035929441452 -0.19706319272518158
vn 0.5441474914550781 -0.83892422914505 0.010472387075424194
vn -0.9319395422935486 -0.30948522686958313 -0.1889645755290985
vn 0.639397919178009 -0.7682650685310364 0.03064449317753315
vn 0.7296940088272095 -0.6834678649902344 0.02045528218150139
vn 0.7951585650444031 -0.6060712933540344 0.02001265250146389
vn -0.9688403606414795 -0.16071850061416626 -0.18846231698989868
vn 0.8524870276451111 -0.5212988257408142 0.038901977241039276
vn -0.9804030060768127 -0.04301251843571663 -0.19224953651428223
vn 0.8836818933486938 -0.46544116735458374 0.04970834031701088
vn -0.9785305261611938 0.05277924984693527 -0.19922971725463867
vn 0.8963869214057922 -0.44033849239349365 0.05091715231537819
vn -0.9715151190757751 0.1225014179944992 -0.2028590440750122
vn 0.9005692005157471 -0.43241292238235474 0.0446561798453331
vn 0.914814829826355 -0.40195924043655396 0.039277173578739166
vn 0.9359407424926758 -0.34987008571624756 0.04007398709654808
vn -0.955932080745697 0.19407464563846588 -0.22029298543930054
vn 0.9545634984970093 -0.2970651090145111 0.023684388026595116
vn -0.9390802383422852 0.2510303854942322 -0.2347595989704132
vn 0.9727158546447754 -0.2317391335964203 0.010998433455824852
vn -0.9218442440032959 0.3009594678878784 -0.24418585002422333
vn -0.9127153158187866 0.3301071226596832 -0.2407905012369156
vn -0.8987839221954346 0.37029701471328735 -0.23466500639915466
vn 0.9865513443946838 -0.1634339839220047 0.0024182514753192663
vn -0.8779910802841187 0.41570839285850525 -0.2373146414756775
vn 0.994701087474823 -0.10267733782529831 -0.0052095623686909676
vn -0.8511757850646973 0.4701021909713745 -0.23346038162708282
vn 0.9984557032585144 -0.05376064404845238 -0.013998427428305149
vn -0.8220875263214111 0.5215622782707214 -0.22835257649421692
vn 0.9996749758720398 -0.011271180585026741 -0.02286868914961815
vn -0.8152634501457214 0.5456420183181763 -0.19395986199378967
vn -0.8083856105804443 0.5651930570602417 -0.16452838480472565
vn -0.7692772746086121 0.6226487159729004 -0.14325197041034698
vn 0.9988607168197632 0.0380902960896492 -0.028747018426656723
vn -0.72173011302948 0.6819440722465515 -0.11856663227081299
vn 0.9935452342033386 0.10966850817203522 -0.028996093198657036
vn -0.7001231908798218 0.7081334590911865 -0.09151273220777512
vn -0.657187283039093 0.7497274279594421 -0.07754871994256973
vn -0.5835058689117432 0.8100256323814392 -0.05813233181834221
vn 0.9767740964889526 0.21301934123039246 -0.0231349878013134
vn -0.5235634446144104 0.8501149415969849 -0.056445006281137466
vn 0.9382687211036682 0.3456469178199768 -0.013417663052678108
vn -0.47514575719833374 0.8780990839004517 -0.05637911707162857
vn -0.44165486097335815 0.8950712084770203 -0.06155164912343025
vn -0.4287177324295044 0.9010264873504639 -0.06597312539815903
vn -0.4261176288127899 0.902328610420227 -0.06501461565494537
vn 0.7678040862083435 0.6406832337379456 0.0013785407645627856
vn 0.8696141839027405 0.4937162697315216 -0.003938780166208744
vn -0.4185473620891571 0.9047622680664062 -0.07888850569725037
vn 0.622595489025116 0.7824917435646057 -0.009037106297910213
vn -0.3799760341644287 0.9209852814674377 -0.08604852110147476
vn 0.4410117268562317 0.8973258137702942 -0.01775110699236393
vn -0.29998305439949036 0.9510124325752258 -0.07473699003458023
vn -0.1709202527999878 0.9835354685783386 -0.05868837982416153
vn 0.012019088491797447 0.9991481304168701 -0.03947804868221283
vn 0.23579227924346924 0.9714379906654358 -0.02665175311267376
vn -0.13345174491405487 -0.9900971055030823 -0.04357017204165459
vn 0.011833107098937035 -0.9998803734779358 0.009964174591004848
vn 0.164302259683609 -0.9853987693786621 0.04465530067682266
vn 0.3069906532764435 -0.9504169821739197 0.049641672521829605
vn -0.33693331480026245 -0.935088574886322 -0.10993338376283646
vn 0.40244996547698975 -0.9121562242507935 0.07749267667531967
vn -0.3355727195739746 -0.9369451999664307 -0.09759476780891418
vn -0.26763924956321716 -0.9592893123626709 -0.09018488973379135
vn -0.4612465500831604 -0.8737700581550598 -0.15419957041740417
vn 0.43458881974220276 -0.8949430584907532 0.1010420173406601
vn -0.7780665159225464 -0.6158936023712158 -0.12364272028207779
vn -0.6803127527236938 -0.7171036601066589 -0.15144968032836914
vn -0.5998825430870056 -0.7855419516563416 -0.151870995759964
vn -0.5277959704399109 -0.8346090316772461 -0.15766818821430206
vn 0.43716102838516235 -0.8952952027320862 0.08565560728311539
vn 0.42969316244125366 -0.9005672335624695 0.06589742004871368
vn 0.4353809654712677 -0.899078369140625 0.04584270343184471
vn 0.4730816185474396 -0.8806247115135193 0.02634340152144432
vn -0.4901365041732788 -0.8611517548561096 -0.13484811782836914
vn -0.4105262756347656 -0.9024971723556519 -0.130257710814476
vn -0.8725987672805786 -0.4661681354045868 -0.14580386877059937
vn 0.5409279465675354 -0.8398054242134094 0.046085964888334274
vn -0.9403727650642395 -0.3056222200393677 -0.14931228756904602
vn 0.6424387097358704 -0.7628734111785889 0.07277883589267731
vn 0.7395093441009521 -0.6708202958106995 0.05591176450252533
vn 0.8102748394012451 -0.5845609903335571 0.04175031557679176
vn -0.9734724760055542 -0.16634449362754822 -0.15710140764713287
vn 0.8602191209793091 -0.5068771243095398 0.0556662455201149
vn -0.9845630526542664 -0.04966777190566063 -0.1678355187177658
vn 0.8837687373161316 -0.4640645384788513 0.05997540429234505
vn -0.9828278422355652 0.04544338583946228 -0.17884166538715363
vn 0.8906828761100769 -0.4509703516960144 0.05753156170248985
vn -0.9722301959991455 0.1278463453054428 -0.19602012634277344
vn 0.8915890455245972 -0.4498448371887207 0.05204443633556366
vn 0.9065978527069092 -0.420523077249527 0.03522288054227829
vn 0.9291380643844604 -0.3688681423664093 0.02527504973113537
vn -0.9570327997207642 0.19014330208301544 -0.2189377248287201
vn 0.9493091106414795 -0.3140571117401123 0.013436428271234035
vn -0.938161313533783 0.249528169631958 -0.23997724056243896
vn 0.9696146845817566 -0.24458260834217072 0.005170885007828474
vn -0.9191485643386841 0.3038083016872406 -0.25073185563087463
vn -0.9046095609664917 0.343462735414505 -0.2524181008338928
vn -0.8847581148147583 0.38744208216667175 -0.25902071595191956
vn 0.9844957590103149 -0.1753983050584793 -0.0018674266757443547
vn -0.912211000919342 0.31528085470199585 -0.26166608929634094
vn -0.8997336626052856 0.3485179841518402 -0.26270636916160583
vn -0.8567934632301331 0.44155415892601013 -0.2663361132144928
vn 0.9931100606918335 -0.11674363911151886 -0.010165770538151264
vn -0.9019119143486023 0.3340526223182678 -0.27379515767097473
vn -0.8818140029907227 0.38033533096313477 -0.2788355350494385
vn -0.8294753432273865 0.4965640902519226 -0.255724161863327
vn 0.9974963665008545 -0.06819882988929749 -0.01870804838836193
vn -0.7973960041999817 0.5474379658699036 -0.25391191244125366
vn 0.9994475841522217 -0.02192935161292553 -0.024974627420306206
vn -0.7828463315963745 0.5824457406997681 -0.21888048946857452
vn -0.7748086452484131 0.6069144010543823 -0.17699287831783295
vn -0.7290486097335815 0.6664937138557434 -0.1558023989200592
vn 0.9990156888961792 0.035425737500190735 -0.02669689990580082
vn -0.6797638535499573 0.7204287648200989 -0.1374901384115219
vn 0.9928397536277771 0.11740322411060333 -0.02203848958015442
vn -0.6645708680152893 0.7404975295066833 -0.10004515200853348
vn -0.6331210136413574 0.770721971988678 -0.0717320591211319
vn -0.5713021159172058 0.8180463314056396 -0.06643964350223541
vn 0.973398745059967 0.22882984578609467 -0.011479201726615429
vn -0.5278255939483643 0.845579206943512 -0.0799747183918953
vn 0.9319530725479126 0.3625764548778534 0.0013859309256076813
vn -0.4888378381729126 0.8692732453346252 -0.07349598407745361
vn -0.4580370783805847 0.8858829140663147 -0.07357679307460785
vn -0.4403628408908844 0.8945362567901611 -0.07671696692705154
vn -0.4323744773864746 0.898239254951477 -0.07885818928480148
vn 0.7662340998649597 0.642297625541687 0.018416153267025948
vn 0.8632491827011108 0.5046321153640747 0.012141951359808445
vn -0.4221339523792267 0.90175861120224 -0.09292160719633102
vn 0.6331868171691895 0.7739989161491394 0.00037703104317188263
vn -0.3694740831851959 0.9243295788764954 -0.09541352838277817
vn 0.46552860736846924 0.8850128650665283 -0.0059500932693481445
vn -0.27988895773887634 0.9568090438842773 -0.07860435545444489
vn -0.13816316425800323 0.9885845184326172 -0.06009721755981445
vn 0.050110574811697006 0.9979742169380188 -0.039197154343128204
vn 0.2617211937904358 0.9649651050567627 -0.018559306859970093
vn -0.2797298729419708 -0.9583192467689514 -0.058098673820495605
vn -0.1512189507484436 -0.9879389405250549 -0.0333106592297554
vn 0.0058077191933989525 -0.9997997283935547 0.01915019005537033
vn 0.06542596966028214 -0.9974946975708008 0.026904206722974777
vn 0.21196681261062622 -0.9744471907615662 0.07431583851575851
vn 0.3162444829940796 -0.9450422525405884 0.08297385275363922
vn -0.4314969480037689 -0.8964425921440125 -0.10100102424621582
vn 0.39902812242507935 -0.910011351108551 0.11249838769435883
vn 0.3116159737110138 -0.9425625801086426 0.1202969029545784
vn 0.33467933535575867 -0.9352672696113586 0.11517363041639328
vn -0.5572633743286133 -0.8221657872200012 -0.11619414389133453
vn 0.42100605368614197 -0.8979287147521973 0.1283665895462036
vn -0.77865070104599 -0.6175262331962585 -0.11119586229324341
vn -0.6664617657661438 -0.7361728549003601 -0.11780593544244766
vn 0.42159220576286316 -0.8989548683166504 0.1189124807715416
vn 0.41567012667655945 -0.9038723707199097 0.10115891695022583
vn 0.42015179991722107 -0.9034823179244995 0.08480700850486755
vn 0.46088552474975586 -0.885106086730957 0.0645887553691864
vn 0.3655359447002411 -0.9202153086662292 0.1399548053741455
vn 0.38955819606781006 -0.9106907844543457 0.1374291330575943
vn -0.8758343458175659 -0.4673967957496643 -0.12022697925567627
vn 0.5351889729499817 -0.8401581645011902 0.08778964728116989
vn -0.9397862553596497 -0.3153725862503052 -0.13168881833553314
vn 0.6376040577888489 -0.7616159319877625 0.11576811224222183
vn 0.7385615706443787 -0.6667416095733643 0.09991267323493958
vn 0.8135079145431519 -0.5767606496810913 0.07451214641332626
vn -0.9724215269088745 -0.17827410995960236 -0.15038199722766876
vn 0.8563656806945801 -0.510099470615387 0.08022695779800415
vn -0.9837548136711121 -0.05863850191235542 -0.16967052221298218
vn 0.8760575652122498 -0.47569963335990906 0.0789499282836914
vn -0.9802815318107605 0.040535833686590195 -0.19340373575687408
vn 0.8802427053451538 -0.4685298502445221 0.07518339902162552
vn -0.9782065749168396 0.003500831313431263 -0.2076045572757721
vn -0.9699187278747559 0.127702534198761 -0.20724326372146606
vn 0.8809981942176819 -0.46757596731185913 0.07221511006355286
vn 0.8973555564880371 -0.43881165981292725 0.04687610641121864
vn 0.9215648770332336 -0.38731616735458374 0.02654058299958706
vn -0.9756028652191162 0.07226340472698212 -0.20730912685394287
vn -0.9570362567901611 0.1877613514661789 -0.2209690809249878
vn 0.944251298904419 -0.32855793833732605 0.020958174020051956
vn -0.94942706823349 0.2178591936826706 -0.22610966861248016
vn 0.9662837386131287 -0.2569144666194916 0.01704983413219452
vn -0.9298872947692871 0.269925057888031 -0.24990034103393555
vn 0.9816623330116272 -0.19039711356163025 0.00938032753765583
vn -0.9029939770698547 0.33179131150245667 -0.27297693490982056
vn 0.9912264347076416 -0.13216546177864075 -0.001603244454599917
vn -0.8726317882537842 0.3961748480796814 -0.28558599948883057
vn -0.8511425256729126 0.43740352988243103 -0.29023194313049316
vn -0.8190634250640869 0.49944981932640076 -0.2822854816913605
vn 0.9968050718307495 -0.07924903184175491 -0.009965210221707821
vn -0.8538822531700134 0.4290231466293335 -0.29465949535369873
vn -0.8366929292678833 0.4643743932247162 -0.29034698009490967
vn -0.7815402746200562 0.5604938864707947 -0.2739369869232178
vn 0.9995205402374268 -0.027279363945126534 -0.01464619766920805
vn -0.743455708026886 0.6192648410797119 -0.25255638360977173
vn -0.7327629327774048 0.6509618163108826 -0.19826067984104156
vn -0.8288016319274902 0.46962401270866394 -0.30420583486557007
vn -0.7902247309684753 0.53709477186203 -0.295083224773407
vn -0.686900794506073 0.7038097977638245 -0.18116025626659393
vn 0.999089241027832 0.04043686389923096 -0.013624105602502823
vn -0.6702786087989807 0.6963877081871033 -0.25645822286605835
vn -0.6940488815307617 0.6855211853981018 -0.2199019491672516
vn -0.6434669494628906 0.7470641136169434 -0.166869655251503
vn 0.9909585118293762 0.1340848207473755 -0.004747818689793348
vn -0.6199986934661865 0.7734135389328003 -0.13203507661819458
vn -0.6039094924926758 0.7920383214950562 -0.08926726132631302
vn -0.6183505654335022 0.7482131123542786 -0.24045729637145996
vn -0.6380004286766052 0.7407852411270142 -0.21022048592567444
vn -0.5608667135238647 0.8224138021469116 -0.09520570933818817
vn 0.9677560329437256 0.2517104148864746 0.009495521895587444
vn -0.5366116762161255 0.835303783416748 -0.11964734643697739
vn 0.923614501953125 0.3826085925102234 0.023386145010590553
vn -0.5018970966339111 0.8577595353126526 -0.1111205443739891
vn -0.47662433981895447 0.8729625940322876 -0.10375748574733734
vn -0.45383137464523315 0.8852732181549072 -0.10162931680679321
vn -0.4409569799900055 0.8922920823097229 -0.09680799394845963
vn 0.7624931335449219 0.6456973552703857 0.040977876633405685
vn 0.8555007576942444 0.5167154669761658 0.03352158144116402
vn -0.4184016287326813 0.9015307426452637 -0.11037413030862808
vn 0.6410025358200073 0.767286479473114 0.01967654749751091
vn -0.34885090589523315 0.930982768535614 -0.1075831949710846
vn 0.4854370653629303 0.8741669058799744 0.013531971722841263
vn -0.2528479993343353 0.9641051292419434 -0.08105085790157318
vn -0.10293761640787125 0.9931460618972778 -0.05536039546132088
vn 0.0932679995894432 0.9952062368392944 -0.02942218817770481
vn 0.29942047595977783 0.9541133642196655 -0.003892993787303567
vn -0.261431485414505 -0.9647457599639893 -0.030318358913064003
vn -0.08861101418733597 -0.9960662126541138 -0.0004437339084688574
vn 0.05308041349053383 -0.9977390766143799 0.04122164845466614
vn 0.1881384253501892 -0.9786375164985657 0.0829014852643013
vn -0.4422351121902466 -0.8938258290290833 -0.0741853415966034
vn 0.3083738386631012 -0.9429028034210205 0.12585707008838654
vn -0.5739555358886719 -0.8134140968322754 -0.09451314806938171
vn 0.36472341418266296 -0.9203742146492004 0.14102567732334137
vn -0.772494375705719 -0.6240759491920471 -0.11739560961723328
vn -0.6789408326148987 -0.7267464995384216 -0.10430226475000381
vn 0.39216312766075134 -0.9091111421585083 0.14044584333896637
vn 0.4094487130641937 -0.9025982022285461 0.13292206823825836
vn 0.4065568745136261 -0.9049956202507019 0.12527771294116974
vn 0.4066224992275238 -0.9055801630020142 0.1207590252161026
vn 0.41158413887023926 -0.9037960171699524 0.11726576834917068
vn 0.4500032663345337 -0.8871442675590515 0.10233371704816818
vn -0.8697295784950256 -0.47827285528182983 -0.12176060676574707
vn 0.5268941521644592 -0.8405004143714905 0.12626004219055176
vn 0.44020581245422363 -0.8880872130393982 0.13236287236213684
vn 0.452912300825119 -0.8816164135932922 0.132751926779747
vn -0.9303199052810669 -0.335563987493515 -0.14799225330352783
vn 0.6141239404678345 -0.7747669219970703 0.15029332041740417
vn 0.7189643383026123 -0.6812212467193604 0.13794192671775818
vn 0.8030105233192444 -0.5860118865966797 0.10846318304538727
vn 0.4875991940498352 -0.86240553855896 0.13602854311466217
vn 0.5235516428947449 -0.8384759426116943 0.1511683464050293
vn -0.9617505669593811 -0.2009492665529251 -0.18615931272506714
vn 0.8457543849945068 -0.5230712294578552 0.10533791035413742
vn -0.9404346942901611 -0.2641684412956238 -0.2140038162469864
vn -0.9767154455184937 -0.07037624716758728 -0.20266768336296082
vn 0.8642898797988892 -0.492350697517395 0.10292600840330124
vn -0.9755881428718567 -0.05237533152103424 -0.21327131986618042
vn -0.9652293920516968 -0.14928299188613892 -0.21458521485328674
vn -0.9759309887886047 0.019029568880796432 -0.21724796295166016
vn 0.868129551410675 -0.4863820970058441 0.09891150891780853
vn -0.9706296920776367 0.09630513936281204 -0.2204618602991104
vn 0.8723634481430054 -0.47835665941238403 0.10078214108943939
vn -0.970282256603241 0.12240907549858093 -0.20873036980628967
vn 0.8883038759231567 -0.4536290764808655 0.07167278975248337
vn 0.914566159248352 -0.40205779671669006 0.043798331171274185
vn -0.9628307223320007 0.16806316375732422 -0.21145150065422058
vn 0.9398280382156372 -0.3387593924999237 0.04433256760239601
vn -0.9675503373146057 0.1414886862039566 -0.20934981107711792
vn -0.9521186947822571 0.20786148309707642 -0.22419559955596924
vn 0.9617393016815186 -0.27055585384368896 0.04309343919157982
vn -0.9622104167938232 0.17227162420749664 -0.2108878493309021
vn -0.9346014857292175 0.2556074559688568 -0.24735578894615173
vn 0.9769622087478638 -0.21133413910865784 0.029712149873375893
vn -0.9243164658546448 0.28742486238479614 -0.25104984641075134
vn 0.9893727898597717 -0.1443050056695938 0.017818180844187737
vn -0.8871569633483887 0.3667459487915039 -0.2800893187522888
vn 0.9958930611610413 -0.0898767039179802 0.010918782092630863
vn -0.8350557088851929 0.4695996642112732 -0.28663256764411926
vn 0.9995656609535217 -0.028830355033278465 0.006111390423029661
vn -0.7689458727836609 0.5657927989959717 -0.2976588308811188
vn -0.7159930467605591 0.6362462043762207 -0.2873062491416931
vn -0.650390625 0.7120643854141235 -0.26449283957481384
vn 0.9984753131866455 0.054180506616830826 0.01056305505335331
vn -0.589886486530304 0.7725584506988525 -0.23491984605789185
vn 0.9867163896560669 0.16063401103019714 0.024240044876933098
vn -0.5803283452987671 0.7862260341644287 -0.21229159832000732
vn -0.6008179187774658 0.7795295715332031 -0.1770637035369873
vn -0.569537878036499 0.8072094321250916 -0.1550472527742386
vn -0.5758060216903687 0.8086346983909607 -0.12065441161394119
vn -0.5553038120269775 0.820674479007721 -0.13465218245983124
vn 0.9592190384864807 0.27976149320602417 0.040402673184871674
vn -0.5521925091743469 0.8154246211051941 -0.1736839860677719
vn -0.5608421564102173 0.8141621351242065 -0.15032054483890533
vn -0.5447172522544861 0.8232105374336243 -0.16002380847930908
vn 0.9142484068870544 0.4019595682621002 0.050778262317180634
vn -0.517098605632782 0.8401999473571777 -0.163319393992424
vn -0.4888709783554077 0.8605353832244873 -0.14312300086021423
vn -0.46036794781684875 0.8760483860969543 -0.14352908730506897
vn -0.441700279712677 0.8886783719062805 -0.12309214472770691
vn 0.7582231163978577 0.6484647393226624 0.06775850802659988
vn 0.847042977809906 0.5283886194229126 0.05765160918235779
vn -0.5586519837379456 0.8069700002670288 -0.19159197807312012
vn -0.5583869814872742 0.8110484480857849 -0.17436887323856354
vn -0.4050999879837036 0.9046556353569031 -0.1322580724954605
vn 0.6480565071105957 0.760266125202179 0.04492432251572609
vn -0.4284408986568451 0.8851313591003418 -0.18160653114318848
vn -0.4306270182132721 0.8900203704833984 -0.1497473269701004
vn -0.3329402804374695 0.9352248907089233 -0.12043780833482742
vn 0.5156452655792236 0.8560234904289246 0.03652246296405792
vn -0.211642786860466 0.9729071855545044 -0.09305372834205627
vn -0.05672038719058037 0.996908962726593 -0.05436282604932785
vn 0.1459852159023285 0.9890387058258057 -0.022155452519655228
vn 0.3517088294029236 0.936046838760376 0.010824792087078094
vn -0.3829285204410553 0.9045792818069458 -0.18735556304454803
vn -0.37241488695144653 0.915125846862793 -0.15444044768810272
vn -0.24041686952114105 -0.9706559777259827 -0.005170084070414305
vn -0.049240436404943466 -0.9983641505241394 0.02905922383069992
vn 0.10162899643182755 -0.9925729036331177 0.06686294078826904
vn 0.2211494892835617 -0.9702423214912415 0.09860396385192871
vn -0.43380171060562134 -0.8992288708686829 -0.056600287556648254
vn 0.32086002826690674 -0.9380342364311218 0.13092269003391266
vn -0.5632039904594421 -0.8223620653152466 -0.08075893670320511
vn 0.3579023778438568 -0.9240795969963074 0.13410045206546783
vn -0.728254497051239 -0.6696841716766357 -0.14549411833286285
vn -0.6617109775543213 -0.7424106001853943 -0.1047150045633316
vn 0.377220094203949 -0.9170946478843689 0.1290057897567749
vn 0.39111393690109253 -0.9121314883232117 0.12266267836093903
vn 0.40102699398994446 -0.9083861708641052 0.11837233603000641
vn 0.40838536620140076 -0.9046857357025146 0.12151184678077698
vn -0.843606173992157 -0.512590229511261 -0.15993724763393402
vn 0.4415687918663025 -0.8892830610275269 0.11913341283798218
vn -0.7888443470001221 -0.5873217582702637 -0.18104611337184906
vn -0.9093157649040222 -0.3659631609916687 -0.19802974164485931
vn 0.507197916507721 -0.8532565832138062 0.12125799059867859
vn -0.9122640490531921 -0.34821876883506775 -0.21568074822425842
vn 0.5700526237487793 -0.8084306716918945 0.14656038582324982
vn 0.6371495723724365 -0.7541909217834473 0.15886007249355316
vn 0.7254455089569092 -0.6713477969169617 0.15172700583934784
vn 0.7915114760398865 -0.5973290205001831 0.1292584389448166
vn -0.8566411733627319 -0.47405847907066345 -0.20355477929115295
vn -0.9394466876983643 -0.24689064919948578 -0.2376655787229538
vn 0.835318386554718 -0.5347132086753845 0.12776963412761688
vn 0.7520518898963928 -0.6409227252006531 0.1537403166294098
vn 0.7886181473731995 -0.5972284078598022 0.14628653228282928
vn -0.9632791876792908 -0.09094061702489853 -0.252632200717926
vn 0.850885272026062 -0.5101027488708496 0.12565627694129944
vn 0.7802690267562866 -0.607215404510498 0.14989922940731049
vn 0.8148360848426819 -0.5616413354873657 0.14353133738040924
vn -0.9643281698226929 0.03421400114893913 -0.2624891996383667
vn 0.8622000217437744 -0.4920002520084381 0.12061099708080292
vn -0.9609690308570862 0.11351286619901657 -0.25229620933532715
vn 0.8675493001937866 -0.47934603691101074 0.13261117041110992
vn 0.8802869319915771 -0.4628407061100006 0.10427577793598175
vn 0.9083529114723206 -0.4119555950164795 0.07202532142400742
vn -0.9618690609931946 0.1551942229270935 -0.2252170294523239
vn 0.9346300363540649 -0.3467588424682617 0.0788988322019577
vn 0.8824136853218079 -0.4509989321231842 0.13396316766738892
vn 0.9034125804901123 -0.41565006971359253 0.1052653044462204
vn -0.9604044556617737 0.17856094241142273 -0.21386754512786865
vn 0.9528363943099976 -0.29401832818984985 0.07520724833011627
vn -0.9584945440292358 0.18910883367061615 -0.21336843073368073
vn 0.8884796500205994 -0.4337676465511322 0.14983178675174713
vn 0.9165942668914795 -0.38246703147888184 0.11650751531124115
vn -0.9483025074005127 0.22446919977664948 -0.2243567556142807
vn 0.9746730923652649 -0.21689137816429138 0.054502543061971664
vn -0.957831084728241 0.19311630725860596 -0.21275737881660461
vn -0.9296914935112 0.2779523432254791 -0.24169450998306274
vn 0.9852749109268188 -0.16309751570224762 0.05130908638238907
vn -0.9512301087379456 0.21581654250621796 -0.22041897475719452
vn -0.8921210169792175 0.3676440417766571 -0.2625984847545624
vn 0.9939458966255188 -0.10247507691383362 0.03962942212820053
vn -0.8490648865699768 0.4632205069065094 -0.2539992928504944
vn 0.9990466833114624 -0.022997921332716942 0.03710634261369705
vn -0.7758839726448059 0.5709453225135803 -0.2683759033679962
vn -0.7051997184753418 0.6521985530853271 -0.27808356285095215
vn -0.6345296502113342 0.7304716110229492 -0.25255391001701355
vn 0.9956270456314087 0.08063261210918427 0.04717233031988144
vn -0.5676816701889038 0.7918364405632019 -0.22523905336856842
vn 0.9782275557518005 0.1969422996044159 0.0654575526714325
vn -0.548028826713562 0.8097442984580994 -0.20971070230007172
vn -0.5536155700683594 0.8113688826560974 -0.1875910609960556
vn -0.5456908941268921 0.815472424030304 -0.19294100999832153
vn 0.9482448101043701 0.3076306879520416 0.07870955020189285
vn -0.564943790435791 0.7983009815216064 -0.20869633555412292
vn 0.9057489633560181 0.4164819121360779 0.07849651575088501
vn -0.5684508085250854 0.7962195873260498 -0.2071186751127243
vn -0.5491890907287598 0.8111002445220947 -0.20126551389694214
vn -0.5146645307540894 0.8313993811607361 -0.2095128297805786
vn -0.4800955355167389 0.856357216835022 -0.19015944004058838
vn 0.7632371783256531 0.6383136510848999 0.10012318938970566
vn 0.8370257616043091 0.5404807925224304 0.08525540679693222
vn -0.4300609230995178 0.8784378170967102 -0.20831382274627686
vn 0.6642072796821594 0.7438548803329468 0.07422053813934326
vn -0.3573629856109619 0.9148097038269043 -0.188188374042511
vn 0.5717886090278625 0.8186957836151123 0.05286888778209686
vn -0.30416345596313477 0.9396618604660034 -0.15658947825431824
vn -0.25585511326789856 0.9599847793579102 -0.11387491971254349
vn -0.11984346807003021 0.9897815585136414 -0.07726660370826721
vn 0.01445370726287365 0.9981769919395447 -0.05859826132655144
vn 0.2116241306066513 0.9770957231521606 -0.022342879325151443
vn 0.4197039306163788 0.9075450897216797 0.014509808272123337
vn -0.18162867426872253 -0.9829213619232178 0.029610132798552513
vn -0.03843678906559944 -0.9977213144302368 0.05545145273208618
vn 0.14036588370800018 -0.9857017993927002 0.09321711957454681
vn 0.24661202728748322 -0.9624723792076111 0.11326780915260315
vn -0.4004575312137604 -0.9155605435371399 -0.03718521445989609
vn 0.32649657130241394 -0.9358247518539429 0.13278594613075256
vn 0.229940265417099 -0.9655555486679077 0.12177823483943939
vn 0.26614752411842346 -0.955707311630249 0.12565475702285767
vn -0.5271559357643127 -0.8463074564933777 -0.07661798596382141
vn 0.34575220942497253 -0.9289900064468384 0.13203394412994385
vn -0.7239366173744202 -0.6687073707580566 -0.16954723000526428
vn -0.6638698577880859 -0.7356781959533691 -0.13436681032180786
vn -0.6173393726348877 -0.7783911228179932 -0.11401486396789551
vn 0.35173770785331726 -0.9286603927612305 0.11777302622795105
vn 0.3704143762588501 -0.9229099154472351 0.10502611845731735
vn 0.38986021280288696 -0.9154548048973083 0.09975720942020416
vn 0.4116989076137543 -0.9053409695625305 0.10421978682279587
vn 0.28670963644981384 -0.948136568069458 0.13723959028720856
vn 0.3159257471561432 -0.9390923976898193 0.13526439666748047
vn -0.8059560656547546 -0.5553039908409119 -0.2051153928041458
vn 0.45575153827667236 -0.8848265409469604 0.09681177884340286
vn -0.8683468699455261 -0.42709505558013916 -0.25211817026138306
vn 0.5302481651306152 -0.8418915271759033 0.10027774423360825
vn 0.5941954255104065 -0.7944039106369019 0.12591369450092316
vn 0.6689197421073914 -0.7279947996139526 0.15023323893547058
vn -0.9047840237617493 -0.26099464297294617 -0.33652281761169434
vn 0.7314376831054688 -0.6654995083808899 0.1486920565366745
vn -0.8916535973548889 -0.22093228995800018 -0.3951490521430969
vn -0.8525248765945435 -0.32966405153274536 -0.40561443567276
vn -0.9441812634468079 -0.04695583134889603 -0.3260628581047058
vn 0.7792288661003113 -0.6075165867805481 0.1540326476097107
vn 0.8146957755088806 -0.5599970817565918 0.1505793035030365
vn 0.8386889696121216 -0.526286780834198 0.14008216559886932
vn -0.9269211888313293 -0.03618501126766205 -0.3735075294971466
vn -0.9116966724395752 -0.12846259772777557 -0.3902648687362671
vn -0.9503381252288818 0.08828187733888626 -0.2984355688095093
vn 0.8553118109703064 -0.49882256984710693 0.14006325602531433
vn -0.9335952401161194 0.08542182296514511 -0.34799858927726746
vn -0.9346476197242737 0.0381629504263401 -0.35352155566215515
vn -0.9489839673042297 0.17197920382022858 -0.2642965316772461
vn 0.8644328117370605 -0.4794577360153198 0.15124911069869995
vn -0.9277898669242859 0.1657741218805313 -0.33425289392471313
vn -0.9340232610702515 0.15665388107299805 -0.32102975249290466
vn -0.9541974067687988 0.18756675720214844 -0.2330794483423233
vn 0.8719631433486938 -0.46273449063301086 0.1598660945892334
vn -0.9535019993782043 0.19209861755371094 -0.23223280906677246
vn 0.8835054039955139 -0.43333786725997925 0.1778668463230133
vn 0.9075671434402466 -0.3917880952358246 0.15107622742652893
vn 0.9359580874443054 -0.3332626223564148 0.11365967988967896
vn -0.95556640625 0.19169990718364716 -0.22392871975898743
vn 0.9622758626937866 -0.25499844551086426 0.09487365186214447
vn -0.9475215673446655 0.22363682091236115 -0.2284502238035202
vn 0.9789542555809021 -0.18613508343696594 0.08368021249771118
vn -0.94000643491745 0.2557949125766754 -0.22573651373386383
vn -0.9115781188011169 0.3384362459182739 -0.2334229052066803
vn 0.9912753105163574 -0.10713926702737808 0.07677500694990158
vn -0.930528461933136 0.2910480499267578 -0.22227884829044342
vn -0.8662899136543274 0.44621142745018005 -0.22458219528198242
vn 0.9968583583831787 -0.0030558425933122635 0.07914546132087708
vn -0.7999480962753296 0.5511680245399475 -0.23726975917816162
vn -0.7109135985374451 0.6555528044700623 -0.2546612322330475
vn -0.8881990909576416 0.4001532196998596 -0.22578711807727814
vn -0.6275461316108704 0.7419583797454834 -0.23597395420074463
vn 0.9880083799362183 0.12111715227365494 0.09576047956943512
vn -0.7362015247344971 0.6327843070030212 -0.23998191952705383
vn -0.7060754299163818 0.6667301654815674 -0.2385968118906021
vn -0.5656915307044983 0.7964417338371277 -0.21371398866176605
vn 0.9653478264808655 0.23481905460357666 0.11385802924633026
vn -0.529624879360199 0.8230419158935547 -0.20518173277378082
vn -0.5337786674499512 0.8223413825035095 -0.19706609845161438
vn -0.6734840273857117 0.7023652791976929 -0.23043948411941528
vn -0.6262540817260742 0.7468756437301636 -0.22356808185577393
vn -0.5495926141738892 0.8101526498794556 -0.2039625197649002
vn 0.9366743564605713 0.3305284082889557 0.11572454124689102
vn 0.8908994793891907 0.41742047667503357 0.1790483295917511
vn 0.9274170398712158 0.3404061794281006 0.15498793125152588
vn -0.5788896679878235 0.784447193145752 -0.22255176305770874
vn 0.8903816342353821 0.442415714263916 0.1071866825222969
vn -0.5805673003196716 0.7820490598678589 -0.2265850156545639
vn -0.5667887330055237 0.7924345135688782 -0.22538430988788605
vn -0.5303091406822205 0.8155183792114258 -0.23173703253269196
vn -0.4819941520690918 0.8469741344451904 -0.22431322932243347
vn 0.782619059085846 0.6069937944412231 0.1380797028541565
vn 0.8346840143203735 0.536438524723053 0.12464515119791031
vn 0.8449292778968811 0.5104430913925171 0.15981991589069366
vn 0.8915844559669495 0.4299045205116272 0.14233507215976715
vn -0.41951483488082886 0.8819512724876404 -0.21487073600292206
vn 0.7211212515830994 0.6853960752487183 0.10107633471488953
vn -0.498462975025177 0.8342000842094421 -0.23589177429676056
vn -0.4749617278575897 0.8498442769050598 -0.2284209281206131
vn -0.3454464077949524 0.9213707447052002 -0.17816486954689026
vn 0.6436141729354858 0.7637292742729187 0.04978317394852638
vn -0.259995698928833 0.9546980857849121 -0.144754558801651
vn -0.19308394193649292 0.9752353429794312 -0.10786446183919907
vn -0.10164805501699448 0.9924926161766052 -0.06801600754261017
vn 0.06376459449529648 0.9971998929977417 -0.03906986489892006
vn 0.2723691463470459 0.9620149731636047 -0.018502525985240936
vn 0.4863736927509308 0.8736756443977356 0.011470289900898933
vn -0.4382401704788208 0.8739266991615295 -0.21023255586624146
vn -0.39986684918403625 0.8942908644676208 -0.2008742392063141
vn -0.11181144416332245 -0.992924690246582 0.039984676986932755
vn 0.06555575132369995 -0.993829071521759 0.0894782617688179
vn -0.3415527939796448 -0.9395241737365723 -0.02522062323987484
vn 0.21110199391841888 -0.9694231748580933 0.12511859834194183
vn -0.4773838520050049 -0.8752657771110535 -0.0775531604886055
vn 0.2811451852321625 -0.947775661945343 0.15059436857700348
vn -0.6468249559402466 -0.7438147068023682 -0.16839586198329926
vn -0.6402763724327087 -0.7586881518363953 -0.12015999853610992
vn -0.5814661979675293 -0.8066661953926086 -0.10576789081096649
vn 0.31328389048576355 -0.938877284526825 0.1426977515220642
vn 0.3272899389266968 -0.9364814758300781 0.12603068351745605
vn 0.3264765739440918 -0.9389464855194092 0.10859379172325134
vn 0.345213383436203 -0.9336667656898499 0.09536319226026535
vn 0.37397247552871704 -0.9236225485801697 0.08405966311693192
vn 0.41173192858695984 -0.9074684381484985 0.08353421092033386
vn -0.7514572739601135 -0.6140041947364807 -0.2414763867855072
vn 0.4681064784526825 -0.8799144625663757 0.08140607923269272
vn -0.7789528965950012 -0.5183043479919434 -0.3529774248600006
vn 0.5528513193130493 -0.827599287033081 0.0971335917711258
vn -0.8871514797210693 -0.30499809980392456 -0.3463212549686432
vn -0.8155951499938965 -0.42848074436187744 -0.38885584473609924
vn 0.6166788935661316 -0.7787496447563171 0.11513546854257584
vn 0.6748681664466858 -0.7254542112350464 0.13516388833522797
vn -0.9304186105728149 -0.12720239162445068 -0.3437161147594452
vn 0.7379934787750244 -0.6584290266036987 0.14777328073978424
vn -0.94436115026474 -0.009201828390359879 -0.3287816345691681
vn 0.7851117849349976 -0.5986722111701965 0.15871736407279968
vn 0.8163995146751404 -0.5559709072113037 0.15616746246814728
vn 0.8405479192733765 -0.5203660726547241 0.15066008269786835
vn -0.9374504685401917 0.0975629985332489 -0.3341677784919739
vn 0.8571922183036804 -0.4907250702381134 0.1562385857105255
vn -0.920598030090332 0.1863272339105606 -0.34319308400154114
vn 0.8693510293960571 -0.46431490778923035 0.16923530399799347
vn -0.9201444387435913 0.2202003002166748 -0.3237995505332947
vn -0.9323796033859253 0.21355710923671722 -0.29165342450141907
vn -0.9413081407546997 0.21093377470970154 -0.2635260820388794
vn 0.8769935965538025 -0.4434782862663269 0.18495744466781616
vn -0.9457255601882935 0.20025841891765594 -0.25592920184135437
vn 0.8851855397224426 -0.41897672414779663 0.2022501528263092
vn 0.9017481803894043 -0.39229318499565125 0.18153877556324005
vn 0.9328327775001526 -0.3307551443576813 0.14291296899318695
vn -0.9445201754570007 0.20282158255577087 -0.2583507001399994
vn 0.9552624821662903 -0.26492035388946533 0.1314944326877594
vn -0.9369834661483765 0.2252095490694046 -0.26710042357444763
vn 0.9733595848083496 -0.18949240446090698 0.12908817827701569
vn -0.9229604601860046 0.2892606258392334 -0.2539141774177551
vn 0.9874873161315918 -0.09770041704177856 0.12378838658332825
vn -0.8811987042427063 0.393571138381958 -0.2618982195854187
vn 0.9905485510826111 0.03544716164469719 0.13250283896923065
vn -0.8255091905593872 0.5076964497566223 -0.24653375148773193
vn -0.7545331120491028 0.611210823059082 -0.23895852267742157
vn 0.9757158160209656 0.1585104763507843 0.15117256343364716
vn -0.669329047203064 0.7068005800247192 -0.22897954285144806
vn 0.9543473124504089 0.2530181407928467 0.15875473618507385
vn -0.5946163535118103 0.7728925347328186 -0.22151440382003784
vn -0.5443230867385864 0.8114866018295288 -0.2126074880361557
vn -0.5198956727981567 0.828578770160675 -0.2077638804912567
vn -0.5305102467536926 0.8231428861618042 -0.20247161388397217
vn 0.8974269032478333 0.39094945788383484 0.204410120844841
vn 0.9259589314460754 0.325388103723526 0.1916317343711853
vn -0.5592447519302368 0.8000947833061218 -0.21701093018054962
vn 0.858610212802887 0.47746434807777405 0.18659135699272156
vn -0.5915228128433228 0.7697862386703491 -0.23985394835472107
vn 0.8183625936508179 0.5545412302017212 0.1508864164352417
vn -0.5919506549835205 0.7687894105911255 -0.2419862151145935
vn -0.5647584199905396 0.7894509434700012 -0.2404479682445526
vn -0.5162861347198486 0.8255974054336548 -0.22767873108386993
vn 0.7917575240135193 0.6044235825538635 0.0882735475897789
vn -0.4187753200531006 0.8898146748542786 -0.18126527965068817
vn 0.7047463655471802 0.7082093954086304 0.0420960895717144
vn -0.33920949697494507 0.9264642000198364 -0.16309814155101776
vn -0.28878161311149597 0.9472014307975769 -0.13933631777763367
vn -0.20183254778385162 0.9740453362464905 -0.10246636718511581
vn -0.13897976279258728 0.9863926768302917 -0.08783061802387238
vn -0.05326070636510849 0.9971081614494324 -0.054210152477025986
vn 0.0888371467590332 0.9957500100135803 -0.024288054555654526
vn 0.30352991819381714 0.9528058767318726 -0.005522267892956734
vn 0.5336765050888062 0.8455990552902222 0.012313063256442547
vn -0.05195476859807968 -0.9968336820602417 0.06019367650151253
vn 0.09057053923606873 -0.9911394715309143 0.09715770184993744
vn -0.28314104676246643 -0.9587823152542114 -0.023825209587812424
vn 0.22032731771469116 -0.9646012783050537 0.14491517841815948
vn -0.30378827452659607 -0.9522509574890137 0.030510831624269485
vn -0.20506660640239716 -0.9785363674163818 0.0203534122556448
vn -0.4629465639591217 -0.883389949798584 -0.07281926274299622
vn 0.26723146438598633 -0.9486528038978577 0.16924899816513062
vn -0.5415252447128296 -0.8301493525505066 -0.1326746791601181
vn -0.5844165682792664 -0.808946967124939 -0.06373436748981476
vn -0.5557346343994141 -0.8279671669006348 -0.07502995431423187
vn 0.2930443584918976 -0.9433431029319763 0.15565647184848785
vn 0.29983800649642944 -0.9439626336097717 0.13795563578605652
vn 0.30465126037597656 -0.9448268413543701 0.12037400901317596
vn 0.3194906413555145 -0.9419520497322083 0.10320927947759628
vn 0.3535633087158203 -0.9313705563545227 0.08684393763542175
vn 0.4065067768096924 -0.910413920879364 0.07680340856313705
vn -0.5045766830444336 -0.8631333708763123 -0.020081015303730965
vn -0.40270668268203735 -0.9145972728729248 -0.03659478947520256
vn -0.6333438754081726 -0.7260255217552185 -0.2678851783275604
vn 0.4774117171764374 -0.8741858601570129 0.08875345438718796
vn -0.5808505415916443 -0.7913990020751953 -0.19052675366401672
vn -0.5410754084587097 -0.8180999755859375 -0.1948072463274002
vn -0.7028829455375671 -0.6183361411094666 -0.35159072279930115
vn 0.5752668976783752 -0.8086298704147339 0.1232309564948082
vn -0.8779708743095398 -0.3856038749217987 -0.2836844325065613
vn -0.7861204147338867 -0.5229114890098572 -0.3295123875141144
vn 0.6410149335861206 -0.7565217614173889 0.1295175403356552
vn 0.6930261254310608 -0.7076511979103088 0.13763944804668427
vn -0.7543140649795532 -0.6062381863594055 -0.25196364521980286
vn -0.6524485945701599 -0.7073138952255249 -0.2720624804496765
vn -0.9367750287055969 -0.18660598993301392 -0.2960250973701477
vn 0.7504168152809143 -0.6413803696632385 0.15970590710639954
vn -0.9432659149169922 -0.031909823417663574 -0.33050137758255005
vn 0.7914107441902161 -0.5854119062423706 0.17596039175987244
vn 0.8203546404838562 -0.5474863052368164 0.16515788435935974
vn 0.8438556790351868 -0.5122559070587158 0.1596922129392624
vn -0.9280582666397095 0.09506949782371521 -0.3600967824459076
vn 0.8643483519554138 -0.473419725894928 0.1696341335773468
vn -0.8976261615753174 0.19116394221782684 -0.3971443474292755
vn 0.877029538154602 -0.44315212965011597 0.185567706823349
vn -0.9056966304779053 0.24187740683555603 -0.34815075993537903
vn -0.9219670295715332 0.23891617357730865 -0.304788202047348
vn -0.9283531904220581 0.22381117939949036 -0.29676419496536255
vn 0.8850516676902771 -0.4191879630088806 0.20239827036857605
vn -0.8881779313087463 0.24021324515342712 -0.39171111583709717
vn -0.908382773399353 0.24508345127105713 -0.3387845456600189
vn -0.9291926622390747 0.21037615835666656 -0.30387964844703674
vn 0.8931859135627747 -0.39041322469711304 0.22315126657485962
vn 0.8982099890708923 -0.38537243008613586 0.21144020557403564
vn 0.925200343132019 -0.3363104462623596 0.17578287422657013
vn -0.874430239200592 0.2367600053548813 -0.4234577417373657
vn -0.9058672189712524 0.22924436628818512 -0.35616248846054077
vn -0.9244945049285889 0.21789230406284332 -0.3127827048301697
vn 0.9487416744232178 -0.2611919343471527 0.1779552549123764
vn -0.8626980781555176 0.24204480648040771 -0.444034218788147
vn -0.9006998538970947 0.22467318177223206 -0.3718356192111969
vn 0.9056738615036011 -0.3507274389266968 0.2382124811410904
vn 0.9202956557273865 -0.32862088084220886 0.2122834473848343
vn -0.9145647883415222 0.2601308822631836 -0.3096823990345001
vn 0.9668117165565491 -0.1781822144985199 0.18310202658176422
vn -0.8504282236099243 0.2603342533111572 -0.4571630358695984
vn -0.8894810080528259 0.2465912252664566 -0.3847289979457855
vn 0.9165349006652832 -0.3071441650390625 0.25617629289627075
vn 0.9346368312835693 -0.2749399244785309 0.2255263328552246
vn -0.9008970260620117 0.32519665360450745 -0.2874573767185211
vn 0.982477068901062 -0.0581352598965168 0.17708513140678406
vn -0.8660964965820312 0.40573057532310486 -0.2919926047325134
vn 0.9782837629318237 0.0626794844865799 0.19756561517715454
vn -0.822502076625824 0.504472017288208 -0.26267531514167786
vn -0.7439602613449097 0.6183521747589111 -0.25330570340156555
vn 0.9658571481704712 0.1644803136587143 0.20016542077064514
vn -0.6604161262512207 0.7079730033874512 -0.25024962425231934
vn 0.9485035538673401 0.24110160768032074 0.20545335114002228
vn -0.5935844779014587 0.7709612846374512 -0.2308165580034256
vn -0.5475653409957886 0.8064846396446228 -0.223057821393013
vn -0.521275520324707 0.8228989243507385 -0.22607357800006866
vn -0.5323218107223511 0.8181619048118591 -0.2173583209514618
vn 0.9175036549568176 0.3358146548271179 0.21310947835445404
vn 0.9243701696395874 0.3100240230560303 0.22231729328632355
vn -0.5656980276107788 0.7885937094688416 -0.24105125665664673
vn 0.8812679648399353 0.4350639879703522 0.18462452292442322
vn -0.5362150073051453 0.8034934401512146 -0.25859588384628296
vn -0.537929892539978 0.807019054889679 -0.24362194538116455
vn -0.5908929109573364 0.762372612953186 -0.2638819217681885
vn 0.8815383911132812 0.4543488919734955 0.1282859742641449
vn -0.593044638633728 0.7622724771499634 -0.2593042254447937
vn -0.5674242973327637 0.7865376472473145 -0.2436971813440323
vn -0.5572525858879089 0.779420018196106 -0.2863111197948456
vn -0.5679420828819275 0.7764171957969666 -0.2731633484363556
vn -0.4914848208427429 0.8443655371665955 -0.21328239142894745
vn 0.8477438688278198 0.5254048109054565 0.07266451418399811
vn -0.37831124663352966 0.9120798110961914 -0.15808561444282532
vn 0.7470343112945557 0.6637342572212219 0.03737136721611023
vn -0.30802980065345764 0.9431490898132324 -0.12484963983297348
vn -0.2445371299982071 0.9642455577850342 -0.10213776677846909
vn -0.18749366700649261 0.979554295539856 -0.07293504476547241
vn -0.1041327640414238 0.9933998584747314 -0.04809415340423584
vn -0.01462068222463131 0.9995151162147522 -0.027492569759488106
vn 0.11219202727079391 0.9936758279800415 -0.00462111784145236
vn 0.31160596013069153 0.9501628875732422 0.009605835191905499
vn 0.5551021695137024 0.8315630555152893 0.019090685993433
vn -0.22345539927482605 -0.9646580219268799 0.13965196907520294
vn -0.09521394222974777 -0.9882548451423645 0.11952700465917587
vn 0.02921113558113575 -0.9897539019584656 0.13976430892944336
vn 0.1289856880903244 -0.9833506941795349 0.1280003935098648
vn -0.4148500859737396 -0.9065535068511963 0.07784724235534668
vn 0.21568216383457184 -0.9593073129653931 0.18223826587200165
vn -0.3311779499053955 -0.9247579574584961 0.1874672770500183
vn -0.10734393447637558 -0.9703236818313599 0.21667778491973877
vn 0.025338172912597656 -0.9766737818717957 0.21322834491729736
vn 0.13345028460025787 -0.9721149206161499 0.19283054769039154
vn -0.5099300146102905 -0.857711672782898 0.06559083610773087
vn 0.23214852809906006 -0.9534462094306946 0.1924770027399063
vn -0.5216747522354126 -0.8426056504249573 -0.1336832493543625
vn -0.4450593888759613 -0.8906054496765137 -0.09351044148206711
vn -0.4591578543186188 -0.8878541588783264 0.029818303883075714
vn 0.2638043761253357 -0.9491733908653259 0.17168918251991272
vn 0.27973851561546326 -0.947685182094574 0.1537502110004425
vn 0.2839880585670471 -0.9485250115394592 0.14018268883228302
vn 0.30191266536712646 -0.9446814060211182 0.1281636357307434
vn 0.33287420868873596 -0.935965359210968 0.11473309993743896
vn 0.3964110314846039 -0.9130613803863525 0.09579857438802719
vn -0.39461350440979004 -0.9038857221603394 0.1651391088962555
vn -0.18114332854747772 -0.9575079679489136 0.22442282736301422
vn 0.0055558942258358 -0.9723860025405884 0.2333124279975891
vn 0.14789405465126038 -0.9642032384872437 0.2200898975133896
vn -0.7027630805969238 -0.6836455464363098 -0.19685761630535126
vn 0.4825425446033478 -0.8667221069335938 0.12627559900283813
vn -0.858195424079895 -0.4468143880367279 -0.252700537443161
vn 0.5932389497756958 -0.7850305438041687 0.1783107966184616
vn 0.6577121615409851 -0.7320104241371155 0.17769503593444824
vn 0.708423376083374 -0.6865643262863159 0.163602814078331
vn -0.9146599769592285 -0.23695790767669678 -0.32748761773109436
vn 0.7576149106025696 -0.6250501871109009 0.1879682093858719
vn -0.9247328639030457 -0.056975413113832474 -0.3763282597064972
vn 0.795103907585144 -0.5717398524284363 0.20229536294937134
vn 0.8238598704338074 -0.5366296768188477 0.18243804574012756
vn 0.8499784469604492 -0.49848484992980957 0.17043918371200562
vn -0.898766040802002 0.06640303134918213 -0.43337082862854004
vn 0.8728471398353577 -0.4526153802871704 0.18242032825946808
vn -0.8843501210212708 -0.006688850466161966 -0.4667763411998749
vn -0.8864869475364685 -0.001103498274460435 -0.4627523720264435
vn 0.8360069394111633 -0.5117384791374207 0.1980305165052414
vn 0.854537844657898 -0.4851851463317871 0.18536581099033356
vn -0.8692713975906372 0.15797159075737 -0.4684145450592041
vn 0.8862006068229675 -0.418789803981781 0.1981506645679474
vn -0.8732151985168457 0.04157619550824165 -0.4855582118034363
vn -0.8704448342323303 0.08234427869319916 -0.4853300154209137
vn 0.8513050675392151 -0.48255810141563416 0.20595484972000122
vn 0.8722333312034607 -0.44889596104621887 0.19416870176792145
vn -0.8636672496795654 0.22069890797138214 -0.45317861437797546
vn 0.89238440990448 -0.3984760642051697 0.21181829273700714
vn -0.8415931463241577 0.2353244125843048 -0.48615163564682007
vn 0.9008869528770447 -0.37352392077445984 0.2210940718650818
vn -0.8250731229782104 0.2561340928077698 -0.5036364793777466
vn 0.9086767435073853 -0.34174320101737976 0.2398296594619751
vn -0.8151698112487793 0.2995607554912567 -0.49574339389801025
vn 0.929884672164917 -0.25943076610565186 0.2607877254486084
vn -0.853722333908081 0.2897679805755615 -0.4326576590538025
vn -0.884314775466919 0.28439784049987793 -0.37027740478515625
vn 0.9341052174568176 -0.23423658311367035 0.2694080173969269
vn 0.9551759958267212 -0.1885276883840561 0.22824600338935852
vn -0.8818953633308411 0.32943296432495117 -0.33724555373191833
vn 0.9714514017105103 -0.060286808758974075 0.22945086658000946
vn -0.824855387210846 0.3440116047859192 -0.44863083958625793
vn -0.8602302670478821 0.32076117396354675 -0.3963787257671356
vn 0.9464290142059326 -0.14346928894519806 0.28929001092910767
vn 0.9539446830749512 -0.1276809424161911 0.2714538872241974
vn -0.8486918807029724 0.41457653045654297 -0.3284027874469757
vn 0.9677671194076538 0.06378021091222763 0.24363680183887482
vn -0.8003195524215698 0.5165795087814331 -0.304358571767807
vn -0.7972055673599243 0.42245790362358093 -0.4312686622142792
vn -0.8259432911872864 0.4168436527252197 -0.3795511722564697
vn 0.9603643417358398 -0.03722205385565758 0.2762514352798462
vn 0.9599722027778625 -0.02761026844382286 0.27873119711875916
vn -0.718206524848938 0.63624107837677 -0.28173884749412537
vn 0.9577845335006714 0.1551404744386673 0.24203366041183472
vn -0.7381069660186768 0.6007276177406311 -0.30712297558784485
vn 0.9642699956893921 0.06544134765863419 0.25671154260635376
vn 0.9594613313674927 0.0687851682305336 0.2733176648616791
vn -0.6530060768127441 0.7088473439216614 -0.2666807770729065
vn 0.9417499303817749 0.23342615365982056 0.24211443960666656
vn -0.5973273515701294 0.7597786784172058 -0.2567809820175171
vn -0.5468159914016724 0.800105094909668 -0.246625155210495
vn 0.9414153695106506 0.2589930295944214 0.2160085290670395
vn 0.9356460571289062 0.2565120756626129 0.24242129921913147
vn -0.6839219927787781 0.6732326149940491 -0.28108468651771545
vn 0.9582663774490356 0.16360601782798767 0.2344326227903366
vn 0.9509662389755249 0.16347147524356842 0.2625649571418762
vn -0.5462977886199951 0.7894150018692017 -0.2799692451953888
vn 0.9337440133094788 0.3163963258266449 0.1673785150051117
vn -0.562545120716095 0.7699087858200073 -0.3013029992580414
vn 0.9282568097114563 0.35834619402885437 0.09963580965995789
vn -0.5734604001045227 0.7637575268745422 -0.29634061455726624
vn -0.5862827897071838 0.7596651911735535 -0.28139176964759827
vn -0.5606721043586731 0.785705029964447 -0.261370450258255
vn -0.5418272018432617 0.8048473596572876 -0.24216535687446594
vn -0.4507748484611511 0.8708881139755249 -0.19584675133228302
vn 0.8821536302566528 0.4667642414569855 0.0627383291721344
vn -0.4906157851219177 0.8380116820335388 -0.23881490528583527
vn -0.4988936483860016 0.8374180793762207 -0.22324034571647644
vn -0.35083770751953125 0.9259493350982666 -0.1397528499364853
vn 0.7659308314323425 0.6416413187980652 0.04057571664452553
vn -0.26252374053001404 0.9596840143203735 -0.10043898969888687
vn -0.20597445964813232 0.9761531949043274 -0.06855246424674988
vn -0.1481262445449829 0.9880879521369934 -0.04172315448522568
vn -0.08053416758775711 0.9966281652450562 -0.015702374279499054
vn 0.011209876276552677 0.9999194145202637 0.005966116674244404
vn 0.12634140253067017 0.9916533827781677 0.025718817487359047
vn 0.3011702001094818 0.952954113483429 0.03427823260426521
vn 0.549705445766449 0.834722638130188 0.032590512186288834
vn -0.4045983850955963 0.8921895027160645 -0.20074400305747986
vn -0.3942349851131439 0.902053952217102 -0.17572009563446045
vn -0.460387259721756 -0.879446268081665 -0.12090457230806351
vn -0.34229445457458496 -0.9374192357063293 -0.06387294828891754
vn -0.2845765948295593 -0.9585963487625122 0.01045327540487051
vn -0.2320132553577423 -0.9630286693572998 0.13691473007202148
vn -0.041418176144361496 -0.9798756837844849 0.19526435434818268
vn 0.1036682203412056 -0.9746914505958557 0.1980644166469574
vn 0.20885372161865234 -0.9602929353713989 0.18498042225837708
vn 0.24937112629413605 -0.953511118888855 0.16920588910579681
vn 0.27161404490470886 -0.9480506777763367 0.1656072586774826
vn 0.2802164852619171 -0.9457873106002808 0.1642102152109146
vn 0.2919352352619171 -0.9434953331947327 0.15681342780590057
vn 0.3270667493343353 -0.9303348660469055 0.16584473848342896
vn 0.3865889012813568 -0.9110190868377686 0.143503800034523
vn -0.68388831615448 -0.702053427696228 -0.19853930175304413
vn 0.4771807789802551 -0.8559986352920532 0.198909193277359
vn 0.392132043838501 -0.8914146423339844 0.22718365490436554
vn 0.4044145345687866 -0.8888937830924988 0.21521343290805817
vn -0.8068069815635681 -0.5073754787445068 -0.30270901322364807
vn 0.5717047452926636 -0.7798216342926025 0.25501373410224915
vn 0.6371151804924011 -0.7256179451942444 0.25992876291275024
vn 0.7045078873634338 -0.6787614822387695 0.20724746584892273
vn 0.46740350127220154 -0.839561939239502 0.2768932282924652
vn 0.5155037641525269 -0.8080403208732605 0.28517845273017883
vn -0.8697879314422607 -0.2842162251472473 -0.4033487141132355
vn 0.7495764493942261 -0.6230179071426392 0.22357085347175598
vn -0.8800622224807739 -0.3061138093471527 -0.3630220293998718
vn -0.8309577107429504 -0.3778909742832184 -0.4082984924316406
vn 0.6435410380363464 -0.7075278162956238 0.2919921576976776
vn 0.6917788982391357 -0.677359938621521 0.25025108456611633
vn -0.8932054042816162 -0.08585330843925476 -0.441376656293869
vn 0.7714318037033081 -0.5924533605575562 0.2321465015411377
vn -0.9002258777618408 -0.08773387223482132 -0.4264928698539734
vn -0.892151951789856 -0.08870764076709747 -0.4429400861263275
vn -0.9021620154380798 -0.18312110006809235 -0.3906026780605316
vn -0.8835015296936035 -0.19897624850273132 -0.42406779527664185
vn 0.6531489491462708 -0.694445788860321 0.3018965721130371
vn 0.710822582244873 -0.6512826085090637 0.26563552021980286
vn -0.8890957236289978 -0.04119683429598808 -0.45586371421813965
vn 0.8148745894432068 -0.5374584197998047 0.2170666605234146
vn -0.8632469177246094 0.04487400874495506 -0.5027834177017212
vn 0.8429474830627441 -0.49247294664382935 0.216587096452713
vn -0.8548626899719238 0.10892872512340546 -0.507291316986084
vn -0.8496983647346497 0.1442684531211853 -0.507148265838623
vn 0.875134289264679 -0.43849897384643555 0.20459388196468353
vn 0.8895264267921448 -0.4113546311855316 0.19882193207740784
vn -0.8377006649971008 0.19477403163909912 -0.5102162957191467
vn 0.8988563418388367 -0.38632211089134216 0.2069118767976761
vn -0.842155933380127 0.13312943279743195 -0.522541880607605
vn -0.8382267951965332 0.15580658614635468 -0.5225898623466492
vn -0.8145803809165955 0.23016147315502167 -0.5324326753616333
vn 0.9104588627815247 -0.3538515567779541 0.21413485705852509
vn -0.8261897563934326 0.17517630755901337 -0.5354659557342529
vn -0.8231227397918701 0.18911989033222198 -0.5354461669921875
vn -0.7986072301864624 0.27075108885765076 -0.5375131964683533
vn 0.9263198971748352 -0.3050324320793152 0.221103236079216
vn -0.8142496943473816 0.23150092363357544 -0.5323578119277954
vn -0.8051865696907043 0.22990530729293823 -0.5466427206993103
vn -0.7796860337257385 0.3465206027030945 -0.5215487480163574
vn 0.9421736001968384 -0.25061872601509094 0.22248439490795135
vn -0.8108978271484375 0.3010624349117279 -0.501802921295166
vn -0.790494978427887 0.295858770608902 -0.5362696647644043
vn -0.7911931276321411 0.3844110667705536 -0.4756487309932709
vn 0.9572359323501587 -0.16150976717472076 0.24002905189990997
vn -0.7600167989730835 0.48876240849494934 -0.4283524453639984
vn 0.9734668731689453 -0.046204641461372375 0.22411470115184784
vn -0.7674022316932678 0.5132877826690674 -0.3842259645462036
vn -0.7685481309890747 0.5419662594795227 -0.34000930190086365
vn -0.7127333879470825 0.6320434808731079 -0.3041912317276001
vn 0.9774596095085144 0.0554036982357502 0.2037232369184494
vn -0.659638524055481 0.6991838216781616 -0.275715708732605
vn 0.9719052314758301 0.16048164665699005 0.17217972874641418
vn -0.6312968134880066 0.728683590888977 -0.2654895484447479
vn -0.5980945229530334 0.7545374035835266 -0.2701040804386139
vn -0.5663444399833679 0.7772699594497681 -0.2740536630153656
vn -0.5642354488372803 0.7720729112625122 -0.2924754321575165
vn 0.9690166711807251 0.2170732170343399 0.11783844232559204
vn -0.6042084097862244 0.7483289837837219 -0.2737444341182709
vn -0.5802353620529175 0.7637783288955688 -0.28278905153274536
vn -0.5699247717857361 0.7651768922805786 -0.29948312044143677
vn 0.9488332867622375 0.30324244499206543 0.08808788657188416
vn -0.5637719631195068 0.7701696753501892 -0.2983284890651703
vn -0.5512124300003052 0.7856284379959106 -0.28098544478416443
vn -0.6020963191986084 0.7521102428436279 -0.26797449588775635
vn -0.5820743441581726 0.7613405585289001 -0.2855697572231293
vn -0.4719937741756439 0.8480518460273743 -0.24089421331882477
vn 0.8937944173812866 0.44309887290000916 0.06924600899219513
vn -0.36542463302612305 0.9122288227081299 -0.18521210551261902
vn 0.7592793107032776 0.6486172080039978 0.05282777547836304
vn -0.30486708879470825 0.9405121803283691 -0.14997656643390656
vn -0.2730657756328583 0.9558516144752502 -0.10854846239089966
vn -0.19652554392814636 0.9779901504516602 -0.0700933039188385
vn -0.154435396194458 0.9866780042648315 -0.05114928260445595
vn -0.10159085690975189 0.9946238398551941 -0.020069202408194542
vn -0.04116842523217201 0.9990928173065186 0.010896044783294201
vn 0.03399968892335892 0.9988031983375549 0.03516050800681114
vn 0.14540351927280426 0.9876575469970703 0.058227553963661194
vn 0.2826024889945984 0.9563477635383606 0.07439669966697693
vn 0.5102319717407227 0.857938826084137 0.060035742819309235
vn -0.3512040376663208 -0.9302582144737244 -0.10618570446968079
vn -0.2711673676967621 -0.961317777633667 -0.04833614453673363
vn -0.1852847933769226 -0.9826846122741699 0.0007663408177904785
vn -0.1148868128657341 -0.9912629723548889 0.0647977739572525
vn -0.022083938121795654 -0.992139458656311 0.12317358702421188
vn 0.08523023873567581 -0.9842402338981628 0.15494205057621002
vn 0.17846308648586273 -0.9701904654502869 0.16395562887191772
vn 0.2410491704940796 -0.9558302164077759 0.16817817091941833
vn 0.26793208718299866 -0.9482384324073792 0.17045889794826508
vn 0.29587772488594055 -0.937694251537323 0.18217013776302338
vn 0.3183251917362213 -0.9283725023269653 0.1918167620897293
vn -0.5722973346710205 -0.7837369441986084 -0.2413133829832077
vn 0.38649091124534607 -0.889155924320221 0.24500325322151184
vn -0.5364459753036499 -0.8231170773506165 -0.18629004061222076
vn -0.44032126665115356 -0.8786657452583313 -0.18456394970417023
vn 0.35177430510520935 -0.9126680493354797 0.2080671191215515
vn 0.3425449728965759 -0.9135885834693909 0.21913209557533264
vn -0.7333417534828186 -0.5678852200508118 -0.37378647923469543
vn 0.46545663475990295 -0.8325502276420593 0.30035024881362915
vn -0.8620840907096863 -0.42211005091667175 -0.28041785955429077
vn -0.7831484079360962 -0.5160163640975952 -0.34699541330337524
vn 0.540127158164978 -0.7778878211975098 0.3211748003959656
vn 0.5863582491874695 -0.7484701871871948 0.3098006248474121
vn -0.7430770397186279 -0.6199309825897217 -0.25203585624694824
vn -0.6184041500091553 -0.7297214865684509 -0.2916898727416992
vn 0.4218275249004364 -0.8751538395881653 0.23699644207954407
vn 0.42102503776550293 -0.8675315380096436 0.26481521129608154
vn -0.903366208076477 -0.30089983344078064 -0.3055957853794098
vn 0.6057625412940979 -0.7269226312637329 0.32347366213798523
vn -0.8959605097770691 -0.19261668622493744 -0.4001920223236084
vn 0.6201290488243103 -0.7190538048744202 0.3136903643608093
vn 0.6813092827796936 -0.6734116077423096 0.28693994879722595
vn 0.7406537532806396 -0.620769202709198 0.2570558488368988
vn -0.8690709471702576 -0.0904698520898819 -0.48634451627731323
vn 0.7913455963134766 -0.5654104948043823 0.23255807161331177
vn -0.860532283782959 0.010715586133301258 -0.509283185005188
vn 0.8386658430099487 -0.5047990083694458 0.2044936567544937
vn 0.8747943639755249 -0.4398297667503357 0.20318613946437836
vn 0.8937360644340515 -0.4013168215751648 0.20045137405395508
vn -0.8477864265441895 0.10709065943956375 -0.5194129347801208
vn 0.9076383709907532 -0.3707868158817291 0.19674809277057648
vn 0.8818580508232117 -0.4321657419204712 0.18857140839099884
vn 0.8958601355552673 -0.4000132083892822 0.1934531182050705
vn -0.8381866216659546 0.17804193496704102 -0.5155039429664612
vn 0.923500120639801 -0.3325822949409485 0.1911454051733017
vn 0.8912251591682434 -0.418475478887558 0.17491725087165833
vn 0.9080290198326111 -0.37919560074806213 0.1780281364917755
vn -0.833095371723175 0.25883519649505615 -0.48883166909217834
vn 0.9381959438323975 -0.283083975315094 0.19912755489349365
vn -0.8138906359672546 0.36919477581977844 -0.4486393928527832
vn 0.9533020257949829 -0.23166733980178833 0.19376668334007263
vn -0.7919886112213135 0.3762516379356384 -0.4808211028575897
vn -0.7696886658668518 0.38375815749168396 -0.5102049112319946
vn -0.7587185502052307 0.4539412558078766 -0.46720823645591736
vn 0.9719279408454895 -0.1452377736568451 0.18510007858276367
vn -0.7719665169715881 0.47265711426734924 -0.42504480481147766
vn -0.7579135894775391 0.467721551656723 -0.45475658774375916
vn -0.7409312725067139 0.5295674204826355 -0.4130125343799591
vn 0.9842049479484558 -0.05520224571228027 0.16820618510246277
vn -0.7216341495513916 0.5926902294158936 -0.3577185571193695
vn -0.7273033857345581 0.6003648042678833 -0.3325537145137787
vn -0.7348358631134033 0.5619835257530212 -0.3797246217727661
vn -0.7267013788223267 0.5629174113273621 -0.393737256526947
vn -0.6837472319602966 0.6690707802772522 -0.2912627160549164
vn 0.9888481497764587 0.027621882036328316 0.14634370803833008
vn -0.6809180974960327 0.6682009696960449 -0.29976344108581543
vn -0.6977411508560181 0.6481558084487915 -0.30504319071769714
vn -0.6485397815704346 0.7137280702590942 -0.2645531892776489
vn 0.9867754578590393 0.10370057076215744 0.12458119541406631
vn -0.6272919774055481 0.733801007270813 -0.2608463764190674
vn -0.6498410105705261 0.7122394442558289 -0.26537078619003296
vn -0.6588996648788452 0.7023546099662781 -0.2693499028682709
vn -0.6236952543258667 0.7386192679405212 -0.2558239698410034
vn 0.9769561886787415 0.18365469574928284 0.10875502228736877
vn -0.61199951171875 0.7512992024421692 -0.24699407815933228
vn 0.9511051774024963 0.2918936610221863 0.10098037123680115
vn -0.5888791084289551 0.7642145752906799 -0.2630542814731598
vn -0.5739615559577942 0.7682783603668213 -0.2834019064903259
vn -0.5512413382530212 0.7886033654212952 -0.27246594429016113
vn -0.518475353717804 0.810126006603241 -0.27364054322242737
vn -0.43232080340385437 0.8734853863716125 -0.22387953102588654
vn 0.8839026689529419 0.4596397280693054 0.0862991139292717
vn -0.5069742798805237 0.8281720876693726 -0.2389732301235199
vn -0.4889647662639618 0.8377392888069153 -0.24311792850494385
vn 0.7379047274589539 0.6526179909706116 0.1720072478055954
vn 0.8749178051948547 0.4672815799713135 0.12714873254299164
vn -0.34310513734817505 0.9223601818084717 -0.17756853997707367
vn 0.7020331621170044 0.7071847915649414 0.08389962464570999
vn -0.25861138105392456 0.9546605944633484 -0.14745600521564484
vn -0.21074865758419037 0.9713565111160278 -0.1097794622182846
vn -0.1672448217868805 0.9831667542457581 -0.07356928288936615
vn -0.10739221423864365 0.9932892918586731 -0.04293426498770714
vn -0.048100993037223816 0.9987300634384155 -0.014988062903285027
vn 0.01734272390604019 0.9996514320373535 0.019910145550966263
vn 0.08594348281621933 0.9944402575492859 0.0608467236161232
vn 0.15380534529685974 0.9846049547195435 0.08304820209741592
vn 0.2955014705657959 0.9484495520591736 0.11455312371253967
vn 0.4730539917945862 0.8738276958465576 0.11245045065879822
vn -0.44646382331848145 0.8689342141151428 -0.21359655261039734
vn -0.4032961130142212 0.8923007249832153 -0.202859029173851
vn 0.5116236805915833 0.8465108275413513 0.14717569947242737
vn 0.7190486788749695 0.6844287514686584 0.1205253005027771
vn -0.5494837760925293 -0.8311995267868042 -0.08470530807971954
vn -0.371704638004303 -0.9262906908988953 -0.06181667372584343
vn -0.27922382950782776 -0.9601209163665771 -0.014210116118192673
vn -0.20925423502922058 -0.9777476191520691 -0.014910060912370682
vn -0.12489054352045059 -0.9921157360076904 0.010430421680212021
vn -0.04780968278646469 -0.9978128671646118 0.04564790800213814
vn 0.02218770794570446 -0.9961420297622681 0.0849049761891365
vn 0.09895671904087067 -0.9882096648216248 0.11683019995689392
vn 0.1770370900630951 -0.9744739532470703 0.13805188238620758
vn 0.244775652885437 -0.9574633240699768 0.15280352532863617
vn 0.29548999667167664 -0.9393401145935059 0.17414335906505585
vn -0.7168641090393066 -0.6802162528038025 -0.15300892293453217
vn 0.37325018644332886 -0.9060337543487549 0.19946719706058502
vn -0.7255287170410156 -0.6853427290916443 -0.06255699694156647
vn -0.5248479247093201 -0.8511600494384766 -0.007832994684576988
vn -0.8481156229972839 -0.49656039476394653 -0.18473698198795319
vn 0.46224525570869446 -0.8539044260978699 0.2391161024570465
vn 0.4964917302131653 -0.8226094841957092 0.27714547514915466
vn 0.5097061395645142 -0.8011764287948608 0.31355392932891846
vn 0.5608443021774292 -0.7584537863731384 0.3319661021232605
vn 0.5749701857566833 -0.7460026741027832 0.3359900414943695
vn -0.7800107002258301 -0.6176942586898804 -0.10018588602542877
vn -0.6543967723846436 -0.7561197876930237 0.006913408171385527
vn -0.8229960203170776 -0.4751197099685669 -0.31135013699531555
vn 0.584780216217041 -0.7421826720237732 0.327409565448761
vn -0.7548450827598572 -0.5958038568496704 -0.27427491545677185
vn -0.7254335284233093 -0.6230146884918213 -0.29257312417030334
vn 0.5700778961181641 -0.7582046389579773 0.31644418835639954
vn 0.5706158876419067 -0.7512767314910889 0.331633597612381
vn -0.8477908372879028 -0.261626273393631 -0.4613051414489746
vn 0.5903958082199097 -0.7483593225479126 0.3023095726966858
vn 0.6395215392112732 -0.7172285318374634 0.27675873041152954
vn 0.7219282388687134 -0.6430662274360657 0.2555103600025177
vn -0.862205445766449 -0.3531022071838379 -0.3632088899612427
vn -0.8164237141609192 -0.4146057367324829 -0.4019384980201721
vn 0.5596327781677246 -0.7766482830047607 0.2891862690448761
vn 0.5631886124610901 -0.7682316899299622 0.30436623096466064
vn -0.8687368631362915 -0.08699098974466324 -0.48757457733154297
vn 0.7726321220397949 -0.5956119298934937 0.21974103152751923
vn -0.9125369191169739 -0.15189827978610992 -0.37974125146865845
vn -0.8696316480636597 -0.20428162813186646 -0.44945502281188965
vn -0.8694947957992554 0.040742162615060806 -0.49225905537605286
vn 0.8126949071884155 -0.5457999110221863 0.20403307676315308
vn -0.9207220673561096 -0.024200087413191795 -0.3894680142402649
vn -0.8914534449577332 -0.04420764371752739 -0.45095062255859375
vn -0.861456036567688 0.12408028542995453 -0.49244049191474915
vn 0.8584490418434143 -0.4764951169490814 0.1897832453250885
vn -0.913283109664917 0.06377916038036346 -0.402301162481308
vn -0.8904404044151306 0.060370028018951416 -0.4510780870914459
vn -0.8552306294441223 0.2015879601240158 -0.4774336814880371
vn 0.8852436542510986 -0.42921313643455505 0.17921999096870422
vn 0.9104565382003784 -0.3787778317928314 0.1661214679479599
vn 0.9249709844589233 -0.3418706953525543 0.16599126160144806
vn -0.900734543800354 0.14032770693302155 -0.4110785126686096
vn -0.8825805187225342 0.13848979771137238 -0.4493020474910736
vn -0.8414509892463684 0.2948543131351471 -0.4527926743030548
vn 0.9420091509819031 -0.2907286584377289 0.16761793196201324
vn -0.8846753835678101 0.218500018119812 -0.41183409094810486
vn -0.8706029653549194 0.21949252486228943 -0.4403107464313507
vn -0.8116333484649658 0.40523672103881836 -0.4207547605037689
vn 0.9619619250297546 -0.22288846969604492 0.15795597434043884
vn -0.8702446222305298 0.29424819350242615 -0.3950851261615753
vn -0.8484988808631897 0.31634262204170227 -0.42423704266548157
vn -0.7795611619949341 0.4847103953361511 -0.3966614305973053
vn 0.9781995415687561 -0.14590848982334137 0.1477714627981186
vn -0.7277097702026367 0.5916037559509277 -0.347049742937088
vn 0.9886321425437927 -0.06480734795331955 0.13567066192626953
vn -0.6913512349128723 0.6377103328704834 -0.33964547514915466
vn -0.6866987943649292 0.6495476365089417 -0.32639357447624207
vn -0.6564977765083313 0.7005448341369629 -0.2797277867794037
vn 0.9916290044784546 0.015609866939485073 0.12817300856113434
vn -0.6326624155044556 0.7319419384002686 -0.2529808580875397
vn 0.9873953461647034 0.09515330195426941 0.12647663056850433
vn -0.6335164308547974 0.733356237411499 -0.24666912853717804
vn -0.6368423104286194 0.7302086353302002 -0.24744127690792084
vn -0.6343753337860107 0.7341396808624268 -0.24208848178386688
vn -0.6309423446655273 0.7391734719276428 -0.2356574833393097
vn 0.9743742942810059 0.18436022102832794 0.12886455655097961
vn -0.634929358959198 0.7381280064582825 -0.22810478508472443
vn -0.6222577691078186 0.7480958104133606 -0.23053838312625885
vn 0.9482122659683228 0.2906090021133423 0.12821830809116364
vn -0.6013122200965881 0.7622594833374023 -0.23955002427101135
vn -0.570050835609436 0.7815626859664917 -0.2533809244632721
vn 0.7438614368438721 0.6270074248313904 0.23136982321739197
vn 0.8805696368217468 0.4377777874469757 0.18151506781578064
vn -0.6335358619689941 0.7402530312538147 -0.2250729352235794
vn -0.5228015184402466 0.8216851353645325 -0.22696302831172943
vn 0.57674640417099 0.7915154695510864 0.2021557241678238
vn -0.4446643590927124 0.8712843656539917 -0.20769494771957397
vn 0.4008769989013672 0.8997552990913391 0.1724473237991333
vn -0.3582550585269928 0.9127593040466309 -0.1962747871875763
vn -0.2879379391670227 0.9419541954994202 -0.17266753315925598
vn -0.20584872364997864 0.9663383960723877 -0.1543259173631668
vn -0.16597354412078857 0.9773921966552734 -0.130985826253891
vn -0.11875956505537033 0.9881168603897095 -0.09757712483406067
vn -0.06287627667188644 0.996003270149231 -0.06343591213226318
vn 0.006100808270275593 0.9995371103286743 -0.029805133119225502
vn 0.08484192192554474 0.9963682889938354 0.007217350881546736
vn 0.17338746786117554 0.983471691608429 0.05215565115213394
vn 0.2620380222797394 0.9584279656410217 0.11292439699172974
vn -0.28019192814826965 -0.9583413600921631 0.0554460845887661
vn -0.1889147311449051 -0.9804126620292664 0.05569781735539436
vn -0.09541858732700348 -0.9941798448562622 0.05001821368932724
vn -0.007563605904579163 -0.9981545805931091 0.060251764953136444
vn 0.06133441999554634 -0.9945393204689026 0.08443737030029297
vn 0.12073107063770294 -0.9869185090065002 0.10684513300657272
vn 0.1914360076189041 -0.9733369946479797 0.1263621300458908
vn 0.25535303354263306 -0.955797553062439 0.1457601934671402
vn 0.3191920518875122 -0.9330993890762329 0.16565607488155365
vn -0.3746339976787567 -0.9267854690551758 0.026799527928233147
vn 0.4104037880897522 -0.8896603584289551 0.2001832127571106
vn -0.4943943917751312 -0.8665561676025391 0.06822551041841507
vn 0.5014641284942627 -0.8302603363990784 0.24331367015838623
vn -0.6781443357467651 -0.7207791209220886 -0.14351902902126312
vn -0.6712261438369751 -0.7287302613258362 -0.13567516207695007
vn -0.6715632677078247 -0.7405462265014648 0.024376435205340385
vn -0.5818460583686829 -0.808768093585968 0.08572808653116226
vn 0.5367385149002075 -0.7985997200012207 0.2723056674003601
vn 0.5570357441902161 -0.772728443145752 0.30430588126182556
vn -0.8192285299301147 -0.5201943516731262 -0.2413763850927353
vn 0.5739932060241699 -0.7662274837493896 0.2888379991054535
vn -0.9123516082763672 -0.3103632628917694 -0.26700058579444885
vn 0.5540875196456909 -0.7887566685676575 0.2661767303943634
vn 0.5461916327476501 -0.7934815287590027 0.26844334602355957
vn 0.5752888321876526 -0.7729120850563049 0.2676747441291809
vn 0.6292073726654053 -0.7363474369049072 0.2487783282995224
vn 0.6970747113227844 -0.6766451001167297 0.2371463179588318
vn -0.9412872195243835 -0.15048713982105255 -0.3022119998931885
vn 0.7546557784080505 -0.6183139085769653 0.21950531005859375
vn -0.9401308298110962 -0.038824837654829025 -0.33859527111053467
vn 0.810596227645874 -0.5462926626205444 0.21094585955142975
vn -0.9274799227714539 0.050876859575510025 -0.37039533257484436
vn 0.8495877981185913 -0.4870063066482544 0.20254746079444885
vn -0.9118821620941162 0.1379154622554779 -0.3865880072116852
vn 0.8786659240722656 -0.4319421350955963 0.20340153574943542
vn 0.9068251848220825 -0.3850196301937103 0.1715463399887085
vn 0.9286513328552246 -0.33642521500587463 0.156284362077713
vn -0.895459771156311 0.22774606943130493 -0.38247039914131165
vn 0.9478753209114075 -0.28098154067993164 0.15027238428592682
vn -0.8675216436386108 0.33095887303352356 -0.37131184339523315
vn 0.965089738368988 -0.2168104499578476 0.1469525396823883
vn -0.8395688533782959 0.385548859834671 -0.3827221989631653
vn -0.8109331130981445 0.4270983636379242 -0.39996814727783203
vn -0.7647441029548645 0.5243207812309265 -0.37450534105300903
vn 0.9794923663139343 -0.14487119019031525 0.14002537727355957
vn -0.7062157392501831 0.6237536072731018 -0.33494889736175537
vn 0.9884895086288452 -0.05655675381422043 0.14032037556171417
vn -0.6756388545036316 0.6677250266075134 -0.31249889731407166
vn -0.6593953371047974 0.6907536387443542 -0.29674455523490906
vn -0.6321936845779419 0.726519763469696 -0.2692585289478302
vn 0.9883999824523926 0.02589288167655468 0.14965003728866577
vn -0.6152070164680481 0.7437980771064758 -0.26131364703178406
vn 0.9814898371696472 0.10721604526042938 0.15868964791297913
vn -0.6199442744255066 0.7454410195350647 -0.2449222356081009
vn -0.629442572593689 0.7411145567893982 -0.23356220126152039
vn -0.6297132968902588 0.7424488663673401 -0.22854077816009521
vn 0.9674015045166016 0.19050222635269165 0.16686318814754486
vn -0.6328412890434265 0.7377122640609741 -0.23514388501644135
vn 0.9401412606239319 0.2875494956970215 0.18289276957511902
vn -0.624633252620697 0.7461197972297668 -0.23051820695400238
vn -0.6019856929779053 0.7639800906181335 -0.23226606845855713
vn -0.5721983313560486 0.7860143184661865 -0.23403123021125793
vn 0.7519218325614929 0.6044213771820068 0.2632268965244293
vn 0.8621494174003601 0.4509822130203247 0.23089705407619476
vn -0.5196953415870667 0.8250982761383057 -0.22165200114250183
vn 0.5729659795761108 0.7845346927642822 0.23709790408611298
vn -0.4520564377307892 0.8635169267654419 -0.22357016801834106
vn 0.47277942299842834 0.8646072745323181 0.170099675655365
vn -0.36204850673675537 0.9076265096664429 -0.21245011687278748
vn -0.2768312096595764 0.9400014877319336 -0.19940347969532013
vn -0.20096257328987122 0.9620510339736938 -0.18458600342273712
vn -0.1373412013053894 0.9765092134475708 -0.1660335659980774
vn -0.0777486264705658 0.986687958240509 -0.14283573627471924
vn -0.010105863213539124 0.9938057661056519 -0.11067095398902893
vn 0.06860535591840744 0.9951017498970032 -0.07117480784654617
vn 0.1602584719657898 0.9867269396781921 -0.02621416375041008
vn 0.2646920084953308 0.9639992117881775 0.025370294228196144
vn 0.37676873803138733 0.9220442175865173 0.08876849710941315
vn -0.26697632670402527 -0.9533374309539795 0.14096610248088837
vn -0.18641532957553864 -0.974348247051239 0.12607444822788239
vn -0.08989482372999191 -0.988965630531311 0.11775337904691696
vn 0.004357802681624889 -0.9941343665122986 0.10806439816951752
vn 0.09447670727968216 -0.9888560771942139 0.11505590379238129
vn 0.14755788445472717 -0.9794018268585205 0.13783609867095947
vn 0.1967475563287735 -0.9701956510543823 0.14145982265472412
vn 0.27095988392829895 -0.9483947157859802 0.16470685601234436
vn 0.3417155146598816 -0.9236764907836914 0.1733561009168625
vn -0.3627307713031769 -0.9255736470222473 0.1083507239818573
vn 0.4373396933078766 -0.8715741634368896 0.22156846523284912
vn 0.3351711928844452 -0.9146425724029541 0.2260292023420334
vn 0.36540481448173523 -0.9071224331855774 0.20882581174373627
vn -0.46486613154411316 -0.8746141791343689 0.1376572847366333
vn 0.5086015462875366 -0.8180923461914062 0.26842010021209717
vn -0.633683979511261 -0.7697997093200684 -0.07650525122880936
vn -0.5404499173164368 -0.8403324484825134 -0.04189533367753029
vn -0.5659324526786804 -0.8234732747077942 0.040153395384550095
vn -0.5484305024147034 -0.8272725939750671 0.12183675915002823
vn 0.553633451461792 -0.7847270965576172 0.2787353992462158
vn 0.5714531540870667 -0.7702204585075378 0.2831990718841553
vn 0.4049731492996216 -0.8635753393173218 0.30039045214653015
vn 0.4502164423465729 -0.8498687148094177 0.2739129960536957
vn -0.8177064061164856 -0.5547710061073303 -0.153575137257576
vn 0.5671223998069763 -0.7774462103843689 0.27193695306777954
vn -0.9124842882156372 -0.3561345934867859 -0.20134706795215607
vn 0.5446920394897461 -0.7973679900169373 0.25983646512031555
vn 0.5376564264297485 -0.8041077256202698 0.2536461055278778
vn 0.5505325794219971 -0.7959436178207397 0.25176912546157837
vn 0.5984029173851013 -0.763674259185791 0.2423129379749298
vn 0.6786457896232605 -0.6968937516212463 0.23190301656723022
vn -0.943418025970459 -0.20117372274398804 -0.2636125087738037
vn 0.7479670643806458 -0.6237936019897461 0.22677470743656158
vn 0.6226479411125183 -0.7444268465042114 0.2411189079284668
vn 0.6705489754676819 -0.703967273235321 0.23408173024654388
vn -0.9421127438545227 -0.07754796743392944 -0.3262052834033966
vn 0.8040303587913513 -0.5469610095024109 0.2331715077161789
vn 0.666721522808075 -0.6961992383003235 0.26606234908103943
vn 0.725771427154541 -0.6428481340408325 0.24495358765125275
vn -0.9285270571708679 0.03740149363875389 -0.369376003742218
vn 0.8469906449317932 -0.47747451066970825 0.23371969163417816
vn -0.9112630486488342 0.145039364695549 -0.3854389786720276
vn 0.8674368262290955 -0.4267464280128479 0.2558142840862274
vn 0.8972394466400146 -0.3923555612564087 0.202530175447464
vn 0.9273187518119812 -0.33704879879951477 0.16272100806236267
vn -0.8847691416740417 0.254117488861084 -0.3906506299972534
vn 0.9476204514503479 -0.27356767654418945 0.16485241055488586
vn 0.8932047486305237 -0.3743625581264496 0.24907420575618744
vn 0.9217089414596558 -0.3353441655635834 0.19492828845977783
vn -0.8350597620010376 0.3800245225429535 -0.3978147506713867
vn 0.9634054899215698 -0.20821307599544525 0.16881144046783447
vn -0.8226786255836487 0.43896788358688354 -0.3612575829029083
vn -0.7930867075920105 0.4873182773590088 -0.3654235899448395
vn 0.8959494233131409 -0.3356257379055023 0.2909125089645386
vn 0.9313079714775085 -0.29333385825157166 0.21591848134994507
vn -0.7401992082595825 0.5751050114631653 -0.3483666777610779
vn 0.9786768555641174 -0.12177452445030212 0.1654166430234909
vn -0.7787218689918518 0.5019471049308777 -0.3763529062271118
vn -0.7742303013801575 0.5292990207672119 -0.3470013737678528
vn -0.6942556500434875 0.6410029530525208 -0.3272985816001892
vn 0.9820612668991089 -0.037657152861356735 0.18476387858390808
vn -0.6541840434074402 0.6860353946685791 -0.3184316158294678
vn -0.6374643445014954 0.7146880030632019 -0.28785455226898193
vn -0.7321186661720276 0.5499802827835083 -0.40190058946609497
vn -0.711903989315033 0.6066814661026001 -0.35373759269714355
vn -0.6121934056282043 0.737981915473938 -0.2839047610759735
vn 0.9794796705245972 0.04361206665635109 0.19676798582077026
vn -0.6048438549041748 0.7191059589385986 -0.34212660789489746
vn -0.6186370849609375 0.7238898277282715 -0.30540433526039124
vn -0.5982241630554199 0.7466116547584534 -0.29103097319602966
vn 0.9709681272506714 0.12198559194803238 0.20576784014701843
vn -0.597515344619751 0.7536680102348328 -0.2737882137298584
vn -0.6134101748466492 0.7518097162246704 -0.24188876152038574
vn -0.583903968334198 0.7245882749557495 -0.3660984933376312
vn -0.5937402248382568 0.7361568808555603 -0.32487791776657104
vn -0.6204028129577637 0.7438348531723022 -0.24861648678779602
vn 0.9544858336448669 0.20369862020015717 0.21786175668239594
vn 0.9214094281196594 0.25227469205856323 0.2955709397792816
vn 0.9428364634513855 0.20186379551887512 0.26516109704971313
vn -0.6287333369255066 0.7312842607498169 -0.2644196152687073
vn 0.917891800403595 0.3205474317073822 0.2339317798614502
vn -0.6307066679000854 0.7348707318305969 -0.24934765696525574
vn -0.6035468578338623 0.7592399716377258 -0.2434868961572647
vn -0.5710543394088745 0.7881825566291809 -0.22948917746543884
vn 0.7969985008239746 0.5336189270019531 0.28292083740234375
vn 0.8575144410133362 0.43638792634010315 0.27246034145355225
vn 0.8802679181098938 0.37348315119743347 0.2926410436630249
vn 0.9160112738609314 0.2971542775630951 0.26948606967926025
vn -0.5231896042823792 0.8190247416496277 -0.2355230748653412
vn 0.6916700601577759 0.6837306618690491 0.23260460793972015
vn -0.5806392431259155 0.7675622701644897 -0.27148908376693726
vn -0.5701466798782349 0.7844735383987427 -0.24399608373641968
vn -0.4707428216934204 0.8463324308395386 -0.2492440789937973
vn 0.60906583070755 0.7825183272361755 0.12924376130104065
vn -0.3807271718978882 0.8895308971405029 -0.2525504231452942
vn -0.2887854278087616 0.9276375770568848 -0.23683635890483856
vn -0.20206214487552643 0.9524860978126526 -0.2279062420129776
vn -0.12657949328422546 0.9680532217025757 -0.2164500504732132
vn -0.05114470794796944 0.9779329299926758 -0.20256194472312927
vn 0.038764484226703644 0.9827941060066223 -0.18059103190898895
vn 0.14532062411308289 0.9795275926589966 -0.13931110501289368
vn 0.2544827163219452 0.9636711478233337 -0.08109556883573532
vn 0.36669406294822693 0.9301880598068237 -0.01690274104475975
vn 0.4924592077732086 0.8688982129096985 0.04999812692403793
vn -0.5674267411231995 0.766240656375885 -0.3014996349811554
vn -0.5353791117668152 0.8004573583602905 -0.2695131301879883
vn -0.26161956787109375 -0.9425703883171082 0.20764455199241638
vn -0.1718517541885376 -0.9645518660545349 0.20026688277721405
vn -0.08334624022245407 -0.9773674607276917 0.1944383978843689
vn 0.012038922868669033 -0.9821290969848633 0.18782302737236023
vn 0.09399550408124924 -0.9807286858558655 0.17127805948257446
vn 0.17300260066986084 -0.9648534059524536 0.19780825078487396
vn 0.23745505511760712 -0.9519200921058655 0.19355443120002747
vn -0.36176156997680664 -0.9164413809776306 0.17106661200523376
vn 0.3068618178367615 -0.9080992341041565 0.28494158387184143
vn 0.21777468919754028 -0.9273170232772827 0.3043968081474304
vn 0.2462192326784134 -0.931149959564209 0.268953412771225
vn -0.43416333198547363 -0.8830980062484741 0.177876815199852
vn 0.3764966130256653 -0.8470550179481506 0.37516412138938904
vn -0.5723361372947693 -0.8184493780136108 -0.05071517825126648
vn -0.4491991102695465 -0.8934109210968018 -0.006098112557083368
vn -0.41750046610832214 -0.9066101908683777 0.06124811992049217
vn -0.45196664333343506 -0.880763053894043 0.14135991036891937
vn 0.45860716700553894 -0.8140007257461548 0.35648611187934875
vn 0.5162287950515747 -0.7991951704025269 0.30788788199424744
vn 0.5434738993644714 -0.7842894792556763 0.29920950531959534
vn 0.5665715932846069 -0.7752291560173035 0.27931421995162964
vn 0.2679741382598877 -0.8723002076148987 0.40900152921676636
vn 0.30710047483444214 -0.8718433380126953 0.3815475106239319
vn -0.7813384532928467 -0.6132138967514038 -0.11609935760498047
vn 0.5552995204925537 -0.7854986786842346 0.273192822933197
vn 0.5241068005561829 -0.791347324848175 0.31477221846580505
vn 0.5532358884811401 -0.7816497087478638 0.2880169749259949
vn -0.8795859217643738 -0.4398384988307953 -0.1813029795885086
vn 0.5364293456077576 -0.7992768287658691 0.27092444896698
vn 0.5288389325141907 -0.8068338632583618 0.2633408308029175
vn 0.5509859919548035 -0.796956479549408 0.2475372850894928
vn 0.5116531252861023 -0.7937638759613037 0.32886189222335815
vn 0.5363818407058716 -0.7909399271011353 0.2944633662700653
vn -0.9061566591262817 -0.30469194054603577 -0.29333093762397766
vn 0.5873561501502991 -0.7636297345161438 0.2681090533733368
vn -0.8755589723587036 -0.39487653970718384 -0.27833279967308044
vn -0.8447716236114502 -0.45125290751457214 -0.2876312732696533
vn -0.9258482456207275 -0.10452978312969208 -0.3631509840488434
vn 0.6634507179260254 -0.6780153512954712 0.31643056869506836
vn 0.7302588224411011 -0.6109307408332825 0.30575427412986755
vn 0.7823187708854675 -0.56123286485672 0.270175963640213
vn -0.914854109287262 -0.21947519481182098 -0.3389287292957306
vn -0.9050902128219604 -0.2491714358329773 -0.34456542134284973
vn -0.9198107719421387 0.03604462742805481 -0.39070311188697815
vn 0.8267162442207336 -0.48881956934928894 0.27856019139289856
vn -0.918541669845581 -0.09869881719350815 -0.38280507922172546
vn -0.9199061393737793 -0.08795823901891708 -0.38214677572250366
vn -0.8981018662452698 0.1513810008764267 -0.4129127264022827
vn 0.8469591736793518 -0.43218204379081726 0.30964308977127075
vn -0.8970010876655579 0.0014356229221448302 -0.4420260190963745
vn -0.9088308811187744 0.03240307793021202 -0.4159044325351715
vn -0.8592427968978882 0.2638159692287445 -0.4382956027984619
vn 0.8684149980545044 -0.3826574981212616 0.31532323360443115
vn -0.8584162592887878 0.11244922876358032 -0.5004764795303345
vn -0.8786244988441467 0.14230482280254364 -0.45581620931625366
vn -0.805531919002533 0.3753163516521454 -0.45853686332702637
vn 0.8893823027610779 -0.2908335030078888 0.35272520780563354
vn 0.9177525639533997 -0.26547446846961975 0.2953871786594391
vn 0.9506568312644958 -0.22051134705543518 0.21823474764823914
vn -0.8232609629631042 0.22104521095752716 -0.5228580236434937
vn -0.8260024189949036 0.26247233152389526 -0.4988270103931427
vn -0.7697871923446655 0.47451862692832947 -0.4269190728664398
vn 0.9696197509765625 -0.1151193156838417 0.21583588421344757
vn 0.9188405275344849 -0.1803358793258667 0.3510143756866455
vn 0.9450820088386536 -0.16432656347751617 0.28251874446868896
vn -0.7110159993171692 0.5485408902168274 -0.43995368480682373
vn 0.9700816869735718 -0.021406417712569237 0.2418333739042282
vn -0.6721478700637817 0.6192639470100403 -0.40586867928504944
vn -0.6347651481628418 0.6788275241851807 -0.36914271116256714
vn 0.9333773851394653 -0.09110582619905472 0.347140371799469
vn 0.9510142803192139 -0.08130670338869095 0.2982634902000427
vn -0.5893641710281372 0.7091359496116638 -0.3870092034339905
vn 0.966384768486023 0.0573851652443409 0.2506144046783447
vn 0.9444423317909241 -0.005793965421617031 0.3286261260509491
vn 0.9534957408905029 -0.006795596331357956 0.30132997035980225
vn -0.5659248232841492 0.719165027141571 -0.40315118432044983
vn 0.9592161774635315 0.12751954793930054 0.2522757947444916
vn -0.5671937465667725 0.7350340485572815 -0.3715052306652069
vn -0.5770975947380066 0.7488473653793335 -0.32586193084716797
vn -0.5633640885353088 0.7640477418899536 -0.3144073486328125
vn -0.5943753719329834 0.7567242383956909 -0.27218809723854065
vn 0.9348378777503967 0.18104900419712067 0.3054496645927429
vn 0.9444857239723206 0.14776892960071564 0.2934470474720001
vn 0.9463985562324524 0.0802098736166954 0.3128836452960968
vn 0.9528986811637878 0.06756971031427383 0.29566603899002075
vn -0.6089062690734863 0.7386782765388489 -0.28911519050598145
vn 0.9173694849014282 0.2721880078315735 0.29042553901672363
vn -0.550380289554596 0.7583817839622498 -0.3491971790790558
vn -0.5804013609886169 0.75162672996521 -0.3133554756641388
vn -0.6146019101142883 0.7267538905143738 -0.3067464530467987
vn 0.8669575452804565 0.4323359727859497 0.24793192744255066
vn -0.6127268075942993 0.7360761761665344 -0.2876766324043274
vn -0.5505679249763489 0.7499561905860901 -0.36666157841682434
vn -0.5865534543991089 0.7359352111816406 -0.33816319704055786
vn -0.5862244963645935 0.7484608292579651 -0.31007620692253113
vn 0.809920608997345 0.5640069842338562 0.1610112339258194
vn -0.5707516670227051 0.7515120506286621 -0.33086585998535156
vn 0.7205089926719666 0.6887342929840088 0.08069667965173721
vn -0.5279901027679443 0.7876942753791809 -0.3174336552619934
vn -0.4524836838245392 0.8418443202972412 -0.2942051589488983
vn -0.3589933514595032 0.8868182301521301 -0.2909936010837555
vn -0.30200833082199097 0.9122364521026611 -0.27679526805877686
vn -0.21498683094978333 0.9359265565872192 -0.2789662778377533
vn -0.12850536406040192 0.955333411693573 -0.2661287486553192
vn -0.043785206973552704 0.9646917581558228 -0.259716659784317
vn 0.06353635340929031 0.9656848311424255 -0.2518252730369568
vn 0.21244367957115173 0.9490455389022827 -0.2327667772769928
vn 0.4034953713417053 0.899480938911438 -0.16770689189434052
vn 0.4812869727611542 0.8743492960929871 -0.06225934997200966
vn 0.6019390821456909 0.7985164523124695 0.0063924831338226795
vn -0.1891772598028183 0.931068480014801 -0.3119671046733856
vn -0.12616679072380066 0.9456363320350647 -0.2997565269470215
vn -0.04826422035694122 0.9550662040710449 -0.2924365699291229
vn 0.0565703921020031 0.9552936553955078 -0.2901962697505951
vn 0.20723754167556763 0.9358764290809631 -0.28493502736091614
vn 0.40647995471954346 0.878899872303009 -0.24961788952350616
vn -0.16637453436851501 0.9428213834762573 -0.2888035476207733
vn -0.11525539308786392 0.9506241679191589 -0.28814923763275146
vn -0.051456861197948456 0.9572043418884277 -0.2848019003868103
vn 0.04003814980387688 0.9586391448974609 -0.2817942500114441
vn 0.17301207780838013 0.9449217319488525 -0.27783048152923584
vn 0.37144556641578674 0.889955461025238 -0.2645891606807709
vn -0.25063443183898926 -0.9299905300140381 0.2688865661621094
vn -0.15661829710006714 -0.9488016963005066 0.27431032061576843
vn -0.07069437205791473 -0.9573157429695129 0.2802658677101135
vn 0.018629033118486404 -0.9624349474906921 0.2708728015422821
vn 0.12469591200351715 -0.9577814936637878 0.2590475082397461
vn -0.3437310755252838 -0.9120883345603943 0.223481222987175
vn 0.1769949346780777 -0.9099208116531372 0.375122606754303
vn -0.2764042913913727 -0.9196434617042542 0.2790280878543854
vn -0.16262780129909515 -0.9304152131080627 0.32845062017440796
vn -0.05705612525343895 -0.9331686496734619 0.35488161444664
vn 0.02736443281173706 -0.9282523989677429 0.37094295024871826
vn 0.0990091934800148 -0.930492103099823 0.3526778221130371
vn -0.3589204251766205 -0.9089499711990356 0.21209931373596191
vn 0.22578640282154083 -0.8526286482810974 0.4712163805961609
vn -0.496370404958725 -0.8673673868179321 -0.03592120483517647
vn -0.3641287088394165 -0.9313350915908813 0.0050332616083323956
vn -0.28855451941490173 -0.9556475281715393 0.05894221365451813
vn -0.29620903730392456 -0.9415653944015503 0.16035835444927216
vn 0.3076373040676117 -0.8227159976959229 0.4780144691467285
vn 0.36698055267333984 -0.8231312036514282 0.4333363175392151
vn 0.4274582862854004 -0.8124889731407166 0.3964103162288666
vn 0.4938676953315735 -0.798457682132721 0.34432560205459595
vn -0.26692184805870056 -0.9297873377799988 0.2534724473953247
vn -0.15720830857753754 -0.9366975426673889 0.3128630518913269
vn -0.043565236032009125 -0.9264104962348938 0.37398627400398254
vn 0.05794845148921013 -0.9060078859329224 0.41927531361579895
vn 0.13827000558376312 -0.8827406764030457 0.4490549862384796
vn -0.7144613862037659 -0.6921916007995605 -0.10205783694982529
vn 0.47903361916542053 -0.8019260764122009 0.35698941349983215
vn -0.7850319743156433 -0.5883421301841736 -0.1938515305519104
vn 0.47262758016586304 -0.8032562136650085 0.3624952733516693
vn -0.8478305339813232 -0.49901843070983887 -0.1793435961008072
vn -0.7971792817115784 -0.5717073678970337 -0.19405117630958557
vn 0.5087904930114746 -0.7966424226760864 0.3263329565525055
vn 0.5226377248764038 -0.8009136319160461 0.29221105575561523
vn 0.5217240452766418 -0.7995932698249817 0.2974132001399994
vn 0.5399000644683838 -0.7953495383262634 0.27554869651794434
vn -0.9032751321792603 -0.3426123559474945 -0.2582845389842987
vn 0.5857474207878113 -0.7451093196868896 0.31892359256744385
vn 0.5515204668045044 -0.7643929123878479 0.33395907282829285
vn 0.5558652877807617 -0.765248715877533 0.3246663808822632
vn -0.9237657189369202 -0.23788027465343475 -0.30011647939682007
vn 0.6510301828384399 -0.6653597354888916 0.3653164505958557
vn 0.711642861366272 -0.5940157771110535 0.37511295080184937
vn 0.7763305902481079 -0.5387134552001953 0.3272593915462494
vn 0.5963352918624878 -0.7162163853645325 0.36251673102378845
vn 0.6254158616065979 -0.684368908405304 0.37482571601867676
vn -0.9100003242492676 -0.16029271483421326 -0.3823685050010681
vn 0.8143178820610046 -0.4691804051399231 0.3416959345340729
vn 0.7416879534721375 -0.5365629196166992 0.4024912416934967
vn 0.7667188048362732 -0.5224573016166687 0.37306931614875793
vn -0.8807867765426636 -0.049443602561950684 -0.47092461585998535
vn 0.8382372260093689 -0.40703970193862915 0.3628733456134796
vn 0.767425000667572 -0.48871922492980957 0.4149848520755768
vn 0.7957582473754883 -0.4630836546421051 0.3902849555015564
vn -0.8455615043640137 0.1083410382270813 -0.522769570350647
vn 0.8631078600883484 -0.3504641652107239 0.3636202812194824
vn -0.7961890697479248 0.28429707884788513 -0.5340957045555115
vn 0.8781344890594482 -0.28882870078086853 0.38138940930366516
vn -0.7824999094009399 0.34229448437690735 -0.5201234817504883
vn -0.7763913869857788 0.37903961539268494 -0.503532886505127
vn -0.7401008009910583 0.47163906693458557 -0.4793822765350342
vn 0.9076834321022034 -0.20039696991443634 0.3687165677547455
vn -0.7415847182273865 0.4189718961715698 -0.5239414572715759
vn -0.7443599104881287 0.4342503249645233 -0.5073016285896301
vn -0.6904772520065308 0.547660231590271 -0.47255629301071167
vn 0.9340949058532715 -0.10138846933841705 0.3423261046409607
vn -0.6423472166061401 0.6127055883407593 -0.46041497588157654
vn -0.6112032532691956 0.6742070317268372 -0.41457873582839966
vn -0.7046397924423218 0.49116992950439453 -0.5120888352394104
vn -0.686323881149292 0.5244660377502441 -0.5038798451423645
vn -0.571922242641449 0.7011566162109375 -0.4257749915122986
vn 0.949500322341919 -0.008190157823264599 0.3136591911315918
vn -0.5766199231147766 0.6640240550041199 -0.4760059416294098
vn -0.586924135684967 0.6737182140350342 -0.44902536273002625
vn -0.5499893426895142 0.7178475260734558 -0.42685672640800476
vn 0.9535567164421082 0.10955283790826797 0.2805849313735962
vn -0.5365377068519592 0.737561047077179 -0.4100378155708313
vn -0.5395017266273499 0.7580442428588867 -0.36647891998291016
vn -0.5431309342384338 0.7073543071746826 -0.45239225029945374
vn -0.5454958081245422 0.7122186422348022 -0.44179078936576843
vn -0.5232351422309875 0.7632476687431335 -0.3790488541126251
vn 0.9501814246177673 0.21566373109817505 0.22504329681396484
vn -0.5056560039520264 0.763594925403595 -0.4015406668186188
vn -0.5150187611579895 0.7613318562507629 -0.3938649296760559
vn -0.5290471911430359 0.759290874004364 -0.37892812490463257
vn 0.924176812171936 0.3395346403121948 0.17496712505817413
vn -0.5621562600135803 0.7441835999488831 -0.3607923984527588
vn -0.5979169011116028 0.7288634777069092 -0.33354684710502625
vn -0.5915699601173401 0.7371521592140198 -0.3265756666660309
vn -0.48918405175209045 0.788751482963562 -0.3722500801086426
vn -0.5026921033859253 0.774929404258728 -0.3831252455711365
vn -0.5883971452713013 0.7340645790100098 -0.3390250504016876
vn 0.8776673674583435 0.4659208059310913 0.11232911795377731
vn -0.5890123844146729 0.7306349873542786 -0.34530702233314514
vn -0.5767838358879089 0.7387322187423706 -0.3487050235271454
vn 0.8031319975852966 0.5944162011146545 0.04060106724500656
vn -0.5352425575256348 0.7703344225883484 -0.3465549647808075
vn -0.4719504117965698 0.8167649507522583 -0.33190035820007324
vn -0.37718573212623596 0.8661628365516663 -0.32786116003990173
vn -0.2835051715373993 0.9073684811592102 -0.3103342354297638
vn 0.6370403170585632 0.7662656903266907 -0.08376522362232208
vn 0.6926211714744568 0.7210493683815002 -0.019074048846960068
vn -0.5909534096717834 0.7261882424354553 -0.35131868720054626
vn -0.2336677759885788 0.922913134098053 -0.30599144101142883
vn 0.5922131538391113 0.7870689034461975 -0.17264463007450104
vn -0.329543799161911 0.8839808106422424 -0.3316306173801422
vn -0.29669252038002014 0.8998596668243408 -0.31972819566726685
vn -0.19097669422626495 0.9469581246376038 -0.2584536671638489
vn 0.5976650714874268 0.7788684964179993 -0.1901589184999466
vn -0.11790496855974197 0.9641319513320923 -0.23779837787151337
vn -0.05167170614004135 0.969874382019043 -0.2380625605583191
vn 0.030435964465141296 0.9719983339309692 -0.23300844430923462
vn 0.14646925032138824 0.9639082551002502 -0.2223234921693802
vn 0.3085966408252716 0.929721474647522 -0.2009630799293518
vn 0.5149756669998169 0.8390260934829712 -0.17560000717639923
vn -0.2672570049762726 0.9178135991096497 -0.2935846447944641
vn -0.2363615185022354 0.9304143786430359 -0.28011131286621094
vn -0.424030065536499 -0.9056233763694763 -0.006700347177684307
vn -0.2947466969490051 -0.955370306968689 0.019799094647169113
vn -0.19348257780075073 -0.9795894026756287 0.054490234702825546
vn -0.1381712108850479 -0.9837909936904907 0.11429803818464279
vn -0.12143199145793915 -0.9661147594451904 0.2277643382549286
vn -0.014774086885154247 -0.9456203579902649 0.3249369263648987
vn 0.08865391463041306 -0.9146263003349304 0.39446064829826355
vn 0.17788080871105194 -0.8728266954421997 0.4544578194618225
vn 0.23899540305137634 -0.8337936997413635 0.49766382575035095
vn 0.2880365252494812 -0.816716730594635 0.500008761882782
vn 0.31814146041870117 -0.8172550797462463 0.4805000126361847
vn 0.3690323531627655 -0.8167920708656311 0.4434702694416046
vn 0.4332956075668335 -0.8090841770172119 0.3970363140106201
vn -0.62029629945755 -0.7800825238227844 -0.08187733590602875
vn 0.4256036579608917 -0.8112934231758118 0.40082985162734985
vn 0.2868490517139435 -0.8345963954925537 0.47028350830078125
vn 0.2865729033946991 -0.830083966255188 0.4783687889575958
vn 0.3228210508823395 -0.825221598148346 0.4634608328342438
vn 0.37872788310050964 -0.8173783421516418 0.43411731719970703
vn -0.6859089136123657 -0.7193062901496887 -0.11012499779462814
vn 0.419918954372406 -0.8193740248680115 0.39024898409843445
vn -0.8204472064971924 -0.5638327598571777 -0.09465208649635315
vn -0.7597473859786987 -0.6431795358657837 -0.09541554749011993
vn 0.46305689215660095 -0.8120917081832886 0.355085164308548
vn 0.5083712935447693 -0.7980125546455383 0.32362744212150574
vn 0.2830789089202881 -0.8688561320304871 0.40614691376686096
vn 0.2621538043022156 -0.8659199476242065 0.42597895860671997
vn 0.28822192549705505 -0.8538141846656799 0.43350836634635925
vn 0.35531291365623474 -0.8339958190917969 0.4221419394016266
vn -0.8944761753082275 -0.4034424126148224 -0.19273437559604645
vn 0.5423073768615723 -0.7655455470085144 0.34618309140205383
vn -0.8990809321403503 -0.34385570883750916 -0.27095547318458557
vn 0.6029424071311951 -0.7044727206230164 0.37440451979637146
vn 0.6551077961921692 -0.6469488143920898 0.3902449905872345
vn 0.6951797604560852 -0.5979446768760681 0.398982971906662
vn -0.8613951802253723 -0.29029789566993713 -0.4168040156364441
vn 0.7346836924552917 -0.5353906750679016 0.4166492819786072
vn -0.8430600762367249 -0.4103437066078186 -0.34766054153442383
vn -0.806273341178894 -0.45665687322616577 -0.3760157823562622
vn -0.8527302742004395 -0.06932105869054794 -0.5177313089370728
vn 0.7752742767333984 -0.478382408618927 0.412431925535202
vn 0.7973389029502869 -0.4391968548297882 0.4139527678489685
vn 0.8237098455429077 -0.40820401906967163 0.3935374319553375
vn -0.8953889012336731 -0.18182556331157684 -0.40647050738334656
vn -0.8499597311019897 -0.24385599792003632 -0.46701475977897644
vn -0.8322014808654785 0.13129779696464539 -0.5387037396430969
vn 0.849907636642456 -0.3525272607803345 0.3916396200656891
vn -0.9188922643661499 -0.007718715816736221 -0.39443305134773254
vn -0.8663559556007385 -0.02408996783196926 -0.49884575605392456
vn 0.8124277591705322 -0.42044737935066223 0.4039618670940399
vn 0.824716329574585 -0.39228057861328125 0.4073806405067444
vn -0.7912763357162476 0.29706871509552 -0.5344454646110535
vn 0.8829286098480225 -0.28397905826568604 0.37388888001441956
vn -0.9303463697433472 0.10579023510217667 -0.3510899841785431
vn -0.8626845479011536 0.1459311842918396 -0.48423081636428833
vn 0.8305948972702026 -0.4116211235523224 0.37507373094558716
vn 0.8482469320297241 -0.36428317427635193 0.3844150900840759
vn -0.7463441491127014 0.41639721393585205 -0.5192146301269531
vn 0.9175786972045898 -0.19005662202835083 0.3491817116737366
vn -0.7030332684516907 0.528122067451477 -0.47626808285713196
vn 0.9419736862182617 -0.12342963367700577 0.312171071767807
vn -0.6595094203948975 0.5655198693275452 -0.49521175026893616
vn -0.6202936768531799 0.6078468561172485 -0.4957399070262909
vn -0.5795558094978333 0.6693450808525085 -0.464857280254364
vn 0.9643383026123047 -0.03953801468014717 0.2617028057575226
vn -0.6444924473762512 0.616445779800415 -0.45235392451286316
vn -0.6154859662055969 0.6322774887084961 -0.4705340564250946
vn -0.5496507883071899 0.7220887541770935 -0.42008545994758606
vn 0.9739871025085449 0.057833608239889145 0.2190992683172226
vn -0.5234906673431396 0.7486180067062378 -0.406852126121521
vn -0.5190407037734985 0.749149739742279 -0.4115474820137024
vn -0.609511137008667 0.6828151941299438 -0.40281468629837036
vn -0.5817854404449463 0.6972454190254211 -0.4187774062156677
vn -0.49969497323036194 0.7806569337844849 -0.37533941864967346
vn 0.9701435565948486 0.16053101420402527 0.18180032074451447
vn -0.4831094443798065 0.8088981509208679 -0.33509567379951477
vn 0.9521673917770386 0.27088627219200134 0.14141370356082916
vn -0.49198445677757263 0.798490047454834 -0.34693649411201477
vn -0.5229837894439697 0.7723454236984253 -0.36051425337791443
vn -0.553946316242218 0.7563819289207458 -0.347893625497818
vn -0.5791076421737671 0.7379348874092102 -0.3465351164340973
vn -0.5895096063613892 0.7287842035293579 -0.348356157541275
vn 0.9224767684936523 0.37756839394569397 0.08049093931913376
vn -0.5651083588600159 0.7571734189987183 -0.3276293873786926
vn -0.5751879215240479 0.7421658635139465 -0.34401851892471313
vn 0.8939412236213684 0.42637211084365845 0.1381157785654068
vn 0.9406625628471375 0.3216886818408966 0.108029305934906
vn -0.593629777431488 0.7268671989440918 -0.34535184502601624
vn 0.8364169001579285 0.5473871231079102 0.027824534103274345
vn -0.5784287452697754 0.7369661927223206 -0.3497156500816345
vn -0.5270407199859619 0.7713456749916077 -0.35672661662101746
vn -0.443256139755249 0.8235183358192444 -0.3540360927581787
vn 0.7409476041793823 0.6714111566543579 0.01427511963993311
vn 0.7668735980987549 0.6416704058647156 0.012809217907488346
vn -0.5811939835548401 0.752027690410614 -0.3109147846698761
vn -0.5895617008209229 0.7363809943199158 -0.3319038450717926
vn 0.8202283978462219 0.5657247304916382 0.0847407802939415
vn 0.8768436908721924 0.47546306252479553 0.07127506285905838
vn -0.35809046030044556 0.8762863278388977 -0.3223252296447754
vn 0.7209166288375854 0.6911320090293884 -0.051145292818546295
vn -0.4839748740196228 0.8095871806144714 -0.3321700990200043
vn -0.4412845969200134 0.8310115337371826 -0.3386557996273041
vn -0.2800139784812927 0.9235462546348572 -0.262020081281662
vn 0.6913204193115234 0.7189844250679016 -0.07167733460664749
vn -0.1928122639656067 0.952629804611206 -0.2352021038532257
vn -0.15822036564350128 0.964486837387085 -0.21149833500385284
vn -0.09654739499092102 0.9796040654182434 -0.17622330784797668
vn -0.03844928741455078 0.9835717082023621 -0.17637549340724945
vn 0.034432198852300644 0.9859649538993835 -0.16336332261562347
vn 0.14037971198558807 0.979047417640686 -0.14751186966896057
vn 0.3007798194885254 0.9456315636634827 -0.12374401837587357
vn 0.509719729423523 0.8559585809707642 -0.08672185242176056
vn -0.4101838171482086 0.8657945394515991 -0.28661659359931946
vn -0.35222306847572327 0.892154335975647 -0.2828418016433716
vn -0.37689298391342163 -0.925105094909668 0.04617676883935928
vn -0.2485034465789795 -0.9670507907867432 0.05530618131160736
vn -0.13656607270240784 -0.988156795501709 0.06997065246105194
vn -0.05171572044491768 -0.9937381744384766 0.09904541075229645
vn 0.012682000175118446 -0.9875930547714233 0.15652194619178772
vn 0.06849098205566406 -0.9670884609222412 0.2450486719608307
vn 0.12063273042440414 -0.9380847811698914 0.3247224986553192
vn 0.23346200585365295 -0.8941357731819153 0.38212135434150696
vn 0.2771541178226471 -0.8404332995414734 0.4656796455383301
vn -0.5450242757797241 -0.8380789756774902 -0.023921847343444824
vn 0.3240354359149933 -0.8532106280326843 0.4086962640285492
vn 0.32249486446380615 -0.8922116160392761 0.31615760922431946
vn 0.31337085366249084 -0.8678168654441833 0.3856068551540375
vn -0.6510367393493652 -0.7588496208190918 -0.01727261394262314
vn 0.31663671135902405 -0.8847283124923706 0.3420482277870178
vn -0.7630963921546936 -0.6460279226303101 -0.018219036981463432
vn -0.7304409146308899 -0.6829739212989807 -0.0016664259601384401
vn 0.2725786566734314 -0.8983209133148193 0.3445584177970886
vn 0.26656627655029297 -0.8878036141395569 0.3751629590988159
vn 0.31261011958122253 -0.8683139085769653 0.38510507345199585
vn 0.38925832509994507 -0.8401804566383362 0.3775908350944519
vn 0.43720826506614685 -0.8272302746772766 0.352900892496109
vn 0.49267578125 -0.8001222610473633 0.34216225147247314
vn 0.35773175954818726 -0.8931618928909302 0.2725614905357361
vn 0.34219345450401306 -0.8839597105979919 0.3186204433441162
vn -0.8444445133209229 -0.5169357061386108 -0.1403246521949768
vn 0.5456976890563965 -0.7571675777435303 0.3590422570705414
vn 0.462937593460083 -0.8181885480880737 0.34096381068229675
vn 0.49508464336395264 -0.7921241521835327 0.35697412490844727
vn -0.810267984867096 -0.530677080154419 -0.24869206547737122
vn 0.6018920540809631 -0.7003246545791626 0.3837595283985138
vn -0.8421371579170227 -0.5035884380340576 -0.19288292527198792
vn -0.7847038507461548 -0.5736280679702759 -0.2349269539117813
vn 0.6569996476173401 -0.6481176018714905 0.38509103655815125
vn 0.7018920183181763 -0.5859723091125488 0.4049495458602905
vn 0.5033814907073975 -0.798977255821228 0.3290022909641266
vn 0.5660415887832642 -0.7417507171630859 0.3597261309623718
vn -0.9046663045883179 -0.32335007190704346 -0.27753156423568726
vn 0.7438176274299622 -0.5350548028945923 0.40056437253952026
vn 0.7103056907653809 -0.6057138442993164 0.3585756719112396
vn 0.7139953970909119 -0.5836931467056274 0.3866690993309021
vn -0.9526388049125671 -0.14839336276054382 -0.2654408812522888
vn 0.7755618691444397 -0.5022282600402832 0.38245314359664917
vn 0.7409887313842773 -0.577160120010376 0.34325194358825684
vn 0.7512913346290588 -0.5482320785522461 0.36742761731147766
vn -0.9683661460876465 -0.01142186764627695 -0.24927197396755219
vn 0.8051550388336182 -0.45424365997314453 0.3812980055809021
vn -0.9621424078941345 0.13105536997318268 -0.23896963894367218
vn 0.8336784839630127 -0.4314155578613281 0.3447621166706085
vn -0.9033765196800232 0.21878446638584137 -0.3688417375087738
vn -0.8231085538864136 0.2999066412448883 -0.4822326898574829
vn 0.8571988344192505 -0.37474551796913147 0.35323649644851685
vn 0.8783174157142639 -0.32179099321365356 0.35356634855270386
vn -0.7592726349830627 0.4419340193271637 -0.47770220041275024
vn 0.9131540656089783 -0.24640311300754547 0.3247078061103821
vn -0.9176028966903687 0.27244946360588074 -0.28944119811058044
vn -0.844899594783783 0.3588341772556305 -0.396714985370636
vn 0.869597315788269 -0.3784070611000061 0.3171885907649994
vn 0.885156512260437 -0.3317117691040039 0.3262902498245239
vn -0.728127121925354 0.5345078110694885 -0.42910638451576233
vn 0.9504953026771545 -0.1733960509300232 0.2578613758087158
vn -0.9137259721755981 0.31085410714149475 -0.2616766691207886
vn -0.8275038599967957 0.4224838316440582 -0.369790256023407
vn 0.8787667155265808 -0.3767014443874359 0.29302752017974854
vn 0.9091535210609436 -0.3059154152870178 0.282587468624115
vn -0.668864905834198 0.6145620346069336 -0.41825035214424133
vn 0.9727966785430908 -0.062628835439682 0.2230343073606491
vn -0.6125630736351013 0.7016673684120178 -0.36390864849090576
vn 0.9805235862731934 0.014791146852076054 0.19584369659423828
vn -0.5576795339584351 0.7464580535888672 -0.36303436756134033
vn -0.539481520652771 0.7548507452011108 -0.373041570186615
vn -0.5240498185157776 0.776542067527771 -0.34979167580604553
vn -0.5123187303543091 0.7740634083747864 -0.3719616234302521
vn -0.49295860528945923 0.8049278259277344 -0.3302772045135498
vn 0.9795650243759155 0.1145821362733841 0.16529785096645355
vn -0.5085747838020325 0.8052148818969727 -0.3049275577068329
vn -0.5058521628379822 0.7990667223930359 -0.32497090101242065
vn -0.4833361804485321 0.8221948146820068 -0.3006358742713928
vn 0.9688041806221008 0.208351731300354 0.13419409096240997
vn -0.4907589256763458 0.8169415593147278 -0.302922785282135
vn -0.5259429812431335 0.7859780788421631 -0.3249962031841278
vn 0.8860397338867188 0.4114746153354645 0.21359378099441528
vn 0.9411641955375671 0.2931716740131378 0.1681082397699356
vn -0.4918826222419739 0.8217000961303711 -0.2878550887107849
vn -0.49012959003448486 0.8211207985877991 -0.2924613356590271
vn -0.5569379925727844 0.7735229730606079 -0.30246055126190186
vn 0.8354403972625732 0.5233142375946045 0.1678735613822937
vn -0.5838004350662231 0.7562037706375122 -0.29552122950553894
vn 0.7896120548248291 0.6041945815086365 0.10705956816673279
vn -0.5994693636894226 0.7385768890380859 -0.3084488809108734
vn -0.5978308320045471 0.7313892245292664 -0.3281283974647522
vn -0.5785113573074341 0.7443068027496338 -0.3336644470691681
vn -0.5219690799713135 0.7990319728851318 -0.29849013686180115
vn 0.7973993420600891 0.6014822721481323 0.0487179160118103
vn -0.5829320549964905 0.7587018013000488 -0.29079514741897583
vn -0.4306124746799469 0.8687278032302856 -0.24471411108970642
vn 0.7068915367126465 0.7071378827095032 0.01613825373351574
vn -0.31296128034591675 0.9202747344970703 -0.23483970761299133
vn -0.2362246960401535 0.9461138844490051 -0.22150951623916626
vn -0.15404818952083588 0.9693542122840881 -0.1913677304983139
vn -0.11201587319374084 0.9781444668769836 -0.17517413198947906
vn -0.08089859783649445 0.9873251914978027 -0.13654464483261108
vn -0.021058576181530952 0.9938690662384033 -0.10853946208953857
vn 0.05266759172081947 0.9945183992385864 -0.09032948315143585
vn 0.14534996449947357 0.987156331539154 -0.06630069762468338
vn 0.29044994711875916 0.9557468295097351 -0.04676420986652374
vn 0.5095449686050415 0.8601911067962646 -0.020863251760601997
vn -0.5140098929405212 0.8220138549804688 -0.24512669444084167
vn -0.35473114252090454 -0.9282996654510498 0.11147052049636841
vn -0.22381550073623657 -0.9679690599441528 0.11376584321260452
vn -0.10886777192354202 -0.9875495433807373 0.11355042457580566
vn -0.008852268569171429 -0.9927493929862976 0.11987598240375519
vn 0.07541441917419434 -0.9873625040054321 0.13938435912132263
vn 0.15491151809692383 -0.9705258011817932 0.1846136599779129
vn 0.2252238690853119 -0.9363237023353577 0.26939237117767334
vn -0.5154587030410767 -0.855362057685852 0.05155589431524277
vn 0.3391992449760437 -0.9068272113800049 0.25021669268608093
vn -0.6330098509788513 -0.770250678062439 0.07753995060920715
vn 0.37451279163360596 -0.8941937685012817 0.24527081847190857
vn -0.6639135479927063 -0.7455240488052368 0.058418158441782
vn -0.6829665899276733 -0.7240452170372009 0.09651553630828857
vn 0.35683655738830566 -0.8964722752571106 0.26268839836120605
vn 0.3251959979534149 -0.9016388654708862 0.28512275218963623
vn 0.29123395681381226 -0.9103156328201294 0.2941229045391083
vn 0.2646549344062805 -0.9103667736053467 0.3181041479110718
vn 0.2926141023635864 -0.8960780501365662 0.33379799127578735
vn 0.3694298267364502 -0.8630942106246948 0.3443690240383148
vn -0.7571045160293579 -0.6488884091377258 -0.07574079185724258
vn 0.4204995036125183 -0.8485724925994873 0.32109954953193665
vn -0.7301173806190491 -0.6724905371665955 -0.12118207663297653
vn 0.4883672595024109 -0.8098730444908142 0.3249664008617401
vn -0.8490630388259888 -0.5236591696739197 -0.06980764120817184
vn -0.7673202753067017 -0.6329266428947449 -0.10307002812623978
vn 0.5768070220947266 -0.7449111342430115 0.3352627158164978
vn 0.6499022841453552 -0.6767283082008362 0.3459276854991913
vn -0.9278825521469116 -0.34110227227211 -0.15060955286026
vn 0.7046434283256531 -0.6248535513877869 0.3362078070640564
vn -0.9723138213157654 -0.1808794140815735 -0.1479477733373642
vn 0.7477355599403381 -0.5770978927612305 0.3284047245979309
vn 0.7706228494644165 -0.5398385524749756 0.338695764541626
vn 0.7806574106216431 -0.5158310532569885 0.3528348207473755
vn -0.9872226119041443 -0.042095888406038284 -0.15368624031543732
vn 0.8035072088241577 -0.4834813177585602 0.3473067581653595
vn -0.987067461013794 0.0686149075627327 -0.14487877488136292
vn 0.825221836566925 -0.46163246035575867 0.3254295289516449
vn -0.965222179889679 0.1888256072998047 -0.1808066964149475
vn 0.8494118452072144 -0.42401453852653503 0.31418338418006897
vn -0.94109708070755 0.2830483317375183 -0.18498650193214417
vn 0.8712529540061951 -0.3806273341178894 0.3099050521850586
vn -0.868117094039917 0.4098259508609772 -0.2800276279449463
vn -0.7727851867675781 0.518909215927124 -0.36542630195617676
vn 0.9057931900024414 -0.322109580039978 0.27528929710388184
vn 0.9395960569381714 -0.24197696149349213 0.2420877069234848
vn -0.686042070388794 0.6268488168716431 -0.3693329989910126
vn 0.9681690335273743 -0.12618504464626312 0.21616217494010925
vn -0.6140086650848389 0.714003324508667 -0.336441308259964
vn 0.9811088442802429 -0.020466042682528496 0.19237098097801208
vn -0.5509647727012634 0.7659783363342285 -0.3312326967716217
vn -0.5237869024276733 0.7870060801506042 -0.3259887993335724
vn -0.4987967610359192 0.8135093450546265 -0.29900556802749634
vn 0.9803114533424377 0.07870718091726303 0.18109294772148132
vn -0.4855358302593231 0.8214438557624817 -0.29914048314094543
vn 0.9666483402252197 0.17361819744110107 0.1882757991552353
vn -0.48397260904312134 0.8261489272117615 -0.28852832317352295
vn -0.4846941828727722 0.8270547986030579 -0.2846962511539459
vn -0.49763140082359314 0.8189873695373535 -0.28569692373275757
vn -0.5216107368469238 0.8017440438270569 -0.29176822304725647
vn 0.8713481426239014 0.3975478410720825 0.2875901758670807
vn 0.9209094047546387 0.3045424818992615 0.24326898157596588
vn -0.5539023280143738 0.7808966040611267 -0.28877803683280945
vn 0.8360428810119629 0.500968873500824 0.22374656796455383
vn -0.5820176601409912 0.7578398585319519 -0.29484614729881287
vn 0.8483975529670715 0.5001445412635803 0.17342714965343475
vn -0.6009164452552795 0.7433691620826721 -0.2937714457511902
vn -0.6064693927764893 0.7365103363990784 -0.29957878589630127
vn -0.5752018690109253 0.774588942527771 -0.262972891330719
vn 0.8244486451148987 0.5529621839523315 0.12048804759979248
vn -0.49272075295448303 0.838458240032196 -0.2328389585018158
vn 0.7108205556869507 0.6998018026351929 0.07079216092824936
vn -0.39848968386650085 0.8920352458953857 -0.21325814723968506
vn -0.28989535570144653 0.9353634119033813 -0.20262283086776733
vn -0.21130220592021942 0.9570959806442261 -0.19828948378562927
vn -0.1442115306854248 0.9743189811706543 -0.17293229699134827
vn -0.07365351170301437 0.9869081974029541 -0.14348290860652924
vn -0.025926396250724792 0.9939470291137695 -0.1067572608590126
vn 0.016986025497317314 0.9979692697525024 -0.061390966176986694
vn 0.07831665873527527 0.9965428113937378 -0.02772941067814827
vn 0.17459648847579956 0.9846134185791016 0.0072525800205767155
vn 0.277789831161499 0.9598621726036072 0.038695719093084335
vn 0.47833681106567383 0.8771024346351624 0.04341987147927284
vn -0.3764367997646332 -0.9059122800827026 0.19395461678504944
vn -0.21689075231552124 -0.9569253325462341 0.1930086314678192
vn -0.097508504986763 -0.9784723520278931 0.18189005553722382
vn 0.009034446440637112 -0.9846551418304443 0.17427778244018555
vn 0.10603722929954529 -0.9791432023048401 0.1733054220676422
vn 0.18118737637996674 -0.9672443866729736 0.1777905821800232
vn 0.27447372674942017 -0.9381521940231323 0.2110324501991272
vn -0.5142039060592651 -0.8460487723350525 0.1406978815793991
vn 0.35615432262420654 -0.9048451781272888 0.2332582026720047
vn -0.49300795793533325 -0.830743134021759 0.2584746181964874
vn -0.3468809127807617 -0.88975989818573 0.29664966464042664
vn 0.30817896127700806 -0.9216766953468323 0.23566463589668274
vn -0.6038090586662292 -0.7755231857299805 0.18433257937431335
vn 0.3807165324687958 -0.8889598250389099 0.2545691430568695
vn -0.5458829402923584 -0.8282975554466248 0.1262339949607849
vn -0.5764548182487488 -0.7896572947502136 0.21009808778762817
vn 0.36769580841064453 -0.8950452208518982 0.25237640738487244
vn 0.3441152274608612 -0.9042346477508545 0.252872496843338
vn 0.31218090653419495 -0.9136322140693665 0.2604212760925293
vn 0.2789308428764343 -0.9194653630256653 0.2770940065383911
vn 0.29047298431396484 -0.9112040400505066 0.29211774468421936
vn 0.3395583927631378 -0.8875859379768372 0.31127381324768066
vn -0.5467537641525269 -0.7808414101600647 0.3022366464138031
vn -0.4314451217651367 -0.8209517002105713 0.3740234673023224
vn 0.3502798080444336 -0.8964737057685852 0.2713649868965149
vn -0.6562739610671997 -0.7545063495635986 0.004976313095539808
vn 0.40063151717185974 -0.8616105914115906 0.31164348125457764
vn 0.32736319303512573 -0.9003464579582214 0.2867223024368286
vn 0.33812689781188965 -0.8919609189033508 0.3001266419887543
vn -0.6868605017662048 -0.7267266511917114 -0.009542482905089855
vn 0.46356505155563354 -0.8247409462928772 0.3238978087902069
vn -0.8360125422477722 -0.5476536154747009 0.03403782099485397
vn -0.7577540874481201 -0.6523870825767517 0.014139840379357338
vn 0.5553566217422485 -0.7657709717750549 0.32430529594421387
vn 0.6442712545394897 -0.6907742023468018 0.32824623584747314
vn 0.3620879352092743 -0.8831049799919128 0.2983587980270386
vn 0.3919408321380615 -0.8657116293907166 0.3113291263580322
vn -0.9256186485290527 -0.3744613528251648 -0.05485359579324722
vn 0.7074783444404602 -0.6297007203102112 0.3208604156970978
vn -0.9731818437576294 -0.2221824824810028 -0.059600260108709335
vn 0.7569531202316284 -0.57059246301651 0.3185062110424042
vn 0.779333233833313 -0.5379753112792969 0.32128235697746277
vn 0.7924262285232544 -0.513626217842102 0.3290119469165802
vn -0.9949221611022949 -0.07786013185977936 -0.06377846747636795
vn 0.8119245171546936 -0.4872487783432007 0.32150769233703613
vn 0.7895029783248901 -0.5261542201042175 0.31598547101020813
vn 0.7992740273475647 -0.5108472108840942 0.31653788685798645
vn -0.9948654174804688 0.0621342696249485 -0.07988876849412918
vn 0.8325423002243042 -0.45425769686698914 0.3170540928840637
vn 0.7993727922439575 -0.5053187012672424 0.3250479996204376
vn 0.813596785068512 -0.4889014959335327 0.3146994113922119
vn -0.9816647171974182 0.1571737676858902 -0.10784667730331421
vn 0.8518369793891907 -0.4122961759567261 0.3230878710746765
vn -0.9579139351844788 0.25209546089172363 -0.1372911036014557
vn 0.8722848296165466 -0.3421286344528198 0.34938129782676697
vn -0.894529402256012 0.39029473066329956 -0.2179155796766281
vn -0.7914682626724243 0.5292320847511292 -0.3057633638381958
vn 0.8969926238059998 -0.31601813435554504 0.309090256690979
vn 0.9390057325363159 -0.23917651176452637 0.24710913002490997
vn -0.7072564363479614 0.6342010498046875 -0.31237372756004333
vn 0.9633591771125793 -0.12793707847595215 0.23573552072048187
vn -0.8929888606071472 0.4057316482067108 -0.1948147416114807
vn -0.8182103633880615 0.5168167352676392 -0.2518577575683594
vn 0.8983705043792725 -0.24066564440727234 0.3674377501010895
vn 0.929766058921814 -0.21998748183250427 0.29519596695899963
vn -0.6474511623382568 0.6988383531570435 -0.3040263056755066
vn 0.9696759581565857 -0.027980146929621696 0.2427874505519867
vn -0.5585998296737671 0.7650341391563416 -0.3204512298107147
vn -0.510438084602356 0.8007089495658875 -0.31355729699134827
vn -0.8732728362083435 0.4389885365962982 -0.2113851010799408
vn -0.7696275115013123 0.583016574382782 -0.2603176236152649
vn 0.9080947637557983 -0.11055730283260345 0.40390723943710327
vn 0.9393876194953918 -0.12115076184272766 0.3207387626171112
vn -0.48504936695098877 0.8163284659385681 -0.31358420848846436
vn 0.9651950001716614 0.0682828277349472 0.25246015191078186
vn 0.9041845202445984 0.0442308746278286 0.42484593391418457
vn 0.9405176043510437 -0.010887167416512966 0.33957043290138245
vn -0.48145949840545654 0.8113555908203125 -0.331510066986084
vn 0.9426563382148743 0.19056104123592377 0.2740175426006317
vn -0.4789577126502991 0.8179044723510742 -0.31879761815071106
vn -0.48219653964042664 0.8235872387886047 -0.29864799976348877
vn -0.4889431297779083 0.8204020261764526 -0.29643750190734863
vn -0.5187352895736694 0.8053978681564331 -0.2867891788482666
vn 0.8632776141166687 0.34389832615852356 0.3694397807121277
vn 0.8981683254241943 0.28148192167282104 0.3377300500869751
vn 0.8853133320808411 0.20725324749946594 0.41625288128852844
vn 0.925368070602417 0.12681737542152405 0.35722729563713074
vn -0.5485209822654724 0.7799578905105591 -0.30131450295448303
vn 0.8655976057052612 0.4031113088130951 0.2970556616783142
vn -0.4938870370388031 0.8041834235191345 -0.3307033181190491
vn -0.5158752799034119 0.799608051776886 -0.30740803480148315
vn -0.5682951211929321 0.7579908967018127 -0.320141464471817
vn 0.8809024691581726 0.4180299937725067 0.2219499796628952
vn -0.5838565826416016 0.7514328956604004 -0.30734381079673767
vn -0.5921878218650818 0.7547467947006226 -0.2822604775428772
vn -0.5114652514457703 0.7749075293540955 -0.3713781535625458
vn -0.5376417636871338 0.7705643177032471 -0.3423041105270386
vn -0.5475775599479675 0.7944585084915161 -0.26266810297966003
vn 0.8379476070404053 0.5206605195999146 0.1635741889476776
vn 0.7036810517311096 0.6517375111579895 0.2829686403274536
vn 0.8382773399353027 0.4950772821903229 0.22845037281513214
vn -0.46816226840019226 0.8499120473861694 -0.2418132871389389
vn 0.6644314527511597 0.7378861904144287 0.11855319887399673
vn -0.39538413286209106 0.8949373364448547 -0.20678147673606873
vn -0.3084816336631775 0.933133065700531 -0.18466681241989136
vn -0.20813621580600739 0.962889552116394 -0.17182299494743347
vn -0.12767180800437927 0.979274332523346 -0.157231405377388
vn -0.047840267419815063 0.9897494316101074 -0.13456372916698456
vn 0.03446166217327118 0.9948266744613647 -0.09556328505277634
vn 0.09555459767580032 0.994625985622406 -0.03985537588596344
vn 0.14753197133541107 0.9888021349906921 0.022464832291007042
vn 0.198226198554039 0.9785454869270325 0.05617116391658783
vn 0.31665346026420593 0.9405694603919983 0.12271808087825775
vn 0.44987186789512634 0.8832899332046509 0.1319630742073059
vn 0.4955628514289856 0.8415177464485168 0.21509385108947754
vn 0.6818154454231262 0.7063758373260498 0.19016008079051971
vn -0.0847371518611908 -0.9584994912147522 0.2722102999687195
vn 0.01546056941151619 -0.9656378030776978 0.2594314217567444
vn 0.11470487713813782 -0.9648019075393677 0.23664341866970062
vn 0.21926802396774292 -0.950405478477478 0.22056972980499268
vn -0.20533576607704163 -0.9294359087944031 0.3065715730190277
vn 0.2757367789745331 -0.9160791039466858 0.29115021228790283
vn -0.12174632400274277 -0.91057288646698 0.39501240849494934
vn 0.005338036920875311 -0.9294486045837402 0.3689129948616028
vn 0.10792131721973419 -0.9340049624443054 0.3405698239803314
vn 0.19616861641407013 -0.9347894191741943 0.2961193919181824
vn -0.2977966070175171 -0.8625780940055847 0.40899425745010376
vn 0.3039531707763672 -0.8929696083068848 0.33199065923690796
vn -0.44425395131111145 -0.8765881061553955 0.1850181221961975
vn -0.420504093170166 -0.8712952136993408 0.25302383303642273
vn -0.43397092819213867 -0.8234694004058838 0.36546871066093445
vn -0.33354485034942627 -0.8178390264511108 0.46892136335372925
vn 0.34478574991226196 -0.8922011256217957 0.2917190492153168
vn 0.3540792167186737 -0.8982038497924805 0.26049545407295227
vn 0.3518010377883911 -0.9017256498336792 0.2512507438659668
vn 0.3272864818572998 -0.9098383188247681 0.2551037669181824
vn 0.30252891778945923 -0.9152343273162842 0.26612499356269836
vn -0.2054089605808258 -0.850940465927124 0.4834330081939697
vn -0.05286750942468643 -0.8799092173576355 0.47219157218933105
vn 0.08048278838396072 -0.8989924192428589 0.43050581216812134
vn 0.20381739735603333 -0.9037830233573914 0.37634390592575073
vn -0.5814803242683411 -0.8088608980178833 0.08732019364833832
vn 0.32720521092414856 -0.9018457531929016 0.28215450048446655
vn 0.33588308095932007 -0.9017559289932251 0.2720641791820526
vn 0.32315024733543396 -0.906943142414093 0.27023714780807495
vn -0.6610130667686462 -0.7438990473747253 0.09836610406637192
vn 0.3635394871234894 -0.8797820806503296 0.3063047230243683
vn -0.7939081192016602 -0.5941071510314941 0.12940913438796997
vn -0.7354579567909241 -0.6642221808433533 0.13383030891418457
vn 0.41662752628326416 -0.8514432311058044 0.31853729486465454
vn 0.4763694703578949 -0.8175510168075562 0.32354679703712463
vn 0.5605251789093018 -0.7642397880554199 0.31898126006126404
vn 0.641358494758606 -0.7004762887954712 0.31303727626800537
vn 0.3475799262523651 -0.8899259567260742 0.2953302562236786
vn 0.3472088873386383 -0.8906524777412415 0.2935713529586792
vn -0.9096887111663818 -0.4141620695590973 0.030598176643252373
vn 0.7092608213424683 -0.6304185390472412 0.315470427274704
vn 0.589613139629364 -0.7386515140533447 0.3267267942428589
vn 0.6417196989059448 -0.6975944638252258 0.3186812996864319
vn -0.9671125411987305 -0.2535232603549957 0.02047576755285263
vn 0.7493367791175842 -0.5762801170349121 0.3261836767196655
vn 0.6297167539596558 -0.6976386904716492 0.34169745445251465
vn 0.687857449054718 -0.6470285654067993 0.3289472758769989
vn -0.9948752522468567 -0.10096118599176407 0.0054874420166015625
vn 0.7785860896110535 -0.5345228314399719 0.32876911759376526
vn -0.9995977878570557 0.018359431996941566 -0.021614976227283478
vn 0.7957813739776611 -0.4939565360546112 0.35034120082855225
vn 0.814918041229248 -0.47292888164520264 0.3350326716899872
vn 0.8317152857780457 -0.45282143354415894 0.3212514817714691
vn -0.993151843547821 0.10503649711608887 -0.051154978573322296
vn 0.8514790534973145 -0.40362560749053955 0.3347683846950531
vn -0.9843432903289795 0.16405068337917328 -0.06446459144353867
vn 0.8719448447227478 -0.3213265538215637 0.36940696835517883
vn -0.953097403049469 0.27403220534324646 -0.1284981220960617
vn 0.8869094252586365 -0.21925406157970428 0.406594842672348
vn -0.9067260026931763 0.37836745381355286 -0.18624228239059448
vn 0.8912388682365417 -0.0582379512488842 0.4497796595096588
vn -0.783771276473999 0.5632960796356201 -0.26153427362442017
vn -0.6531781554222107 0.6927497386932373 -0.30570587515830994
vn -0.556956946849823 0.7589315176010132 -0.3373750150203705
vn -0.5023564100265503 0.7993292808532715 -0.3297131657600403
vn -0.47472846508026123 0.8091182708740234 -0.34635332226753235
vn 0.8833596110343933 0.11021246016025543 0.4555535912513733
vn -0.545782744884491 0.752169668674469 -0.36927223205566406
vn -0.5008317232131958 0.7893505692481995 -0.3550961911678314
vn -0.47259941697120667 0.8038074970245361 -0.36130788922309875
vn 0.879321277141571 0.25670328736305237 0.40112027525901794
vn -0.47057974338531494 0.7997881770133972 -0.3726843297481537
vn -0.4721823036670685 0.8158423900604248 -0.3338339924812317
vn -0.5325345993041992 0.7563674449920654 -0.37988853454589844
vn -0.48467496037483215 0.7865867018699646 -0.38258543610572815
vn -0.4719340205192566 0.7972883582115173 -0.3763105869293213
vn 0.9024710059165955 0.2907024621963501 0.3178651034832001
vn -0.45771074295043945 0.7859240770339966 -0.4157213568687439
vn -0.45963409543037415 0.7997196912765503 -0.3862448036670685
vn -0.4913455545902252 0.7661918997764587 -0.4141612648963928
vn 0.904514729976654 0.3383658826351166 0.2595413029193878
vn -0.5226777791976929 0.7534729242324829 -0.3988565504550934
vn -0.5523638725280762 0.7557474970817566 -0.3517666459083557
vn -0.5446519255638123 0.7696158289909363 -0.3332354426383972
vn -0.5630950331687927 0.7724140286445618 -0.293769508600235
vn 0.7238621115684509 0.5704401731491089 0.3881000578403473
vn 0.8393661379814148 0.4364300072193146 0.3240269124507904
vn -0.46354052424430847 0.7725228071212769 -0.4339800477027893
vn -0.4659484922885895 0.7761939167976379 -0.4247530400753021
vn -0.517505407333374 0.8076850175857544 -0.2825475037097931
vn 0.5646664500236511 0.760463535785675 0.32069772481918335
vn -0.5026270151138306 0.789696991443634 -0.3517738878726959
vn -0.5315417647361755 0.7867298722267151 -0.31387823820114136
vn -0.44520580768585205 0.8554965257644653 -0.26441919803619385
vn 0.44703415036201477 0.860399603843689 0.24468965828418732
vn -0.36064964532852173 0.905604898929596 -0.22318537533283234
vn -0.2926822006702423 0.9399259686470032 -0.17571666836738586
vn -0.2240419238805771 0.9612882137298584 -0.16040633618831635
vn -0.12637795507907867 0.9812216758728027 -0.14571447670459747
vn -0.03839331120252609 0.990942120552063 -0.12868505716323853
vn 0.07186496257781982 0.9914699196815491 -0.10873302072286606
vn 0.22071504592895508 0.9740620255470276 -0.04988103359937668
vn 0.26758578419685364 0.9627466201782227 0.03894650936126709
vn 0.33832162618637085 0.9327865839004517 0.12428883463144302
vn -0.4600781500339508 0.8151979446411133 -0.35182449221611023
vn -0.4743596613407135 0.8238629102706909 -0.3102142810821533
vn -0.09481843560934067 0.9874151945114136 -0.1265728920698166
vn -0.02792990580201149 0.9931181073188782 -0.11373819410800934
vn 0.0629509761929512 0.9935706257820129 -0.09409881383180618
vn 0.1999838948249817 0.9773083925247192 -0.069819375872612
vn -0.410359263420105 -0.8757665753364563 0.254240483045578
vn -0.31156355142593384 -0.9009477496147156 0.3020287752151489
vn -0.29823195934295654 -0.8798942565917969 0.3699241280555725
vn -0.2662036120891571 -0.8537262678146362 0.44753456115722656
vn -0.16284002363681793 -0.8464091420173645 0.5070254802703857
vn -0.0008099788101390004 -0.873157262802124 0.4874379634857178
vn 0.13426055014133453 -0.8902981877326965 0.43513596057891846
vn 0.24870774149894714 -0.8961291909217834 0.3675554096698761
vn 0.2907048463821411 -0.90060955286026 0.323099285364151
vn 0.3341895043849945 -0.8965603113174438 0.29068365693092346
vn 0.34396088123321533 -0.8998622894287109 0.26821407675743103
vn -0.5425496101379395 -0.8207268118858337 0.17901790142059326
vn 0.33842551708221436 -0.8943997621536255 0.2924332618713379
vn -0.4984213709831238 -0.8124973773956299 0.30236440896987915
vn -0.3607628047466278 -0.8596201539039612 0.3618057668209076
vn -0.6314756870269775 -0.7436659932136536 0.2195437103509903
vn 0.3482964038848877 -0.8817843794822693 0.3180345594882965
vn -0.7380807399749756 -0.6438024044036865 0.20187954604625702
vn -0.6557578444480896 -0.7065730094909668 0.26596304774284363
vn 0.3664829432964325 -0.8751338720321655 0.3159603178501129
vn 0.3875598609447479 -0.8639330863952637 0.3215852677822113
vn 0.43507397174835205 -0.8379097580909729 0.3295723795890808
vn 0.4937288463115692 -0.8062853217124939 0.3257850706577301
vn -0.5669413208961487 -0.7467741370201111 0.3477153480052948
vn -0.4280065894126892 -0.7999513745307922 0.42058074474334717
vn -0.88697350025177 -0.4493873119354248 0.10643849521875381
vn 0.5479369759559631 -0.7636969089508057 0.3413681387901306
vn -0.9578565359115601 -0.2706925868988037 0.09610678255558014
vn 0.6142227649688721 -0.6990938782691956 0.36605754494667053
vn 0.6879326701164246 -0.6302918791770935 0.3598344922065735
vn 0.7378458380699158 -0.5819518566131592 0.3419293165206909
vn -0.9880500435829163 -0.13608084619045258 0.07238208502531052
vn 0.7778788208961487 -0.5236578583717346 0.3474004864692688
vn -0.9985858201980591 -0.020097773522138596 0.049218617379665375
vn 0.8117255568504333 -0.45147329568862915 0.3705044984817505
vn 0.814569354057312 -0.446992427110672 0.36969539523124695
vn 0.8354480862617493 -0.4262300431728363 0.3469214141368866
vn -0.9983397722244263 0.0482168085873127 0.0315106175839901
vn 0.8566082119941711 -0.3551836907863617 0.3742551803588867
vn 0.8307286500930786 -0.3818388283252716 0.4050791263580322
vn 0.8360556960105896 -0.3901834785938263 0.38570436835289
vn -0.9927144050598145 0.11975985765457153 -0.013254992663860321
vn 0.8725290894508362 -0.2587415277957916 0.4144223928451538
vn 0.8593602180480957 -0.2816872298717499 0.42679306864738464
vn 0.8535343408584595 -0.3117552101612091 0.4174780249595642
vn -0.9793350696563721 0.18447257578372955 -0.0829022154211998
vn 0.8837105631828308 -0.1388484388589859 0.4469640254974365
vn 0.8807144165039062 -0.16772617399692535 0.44295597076416016
vn 0.8713259100914001 -0.2070803940296173 0.44486960768699646
vn -0.9430303573608398 0.2898281216621399 -0.1633811891078949
vn 0.8850948810577393 -0.0007129617733880877 0.46541014313697815
vn -0.8279823064804077 0.4946090579032898 -0.26421070098876953
vn -0.6691433191299438 0.6642929911613464 -0.33310970664024353
vn 0.8898077607154846 -0.053239885717630386 0.4532192647457123
vn 0.8820145130157471 -0.08856990933418274 0.46282368898391724
vn -0.617277979850769 0.7022317051887512 -0.35473740100860596
vn 0.8875713348388672 0.1190698966383934 0.44501635432243347
vn -0.8486340045928955 0.4697141647338867 -0.2432878017425537
vn -0.7380928993225098 0.5984291434288025 -0.31161102652549744
vn 0.8879379630088806 0.044606804847717285 0.45779526233673096
vn 0.8851050734519958 0.025606507435441017 0.46468624472618103
vn -0.5870003700256348 0.7342873215675354 -0.34095850586891174
vn 0.8969640731811523 0.18682979047298431 0.40068697929382324
vn -0.5266311168670654 0.7637941241264343 -0.37319982051849365
vn -0.4790877103805542 0.7777100801467896 -0.40699148178100586
vn -0.8305981755256653 0.5097911953926086 -0.22409702837467194
vn -0.7066084146499634 0.6438080072402954 -0.2936252951622009
vn 0.8795755505561829 0.12041971832513809 0.46026742458343506
vn 0.8863412141799927 0.10934951156377792 0.449935644865036
vn -0.47468945384025574 0.7719822525978088 -0.4227450489997864
vn 0.9064841866493225 0.22524064779281616 0.35714587569236755
vn 0.8624283671379089 0.19395089149475098 0.4675472378730774
vn 0.8863885402679443 0.16564016044139862 0.43229472637176514
vn -0.47598186135292053 0.7738572955131531 -0.4178350269794464
vn 0.8912842869758606 0.28873690962791443 0.3496330976486206
vn -0.47349727153778076 0.7669087648391724 -0.4331873655319214
vn -0.48866692185401917 0.7559602856636047 -0.43557867407798767
vn -0.4913441240787506 0.7608696222305298 -0.4238613247871399
vn -0.5104168653488159 0.7689944505691528 -0.38486653566360474
vn 0.7424218058586121 0.48675990104675293 0.46029844880104065
vn 0.8258363604545593 0.3750928044319153 0.421069860458374
vn 0.8231621384620667 0.3087415397167206 0.47653213143348694
vn 0.8726652264595032 0.2338329255580902 0.42869284749031067
vn -0.4732644557952881 0.7930886149406433 -0.3834465742111206
vn 0.63536137342453 0.6709773540496826 0.38223734498023987
vn -0.46445637941360474 0.7799808979034424 -0.4194164276123047
vn -0.47465887665748596 0.7800889611244202 -0.40762749314308167
vn -0.43210434913635254 0.8262338638305664 -0.361418753862381
vn 0.5783745646476746 0.7815694212913513 0.23373517394065857
vn -0.3948405086994171 0.8617737889289856 -0.31850722432136536
vn -0.3846220374107361 0.882837176322937 -0.2695635259151459
vn -0.2790432870388031 0.9324549436569214 -0.22948335111141205
vn -0.24148905277252197 0.9523944854736328 -0.1860855370759964
vn -0.1839255541563034 0.9714710712432861 -0.14971759915351868
vn 0.4347824156284332 0.8980640172958374 0.06667303293943405
vn 0.474675714969635 0.869626522064209 0.1357671320438385
vn -0.4301508069038391 0.8168405890464783 -0.38437190651893616
vn -0.4348766803741455 0.8144578337669373 -0.3841104805469513
vn -0.1046236902475357 0.9875032305717468 -0.11786166578531265
vn 0.3778614401817322 0.9257709383964539 -0.012997877784073353
vn -0.011290878988802433 0.99603670835495 -0.08822379261255264
vn 0.07376266270875931 0.9954084157943726 -0.06100204586982727
vn 0.18671058118343353 0.9820145964622498 -0.028045177459716797
vn 0.34370583295822144 0.9390640258789062 0.005013789050281048
vn -0.22103597223758698 0.9494733214378357 -0.22280845046043396
vn -0.1787155568599701 0.9653638601303101 -0.19008788466453552
vn -0.14238785207271576 0.9791184663772583 -0.14509545266628265
vn -0.2234652042388916 -0.8863155841827393 0.4055958688259125
vn -0.2049277275800705 -0.8698269128799438 0.4487825632095337
vn -0.156650111079216 -0.8600088953971863 0.48563921451568604
vn -0.0619196780025959 -0.8675729036331177 0.493440181016922
vn 0.05184241384267807 -0.8829118609428406 0.4666679799556732
vn 0.15575578808784485 -0.8951087594032288 0.41775646805763245
vn 0.23435375094413757 -0.8979672193527222 0.37246906757354736
vn 0.29376617074012756 -0.8963809609413147 0.33196792006492615
vn 0.3300279676914215 -0.8944811224937439 0.30163732171058655
vn -0.25984692573547363 -0.8819228410720825 0.3933086693286896
vn 0.32787591218948364 -0.8868408799171448 0.3255927562713623
vn -0.21531318128108978 -0.8588177561759949 0.4648357927799225
vn -0.18045124411582947 -0.8622915148735046 0.4731709063053131
vn -0.15034803748130798 -0.8619785308837891 0.4841369390487671
vn -0.0928133875131607 -0.8691649436950684 0.48573458194732666
vn -0.008198783732950687 -0.8820481896400452 0.47108787298202515
vn 0.08774877339601517 -0.8932293057441711 0.44095534086227417
vn 0.17682579159736633 -0.8965795636177063 0.40605148673057556
vn 0.25091129541397095 -0.8933975696563721 0.37267187237739563
vn 0.3021908700466156 -0.8905057311058044 0.34011805057525635
vn -0.3091433048248291 -0.8343181610107422 0.4564468562602997
vn 0.3325277864933014 -0.8796518445014954 0.3400557041168213
vn -0.7232698202133179 -0.6330705881118774 0.27586665749549866
vn -0.5570409893989563 -0.7609611749649048 0.3326311409473419
vn -0.47437620162963867 -0.7758462429046631 0.4159685969352722
vn -0.3448176085948944 -0.7989182472229004 0.49277830123901367
vn 0.36286136507987976 -0.8691956996917725 0.335902601480484
vn 0.3889785706996918 -0.8591919541358948 0.3323926627635956
vn 0.42829710245132446 -0.8364173173904419 0.34200552105903625
vn 0.47855517268180847 -0.8081846833229065 0.34325289726257324
vn -0.2558000385761261 -0.8242219686508179 0.5051974654197693
vn -0.198799729347229 -0.8405675888061523 0.5039094686508179
vn -0.1656133085489273 -0.8550208806991577 0.49143821001052856
vn -0.12050212919712067 -0.8705850839614868 0.47703346610069275
vn -0.05249898508191109 -0.8865759372711182 0.45959439873695374
vn 0.03332176432013512 -0.8987757563591003 0.437140554189682
vn 0.12580350041389465 -0.9027177691459656 0.41142940521240234
vn 0.21354025602340698 -0.8974435329437256 0.38599956035614014
vn 0.2885269224643707 -0.8873706459999084 0.35961875319480896
vn -0.8720372915267944 -0.45404574275016785 0.18273892998695374
vn 0.5363382697105408 -0.7620009183883667 0.3628993630409241
vn -0.8299162983894348 -0.4755406677722931 0.2917191982269287
vn -0.6534773111343384 -0.6471649408340454 0.39261311292648315
vn 0.46509870886802673 -0.8143060803413391 0.34725892543792725
vn 0.4814797639846802 -0.7984216213226318 0.36152467131614685
vn -0.9416393637657166 -0.28183192014694214 0.18408186733722687
vn 0.5974950194358826 -0.7020724415779114 0.38741976022720337
vn 0.664070188999176 -0.6476752161979675 0.3735339641571045
vn 0.7376055121421814 -0.5712383389472961 0.3600344955921173
vn -0.8892084956169128 -0.3449448049068451 0.3005351126194
vn -0.7555273771286011 -0.5143463015556335 0.4057416021823883
vn 0.49514803290367126 -0.7986569404602051 0.3420169949531555
vn 0.552520215511322 -0.7477686405181885 0.36818942427635193
vn -0.9792881608009338 -0.14046351611614227 0.1458243876695633
vn 0.7879202365875244 -0.5049027800559998 0.3524981439113617
vn 0.7162871360778809 -0.604751467704773 0.3481500744819641
vn 0.739434003829956 -0.5718241930007935 0.3553229868412018
vn -0.987352192401886 -0.0674213320016861 0.1434927135705948
vn 0.8310434818267822 -0.42625856399536133 0.35730984807014465
vn 0.7588950991630554 -0.5528255105018616 0.3441835343837738
vn 0.7887663841247559 -0.509266197681427 0.34423184394836426
vn -0.9943453669548035 -0.01490549836307764 0.10514380782842636
vn 0.8489577174186707 -0.3567237854003906 0.38989609479904175
vn -0.9985660314559937 0.02499583549797535 0.047340769320726395
vn 0.8805343508720398 -0.24592429399490356 0.4051920175552368
vn -0.9972734451293945 0.06646501272916794 -0.03206360712647438
vn 0.8998818397521973 -0.1251550018787384 0.4177904427051544
vn -0.9857794046401978 0.15453268587589264 -0.06601948291063309
vn 0.9025579690933228 -0.018383275717496872 0.43017590045928955
vn -0.941034197807312 0.31071558594703674 -0.1338302046060562
vn 0.8927482962608337 0.07451124489307404 0.4443518817424774
vn -0.8763833045959473 0.45779848098754883 -0.1495758295059204
vn 0.8738137483596802 0.15623725950717926 0.46047747135162354
vn -0.7343594431877136 0.6393819451332092 -0.22783128917217255
vn -0.6198359727859497 0.7240725755691528 -0.30252647399902344
vn -0.5897833108901978 0.7357693314552307 -0.33286526799201965
vn -0.5158901214599609 0.7592077851295471 -0.3968134820461273
vn -0.5046430230140686 0.7723011374473572 -0.3858581781387329
vn 0.846043586730957 0.24844670295715332 0.4716826379299164
vn -0.6201162338256836 0.7365905046463013 -0.26998212933540344
vn -0.5511946678161621 0.7585857510566711 -0.3474653363227844
vn -0.5068320631980896 0.781883716583252 -0.3630141317844391
vn 0.795146644115448 0.40911734104156494 0.44762128591537476
vn -0.49938085675239563 0.7745558619499207 -0.3881778419017792
vn -0.4847169816493988 0.76289963722229 -0.4278244078159332
vn -0.6188414096832275 0.757705807685852 -0.20716501772403717
vn -0.5517281293869019 0.7779139280319214 -0.3007424473762512
vn -0.46654680371284485 0.7911807894706726 -0.3954327702522278
vn 0.7711518406867981 0.5449217557907104 0.32921892404556274
vn 0.7976451516151428 0.48144447803497314 0.3632814884185791
vn 0.8265900611877441 0.43619677424430847 0.35564205050468445
vn -0.41749000549316406 0.8430047035217285 -0.3391832709312439
vn 0.6559547185897827 0.7187573909759521 0.23045873641967773
vn -0.3873356878757477 0.8584774136543274 -0.33613649010658264
vn -0.389871746301651 0.8585094213485718 -0.33310917019844055
vn -0.3295484781265259 0.8971936702728271 -0.29400908946990967
vn -0.3010236918926239 0.9161859154701233 -0.2645527124404907
vn 0.5781682133674622 0.7946432828903198 0.18510444462299347
vn 0.5857949256896973 0.7851271033287048 0.20104682445526123
vn 0.7004843950271606 0.6509398818016052 0.2925729751586914
vn 0.732161819934845 0.6117382645606995 0.2995251715183258
vn -0.2125130146741867 0.9491969347000122 -0.23208491504192352
vn 0.5221835970878601 0.8465434312820435 0.10338461399078369
vn -0.1258831024169922 0.9722150564193726 -0.19736087322235107
vn -0.07422376424074173 0.9863075613975525 -0.14726968109607697
vn -0.041284315288066864 0.9949411153793335 -0.09158513695001602
vn 0.037024956196546555 0.9982309937477112 -0.04651963338255882
vn 0.11829201132059097 0.9926047325134277 -0.027254892513155937
vn 0.21933691203594208 0.975569486618042 0.012471035122871399
vn 0.3896368741989136 0.9193670749664307 0.0542897991836071
vn -0.29443415999412537 0.9207689166069031 -0.2559165060520172
vn -0.2520444393157959 0.9349249601364136 -0.24977783858776093
vn -0.3978387415409088 -0.8069952130317688 0.4364437758922577
vn -0.31814464926719666 -0.8169611096382141 0.4809974730014801
vn -0.24978479743003845 -0.8205928206443787 0.5140380263328552
vn -0.2072305530309677 -0.842069685459137 0.49797001481056213
vn -0.15877565741539001 -0.8683497309684753 0.4698500335216522
vn -0.09560833126306534 -0.8901721835136414 0.4454801082611084
vn -0.014377465471625328 -0.90625 0.42249760031700134
vn 0.0775037556886673 -0.9131463766098022 0.40019601583480835
vn 0.17090266942977905 -0.9094518423080444 0.3790643513202667
vn 0.25461113452911377 -0.8970016241073608 0.3613327443599701
vn 0.3202453553676605 -0.8813209533691406 0.3474426567554474
vn 0.35809430480003357 -0.8716005682945251 0.3347848653793335
vn 0.40381544828414917 -0.8506724238395691 0.3365851044654846
vn -0.505816638469696 -0.7451226711273193 0.43467432260513306
vn 0.441846638917923 -0.8318162560462952 0.33593639731407166
vn -0.41094890236854553 -0.768815815448761 0.48994210362434387
vn -0.306002676486969 -0.8131611347198486 0.4951074421405792
vn -0.25457337498664856 -0.8244078159332275 0.5055137872695923
vn -0.23221878707408905 -0.8317514061927795 0.5042460560798645
vn 0.36469122767448425 -0.8711814880371094 0.3286993205547333
vn 0.39628440141677856 -0.8556986451148987 0.3327740728855133
vn -0.5796332359313965 -0.6474093198776245 0.4948602020740509
vn 0.47917941212654114 -0.8085581064224243 0.3414980173110962
vn -0.862795352935791 -0.33916640281677246 0.3749004602432251
vn -0.7285926938056946 -0.500271737575531 0.4678471088409424
vn 0.5494120717048645 -0.762434720993042 0.34181827306747437
vn 0.6344703435897827 -0.6902252435684204 0.3479030728340149
vn -0.4493076801300049 -0.7209844589233398 0.5275452733039856
vn -0.3395804464817047 -0.7775978446006775 0.5291755199432373
vn -0.2716130316257477 -0.8151761293411255 0.511580228805542
vn -0.24387295544147491 -0.8303189277648926 0.5010954141616821
vn 0.38327914476394653 -0.8616308569908142 0.3327001631259918
vn 0.42534339427948 -0.8407371044158936 0.3350285589694977
vn -0.9474595785140991 -0.19943319261074066 0.25009357929229736
vn 0.7024298310279846 -0.6229064464569092 0.3443543314933777
vn -0.9101159572601318 -0.2473122924566269 0.3324540853500366
vn -0.8078195452690125 -0.3842862546443939 0.4469360113143921
vn -0.9663732647895813 -0.13377323746681213 0.21960777044296265
vn 0.7735886573791504 -0.5294312238693237 0.34822869300842285
vn 0.8123127222061157 -0.4705367088317871 0.3445916175842285
vn 0.8410220146179199 -0.4215584099292755 0.33907297253608704
vn -0.9351244568824768 -0.2012857347726822 0.2915928065776825
vn -0.86299729347229 -0.3097393214702606 0.39912062883377075
vn -0.9795099496841431 -0.09723194688558578 0.17636984586715698
vn 0.8745760321617126 -0.32846754789352417 0.35668739676475525
vn -0.9510085582733154 -0.17840421199798584 0.25249695777893066
vn -0.8941441774368286 -0.26675742864608765 0.3596480190753937
vn 0.8385417461395264 -0.4223179221153259 0.344231516122818
vn 0.856449544429779 -0.38664788007736206 0.34204918146133423
vn -0.9884244799613953 -0.0837375596165657 0.12651126086711884
vn 0.9105942249298096 -0.19462403655052185 0.3646090030670166
vn -0.9569660425186157 -0.16066007316112518 0.24167008697986603
vn -0.9111504554748535 -0.23739756643772125 0.3368193805217743
vn 0.8641787171363831 -0.3658003509044647 0.34552183747291565
vn 0.8919976353645325 -0.30625417828559875 0.3324885070323944
vn -0.9985793232917786 -0.0017026140121743083 0.05325866863131523
vn 0.9161487221717834 -0.0789744183421135 0.3929816484451294
vn -0.9954519867897034 0.0915328860282898 0.026402538642287254
vn 0.9153561592102051 0.019285162910819054 0.40218305587768555
vn -0.9776636958122253 0.20685550570487976 -0.03720903396606445
vn 0.8994448781013489 0.1215129941701889 0.41980189085006714
vn 0.9036322832107544 0.17259812355041504 0.3919931948184967
vn 0.910025417804718 0.13959448039531708 0.3903423547744751
vn -0.9172526001930237 0.3917078971862793 -0.07219890505075455
vn 0.8755900859832764 0.19026446342468262 0.44400620460510254
vn -0.776526927947998 0.6126936674118042 -0.14701196551322937
vn -0.6736200451850891 0.7043293118476868 -0.22395598888397217
vn 0.8965088129043579 0.18853969871997833 0.40090498328208923
vn 0.8951966762542725 0.17226894199848175 0.41103073954582214
vn -0.6835686564445496 0.7146634459495544 -0.1482906937599182
vn 0.8615016341209412 0.25930580496788025 0.43654942512512207
vn 0.8914071917533875 0.20909357070922852 0.40208590030670166
vn 0.8837253451347351 0.2050926834344864 0.42067381739616394
vn -0.6714118719100952 0.7350451946258545 -0.09441839903593063
vn 0.8517946004867554 0.3454188108444214 0.3938678205013275
vn -0.5968207716941833 0.7776579856872559 -0.19761833548545837
vn -0.543873131275177 0.785224199295044 -0.29601529240608215
vn -0.5622801184654236 0.7640289664268494 -0.31638720631599426
vn -0.5055215954780579 0.7732117772102356 -0.3828727602958679
vn 0.8434039354324341 0.36731135845184326 0.3921125531196594
vn 0.8573144674301147 0.33291271328926086 0.3926590085029602
vn 0.8793273568153381 0.2598470151424408 0.3990776538848877
vn 0.8764018416404724 0.2514176070690155 0.4107420742511749
vn -0.47044768929481506 0.8161500692367554 -0.33552661538124084
vn 0.7932955026626587 0.4931309223175049 0.35707715153694153
vn -0.5891579985618591 0.7715214490890503 -0.24009904265403748
vn -0.5262070894241333 0.7905990481376648 -0.3131442964076996
vn -0.4285675585269928 0.8589617013931274 -0.28020477294921875
vn 0.7108575701713562 0.6594444513320923 0.24457012116909027
vn -0.3759858012199402 0.8851889967918396 -0.273998498916626
vn -0.3461664617061615 0.8948633074760437 -0.2817595899105072
vn -0.5810083746910095 0.7947165369987488 -0.1756555587053299
vn -0.49512216448783875 0.8325226306915283 -0.24851584434509277
vn -0.29127487540245056 0.9317310452461243 -0.21687842905521393
vn 0.6294571757316589 0.765435516834259 0.13376180827617645
vn -0.2384415715932846 0.9469536542892456 -0.2154632806777954
vn -0.17024004459381104 0.9616361260414124 -0.21511466801166534
vn -0.06264537572860718 0.9782622456550598 -0.19768299162387848
vn 0.002898020902648568 0.9868790507316589 -0.16143546998500824
vn 0.050342295318841934 0.9943175315856934 -0.0937991663813591
vn 0.082261823117733 0.9964276552200317 -0.01910289004445076
vn 0.13558906316757202 0.9906201362609863 0.01695210486650467
vn 0.257076621055603 0.9643222093582153 0.06320080906152725
vn 0.4218183755874634 0.9025697708129883 0.08623921126127243
vn 0.452022910118103 0.8790462017059326 0.15150314569473267
vn 0.6349027752876282 0.7570037841796875 0.1544146090745926
vn -0.2084943950176239 -0.8607003092765808 0.46446216106414795
vn -0.14151303470134735 -0.8882045745849609 0.43711182475090027
vn -0.0610189214348793 -0.9083408117294312 0.4137556552886963
vn 0.031386539340019226 -0.9195629358291626 0.39168721437454224
vn 0.1269889920949936 -0.9202821254730225 0.3700738847255707
vn 0.2189514935016632 -0.9105820059776306 0.35057181119918823
vn 0.3025330901145935 -0.8914673328399658 0.33728286623954773
vn -0.23423317074775696 -0.8398337364196777 0.48970815539360046
vn 0.32799792289733887 -0.884034276008606 0.3330177962779999
vn -0.24583953619003296 -0.8369024395942688 0.4890371561050415
vn 0.3647180497646332 -0.8611903190612793 0.3540225625038147
vn -0.4738403558731079 -0.6968590021133423 0.5383891463279724
vn -0.3266106843948364 -0.7861511707305908 0.5246825814247131
vn -0.26684674620628357 -0.8220076560974121 0.5030866861343384
vn -0.2539352476596832 -0.8338301777839661 0.49014708399772644
vn 0.42396870255470276 -0.8367787003517151 0.3464851975440979
vn 0.4864691197872162 -0.8049883246421814 0.3396199643611908
vn 0.5600661635398865 -0.7559593319892883 0.3388974070549011
vn 0.6302723288536072 -0.6999115347862244 0.33597713708877563
vn -0.6518285870552063 -0.5550088882446289 0.5168022513389587
vn 0.7025283575057983 -0.6236774325370789 0.34275415539741516
vn -0.7541040778160095 -0.44118475914001465 0.486501008272171
vn 0.757683277130127 -0.5443984866142273 0.35992565751075745
vn -0.8166353106498718 -0.3605150282382965 0.45070573687553406
vn 0.8148898482322693 -0.4515925943851471 0.36334383487701416
vn -0.8500006198883057 -0.30205559730529785 0.4315800964832306
vn 0.8611406683921814 -0.33586934208869934 0.3816131055355072
vn -0.9216588735580444 -0.2094874531030655 0.3265884518623352
vn -0.8677312135696411 -0.26215019822120667 0.42227935791015625
vn 0.9015495181083679 -0.2637106478214264 0.34302377700805664
vn 0.9246699213981628 -0.19435438513755798 0.3274323344230652
vn -0.9798047542572021 -0.09775353223085403 0.17443305253982544
vn 0.9348113536834717 -0.07260342687368393 0.34764429926872253
vn -0.992391049861908 -0.0219673253595829 0.12115076184272766
vn 0.9295440912246704 0.06124699488282204 0.3635883927345276
vn 0.9007040858268738 0.17020225524902344 0.399704247713089
vn 0.9165138006210327 0.13697123527526855 0.37582099437713623
vn -0.9917652606964111 0.10276880115270615 0.0764213278889656
vn 0.8976684808731079 0.18680672347545624 0.39911720156669617
vn -0.9510831236839294 0.3062285780906677 0.04080410301685333
vn 0.897358238697052 0.1903126835823059 0.39815741777420044
vn -0.7981966733932495 0.600767970085144 -0.044271696358919144
vn -0.71779865026474 0.6917632222175598 -0.078922800719738
vn -0.7231106758117676 0.6905234456062317 0.016982270404696465
vn 0.8943264484405518 0.21639534831047058 0.39160361886024475
vn -0.7487884163856506 0.6620700359344482 0.03129233419895172
vn 0.8747147917747498 0.30630791187286377 0.3755655586719513
vn -0.6633579730987549 0.7437406778335571 -0.0824989527463913
vn -0.6182361245155334 0.7618283629417419 -0.19339525699615479
vn -0.6590898036956787 0.742307186126709 -0.12075097113847733
vn 0.8543479442596436 0.41936036944389343 0.3069632947444916
vn -0.6388370394706726 0.7662025094032288 -0.06943418085575104
vn 0.8056398630142212 0.5502561926841736 0.2194596827030182
vn -0.521981954574585 0.8387200832366943 -0.1551883965730667
vn -0.42811545729637146 0.879270076751709 -0.20880940556526184
vn -0.3725937604904175 0.9052914977073669 -0.204012930393219
vn -0.323334276676178 0.9196634292602539 -0.22287699580192566
vn 0.5036342740058899 0.8292533159255981 0.24226348102092743
vn 0.6739164590835571 0.704489529132843 0.22255615890026093
vn -0.2708987891674042 0.9510182738304138 -0.14892323315143585
vn 0.32873454689979553 0.9312697052955627 0.157068133354187
vn -0.2571108937263489 0.9541550874710083 -0.1532386988401413
vn -0.20500901341438293 0.9613193273544312 -0.18394722044467926
vn -0.08977429568767548 0.97455233335495 -0.20539815723896027
vn 0.06505285948514938 0.9813100099563599 -0.18110427260398865
vn 0.15627330541610718 0.9818698763847351 -0.10728568583726883
vn 0.2049996703863144 0.978644609451294 -0.015164882875978947
vn 0.23672975599765778 0.9680418968200684 0.08278866857290268
vn -0.23313142359256744 -0.8568328022956848 0.45987749099731445
vn -0.18127281963825226 -0.8778127431869507 0.44337907433509827
vn -0.10590236634016037 -0.8999037146568298 0.4230342507362366
vn -0.01260764617472887 -0.9155725240707397 0.40195518732070923
vn 0.08487550169229507 -0.920779824256897 0.3807370066642761
vn 0.1757420152425766 -0.9174520969390869 0.356926292181015
vn 0.2602188289165497 -0.9043335318565369 0.33832982182502747
vn -0.24934449791908264 -0.845853328704834 0.4715501070022583
vn 0.2938598096370697 -0.8850553631782532 0.36100339889526367
vn -0.25740739703178406 -0.8403558731079102 0.4770151972770691
vn -0.2201392650604248 -0.8528217077255249 0.4735334813594818
vn -0.15131251513957977 -0.8753673434257507 0.45916947722435
vn -0.05631330609321594 -0.8967717885971069 0.43889540433883667
vn 0.05016908794641495 -0.9073908925056458 0.4172826409339905
vn 0.14843900501728058 -0.9058979153633118 0.396629273891449
vn 0.22462287545204163 -0.9013434052467346 0.3703034222126007
vn -0.2643161118030548 -0.8360267877578735 0.4808287024497986
vn 0.3248954713344574 -0.8604109883308411 0.39260154962539673
vn -0.501491367816925 -0.6746161580085754 0.5416637063026428
vn -0.38170453906059265 -0.7520915269851685 0.5372709035873413
vn -0.2989022433757782 -0.8004595041275024 0.5195401906967163
vn -0.27162930369377136 -0.8201883435249329 0.5034964084625244
vn 0.3951739966869354 -0.832914412021637 0.3874160051345825
vn 0.4603336751461029 -0.8119876384735107 0.3588440418243408
vn 0.5335865616798401 -0.767698347568512 0.3548585772514343
vn 0.6248843669891357 -0.6997889280319214 0.34614303708076477
vn -0.2728358805179596 -0.8225354552268982 0.4989950656890869
vn -0.25315430760383606 -0.8204547166824341 0.512607991695404
vn -0.1983482986688614 -0.8337240815162659 0.5153272747993469
vn -0.10471750050783157 -0.8582533001899719 0.502429723739624
vn 0.011963103897869587 -0.8775511384010315 0.4793338179588318
vn 0.13121384382247925 -0.8834881782531738 0.449701726436615
vn 0.23603355884552002 -0.877964973449707 0.41649213433265686
vn -0.6247291564941406 -0.5790896415710449 0.5238022208213806
vn 0.6992045044898987 -0.6124126315116882 0.3688684403896332
vn -0.5979084372520447 -0.5788050889968872 0.5545181035995483
vn -0.47222599387168884 -0.6602815985679626 0.5839784741401672
vn 0.5685036778450012 -0.7283687591552734 0.3824690282344818
vn 0.6221286058425903 -0.6909983158111572 0.36807262897491455
vn -0.7227163314819336 -0.45713886618614197 0.5183678865432739
vn 0.7662049531936646 -0.5076635479927063 0.39396408200263977
vn -0.6656612753868103 -0.4787271022796631 0.5724643468856812
vn -0.5495292544364929 -0.5623745322227478 0.6178612112998962
vn 0.6215029954910278 -0.654721200466156 0.43020254373550415
vn 0.6828935742378235 -0.6077832579612732 0.4052850902080536
vn -0.786429226398468 -0.3616313338279724 0.500751256942749
vn 0.8249363899230957 -0.3954561948776245 0.40384939312934875
vn -0.8026392459869385 -0.29951363801956177 0.5158118605613708
vn 0.8619819283485413 -0.25426408648490906 0.4385624825954437
vn -0.8869329690933228 -0.22104394435882568 0.40557312965393066
vn -0.8417068719863892 -0.261173278093338 0.47256556153297424
vn 0.8952354788780212 -0.22052861750125885 0.3871958255767822
vn 0.9300445914268494 -0.14947167038917542 0.3356713056564331
vn -0.949176549911499 -0.15768258273601532 0.272396981716156
vn 0.940020740032196 -0.023711340501904488 0.3402922451496124
vn -0.891269862651825 -0.14667604863643646 0.42909693717956543
vn -0.8188409805297852 -0.20032520592212677 0.5379304885864258
vn 0.8909424543380737 -0.10991305112838745 0.44061407446861267
vn 0.9215033054351807 -0.10251452028751373 0.37459638714790344
vn -0.9601596593856812 -0.07977713644504547 0.26782265305519104
vn 0.9287610650062561 0.06956537812948227 0.3640928864479065
vn 0.8858788013458252 0.1405142992734909 0.44212496280670166
vn 0.9083804488182068 0.10997655242681503 0.4034229815006256
vn -0.8825980424880981 -0.029229039326310158 0.46921899914741516
vn -0.8118779063224792 -0.06771009415388107 0.5798876881599426
vn 0.8888204097747803 0.037905700504779816 0.45668524503707886
vn 0.9170711040496826 0.007338395807892084 0.39865630865097046
vn -0.9617652893066406 0.041202668100595474 0.2707580029964447
vn 0.8874220848083496 0.17255684733390808 0.42744147777557373
vn -0.840718686580658 0.21224163472652435 0.49814218282699585
vn -0.7892921566963196 0.16063223779201508 0.5926341414451599
vn -0.9164937138557434 0.29475364089012146 0.2704803943634033
vn 0.8957986831665039 0.1771366000175476 0.4076363742351532
vn -0.8162596821784973 0.5675733089447021 0.10761376470327377
vn -0.7054406404495239 0.6935649514198303 0.1460178792476654
vn -0.7531364560127258 0.5502943396568298 0.36050185561180115
vn -0.7373170852661133 0.4915841519832611 0.46336665749549866
vn -0.7932018637657166 0.5546875 0.2513018250465393
vn 0.9006742238998413 0.20416395366191864 0.38354021310806274
vn -0.8221162557601929 0.5465805530548096 0.1592942625284195
vn 0.9004092216491699 0.2612784802913666 0.34784603118896484
vn -0.7151705622673035 0.6979676485061646 0.0370437391102314
vn -0.6768523454666138 0.7351586222648621 -0.03758728504180908
vn -0.7096866369247437 0.703447163105011 0.03882039710879326
vn 0.8911668062210083 0.3433432877063751 0.2965420186519623
vn 0.785653829574585 0.4107781946659088 0.46261143684387207
vn 0.8758018612861633 0.3034645915031433 0.37534046173095703
vn -0.7179443836212158 0.6941747665405273 0.051742542535066605
vn 0.8216588497161865 0.5029693841934204 0.2681390047073364
vn -0.5797603130340576 0.8132323026657104 -0.05031032860279083
vn -0.4684184193611145 0.8753385543823242 -0.11986088752746582
vn -0.39616823196411133 0.9096806049346924 -0.12462754547595978
vn -0.31993797421455383 0.9363071918487549 -0.14480529725551605
vn 0.5414601564407349 0.7669584155082703 0.344377338886261
vn 0.6875580549240112 0.652374804019928 0.3188590705394745
vn 0.6836236715316772 0.5912966728210449 0.4278164803981781
vn 0.8149949908256531 0.45629680156707764 0.35717853903770447
vn -0.2603423297405243 0.9634957909584045 -0.062432222068309784
vn 0.4187077283859253 0.8778887987136841 0.23236848413944244
vn -0.25660473108291626 0.9658297300338745 -0.03642778471112251
vn -0.26083245873451233 0.9609396457672119 -0.09252846240997314
vn -0.23030871152877808 0.9564030766487122 -0.1795860379934311
vn 0.06286031007766724 0.9661095142364502 -0.25036171078681946
vn 0.30308911204338074 0.9436998963356018 -0.1325424313545227
vn 0.338360995054245 0.9409987330436707 -0.0057600815780460835
vn 0.38414809107780457 0.9179244041442871 0.09922226518392563
vn -0.38076624274253845 0.9242178797721863 -0.028955237939953804
vn -0.2946682870388031 0.9543812274932861 -0.04824007675051689
vn -0.43122196197509766 0.8932419419288635 -0.12714800238609314
vn -0.03553183376789093 0.9473664164543152 -0.3181735873222351
vn 0.3567458987236023 0.8963872790336609 -0.263101190328598
vn -0.511421263217926 0.8588894009590149 0.02752109244465828
vn -0.12213383615016937 0.9569798707962036 -0.2631973922252655
vn 0.279514878988266 0.9226424694061279 -0.2657110393047333
vn -0.32345667481422424 -0.7640907168388367 0.558158814907074
vn -0.28293314576148987 -0.7875761985778809 0.5474235415458679
vn -0.27320370078086853 -0.7921800017356873 0.5457203388214111
vn -0.23178361356258392 -0.7855484485626221 0.5737508535385132
vn -0.1474626511335373 -0.8018066883087158 0.5791035294532776
vn -0.03428791090846062 -0.8220401406288147 0.5683963298797607
vn 0.09186355024576187 -0.8404825329780579 0.5339946746826172
vn 0.2122534066438675 -0.8473799824714661 0.4867192804813385
vn 0.30991098284721375 -0.8419291377067566 0.4417131543159485
vn 0.37130388617515564 -0.8145132660865784 0.4457595646381378
vn 0.46141090989112854 -0.7966752648353577 0.39039546251296997
vn -0.4047890901565552 -0.7001827359199524 0.5881240963935852
vn 0.4995361566543579 -0.7417005896568298 0.44759783148765564
vn -0.3619380295276642 -0.6889371871948242 0.6279860138893127
vn -0.29762816429138184 -0.7269276976585388 0.6188648343086243
vn -0.28211164474487305 -0.7365010380744934 0.6148001551628113
vn -0.2713754177093506 -0.7305784821510315 0.6265863180160522
vn 0.37499287724494934 -0.7571554183959961 0.5348795056343079
vn 0.4353121221065521 -0.7659574151039124 0.47308841347694397
vn -0.4556591212749481 -0.584743082523346 0.6711560487747192
vn 0.5590124726295471 -0.644909679889679 0.521149218082428
vn -0.6395787596702576 -0.4303748309612274 0.6369588375091553
vn -0.5242412686347961 -0.49809902906417847 0.690701425075531
vn 0.6405184268951416 -0.5683478713035583 0.5164464712142944
vn 0.735511839389801 -0.5216840505599976 0.432282418012619
vn -0.40118303894996643 -0.5837944746017456 0.7058585286140442
vn -0.3233025074005127 -0.6217664480209351 0.7133596539497375
vn -0.29642486572265625 -0.6428560614585876 0.7063062191009521
vn -0.28429698944091797 -0.6478553414344788 0.7067239284515381
vn 0.3983343243598938 -0.6625668406486511 0.6342988610267639
vn 0.4922024607658386 -0.6567187905311584 0.5713642835617065
vn -0.7341826558113098 -0.37491902709007263 0.5660491585731506
vn 0.811583936214447 -0.38455039262771606 0.4398324489593506
vn -0.6761835813522339 -0.3367532193660736 0.6552656888961792
vn -0.5720459222793579 -0.38640284538269043 0.7235028147697449
vn 0.6524329781532288 -0.4908297657966614 0.577423095703125
vn 0.7349928617477417 -0.4708714485168457 0.4879196882247925
vn -0.7465324401855469 -0.2990286350250244 0.5943663120269775
vn 0.8547620177268982 -0.20623205602169037 0.4762880206108093
vn -0.6974583864212036 -0.24876965582370758 0.6720606088638306
vn -0.6058027148246765 -0.2915651500225067 0.7402653694152832
vn 0.6648260951042175 -0.3612440526485443 0.6538417339324951
vn 0.780989408493042 -0.3394835889339447 0.524219810962677
vn -0.7700640559196472 -0.23798201978206635 0.5919172167778015
vn 0.8723201751708984 -0.07059112191200256 0.4838123917579651
vn -0.7067643404006958 -0.16955271363258362 0.6868305206298828
vn -0.628267228603363 -0.20415140688419342 0.7507346868515015
vn -0.7583746910095215 -0.12857921421527863 0.6390111446380615
vn 0.8694097399711609 0.08799376338720322 0.4861932098865509
vn -0.7142430543899536 -0.04464557021856308 0.6984724402427673
vn -0.6447386145591736 -0.10850367695093155 0.7566632032394409
vn -0.7617299556732178 0.05678648129105568 0.6454012989997864
vn 0.8763101100921631 0.13123086094856262 0.46352899074554443
vn -0.7433925867080688 0.11030607670545578 0.6596969962120056
vn -0.6679247617721558 0.01117495447397232 0.7441449165344238
vn 0.757597804069519 0.10398683696985245 0.6443852782249451
vn 0.8267949819564819 0.0947541892528534 0.5544652938842773
vn -0.7908324599266052 0.2963792383670807 0.5354841947555542
vn 0.8869949579238892 0.15898410975933075 0.4335482716560364
vn -0.7710981369018555 0.2455432265996933 0.5874659419059753
vn -0.6964792013168335 0.14739319682121277 0.7022762894630432
vn 0.7742670178413391 0.13339310884475708 0.618641197681427
vn 0.8412635922431946 0.1380198895931244 0.522710382938385
vn -0.8441706895828247 0.36755120754241943 0.39023327827453613
vn 0.8952873945236206 0.18080447614192963 0.4071488380432129
vn -0.7592548131942749 0.3991274833679199 0.5140325427055359
vn -0.7123811841011047 0.3148907423019409 0.6271817684173584
vn 0.7872723937034607 0.15627741813659668 0.5964726209640503
vn 0.852901041507721 0.1514480710029602 0.49962320923805237
vn -0.8132144212722778 0.48194628953933716 0.3262055814266205
vn 0.9006342887878418 0.2184438705444336 0.3756861388683319
vn -0.7447157502174377 0.6431030631065369 0.17837287485599518
vn -0.6865212321281433 0.7051984667778015 0.1771547943353653
vn 0.7574672698974609 0.3355593979358673 0.560038685798645
vn 0.8495578169822693 0.2414369285106659 0.4689987301826477
vn -0.7030722498893738 0.6087611317634583 0.3675587773323059
vn -0.7040231823921204 0.5403696894645691 0.4608165919780731
vn 0.7825275659561157 0.21280135214328766 0.585120677947998
vn 0.8604387640953064 0.17229413986206055 0.4795414209365845
vn -0.7776113152503967 0.5653676390647888 0.2751002311706543
vn 0.6851121187210083 0.496271014213562 0.5332320928573608
vn -0.7887539267539978 0.5839763879776001 0.19193463027477264
vn 0.6041983366012573 0.6869997978210449 0.40370258688926697
vn -0.6173650026321411 0.7850922346115112 0.04990663006901741
vn -0.4896967113018036 0.8717382550239563 -0.01641932688653469
vn -0.42542174458503723 0.8997114896774292 0.09765078127384186
vn 0.5554895997047424 0.7934406399726868 0.24876365065574646
vn -0.26119518280029297 0.9617248773574829 0.08283928781747818
vn -0.2206757515668869 0.9714126586914062 0.0875198021531105
vn -0.24158300459384918 0.9579242467880249 0.15497997403144836
vn -0.3557901084423065 0.9293712973594666 0.09839949756860733
vn 0.4608054459095001 0.8863958120346069 0.04428223893046379
vn 0.48095133900642395 0.865358293056488 0.14085787534713745
vn 0.5658261775970459 0.7769192457199097 0.2761108875274658
vn 0.5780130624771118 0.7538214325904846 0.3124966621398926
vn -0.5432314276695251 0.7819863557815552 0.3056093156337738
vn 0.5806545615196228 0.814136803150177 0.004653532989323139
vn -0.17485234141349792 0.7533585429191589 0.633938193321228
vn 0.28118476271629333 0.7706481218338013 0.5718710422515869
vn 0.5403174757957458 0.7634745836257935 0.3537847399711609
vn -0.4408823549747467 0.7900590300559998 0.4259454905986786
vn 0.56374591588974 0.8177138566970825 -0.11633861064910889
vn -0.18540509045124054 0.978157639503479 0.09398206323385239
vn 0.24001510441303253 0.9701225757598877 0.03542584925889969
vn 0.4757366478443146 0.8770523071289062 0.06673768162727356
vn -0.00010659881809260696 0.8798072338104248 0.475330650806427
vn 0.30599072575569153 0.8267444968223572 0.4720838963985443
vn 0.5827197432518005 0.7732932567596436 0.24991057813167572
vn -0.15715397894382477 -0.7350494861602783 0.6595489978790283
vn -0.06482051312923431 -0.7406994700431824 0.6687021255493164
vn 0.045084450393915176 -0.757408857345581 0.6513824462890625
vn 0.16235926747322083 -0.7867134809494019 0.5955849289894104
vn 0.2812720239162445 -0.8002655506134033 0.5295858383178711
vn -0.22626595199108124 -0.7163233160972595 0.6600641012191772
vn 0.2815929055213928 -0.700592041015625 0.6556494832038879
vn -0.1800815761089325 -0.6353887319564819 0.7509007453918457
vn -0.07878189533948898 -0.6477683186531067 0.7577530741691589
vn 0.02028902992606163 -0.6459999680519104 0.7630677819252014
vn 0.11906620860099792 -0.6661331653594971 0.7362675666809082
vn 0.21055695414543152 -0.7121308445930481 0.6697279214859009
vn -0.24868717789649963 -0.6340397000312805 0.7322216033935547
vn 0.31074440479278564 -0.5639803409576416 0.7650908827781677
vn -0.3962253928184509 -0.49526724219322205 0.7731208205223083
vn -0.32614433765411377 -0.5226806402206421 0.7876768708229065
vn -0.2928082048892975 -0.538151204586029 0.7903522849082947
vn -0.2635705769062042 -0.5512872934341431 0.7915888428688049
vn 0.4327951669692993 -0.5511645078659058 0.7133764624595642
vn 0.5384096503257751 -0.5560647249221802 0.6331722736358643
vn -0.21423213183879852 -0.5230613350868225 0.8249312043190002
vn -0.1241740807890892 -0.5583621859550476 0.82025146484375
vn 0.002870979020372033 -0.562944769859314 0.8264895677566528
vn 0.12351411581039429 -0.5487960577011108 0.8267812132835388
vn 0.21063438057899475 -0.5620489716529846 0.7998338937759399
vn -0.45769375562667847 -0.46309494972229004 0.7589858770370483
vn 0.5232707858085632 -0.4234732389450073 0.7394986152648926
vn -0.4071846306324005 -0.39824432134628296 0.8219502568244934
vn -0.3485413193702698 -0.42194825410842896 0.8369460701942444
vn -0.30135154724121094 -0.4387713372707367 0.846561849117279
vn -0.25942301750183105 -0.44635009765625 0.856429398059845
vn -0.21948553621768951 -0.4205334484577179 0.8803282380104065
vn -0.15249721705913544 -0.4673350155353546 0.8708286881446838
vn 0.17400537431240082 -0.47961875796318054 0.860051155090332
vn 0.24332082271575928 -0.44014912843704224 0.8643285632133484
vn 0.31783756613731384 -0.4253898859024048 0.847362220287323
vn 0.4281023144721985 -0.4447125494480133 0.7867395877838135
vn -0.49710237979888916 -0.34891247749328613 0.7944490313529968
vn 0.5416699051856995 -0.23396548628807068 0.8073746562004089
vn 0.7033181190490723 -0.18648280203342438 0.6859794855117798
vn 0.8157288432121277 -0.1581381857395172 0.5563981533050537
vn -0.4336223304271698 -0.30246105790138245 0.8488162755966187
vn -0.3591170907020569 -0.333450585603714 0.8716912269592285
vn -0.3102355897426605 -0.3489631116390228 0.8842955827713013
vn -0.2703157067298889 -0.36985766887664795 0.8888952732086182
vn -0.23378871381282806 -0.3416552245616913 0.9102827310562134
vn -0.18458831310272217 -0.34660354256629944 0.9196701645851135
vn 0.20163296163082123 -0.369668573141098 0.90702223777771
vn 0.3002040684223175 -0.3527477979660034 0.8862542510032654
vn 0.3478309214115143 -0.30612239241600037 0.8861730694770813
vn 0.41466468572616577 -0.27154356241226196 0.8685144186019897
vn -0.5320473909378052 -0.25285279750823975 0.8080786466598511
vn 0.8412185907363892 -0.00950265396386385 0.5406116843223572
vn -0.4677450656890869 -0.21502786874771118 0.8573083877563477
vn -0.37787187099456787 -0.2559663951396942 0.8897719383239746
vn -0.31704241037368774 -0.2769576609134674 0.9070714712142944
vn -0.26605337858200073 -0.29293563961982727 0.9183704853057861
vn 0.3976050615310669 -0.20545464754104614 0.8942587971687317
vn 0.46116846799850464 -0.16601376235485077 0.8716439008712769
vn 0.566724419593811 -0.08380880206823349 0.8196337819099426
vn 0.7345340251922607 -0.03516668453812599 0.6776601076126099
vn -0.5596228837966919 -0.16054701805114746 0.8130480051040649
vn 0.8321269154548645 0.06002834066748619 0.5513270497322083
vn 0.6570435166358948 0.03566530719399452 0.7530084848403931
vn 0.743125319480896 0.03175671026110649 0.668398380279541
vn -0.4970293939113617 -0.12393980473279953 0.8588368892669678
vn -0.4139907658100128 -0.18123605847358704 0.8920567035675049
vn -0.34463587403297424 -0.20527110993862152 0.9160184860229492
vn -0.2779585123062134 -0.2371421754360199 0.930861234664917
vn 0.441049188375473 -0.07976049184799194 0.8939317464828491
vn 0.4850555658340454 -0.09534427523612976 0.8692701458930969
vn 0.597609281539917 -0.042284369468688965 0.8006716966629028
vn 0.7266290783882141 0.014595459215342999 0.6868749260902405
vn -0.5849722623825073 -0.06279023736715317 0.8086191415786743
vn 0.6634293794631958 0.0873468816280365 0.7431231737136841
vn -0.530638575553894 -0.037694163620471954 0.8467596769332886
vn -0.4310339391231537 -0.11771556735038757 0.8946244120597839
vn 0.4734618663787842 -0.009972159750759602 0.8807579278945923
vn 0.5479916334152222 -0.0002930215559899807 0.8364837765693665
vn -0.620159924030304 0.05174927040934563 0.7827667593955994
vn 0.6909115314483643 0.12472131848335266 0.7120996713638306
vn -0.5855947136878967 0.07731471955776215 0.8069084882736206
vn -0.49066370725631714 -0.023594100028276443 0.8710295557975769
vn 0.5018690228462219 0.04703010246157646 0.8636641502380371
vn 0.582480788230896 0.059030935168266296 0.8106981515884399
vn -0.6620048880577087 0.1973256766796112 0.7230575084686279
vn 0.7023287415504456 0.1880309134721756 0.6865702867507935
vn -0.637633740901947 0.20935042202472687 0.7413471341133118
vn -0.5490001440048218 0.0988340899348259 0.8299583196640015
vn 0.5301315784454346 0.11505759507417679 0.8400728106498718
vn 0.6100097298622131 0.12101026624441147 0.7830994129180908
vn -0.7286121845245361 0.3609274625778198 0.5821130871772766
vn 0.6986882090568542 0.31630563735961914 0.6417051553726196
vn -0.6540995240211487 0.31544196605682373 0.6874956488609314
vn -0.5661555528640747 0.26942571997642517 0.7790235280990601
vn 0.5496470332145691 0.2090059220790863 0.8088291883468628
vn 0.6327681541442871 0.2043975442647934 0.7468776106834412
vn -0.7890042066574097 0.39056551456451416 0.47426891326904297
vn 0.6852092742919922 0.47844070196151733 0.5491654872894287
vn -0.6026287078857422 0.46652424335479736 0.6474517583847046
vn -0.5036641955375671 0.4618551433086395 0.7300769090652466
vn -0.4548439383506775 0.47565412521362305 0.7529078722000122
vn -0.3492574989795685 0.5058587193489075 0.7887498140335083
vn 0.30913597345352173 0.38051748275756836 0.8715741038322449
vn 0.4593554437160492 0.32502660155296326 0.826650083065033
vn 0.573004961013794 0.3546189069747925 0.7388578057289124
vn 0.6541934013366699 0.31835758686065674 0.6860608458518982
vn -0.735950231552124 0.5316570997238159 0.41918739676475525
vn 0.6488854289054871 0.6294454336166382 0.42748820781707764
vn -0.6434991955757141 0.7365781664848328 0.20823389291763306
vn -0.49933913350105286 0.8414652347564697 0.20638984441757202
vn 0.5593539476394653 0.6362700462341309 0.5313037633895874
vn 0.5965275168418884 0.6373281478881836 0.48781946301460266
vn -0.5310259461402893 0.7145499587059021 0.45544469356536865
vn -0.444273978471756 0.6966760158538818 0.5632612109184265
vn -0.3587164878845215 0.6595236659049988 0.6605687141418457
vn -0.3046708106994629 0.6918532848358154 0.6546104550361633
vn 0.2165583223104477 0.563745379447937 0.7970530986785889
vn 0.3936690390110016 0.46993425488471985 0.7900547981262207
vn 0.5343217253684998 0.49461284279823303 0.6854622960090637
vn 0.6375535130500793 0.48276960849761963 0.6003824472427368
vn -0.432391494512558 0.8357707858085632 0.3384152054786682
vn 0.5114460587501526 0.6994441747665405 0.4992001950740814
vn -0.2857530415058136 0.9236608147621155 0.25533509254455566
vn -0.1820145696401596 0.9401167631149292 0.28818613290786743
vn -0.19552648067474365 0.9301795363426208 0.3107016980648041
vn -0.21234211325645447 0.9150490760803223 0.3429228961467743
vn -0.2723391652107239 0.8307772278785706 0.4854283034801483
vn -0.001086294767446816 0.7541359066963196 0.6567174792289734
vn 0.3180568218231201 0.7235487699508667 0.6126313209533691
vn -0.2846648693084717 0.8242106437683105 0.4895332455635071
vn -0.21612365543842316 0.8345257639884949 0.5068110227584839
vn -0.18412259221076965 0.8409387469291687 0.5088427066802979
vn -0.11336664110422134 0.8226045370101929 0.557198166847229
vn 0.0004424686194397509 0.7308611273765564 0.6825261116027832
vn 0.1685297042131424 0.6711321473121643 0.7219275236129761
vn 0.39348843693733215 0.6006438136100769 0.6959841847419739
vn 0.06540226936340332 -0.48466452956199646 0.8722516298294067
vn -0.0801965594291687 -0.46560314297676086 0.8813525438308716
vn 0.08636269718408585 -0.3585182726383209 0.9295193552970886
vn -0.030894184485077858 -0.34550899267196655 0.937906801700592
vn -0.12714974582195282 -0.3363109230995178 0.9331280589103699
vn 0.09470996260643005 -0.2507498562335968 0.9634077548980713
vn -0.16793103516101837 -0.2664026916027069 0.949120044708252
vn -0.11754793673753738 -0.26417189836502075 0.9572856426239014
vn 0.2192441076040268 -0.25805580615997314 0.9409247040748596
vn 0.3299185633659363 -0.2417600154876709 0.9125272035598755
vn -0.01893605664372444 -0.23389077186584473 0.9720785021781921
vn -0.21072836220264435 -0.2709445357322693 0.9392457604408264
vn 0.3517686724662781 -0.12836338579654694 0.9272441267967224
vn -0.1422135829925537 -0.2158355563879013 0.9660177826881409
vn -0.07029145210981369 -0.20061710476875305 0.9771448373794556
vn 0.03188449516892433 -0.17276178300380707 0.9844474792480469
vn 0.1138068363070488 -0.16779661178588867 0.9792304635047913
vn 0.23844727873802185 -0.16127148270606995 0.9576713442802429
vn -0.21324002742767334 -0.2328454852104187 0.9488475322723389
vn 0.36172664165496826 -0.05967079848051071 0.9303726553916931
vn -0.2791900336742401 -0.18002180755138397 0.9432100653648376
vn -0.22102633118629456 -0.19517570734024048 0.9555385112762451
vn -0.13831664621829987 -0.18032728135585785 0.9738329648971558
vn -0.05202376842498779 -0.1659398078918457 0.9847626686096191
vn 0.03556379675865173 -0.13953793048858643 0.9895778894424438
vn 0.13812433183193207 -0.1169595867395401 0.98348468542099
vn 0.23778247833251953 -0.1013064980506897 0.966020941734314
vn -0.3489750623703003 -0.15087305009365082 0.9249074459075928
vn 0.38550475239753723 -0.014718752354383469 0.9225884675979614
vn -0.2819811701774597 -0.11869174987077713 0.9520498514175415
vn -0.20088963210582733 -0.13738974928855896 0.9699316620826721
vn -0.10910278558731079 -0.12586426734924316 0.9860298037528992
vn -0.027239345014095306 -0.13136015832424164 0.990960419178009
vn 0.0615544319152832 -0.1088440790772438 0.9921512603759766
vn 0.1593557447195053 -0.0836029052734375 0.983674943447113
vn 0.2619592547416687 -0.06406474858522415 0.9629501700401306
vn -0.3859477937221527 -0.085235595703125 0.9185745716094971
vn 0.41207414865493774 0.03314242884516716 0.9105473160743713
vn -0.3021540343761444 -0.05223375931382179 0.9518269896507263
vn -0.2066226601600647 -0.06551212072372437 0.9762250185012817
vn -0.12521815299987793 -0.06263013929128647 0.9901504516601562
vn -0.01634885184466839 -0.06337027996778488 0.9978561997413635
vn 0.0845622718334198 -0.059634432196617126 0.9946321249008179
vn 0.18273554742336273 -0.04424859583377838 0.9821658730506897
vn 0.28629928827285767 -0.028485847637057304 0.957716703414917
vn -0.4294171631336212 -0.00622897082939744 0.9030847549438477
vn 0.4363991916179657 0.09505049139261246 0.8947185277938843
vn -0.3191179633140564 0.023110562935471535 0.9474332332611084
vn -0.20358072221279144 0.02127951569855213 0.9788269400596619
vn -0.12048410624265671 0.025514798238873482 0.9923873543739319
vn -0.02668819949030876 0.019363969564437866 0.9994562864303589
vn 0.09396281093358994 0.015139377675950527 0.995460569858551
vn 0.19457395374774933 0.021358627825975418 0.980655312538147
vn 0.30564194917678833 0.02081850729882717 0.95191890001297
vn -0.48564833402633667 0.10430413484573364 0.8679091930389404
vn 0.42967280745506287 0.18360358476638794 0.8841216564178467
vn -0.490444540977478 0.27565571665763855 0.8267273306846619
vn -0.3604453504085541 0.304669052362442 0.881621241569519
vn 0.21236616373062134 0.2655223309993744 0.9404246807098389
vn 0.3249872922897339 0.22022578120231628 0.9197194576263428
vn -0.35805684328079224 0.13642138242721558 0.9236798882484436
vn -0.19880324602127075 0.13514487445354462 0.9706766605377197
vn -0.10327930003404617 0.13887333869934082 0.9849099516868591
vn -0.019511928781867027 0.13876640796661377 0.9901329278945923
vn 0.07336809486150742 0.11058730632066727 0.991154670715332
vn 0.18987320363521576 0.12506583333015442 0.9738104939460754
vn 0.3072182536125183 0.09788558632135391 0.9465914964675903
vn -0.21147198975086212 0.3227100372314453 0.9225713014602661
vn 0.17093680799007416 0.4152969419956207 0.893481433391571
vn -0.08136831223964691 0.30480170249938965 0.9489337205886841
vn 0.0007881720084697008 0.27669239044189453 0.9609582424163818
vn 0.09433732181787491 0.24893467128276825 0.9639149308204651
vn -0.209110289812088 0.5324054956436157 0.8202544450759888
vn 0.10742665827274323 0.5838177800178528 0.804746150970459
vn -0.19272218644618988 0.7190352082252502 0.6677173972129822
vn -0.06674372404813766 0.7254846692085266 0.6849943399429321
vn 0.004910334013402462 0.6622301936149597 0.7492843866348267
vn -0.08039230108261108 0.5489320755004883 0.831991970539093
vn 0.003930013161152601 0.48863229155540466 0.8724809885025024
vn 0.0664675235748291 0.4369306266307831 0.897036075592041

g grp1
usemtl mtl1
f 1//1 177//177 183//183 
f 1//1 2//2 178//178 
f 177//177 1//1 178//178 
f 2//2 3//3 179//179 
f 178//178 2//2 179//179 
f 3//3 4//4 180//180 
f 179//179 3//3 180//180 
f 4//4 5//5 181//181 
f 180//180 4//4 181//181 
f 5//5 6//6 182//182 
f 181//181 5//5 182//182 
f 182//182 6//6 184//184 
f 7//7 1//1 183//183 
f 185//185 7//7 183//183 
f 2//2 1//1 8//8 
f 8//8 1//1 7//7 
f 3//3 2//2 9//9 
f 9//9 2//2 8//8 
f 4//4 3//3 10//10 
f 10//10 3//3 9//9 
f 5//5 4//4 11//11 
f 11//11 4//4 10//10 
f 6//6 5//5 12//12 
f 12//12 5//5 11//11 
f 186//186 184//184 6//6 
f 12//12 186//186 6//6 
f 13//13 7//7 185//185 
f 191//191 13//13 185//185 
f 8//8 7//7 14//14 
f 14//14 7//7 13//13 
f 9//9 8//8 15//15 
f 15//15 8//8 14//14 
f 10//10 9//9 16//16 
f 16//16 9//9 15//15 
f 11//11 10//10 17//17 
f 17//17 10//10 16//16 
f 12//12 11//11 18//18 
f 18//18 11//11 17//17 
f 187//187 186//186 12//12 
f 187//187 12//12 19//19 
f 19//19 12//12 18//18 
f 19//19 20//20 188//188 
f 187//187 19//19 188//188 
f 20//20 21//21 189//189 
f 188//188 20//20 189//189 
f 21//21 22//22 190//190 
f 189//189 21//21 190//190 
f 190//190 22//22 192//192 
f 23//23 13//13 191//191 
f 193//193 23//23 191//191 
f 14//14 13//13 24//24 
f 24//24 13//13 23//23 
f 15//15 14//14 25//25 
f 25//25 14//14 24//24 
f 16//16 15//15 26//26 
f 26//26 15//15 25//25 
f 17//17 16//16 27//27 
f 27//27 16//16 26//26 
f 18//18 17//17 28//28 
f 28//28 17//17 27//27 
f 19//19 18//18 29//29 
f 29//29 18//18 28//28 
f 20//20 19//19 30//30 
f 30//30 19//19 29//29 
f 21//21 20//20 31//31 
f 31//31 20//20 30//30 
f 22//22 21//21 32//32 
f 32//32 21//21 31//31 
f 194//194 192//192 22//22 
f 32//32 194//194 22//22 
f 33//33 23//23 193//193 
f 197//197 33//33 193//193 
f 24//24 23//23 34//34 
f 34//34 23//23 33//33 
f 25//25 24//24 35//35 
f 35//35 24//24 34//34 
f 26//26 25//25 36//36 
f 36//36 25//25 35//35 
f 27//27 26//26 37//37 
f 37//37 26//26 36//36 
f 28//28 27//27 38//38 
f 38//38 27//27 37//37 
f 29//29 28//28 39//39 
f 39//39 28//28 38//38 
f 30//30 29//29 40//40 
f 40//40 29//29 39//39 
f 31//31 30//30 41//41 
f 41//41 30//30 40//40 
f 32//32 31//31 42//42 
f 42//42 31//31 41//41 
f 195//195 194//194 32//32 
f 195//195 32//32 43//43 
f 43//43 32//32 42//42 
f 43//43 44//44 196//196 
f 195//195 43//43 196//196 
f 196//196 44//44 198//198 
f 45//45 33//33 197//197 
f 199//199 45//45 197//197 
f 34//34 33//33 46//46 
f 46//46 33//33 45//45 
f 35//35 34//34 47//47 
f 47//47 34//34 46//46 
f 36//36 35//35 48//48 
f 48//48 35//35 47//47 
f 37//37 36//36 49//49 
f 49//49 36//36 48//48 
f 38//38 37//37 50//50 
f 50//50 37//37 49//49 
f 39//39 38//38 51//51 
f 51//51 38//38 50//50 
f 40//40 39//39 52//52 
f 52//52 39//39 51//51 
f 41//41 40//40 53//53 
f 53//53 40//40 52//52 
f 42//42 41//41 54//54 
f 54//54 41//41 53//53 
f 43//43 42//42 55//55 
f 55//55 42//42 54//54 
f 44//44 43//43 56//56 
f 56//56 43//43 55//55 
f 200//200 198//198 44//44 
f 56//56 200//200 44//44 
f 57//57 45//45 199//199 
f 201//201 57//57 199//199 
f 46//46 45//45 58//58 
f 58//58 45//45 57//57 
f 47//47 46//46 59//59 
f 59//59 46//46 58//58 
f 48//48 47//47 60//60 
f 60//60 47//47 59//59 
f 49//49 48//48 61//61 
f 61//61 48//48 60//60 
f 50//50 49//49 62//62 
f 62//62 49//49 61//61 
f 51//51 50//50 63//63 
f 63//63 50//50 62//62 
f 52//52 51//51 64//64 
f 64//64 51//51 63//63 
f 53//53 52//52 65//65 
f 65//65 52//52 64//64 
f 54//54 53//53 66//66 
f 66//66 53//53 65//65 
f 55//55 54//54 67//67 
f 67//67 54//54 66//66 
f 56//56 55//55 68//68 
f 68//68 55//55 67//67 
f 202//202 200//200 56//56 
f 68//68 202//202 56//56 
f 69//69 57//57 201//201 
f 203//203 69//69 201//201 
f 58//58 57//57 70//70 
f 70//70 57//57 69//69 
f 59//59 58//58 71//71 
f 71//71 58//58 70//70 
f 60//60 59//59 72//72 
f 72//72 59//59 71//71 
f 61//61 60//60 73//73 
f 73//73 60//60 72//72 
f 62//62 61//61 74//74 
f 74//74 61//61 73//73 
f 63//63 62//62 75//75 
f 75//75 62//62 74//74 
f 64//64 63//63 76//76 
f 76//76 63//63 75//75 
f 65//65 64//64 77//77 
f 77//77 64//64 76//76 
f 66//66 65//65 78//78 
f 78//78 65//65 77//77 
f 67//67 66//66 79//79 
f 79//79 66//66 78//78 
f 68//68 67//67 80//80 
f 80//80 67//67 79//79 
f 204//204 202//202 68//68 
f 80//80 204//204 68//68 
f 81//81 69//69 203//203 
f 207//207 81//81 203//203 
f 70//70 69//69 82//82 
f 82//82 69//69 81//81 
f 71//71 70//70 83//83 
f 83//83 70//70 82//82 
f 72//72 71//71 84//84 
f 84//84 71//71 83//83 
f 73//73 72//72 85//85 
f 85//85 72//72 84//84 
f 74//74 73//73 86//86 
f 86//86 73//73 85//85 
f 75//75 74//74 87//87 
f 87//87 74//74 86//86 
f 76//76 75//75 88//88 
f 88//88 75//75 87//87 
f 77//77 76//76 89//89 
f 89//89 76//76 88//88 
f 78//78 77//77 90//90 
f 90//90 77//77 89//89 
f 79//79 78//78 91//91 
f 91//91 78//78 90//90 
f 80//80 79//79 92//92 
f 92//92 79//79 91//91 
f 205//205 204//204 80//80 
f 205//205 80//80 93//93 
f 93//93 80//80 92//92 
f 93//93 94//94 206//206 
f 205//205 93//93 206//206 
f 206//206 94//94 208//208 
f 95//95 81//81 207//207 
f 209//209 95//95 207//207 
f 82//82 81//81 96//96 
f 96//96 81//81 95//95 
f 83//83 82//82 97//97 
f 97//97 82//82 96//96 
f 84//84 83//83 98//98 
f 98//98 83//83 97//97 
f 85//85 84//84 99//99 
f 99//99 84//84 98//98 
f 86//86 85//85 100//100 
f 100//100 85//85 99//99 
f 87//87 86//86 101//101 
f 101//101 86//86 100//100 
f 88//88 87//87 102//102 
f 102//102 87//87 101//101 
f 89//89 88//88 103//103 
f 103//103 88//88 102//102 
f 90//90 89//89 104//104 
f 104//104 89//89 103//103 
f 91//91 90//90 105//105 
f 105//105 90//90 104//104 
f 92//92 91//91 106//106 
f 106//106 91//91 105//105 
f 93//93 92//92 107//107 
f 107//107 92//92 106//106 
f 94//94 93//93 108//108 
f 108//108 93//93 107//107 
f 210//210 208//208 94//94 
f 108//108 210//210 94//94 
f 95//95 209//209 211//211 
f 96//96 95//95 211//211 
f 212//212 96//96 211//211 
f 212//212 213//213 109//109 
f 212//212 109//109 96//96 
f 96//96 109//109 97//97 
f 98//98 97//97 110//110 
f 110//110 97//97 109//109 
f 99//99 98//98 111//111 
f 111//111 98//98 110//110 
f 100//100 99//99 112//112 
f 112//112 99//99 111//111 
f 101//101 100//100 113//113 
f 113//113 100//100 112//112 
f 102//102 101//101 114//114 
f 114//114 101//101 113//113 
f 103//103 102//102 115//115 
f 115//115 102//102 114//114 
f 104//104 103//103 116//116 
f 116//116 103//103 115//115 
f 105//105 104//104 117//117 
f 117//117 104//104 116//116 
f 106//106 105//105 118//118 
f 118//118 105//105 117//117 
f 107//107 106//106 119//119 
f 119//119 106//106 118//118 
f 108//108 107//107 120//120 
f 120//120 107//107 119//119 
f 214//214 210//210 108//108 
f 120//120 214//214 108//108 
f 121//121 109//109 213//213 
f 215//215 121//121 213//213 
f 110//110 109//109 122//122 
f 122//122 109//109 121//121 
f 111//111 110//110 123//123 
f 123//123 110//110 122//122 
f 112//112 111//111 124//124 
f 124//124 111//111 123//123 
f 113//113 112//112 125//125 
f 125//125 112//112 124//124 
f 114//114 113//113 126//126 
f 126//126 113//113 125//125 
f 115//115 114//114 127//127 
f 127//127 114//114 126//126 
f 116//116 115//115 128//128 
f 128//128 115//115 127//127 
f 117//117 116//116 129//129 
f 129//129 116//116 128//128 
f 118//118 117//117 130//130 
f 130//130 117//117 129//129 
f 119//119 118//118 131//131 
f 131//131 118//118 130//130 
f 120//120 119//119 132//132 
f 132//132 119//119 131//131 
f 216//216 214//214 120//120 
f 132//132 216//216 120//120 
f 133//133 121//121 215//215 
f 219//219 133//133 215//215 
f 122//122 121//121 134//134 
f 134//134 121//121 133//133 
f 123//123 122//122 135//135 
f 135//135 122//122 134//134 
f 124//124 123//123 136//136 
f 136//136 123//123 135//135 
f 125//125 124//124 137//137 
f 137//137 124//124 136//136 
f 126//126 125//125 138//138 
f 138//138 125//125 137//137 
f 127//127 126//126 139//139 
f 139//139 126//126 138//138 
f 128//128 127//127 140//140 
f 140//140 127//127 139//139 
f 129//129 128//128 141//141 
f 141//141 128//128 140//140 
f 130//130 129//129 142//142 
f 142//142 129//129 141//141 
f 220//220 217//217 131//131 
f 220//220 131//131 142//142 
f 142//142 131//131 130//130 
f 132//132 131//131 217//217 
f 218//218 132//132 217//217 
f 216//216 132//132 218//218 
f 143//143 133//133 219//219 
f 221//221 143//143 219//219 
f 134//134 133//133 144//144 
f 144//144 133//133 143//143 
f 135//135 134//134 145//145 
f 145//145 134//134 144//144 
f 136//136 135//135 146//146 
f 146//146 135//135 145//145 
f 137//137 136//136 147//147 
f 147//147 136//136 146//146 
f 138//138 137//137 148//148 
f 148//148 137//137 147//147 
f 139//139 138//138 149//149 
f 149//149 138//138 148//148 
f 140//140 139//139 150//150 
f 150//150 139//139 149//149 
f 141//141 140//140 151//151 
f 151//151 140//140 150//150 
f 142//142 141//141 152//152 
f 152//152 141//141 151//151 
f 222//222 220//220 142//142 
f 152//152 222//222 142//142 
f 143//143 221//221 223//223 
f 144//144 143//143 223//223 
f 224//224 144//144 223//223 
f 224//224 225//225 153//153 
f 224//224 153//153 144//144 
f 144//144 153//153 145//145 
f 146//146 145//145 154//154 
f 154//154 145//145 153//153 
f 147//147 146//146 155//155 
f 155//155 146//146 154//154 
f 148//148 147//147 156//156 
f 156//156 147//147 155//155 
f 149//149 148//148 157//157 
f 157//157 148//148 156//156 
f 150//150 149//149 158//158 
f 158//158 149//149 157//157 
f 151//151 150//150 159//159 
f 159//159 150//150 158//158 
f 152//152 151//151 160//160 
f 160//160 151//151 159//159 
f 226//226 222//222 152//152 
f 160//160 226//226 152//152 
f 161//161 153//153 225//225 
f 227//227 161//161 225//225 
f 154//154 153//153 162//162 
f 162//162 153//153 161//161 
f 155//155 154//154 163//163 
f 163//163 154//154 162//162 
f 156//156 155//155 164//164 
f 164//164 155//155 163//163 
f 157//157 156//156 165//165 
f 165//165 156//156 164//164 
f 158//158 157//157 166//166 
f 166//166 157//157 165//165 
f 159//159 158//158 167//167 
f 167//167 158//158 166//166 
f 160//160 159//159 168//168 
f 168//168 159//159 167//167 
f 228//228 226//226 160//160 
f 168//168 228//228 160//160 
f 161//161 227//227 229//229 
f 162//162 161//161 229//229 
f 230//230 162//162 229//229 
f 230//230 233//233 169//169 
f 230//230 169//169 162//162 
f 162//162 169//169 163//163 
f 164//164 163//163 170//170 
f 170//170 163//163 169//169 
f 165//165 164//164 171//171 
f 171//171 164//164 170//170 
f 166//166 165//165 172//172 
f 172//172 165//165 171//171 
f 234//234 231//231 167//167 
f 234//234 167//167 172//172 
f 172//172 167//167 166//166 
f 168//168 167//167 231//231 
f 232//232 168//168 231//231 
f 228//228 168//168 232//232 
f 173//173 169//169 233//233 
f 235//235 173//173 233//233 
f 170//170 169//169 174//174 
f 174//174 169//169 173//173 
f 171//171 170//170 175//175 
f 175//175 170//170 174//174 
f 172//172 171//171 176//176 
f 176//176 171//171 175//175 
f 236//236 234//234 172//172 
f 176//176 236//236 172//172 
f 173//173 235//235 237//237 
f 174//174 173//173 237//237 
f 238//238 174//174 237//237 
f 175//175 174//174 238//238 
f 239//239 175//175 238//238 
f 176//176 175//175 239//239 
f 240//240 176//176 239//239 
f 236//236 176//176 240//240 
f 177//177 243//243 251//251 
f 183//183 177//177 251//251 
f 178//178 244//244 177//177 
f 177//177 244//244 243//243 
f 179//179 245//245 178//178 
f 178//178 245//245 244//244 
f 180//180 246//246 179//179 
f 179//179 246//246 245//245 
f 181//181 247//247 180//180 
f 180//180 247//247 246//246 
f 182//182 248//248 181//181 
f 181//181 248//248 247//247 
f 248//248 182//182 184//184 
f 252//252 248//248 184//184 
f 183//183 251//251 185//185 
f 251//251 255//255 185//185 
f 184//184 186//186 252//252 
f 252//252 186//186 256//256 
f 185//185 255//255 191//191 
f 255//255 263//263 191//191 
f 186//186 257//257 256//256 
f 187//187 257//257 186//186 
f 188//188 258//258 187//187 
f 187//187 258//258 257//257 
f 189//189 259//259 188//188 
f 188//188 259//259 258//258 
f 190//190 260//260 189//189 
f 189//189 260//260 259//259 
f 260//260 190//190 192//192 
f 264//264 260//260 192//192 
f 191//191 263//263 193//193 
f 263//263 265//265 193//193 
f 192//192 194//194 264//264 
f 264//264 194//194 266//266 
f 193//193 265//265 197//197 
f 265//265 269//269 197//197 
f 194//194 267//267 266//266 
f 195//195 267//267 194//194 
f 196//196 268//268 195//195 
f 195//195 268//268 267//267 
f 268//268 196//196 198//198 
f 270//270 268//268 198//198 
f 197//197 269//269 199//199 
f 269//269 271//271 199//199 
f 198//198 200//200 270//270 
f 270//270 200//200 272//272 
f 199//199 271//271 201//201 
f 271//271 273//273 201//201 
f 200//200 202//202 272//272 
f 272//272 202//202 274//274 
f 201//201 273//273 203//203 
f 273//273 275//275 203//203 
f 202//202 204//204 274//274 
f 274//274 204//204 276//276 
f 203//203 275//275 207//207 
f 275//275 279//279 207//207 
f 204//204 277//277 276//276 
f 205//205 277//277 204//204 
f 206//206 278//278 205//205 
f 205//205 278//278 277//277 
f 278//278 206//206 208//208 
f 280//280 278//278 208//208 
f 207//207 279//279 209//209 
f 279//279 283//283 209//209 
f 208//208 210//210 280//280 
f 280//280 210//210 284//284 
f 209//209 283//283 285//285 
f 211//211 209//209 285//285 
f 212//212 211//211 286//286 
f 211//211 285//285 286//286 
f 286//286 213//213 212//212 
f 289//289 213//213 286//286 
f 210//210 214//214 284//284 
f 284//284 214//214 290//290 
f 213//213 289//289 215//215 
f 289//289 291//291 215//215 
f 214//214 216//216 290//290 
f 290//290 216//216 292//292 
f 215//215 291//291 219//219 
f 291//291 295//295 219//219 
f 217//217 296//296 293//293 
f 220//220 296//296 217//217 
f 218//218 217//217 294//294 
f 217//217 293//293 294//294 
f 292//292 216//216 218//218 
f 294//294 292//292 218//218 
f 219//219 295//295 221//221 
f 295//295 297//297 221//221 
f 220//220 222//222 296//296 
f 296//296 222//222 298//298 
f 221//221 297//297 299//299 
f 223//223 221//221 299//299 
f 224//224 223//223 300//300 
f 223//223 299//299 300//300 
f 300//300 225//225 224//224 
f 301//301 225//225 300//300 
f 222//222 226//226 298//298 
f 298//298 226//226 302//302 
f 225//225 301//301 227//227 
f 301//301 303//303 227//227 
f 226//226 228//228 302//302 
f 302//302 228//228 304//304 
f 227//227 303//303 305//305 
f 229//229 227//227 305//305 
f 230//230 229//229 306//306 
f 229//229 305//305 306//306 
f 306//306 233//233 230//230 
f 309//309 233//233 306//306 
f 231//231 310//310 307//307 
f 234//234 310//310 231//231 
f 232//232 231//231 308//308 
f 231//231 307//307 308//308 
f 304//304 228//228 232//232 
f 308//308 304//304 232//232 
f 233//233 309//309 235//235 
f 309//309 311//311 235//235 
f 234//234 236//236 310//310 
f 310//310 236//236 312//312 
f 235//235 311//311 313//313 
f 237//237 235//235 313//313 
f 238//238 237//237 314//314 
f 237//237 313//313 314//314 
f 239//239 238//238 315//315 
f 238//238 314//314 315//315 
f 240//240 239//239 316//316 
f 239//239 315//315 316//316 
f 312//312 236//236 240//240 
f 316//316 312//312 240//240 
f 241//241 317//317 319//319 
f 241//241 242//242 318//318 
f 317//317 241//241 318//318 
f 318//318 242//242 320//320 
f 249//249 241//241 319//319 
f 323//323 249//249 319//319 
f 242//242 241//241 250//250 
f 250//250 241//241 249//249 
f 324//324 320//320 242//242 
f 250//250 324//324 242//242 
f 243//243 325//325 333//333 
f 251//251 243//243 333//333 
f 244//244 326//326 243//243 
f 243//243 326//326 325//325 
f 323//323 245//245 249//249 
f 323//323 326//326 245//245 
f 326//326 244//244 245//245 
f 246//246 249//249 245//245 
f 250//250 249//249 246//246 
f 250//250 327//327 324//324 
f 250//250 246//246 327//327 
f 246//246 247//247 327//327 
f 248//248 328//328 247//247 
f 247//247 328//328 327//327 
f 252//252 253//253 329//329 
f 252//252 329//329 248//248 
f 248//248 329//329 328//328 
f 253//253 254//254 330//330 
f 329//329 253//253 330//330 
f 330//330 254//254 334//334 
f 251//251 333//333 255//255 
f 333//333 335//335 255//255 
f 253//253 256//256 261//261 
f 252//252 256//256 253//253 
f 254//254 253//253 262//262 
f 262//262 253//253 261//261 
f 336//336 334//334 254//254 
f 262//262 336//336 254//254 
f 255//255 335//335 263//263 
f 335//335 339//339 263//263 
f 256//256 257//257 261//261 
f 258//258 261//261 257//257 
f 262//262 261//261 258//258 
f 262//262 337//337 336//336 
f 262//262 258//258 337//337 
f 258//258 259//259 337//337 
f 260//260 338//338 259//259 
f 259//259 338//338 337//337 
f 338//338 260//260 264//264 
f 340//340 338//338 264//264 
f 263//263 339//339 265//265 
f 339//339 341//341 265//265 
f 264//264 266//266 340//340 
f 340//340 266//266 342//342 
f 265//265 341//341 269//269 
f 341//341 345//345 269//269 
f 266//266 343//343 342//342 
f 267//267 343//343 266//266 
f 268//268 344//344 267//267 
f 267//267 344//344 343//343 
f 344//344 268//268 270//270 
f 346//346 344//344 270//270 
f 269//269 345//345 271//271 
f 345//345 347//347 271//271 
f 270//270 272//272 346//346 
f 346//346 272//272 348//348 
f 271//271 347//347 273//273 
f 347//347 349//349 273//273 
f 272//272 274//274 348//348 
f 348//348 274//274 350//350 
f 273//273 349//349 275//275 
f 349//349 351//351 275//275 
f 274//274 276//276 350//350 
f 350//350 276//276 352//352 
f 275//275 351//351 279//279 
f 351//351 353//353 279//279 
f 281//281 276//276 277//277 
f 281//281 354//354 276//276 
f 354//354 352//352 276//276 
f 277//277 278//278 282//282 
f 281//281 277//277 282//282 
f 278//278 280//280 282//282 
f 279//279 353//353 283//283 
f 353//353 355//355 283//283 
f 287//287 354//354 281//281 
f 356//356 354//354 287//287 
f 282//282 288//288 281//281 
f 288//288 287//287 281//281 
f 280//280 284//284 288//288 
f 282//282 280//280 288//288 
f 283//283 355//355 357//357 
f 285//285 283//283 357//357 
f 286//286 285//285 358//358 
f 285//285 357//357 358//358 
f 358//358 289//289 286//286 
f 361//361 289//289 358//358 
f 287//287 359//359 356//356 
f 288//288 359//359 287//287 
f 360//360 359//359 288//288 
f 360//360 288//288 284//284 
f 360//360 284//284 362//362 
f 362//362 284//284 290//290 
f 289//289 361//361 291//291 
f 361//361 363//363 291//291 
f 290//290 292//292 362//362 
f 362//362 292//292 364//364 
f 291//291 363//363 295//295 
f 363//363 367//367 295//295 
f 293//293 368//368 365//365 
f 296//296 368//368 293//293 
f 294//294 293//293 366//366 
f 293//293 365//365 366//366 
f 364//364 292//292 294//294 
f 366//366 364//364 294//294 
f 295//295 367//367 297//297 
f 367//367 369//369 297//297 
f 296//296 298//298 368//368 
f 368//368 298//298 370//370 
f 297//297 369//369 371//371 
f 299//299 297//297 371//371 
f 300//300 299//299 372//372 
f 299//299 371//371 372//372 
f 372//372 301//301 300//300 
f 373//373 301//301 372//372 
f 298//298 302//302 370//370 
f 370//370 302//302 374//374 
f 301//301 373//373 303//303 
f 373//373 375//375 303//303 
f 302//302 304//304 374//374 
f 374//374 304//304 376//376 
f 303//303 375//375 377//377 
f 305//305 303//303 377//377 
f 306//306 305//305 378//378 
f 305//305 377//377 378//378 
f 378//378 309//309 306//306 
f 381//381 309//309 378//378 
f 307//307 382//382 379//379 
f 310//310 382//382 307//307 
f 308//308 307//307 380//380 
f 307//307 379//379 380//380 
f 376//376 304//304 308//308 
f 380//380 376//376 308//308 
f 309//309 381//381 311//311 
f 381//381 383//383 311//311 
f 310//310 312//312 382//382 
f 382//382 312//312 384//384 
f 311//311 383//383 385//385 
f 313//313 311//311 385//385 
f 314//314 313//313 386//386 
f 313//313 385//385 386//386 
f 315//315 314//314 387//387 
f 314//314 386//386 387//387 
f 316//316 315//315 388//388 
f 315//315 387//387 388//388 
f 384//384 312//312 316//316 
f 388//388 384//384 316//316 
f 317//317 389//389 393//393 
f 319//319 317//317 393//393 
f 318//318 390//390 317//317 
f 317//317 390//390 389//389 
f 320//320 321//321 391//391 
f 320//320 391//391 318//318 
f 318//318 391//391 390//390 
f 321//321 322//322 392//392 
f 391//391 321//321 392//392 
f 392//392 322//322 394//394 
f 319//319 393//393 323//323 
f 393//393 395//395 323//323 
f 321//321 324//324 331//331 
f 320//320 324//324 321//321 
f 322//322 321//321 332//332 
f 332//332 321//321 331//331 
f 396//396 394//394 322//322 
f 332//332 396//396 322//322 
f 325//325 397//397 401//401 
f 333//333 325//325 401//401 
f 326//326 398//398 325//325 
f 325//325 398//398 397//397 
f 395//395 326//326 323//323 
f 398//398 326//326 395//395 
f 324//324 327//327 331//331 
f 328//328 331//331 327//327 
f 332//332 331//331 328//328 
f 332//332 399//399 396//396 
f 332//332 328//328 399//399 
f 328//328 329//329 399//399 
f 330//330 400//400 329//329 
f 329//329 400//400 399//399 
f 400//400 330//330 334//334 
f 402//402 400//400 334//334 
f 333//333 401//401 335//335 
f 401//401 403//403 335//335 
f 334//334 336//336 402//402 
f 402//402 336//336 404//404 
f 335//335 403//403 339//339 
f 403//403 407//407 339//339 
f 336//336 405//405 404//404 
f 337//337 405//405 336//336 
f 338//338 406//406 337//337 
f 337//337 406//406 405//405 
f 406//406 338//338 340//340 
f 408//408 406//406 340//340 
f 339//339 407//407 341//341 
f 407//407 409//409 341//341 
f 340//340 342//342 408//408 
f 408//408 342//342 410//410 
f 341//341 409//409 345//345 
f 409//409 413//413 345//345 
f 342//342 411//411 410//410 
f 343//343 411//411 342//342 
f 344//344 412//412 343//343 
f 343//343 412//412 411//411 
f 412//412 344//344 346//346 
f 414//414 412//412 346//346 
f 345//345 413//413 347//347 
f 413//413 415//415 347//347 
f 346//346 348//348 414//414 
f 414//414 348//348 416//416 
f 347//347 415//415 349//349 
f 415//415 417//417 349//349 
f 348//348 350//350 416//416 
f 416//416 350//350 418//418 
f 349//349 417//417 351//351 
f 417//417 419//419 351//351 
f 350//350 352//352 418//418 
f 418//418 352//352 420//420 
f 351//351 419//419 353//353 
f 419//419 421//421 353//353 
f 352//352 354//354 420//420 
f 420//420 354//354 422//422 
f 353//353 421//421 355//355 
f 421//421 425//425 355//355 
f 354//354 356//356 422//422 
f 422//422 356//356 426//426 
f 355//355 425//425 427//427 
f 357//357 355//355 427//427 
f 358//358 357//357 428//428 
f 357//357 427//427 428//428 
f 428//428 361//361 358//358 
f 433//433 361//361 428//428 
f 356//356 429//429 426//426 
f 359//359 429//429 356//356 
f 360//360 430//430 359//359 
f 359//359 430//430 429//429 
f 430//430 360//360 362//362 
f 434//434 430//430 362//362 
f 361//361 433//433 363//363 
f 433//433 437//437 363//363 
f 362//362 364//364 434//434 
f 434//434 364//364 438//438 
f 363//363 437//437 367//367 
f 437//437 443//443 367//367 
f 365//365 444//444 439//439 
f 368//368 444//444 365//365 
f 366//366 365//365 440//440 
f 365//365 439//439 440//440 
f 438//438 364//364 366//366 
f 440//440 438//438 366//366 
f 367//367 443//443 369//369 
f 443//443 447//447 369//369 
f 368//368 370//370 444//444 
f 444//444 370//370 448//448 
f 369//369 447//447 449//449 
f 371//371 369//369 449//449 
f 372//372 371//371 450//450 
f 371//371 449//449 450//450 
f 450//450 373//373 372//372 
f 453//453 373//373 450//450 
f 370//370 374//374 448//448 
f 448//448 374//374 454//454 
f 373//373 453//453 375//375 
f 453//453 455//455 375//375 
f 374//374 376//376 454//454 
f 454//454 376//376 456//456 
f 375//375 455//455 457//457 
f 377//377 375//375 457//457 
f 378//378 377//377 458//458 
f 377//377 457//457 458//458 
f 458//458 381//381 378//378 
f 461//461 381//381 458//458 
f 379//379 462//462 459//459 
f 382//382 462//462 379//379 
f 380//380 379//379 460//460 
f 379//379 459//459 460//460 
f 456//456 376//376 380//380 
f 460//460 456//456 380//380 
f 381//381 461//461 383//383 
f 461//461 463//463 383//383 
f 382//382 384//384 462//462 
f 462//462 384//384 464//464 
f 383//383 463//463 465//465 
f 385//385 383//383 465//465 
f 386//386 385//385 466//466 
f 385//385 465//465 466//466 
f 387//387 386//386 467//467 
f 386//386 466//466 467//467 
f 388//388 387//387 468//468 
f 387//387 467//467 468//468 
f 464//464 384//384 388//388 
f 468//468 464//464 388//388 
f 389//389 469//469 473//473 
f 393//393 389//389 473//473 
f 390//390 470//470 389//389 
f 389//389 470//470 469//469 
f 391//391 471//471 390//390 
f 390//390 471//471 470//470 
f 392//392 472//472 391//391 
f 391//391 472//472 471//471 
f 472//472 392//392 394//394 
f 474//474 472//472 394//394 
f 393//393 473//473 395//395 
f 473//473 475//475 395//395 
f 394//394 396//396 474//474 
f 474//474 396//396 476//476 
f 397//397 477//477 481//481 
f 401//401 397//397 481//481 
f 398//398 478//478 397//397 
f 397//397 478//478 477//477 
f 475//475 398//398 395//395 
f 478//478 398//398 475//475 
f 396//396 479//479 476//476 
f 399//399 479//479 396//396 
f 400//400 480//480 399//399 
f 399//399 480//480 479//479 
f 480//480 400//400 402//402 
f 482//482 480//480 402//402 
f 401//401 481//481 403//403 
f 481//481 483//483 403//403 
f 402//402 404//404 482//482 
f 482//482 404//404 484//484 
f 403//403 483//483 407//407 
f 483//483 487//487 407//407 
f 404//404 485//485 484//484 
f 405//405 485//485 404//404 
f 406//406 486//486 405//405 
f 405//405 486//486 485//485 
f 486//486 406//406 408//408 
f 488//488 486//486 408//408 
f 407//407 487//487 409//409 
f 487//487 489//489 409//409 
f 408//408 410//410 488//488 
f 488//488 410//410 490//490 
f 409//409 489//489 413//413 
f 489//489 493//493 413//413 
f 410//410 491//491 490//490 
f 411//411 491//491 410//410 
f 412//412 492//492 411//411 
f 411//411 492//492 491//491 
f 492//492 412//412 414//414 
f 494//494 492//492 414//414 
f 413//413 493//493 415//415 
f 493//493 497//497 415//415 
f 414//414 416//416 494//494 
f 494//494 416//416 498//498 
f 415//415 497//497 417//417 
f 497//497 501//501 417//417 
f 416//416 418//418 498//498 
f 498//498 418//418 502//502 
f 417//417 501//501 419//419 
f 501//501 503//503 419//419 
f 418//418 420//420 502//502 
f 502//502 420//420 504//504 
f 419//419 503//503 421//421 
f 503//503 507//507 421//421 
f 505//505 422//422 423//423 
f 505//505 504//504 422//422 
f 504//504 420//420 422//422 
f 423//423 424//424 506//506 
f 505//505 423//423 506//506 
f 506//506 424//424 508//508 
f 421//421 507//507 425//425 
f 507//507 509//509 425//425 
f 423//423 426//426 431//431 
f 422//422 426//426 423//423 
f 424//424 423//423 432//432 
f 432//432 423//423 431//431 
f 510//510 508//508 424//424 
f 432//432 510//510 424//424 
f 435//435 427//427 425//425 
f 435//435 425//425 511//511 
f 511//511 425//425 509//509 
f 427//427 436//436 428//428 
f 435//435 436//436 427//427 
f 428//428 436//436 433//433 
f 426//426 429//429 431//431 
f 430//430 431//431 429//429 
f 432//432 431//431 430//430 
f 432//432 430//430 434//434 
f 432//432 434//434 510//510 
f 510//510 434//434 512//512 
f 441//441 435//435 511//511 
f 513//513 441//441 511//511 
f 436//436 435//435 442//442 
f 442//442 435//435 441//441 
f 433//433 442//442 437//437 
f 436//436 442//442 433//433 
f 434//434 438//438 512//512 
f 512//512 438//438 514//514 
f 441//441 513//513 515//515 
f 442//442 441//441 515//515 
f 516//516 442//442 515//515 
f 516//516 437//437 442//442 
f 516//516 517//517 437//437 
f 517//517 443//443 437//437 
f 439//439 444//444 445//445 
f 439//439 446//446 440//440 
f 445//445 446//446 439//439 
f 440//440 446//446 518//518 
f 440//440 518//518 438//438 
f 438//438 518//518 514//514 
f 443//443 517//517 447//447 
f 517//517 519//519 447//447 
f 445//445 448//448 451//451 
f 444//444 448//448 445//445 
f 446//446 445//445 452//452 
f 452//452 445//445 451//451 
f 520//520 518//518 446//446 
f 452//452 520//520 446//446 
f 447//447 519//519 521//521 
f 449//449 447//447 521//521 
f 450//450 449//449 522//522 
f 449//449 521//521 522//522 
f 522//522 453//453 450//450 
f 525//525 453//453 522//522 
f 451//451 526//526 523//523 
f 451//451 448//448 526//526 
f 448//448 454//454 526//526 
f 452//452 451//451 523//523 
f 524//524 452//452 523//523 
f 520//520 452//452 524//524 
f 453//453 525//525 455//455 
f 525//525 527//527 455//455 
f 454//454 456//456 526//526 
f 526//526 456//456 528//528 
f 455//455 527//527 529//529 
f 457//457 455//455 529//529 
f 458//458 457//457 530//530 
f 457//457 529//529 530//530 
f 530//530 461//461 458//458 
f 533//533 461//461 530//530 
f 459//459 534//534 531//531 
f 462//462 534//534 459//459 
f 460//460 459//459 532//532 
f 459//459 531//531 532//532 
f 528//528 456//456 460//460 
f 532//532 528//528 460//460 
f 461//461 533//533 463//463 
f 533//533 535//535 463//463 
f 462//462 464//464 534//534 
f 534//534 464//464 536//536 
f 463//463 535//535 537//537 
f 465//465 463//463 537//537 
f 466//466 465//465 538//538 
f 465//465 537//537 538//538 
f 467//467 466//466 539//539 
f 466//466 538//538 539//539 
f 468//468 467//467 540//540 
f 467//467 539//539 540//540 
f 536//536 464//464 468//468 
f 540//540 536//536 468//468 
f 469//469 541//541 545//545 
f 473//473 469//469 545//545 
f 470//470 542//542 469//469 
f 469//469 542//542 541//541 
f 471//471 543//543 470//470 
f 470//470 543//543 542//542 
f 472//472 544//544 471//471 
f 471//471 544//544 543//543 
f 544//544 472//472 474//474 
f 546//546 544//544 474//474 
f 473//473 545//545 475//475 
f 545//545 549//549 475//475 
f 474//474 476//476 546//546 
f 546//546 476//476 550//550 
f 477//477 551//551 557//557 
f 481//481 477//477 557//557 
f 478//478 552//552 477//477 
f 477//477 552//552 551//551 
f 549//549 478//478 475//475 
f 552//552 478//478 549//549 
f 476//476 553//553 550//550 
f 479//479 553//553 476//476 
f 480//480 554//554 479//479 
f 479//479 554//554 553//553 
f 554//554 480//480 482//482 
f 558//558 554//554 482//482 
f 481//481 557//557 483//483 
f 557//557 559//559 483//483 
f 482//482 484//484 558//558 
f 558//558 484//484 560//560 
f 483//483 559//559 487//487 
f 559//559 563//563 487//487 
f 484//484 561//561 560//560 
f 485//485 561//561 484//484 
f 486//486 562//562 485//485 
f 485//485 562//562 561//561 
f 562//562 486//486 488//488 
f 564//564 562//562 488//488 
f 487//487 563//563 489//489 
f 563//563 567//567 489//489 
f 488//488 490//490 564//564 
f 564//564 490//490 568//568 
f 495//495 569//569 575//575 
f 495//495 496//496 570//570 
f 569//569 495//495 570//570 
f 496//496 567//567 570//570 
f 496//496 493//493 567//567 
f 493//493 489//489 567//567 
f 490//490 571//571 568//568 
f 491//491 571//571 490//490 
f 492//492 572//572 491//491 
f 491//491 572//572 571//571 
f 572//572 492//492 494//494 
f 576//576 572//572 494//494 
f 499//499 495//495 575//575 
f 577//577 499//499 575//575 
f 496//496 495//495 500//500 
f 500//500 495//495 499//499 
f 493//493 500//500 497//497 
f 496//496 500//500 493//493 
f 494//494 498//498 576//576 
f 576//576 498//498 578//578 
f 499//499 577//577 579//579 
f 500//500 499//499 579//579 
f 580//580 500//500 579//579 
f 580//580 497//497 500//500 
f 580//580 581//581 497//497 
f 581//581 501//501 497//497 
f 498//498 502//502 578//578 
f 578//578 502//502 582//582 
f 501//501 581//581 503//503 
f 581//581 585//585 503//503 
f 502//502 504//504 582//582 
f 582//582 504//504 586//586 
f 503//503 585//585 507//507 
f 585//585 591//591 507//507 
f 504//504 587//587 586//586 
f 505//505 587//587 504//504 
f 506//506 588//588 505//505 
f 505//505 588//588 587//587 
f 588//588 506//506 508//508 
f 592//592 588//588 508//508 
f 507//507 591//591 509//509 
f 591//591 595//595 509//509 
f 508//508 510//510 592//592 
f 592//592 510//510 596//596 
f 509//509 595//595 511//511 
f 595//595 599//599 511//511 
f 510//510 512//512 596//596 
f 596//596 512//512 600//600 
f 511//511 599//599 513//513 
f 599//599 601//601 513//513 
f 512//512 514//514 600//600 
f 600//600 514//514 602//602 
f 513//513 601//601 603//603 
f 515//515 513//513 603//603 
f 516//516 515//515 604//604 
f 515//515 603//603 604//604 
f 604//604 517//517 516//516 
f 605//605 517//517 604//604 
f 514//514 518//518 602//602 
f 602//602 518//518 606//606 
f 517//517 605//605 519//519 
f 605//605 609//609 519//519 
f 518//518 520//520 606//606 
f 606//606 520//520 610//610 
f 519//519 609//609 611//611 
f 521//521 519//519 611//611 
f 522//522 521//521 612//612 
f 521//521 611//611 612//612 
f 612//612 525//525 522//522 
f 617//617 525//525 612//612 
f 523//523 618//618 613//613 
f 526//526 618//618 523//523 
f 524//524 523//523 614//614 
f 523//523 613//613 614//614 
f 610//610 520//520 524//524 
f 614//614 610//610 524//524 
f 525//525 617//617 527//527 
f 617//617 619//619 527//527 
f 526//526 528//528 618//618 
f 618//618 528//528 620//620 
f 527//527 619//619 621//621 
f 529//529 527//527 621//621 
f 530//530 529//529 622//622 
f 529//529 621//621 622//622 
f 622//622 533//533 530//530 
f 625//625 533//533 622//622 
f 531//531 626//626 623//623 
f 534//534 626//626 531//531 
f 532//532 531//531 624//624 
f 531//531 623//623 624//624 
f 620//620 528//528 532//532 
f 624//624 620//620 532//532 
f 533//533 625//625 535//535 
f 625//625 627//627 535//535 
f 534//534 536//536 626//626 
f 626//626 536//536 628//628 
f 535//535 627//627 629//629 
f 537//537 535//535 629//629 
f 538//538 537//537 630//630 
f 537//537 629//629 630//630 
f 539//539 538//538 631//631 
f 538//538 630//630 631//631 
f 540//540 539//539 632//632 
f 539//539 631//631 632//632 
f 628//628 536//536 540//540 
f 632//632 628//628 540//540 
f 541//541 633//633 635//635 
f 545//545 541//541 635//635 
f 542//542 634//634 541//541 
f 541//541 634//634 633//633 
f 547//547 636//636 634//634 
f 547//547 634//634 543//543 
f 543//543 634//634 542//542 
f 543//543 544//544 548//548 
f 547//547 543//543 548//548 
f 544//544 546//546 548//548 
f 545//545 635//635 549//549 
f 635//635 637//637 549//549 
f 555//555 636//636 547//547 
f 638//638 636//636 555//555 
f 548//548 556//556 547//547 
f 556//556 555//555 547//547 
f 546//546 550//550 556//556 
f 548//548 546//546 556//556 
f 551//551 639//639 645//645 
f 557//557 551//551 645//645 
f 552//552 640//640 551//551 
f 551//551 640//640 639//639 
f 637//637 552//552 549//549 
f 640//640 552//552 637//637 
f 555//555 641//641 638//638 
f 556//556 641//641 555//555 
f 642//642 641//641 556//556 
f 550//550 642//642 556//556 
f 550//550 553//553 642//642 
f 553//553 643//643 642//642 
f 554//554 644//644 553//553 
f 553//553 644//644 643//643 
f 644//644 554//554 558//558 
f 646//646 644//644 558//558 
f 557//557 645//645 559//559 
f 645//645 647//647 559//559 
f 558//558 560//560 646//646 
f 646//646 560//560 648//648 
f 565//565 649//649 653//653 
f 565//565 566//566 650//650 
f 649//649 565//565 650//650 
f 566//566 647//647 650//650 
f 566//566 563//563 647//647 
f 563//563 559//559 647//647 
f 560//560 651//651 648//648 
f 561//561 651//651 560//560 
f 562//562 652//652 561//561 
f 561//561 652//652 651//651 
f 652//652 562//562 564//564 
f 654//654 652//652 564//564 
f 573//573 565//565 653//653 
f 655//655 573//573 653//653 
f 566//566 565//565 574//574 
f 574//574 565//565 573//573 
f 563//563 574//574 567//567 
f 566//566 574//574 563//563 
f 564//564 568//568 654//654 
f 654//654 568//568 656//656 
f 569//569 573//573 655//655 
f 569//569 655//655 575//575 
f 575//575 655//655 659//659 
f 570//570 573//573 569//569 
f 574//574 573//573 570//570 
f 567//567 574//574 570//570 
f 568//568 657//657 656//656 
f 571//571 657//657 568//568 
f 572//572 658//658 571//571 
f 571//571 658//658 657//657 
f 658//658 572//572 576//576 
f 660//660 658//658 576//576 
f 575//575 659//659 577//577 
f 659//659 661//661 577//577 
f 576//576 578//578 660//660 
f 660//660 578//578 662//662 
f 583//583 579//579 577//577 
f 583//583 577//577 663//663 
f 663//663 577//577 661//661 
f 579//579 584//584 580//580 
f 583//583 584//584 579//579 
f 580//580 584//584 581//581 
f 578//578 582//582 662//662 
f 662//662 582//582 664//664 
f 589//589 583//583 663//663 
f 665//665 589//589 663//663 
f 584//584 583//583 590//590 
f 590//590 583//583 589//589 
f 581//581 590//590 585//585 
f 584//584 590//590 581//581 
f 582//582 586//586 664//664 
f 664//664 586//586 666//666 
f 589//589 665//665 667//667 
f 590//590 589//589 667//667 
f 668//668 590//590 667//667 
f 668//668 585//585 590//590 
f 668//668 669//669 585//585 
f 669//669 591//591 585//585 
f 593//593 586//586 587//587 
f 593//593 670//670 586//586 
f 670//670 666//666 586//586 
f 587//587 588//588 594//594 
f 593//593 587//587 594//594 
f 588//588 592//592 594//594 
f 591//591 669//669 595//595 
f 669//669 671//671 595//595 
f 597//597 670//670 593//593 
f 672//672 670//670 597//597 
f 594//594 598//598 593//593 
f 598//598 597//597 593//593 
f 592//592 596//596 598//598 
f 594//594 592//592 598//598 
f 595//595 671//671 599//599 
f 671//671 675//675 599//599 
f 597//597 673//673 672//672 
f 598//598 673//673 597//597 
f 674//674 673//673 598//598 
f 674//674 598//598 596//596 
f 674//674 596//596 676//676 
f 676//676 596//596 600//600 
f 599//599 675//675 601//601 
f 675//675 677//677 601//601 
f 600//600 602//602 676//676 
f 676//676 602//602 678//678 
f 601//601 677//677 679//679 
f 603//603 601//601 679//679 
f 604//604 603//603 680//680 
f 603//603 679//679 680//680 
f 680//680 605//605 604//604 
f 683//683 605//605 680//680 
f 607//607 684//684 681//681 
f 607//607 682//682 608//608 
f 681//681 682//682 607//607 
f 608//608 682//682 678//678 
f 608//608 678//678 606//606 
f 606//606 678//678 602//602 
f 605//605 683//683 609//609 
f 683//683 685//685 609//609 
f 615//615 684//684 607//607 
f 686//686 684//684 615//615 
f 608//608 616//616 607//607 
f 616//616 615//615 607//607 
f 606//606 610//610 616//616 
f 608//608 606//606 616//616 
f 609//609 685//685 687//687 
f 611//611 609//609 687//687 
f 612//612 611//611 688//688 
f 611//611 687//687 688//688 
f 688//688 617//617 612//612 
f 689//689 617//617 688//688 
f 613//613 686//686 615//615 
f 613//613 618//618 686//686 
f 618//618 690//690 686//686 
f 614//614 613//613 615//615 
f 616//616 614//614 615//615 
f 610//610 614//614 616//616 
f 617//617 689//689 619//619 
f 689//689 691//691 619//619 
f 618//618 620//620 690//690 
f 690//690 620//620 692//692 
f 619//619 691//691 693//693 
f 621//621 619//619 693//693 
f 622//622 621//621 694//694 
f 621//621 693//693 694//694 
f 694//694 625//625 622//622 
f 697//697 625//625 694//694 
f 623//623 698//698 695//695 
f 626//626 698//698 623//623 
f 624//624 623//623 696//696 
f 623//623 695//695 696//696 
f 692//692 620//620 624//624 
f 696//696 692//692 624//624 
f 625//625 697//697 627//627 
f 697//697 699//699 627//627 
f 626//626 628//628 698//698 
f 698//698 628//628 700//700 
f 627//627 699//699 701//701 
f 629//629 627//627 701//701 
f 630//630 629//629 702//702 
f 629//629 701//701 702//702 
f 631//631 630//630 703//703 
f 630//630 702//702 703//703 
f 632//632 631//631 704//704 
f 631//631 703//703 704//704 
f 700//700 628//628 632//632 
f 704//704 700//700 632//632 
f 633//633 705//705 707//707 
f 635//635 633//633 707//707 
f 634//634 706//706 633//633 
f 633//633 706//706 705//705 
f 706//706 634//634 636//636 
f 708//708 706//706 636//636 
f 635//635 707//707 637//637 
f 707//707 709//709 637//637 
f 636//636 638//638 708//708 
f 708//708 638//638 710//710 
f 639//639 711//711 717//717 
f 645//645 639//639 717//717 
f 640//640 712//712 639//639 
f 639//639 712//712 711//711 
f 709//709 640//640 637//637 
f 712//712 640//640 709//709 
f 638//638 713//713 710//710 
f 641//641 713//713 638//638 
f 642//642 714//714 641//641 
f 641//641 714//714 713//713 
f 643//643 715//715 642//642 
f 642//642 715//715 714//714 
f 644//644 716//716 643//643 
f 643//643 716//716 715//715 
f 716//716 644//644 646//646 
f 718//718 716//716 646//646 
f 645//645 717//717 647//647 
f 717//717 721//721 647//647 
f 646//646 648//648 718//718 
f 718//718 648//648 722//722 
f 649//649 723//723 729//729 
f 653//653 649//649 729//729 
f 650//650 724//724 649//649 
f 649//649 724//724 723//723 
f 721//721 650//650 647//647 
f 724//724 650//650 721//721 
f 648//648 725//725 722//722 
f 651//651 725//725 648//648 
f 652//652 726//726 651//651 
f 651//651 726//726 725//725 
f 726//726 652//652 654//654 
f 730//730 726//726 654//654 
f 653//653 729//729 655//655 
f 729//729 731//731 655//655 
f 654//654 656//656 730//730 
f 730//730 656//656 732//732 
f 655//655 731//731 659//659 
f 731//731 735//735 659//659 
f 656//656 733//733 732//732 
f 657//657 733//733 656//656 
f 658//658 734//734 657//657 
f 657//657 734//734 733//733 
f 734//734 658//658 660//660 
f 736//736 734//734 660//660 
f 659//659 735//735 661//661 
f 735//735 737//737 661//661 
f 660//660 662//662 736//736 
f 736//736 662//662 738//738 
f 661//661 737//737 663//663 
f 737//737 739//739 663//663 
f 662//662 664//664 738//738 
f 738//738 664//664 740//740 
f 663//663 739//739 665//665 
f 739//739 741//741 665//665 
f 664//664 666//666 740//740 
f 740//740 666//666 742//742 
f 665//665 741//741 743//743 
f 667//667 665//665 743//743 
f 668//668 667//667 744//744 
f 667//667 743//743 744//744 
f 744//744 669//669 668//668 
f 745//745 669//669 744//744 
f 666//666 670//670 742//742 
f 742//742 670//670 746//746 
f 669//669 745//745 671//671 
f 745//745 749//749 671//671 
f 670//670 672//672 746//746 
f 746//746 672//672 750//750 
f 671//671 749//749 675//675 
f 749//749 755//755 675//675 
f 672//672 751//751 750//750 
f 673//673 751//751 672//672 
f 674//674 752//752 673//673 
f 673//673 752//752 751//751 
f 752//752 674//674 676//676 
f 756//756 752//752 676//676 
f 675//675 755//755 677//677 
f 755//755 759//759 677//677 
f 676//676 678//678 756//756 
f 756//756 678//678 760//760 
f 677//677 759//759 761//761 
f 679//679 677//677 761//761 
f 680//680 679//679 762//762 
f 679//679 761//761 762//762 
f 762//762 683//683 680//680 
f 767//767 683//683 762//762 
f 681//681 768//768 763//763 
f 684//684 768//768 681//681 
f 682//682 681//681 764//764 
f 681//681 763//763 764//764 
f 760//760 678//678 682//682 
f 764//764 760//760 682//682 
f 683//683 767//767 685//685 
f 767//767 769//769 685//685 
f 684//684 686//686 768//768 
f 768//768 686//686 770//770 
f 685//685 769//769 771//771 
f 687//687 685//685 771//771 
f 688//688 687//687 772//772 
f 687//687 771//771 772//772 
f 772//772 689//689 688//688 
f 773//773 689//689 772//772 
f 686//686 690//690 770//770 
f 770//770 690//690 774//774 
f 689//689 773//773 691//691 
f 773//773 775//775 691//691 
f 690//690 692//692 774//774 
f 774//774 692//692 776//776 
f 691//691 775//775 777//777 
f 693//693 691//691 777//777 
f 694//694 693//693 778//778 
f 693//693 777//777 778//778 
f 778//778 697//697 694//694 
f 781//781 697//697 778//778 
f 695//695 782//782 779//779 
f 698//698 782//782 695//695 
f 696//696 695//695 780//780 
f 695//695 779//779 780//780 
f 776//776 692//692 696//696 
f 780//780 776//776 696//696 
f 697//697 781//781 699//699 
f 781//781 783//783 699//699 
f 698//698 700//700 782//782 
f 782//782 700//700 784//784 
f 699//699 783//783 785//785 
f 701//701 699//699 785//785 
f 702//702 701//701 786//786 
f 701//701 785//785 786//786 
f 703//703 702//702 787//787 
f 702//702 786//786 787//787 
f 704//704 703//703 788//788 
f 703//703 787//787 788//788 
f 784//784 700//700 704//704 
f 788//788 784//784 704//704 
f 705//705 789//789 791//791 
f 707//707 705//705 791//791 
f 706//706 790//790 705//705 
f 705//705 790//790 789//789 
f 790//790 706//706 708//708 
f 792//792 790//790 708//708 
f 707//707 791//791 709//709 
f 791//791 795//795 709//709 
f 708//708 710//710 792//792 
f 792//792 710//710 796//796 
f 719//719 797//797 807//807 
f 719//719 720//720 798//798 
f 797//797 719//719 798//798 
f 720//720 717//717 711//711 
f 720//720 711//711 798//798 
f 798//798 711//711 799//799 
f 712//712 800//800 711//711 
f 711//711 800//800 799//799 
f 795//795 712//712 709//709 
f 800//800 712//712 795//795 
f 710//710 801//801 796//796 
f 713//713 801//801 710//710 
f 714//714 802//802 713//713 
f 713//713 802//802 801//801 
f 715//715 803//803 714//714 
f 714//714 803//803 802//802 
f 716//716 804//804 715//715 
f 715//715 804//804 803//803 
f 804//804 716//716 718//718 
f 808//808 804//804 718//718 
f 727//727 719//719 807//807 
f 809//809 727//727 807//807 
f 720//720 719//719 728//728 
f 728//728 719//719 727//727 
f 717//717 728//728 721//721 
f 720//720 728//728 717//717 
f 718//718 722//722 808//808 
f 808//808 722//722 810//810 
f 723//723 727//727 809//809 
f 723//723 809//809 729//729 
f 729//729 809//809 813//813 
f 724//724 727//727 723//723 
f 728//728 727//727 724//724 
f 721//721 728//728 724//724 
f 722//722 811//811 810//810 
f 725//725 811//811 722//722 
f 726//726 812//812 725//725 
f 725//725 812//812 811//811 
f 812//812 726//726 730//730 
f 814//814 812//812 730//730 
f 729//729 813//813 731//731 
f 813//813 815//815 731//731 
f 730//730 732//732 814//814 
f 814//814 732//732 816//816 
f 731//731 815//815 735//735 
f 815//815 819//819 735//735 
f 732//732 817//817 816//816 
f 733//733 817//817 732//732 
f 734//734 818//818 733//733 
f 733//733 818//818 817//817 
f 818//818 734//734 736//736 
f 820//820 818//818 736//736 
f 735//735 819//819 737//737 
f 819//819 821//821 737//737 
f 736//736 738//738 820//820 
f 820//820 738//738 822//822 
f 737//737 821//821 739//739 
f 821//821 823//823 739//739 
f 738//738 740//740 822//822 
f 822//822 740//740 824//824 
f 739//739 823//823 741//741 
f 823//823 825//825 741//741 
f 740//740 742//742 824//824 
f 824//824 742//742 826//826 
f 747//747 743//743 741//741 
f 747//747 741//741 827//827 
f 827//827 741//741 825//825 
f 743//743 748//748 744//744 
f 747//747 748//748 743//743 
f 744//744 748//748 745//745 
f 742//742 746//746 826//826 
f 826//826 746//746 828//828 
f 753//753 747//747 827//827 
f 829//829 753//753 827//827 
f 748//748 747//747 754//754 
f 754//754 747//747 753//753 
f 745//745 754//754 749//749 
f 748//748 754//754 745//745 
f 746//746 750//750 828//828 
f 828//828 750//750 830//830 
f 753//753 829//829 831//831 
f 754//754 753//753 831//831 
f 832//832 754//754 831//831 
f 832//832 749//749 754//754 
f 832//832 833//833 749//749 
f 833//833 755//755 749//749 
f 757//757 750//750 751//751 
f 757//757 834//834 750//750 
f 834//834 830//830 750//750 
f 751//751 752//752 758//758 
f 757//757 751//751 758//758 
f 752//752 756//756 758//758 
f 755//755 833//833 759//759 
f 833//833 835//835 759//759 
f 765//765 834//834 757//757 
f 836//836 834//834 765//765 
f 758//758 766//766 757//757 
f 766//766 765//765 757//757 
f 756//756 760//760 766//766 
f 758//758 756//756 766//766 
f 759//759 835//835 837//837 
f 761//761 759//759 837//837 
f 762//762 761//761 838//838 
f 761//761 837//837 838//838 
f 838//838 767//767 762//762 
f 839//839 767//767 838//838 
f 763//763 836//836 765//765 
f 763//763 768//768 836//836 
f 768//768 840//840 836//836 
f 764//764 763//763 765//765 
f 766//766 764//764 765//765 
f 760//760 764//764 766//766 
f 767//767 839//839 769//769 
f 839//839 843//843 769//769 
f 768//768 770//770 840//840 
f 840//840 770//770 844//844 
f 769//769 843//843 845//845 
f 771//771 769//769 845//845 
f 772//772 771//771 846//846 
f 771//771 845//845 846//846 
f 846//846 773//773 772//772 
f 849//849 773//773 846//846 
f 770//770 774//774 844//844 
f 844//844 774//774 850//850 
f 773//773 849//849 775//775 
f 849//849 853//853 775//775 
f 774//774 776//776 850//850 
f 850//850 776//776 854//854 
f 775//775 853//853 855//855 
f 777//777 775//775 855//855 
f 778//778 777//777 856//856 
f 777//777 855//855 856//856 
f 856//856 781//781 778//778 
f 861//861 781//781 856//856 
f 779//779 862//862 857//857 
f 782//782 862//862 779//779 
f 780//780 779//779 858//858 
f 779//779 857//857 858//858 
f 854//854 776//776 780//780 
f 858//858 854//854 780//780 
f 781//781 861//861 783//783 
f 861//861 863//863 783//783 
f 782//782 784//784 862//862 
f 862//862 784//784 864//864 
f 783//783 863//863 865//865 
f 785//785 783//783 865//865 
f 786//786 785//785 866//866 
f 785//785 865//865 866//866 
f 787//787 786//786 867//867 
f 786//786 866//866 867//867 
f 788//788 787//787 868//868 
f 787//787 867//867 868//868 
f 864//864 784//784 788//788 
f 868//868 864//864 788//788 
f 793//793 869//869 873//873 
f 793//793 794//794 870//870 
f 869//869 793//793 870//870 
f 794//794 791//791 789//789 
f 794//794 789//789 870//870 
f 870//870 789//789 871//871 
f 790//790 872//872 789//789 
f 789//789 872//872 871//871 
f 872//872 790//790 792//792 
f 874//874 872//872 792//792 
f 805//805 793//793 873//873 
f 875//875 805//805 873//873 
f 794//794 793//793 806//806 
f 806//806 793//793 805//805 
f 791//791 806//806 795//795 
f 794//794 806//806 791//791 
f 792//792 796//796 874//874 
f 874//874 796//796 876//876 
f 797//797 877//877 883//883 
f 807//807 797//797 883//883 
f 798//798 878//878 797//797 
f 797//797 878//878 877//877 
f 875//875 799//799 805//805 
f 875//875 878//878 799//799 
f 878//878 798//798 799//799 
f 800//800 805//805 799//799 
f 806//806 805//805 800//800 
f 795//795 806//806 800//800 
f 796//796 879//879 876//876 
f 801//801 879//879 796//796 
f 802//802 880//880 801//801 
f 801//801 880//880 879//879 
f 803//803 881//881 802//802 
f 802//802 881//881 880//880 
f 804//804 882//882 803//803 
f 803//803 882//882 881//881 
f 882//882 804//804 808//808 
f 884//884 882//882 808//808 
f 807//807 883//883 809//809 
f 883//883 885//885 809//809 
f 808//808 810//810 884//884 
f 884//884 810//810 886//886 
f 809//809 885//885 813//813 
f 885//885 889//889 813//813 
f 810//810 887//887 886//886 
f 811//811 887//887 810//810 
f 812//812 888//888 811//811 
f 811//811 888//888 887//887 
f 888//888 812//812 814//814 
f 890//890 888//888 814//814 
f 813//813 889//889 815//815 
f 889//889 891//891 815//815 
f 814//814 816//816 890//890 
f 890//890 816//816 892//892 
f 815//815 891//891 819//819 
f 891//891 895//895 819//819 
f 816//816 893//893 892//892 
f 817//817 893//893 816//816 
f 818//818 894//894 817//817 
f 817//817 894//894 893//893 
f 894//894 818//818 820//820 
f 896//896 894//894 820//820 
f 819//819 895//895 821//821 
f 895//895 899//899 821//821 
f 820//820 822//822 896//896 
f 896//896 822//822 900//900 
f 821//821 899//899 823//823 
f 899//899 903//903 823//823 
f 822//822 824//824 900//900 
f 900//900 824//824 904//904 
f 823//823 903//903 825//825 
f 903//903 905//905 825//825 
f 824//824 826//826 904//904 
f 904//904 826//826 906//906 
f 825//825 905//905 827//827 
f 905//905 907//907 827//827 
f 826//826 828//828 906//906 
f 906//906 828//828 908//908 
f 827//827 907//907 829//829 
f 907//907 909//909 829//829 
f 828//828 830//830 908//908 
f 908//908 830//830 910//910 
f 829//829 909//909 911//911 
f 831//831 829//829 911//911 
f 832//832 831//831 912//912 
f 831//831 911//911 912//912 
f 912//912 833//833 832//832 
f 913//913 833//833 912//912 
f 830//830 834//834 910//910 
f 910//910 834//834 914//914 
f 833//833 913//913 835//835 
f 913//913 915//915 835//835 
f 834//834 836//836 914//914 
f 914//914 836//836 916//916 
f 841//841 837//837 835//835 
f 841//841 835//835 917//917 
f 917//917 835//835 915//915 
f 837//837 842//842 838//838 
f 841//841 842//842 837//837 
f 838//838 842//842 839//839 
f 836//836 840//840 916//916 
f 916//916 840//840 918//918 
f 847//847 841//841 917//917 
f 919//919 847//847 917//917 
f 842//842 841//841 848//848 
f 848//848 841//841 847//847 
f 839//839 848//848 843//843 
f 842//842 848//848 839//839 
f 840//840 844//844 918//918 
f 918//918 844//844 920//920 
f 847//847 919//919 921//921 
f 848//848 847//847 921//921 
f 922//922 848//848 921//921 
f 851//851 922//922 923//923 
f 845//845 922//922 851//851 
f 845//845 848//848 922//922 
f 845//845 843//843 848//848 
f 845//845 852//852 846//846 
f 851//851 852//852 845//845 
f 846//846 852//852 849//849 
f 844//844 850//850 920//920 
f 920//920 850//850 924//924 
f 859//859 851//851 923//923 
f 925//925 859//859 923//923 
f 852//852 851//851 860//860 
f 860//860 851//851 859//859 
f 849//849 860//860 853//853 
f 852//852 860//860 849//849 
f 850//850 854//854 924//924 
f 924//924 854//854 926//926 
f 859//859 925//925 927//927 
f 860//860 859//859 927//927 
f 928//928 860//860 927//927 
f 853//853 860//860 928//928 
f 853//853 928//928 855//855 
f 855//855 928//928 929//929 
f 856//856 855//855 930//930 
f 855//855 929//929 930//930 
f 930//930 861//861 856//856 
f 933//933 861//861 930//930 
f 857//857 934//934 931//931 
f 862//862 934//934 857//857 
f 858//858 857//857 932//932 
f 857//857 931//931 932//932 
f 926//926 854//854 858//858 
f 932//932 926//926 858//858 
f 861//861 933//933 863//863 
f 933//933 937//937 863//863 
f 862//862 864//864 934//934 
f 934//934 864//864 938//938 
f 863//863 937//937 939//939 
f 865//865 863//863 939//939 
f 866//866 865//865 940//940 
f 865//865 939//939 940//940 
f 867//867 866//866 941//941 
f 866//866 940//940 941//941 
f 868//868 867//867 942//942 
f 867//867 941//941 942//942 
f 938//938 864//864 868//868 
f 942//942 938//938 868//868 
f 869//869 945//945 949//949 
f 873//873 869//869 949//949 
f 870//870 946//946 869//869 
f 869//869 946//946 945//945 
f 871//871 947//947 870//870 
f 870//870 947//947 946//946 
f 872//872 948//948 871//871 
f 871//871 948//948 947//947 
f 948//948 872//872 874//874 
f 950//950 948//948 874//874 
f 873//873 949//949 875//875 
f 949//949 951//951 875//875 
f 874//874 876//876 950//950 
f 950//950 876//876 952//952 
f 877//877 953//953 959//959 
f 883//883 877//877 959//959 
f 878//878 954//954 877//877 
f 877//877 954//954 953//953 
f 951//951 878//878 875//875 
f 954//954 878//878 951//951 
f 876//876 955//955 952//952 
f 879//879 955//955 876//876 
f 880//880 956//956 879//879 
f 879//879 956//956 955//955 
f 881//881 957//957 880//880 
f 880//880 957//957 956//956 
f 882//882 958//958 881//881 
f 881//881 958//958 957//957 
f 958//958 882//882 884//884 
f 960//960 958//958 884//884 
f 883//883 959//959 885//885 
f 959//959 961//961 885//885 
f 884//884 886//886 960//960 
f 960//960 886//886 962//962 
f 885//885 961//961 889//889 
f 961//961 965//965 889//889 
f 886//886 963//963 962//962 
f 887//887 963//963 886//886 
f 888//888 964//964 887//887 
f 887//887 964//964 963//963 
f 964//964 888//888 890//890 
f 966//966 964//964 890//890 
f 889//889 965//965 891//891 
f 965//965 969//969 891//891 
f 890//890 892//892 966//966 
f 966//966 892//892 970//970 
f 891//891 969//969 895//895 
f 969//969 973//973 895//895 
f 897//897 892//892 893//893 
f 897//897 974//974 892//892 
f 974//974 970//970 892//892 
f 893//893 894//894 898//898 
f 897//897 893//893 898//898 
f 894//894 896//896 898//898 
f 895//895 973//973 899//899 
f 973//973 977//977 899//899 
f 901//901 974//974 897//897 
f 978//978 974//974 901//901 
f 898//898 902//902 897//897 
f 902//902 901//901 897//897 
f 896//896 900//900 902//902 
f 898//898 896//896 902//902 
f 899//899 977//977 903//903 
f 977//977 983//983 903//903 
f 901//901 979//979 978//978 
f 902//902 979//979 901//901 
f 980//980 979//979 902//902 
f 980//980 902//902 900//900 
f 980//980 900//900 984//984 
f 984//984 900//900 904//904 
f 903//903 983//983 905//905 
f 983//983 985//985 905//905 
f 904//904 906//906 984//984 
f 984//984 906//906 986//986 
f 905//905 985//985 907//907 
f 985//985 987//987 907//907 
f 906//906 908//908 986//986 
f 986//986 908//908 988//988 
f 907//907 987//987 909//909 
f 987//987 989//989 909//909 
f 908//908 910//910 988//988 
f 988//988 910//910 990//990 
f 909//909 989//989 991//991 
f 911//911 909//909 991//991 
f 912//912 911//911 992//992 
f 911//911 991//991 992//992 
f 992//992 913//913 912//912 
f 993//993 913//913 992//992 
f 910//910 914//914 990//990 
f 990//990 914//914 994//994 
f 913//913 993//993 915//915 
f 993//993 997//997 915//915 
f 914//914 916//916 994//994 
f 994//994 916//916 998//998 
f 915//915 997//997 917//917 
f 997//997 1001//1001 917//917 
f 916//916 918//918 998//998 
f 998//998 918//918 1002//1002 
f 917//917 1001//1001 919//919 
f 1001//1001 1003//1003 919//919 
f 918//918 920//920 1002//1002 
f 1002//1002 920//920 1004//1004 
f 919//919 1003//1003 1005//1005 
f 921//921 919//919 1005//1005 
f 922//922 921//921 1006//1006 
f 921//921 1005//1005 1006//1006 
f 1006//1006 923//923 922//922 
f 1007//1007 923//923 1006//1006 
f 920//920 924//924 1004//1004 
f 1004//1004 924//924 1008//1008 
f 923//923 1007//1007 925//925 
f 1007//1007 1009//1009 925//925 
f 924//924 926//926 1008//1008 
f 1008//1008 926//926 1010//1010 
f 925//925 1009//1009 1011//1011 
f 927//927 925//925 1011//1011 
f 928//928 927//927 1012//1012 
f 927//927 1011//1011 1012//1012 
f 929//929 928//928 1013//1013 
f 928//928 1012//1012 1013//1013 
f 930//930 929//929 1014//1014 
f 929//929 1013//1013 1014//1014 
f 933//933 1015//1015 935//935 
f 933//933 930//930 1015//1015 
f 930//930 1014//1014 1015//1015 
f 935//935 1016//1016 936//936 
f 1015//1015 1016//1016 935//935 
f 1016//1016 1019//1019 936//936 
f 931//931 1020//1020 1017//1017 
f 934//934 1020//1020 931//931 
f 932//932 931//931 1018//1018 
f 931//931 1017//1017 1018//1018 
f 1010//1010 926//926 932//932 
f 1018//1018 1010//1010 932//932 
f 935//935 943//943 937//937 
f 933//933 935//935 937//937 
f 936//936 944//944 935//935 
f 944//944 943//943 935//935 
f 1023//1023 936//936 1019//1019 
f 944//944 936//936 1023//1023 
f 934//934 938//938 1020//1020 
f 1020//1020 938//938 1024//1024 
f 937//937 943//943 939//939 
f 940//940 939//939 943//943 
f 944//944 940//940 943//943 
f 944//944 1023//1023 1025//1025 
f 944//944 1025//1025 940//940 
f 940//940 1025//1025 941//941 
f 942//942 941//941 1026//1026 
f 941//941 1025//1025 1026//1026 
f 1024//1024 938//938 942//942 
f 1026//1026 1024//1024 942//942 
f 945//945 1029//1029 1033//1033 
f 949//949 945//945 1033//1033 
f 946//946 1030//1030 945//945 
f 945//945 1030//1030 1029//1029 
f 947//947 1031//1031 946//946 
f 946//946 1031//1031 1030//1030 
f 948//948 1032//1032 947//947 
f 947//947 1032//1032 1031//1031 
f 1032//1032 948//948 950//950 
f 1034//1034 1032//1032 950//950 
f 949//949 1033//1033 951//951 
f 1033//1033 1035//1035 951//951 
f 950//950 952//952 1034//1034 
f 1034//1034 952//952 1036//1036 
f 953//953 1037//1037 1043//1043 
f 959//959 953//953 1043//1043 
f 954//954 1038//1038 953//953 
f 953//953 1038//1038 1037//1037 
f 1035//1035 954//954 951//951 
f 1038//1038 954//954 1035//1035 
f 952//952 1039//1039 1036//1036 
f 955//955 1039//1039 952//952 
f 956//956 1040//1040 955//955 
f 955//955 1040//1040 1039//1039 
f 957//957 1041//1041 956//956 
f 956//956 1041//1041 1040//1040 
f 958//958 1042//1042 957//957 
f 957//957 1042//1042 1041//1041 
f 1042//1042 958//958 960//960 
f 1044//1044 1042//1042 960//960 
f 959//959 1043//1043 961//961 
f 1043//1043 1047//1047 961//961 
f 960//960 962//962 1044//1044 
f 1044//1044 962//962 1048//1048 
f 967//967 1049//1049 1055//1055 
f 967//967 968//968 1050//1050 
f 1049//1049 967//967 1050//1050 
f 968//968 1047//1047 1050//1050 
f 968//968 965//965 1047//1047 
f 965//965 961//961 1047//1047 
f 962//962 1051//1051 1048//1048 
f 963//963 1051//1051 962//962 
f 964//964 1052//1052 963//963 
f 963//963 1052//1052 1051//1051 
f 1052//1052 964//964 966//966 
f 1056//1056 1052//1052 966//966 
f 971//971 967//967 1055//1055 
f 1057//1057 971//971 1055//1055 
f 968//968 967//967 972//972 
f 972//972 967//967 971//971 
f 965//965 972//972 969//969 
f 968//968 972//972 965//965 
f 966//966 970//970 1056//1056 
f 1056//1056 970//970 1058//1058 
f 975//975 971//971 1057//1057 
f 1059//1059 975//975 1057//1057 
f 972//972 971//971 976//976 
f 976//976 971//971 975//975 
f 969//969 976//976 973//973 
f 972//972 976//976 969//969 
f 970//970 974//974 1058//1058 
f 1058//1058 974//974 1060//1060 
f 981//981 975//975 1059//1059 
f 1061//1061 981//981 1059//1059 
f 976//976 975//975 982//982 
f 982//982 975//975 981//981 
f 973//973 982//982 977//977 
f 976//976 982//982 973//973 
f 974//974 978//978 1060//1060 
f 1060//1060 978//978 1062//1062 
f 981//981 1061//1061 1063//1063 
f 982//982 981//981 1063//1063 
f 1064//1064 982//982 1063//1063 
f 1064//1064 977//977 982//982 
f 1064//1064 1067//1067 977//977 
f 1067//1067 983//983 977//977 
f 978//978 1065//1065 1062//1062 
f 979//979 1065//1065 978//978 
f 980//980 1066//1066 979//979 
f 979//979 1066//1066 1065//1065 
f 1066//1066 980//980 984//984 
f 1068//1068 1066//1066 984//984 
f 983//983 1067//1067 985//985 
f 1067//1067 1071//1071 985//985 
f 984//984 986//986 1068//1068 
f 1068//1068 986//986 1072//1072 
f 985//985 1071//1071 987//987 
f 1071//1071 1075//1075 987//987 
f 986//986 988//988 1072//1072 
f 1072//1072 988//988 1076//1076 
f 987//987 1075//1075 989//989 
f 1075//1075 1077//1077 989//989 
f 988//988 990//990 1076//1076 
f 1076//1076 990//990 1078//1078 
f 995//995 991//991 989//989 
f 995//995 989//989 1079//1079 
f 1079//1079 989//989 1077//1077 
f 991//991 996//996 992//992 
f 995//995 996//996 991//991 
f 992//992 996//996 993//993 
f 990//990 994//994 1078//1078 
f 1078//1078 994//994 1080//1080 
f 999//999 995//995 1079//1079 
f 1081//1081 999//999 1079//1079 
f 996//996 995//995 1000//1000 
f 1000//1000 995//995 999//999 
f 993//993 1000//1000 997//997 
f 996//996 1000//1000 993//993 
f 994//994 998//998 1080//1080 
f 1080//1080 998//998 1082//1082 
f 999//999 1081//1081 1083//1083 
f 1000//1000 999//999 1083//1083 
f 1084//1084 1000//1000 1083//1083 
f 1084//1084 997//997 1000//1000 
f 1084//1084 1085//1085 997//997 
f 1085//1085 1001//1001 997//997 
f 998//998 1002//1002 1082//1082 
f 1082//1082 1002//1002 1086//1086 
f 1001//1001 1085//1085 1003//1003 
f 1085//1085 1087//1087 1003//1003 
f 1002//1002 1004//1004 1086//1086 
f 1086//1086 1004//1004 1088//1088 
f 1003//1003 1087//1087 1089//1089 
f 1005//1005 1003//1003 1089//1089 
f 1006//1006 1005//1005 1090//1090 
f 1005//1005 1089//1089 1090//1090 
f 1090//1090 1007//1007 1006//1006 
f 1091//1091 1007//1007 1090//1090 
f 1004//1004 1008//1008 1088//1088 
f 1088//1088 1008//1008 1092//1092 
f 1007//1007 1091//1091 1009//1009 
f 1091//1091 1093//1093 1009//1009 
f 1008//1008 1010//1010 1092//1092 
f 1092//1092 1010//1010 1094//1094 
f 1009//1009 1093//1093 1095//1095 
f 1011//1011 1009//1009 1095//1095 
f 1012//1012 1011//1011 1096//1096 
f 1011//1011 1095//1095 1096//1096 
f 1013//1013 1012//1012 1097//1097 
f 1012//1012 1096//1096 1097//1097 
f 1014//1014 1013//1013 1098//1098 
f 1013//1013 1097//1097 1098//1098 
f 1021//1021 1098//1098 1101//1101 
f 1021//1021 1015//1015 1098//1098 
f 1015//1015 1014//1014 1098//1098 
f 1015//1015 1022//1022 1016//1016 
f 1021//1021 1022//1022 1015//1015 
f 1016//1016 1022//1022 1019//1019 
f 1017//1017 1102//1102 1099//1099 
f 1020//1020 1102//1102 1017//1017 
f 1018//1018 1017//1017 1100//1100 
f 1017//1017 1099//1099 1100//1100 
f 1094//1094 1010//1010 1018//1018 
f 1100//1100 1094//1094 1018//1018 
f 1027//1027 1021//1021 1101//1101 
f 1103//1103 1027//1027 1101//1101 
f 1022//1022 1021//1021 1028//1028 
f 1028//1028 1021//1021 1027//1027 
f 1019//1019 1028//1028 1023//1023 
f 1022//1022 1028//1028 1019//1019 
f 1020//1020 1024//1024 1102//1102 
f 1102//1102 1024//1024 1104//1104 
f 1027//1027 1103//1103 1105//1105 
f 1028//1028 1027//1027 1105//1105 
f 1106//1106 1028//1028 1105//1105 
f 1023//1023 1028//1028 1106//1106 
f 1023//1023 1106//1106 1025//1025 
f 1025//1025 1106//1106 1107//1107 
f 1026//1026 1025//1025 1108//1108 
f 1025//1025 1107//1107 1108//1108 
f 1104//1104 1024//1024 1026//1026 
f 1108//1108 1104//1104 1026//1026 
f 1029//1029 1109//1109 1113//1113 
f 1033//1033 1029//1029 1113//1113 
f 1030//1030 1110//1110 1029//1029 
f 1029//1029 1110//1110 1109//1109 
f 1031//1031 1111//1111 1030//1030 
f 1030//1030 1111//1111 1110//1110 
f 1032//1032 1112//1112 1031//1031 
f 1031//1031 1112//1112 1111//1111 
f 1112//1112 1032//1032 1034//1034 
f 1114//1114 1112//1112 1034//1034 
f 1033//1033 1113//1113 1035//1035 
f 1113//1113 1115//1115 1035//1035 
f 1034//1034 1036//1036 1114//1114 
f 1114//1114 1036//1036 1116//1116 
f 1045//1045 1117//1117 1125//1125 
f 1045//1045 1046//1046 1118//1118 
f 1117//1117 1045//1045 1118//1118 
f 1046//1046 1043//1043 1037//1037 
f 1046//1046 1037//1037 1118//1118 
f 1118//1118 1037//1037 1119//1119 
f 1038//1038 1120//1120 1037//1037 
f 1037//1037 1120//1120 1119//1119 
f 1115//1115 1038//1038 1035//1035 
f 1120//1120 1038//1038 1115//1115 
f 1036//1036 1121//1121 1116//1116 
f 1039//1039 1121//1121 1036//1036 
f 1040//1040 1122//1122 1039//1039 
f 1039//1039 1122//1122 1121//1121 
f 1041//1041 1123//1123 1040//1040 
f 1040//1040 1123//1123 1122//1122 
f 1042//1042 1124//1124 1041//1041 
f 1041//1041 1124//1124 1123//1123 
f 1124//1124 1042//1042 1044//1044 
f 1126//1126 1124//1124 1044//1044 
f 1053//1053 1045//1045 1125//1125 
f 1127//1127 1053//1053 1125//1125 
f 1046//1046 1045//1045 1054//1054 
f 1054//1054 1045//1045 1053//1053 
f 1043//1043 1054//1054 1047//1047 
f 1046//1046 1054//1054 1043//1043 
f 1044//1044 1048//1048 1126//1126 
f 1126//1126 1048//1048 1128//1128 
f 1049//1049 1053//1053 1127//1127 
f 1049//1049 1127//1127 1055//1055 
f 1055//1055 1127//1127 1131//1131 
f 1050//1050 1053//1053 1049//1049 
f 1054//1054 1053//1053 1050//1050 
f 1047//1047 1054//1054 1050//1050 
f 1048//1048 1129//1129 1128//1128 
f 1051//1051 1129//1129 1048//1048 
f 1052//1052 1130//1130 1051//1051 
f 1051//1051 1130//1130 1129//1129 
f 1130//1130 1052//1052 1056//1056 
f 1132//1132 1130//1130 1056//1056 
f 1055//1055 1131//1131 1057//1057 
f 1131//1131 1133//1133 1057//1057 
f 1056//1056 1058//1058 1132//1132 
f 1132//1132 1058//1058 1134//1134 
f 1057//1057 1133//1133 1059//1059 
f 1133//1133 1135//1135 1059//1059 
f 1058//1058 1060//1060 1134//1134 
f 1134//1134 1060//1060 1136//1136 
f 1059//1059 1135//1135 1061//1061 
f 1135//1135 1137//1137 1061//1061 
f 1060//1060 1062//1062 1136//1136 
f 1136//1136 1062//1062 1138//1138 
f 1069//1069 1063//1063 1061//1061 
f 1069//1069 1061//1061 1141//1141 
f 1141//1141 1061//1061 1137//1137 
f 1063//1063 1070//1070 1064//1064 
f 1069//1069 1070//1070 1063//1063 
f 1064//1064 1070//1070 1067//1067 
f 1062//1062 1139//1139 1138//1138 
f 1065//1065 1139//1139 1062//1062 
f 1066//1066 1140//1140 1065//1065 
f 1065//1065 1140//1140 1139//1139 
f 1140//1140 1066//1066 1068//1068 
f 1142//1142 1140//1140 1068//1068 
f 1073//1073 1069//1069 1141//1141 
f 1143//1143 1073//1073 1141//1141 
f 1070//1070 1069//1069 1074//1074 
f 1074//1074 1069//1069 1073//1073 
f 1067//1067 1074//1074 1071//1071 
f 1070//1070 1074//1074 1067//1067 
f 1068//1068 1072//1072 1142//1142 
f 1142//1142 1072//1072 1144//1144 
f 1073//1073 1143//1143 1145//1145 
f 1074//1074 1073//1073 1145//1145 
f 1146//1146 1074//1074 1145//1145 
f 1146//1146 1071//1071 1074//1074 
f 1146//1146 1147//1147 1071//1071 
f 1147//1147 1075//1075 1071//1071 
f 1072//1072 1076//1076 1144//1144 
f 1144//1144 1076//1076 1148//1148 
f 1075//1075 1147//1147 1077//1077 
f 1147//1147 1149//1149 1077//1077 
f 1076//1076 1078//1078 1148//1148 
f 1148//1148 1078//1078 1150//1150 
f 1077//1077 1149//1149 1079//1079 
f 1149//1149 1151//1151 1079//1079 
f 1078//1078 1080//1080 1150//1150 
f 1150//1150 1080//1080 1152//1152 
f 1079//1079 1151//1151 1081//1081 
f 1151//1151 1153//1153 1081//1081 
f 1080//1080 1082//1082 1152//1152 
f 1152//1152 1082//1082 1154//1154 
f 1081//1081 1153//1153 1155//1155 
f 1083//1083 1081//1081 1155//1155 
f 1084//1084 1083//1083 1156//1156 
f 1083//1083 1155//1155 1156//1156 
f 1156//1156 1085//1085 1084//1084 
f 1157//1157 1085//1085 1156//1156 
f 1082//1082 1086//1086 1154//1154 
f 1154//1154 1086//1086 1158//1158 
f 1085//1085 1157//1157 1087//1087 
f 1157//1157 1159//1159 1087//1087 
f 1086//1086 1088//1088 1158//1158 
f 1158//1158 1088//1088 1160//1160 
f 1087//1087 1159//1159 1161//1161 
f 1089//1089 1087//1087 1161//1161 
f 1090//1090 1089//1089 1162//1162 
f 1089//1089 1161//1161 1162//1162 
f 1162//1162 1091//1091 1090//1090 
f 1163//1163 1091//1091 1162//1162 
f 1088//1088 1092//1092 1160//1160 
f 1160//1160 1092//1092 1164//1164 
f 1091//1091 1163//1163 1093//1093 
f 1163//1163 1165//1165 1093//1093 
f 1092//1092 1094//1094 1164//1164 
f 1164//1164 1094//1094 1166//1166 
f 1093//1093 1165//1165 1167//1167 
f 1095//1095 1093//1093 1167//1167 
f 1096//1096 1095//1095 1168//1168 
f 1095//1095 1167//1167 1168//1168 
f 1097//1097 1096//1096 1169//1169 
f 1096//1096 1168//1168 1169//1169 
f 1098//1098 1097//1097 1170//1170 
f 1097//1097 1169//1169 1170//1170 
f 1170//1170 1101//1101 1098//1098 
f 1173//1173 1101//1101 1170//1170 
f 1099//1099 1174//1174 1171//1171 
f 1102//1102 1174//1174 1099//1099 
f 1100//1100 1099//1099 1172//1172 
f 1099//1099 1171//1171 1172//1172 
f 1166//1166 1094//1094 1100//1100 
f 1172//1172 1166//1166 1100//1100 
f 1101//1101 1173//1173 1103//1103 
f 1173//1173 1175//1175 1103//1103 
f 1102//1102 1104//1104 1174//1174 
f 1174//1174 1104//1104 1176//1176 
f 1103//1103 1175//1175 1177//1177 
f 1105//1105 1103//1103 1177//1177 
f 1106//1106 1105//1105 1178//1178 
f 1105//1105 1177//1177 1178//1178 
f 1107//1107 1106//1106 1179//1179 
f 1106//1106 1178//1178 1179//1179 
f 1108//1108 1107//1107 1180//1180 
f 1107//1107 1179//1179 1180//1180 
f 1176//1176 1104//1104 1108//1108 
f 1180//1180 1176//1176 1108//1108 
f 1109//1109 1181//1181 1185//1185 
f 1113//1113 1109//1109 1185//1185 
f 1110//1110 1182//1182 1109//1109 
f 1109//1109 1182//1182 1181//1181 
f 1111//1111 1183//1183 1110//1110 
f 1110//1110 1183//1183 1182//1182 
f 1112//1112 1184//1184 1111//1111 
f 1111//1111 1184//1184 1183//1183 
f 1184//1184 1112//1112 1114//1114 
f 1186//1186 1184//1184 1114//1114 
f 1113//1113 1185//1185 1115//1115 
f 1185//1185 1189//1189 1115//1115 
f 1114//1114 1116//1116 1186//1186 
f 1186//1186 1116//1116 1190//1190 
f 1117//1117 1191//1191 1201//1201 
f 1125//1125 1117//1117 1201//1201 
f 1118//1118 1192//1192 1117//1117 
f 1117//1117 1192//1192 1191//1191 
f 1119//1119 1193//1193 1118//1118 
f 1118//1118 1193//1193 1192//1192 
f 1120//1120 1194//1194 1119//1119 
f 1119//1119 1194//1194 1193//1193 
f 1189//1189 1120//1120 1115//1115 
f 1194//1194 1120//1120 1189//1189 
f 1116//1116 1195//1195 1190//1190 
f 1121//1121 1195//1195 1116//1116 
f 1122//1122 1196//1196 1121//1121 
f 1121//1121 1196//1196 1195//1195 
f 1123//1123 1197//1197 1122//1122 
f 1122//1122 1197//1197 1196//1196 
f 1124//1124 1198//1198 1123//1123 
f 1123//1123 1198//1198 1197//1197 
f 1198//1198 1124//1124 1126//1126 
f 1202//1202 1198//1198 1126//1126 
f 1125//1125 1201//1201 1127//1127 
f 1201//1201 1203//1203 1127//1127 
f 1126//1126 1128//1128 1202//1202 
f 1202//1202 1128//1128 1204//1204 
f 1127//1127 1203//1203 1131//1131 
f 1203//1203 1207//1207 1131//1131 
f 1128//1128 1205//1205 1204//1204 
f 1129//1129 1205//1205 1128//1128 
f 1130//1130 1206//1206 1129//1129 
f 1129//1129 1206//1206 1205//1205 
f 1206//1206 1130//1130 1132//1132 
f 1208//1208 1206//1206 1132//1132 
f 1131//1131 1207//1207 1133//1133 
f 1207//1207 1209//1209 1133//1133 
f 1132//1132 1134//1134 1208//1208 
f 1208//1208 1134//1134 1210//1210 
f 1133//1133 1209//1209 1135//1135 
f 1209//1209 1211//1211 1135//1135 
f 1134//1134 1136//1136 1210//1210 
f 1210//1210 1136//1136 1212//1212 
f 1135//1135 1211//1211 1137//1137 
f 1211//1211 1213//1213 1137//1137 
f 1136//1136 1138//1138 1212//1212 
f 1212//1212 1138//1138 1214//1214 
f 1137//1137 1213//1213 1141//1141 
f 1213//1213 1217//1217 1141//1141 
f 1138//1138 1215//1215 1214//1214 
f 1139//1139 1215//1215 1138//1138 
f 1140//1140 1216//1216 1139//1139 
f 1139//1139 1216//1216 1215//1215 
f 1216//1216 1140//1140 1142//1142 
f 1218//1218 1216//1216 1142//1142 
f 1141//1141 1217//1217 1143//1143 
f 1217//1217 1219//1219 1143//1143 
f 1142//1142 1144//1144 1218//1218 
f 1218//1218 1144//1144 1220//1220 
f 1143//1143 1219//1219 1221//1221 
f 1145//1145 1143//1143 1221//1221 
f 1146//1146 1145//1145 1222//1222 
f 1145//1145 1221//1221 1222//1222 
f 1222//1222 1147//1147 1146//1146 
f 1223//1223 1147//1147 1222//1222 
f 1144//1144 1148//1148 1220//1220 
f 1220//1220 1148//1148 1224//1224 
f 1147//1147 1223//1223 1149//1149 
f 1223//1223 1227//1227 1149//1149 
f 1148//1148 1150//1150 1224//1224 
f 1224//1224 1150//1150 1228//1228 
f 1149//1149 1227//1227 1151//1151 
f 1227//1227 1231//1231 1151//1151 
f 1150//1150 1152//1152 1228//1228 
f 1228//1228 1152//1152 1232//1232 
f 1151//1151 1231//1231 1153//1153 
f 1231//1231 1233//1233 1153//1153 
f 1152//1152 1154//1154 1232//1232 
f 1232//1232 1154//1154 1234//1234 
f 1153//1153 1233//1233 1235//1235 
f 1155//1155 1153//1153 1235//1235 
f 1156//1156 1155//1155 1236//1236 
f 1155//1155 1235//1235 1236//1236 
f 1236//1236 1157//1157 1156//1156 
f 1237//1237 1157//1157 1236//1236 
f 1154//1154 1158//1158 1234//1234 
f 1234//1234 1158//1158 1238//1238 
f 1157//1157 1237//1237 1159//1159 
f 1237//1237 1239//1239 1159//1159 
f 1158//1158 1160//1160 1238//1238 
f 1238//1238 1160//1160 1240//1240 
f 1159//1159 1239//1239 1241//1241 
f 1161//1161 1159//1159 1241//1241 
f 1162//1162 1161//1161 1242//1242 
f 1161//1161 1241//1241 1242//1242 
f 1242//1242 1163//1163 1162//1162 
f 1243//1243 1163//1163 1242//1242 
f 1160//1160 1164//1164 1240//1240 
f 1240//1240 1164//1164 1244//1244 
f 1163//1163 1243//1243 1165//1165 
f 1243//1243 1245//1245 1165//1165 
f 1164//1164 1166//1166 1244//1244 
f 1244//1244 1166//1166 1246//1246 
f 1165//1165 1245//1245 1247//1247 
f 1167//1167 1165//1165 1247//1247 
f 1168//1168 1167//1167 1248//1248 
f 1167//1167 1247//1247 1248//1248 
f 1169//1169 1168//1168 1249//1249 
f 1168//1168 1248//1248 1249//1249 
f 1170//1170 1169//1169 1250//1250 
f 1169//1169 1249//1249 1250//1250 
f 1250//1250 1173//1173 1170//1170 
f 1253//1253 1173//1173 1250//1250 
f 1171//1171 1254//1254 1251//1251 
f 1174//1174 1254//1254 1171//1171 
f 1172//1172 1171//1171 1252//1252 
f 1171//1171 1251//1251 1252//1252 
f 1246//1246 1166//1166 1172//1172 
f 1252//1252 1246//1246 1172//1172 
f 1173//1173 1253//1253 1175//1175 
f 1253//1253 1255//1255 1175//1175 
f 1174//1174 1176//1176 1254//1254 
f 1254//1254 1176//1176 1256//1256 
f 1175//1175 1255//1255 1257//1257 
f 1177//1177 1175//1175 1257//1257 
f 1178//1178 1177//1177 1258//1258 
f 1177//1177 1257//1257 1258//1258 
f 1179//1179 1178//1178 1259//1259 
f 1178//1178 1258//1258 1259//1259 
f 1180//1180 1179//1179 1260//1260 
f 1179//1179 1259//1259 1260//1260 
f 1256//1256 1176//1176 1180//1180 
f 1260//1260 1256//1256 1180//1180 
f 1187//1187 1261//1261 1267//1267 
f 1187//1187 1188//1188 1262//1262 
f 1261//1261 1187//1187 1262//1262 
f 1188//1188 1185//1185 1181//1181 
f 1188//1188 1181//1181 1262//1262 
f 1262//1262 1181//1181 1263//1263 
f 1182//1182 1264//1264 1181//1181 
f 1181//1181 1264//1264 1263//1263 
f 1183//1183 1265//1265 1182//1182 
f 1182//1182 1265//1265 1264//1264 
f 1184//1184 1266//1266 1183//1183 
f 1183//1183 1266//1266 1265//1265 
f 1266//1266 1184//1184 1186//1186 
f 1268//1268 1266//1266 1186//1186 
f 1199//1199 1187//1187 1267//1267 
f 1271//1271 1199//1199 1267//1267 
f 1188//1188 1187//1187 1200//1200 
f 1200//1200 1187//1187 1199//1199 
f 1185//1185 1200//1200 1189//1189 
f 1188//1188 1200//1200 1185//1185 
f 1186//1186 1190//1190 1268//1268 
f 1268//1268 1190//1190 1272//1272 
f 1191//1191 1273//1273 1281//1281 
f 1201//1201 1191//1191 1281//1281 
f 1192//1192 1274//1274 1191//1191 
f 1191//1191 1274//1274 1273//1273 
f 1271//1271 1193//1193 1199//1199 
f 1271//1271 1274//1274 1193//1193 
f 1274//1274 1192//1192 1193//1193 
f 1194//1194 1199//1199 1193//1193 
f 1200//1200 1199//1199 1194//1194 
f 1189//1189 1200//1200 1194//1194 
f 1190//1190 1275//1275 1272//1272 
f 1195//1195 1275//1275 1190//1190 
f 1196//1196 1276//1276 1195//1195 
f 1195//1195 1276//1276 1275//1275 
f 1197//1197 1277//1277 1196//1196 
f 1196//1196 1277//1277 1276//1276 
f 1198//1198 1278//1278 1197//1197 
f 1197//1197 1278//1278 1277//1277 
f 1278//1278 1198//1198 1202//1202 
f 1282//1282 1278//1278 1202//1202 
f 1201//1201 1281//1281 1203//1203 
f 1281//1281 1283//1283 1203//1203 
f 1202//1202 1204//1204 1282//1282 
f 1282//1282 1204//1204 1284//1284 
f 1203//1203 1283//1283 1207//1207 
f 1283//1283 1287//1287 1207//1207 
f 1204//1204 1285//1285 1284//1284 
f 1205//1205 1285//1285 1204//1204 
f 1206//1206 1286//1286 1205//1205 
f 1205//1205 1286//1286 1285//1285 
f 1286//1286 1206//1206 1208//1208 
f 1288//1288 1286//1286 1208//1208 
f 1207//1207 1287//1287 1209//1209 
f 1287//1287 1289//1289 1209//1209 
f 1208//1208 1210//1210 1288//1288 
f 1288//1288 1210//1210 1290//1290 
f 1209//1209 1289//1289 1211//1211 
f 1289//1289 1291//1291 1211//1211 
f 1210//1210 1212//1212 1290//1290 
f 1290//1290 1212//1212 1292//1292 
f 1211//1211 1291//1291 1213//1213 
f 1291//1291 1294//1294 1213//1213 
f 1212//1212 1214//1214 1292//1292 
f 1292//1292 1214//1214 1295//1295 
f 1213//1213 1294//1294 1217//1217 
f 1294//1294 1299//1299 1217//1217 
f 1214//1214 1296//1296 1295//1295 
f 1215//1215 1296//1296 1214//1214 
f 1216//1216 1297//1297 1215//1215 
f 1215//1215 1297//1297 1296//1296 
f 1297//1297 1216//1216 1218//1218 
f 1300//1300 1297//1297 1218//1218 
f 1217//1217 1299//1299 1219//1219 
f 1299//1299 1301//1301 1219//1219 
f 1218//1218 1220//1220 1300//1300 
f 1300//1300 1220//1220 1302//1302 
f 1225//1225 1221//1221 1219//1219 
f 1225//1225 1219//1219 1303//1303 
f 1303//1303 1219//1219 1301//1301 
f 1221//1221 1226//1226 1222//1222 
f 1225//1225 1226//1226 1221//1221 
f 1222//1222 1226//1226 1223//1223 
f 1220//1220 1224//1224 1302//1302 
f 1302//1302 1224//1224 1304//1304 
f 1229//1229 1225//1225 1303//1303 
f 1305//1305 1229//1229 1303//1303 
f 1226//1226 1225//1225 1230//1230 
f 1230//1230 1225//1225 1229//1229 
f 1223//1223 1230//1230 1227//1227 
f 1226//1226 1230//1230 1223//1223 
f 1224//1224 1228//1228 1304//1304 
f 1304//1304 1228//1228 1306//1306 
f 1229//1229 1305//1305 1307//1307 
f 1230//1230 1229//1229 1307//1307 
f 1308//1308 1230//1230 1307//1307 
f 1308//1308 1227//1227 1230//1230 
f 1308//1308 1309//1309 1227//1227 
f 1309//1309 1231//1231 1227//1227 
f 1228//1228 1232//1232 1306//1306 
f 1306//1306 1232//1232 1310//1310 
f 1231//1231 1309//1309 1233//1233 
f 1309//1309 1313//1313 1233//1233 
f 1232//1232 1234//1234 1310//1310 
f 1310//1310 1234//1234 1314//1314 
f 1233//1233 1313//1313 1315//1315 
f 1235//1235 1233//1233 1315//1315 
f 1236//1236 1235//1235 1316//1316 
f 1235//1235 1315//1315 1316//1316 
f 1316//1316 1237//1237 1236//1236 
f 1319//1319 1237//1237 1316//1316 
f 1234//1234 1238//1238 1314//1314 
f 1314//1314 1238//1238 1320//1320 
f 1237//1237 1319//1319 1239//1239 
f 1319//1319 1323//1323 1239//1239 
f 1238//1238 1240//1240 1320//1320 
f 1320//1320 1240//1240 1324//1324 
f 1239//1239 1323//1323 1325//1325 
f 1241//1241 1239//1239 1325//1325 
f 1242//1242 1241//1241 1326//1326 
f 1241//1241 1325//1325 1326//1326 
f 1326//1326 1243//1243 1242//1242 
f 1329//1329 1243//1243 1326//1326 
f 1240//1240 1244//1244 1324//1324 
f 1324//1324 1244//1244 1330//1330 
f 1243//1243 1329//1329 1245//1245 
f 1329//1329 1331//1331 1245//1245 
f 1244//1244 1246//1246 1330//1330 
f 1330//1330 1246//1246 1332//1332 
f 1245//1245 1331//1331 1333//1333 
f 1247//1247 1245//1245 1333//1333 
f 1248//1248 1247//1247 1334//1334 
f 1247//1247 1333//1333 1334//1334 
f 1249//1249 1248//1248 1335//1335 
f 1248//1248 1334//1334 1335//1335 
f 1250//1250 1249//1249 1336//1336 
f 1249//1249 1335//1335 1336//1336 
f 1336//1336 1253//1253 1250//1250 
f 1339//1339 1253//1253 1336//1336 
f 1251//1251 1340//1340 1337//1337 
f 1254//1254 1340//1340 1251//1251 
f 1252//1252 1251//1251 1338//1338 
f 1251//1251 1337//1337 1338//1338 
f 1332//1332 1246//1246 1252//1252 
f 1338//1338 1332//1332 1252//1252 
f 1253//1253 1339//1339 1255//1255 
f 1339//1339 1341//1341 1255//1255 
f 1254//1254 1256//1256 1340//1340 
f 1340//1340 1256//1256 1342//1342 
f 1255//1255 1341//1341 1343//1343 
f 1257//1257 1255//1255 1343//1343 
f 1258//1258 1257//1257 1344//1344 
f 1257//1257 1343//1343 1344//1344 
f 1259//1259 1258//1258 1345//1345 
f 1258//1258 1344//1344 1345//1345 
f 1260//1260 1259//1259 1346//1346 
f 1259//1259 1345//1345 1346//1346 
f 1342//1342 1256//1256 1260//1260 
f 1346//1346 1342//1342 1260//1260 
f 1261//1261 1347//1347 1351//1351 
f 1267//1267 1261//1261 1351//1351 
f 1262//1262 1348//1348 1261//1261 
f 1261//1261 1348//1348 1347//1347 
f 1263//1263 1349//1349 1262//1262 
f 1262//1262 1349//1349 1348//1348 
f 1264//1264 1350//1350 1263//1263 
f 1263//1263 1350//1350 1349//1349 
f 1269//1269 1352//1352 1350//1350 
f 1269//1269 1350//1350 1265//1265 
f 1265//1265 1350//1350 1264//1264 
f 1265//1265 1266//1266 1270//1270 
f 1269//1269 1265//1265 1270//1270 
f 1266//1266 1268//1268 1270//1270 
f 1267//1267 1351//1351 1271//1271 
f 1351//1351 1353//1353 1271//1271 
f 1279//1279 1352//1352 1269//1269 
f 1354//1354 1352//1352 1279//1279 
f 1270//1270 1280//1280 1269//1269 
f 1280//1280 1279//1279 1269//1269 
f 1268//1268 1272//1272 1280//1280 
f 1270//1270 1268//1268 1280//1280 
f 1273//1273 1355//1355 1363//1363 
f 1281//1281 1273//1273 1363//1363 
f 1274//1274 1356//1356 1273//1273 
f 1273//1273 1356//1356 1355//1355 
f 1353//1353 1274//1274 1271//1271 
f 1356//1356 1274//1274 1353//1353 
f 1279//1279 1357//1357 1354//1354 
f 1280//1280 1357//1357 1279//1279 
f 1358//1358 1357//1357 1280//1280 
f 1272//1272 1358//1358 1280//1280 
f 1272//1272 1275//1275 1358//1358 
f 1275//1275 1359//1359 1358//1358 
f 1276//1276 1360//1360 1275//1275 
f 1275//1275 1360//1360 1359//1359 
f 1277//1277 1361//1361 1276//1276 
f 1276//1276 1361//1361 1360//1360 
f 1278//1278 1362//1362 1277//1277 
f 1277//1277 1362//1362 1361//1361 
f 1362//1362 1278//1278 1282//1282 
f 1364//1364 1362//1362 1282//1282 
f 1281//1281 1363//1363 1283//1283 
f 1363//1363 1367//1367 1283//1283 
f 1282//1282 1284//1284 1364//1364 
f 1364//1364 1284//1284 1368//1368 
f 1283//1283 1367//1367 1287//1287 
f 1367//1367 1373//1373 1287//1287 
f 1284//1284 1369//1369 1368//1368 
f 1285//1285 1369//1369 1284//1284 
f 1286//1286 1370//1370 1285//1285 
f 1285//1285 1370//1370 1369//1369 
f 1370//1370 1286//1286 1288//1288 
f 1374//1374 1370//1370 1288//1288 
f 1287//1287 1373//1373 1289//1289 
f 1373//1373 1376//1376 1289//1289 
f 1288//1288 1290//1290 1374//1374 
f 1374//1374 1290//1290 1377//1377 
f 1293//1293 1378//1378 1380//1380 
f 1293//1293 1376//1376 1378//1378 
f 1293//1293 1291//1291 1376//1376 
f 1291//1291 1289//1289 1376//1376 
f 1290//1290 1292//1292 1377//1377 
f 1377//1377 1292//1292 1381//1381 
f 1298//1298 1293//1293 1380//1380 
f 1382//1382 1298//1298 1380//1380 
f 1291//1291 1298//1298 1294//1294 
f 1293//1293 1298//1298 1291//1291 
f 1292//1292 1295//1295 1381//1381 
f 1381//1381 1295//1295 1383//1383 
f 1298//1298 1382//1382 1384//1384 
f 1384//1384 1294//1294 1298//1298 
f 1384//1384 1387//1387 1294//1294 
f 1387//1387 1299//1299 1294//1294 
f 1295//1295 1385//1385 1383//1383 
f 1296//1296 1385//1385 1295//1295 
f 1297//1297 1386//1386 1296//1296 
f 1296//1296 1386//1386 1385//1385 
f 1386//1386 1297//1297 1300//1300 
f 1388//1388 1386//1386 1300//1300 
f 1299//1299 1387//1387 1301//1301 
f 1387//1387 1390//1390 1301//1301 
f 1300//1300 1302//1302 1388//1388 
f 1388//1388 1302//1302 1391//1391 
f 1301//1301 1390//1390 1303//1303 
f 1390//1390 1393//1393 1303//1303 
f 1302//1302 1304//1304 1391//1391 
f 1391//1391 1304//1304 1394//1394 
f 1303//1303 1393//1393 1305//1305 
f 1393//1393 1395//1395 1305//1305 
f 1304//1304 1306//1306 1394//1394 
f 1394//1394 1306//1306 1396//1396 
f 1311//1311 1307//1307 1305//1305 
f 1311//1311 1305//1305 1397//1397 
f 1397//1397 1305//1305 1395//1395 
f 1307//1307 1312//1312 1308//1308 
f 1311//1311 1312//1312 1307//1307 
f 1308//1308 1312//1312 1309//1309 
f 1306//1306 1310//1310 1396//1396 
f 1396//1396 1310//1310 1398//1398 
f 1317//1317 1311//1311 1397//1397 
f 1399//1399 1317//1317 1397//1397 
f 1312//1312 1311//1311 1318//1318 
f 1318//1318 1311//1311 1317//1317 
f 1309//1309 1318//1318 1313//1313 
f 1312//1312 1318//1318 1309//1309 
f 1310//1310 1314//1314 1398//1398 
f 1398//1398 1314//1314 1400//1400 
f 1317//1317 1399//1399 1401//1401 
f 1318//1318 1317//1317 1401//1401 
f 1402//1402 1318//1318 1401//1401 
f 1321//1321 1402//1402 1403//1403 
f 1315//1315 1402//1402 1321//1321 
f 1315//1315 1318//1318 1402//1402 
f 1315//1315 1313//1313 1318//1318 
f 1315//1315 1322//1322 1316//1316 
f 1321//1321 1322//1322 1315//1315 
f 1316//1316 1322//1322 1319//1319 
f 1314//1314 1320//1320 1400//1400 
f 1400//1400 1320//1320 1404//1404 
f 1327//1327 1321//1321 1403//1403 
f 1405//1405 1327//1327 1403//1403 
f 1322//1322 1321//1321 1328//1328 
f 1328//1328 1321//1321 1327//1327 
f 1319//1319 1328//1328 1323//1323 
f 1322//1322 1328//1328 1319//1319 
f 1320//1320 1324//1324 1404//1404 
f 1404//1404 1324//1324 1406//1406 
f 1327//1327 1405//1405 1407//1407 
f 1328//1328 1327//1327 1407//1407 
f 1408//1408 1328//1328 1407//1407 
f 1323//1323 1328//1328 1408//1408 
f 1323//1323 1408//1408 1325//1325 
f 1325//1325 1408//1408 1409//1409 
f 1326//1326 1325//1325 1410//1410 
f 1325//1325 1409//1409 1410//1410 
f 1410//1410 1329//1329 1326//1326 
f 1411//1411 1329//1329 1410//1410 
f 1324//1324 1330//1330 1406//1406 
f 1406//1406 1330//1330 1412//1412 
f 1329//1329 1411//1411 1331//1331 
f 1411//1411 1415//1415 1331//1331 
f 1330//1330 1332//1332 1412//1412 
f 1412//1412 1332//1332 1416//1416 
f 1331//1331 1415//1415 1417//1417 
f 1333//1333 1331//1331 1417//1417 
f 1334//1334 1333//1333 1418//1418 
f 1333//1333 1417//1417 1418//1418 
f 1335//1335 1334//1334 1419//1419 
f 1334//1334 1418//1418 1419//1419 
f 1336//1336 1335//1335 1420//1420 
f 1335//1335 1419//1419 1420//1420 
f 1420//1420 1339//1339 1336//1336 
f 1425//1425 1339//1339 1420//1420 
f 1337//1337 1426//1426 1421//1421 
f 1340//1340 1426//1426 1337//1337 
f 1338//1338 1337//1337 1422//1422 
f 1337//1337 1421//1421 1422//1422 
f 1416//1416 1332//1332 1338//1338 
f 1422//1422 1416//1416 1338//1338 
f 1339//1339 1425//1425 1341//1341 
f 1425//1425 1429//1429 1341//1341 
f 1340//1340 1342//1342 1426//1426 
f 1426//1426 1342//1342 1430//1430 
f 1341//1341 1429//1429 1431//1431 
f 1343//1343 1341//1341 1431//1431 
f 1344//1344 1343//1343 1432//1432 
f 1343//1343 1431//1431 1432//1432 
f 1345//1345 1344//1344 1433//1433 
f 1344//1344 1432//1432 1433//1433 
f 1346//1346 1345//1345 1434//1434 
f 1345//1345 1433//1433 1434//1434 
f 1430//1430 1342//1342 1346//1346 
f 1434//1434 1430//1430 1346//1346 
f 1347//1347 1437//1437 1441//1441 
f 1351//1351 1347//1347 1441//1441 
f 1348//1348 1438//1438 1347//1347 
f 1347//1347 1438//1438 1437//1437 
f 1349//1349 1439//1439 1348//1348 
f 1348//1348 1439//1439 1438//1438 
f 1350//1350 1440//1440 1349//1349 
f 1349//1349 1440//1440 1439//1439 
f 1440//1440 1350//1350 1352//1352 
f 1442//1442 1440//1440 1352//1352 
f 1351//1351 1441//1441 1353//1353 
f 1441//1441 1443//1443 1353//1353 
f 1352//1352 1354//1354 1442//1442 
f 1442//1442 1354//1354 1444//1444 
f 1355//1355 1445//1445 1451//1451 
f 1363//1363 1355//1355 1451//1451 
f 1356//1356 1446//1446 1355//1355 
f 1355//1355 1446//1446 1445//1445 
f 1443//1443 1356//1356 1353//1353 
f 1446//1446 1356//1356 1443//1443 
f 1354//1354 1447//1447 1444//1444 
f 1357//1357 1447//1447 1354//1354 
f 1358//1358 1448//1448 1357//1357 
f 1357//1357 1448//1448 1447//1447 
f 1359//1359 1449//1449 1358//1358 
f 1358//1358 1449//1449 1448//1448 
f 1360//1360 1450//1450 1359//1359 
f 1359//1359 1450//1450 1449//1449 
f 1365//1365 1452//1452 1450//1450 
f 1365//1365 1450//1450 1361//1361 
f 1361//1361 1450//1450 1360//1360 
f 1361//1361 1362//1362 1366//1366 
f 1365//1365 1361//1361 1366//1366 
f 1362//1362 1364//1364 1366//1366 
f 1363//1363 1451//1451 1367//1367 
f 1451//1451 1454//1454 1367//1367 
f 1371//1371 1452//1452 1365//1365 
f 1455//1455 1452//1452 1371//1371 
f 1366//1366 1372//1372 1365//1365 
f 1372//1372 1371//1371 1365//1365 
f 1364//1364 1368//1368 1372//1372 
f 1366//1366 1364//1364 1372//1372 
f 1375//1375 1456//1456 1462//1462 
f 1375//1375 1454//1454 1456//1456 
f 1375//1375 1373//1373 1454//1454 
f 1373//1373 1367//1367 1454//1454 
f 1371//1371 1457//1457 1455//1455 
f 1372//1372 1457//1457 1371//1371 
f 1458//1458 1457//1457 1372//1372 
f 1368//1368 1458//1458 1372//1372 
f 1368//1368 1369//1369 1458//1458 
f 1369//1369 1459//1459 1458//1458 
f 1370//1370 1460//1460 1369//1369 
f 1369//1369 1460//1460 1459//1459 
f 1460//1460 1370//1370 1374//1374 
f 1463//1463 1460//1460 1374//1374 
f 1379//1379 1375//1375 1462//1462 
f 1466//1466 1379//1379 1462//1462 
f 1373//1373 1379//1379 1376//1376 
f 1375//1375 1379//1379 1373//1373 
f 1374//1374 1377//1377 1463//1463 
f 1463//1463 1377//1377 1467//1467 
f 1378//1378 1379//1379 1466//1466 
f 1378//1378 1466//1466 1380//1380 
f 1380//1380 1466//1466 1470//1470 
f 1376//1376 1379//1379 1378//1378 
f 1377//1377 1381//1381 1467//1467 
f 1467//1467 1381//1381 1471//1471 
f 1380//1380 1470//1470 1382//1382 
f 1470//1470 1472//1472 1382//1382 
f 1381//1381 1383//1383 1471//1471 
f 1471//1471 1383//1383 1473//1473 
f 1389//1389 1384//1384 1382//1382 
f 1389//1389 1382//1382 1476//1476 
f 1476//1476 1382//1382 1472//1472 
f 1384//1384 1389//1389 1387//1387 
f 1383//1383 1474//1474 1473//1473 
f 1385//1385 1474//1474 1383//1383 
f 1386//1386 1475//1475 1385//1385 
f 1385//1385 1475//1475 1474//1474 
f 1475//1475 1386//1386 1388//1388 
f 1477//1477 1475//1475 1388//1388 
f 1392//1392 1389//1389 1476//1476 
f 1480//1480 1392//1392 1476//1476 
f 1387//1387 1392//1392 1390//1390 
f 1389//1389 1392//1392 1387//1387 
f 1388//1388 1391//1391 1477//1477 
f 1477//1477 1391//1391 1481//1481 
f 1392//1392 1480//1480 1482//1482 
f 1482//1482 1390//1390 1392//1392 
f 1482//1482 1485//1485 1390//1390 
f 1485//1485 1393//1393 1390//1390 
f 1391//1391 1394//1394 1481//1481 
f 1481//1481 1394//1394 1486//1486 
f 1393//1393 1485//1485 1395//1395 
f 1485//1485 1488//1488 1395//1395 
f 1394//1394 1396//1396 1486//1486 
f 1486//1486 1396//1396 1489//1489 
f 1395//1395 1488//1488 1397//1397 
f 1488//1488 1491//1491 1397//1397 
f 1396//1396 1398//1398 1489//1489 
f 1489//1489 1398//1398 1492//1492 
f 1397//1397 1491//1491 1399//1399 
f 1491//1491 1493//1493 1399//1399 
f 1398//1398 1400//1400 1492//1492 
f 1492//1492 1400//1400 1494//1494 
f 1399//1399 1493//1493 1495//1495 
f 1401//1401 1399//1399 1495//1495 
f 1402//1402 1401//1401 1496//1496 
f 1401//1401 1495//1495 1496//1496 
f 1496//1496 1403//1403 1402//1402 
f 1497//1497 1403//1403 1496//1496 
f 1400//1400 1404//1404 1494//1494 
f 1494//1494 1404//1404 1498//1498 
f 1403//1403 1497//1497 1405//1405 
f 1497//1497 1499//1499 1405//1405 
f 1404//1404 1406//1406 1498//1498 
f 1498//1498 1406//1406 1500//1500 
f 1405//1405 1499//1499 1501//1501 
f 1407//1407 1405//1405 1501//1501 
f 1408//1408 1407//1407 1502//1502 
f 1407//1407 1501//1501 1502//1502 
f 1413//1413 1502//1502 1503//1503 
f 1413//1413 1409//1409 1502//1502 
f 1409//1409 1408//1408 1502//1502 
f 1409//1409 1414//1414 1410//1410 
f 1413//1413 1414//1414 1409//1409 
f 1410//1410 1414//1414 1411//1411 
f 1406//1406 1412//1412 1500//1500 
f 1500//1500 1412//1412 1504//1504 
f 1423//1423 1413//1413 1503//1503 
f 1505//1505 1423//1423 1503//1503 
f 1414//1414 1413//1413 1424//1424 
f 1424//1424 1413//1413 1423//1423 
f 1411//1411 1424//1424 1415//1415 
f 1414//1414 1424//1424 1411//1411 
f 1412//1412 1416//1416 1504//1504 
f 1504//1504 1416//1416 1506//1506 
f 1423//1423 1505//1505 1507//1507 
f 1424//1424 1423//1423 1507//1507 
f 1508//1508 1424//1424 1507//1507 
f 1415//1415 1424//1424 1508//1508 
f 1415//1415 1508//1508 1417//1417 
f 1417//1417 1508//1508 1509//1509 
f 1418//1418 1417//1417 1510//1510 
f 1417//1417 1509//1509 1510//1510 
f 1427//1427 1510//1510 1513//1513 
f 1427//1427 1419//1419 1510//1510 
f 1419//1419 1418//1418 1510//1510 
f 1419//1419 1428//1428 1420//1420 
f 1427//1427 1428//1428 1419//1419 
f 1420//1420 1428//1428 1425//1425 
f 1421//1421 1514//1514 1511//1511 
f 1426//1426 1514//1514 1421//1421 
f 1422//1422 1421//1421 1512//1512 
f 1421//1421 1511//1511 1512//1512 
f 1506//1506 1416//1416 1422//1422 
f 1512//1512 1506//1506 1422//1422 
f 1435//1435 1427//1427 1513//1513 
f 1515//1515 1435//1435 1513//1513 
f 1428//1428 1427//1427 1436//1436 
f 1436//1436 1427//1427 1435//1435 
f 1425//1425 1436//1436 1429//1429 
f 1428//1428 1436//1436 1425//1425 
f 1426//1426 1430//1430 1514//1514 
f 1514//1514 1430//1430 1516//1516 
f 1435//1435 1515//1515 1517//1517 
f 1436//1436 1435//1435 1517//1517 
f 1518//1518 1436//1436 1517//1517 
f 1429//1429 1436//1436 1518//1518 
f 1429//1429 1518//1518 1431//1431 
f 1431//1431 1518//1518 1519//1519 
f 1432//1432 1431//1431 1520//1520 
f 1431//1431 1519//1519 1520//1520 
f 1433//1433 1432//1432 1521//1521 
f 1432//1432 1520//1520 1521//1521 
f 1434//1434 1433//1433 1522//1522 
f 1433//1433 1521//1521 1522//1522 
f 1516//1516 1430//1430 1434//1434 
f 1522//1522 1516//1516 1434//1434 
f 1437//1437 1523//1523 1527//1527 
f 1441//1441 1437//1437 1527//1527 
f 1438//1438 1524//1524 1437//1437 
f 1437//1437 1524//1524 1523//1523 
f 1439//1439 1525//1525 1438//1438 
f 1438//1438 1525//1525 1524//1524 
f 1440//1440 1526//1526 1439//1439 
f 1439//1439 1526//1526 1525//1525 
f 1526//1526 1440//1440 1442//1442 
f 1528//1528 1526//1526 1442//1442 
f 1441//1441 1527//1527 1443//1443 
f 1527//1527 1531//1531 1443//1443 
f 1442//1442 1444//1444 1528//1528 
f 1528//1528 1444//1444 1532//1532 
f 1453//1453 1533//1533 1542//1542 
f 1453//1453 1451//1451 1445//1445 
f 1453//1453 1445//1445 1533//1533 
f 1533//1533 1445//1445 1534//1534 
f 1446//1446 1535//1535 1445//1445 
f 1445//1445 1535//1535 1534//1534 
f 1531//1531 1446//1446 1443//1443 
f 1535//1535 1446//1446 1531//1531 
f 1444//1444 1536//1536 1532//1532 
f 1447//1447 1536//1536 1444//1444 
f 1448//1448 1537//1537 1447//1447 
f 1447//1447 1537//1537 1536//1536 
f 1449//1449 1538//1538 1448//1448 
f 1448//1448 1538//1538 1537//1537 
f 1450//1450 1539//1539 1449//1449 
f 1449//1449 1539//1539 1538//1538 
f 1539//1539 1450//1450 1452//1452 
f 1543//1543 1539//1539 1452//1452 
f 1461//1461 1453//1453 1542//1542 
f 1544//1544 1461//1461 1542//1542 
f 1451//1451 1461//1461 1454//1454 
f 1453//1453 1461//1461 1451//1451 
f 1452//1452 1455//1455 1543//1543 
f 1543//1543 1455//1455 1545//1545 
f 1456//1456 1461//1461 1544//1544 
f 1456//1456 1544//1544 1462//1462 
f 1462//1462 1544//1544 1548//1548 
f 1454//1454 1461//1461 1456//1456 
f 1455//1455 1546//1546 1545//1545 
f 1457//1457 1546//1546 1455//1455 
f 1458//1458 1547//1547 1457//1457 
f 1457//1457 1547//1547 1546//1546 
f 1464//1464 1549//1549 1547//1547 
f 1464//1464 1547//1547 1459//1459 
f 1459//1459 1547//1547 1458//1458 
f 1459//1459 1460//1460 1465//1465 
f 1464//1464 1459//1459 1465//1465 
f 1460//1460 1463//1463 1465//1465 
f 1462//1462 1548//1548 1466//1466 
f 1548//1548 1552//1552 1466//1466 
f 1468//1468 1549//1549 1464//1464 
f 1553//1553 1549//1549 1468//1468 
f 1465//1465 1469//1469 1464//1464 
f 1469//1469 1468//1468 1464//1464 
f 1463//1463 1467//1467 1469//1469 
f 1465//1465 1463//1463 1469//1469 
f 1466//1466 1552//1552 1470//1470 
f 1552//1552 1558//1558 1470//1470 
f 1468//1468 1554//1554 1553//1553 
f 1469//1469 1554//1554 1468//1468 
f 1555//1555 1554//1554 1469//1469 
f 1555//1555 1469//1469 1467//1467 
f 1555//1555 1467//1467 1559//1559 
f 1559//1559 1467//1467 1471//1471 
f 1470//1470 1558//1558 1472//1472 
f 1558//1558 1562//1562 1472//1472 
f 1471//1471 1473//1473 1559//1559 
f 1559//1559 1473//1473 1563//1563 
f 1472//1472 1562//1562 1476//1476 
f 1562//1562 1566//1566 1476//1476 
f 1478//1478 1473//1473 1474//1474 
f 1478//1478 1567//1567 1473//1473 
f 1567//1567 1563//1563 1473//1473 
f 1474//1474 1475//1475 1479//1479 
f 1478//1478 1474//1474 1479//1479 
f 1475//1475 1477//1477 1479//1479 
f 1476//1476 1566//1566 1480//1480 
f 1566//1566 1568//1568 1480//1480 
f 1483//1483 1567//1567 1478//1478 
f 1569//1569 1567//1567 1483//1483 
f 1479//1479 1484//1484 1478//1478 
f 1484//1484 1483//1483 1478//1478 
f 1477//1477 1481//1481 1484//1484 
f 1479//1479 1477//1477 1484//1484 
f 1487//1487 1482//1482 1480//1480 
f 1487//1487 1480//1480 1572//1572 
f 1572//1572 1480//1480 1568//1568 
f 1482//1482 1487//1487 1485//1485 
f 1483//1483 1570//1570 1569//1569 
f 1484//1484 1570//1570 1483//1483 
f 1571//1571 1570//1570 1484//1484 
f 1571//1571 1484//1484 1481//1481 
f 1571//1571 1481//1481 1573//1573 
f 1573//1573 1481//1481 1486//1486 
f 1490//1490 1487//1487 1572//1572 
f 1574//1574 1490//1490 1572//1572 
f 1485//1485 1490//1490 1488//1488 
f 1487//1487 1490//1490 1485//1485 
f 1486//1486 1489//1489 1573//1573 
f 1573//1573 1489//1489 1575//1575 
f 1490//1490 1574//1574 1576//1576 
f 1576//1576 1488//1488 1490//1490 
f 1576//1576 1577//1577 1488//1488 
f 1577//1577 1491//1491 1488//1488 
f 1489//1489 1492//1492 1575//1575 
f 1575//1575 1492//1492 1578//1578 
f 1491//1491 1577//1577 1493//1493 
f 1577//1577 1580//1580 1493//1493 
f 1492//1492 1494//1494 1578//1578 
f 1578//1578 1494//1494 1581//1581 
f 1493//1493 1580//1580 1582//1582 
f 1495//1495 1493//1493 1582//1582 
f 1496//1496 1495//1495 1583//1583 
f 1495//1495 1582//1582 1583//1583 
f 1583//1583 1497//1497 1496//1496 
f 1585//1585 1497//1497 1583//1583 
f 1494//1494 1498//1498 1581//1581 
f 1581//1581 1498//1498 1586//1586 
f 1497//1497 1585//1585 1499//1499 
f 1585//1585 1589//1589 1499//1499 
f 1498//1498 1500//1500 1586//1586 
f 1586//1586 1500//1500 1590//1590 
f 1499//1499 1589//1589 1591//1591 
f 1501//1501 1499//1499 1591//1591 
f 1502//1502 1501//1501 1592//1592 
f 1501//1501 1591//1591 1592//1592 
f 1592//1592 1503//1503 1502//1502 
f 1595//1595 1503//1503 1592//1592 
f 1500//1500 1504//1504 1590//1590 
f 1590//1590 1504//1504 1596//1596 
f 1503//1503 1595//1595 1505//1505 
f 1595//1595 1599//1599 1505//1505 
f 1504//1504 1506//1506 1596//1596 
f 1596//1596 1506//1506 1600//1600 
f 1505//1505 1599//1599 1601//1601 
f 1507//1507 1505//1505 1601//1601 
f 1508//1508 1507//1507 1602//1602 
f 1507//1507 1601//1601 1602//1602 
f 1509//1509 1508//1508 1603//1603 
f 1508//1508 1602//1602 1603//1603 
f 1510//1510 1509//1509 1604//1604 
f 1509//1509 1603//1603 1604//1604 
f 1604//1604 1513//1513 1510//1510 
f 1609//1609 1513//1513 1604//1604 
f 1511//1511 1610//1610 1605//1605 
f 1514//1514 1610//1610 1511//1511 
f 1512//1512 1511//1511 1606//1606 
f 1511//1511 1605//1605 1606//1606 
f 1600//1600 1506//1506 1512//1512 
f 1606//1606 1600//1600 1512//1512 
f 1513//1513 1609//1609 1515//1515 
f 1609//1609 1613//1613 1515//1515 
f 1514//1514 1516//1516 1610//1610 
f 1610//1610 1516//1516 1614//1614 
f 1515//1515 1613//1613 1615//1615 
f 1517//1517 1515//1515 1615//1615 
f 1518//1518 1517//1517 1616//1616 
f 1517//1517 1615//1615 1616//1616 
f 1519//1519 1518//1518 1617//1617 
f 1518//1518 1616//1616 1617//1617 
f 1520//1520 1519//1519 1618//1618 
f 1519//1519 1617//1617 1618//1618 
f 1521//1521 1520//1520 1619//1619 
f 1520//1520 1618//1618 1619//1619 
f 1522//1522 1521//1521 1620//1620 
f 1521//1521 1619//1619 1620//1620 
f 1614//1614 1516//1516 1522//1522 
f 1620//1620 1614//1614 1522//1522 
f 1523//1523 1623//1623 1625//1625 
f 1527//1527 1523//1523 1625//1625 
f 1524//1524 1624//1624 1523//1523 
f 1523//1523 1624//1624 1623//1623 
f 1529//1529 1626//1626 1624//1624 
f 1529//1529 1624//1624 1525//1525 
f 1525//1525 1624//1624 1524//1524 
f 1525//1525 1526//1526 1530//1530 
f 1529//1529 1525//1525 1530//1530 
f 1526//1526 1528//1528 1530//1530 
f 1527//1527 1625//1625 1531//1531 
f 1625//1625 1627//1627 1531//1531 
f 1540//1540 1626//1626 1529//1529 
f 1628//1628 1626//1626 1540//1540 
f 1530//1530 1541//1541 1529//1529 
f 1541//1541 1540//1540 1529//1529 
f 1528//1528 1532//1532 1541//1541 
f 1530//1530 1528//1528 1541//1541 
f 1533//1533 1629//1629 1638//1638 
f 1542//1542 1533//1533 1638//1638 
f 1534//1534 1630//1630 1533//1533 
f 1533//1533 1630//1630 1629//1629 
f 1535//1535 1631//1631 1534//1534 
f 1534//1534 1631//1631 1630//1630 
f 1627//1627 1535//1535 1531//1531 
f 1631//1631 1535//1535 1627//1627 
f 1540//1540 1632//1632 1628//1628 
f 1541//1541 1632//1632 1540//1540 
f 1633//1633 1632//1632 1541//1541 
f 1532//1532 1633//1633 1541//1541 
f 1532//1532 1536//1536 1633//1633 
f 1536//1536 1634//1634 1633//1633 
f 1537//1537 1635//1635 1536//1536 
f 1536//1536 1635//1635 1634//1634 
f 1538//1538 1636//1636 1537//1537 
f 1537//1537 1636//1636 1635//1635 
f 1539//1539 1637//1637 1538//1538 
f 1538//1538 1637//1637 1636//1636 
f 1637//1637 1539//1539 1543//1543 
f 1639//1639 1637//1637 1543//1543 
f 1542//1542 1638//1638 1544//1544 
f 1638//1638 1640//1640 1544//1544 
f 1543//1543 1545//1545 1639//1639 
f 1639//1639 1545//1545 1641//1641 
f 1550//1550 1642//1642 1646//1646 
f 1550//1550 1551//1551 1643//1643 
f 1642//1642 1550//1550 1643//1643 
f 1551//1551 1640//1640 1643//1643 
f 1551//1551 1548//1548 1640//1640 
f 1548//1548 1544//1544 1640//1640 
f 1545//1545 1644//1644 1641//1641 
f 1546//1546 1644//1644 1545//1545 
f 1547//1547 1645//1645 1546//1546 
f 1546//1546 1645//1645 1644//1644 
f 1645//1645 1547//1547 1549//1549 
f 1647//1647 1645//1645 1549//1549 
f 1556//1556 1550//1550 1646//1646 
f 1648//1648 1556//1556 1646//1646 
f 1551//1551 1550//1550 1557//1557 
f 1557//1557 1550//1550 1556//1556 
f 1548//1548 1557//1557 1552//1552 
f 1551//1551 1557//1557 1548//1548 
f 1549//1549 1553//1553 1647//1647 
f 1647//1647 1553//1553 1649//1649 
f 1560//1560 1556//1556 1648//1648 
f 1652//1652 1560//1560 1648//1648 
f 1557//1557 1556//1556 1561//1561 
f 1561//1561 1556//1556 1560//1560 
f 1552//1552 1561//1561 1558//1558 
f 1557//1557 1561//1561 1552//1552 
f 1553//1553 1650//1650 1649//1649 
f 1554//1554 1650//1650 1553//1553 
f 1555//1555 1651//1651 1554//1554 
f 1554//1554 1651//1651 1650//1650 
f 1651//1651 1555//1555 1559//1559 
f 1653//1653 1651//1651 1559//1559 
f 1564//1564 1560//1560 1652//1652 
f 1654//1654 1564//1564 1652//1652 
f 1561//1561 1560//1560 1565//1565 
f 1565//1565 1560//1560 1564//1564 
f 1558//1558 1565//1565 1562//1562 
f 1561//1561 1565//1565 1558//1558 
f 1559//1559 1563//1563 1653//1653 
f 1653//1653 1563//1563 1655//1655 
f 1564//1564 1654//1654 1656//1656 
f 1565//1565 1564//1564 1656//1656 
f 1657//1657 1565//1565 1656//1656 
f 1657//1657 1562//1562 1565//1565 
f 1657//1657 1658//1658 1562//1562 
f 1658//1658 1566//1566 1562//1562 
f 1563//1563 1567//1567 1655//1655 
f 1655//1655 1567//1567 1659//1659 
f 1566//1566 1658//1658 1568//1568 
f 1658//1658 1660//1660 1568//1568 
f 1567//1567 1569//1569 1659//1659 
f 1659//1659 1569//1569 1661//1661 
f 1568//1568 1660//1660 1572//1572 
f 1660//1660 1664//1664 1572//1572 
f 1569//1569 1662//1662 1661//1661 
f 1570//1570 1662//1662 1569//1569 
f 1571//1571 1663//1663 1570//1570 
f 1570//1570 1663//1663 1662//1662 
f 1663//1663 1571//1571 1573//1573 
f 1665//1665 1663//1663 1573//1573 
f 1572//1572 1664//1664 1574//1574 
f 1664//1664 1666//1666 1574//1574 
f 1573//1573 1575//1575 1665//1665 
f 1665//1665 1575//1575 1667//1667 
f 1579//1579 1576//1576 1574//1574 
f 1579//1579 1574//1574 1668//1668 
f 1668//1668 1574//1574 1666//1666 
f 1576//1576 1579//1579 1577//1577 
f 1575//1575 1578//1578 1667//1667 
f 1667//1667 1578//1578 1669//1669 
f 1584//1584 1579//1579 1668//1668 
f 1670//1670 1584//1584 1668//1668 
f 1577//1577 1584//1584 1580//1580 
f 1579//1579 1584//1584 1577//1577 
f 1578//1578 1581//1581 1669//1669 
f 1669//1669 1581//1581 1671//1671 
f 1584//1584 1670//1670 1672//1672 
f 1587//1587 1672//1672 1673//1673 
f 1582//1582 1672//1672 1587//1587 
f 1582//1582 1584//1584 1672//1672 
f 1582//1582 1580//1580 1584//1584 
f 1582//1582 1588//1588 1583//1583 
f 1587//1587 1588//1588 1582//1582 
f 1583//1583 1588//1588 1585//1585 
f 1581//1581 1586//1586 1671//1671 
f 1671//1671 1586//1586 1674//1674 
f 1593//1593 1587//1587 1673//1673 
f 1675//1675 1593//1593 1673//1673 
f 1588//1588 1587//1587 1594//1594 
f 1594//1594 1587//1587 1593//1593 
f 1585//1585 1594//1594 1589//1589 
f 1588//1588 1594//1594 1585//1585 
f 1586//1586 1590//1590 1674//1674 
f 1674//1674 1590//1590 1676//1676 
f 1593//1593 1675//1675 1677//1677 
f 1594//1594 1593//1593 1677//1677 
f 1678//1678 1594//1594 1677//1677 
f 1589//1589 1594//1594 1678//1678 
f 1589//1589 1678//1678 1591//1591 
f 1591//1591 1678//1678 1679//1679 
f 1592//1592 1591//1591 1680//1680 
f 1591//1591 1679//1679 1680//1680 
f 1680//1680 1595//1595 1592//1592 
f 1683//1683 1595//1595 1680//1680 
f 1597//1597 1684//1684 1681//1681 
f 1597//1597 1682//1682 1598//1598 
f 1681//1681 1682//1682 1597//1597 
f 1598//1598 1682//1682 1676//1676 
f 1598//1598 1676//1676 1596//1596 
f 1596//1596 1676//1676 1590//1590 
f 1595//1595 1683//1683 1599//1599 
f 1683//1683 1685//1685 1599//1599 
f 1607//1607 1684//1684 1597//1597 
f 1686//1686 1684//1684 1607//1607 
f 1598//1598 1608//1608 1597//1597 
f 1608//1608 1607//1607 1597//1597 
f 1596//1596 1600//1600 1608//1608 
f 1598//1598 1596//1596 1608//1608 
f 1599//1599 1685//1685 1687//1687 
f 1601//1601 1599//1599 1687//1687 
f 1602//1602 1601//1601 1688//1688 
f 1601//1601 1687//1687 1688//1688 
f 1611//1611 1688//1688 1689//1689 
f 1611//1611 1603//1603 1688//1688 
f 1603//1603 1602//1602 1688//1688 
f 1603//1603 1612//1612 1604//1604 
f 1611//1611 1612//1612 1603//1603 
f 1604//1604 1612//1612 1609//1609 
f 1605//1605 1686//1686 1607//1607 
f 1605//1605 1610//1610 1686//1686 
f 1610//1610 1690//1690 1686//1686 
f 1606//1606 1605//1605 1607//1607 
f 1608//1608 1606//1606 1607//1607 
f 1600//1600 1606//1606 1608//1608 
f 1621//1621 1611//1611 1689//1689 
f 1691//1691 1621//1621 1689//1689 
f 1612//1612 1611//1611 1622//1622 
f 1622//1622 1611//1611 1621//1621 
f 1609//1609 1622//1622 1613//1613 
f 1612//1612 1622//1622 1609//1609 
f 1610//1610 1614//1614 1690//1690 
f 1690//1690 1614//1614 1692//1692 
f 1621//1621 1691//1691 1693//1693 
f 1622//1622 1621//1621 1693//1693 
f 1694//1694 1622//1622 1693//1693 
f 1613//1613 1622//1622 1694//1694 
f 1613//1613 1694//1694 1615//1615 
f 1615//1615 1694//1694 1695//1695 
f 1616//1616 1615//1615 1696//1696 
f 1615//1615 1695//1695 1696//1696 
f 1617//1617 1616//1616 1697//1697 
f 1616//1616 1696//1696 1697//1697 
f 1618//1618 1617//1617 1698//1698 
f 1617//1617 1697//1697 1698//1698 
f 1619//1619 1618//1618 1699//1699 
f 1618//1618 1698//1698 1699//1699 
f 1620//1620 1619//1619 1700//1700 
f 1619//1619 1699//1699 1700//1700 
f 1692//1692 1614//1614 1620//1620 
f 1700//1700 1692//1692 1620//1620 
f 1623//1623 1701//1701 1703//1703 
f 1625//1625 1623//1623 1703//1703 
f 1624//1624 1702//1702 1623//1623 
f 1623//1623 1702//1702 1701//1701 
f 1702//1702 1624//1624 1626//1626 
f 1704//1704 1702//1702 1626//1626 
f 1625//1625 1703//1703 1627//1627 
f 1703//1703 1707//1707 1627//1627 
f 1626//1626 1628//1628 1704//1704 
f 1704//1704 1628//1628 1708//1708 
f 1629//1629 1709//1709 1720//1720 
f 1638//1638 1629//1629 1720//1720 
f 1630//1630 1710//1710 1629//1629 
f 1629//1629 1710//1710 1709//1709 
f 1631//1631 1711//1711 1630//1630 
f 1630//1630 1711//1711 1710//1710 
f 1707//1707 1631//1631 1627//1627 
f 1711//1711 1631//1631 1707//1707 
f 1628//1628 1712//1712 1708//1708 
f 1632//1632 1712//1712 1628//1628 
f 1633//1633 1713//1713 1632//1632 
f 1632//1632 1713//1713 1712//1712 
f 1634//1634 1714//1714 1633//1633 
f 1633//1633 1714//1714 1713//1713 
f 1635//1635 1715//1715 1634//1634 
f 1634//1634 1715//1715 1714//1714 
f 1636//1636 1716//1716 1635//1635 
f 1635//1635 1716//1716 1715//1715 
f 1637//1637 1717//1717 1636//1636 
f 1636//1636 1717//1717 1716//1716 
f 1717//1717 1637//1637 1639//1639 
f 1721//1721 1717//1717 1639//1639 
f 1638//1638 1720//1720 1640//1640 
f 1720//1720 1724//1724 1640//1640 
f 1639//1639 1641//1641 1721//1721 
f 1721//1721 1641//1641 1725//1725 
f 1642//1642 1726//1726 1732//1732 
f 1646//1646 1642//1642 1732//1732 
f 1643//1643 1727//1727 1642//1642 
f 1642//1642 1727//1727 1726//1726 
f 1724//1724 1643//1643 1640//1640 
f 1727//1727 1643//1643 1724//1724 
f 1641//1641 1728//1728 1725//1725 
f 1644//1644 1728//1728 1641//1641 
f 1645//1645 1729//1729 1644//1644 
f 1644//1644 1729//1729 1728//1728 
f 1729//1729 1645//1645 1647//1647 
f 1733//1733 1729//1729 1647//1647 
f 1646//1646 1732//1732 1648//1648 
f 1732//1732 1734//1734 1648//1648 
f 1647//1647 1649//1649 1733//1733 
f 1733//1733 1649//1649 1735//1735 
f 1648//1648 1734//1734 1652//1652 
f 1734//1734 1738//1738 1652//1652 
f 1649//1649 1736//1736 1735//1735 
f 1650//1650 1736//1736 1649//1649 
f 1651//1651 1737//1737 1650//1650 
f 1650//1650 1737//1737 1736//1736 
f 1737//1737 1651//1651 1653//1653 
f 1739//1739 1737//1737 1653//1653 
f 1652//1652 1738//1738 1654//1654 
f 1738//1738 1740//1740 1654//1654 
f 1653//1653 1655//1655 1739//1739 
f 1739//1739 1655//1655 1741//1741 
f 1654//1654 1740//1740 1742//1742 
f 1656//1656 1654//1654 1742//1742 
f 1657//1657 1656//1656 1743//1743 
f 1656//1656 1742//1742 1743//1743 
f 1743//1743 1658//1658 1657//1657 
f 1744//1744 1658//1658 1743//1743 
f 1655//1655 1659//1659 1741//1741 
f 1741//1741 1659//1659 1745//1745 
f 1658//1658 1744//1744 1660//1660 
f 1744//1744 1748//1748 1660//1660 
f 1659//1659 1661//1661 1745//1745 
f 1745//1745 1661//1661 1749//1749 
f 1660//1660 1748//1748 1664//1664 
f 1748//1748 1754//1754 1664//1664 
f 1661//1661 1750//1750 1749//1749 
f 1662//1662 1750//1750 1661//1661 
f 1663//1663 1751//1751 1662//1662 
f 1662//1662 1751//1751 1750//1750 
f 1751//1751 1663//1663 1665//1665 
f 1755//1755 1751//1751 1665//1665 
f 1664//1664 1754//1754 1666//1666 
f 1754//1754 1760//1760 1666//1666 
f 1665//1665 1667//1667 1755//1755 
f 1755//1755 1667//1667 1761//1761 
f 1666//1666 1760//1760 1668//1668 
f 1760//1760 1766//1766 1668//1668 
f 1667//1667 1669//1669 1761//1761 
f 1761//1761 1669//1669 1767//1767 
f 1668//1668 1766//1766 1670//1670 
f 1766//1766 1768//1768 1670//1670 
f 1669//1669 1671//1671 1767//1767 
f 1767//1767 1671//1671 1769//1769 
f 1670//1670 1768//1768 1770//1770 
f 1672//1672 1670//1670 1770//1770 
f 1770//1770 1673//1673 1672//1672 
f 1771//1771 1673//1673 1770//1770 
f 1671//1671 1674//1674 1769//1769 
f 1769//1769 1674//1674 1772//1772 
f 1673//1673 1771//1771 1675//1675 
f 1771//1771 1773//1773 1675//1675 
f 1674//1674 1676//1676 1772//1772 
f 1772//1772 1676//1676 1774//1774 
f 1675//1675 1773//1773 1775//1775 
f 1677//1677 1675//1675 1775//1775 
f 1678//1678 1677//1677 1776//1776 
f 1677//1677 1775//1775 1776//1776 
f 1679//1679 1678//1678 1777//1777 
f 1678//1678 1776//1776 1777//1777 
f 1680//1680 1679//1679 1778//1778 
f 1679//1679 1777//1777 1778//1778 
f 1778//1778 1683//1683 1680//1680 
f 1781//1781 1683//1683 1778//1778 
f 1681//1681 1782//1782 1779//1779 
f 1684//1684 1782//1782 1681//1681 
f 1682//1682 1681//1681 1780//1780 
f 1681//1681 1779//1779 1780//1780 
f 1774//1774 1676//1676 1682//1682 
f 1780//1780 1774//1774 1682//1682 
f 1683//1683 1781//1781 1685//1685 
f 1781//1781 1785//1785 1685//1685 
f 1684//1684 1686//1686 1782//1782 
f 1782//1782 1686//1686 1786//1786 
f 1685//1685 1785//1785 1787//1787 
f 1687//1687 1685//1685 1787//1787 
f 1688//1688 1687//1687 1788//1788 
f 1687//1687 1787//1787 1788//1788 
f 1788//1788 1689//1689 1688//1688 
f 1791//1791 1689//1689 1788//1788 
f 1686//1686 1690//1690 1786//1786 
f 1786//1786 1690//1690 1792//1792 
f 1689//1689 1791//1791 1691//1691 
f 1791//1791 1793//1793 1691//1691 
f 1690//1690 1692//1692 1792//1792 
f 1792//1792 1692//1692 1794//1794 
f 1691//1691 1793//1793 1795//1795 
f 1693//1693 1691//1691 1795//1795 
f 1694//1694 1693//1693 1796//1796 
f 1693//1693 1795//1795 1796//1796 
f 1695//1695 1694//1694 1797//1797 
f 1694//1694 1796//1796 1797//1797 
f 1696//1696 1695//1695 1798//1798 
f 1695//1695 1797//1797 1798//1798 
f 1697//1697 1696//1696 1799//1799 
f 1696//1696 1798//1798 1799//1799 
f 1698//1698 1697//1697 1800//1800 
f 1697//1697 1799//1799 1800//1800 
f 1699//1699 1698//1698 1801//1801 
f 1698//1698 1800//1800 1801//1801 
f 1700//1700 1699//1699 1802//1802 
f 1699//1699 1801//1801 1802//1802 
f 1794//1794 1692//1692 1700//1700 
f 1802//1802 1794//1794 1700//1700 
f 1705//1705 1803//1803 1807//1807 
f 1705//1705 1706//1706 1804//1804 
f 1803//1803 1705//1705 1804//1804 
f 1706//1706 1703//1703 1701//1701 
f 1706//1706 1701//1701 1804//1804 
f 1804//1804 1701//1701 1805//1805 
f 1702//1702 1806//1806 1701//1701 
f 1701//1701 1806//1806 1805//1805 
f 1806//1806 1702//1702 1704//1704 
f 1808//1808 1806//1806 1704//1704 
f 1718//1718 1705//1705 1807//1807 
f 1813//1813 1718//1718 1807//1807 
f 1706//1706 1705//1705 1719//1719 
f 1719//1719 1705//1705 1718//1718 
f 1703//1703 1719//1719 1707//1707 
f 1706//1706 1719//1719 1703//1703 
f 1704//1704 1708//1708 1808//1808 
f 1808//1808 1708//1708 1814//1814 
f 1722//1722 1815//1815 1828//1828 
f 1722//1722 1723//1723 1816//1816 
f 1815//1815 1722//1722 1816//1816 
f 1723//1723 1720//1720 1709//1709 
f 1723//1723 1709//1709 1816//1816 
f 1816//1816 1709//1709 1817//1817 
f 1813//1813 1710//1710 1718//1718 
f 1813//1813 1817//1817 1710//1710 
f 1817//1817 1709//1709 1710//1710 
f 1711//1711 1718//1718 1710//1710 
f 1719//1719 1718//1718 1711//1711 
f 1707//1707 1719//1719 1711//1711 
f 1708//1708 1818//1818 1814//1814 
f 1712//1712 1818//1818 1708//1708 
f 1713//1713 1819//1819 1712//1712 
f 1712//1712 1819//1819 1818//1818 
f 1714//1714 1820//1820 1713//1713 
f 1713//1713 1820//1820 1819//1819 
f 1715//1715 1821//1821 1714//1714 
f 1714//1714 1821//1821 1820//1820 
f 1716//1716 1822//1822 1715//1715 
f 1715//1715 1822//1822 1821//1821 
f 1717//1717 1823//1823 1716//1716 
f 1716//1716 1823//1823 1822//1822 
f 1823//1823 1717//1717 1721//1721 
f 1829//1829 1823//1823 1721//1721 
f 1730//1730 1722//1722 1828//1828 
f 1830//1830 1730//1730 1828//1828 
f 1723//1723 1722//1722 1731//1731 
f 1731//1731 1722//1722 1730//1730 
f 1720//1720 1731//1731 1724//1724 
f 1723//1723 1731//1731 1720//1720 
f 1721//1721 1725//1725 1829//1829 
f 1829//1829 1725//1725 1831//1831 
f 1726//1726 1730//1730 1830//1830 
f 1726//1726 1830//1830 1732//1732 
f 1732//1732 1830//1830 1834//1834 
f 1727//1727 1730//1730 1726//1726 
f 1731//1731 1730//1730 1727//1727 
f 1724//1724 1731//1731 1727//1727 
f 1725//1725 1832//1832 1831//1831 
f 1728//1728 1832//1832 1725//1725 
f 1729//1729 1833//1833 1728//1728 
f 1728//1728 1833//1833 1832//1832 
f 1833//1833 1729//1729 1733//1733 
f 1835//1835 1833//1833 1733//1733 
f 1732//1732 1834//1834 1734//1734 
f 1834//1834 1836//1836 1734//1734 
f 1733//1733 1735//1735 1835//1835 
f 1835//1835 1735//1735 1837//1837 
f 1734//1734 1836//1836 1738//1738 
f 1836//1836 1840//1840 1738//1738 
f 1735//1735 1838//1838 1837//1837 
f 1736//1736 1838//1838 1735//1735 
f 1737//1737 1839//1839 1736//1736 
f 1736//1736 1839//1839 1838//1838 
f 1839//1839 1737//1737 1739//1739 
f 1841//1841 1839//1839 1739//1739 
f 1738//1738 1840//1840 1740//1740 
f 1840//1840 1846//1846 1740//1740 
f 1739//1739 1741//1741 1841//1841 
f 1841//1841 1741//1741 1847//1847 
f 1746//1746 1742//1742 1740//1740 
f 1746//1746 1740//1740 1852//1852 
f 1852//1852 1740//1740 1846//1846 
f 1742//1742 1747//1747 1743//1743 
f 1746//1746 1747//1747 1742//1742 
f 1743//1743 1747//1747 1744//1744 
f 1741//1741 1745//1745 1847//1847 
f 1847//1847 1745//1745 1853//1853 
f 1752//1752 1746//1746 1852//1852 
f 1854//1854 1752//1752 1852//1852 
f 1747//1747 1746//1746 1753//1753 
f 1753//1753 1746//1746 1752//1752 
f 1744//1744 1753//1753 1748//1748 
f 1747//1747 1753//1753 1744//1744 
f 1745//1745 1749//1749 1853//1853 
f 1853//1853 1749//1749 1855//1855 
f 1756//1756 1752//1752 1854//1854 
f 1856//1856 1756//1756 1854//1854 
f 1753//1753 1752//1752 1757//1757 
f 1757//1757 1752//1752 1756//1756 
f 1748//1748 1757//1757 1754//1754 
f 1753//1753 1757//1757 1748//1748 
f 1758//1758 1749//1749 1750//1750 
f 1758//1758 1857//1857 1749//1749 
f 1857//1857 1855//1855 1749//1749 
f 1750//1750 1751//1751 1759//1759 
f 1758//1758 1750//1750 1759//1759 
f 1751//1751 1755//1755 1759//1759 
f 1762//1762 1756//1756 1856//1856 
f 1858//1858 1762//1762 1856//1856 
f 1757//1757 1756//1756 1763//1763 
f 1763//1763 1756//1756 1762//1762 
f 1754//1754 1763//1763 1760//1760 
f 1757//1757 1763//1763 1754//1754 
f 1764//1764 1857//1857 1758//1758 
f 1859//1859 1857//1857 1764//1764 
f 1759//1759 1765//1765 1758//1758 
f 1765//1765 1764//1764 1758//1758 
f 1755//1755 1761//1761 1765//1765 
f 1759//1759 1755//1755 1765//1765 
f 1762//1762 1858//1858 1860//1860 
f 1763//1763 1762//1762 1860//1860 
f 1861//1861 1763//1763 1860//1860 
f 1861//1861 1760//1760 1763//1763 
f 1861//1861 1864//1864 1760//1760 
f 1864//1864 1766//1766 1760//1760 
f 1764//1764 1862//1862 1859//1859 
f 1765//1765 1862//1862 1764//1764 
f 1863//1863 1862//1862 1765//1765 
f 1863//1863 1765//1765 1761//1761 
f 1863//1863 1761//1761 1865//1865 
f 1865//1865 1761//1761 1767//1767 
f 1766//1766 1864//1864 1768//1768 
f 1864//1864 1870//1870 1768//1768 
f 1767//1767 1769//1769 1865//1865 
f 1865//1865 1769//1769 1871//1871 
f 1768//1768 1870//1870 1872//1872 
f 1770//1770 1768//1768 1872//1872 
f 1872//1872 1771//1771 1770//1770 
f 1877//1877 1771//1771 1872//1872 
f 1769//1769 1772//1772 1871//1871 
f 1871//1871 1772//1772 1878//1878 
f 1771//1771 1877//1877 1773//1773 
f 1877//1877 1882//1882 1773//1773 
f 1772//1772 1774//1774 1878//1878 
f 1878//1878 1774//1774 1883//1883 
f 1773//1773 1882//1882 1884//1884 
f 1775//1775 1773//1773 1884//1884 
f 1776//1776 1775//1775 1885//1885 
f 1775//1775 1884//1884 1885//1885 
f 1783//1783 1885//1885 1891//1891 
f 1783//1783 1777//1777 1885//1885 
f 1777//1777 1776//1776 1885//1885 
f 1777//1777 1784//1784 1778//1778 
f 1783//1783 1784//1784 1777//1777 
f 1778//1778 1784//1784 1781//1781 
f 1779//1779 1892//1892 1886//1886 
f 1782//1782 1892//1892 1779//1779 
f 1780//1780 1779//1779 1887//1887 
f 1779//1779 1886//1886 1887//1887 
f 1883//1883 1774//1774 1780//1780 
f 1887//1887 1883//1883 1780//1780 
f 1789//1789 1783//1783 1891//1891 
f 1893//1893 1789//1789 1891//1891 
f 1784//1784 1783//1783 1790//1790 
f 1790//1790 1783//1783 1789//1789 
f 1781//1781 1790//1790 1785//1785 
f 1784//1784 1790//1790 1781//1781 
f 1782//1782 1786//1786 1892//1892 
f 1892//1892 1786//1786 1894//1894 
f 1789//1789 1893//1893 1895//1895 
f 1790//1790 1789//1789 1895//1895 
f 1896//1896 1790//1790 1895//1895 
f 1785//1785 1790//1790 1896//1896 
f 1785//1785 1896//1896 1787//1787 
f 1787//1787 1896//1896 1897//1897 
f 1788//1788 1787//1787 1898//1898 
f 1787//1787 1897//1897 1898//1898 
f 1898//1898 1791//1791 1788//1788 
f 1899//1899 1791//1791 1898//1898 
f 1786//1786 1792//1792 1894//1894 
f 1894//1894 1792//1792 1900//1900 
f 1791//1791 1899//1899 1793//1793 
f 1899//1899 1903//1903 1793//1793 
f 1792//1792 1794//1794 1900//1900 
f 1900//1900 1794//1794 1904//1904 
f 1793//1793 1903//1903 1905//1905 
f 1795//1795 1793//1793 1905//1905 
f 1796//1796 1795//1795 1906//1906 
f 1795//1795 1905//1905 1906//1906 
f 1797//1797 1796//1796 1907//1907 
f 1796//1796 1906//1906 1907//1907 
f 1798//1798 1797//1797 1908//1908 
f 1797//1797 1907//1907 1908//1908 
f 1799//1799 1798//1798 1909//1909 
f 1798//1798 1908//1908 1909//1909 
f 1800//1800 1799//1799 1910//1910 
f 1799//1799 1909//1909 1910//1910 
f 1801//1801 1800//1800 1911//1911 
f 1800//1800 1910//1910 1911//1911 
f 1802//1802 1801//1801 1912//1912 
f 1801//1801 1911//1911 1912//1912 
f 1904//1904 1794//1794 1802//1802 
f 1912//1912 1904//1904 1802//1802 
f 1803//1803 1809//1809 1807//1807 
f 1803//1803 1804//1804 1810//1810 
f 1809//1809 1803//1803 1810//1810 
f 1804//1804 1805//1805 1811//1811 
f 1810//1810 1804//1804 1811//1811 
f 1805//1805 1806//1806 1812//1812 
f 1811//1811 1805//1805 1812//1812 
f 1806//1806 1808//1808 1812//1812 
f 1809//1809 1824//1824 1813//1813 
f 1807//1807 1809//1809 1813//1813 
f 1810//1810 1825//1825 1809//1809 
f 1825//1825 1824//1824 1809//1809 
f 1811//1811 1826//1826 1810//1810 
f 1826//1826 1825//1825 1810//1810 
f 1812//1812 1827//1827 1811//1811 
f 1827//1827 1826//1826 1811//1811 
f 1808//1808 1814//1814 1827//1827 
f 1812//1812 1808//1808 1827//1827 
f 1815//1815 1915//1915 1928//1928 
f 1828//1828 1815//1815 1928//1928 
f 1816//1816 1916//1916 1815//1815 
f 1815//1815 1916//1916 1915//1915 
f 1817//1817 1917//1917 1816//1816 
f 1816//1816 1917//1917 1916//1916 
f 1824//1824 1817//1817 1813//1813 
f 1824//1824 1918//1918 1817//1817 
f 1918//1918 1917//1917 1817//1817 
f 1825//1825 1918//1918 1824//1824 
f 1919//1919 1918//1918 1825//1825 
f 1826//1826 1919//1919 1825//1825 
f 1920//1920 1919//1919 1826//1826 
f 1827//1827 1920//1920 1826//1826 
f 1921//1921 1920//1920 1827//1827 
f 1814//1814 1921//1921 1827//1827 
f 1814//1814 1818//1818 1921//1921 
f 1818//1818 1922//1922 1921//1921 
f 1819//1819 1923//1923 1818//1818 
f 1818//1818 1923//1923 1922//1922 
f 1820//1820 1924//1924 1819//1819 
f 1819//1819 1924//1924 1923//1923 
f 1821//1821 1925//1925 1820//1820 
f 1820//1820 1925//1925 1924//1924 
f 1822//1822 1926//1926 1821//1821 
f 1821//1821 1926//1926 1925//1925 
f 1823//1823 1927//1927 1822//1822 
f 1822//1822 1927//1927 1926//1926 
f 1927//1927 1823//1823 1829//1829 
f 1929//1929 1927//1927 1829//1829 
f 1828//1828 1928//1928 1830//1830 
f 1928//1928 1932//1932 1830//1830 
f 1829//1829 1831//1831 1929//1929 
f 1929//1929 1831//1831 1933//1933 
f 1830//1830 1932//1932 1834//1834 
f 1932//1932 1938//1938 1834//1834 
f 1831//1831 1934//1934 1933//1933 
f 1832//1832 1934//1934 1831//1831 
f 1833//1833 1935//1935 1832//1832 
f 1832//1832 1935//1935 1934//1934 
f 1935//1935 1833//1833 1835//1835 
f 1939//1939 1935//1935 1835//1835 
f 1834//1834 1938//1938 1836//1836 
f 1938//1938 1944//1944 1836//1836 
f 1835//1835 1837//1837 1939//1939 
f 1939//1939 1837//1837 1945//1945 
f 1842//1842 1946//1946 1952//1952 
f 1842//1842 1843//1843 1947//1947 
f 1946//1946 1842//1842 1947//1947 
f 1843//1843 1944//1944 1947//1947 
f 1843//1843 1840//1840 1944//1944 
f 1840//1840 1836//1836 1944//1944 
f 1844//1844 1837//1837 1838//1838 
f 1844//1844 1953//1953 1837//1837 
f 1953//1953 1945//1945 1837//1837 
f 1838//1838 1839//1839 1845//1845 
f 1844//1844 1838//1838 1845//1845 
f 1839//1839 1841//1841 1845//1845 
f 1848//1848 1842//1842 1952//1952 
f 1954//1954 1848//1848 1952//1952 
f 1843//1843 1842//1842 1849//1849 
f 1849//1849 1842//1842 1848//1848 
f 1840//1840 1849//1849 1846//1846 
f 1843//1843 1849//1849 1840//1840 
f 1850//1850 1953//1953 1844//1844 
f 1955//1955 1953//1953 1850//1850 
f 1845//1845 1851//1851 1844//1844 
f 1851//1851 1850//1850 1844//1844 
f 1841//1841 1847//1847 1851//1851 
f 1845//1845 1841//1841 1851//1851 
f 1848//1848 1954//1954 1956//1956 
f 1849//1849 1848//1848 1956//1956 
f 1957//1957 1849//1849 1956//1956 
f 1957//1957 1846//1846 1849//1849 
f 1957//1957 1960//1960 1846//1846 
f 1960//1960 1852//1852 1846//1846 
f 1850//1850 1958//1958 1955//1955 
f 1851//1851 1958//1958 1850//1850 
f 1959//1959 1958//1958 1851//1851 
f 1959//1959 1851//1851 1847//1847 
f 1959//1959 1847//1847 1961//1961 
f 1961//1961 1847//1847 1853//1853 
f 1852//1852 1960//1960 1854//1854 
f 1960//1960 1964//1964 1854//1854 
f 1853//1853 1855//1855 1961//1961 
f 1961//1961 1855//1855 1965//1965 
f 1854//1854 1964//1964 1856//1856 
f 1964//1964 1968//1968 1856//1856 
f 1855//1855 1857//1857 1965//1965 
f 1965//1965 1857//1857 1969//1969 
f 1856//1856 1968//1968 1858//1858 
f 1968//1968 1972//1972 1858//1858 
f 1857//1857 1859//1859 1969//1969 
f 1969//1969 1859//1859 1973//1973 
f 1866//1866 1860//1860 1858//1858 
f 1866//1866 1858//1858 1976//1976 
f 1976//1976 1858//1858 1972//1972 
f 1860//1860 1867//1867 1861//1861 
f 1866//1866 1867//1867 1860//1860 
f 1861//1861 1867//1867 1864//1864 
f 1868//1868 1859//1859 1862//1862 
f 1868//1868 1977//1977 1859//1859 
f 1977//1977 1973//1973 1859//1859 
f 1862//1862 1863//1863 1869//1869 
f 1868//1868 1862//1862 1869//1869 
f 1863//1863 1865//1865 1869//1869 
f 1873//1873 1866//1866 1976//1976 
f 1978//1978 1873//1873 1976//1976 
f 1867//1867 1866//1866 1874//1874 
f 1874//1874 1866//1866 1873//1873 
f 1864//1864 1874//1874 1870//1870 
f 1867//1867 1874//1874 1864//1864 
f 1875//1875 1977//1977 1868//1868 
f 1979//1979 1977//1977 1875//1875 
f 1869//1869 1876//1876 1868//1868 
f 1876//1876 1875//1875 1868//1868 
f 1865//1865 1871//1871 1876//1876 
f 1869//1869 1865//1865 1876//1876 
f 1873//1873 1978//1978 1980//1980 
f 1874//1874 1873//1873 1980//1980 
f 1981//1981 1874//1874 1980//1980 
f 1879//1879 1981//1981 1982//1982 
f 1872//1872 1981//1981 1879//1879 
f 1872//1872 1874//1874 1981//1981 
f 1872//1872 1870//1870 1874//1874 
f 1872//1872 1879//1879 1877//1877 
f 1880//1880 1979//1979 1875//1875 
f 1983//1983 1979//1979 1880//1880 
f 1876//1876 1881//1881 1875//1875 
f 1881//1881 1880//1880 1875//1875 
f 1871//1871 1878//1878 1881//1881 
f 1876//1876 1871//1871 1881//1881 
f 1888//1888 1879//1879 1982//1982 
f 1984//1984 1888//1888 1982//1982 
f 1877//1877 1888//1888 1882//1882 
f 1879//1879 1888//1888 1877//1877 
f 1889//1889 1983//1983 1880//1880 
f 1985//1985 1983//1983 1889//1889 
f 1881//1881 1890//1890 1880//1880 
f 1890//1890 1889//1889 1880//1880 
f 1878//1878 1883//1883 1890//1890 
f 1881//1881 1878//1878 1890//1890 
f 1888//1888 1984//1984 1986//1986 
f 1882//1882 1888//1888 1986//1986 
f 1882//1882 1986//1986 1884//1884 
f 1884//1884 1986//1986 1987//1987 
f 1885//1885 1884//1884 1988//1988 
f 1884//1884 1987//1987 1988//1988 
f 1988//1988 1891//1891 1885//1885 
f 1989//1989 1891//1891 1988//1988 
f 1886//1886 1985//1985 1889//1889 
f 1886//1886 1892//1892 1985//1985 
f 1892//1892 1990//1990 1985//1985 
f 1887//1887 1886//1886 1889//1889 
f 1890//1890 1887//1887 1889//1889 
f 1883//1883 1887//1887 1890//1890 
f 1891//1891 1989//1989 1893//1893 
f 1989//1989 1993//1993 1893//1893 
f 1892//1892 1894//1894 1990//1990 
f 1990//1990 1894//1894 1994//1994 
f 1893//1893 1993//1993 1995//1995 
f 1895//1895 1893//1893 1995//1995 
f 1896//1896 1895//1895 1996//1996 
f 1895//1895 1995//1995 1996//1996 
f 1901//1901 1996//1996 1999//1999 
f 1901//1901 1897//1897 1996//1996 
f 1897//1897 1896//1896 1996//1996 
f 1897//1897 1902//1902 1898//1898 
f 1901//1901 1902//1902 1897//1897 
f 1898//1898 1902//1902 1899//1899 
f 1894//1894 1900//1900 1994//1994 
f 1994//1994 1900//1900 2000//2000 
f 1913//1913 1901//1901 1999//1999 
f 2001//2001 1913//1913 1999//1999 
f 1902//1902 1901//1901 1914//1914 
f 1914//1914 1901//1901 1913//1913 
f 1899//1899 1914//1914 1903//1903 
f 1902//1902 1914//1914 1899//1899 
f 1900//1900 1904//1904 2000//2000 
f 2000//2000 1904//1904 2002//2002 
f 1913//1913 2001//2001 2003//2003 
f 1914//1914 1913//1913 2003//2003 
f 2004//2004 1914//1914 2003//2003 
f 1903//1903 1914//1914 2004//2004 
f 1903//1903 2004//2004 1905//1905 
f 1905//1905 2004//2004 2005//2005 
f 1906//1906 1905//1905 2006//2006 
f 1905//1905 2005//2005 2006//2006 
f 1907//1907 1906//1906 2007//2007 
f 1906//1906 2006//2006 2007//2007 
f 1908//1908 1907//1907 2008//2008 
f 1907//1907 2007//2007 2008//2008 
f 1909//1909 1908//1908 2009//2009 
f 1908//1908 2008//2008 2009//2009 
f 1910//1910 1909//1909 2010//2010 
f 1909//1909 2009//2009 2010//2010 
f 1911//1911 1910//1910 2011//2011 
f 1910//1910 2010//2010 2011//2011 
f 1912//1912 1911//1911 2012//2012 
f 1911//1911 2011//2011 2012//2012 
f 2002//2002 1904//1904 1912//1912 
f 2012//2012 2002//2002 1912//1912 
f 1915//1915 2013//2013 2024//2024 
f 1928//1928 1915//1915 2024//2024 
f 1916//1916 2014//2014 1915//1915 
f 1915//1915 2014//2014 2013//2013 
f 1917//1917 2015//2015 1916//1916 
f 1916//1916 2015//2015 2014//2014 
f 1918//1918 2016//2016 1917//1917 
f 1917//1917 2016//2016 2015//2015 
f 1919//1919 2017//2017 1918//1918 
f 1918//1918 2017//2017 2016//2016 
f 1920//1920 2018//2018 1919//1919 
f 1919//1919 2018//2018 2017//2017 
f 1921//1921 2019//2019 1920//1920 
f 1920//1920 2019//2019 2018//2018 
f 1922//1922 2020//2020 1921//1921 
f 1921//1921 2020//2020 2019//2019 
f 1923//1923 2021//2021 1922//1922 
f 1922//1922 2021//2021 2020//2020 
f 1924//1924 2022//2022 1923//1923 
f 1923//1923 2022//2022 2021//2021 
f 1925//1925 2023//2023 1924//1924 
f 1924//1924 2023//2023 2022//2022 
f 1930//1930 2025//2025 2023//2023 
f 1930//1930 2023//2023 1926//1926 
f 1926//1926 2023//2023 1925//1925 
f 1926//1926 1927//1927 1931//1931 
f 1930//1930 1926//1926 1931//1931 
f 1927//1927 1929//1929 1931//1931 
f 1928//1928 2024//2024 1932//1932 
f 2024//2024 2030//2030 1932//1932 
f 1936//1936 2025//2025 1930//1930 
f 2031//2031 2025//2025 1936//1936 
f 1931//1931 1937//1937 1930//1930 
f 1937//1937 1936//1936 1930//1930 
f 1929//1929 1933//1933 1937//1937 
f 1931//1931 1929//1929 1937//1937 
f 1940//1940 2032//2032 2040//2040 
f 1940//1940 1941//1941 2033//2033 
f 2032//2032 1940//1940 2033//2033 
f 1941//1941 2030//2030 2033//2033 
f 1941//1941 1938//1938 2030//2030 
f 1938//1938 1932//1932 2030//2030 
f 1936//1936 2034//2034 2031//2031 
f 1937//1937 2034//2034 1936//1936 
f 2035//2035 2034//2034 1937//1937 
f 1942//1942 2041//2041 2035//2035 
f 1934//1934 1942//1942 2035//2035 
f 1934//1934 2035//2035 1937//1937 
f 1934//1934 1937//1937 1933//1933 
f 1934//1934 1935//1935 1943//1943 
f 1942//1942 1934//1934 1943//1943 
f 1935//1935 1939//1939 1943//1943 
f 1948//1948 1940//1940 2040//2040 
f 2042//2042 1948//1948 2040//2040 
f 1941//1941 1940//1940 1949//1949 
f 1949//1949 1940//1940 1948//1948 
f 1938//1938 1949//1949 1944//1944 
f 1941//1941 1949//1949 1938//1938 
f 1950//1950 2041//2041 1942//1942 
f 2043//2043 2041//2041 1950//1950 
f 1943//1943 1951//1951 1942//1942 
f 1951//1951 1950//1950 1942//1942 
f 1939//1939 1945//1945 1951//1951 
f 1943//1943 1939//1939 1951//1951 
f 1946//1946 1948//1948 2042//2042 
f 1946//1946 2042//2042 1952//1952 
f 1952//1952 2042//2042 2046//2046 
f 1947//1947 1948//1948 1946//1946 
f 1949//1949 1948//1948 1947//1947 
f 1944//1944 1949//1949 1947//1947 
f 1950//1950 2044//2044 2043//2043 
f 1951//1951 2044//2044 1950//1950 
f 2045//2045 2044//2044 1951//1951 
f 2045//2045 1951//1951 1945//1945 
f 2045//2045 1945//1945 2047//2047 
f 2047//2047 1945//1945 1953//1953 
f 1952//1952 2046//2046 1954//1954 
f 2046//2046 2048//2048 1954//1954 
f 1953//1953 1955//1955 2047//2047 
f 2047//2047 1955//1955 2049//2049 
f 1962//1962 1956//1956 1954//1954 
f 1962//1962 1954//1954 2052//2052 
f 2052//2052 1954//1954 2048//2048 
f 1956//1956 1963//1963 1957//1957 
f 1962//1962 1963//1963 1956//1956 
f 1957//1957 1963//1963 1960//1960 
f 1955//1955 2050//2050 2049//2049 
f 1958//1958 2050//2050 1955//1955 
f 1959//1959 2051//2051 1958//1958 
f 1958//1958 2051//2051 2050//2050 
f 2051//2051 1959//1959 1961//1961 
f 2053//2053 2051//2051 1961//1961 
f 1966//1966 1962//1962 2052//2052 
f 2056//2056 1966//1966 2052//2052 
f 1963//1963 1962//1962 1967//1967 
f 1967//1967 1962//1962 1966//1966 
f 1960//1960 1967//1967 1964//1964 
f 1963//1963 1967//1967 1960//1960 
f 1961//1961 1965//1965 2053//2053 
f 2053//2053 1965//1965 2057//2057 
f 1970//1970 1966//1966 2056//2056 
f 2060//2060 1970//1970 2056//2056 
f 1967//1967 1966//1966 1971//1971 
f 1971//1971 1966//1966 1970//1970 
f 1964//1964 1971//1971 1968//1968 
f 1967//1967 1971//1971 1964//1964 
f 1965//1965 1969//1969 2057//2057 
f 2057//2057 1969//1969 2061//2061 
f 1974//1974 1970//1970 2060//2060 
f 2062//2062 1974//1974 2060//2060 
f 1971//1971 1970//1970 1975//1975 
f 1975//1975 1970//1970 1974//1974 
f 1968//1968 1975//1975 1972//1972 
f 1971//1971 1975//1975 1968//1968 
f 1969//1969 1973//1973 2061//2061 
f 2061//2061 1973//1973 2063//2063 
f 1974//1974 2062//2062 2064//2064 
f 1975//1975 1974//1974 2064//2064 
f 2065//2065 1975//1975 2064//2064 
f 2065//2065 1972//1972 1975//1975 
f 2065//2065 2066//2066 1972//1972 
f 2066//2066 1976//1976 1972//1972 
f 1973//1973 1977//1977 2063//2063 
f 2063//2063 1977//1977 2067//2067 
f 1976//1976 2066//2066 1978//1978 
f 2066//2066 2070//2070 1978//1978 
f 1977//1977 1979//1979 2067//2067 
f 2067//2067 1979//1979 2071//2071 
f 1978//1978 2070//2070 2072//2072 
f 1980//1980 1978//1978 2072//2072 
f 1981//1981 1980//1980 2073//2073 
f 1980//1980 2072//2072 2073//2073 
f 2073//2073 1982//1982 1981//1981 
f 2076//2076 1982//1982 2073//2073 
f 1979//1979 1983//1983 2071//2071 
f 2071//2071 1983//1983 2077//2077 
f 1982//1982 2076//2076 1984//1984 
f 2076//2076 2080//2080 1984//1984 
f 1983//1983 1985//1985 2077//2077 
f 2077//2077 1985//1985 2081//2081 
f 1984//1984 2080//2080 2082//2082 
f 1986//1986 1984//1984 2082//2082 
f 1991//1991 2082//2082 2085//2085 
f 1991//1991 1987//1987 2082//2082 
f 1987//1987 1986//1986 2082//2082 
f 1987//1987 1992//1992 1988//1988 
f 1991//1991 1992//1992 1987//1987 
f 1988//1988 1992//1992 1989//1989 
f 1985//1985 1990//1990 2081//2081 
f 2081//2081 1990//1990 2086//2086 
f 1997//1997 1991//1991 2085//2085 
f 2087//2087 1997//1997 2085//2085 
f 1992//1992 1991//1991 1998//1998 
f 1998//1998 1991//1991 1997//1997 
f 1989//1989 1998//1998 1993//1993 
f 1992//1992 1998//1998 1989//1989 
f 1990//1990 1994//1994 2086//2086 
f 2086//2086 1994//1994 2088//2088 
f 1997//1997 2087//2087 2089//2089 
f 1998//1998 1997//1997 2089//2089 
f 2090//2090 1998//1998 2089//2089 
f 1993//1993 1998//1998 2090//2090 
f 1993//1993 2090//2090 1995//1995 
f 1995//1995 2090//2090 2091//2091 
f 1996//1996 1995//1995 2092//2092 
f 1995//1995 2091//2091 2092//2092 
f 2092//2092 1999//1999 1996//1996 
f 2093//2093 1999//1999 2092//2092 
f 1994//1994 2000//2000 2088//2088 
f 2088//2088 2000//2000 2094//2094 
f 1999//1999 2093//2093 2001//2001 
f 2093//2093 2099//2099 2001//2001 
f 2000//2000 2002//2002 2094//2094 
f 2094//2094 2002//2002 2100//2100 
f 2001//2001 2099//2099 2101//2101 
f 2003//2003 2001//2001 2101//2101 
f 2004//2004 2003//2003 2102//2102 
f 2003//2003 2101//2101 2102//2102 
f 2005//2005 2004//2004 2103//2103 
f 2004//2004 2102//2102 2103//2103 
f 2006//2006 2005//2005 2104//2104 
f 2005//2005 2103//2103 2104//2104 
f 2007//2007 2006//2006 2105//2105 
f 2006//2006 2104//2104 2105//2105 
f 2008//2008 2007//2007 2106//2106 
f 2007//2007 2105//2105 2106//2106 
f 2009//2009 2008//2008 2107//2107 
f 2008//2008 2106//2106 2107//2107 
f 2010//2010 2009//2009 2108//2108 
f 2009//2009 2107//2107 2108//2108 
f 2011//2011 2010//2010 2109//2109 
f 2010//2010 2108//2108 2109//2109 
f 2012//2012 2011//2011 2110//2110 
f 2011//2011 2109//2109 2110//2110 
f 2100//2100 2002//2002 2012//2012 
f 2110//2110 2100//2100 2012//2012 
f 2026//2026 2115//2115 2126//2126 
f 2026//2026 2027//2027 2116//2116 
f 2115//2115 2026//2026 2116//2116 
f 2027//2027 2024//2024 2013//2013 
f 2027//2027 2013//2013 2116//2116 
f 2116//2116 2013//2013 2117//2117 
f 2014//2014 2118//2118 2013//2013 
f 2013//2013 2118//2118 2117//2117 
f 2015//2015 2119//2119 2014//2014 
f 2014//2014 2119//2119 2118//2118 
f 2016//2016 2120//2120 2015//2015 
f 2015//2015 2120//2120 2119//2119 
f 2017//2017 2121//2121 2016//2016 
f 2016//2016 2121//2121 2120//2120 
f 2018//2018 2122//2122 2017//2017 
f 2017//2017 2122//2122 2121//2121 
f 2019//2019 2123//2123 2018//2018 
f 2018//2018 2123//2123 2122//2122 
f 2020//2020 2124//2124 2019//2019 
f 2019//2019 2124//2124 2123//2123 
f 2021//2021 2125//2125 2020//2020 
f 2020//2020 2125//2125 2124//2124 
f 2028//2028 2127//2127 2125//2125 
f 2028//2028 2125//2125 2022//2022 
f 2022//2022 2125//2125 2021//2021 
f 2022//2022 2023//2023 2029//2029 
f 2028//2028 2022//2022 2029//2029 
f 2023//2023 2025//2025 2029//2029 
f 2036//2036 2026//2026 2126//2126 
f 2130//2130 2036//2036 2126//2126 
f 2027//2027 2026//2026 2037//2037 
f 2037//2037 2026//2026 2036//2036 
f 2024//2024 2037//2037 2030//2030 
f 2027//2027 2037//2037 2024//2024 
f 2038//2038 2127//2127 2028//2028 
f 2131//2131 2127//2127 2038//2038 
f 2029//2029 2039//2039 2028//2028 
f 2039//2039 2038//2038 2028//2028 
f 2025//2025 2031//2031 2039//2039 
f 2029//2029 2025//2025 2039//2039 
f 2032//2032 2036//2036 2130//2130 
f 2032//2032 2130//2130 2040//2040 
f 2040//2040 2130//2130 2138//2138 
f 2033//2033 2036//2036 2032//2032 
f 2037//2037 2036//2036 2033//2033 
f 2030//2030 2037//2037 2033//2033 
f 2038//2038 2132//2132 2131//2131 
f 2039//2039 2132//2132 2038//2038 
f 2133//2133 2132//2132 2039//2039 
f 2031//2031 2133//2133 2039//2039 
f 2031//2031 2034//2034 2133//2133 
f 2034//2034 2134//2134 2133//2133 
f 2035//2035 2135//2135 2034//2034 
f 2034//2034 2135//2135 2134//2134 
f 2135//2135 2035//2035 2041//2041 
f 2139//2139 2135//2135 2041//2041 
f 2040//2040 2138//2138 2042//2042 
f 2138//2138 2144//2144 2042//2042 
f 2041//2041 2043//2043 2139//2139 
f 2139//2139 2043//2043 2145//2145 
f 2042//2042 2144//2144 2046//2046 
f 2144//2144 2152//2152 2046//2046 
f 2043//2043 2146//2146 2145//2145 
f 2044//2044 2146//2146 2043//2043 
f 2045//2045 2147//2147 2044//2044 
f 2044//2044 2147//2147 2146//2146 
f 2147//2147 2045//2045 2047//2047 
f 2153//2153 2147//2147 2047//2047 
f 2046//2046 2152//2152 2048//2048 
f 2152//2152 2156//2156 2048//2048 
f 2047//2047 2049//2049 2153//2153 
f 2153//2153 2049//2049 2157//2157 
f 2048//2048 2156//2156 2052//2052 
f 2156//2156 2160//2160 2052//2052 
f 2054//2054 2049//2049 2050//2050 
f 2054//2054 2161//2161 2049//2049 
f 2161//2161 2157//2157 2049//2049 
f 2050//2050 2051//2051 2055//2055 
f 2054//2054 2050//2050 2055//2055 
f 2051//2051 2053//2053 2055//2055 
f 2052//2052 2160//2160 2056//2056 
f 2160//2160 2164//2164 2056//2056 
f 2058//2058 2161//2161 2054//2054 
f 2165//2165 2161//2161 2058//2058 
f 2055//2055 2059//2059 2054//2054 
f 2059//2059 2058//2058 2054//2054 
f 2053//2053 2057//2057 2059//2059 
f 2055//2055 2053//2053 2059//2059 
f 2056//2056 2164//2164 2060//2060 
f 2164//2164 2170//2170 2060//2060 
f 2058//2058 2166//2166 2165//2165 
f 2059//2059 2166//2166 2058//2058 
f 2167//2167 2166//2166 2059//2059 
f 2167//2167 2059//2059 2057//2057 
f 2167//2167 2057//2057 2171//2171 
f 2171//2171 2057//2057 2061//2061 
f 2060//2060 2170//2170 2062//2062 
f 2170//2170 2174//2174 2062//2062 
f 2061//2061 2063//2063 2171//2171 
f 2171//2171 2063//2063 2175//2175 
f 2068//2068 2064//2064 2062//2062 
f 2068//2068 2062//2062 2178//2178 
f 2178//2178 2062//2062 2174//2174 
f 2064//2064 2069//2069 2065//2065 
f 2068//2068 2069//2069 2064//2064 
f 2065//2065 2069//2069 2066//2066 
f 2063//2063 2067//2067 2175//2175 
f 2175//2175 2067//2067 2179//2179 
f 2074//2074 2068//2068 2178//2178 
f 2180//2180 2074//2074 2178//2178 
f 2069//2069 2068//2068 2075//2075 
f 2075//2075 2068//2068 2074//2074 
f 2066//2066 2075//2075 2070//2070 
f 2069//2069 2075//2075 2066//2066 
f 2067//2067 2071//2071 2179//2179 
f 2179//2179 2071//2071 2181//2181 
f 2074//2074 2180//2180 2182//2182 
f 2075//2075 2074//2074 2182//2182 
f 2183//2183 2075//2075 2182//2182 
f 2078//2078 2183//2183 2184//2184 
f 2072//2072 2183//2183 2078//2078 
f 2072//2072 2075//2075 2183//2183 
f 2072//2072 2070//2070 2075//2075 
f 2072//2072 2079//2079 2073//2073 
f 2078//2078 2079//2079 2072//2072 
f 2073//2073 2079//2079 2076//2076 
f 2071//2071 2077//2077 2181//2181 
f 2181//2181 2077//2077 2185//2185 
f 2083//2083 2078//2078 2184//2184 
f 2186//2186 2083//2083 2184//2184 
f 2079//2079 2078//2078 2084//2084 
f 2084//2084 2078//2078 2083//2083 
f 2076//2076 2084//2084 2080//2080 
f 2079//2079 2084//2084 2076//2076 
f 2077//2077 2081//2081 2185//2185 
f 2185//2185 2081//2081 2187//2187 
f 2083//2083 2186//2186 2188//2188 
f 2084//2084 2083//2083 2188//2188 
f 2189//2189 2084//2084 2188//2188 
f 2080//2080 2084//2084 2189//2189 
f 2080//2080 2189//2189 2082//2082 
f 2082//2082 2189//2189 2190//2190 
f 2190//2190 2085//2085 2082//2082 
f 2191//2191 2085//2085 2190//2190 
f 2081//2081 2086//2086 2187//2187 
f 2187//2187 2086//2086 2192//2192 
f 2085//2085 2191//2191 2087//2087 
f 2191//2191 2194//2194 2087//2087 
f 2086//2086 2088//2088 2192//2192 
f 2192//2192 2088//2088 2195//2195 
f 2087//2087 2194//2194 2196//2196 
f 2089//2089 2087//2087 2196//2196 
f 2090//2090 2089//2089 2197//2197 
f 2089//2089 2196//2196 2197//2197 
f 2095//2095 2197//2197 2201//2201 
f 2095//2095 2091//2091 2197//2197 
f 2091//2091 2090//2090 2197//2197 
f 2091//2091 2096//2096 2092//2092 
f 2095//2095 2096//2096 2091//2091 
f 2092//2092 2096//2096 2093//2093 
f 2097//2097 2202//2202 2198//2198 
f 2097//2097 2199//2199 2098//2098 
f 2198//2198 2199//2199 2097//2097 
f 2098//2098 2199//2199 2195//2195 
f 2098//2098 2195//2195 2094//2094 
f 2094//2094 2195//2195 2088//2088 
f 2111//2111 2095//2095 2201//2201 
f 2203//2203 2111//2111 2201//2201 
f 2096//2096 2095//2095 2112//2112 
f 2112//2112 2095//2095 2111//2111 
f 2093//2093 2112//2112 2099//2099 
f 2096//2096 2112//2112 2093//2093 
f 2113//2113 2202//2202 2097//2097 
f 2204//2204 2202//2202 2113//2113 
f 2098//2098 2114//2114 2097//2097 
f 2114//2114 2113//2113 2097//2097 
f 2094//2094 2100//2100 2114//2114 
f 2098//2098 2094//2094 2114//2114 
f 2111//2111 2203//2203 2205//2205 
f 2112//2112 2111//2111 2205//2205 
f 2206//2206 2112//2112 2205//2205 
f 2099//2099 2112//2112 2206//2206 
f 2099//2099 2206//2206 2101//2101 
f 2101//2101 2206//2206 2207//2207 
f 2102//2102 2101//2101 2208//2208 
f 2101//2101 2207//2207 2208//2208 
f 2103//2103 2102//2102 2209//2209 
f 2102//2102 2208//2208 2209//2209 
f 2104//2104 2103//2103 2210//2210 
f 2103//2103 2209//2209 2210//2210 
f 2105//2105 2104//2104 2211//2211 
f 2104//2104 2210//2210 2211//2211 
f 2106//2106 2105//2105 2212//2212 
f 2105//2105 2211//2211 2212//2212 
f 2107//2107 2106//2106 2213//2213 
f 2106//2106 2212//2212 2213//2213 
f 2108//2108 2107//2107 2214//2214 
f 2107//2107 2213//2213 2214//2214 
f 2204//2204 2113//2113 2109//2109 
f 2204//2204 2109//2109 2214//2214 
f 2214//2214 2109//2109 2108//2108 
f 2110//2110 2109//2109 2113//2113 
f 2114//2114 2110//2110 2113//2113 
f 2100//2100 2110//2110 2114//2114 
f 2115//2115 2128//2128 2126//2126 
f 2115//2115 2116//2116 2129//2129 
f 2128//2128 2115//2115 2129//2129 
f 2224//2224 2129//2129 2116//2116 
f 2224//2224 2116//2116 2215//2215 
f 2215//2215 2116//2116 2117//2117 
f 2118//2118 2216//2216 2117//2117 
f 2117//2117 2216//2216 2215//2215 
f 2119//2119 2217//2217 2118//2118 
f 2118//2118 2217//2217 2216//2216 
f 2120//2120 2218//2218 2119//2119 
f 2119//2119 2218//2218 2217//2217 
f 2121//2121 2219//2219 2120//2120 
f 2120//2120 2219//2219 2218//2218 
f 2122//2122 2220//2220 2121//2121 
f 2121//2121 2220//2220 2219//2219 
f 2123//2123 2221//2221 2122//2122 
f 2122//2122 2221//2221 2220//2220 
f 2124//2124 2222//2222 2123//2123 
f 2123//2123 2222//2222 2221//2221 
f 2125//2125 2223//2223 2124//2124 
f 2124//2124 2223//2223 2222//2222 
f 2223//2223 2125//2125 2127//2127 
f 2225//2225 2223//2223 2127//2127 
f 2128//2128 2136//2136 2130//2130 
f 2126//2126 2128//2128 2130//2130 
f 2129//2129 2137//2137 2128//2128 
f 2137//2137 2136//2136 2128//2128 
f 2226//2226 2129//2129 2224//2224 
f 2137//2137 2129//2129 2226//2226 
f 2127//2127 2131//2131 2225//2225 
f 2225//2225 2131//2131 2227//2227 
f 2140//2140 2228//2228 2234//2234 
f 2140//2140 2141//2141 2229//2229 
f 2228//2228 2140//2140 2229//2229 
f 2136//2136 2230//2230 2229//2229 
f 2136//2136 2229//2229 2138//2138 
f 2136//2136 2138//2138 2130//2130 
f 2138//2138 2229//2229 2141//2141 
f 2137//2137 2230//2230 2136//2136 
f 2231//2231 2230//2230 2137//2137 
f 2226//2226 2231//2231 2137//2137 
f 2131//2131 2232//2232 2227//2227 
f 2132//2132 2232//2232 2131//2131 
f 2133//2133 2233//2233 2132//2132 
f 2132//2132 2233//2233 2232//2232 
f 2142//2142 2235//2235 2233//2233 
f 2142//2142 2233//2233 2134//2134 
f 2134//2134 2233//2233 2133//2133 
f 2134//2134 2135//2135 2143//2143 
f 2142//2142 2134//2134 2143//2143 
f 2135//2135 2139//2139 2143//2143 
f 2148//2148 2140//2140 2234//2234 
f 2236//2236 2148//2148 2234//2234 
f 2141//2141 2140//2140 2149//2149 
f 2149//2149 2140//2140 2148//2148 
f 2138//2138 2149//2149 2144//2144 
f 2141//2141 2149//2149 2138//2138 
f 2150//2150 2235//2235 2142//2142 
f 2237//2237 2235//2235 2150//2150 
f 2143//2143 2151//2151 2142//2142 
f 2151//2151 2150//2150 2142//2142 
f 2139//2139 2145//2145 2151//2151 
f 2143//2143 2139//2139 2151//2151 
f 2154//2154 2148//2148 2236//2236 
f 2242//2242 2154//2154 2236//2236 
f 2149//2149 2148//2148 2155//2155 
f 2155//2155 2148//2148 2154//2154 
f 2144//2144 2155//2155 2152//2152 
f 2149//2149 2155//2155 2144//2144 
f 2150//2150 2238//2238 2237//2237 
f 2151//2151 2238//2238 2150//2150 
f 2239//2239 2238//2238 2151//2151 
f 2145//2145 2239//2239 2151//2151 
f 2145//2145 2146//2146 2239//2239 
f 2146//2146 2240//2240 2239//2239 
f 2147//2147 2241//2241 2146//2146 
f 2146//2146 2241//2241 2240//2240 
f 2241//2241 2147//2147 2153//2153 
f 2243//2243 2241//2241 2153//2153 
f 2158//2158 2154//2154 2242//2242 
f 2244//2244 2158//2158 2242//2242 
f 2155//2155 2154//2154 2159//2159 
f 2159//2159 2154//2154 2158//2158 
f 2152//2152 2159//2159 2156//2156 
f 2155//2155 2159//2159 2152//2152 
f 2153//2153 2157//2157 2243//2243 
f 2243//2243 2157//2157 2245//2245 
f 2162//2162 2158//2158 2244//2244 
f 2246//2246 2162//2162 2244//2244 
f 2159//2159 2158//2158 2163//2163 
f 2163//2163 2158//2158 2162//2162 
f 2156//2156 2163//2163 2160//2160 
f 2159//2159 2163//2163 2156//2156 
f 2157//2157 2161//2161 2245//2245 
f 2245//2245 2161//2161 2247//2247 
f 2168//2168 2162//2162 2246//2246 
f 2248//2248 2168//2168 2246//2246 
f 2163//2163 2162//2162 2169//2169 
f 2169//2169 2162//2162 2168//2168 
f 2160//2160 2169//2169 2164//2164 
f 2163//2163 2169//2169 2160//2160 
f 2161//2161 2165//2165 2247//2247 
f 2247//2247 2165//2165 2249//2249 
f 2172//2172 2168//2168 2248//2248 
f 2252//2252 2172//2172 2248//2248 
f 2169//2169 2168//2168 2173//2173 
f 2173//2173 2168//2168 2172//2172 
f 2164//2164 2173//2173 2170//2170 
f 2169//2169 2173//2173 2164//2164 
f 2165//2165 2250//2250 2249//2249 
f 2166//2166 2250//2250 2165//2165 
f 2167//2167 2251//2251 2166//2166 
f 2166//2166 2251//2251 2250//2250 
f 2251//2251 2167//2167 2171//2171 
f 2253//2253 2251//2251 2171//2171 
f 2176//2176 2172//2172 2252//2252 
f 2254//2254 2176//2176 2252//2252 
f 2173//2173 2172//2172 2177//2177 
f 2177//2177 2172//2172 2176//2176 
f 2170//2170 2177//2177 2174//2174 
f 2173//2173 2177//2177 2170//2170 
f 2171//2171 2175//2175 2253//2253 
f 2253//2253 2175//2175 2255//2255 
f 2176//2176 2254//2254 2256//2256 
f 2177//2177 2176//2176 2256//2256 
f 2257//2257 2177//2177 2256//2256 
f 2257//2257 2174//2174 2177//2177 
f 2257//2257 2258//2258 2174//2174 
f 2258//2258 2178//2178 2174//2174 
f 2175//2175 2179//2179 2255//2255 
f 2255//2255 2179//2179 2259//2259 
f 2178//2178 2258//2258 2180//2180 
f 2258//2258 2260//2260 2180//2180 
f 2179//2179 2181//2181 2259//2259 
f 2259//2259 2181//2181 2261//2261 
f 2180//2180 2260//2260 2262//2262 
f 2182//2182 2180//2180 2262//2262 
f 2183//2183 2182//2182 2263//2263 
f 2182//2182 2262//2262 2263//2263 
f 2263//2263 2184//2184 2183//2183 
f 2264//2264 2184//2184 2263//2263 
f 2181//2181 2185//2185 2261//2261 
f 2261//2261 2185//2185 2265//2265 
f 2184//2184 2264//2264 2186//2186 
f 2264//2264 2266//2266 2186//2186 
f 2185//2185 2187//2187 2265//2265 
f 2265//2265 2187//2187 2267//2267 
f 2186//2186 2266//2266 2268//2268 
f 2188//2188 2186//2186 2268//2268 
f 2189//2189 2188//2188 2269//2269 
f 2188//2188 2268//2268 2269//2269 
f 2193//2193 2269//2269 2270//2270 
f 2193//2193 2190//2190 2269//2269 
f 2190//2190 2189//2189 2269//2269 
f 2190//2190 2193//2193 2191//2191 
f 2187//2187 2192//2192 2267//2267 
f 2267//2267 2192//2192 2271//2271 
f 2200//2200 2193//2193 2270//2270 
f 2272//2272 2200//2200 2270//2270 
f 2191//2191 2200//2200 2194//2194 
f 2193//2193 2200//2200 2191//2191 
f 2192//2192 2195//2195 2271//2271 
f 2271//2271 2195//2195 2273//2273 
f 2200//2200 2272//2272 2274//2274 
f 2194//2194 2200//2200 2274//2274 
f 2194//2194 2274//2274 2196//2196 
f 2196//2196 2274//2274 2275//2275 
f 2197//2197 2196//2196 2276//2276 
f 2196//2196 2275//2275 2276//2276 
f 2276//2276 2201//2201 2197//2197 
f 2279//2279 2201//2201 2276//2276 
f 2198//2198 2280//2280 2277//2277 
f 2202//2202 2280//2280 2198//2198 
f 2199//2199 2198//2198 2278//2278 
f 2198//2198 2277//2277 2278//2278 
f 2273//2273 2195//2195 2199//2199 
f 2278//2278 2273//2273 2199//2199 
f 2201//2201 2279//2279 2203//2203 
f 2279//2279 2281//2281 2203//2203 
f 2202//2202 2204//2204 2280//2280 
f 2280//2280 2204//2204 2282//2282 
f 2203//2203 2281//2281 2283//2283 
f 2205//2205 2203//2203 2283//2283 
f 2206//2206 2205//2205 2284//2284 
f 2205//2205 2283//2283 2284//2284 
f 2207//2207 2206//2206 2285//2285 
f 2206//2206 2284//2284 2285//2285 
f 2208//2208 2207//2207 2286//2286 
f 2207//2207 2285//2285 2286//2286 
f 2209//2209 2208//2208 2287//2287 
f 2208//2208 2286//2286 2287//2287 
f 2210//2210 2209//2209 2288//2288 
f 2209//2209 2287//2287 2288//2288 
f 2211//2211 2210//2210 2289//2289 
f 2210//2210 2288//2288 2289//2289 
f 2212//2212 2211//2211 2290//2290 
f 2211//2211 2289//2289 2290//2290 
f 2213//2213 2212//2212 2291//2291 
f 2212//2212 2290//2290 2291//2291 
f 2214//2214 2213//2213 2292//2292 
f 2213//2213 2291//2291 2292//2292 
f 2282//2282 2204//2204 2214//2214 
f 2292//2292 2282//2282 2214//2214 
f 2215//2215 2293//2293 2302//2302 
f 2224//2224 2215//2215 2302//2302 
f 2216//2216 2294//2294 2215//2215 
f 2215//2215 2294//2294 2293//2293 
f 2217//2217 2295//2295 2216//2216 
f 2216//2216 2295//2295 2294//2294 
f 2218//2218 2296//2296 2217//2217 
f 2217//2217 2296//2296 2295//2295 
f 2219//2219 2297//2297 2218//2218 
f 2218//2218 2297//2297 2296//2296 
f 2220//2220 2298//2298 2219//2219 
f 2219//2219 2298//2298 2297//2297 
f 2221//2221 2299//2299 2220//2220 
f 2220//2220 2299//2299 2298//2298 
f 2222//2222 2300//2300 2221//2221 
f 2221//2221 2300//2300 2299//2299 
f 2223//2223 2301//2301 2222//2222 
f 2222//2222 2301//2301 2300//2300 
f 2301//2301 2223//2223 2225//2225 
f 2303//2303 2301//2301 2225//2225 
f 2224//2224 2302//2302 2226//2226 
f 2302//2302 2306//2306 2226//2226 
f 2225//2225 2227//2227 2303//2303 
f 2303//2303 2227//2227 2307//2307 
f 2228//2228 2308//2308 2316//2316 
f 2234//2234 2228//2228 2316//2316 
f 2229//2229 2309//2309 2228//2228 
f 2228//2228 2309//2309 2308//2308 
f 2230//2230 2310//2310 2229//2229 
f 2229//2229 2310//2310 2309//2309 
f 2231//2231 2311//2311 2230//2230 
f 2230//2230 2311//2311 2310//2310 
f 2306//2306 2231//2231 2226//2226 
f 2311//2311 2231//2231 2306//2306 
f 2227//2227 2312//2312 2307//2307 
f 2232//2232 2312//2312 2227//2227 
f 2233//2233 2313//2313 2232//2232 
f 2232//2232 2313//2313 2312//2312 
f 2313//2313 2233//2233 2235//2235 
f 2317//2317 2313//2313 2235//2235 
f 2234//2234 2316//2316 2236//2236 
f 2316//2316 2318//2318 2236//2236 
f 2235//2235 2237//2237 2317//2317 
f 2317//2317 2237//2237 2319//2319 
f 2236//2236 2318//2318 2242//2242 
f 2318//2318 2324//2324 2242//2242 
f 2237//2237 2320//2320 2319//2319 
f 2238//2238 2320//2320 2237//2237 
f 2239//2239 2321//2321 2238//2238 
f 2238//2238 2321//2321 2320//2320 
f 2240//2240 2322//2322 2239//2239 
f 2239//2239 2322//2322 2321//2321 
f 2241//2241 2323//2323 2240//2240 
f 2240//2240 2323//2323 2322//2322 
f 2323//2323 2241//2241 2243//2243 
f 2325//2325 2323//2323 2243//2243 
f 2242//2242 2324//2324 2244//2244 
f 2324//2324 2328//2328 2244//2244 
f 2243//2243 2245//2245 2325//2325 
f 2325//2325 2245//2245 2329//2329 
f 2244//2244 2328//2328 2246//2246 
f 2328//2328 2332//2332 2246//2246 
f 2245//2245 2247//2247 2329//2329 
f 2329//2329 2247//2247 2333//2333 
f 2246//2246 2332//2332 2248//2248 
f 2332//2332 2334//2334 2248//2248 
f 2247//2247 2249//2249 2333//2333 
f 2333//2333 2249//2249 2335//2335 
f 2248//2248 2334//2334 2252//2252 
f 2334//2334 2338//2338 2252//2252 
f 2249//2249 2336//2336 2335//2335 
f 2250//2250 2336//2336 2249//2249 
f 2251//2251 2337//2337 2250//2250 
f 2250//2250 2337//2337 2336//2336 
f 2337//2337 2251//2251 2253//2253 
f 2339//2339 2337//2337 2253//2253 
f 2252//2252 2338//2338 2254//2254 
f 2338//2338 2342//2342 2254//2254 
f 2253//2253 2255//2255 2339//2339 
f 2339//2339 2255//2255 2343//2343 
f 2254//2254 2342//2342 2344//2344 
f 2256//2256 2254//2254 2344//2344 
f 2257//2257 2256//2256 2345//2345 
f 2256//2256 2344//2344 2345//2345 
f 2345//2345 2258//2258 2257//2257 
f 2348//2348 2258//2258 2345//2345 
f 2255//2255 2259//2259 2343//2343 
f 2343//2343 2259//2259 2349//2349 
f 2258//2258 2348//2348 2260//2260 
f 2348//2348 2352//2352 2260//2260 
f 2259//2259 2261//2261 2349//2349 
f 2349//2349 2261//2261 2353//2353 
f 2260//2260 2352//2352 2354//2354 
f 2262//2262 2260//2260 2354//2354 
f 2263//2263 2262//2262 2355//2355 
f 2262//2262 2354//2354 2355//2355 
f 2355//2355 2264//2264 2263//2263 
f 2358//2358 2264//2264 2355//2355 
f 2261//2261 2265//2265 2353//2353 
f 2353//2353 2265//2265 2359//2359 
f 2264//2264 2358//2358 2266//2266 
f 2358//2358 2362//2362 2266//2266 
f 2265//2265 2267//2267 2359//2359 
f 2359//2359 2267//2267 2363//2363 
f 2266//2266 2362//2362 2364//2364 
f 2268//2268 2266//2266 2364//2364 
f 2269//2269 2268//2268 2365//2365 
f 2268//2268 2364//2364 2365//2365 
f 2365//2365 2270//2270 2269//2269 
f 2368//2368 2270//2270 2365//2365 
f 2267//2267 2271//2271 2363//2363 
f 2363//2363 2271//2271 2369//2369 
f 2270//2270 2368//2368 2272//2272 
f 2368//2368 2372//2372 2272//2272 
f 2271//2271 2273//2273 2369//2369 
f 2369//2369 2273//2273 2373//2373 
f 2272//2272 2372//2372 2374//2374 
f 2274//2274 2272//2272 2374//2374 
f 2275//2275 2274//2274 2375//2375 
f 2274//2274 2374//2374 2375//2375 
f 2276//2276 2275//2275 2376//2376 
f 2275//2275 2375//2375 2376//2376 
f 2376//2376 2279//2279 2276//2276 
f 2381//2381 2279//2279 2376//2376 
f 2277//2277 2382//2382 2377//2377 
f 2280//2280 2382//2382 2277//2277 
f 2278//2278 2277//2277 2378//2378 
f 2277//2277 2377//2377 2378//2378 
f 2373//2373 2273//2273 2278//2278 
f 2378//2378 2373//2373 2278//2278 
f 2279//2279 2381//2381 2281//2281 
f 2381//2381 2385//2385 2281//2281 
f 2280//2280 2282//2282 2382//2382 
f 2382//2382 2282//2282 2386//2386 
f 2281//2281 2385//2385 2387//2387 
f 2283//2283 2281//2281 2387//2387 
f 2284//2284 2283//2283 2388//2388 
f 2283//2283 2387//2387 2388//2388 
f 2285//2285 2284//2284 2389//2389 
f 2284//2284 2388//2388 2389//2389 
f 2286//2286 2285//2285 2390//2390 
f 2285//2285 2389//2389 2390//2390 
f 2287//2287 2286//2286 2391//2391 
f 2286//2286 2390//2390 2391//2391 
f 2288//2288 2287//2287 2392//2392 
f 2287//2287 2391//2391 2392//2392 
f 2289//2289 2288//2288 2393//2393 
f 2288//2288 2392//2392 2393//2393 
f 2290//2290 2289//2289 2394//2394 
f 2289//2289 2393//2393 2394//2394 
f 2291//2291 2290//2290 2395//2395 
f 2290//2290 2394//2394 2395//2395 
f 2292//2292 2291//2291 2396//2396 
f 2291//2291 2395//2395 2396//2396 
f 2386//2386 2282//2282 2292//2292 
f 2396//2396 2386//2386 2292//2292 
f 2293//2293 2399//2399 2406//2406 
f 2302//2302 2293//2293 2406//2406 
f 2294//2294 2400//2400 2293//2293 
f 2293//2293 2400//2400 2399//2399 
f 2295//2295 2401//2401 2294//2294 
f 2294//2294 2401//2401 2400//2400 
f 2296//2296 2402//2402 2295//2295 
f 2295//2295 2402//2402 2401//2401 
f 2297//2297 2403//2403 2296//2296 
f 2296//2296 2403//2403 2402//2402 
f 2298//2298 2404//2404 2297//2297 
f 2297//2297 2404//2404 2403//2403 
f 2299//2299 2405//2405 2298//2298 
f 2298//2298 2405//2405 2404//2404 
f 2304//2304 2407//2407 2405//2405 
f 2304//2304 2405//2405 2300//2300 
f 2300//2300 2405//2405 2299//2299 
f 2300//2300 2301//2301 2305//2305 
f 2304//2304 2300//2300 2305//2305 
f 2301//2301 2303//2303 2305//2305 
f 2302//2302 2406//2406 2306//2306 
f 2406//2406 2410//2410 2306//2306 
f 2314//2314 2407//2407 2304//2304 
f 2411//2411 2407//2407 2314//2314 
f 2305//2305 2315//2315 2304//2304 
f 2315//2315 2314//2314 2304//2304 
f 2303//2303 2307//2307 2315//2315 
f 2305//2305 2303//2303 2315//2315 
f 2308//2308 2412//2412 2422//2422 
f 2316//2316 2308//2308 2422//2422 
f 2309//2309 2413//2413 2308//2308 
f 2308//2308 2413//2413 2412//2412 
f 2310//2310 2414//2414 2309//2309 
f 2309//2309 2414//2414 2413//2413 
f 2311//2311 2415//2415 2310//2310 
f 2310//2310 2415//2415 2414//2414 
f 2410//2410 2311//2311 2306//2306 
f 2415//2415 2311//2311 2410//2410 
f 2314//2314 2416//2416 2411//2411 
f 2315//2315 2416//2416 2314//2314 
f 2417//2417 2416//2416 2315//2315 
f 2307//2307 2417//2417 2315//2315 
f 2307//2307 2312//2312 2417//2417 
f 2312//2312 2418//2418 2417//2417 
f 2313//2313 2419//2419 2312//2312 
f 2312//2312 2419//2419 2418//2418 
f 2419//2419 2313//2313 2317//2317 
f 2423//2423 2419//2419 2317//2317 
f 2316//2316 2422//2422 2318//2318 
f 2422//2422 2426//2426 2318//2318 
f 2317//2317 2319//2319 2423//2423 
f 2423//2423 2319//2319 2427//2427 
f 2318//2318 2426//2426 2324//2324 
f 2426//2426 2432//2432 2324//2324 
f 2319//2319 2428//2428 2427//2427 
f 2320//2320 2428//2428 2319//2319 
f 2321//2321 2429//2429 2320//2320 
f 2320//2320 2429//2429 2428//2428 
f 2326//2326 2433//2433 2429//2429 
f 2326//2326 2429//2429 2322//2322 
f 2322//2322 2429//2429 2321//2321 
f 2322//2322 2323//2323 2327//2327 
f 2326//2326 2322//2322 2327//2327 
f 2323//2323 2325//2325 2327//2327 
f 2324//2324 2432//2432 2328//2328 
f 2432//2432 2436//2436 2328//2328 
f 2330//2330 2433//2433 2326//2326 
f 2437//2437 2433//2433 2330//2330 
f 2327//2327 2331//2331 2326//2326 
f 2331//2331 2330//2330 2326//2326 
f 2325//2325 2329//2329 2331//2331 
f 2327//2327 2325//2325 2331//2331 
f 2328//2328 2436//2436 2332//2332 
f 2436//2436 2442//2442 2332//2332 
f 2330//2330 2438//2438 2437//2437 
f 2331//2331 2438//2438 2330//2330 
f 2439//2439 2438//2438 2331//2331 
f 2439//2439 2331//2331 2329//2329 
f 2439//2439 2329//2329 2443//2443 
f 2443//2443 2329//2329 2333//2333 
f 2332//2332 2442//2442 2334//2334 
f 2442//2442 2446//2446 2334//2334 
f 2333//2333 2335//2335 2443//2443 
f 2443//2443 2335//2335 2447//2447 
f 2334//2334 2446//2446 2338//2338 
f 2446//2446 2450//2450 2338//2338 
f 2340//2340 2335//2335 2336//2336 
f 2340//2340 2451//2451 2335//2335 
f 2451//2451 2447//2447 2335//2335 
f 2336//2336 2337//2337 2341//2341 
f 2340//2340 2336//2336 2341//2341 
f 2337//2337 2339//2339 2341//2341 
f 2338//2338 2450//2450 2342//2342 
f 2450//2450 2454//2454 2342//2342 
f 2346//2346 2451//2451 2340//2340 
f 2455//2455 2451//2451 2346//2346 
f 2341//2341 2347//2347 2340//2340 
f 2347//2347 2346//2346 2340//2340 
f 2339//2339 2343//2343 2347//2347 
f 2341//2341 2339//2339 2347//2347 
f 2350//2350 2344//2344 2342//2342 
f 2350//2350 2342//2342 2460//2460 
f 2460//2460 2342//2342 2454//2454 
f 2344//2344 2351//2351 2345//2345 
f 2350//2350 2351//2351 2344//2344 
f 2345//2345 2351//2351 2348//2348 
f 2346//2346 2456//2456 2455//2455 
f 2347//2347 2456//2456 2346//2346 
f 2457//2457 2456//2456 2347//2347 
f 2457//2457 2347//2347 2343//2343 
f 2457//2457 2343//2343 2461//2461 
f 2461//2461 2343//2343 2349//2349 
f 2356//2356 2350//2350 2460//2460 
f 2464//2464 2356//2356 2460//2460 
f 2351//2351 2350//2350 2357//2357 
f 2357//2357 2350//2350 2356//2356 
f 2348//2348 2357//2357 2352//2352 
f 2351//2351 2357//2357 2348//2348 
f 2349//2349 2353//2353 2461//2461 
f 2461//2461 2353//2353 2465//2465 
f 2356//2356 2464//2464 2466//2466 
f 2357//2357 2356//2356 2466//2466 
f 2467//2467 2357//2357 2466//2466 
f 2360//2360 2467//2467 2470//2470 
f 2354//2354 2467//2467 2360//2360 
f 2354//2354 2357//2357 2467//2467 
f 2354//2354 2352//2352 2357//2357 
f 2354//2354 2361//2361 2355//2355 
f 2360//2360 2361//2361 2354//2354 
f 2355//2355 2361//2361 2358//2358 
f 2353//2353 2359//2359 2465//2465 
f 2465//2465 2359//2359 2471//2471 
f 2366//2366 2360//2360 2470//2470 
f 2474//2474 2366//2366 2470//2470 
f 2361//2361 2360//2360 2367//2367 
f 2367//2367 2360//2360 2366//2366 
f 2358//2358 2367//2367 2362//2362 
f 2361//2361 2367//2367 2358//2358 
f 2359//2359 2363//2363 2471//2471 
f 2471//2471 2363//2363 2475//2475 
f 2366//2366 2474//2474 2476//2476 
f 2367//2367 2366//2366 2476//2476 
f 2477//2477 2367//2367 2476//2476 
f 2362//2362 2367//2367 2477//2477 
f 2362//2362 2477//2477 2364//2364 
f 2364//2364 2477//2477 2478//2478 
f 2365//2365 2364//2364 2479//2479 
f 2364//2364 2478//2478 2479//2479 
f 2479//2479 2368//2368 2365//2365 
f 2484//2484 2368//2368 2479//2479 
f 2370//2370 2485//2485 2480//2480 
f 2370//2370 2481//2481 2371//2371 
f 2480//2480 2481//2481 2370//2370 
f 2371//2371 2481//2481 2475//2475 
f 2371//2371 2475//2475 2369//2369 
f 2369//2369 2475//2475 2363//2363 
f 2368//2368 2484//2484 2372//2372 
f 2484//2484 2488//2488 2372//2372 
f 2379//2379 2485//2485 2370//2370 
f 2489//2489 2485//2485 2379//2379 
f 2371//2371 2380//2380 2370//2370 
f 2380//2380 2379//2379 2370//2370 
f 2369//2369 2373//2373 2380//2380 
f 2371//2371 2369//2369 2380//2380 
f 2372//2372 2488//2488 2490//2490 
f 2374//2374 2372//2372 2490//2490 
f 2383//2383 2490//2490 2493//2493 
f 2383//2383 2375//2375 2490//2490 
f 2375//2375 2374//2374 2490//2490 
f 2375//2375 2384//2384 2376//2376 
f 2383//2383 2384//2384 2375//2375 
f 2376//2376 2384//2384 2381//2381 
f 2377//2377 2489//2489 2379//2379 
f 2377//2377 2382//2382 2489//2489 
f 2382//2382 2494//2494 2489//2489 
f 2378//2378 2377//2377 2379//2379 
f 2380//2380 2378//2378 2379//2379 
f 2373//2373 2378//2378 2380//2380 
f 2397//2397 2383//2383 2493//2493 
f 2495//2495 2397//2397 2493//2493 
f 2384//2384 2383//2383 2398//2398 
f 2398//2398 2383//2383 2397//2397 
f 2381//2381 2398//2398 2385//2385 
f 2384//2384 2398//2398 2381//2381 
f 2382//2382 2386//2386 2494//2494 
f 2494//2494 2386//2386 2496//2496 
f 2397//2397 2495//2495 2497//2497 
f 2398//2398 2397//2397 2497//2497 
f 2498//2498 2398//2398 2497//2497 
f 2385//2385 2398//2398 2498//2498 
f 2385//2385 2498//2498 2387//2387 
f 2387//2387 2498//2498 2499//2499 
f 2388//2388 2387//2387 2500//2500 
f 2387//2387 2499//2499 2500//2500 
f 2389//2389 2388//2388 2501//2501 
f 2388//2388 2500//2500 2501//2501 
f 2390//2390 2389//2389 2502//2502 
f 2389//2389 2501//2501 2502//2502 
f 2391//2391 2390//2390 2503//2503 
f 2390//2390 2502//2502 2503//2503 
f 2392//2392 2391//2391 2504//2504 
f 2391//2391 2503//2503 2504//2504 
f 2393//2393 2392//2392 2505//2505 
f 2392//2392 2504//2504 2505//2505 
f 2394//2394 2393//2393 2506//2506 
f 2393//2393 2505//2505 2506//2506 
f 2395//2395 2394//2394 2507//2507 
f 2394//2394 2506//2506 2507//2507 
f 2396//2396 2395//2395 2508//2508 
f 2395//2395 2507//2507 2508//2508 
f 2496//2496 2386//2386 2396//2396 
f 2508//2508 2496//2496 2396//2396 
f 2399//2399 2521//2521 2526//2526 
f 2406//2406 2399//2399 2526//2526 
f 2400//2400 2522//2522 2399//2399 
f 2399//2399 2522//2522 2521//2521 
f 2401//2401 2523//2523 2400//2400 
f 2400//2400 2523//2523 2522//2522 
f 2402//2402 2524//2524 2401//2401 
f 2401//2401 2524//2524 2523//2523 
f 2403//2403 2525//2525 2402//2402 
f 2402//2402 2525//2525 2524//2524 
f 2408//2408 2527//2527 2525//2525 
f 2408//2408 2525//2525 2404//2404 
f 2404//2404 2525//2525 2403//2403 
f 2404//2404 2405//2405 2409//2409 
f 2408//2408 2404//2404 2409//2409 
f 2405//2405 2407//2407 2409//2409 
f 2406//2406 2526//2526 2410//2410 
f 2526//2526 2533//2533 2410//2410 
f 2420//2420 2527//2527 2408//2408 
f 2534//2534 2527//2527 2420//2420 
f 2409//2409 2421//2421 2408//2408 
f 2421//2421 2420//2420 2408//2408 
f 2407//2407 2411//2411 2421//2421 
f 2409//2409 2407//2407 2421//2421 
f 2412//2412 2535//2535 2548//2548 
f 2422//2422 2412//2412 2548//2548 
f 2413//2413 2536//2536 2412//2412 
f 2412//2412 2536//2536 2535//2535 
f 2414//2414 2537//2537 2413//2413 
f 2413//2413 2537//2537 2536//2536 
f 2415//2415 2538//2538 2414//2414 
f 2414//2414 2538//2538 2537//2537 
f 2533//2533 2415//2415 2410//2410 
f 2538//2538 2415//2415 2533//2533 
f 2420//2420 2539//2539 2534//2534 
f 2421//2421 2539//2539 2420//2420 
f 2540//2540 2539//2539 2421//2421 
f 2411//2411 2540//2540 2421//2421 
f 2411//2411 2416//2416 2540//2540 
f 2416//2416 2541//2541 2540//2540 
f 2417//2417 2542//2542 2416//2416 
f 2416//2416 2542//2542 2541//2541 
f 2424//2424 2549//2549 2542//2542 
f 2424//2424 2542//2542 2418//2418 
f 2418//2418 2542//2542 2417//2417 
f 2418//2418 2419//2419 2425//2425 
f 2424//2424 2418//2418 2425//2425 
f 2419//2419 2423//2423 2425//2425 
f 2422//2422 2548//2548 2426//2426 
f 2548//2548 2550//2550 2426//2426 
f 2430//2430 2549//2549 2424//2424 
f 2551//2551 2549//2549 2430//2430 
f 2425//2425 2431//2431 2424//2424 
f 2431//2431 2430//2430 2424//2424 
f 2423//2423 2427//2427 2431//2431 
f 2425//2425 2423//2423 2431//2431 
f 2434//2434 2552//2552 2558//2558 
f 2434//2434 2435//2435 2553//2553 
f 2552//2552 2434//2434 2553//2553 
f 2435//2435 2550//2550 2553//2553 
f 2435//2435 2432//2432 2550//2550 
f 2432//2432 2426//2426 2550//2550 
f 2430//2430 2554//2554 2551//2551 
f 2431//2431 2554//2554 2430//2430 
f 2555//2555 2554//2554 2431//2431 
f 2427//2427 2555//2555 2431//2431 
f 2427//2427 2428//2428 2555//2555 
f 2428//2428 2556//2556 2555//2555 
f 2429//2429 2557//2557 2428//2428 
f 2428//2428 2557//2557 2556//2556 
f 2557//2557 2429//2429 2433//2433 
f 2559//2559 2557//2557 2433//2433 
f 2440//2440 2434//2434 2558//2558 
f 2562//2562 2440//2440 2558//2558 
f 2435//2435 2434//2434 2441//2441 
f 2441//2441 2434//2434 2440//2440 
f 2432//2432 2441//2441 2436//2436 
f 2435//2435 2441//2441 2432//2432 
f 2433//2433 2437//2437 2559//2559 
f 2559//2559 2437//2437 2563//2563 
f 2444//2444 2440//2440 2562//2562 
f 2568//2568 2444//2444 2562//2562 
f 2441//2441 2440//2440 2445//2445 
f 2445//2445 2440//2440 2444//2444 
f 2436//2436 2445//2445 2442//2442 
f 2441//2441 2445//2445 2436//2436 
f 2437//2437 2564//2564 2563//2563 
f 2438//2438 2564//2564 2437//2437 
f 2439//2439 2565//2565 2438//2438 
f 2438//2438 2565//2565 2564//2564 
f 2565//2565 2439//2439 2443//2443 
f 2569//2569 2565//2565 2443//2443 
f 2448//2448 2444//2444 2568//2568 
f 2572//2572 2448//2448 2568//2568 
f 2445//2445 2444//2444 2449//2449 
f 2449//2449 2444//2444 2448//2448 
f 2442//2442 2449//2449 2446//2446 
f 2445//2445 2449//2449 2442//2442 
f 2443//2443 2447//2447 2569//2569 
f 2569//2569 2447//2447 2573//2573 
f 2452//2452 2448//2448 2572//2572 
f 2576//2576 2452//2452 2572//2572 
f 2449//2449 2448//2448 2453//2453 
f 2453//2453 2448//2448 2452//2452 
f 2446//2446 2453//2453 2450//2450 
f 2449//2449 2453//2453 2446//2446 
f 2447//2447 2451//2451 2573//2573 
f 2573//2573 2451//2451 2577//2577 
f 2458//2458 2452//2452 2576//2576 
f 2578//2578 2458//2458 2576//2576 
f 2453//2453 2452//2452 2459//2459 
f 2459//2459 2452//2452 2458//2458 
f 2450//2450 2459//2459 2454//2454 
f 2453//2453 2459//2459 2450//2450 
f 2451//2451 2455//2455 2577//2577 
f 2577//2577 2455//2455 2579//2579 
f 2458//2458 2578//2578 2580//2580 
f 2459//2459 2458//2458 2580//2580 
f 2581//2581 2459//2459 2580//2580 
f 2581//2581 2454//2454 2459//2459 
f 2581//2581 2582//2582 2454//2454 
f 2582//2582 2460//2460 2454//2454 
f 2462//2462 2455//2455 2456//2456 
f 2462//2462 2583//2583 2455//2455 
f 2583//2583 2579//2579 2455//2455 
f 2456//2456 2457//2457 2463//2463 
f 2462//2462 2456//2456 2463//2463 
f 2457//2457 2461//2461 2463//2463 
f 2460//2460 2582//2582 2464//2464 
f 2582//2582 2586//2586 2464//2464 
f 2468//2468 2583//2583 2462//2462 
f 2587//2587 2583//2583 2468//2468 
f 2463//2463 2469//2469 2462//2462 
f 2469//2469 2468//2468 2462//2462 
f 2461//2461 2465//2465 2469//2469 
f 2463//2463 2461//2461 2469//2469 
f 2464//2464 2586//2586 2588//2588 
f 2466//2466 2464//2464 2588//2588 
f 2467//2467 2466//2466 2589//2589 
f 2466//2466 2588//2588 2589//2589 
f 2589//2589 2470//2470 2467//2467 
f 2592//2592 2470//2470 2589//2589 
f 2472//2472 2587//2587 2468//2468 
f 2593//2593 2587//2587 2472//2472 
f 2469//2469 2473//2473 2468//2468 
f 2473//2473 2472//2472 2468//2468 
f 2465//2465 2471//2471 2473//2473 
f 2469//2469 2465//2465 2473//2473 
f 2470//2470 2592//2592 2474//2474 
f 2592//2592 2596//2596 2474//2474 
f 2482//2482 2593//2593 2472//2472 
f 2597//2597 2593//2593 2482//2482 
f 2473//2473 2483//2483 2472//2472 
f 2483//2483 2482//2482 2472//2472 
f 2471//2471 2475//2475 2483//2483 
f 2473//2473 2471//2471 2483//2483 
f 2474//2474 2596//2596 2598//2598 
f 2476//2476 2474//2474 2598//2598 
f 2477//2477 2476//2476 2599//2599 
f 2476//2476 2598//2598 2599//2599 
f 2486//2486 2599//2599 2602//2602 
f 2486//2486 2478//2478 2599//2599 
f 2478//2478 2477//2477 2599//2599 
f 2478//2478 2487//2487 2479//2479 
f 2486//2486 2487//2487 2478//2478 
f 2479//2479 2487//2487 2484//2484 
f 2480//2480 2597//2597 2482//2482 
f 2480//2480 2485//2485 2597//2597 
f 2485//2485 2603//2603 2597//2597 
f 2481//2481 2480//2480 2482//2482 
f 2483//2483 2481//2481 2482//2482 
f 2475//2475 2481//2481 2483//2483 
f 2491//2491 2486//2486 2602//2602 
f 2606//2606 2491//2491 2602//2602 
f 2487//2487 2486//2486 2492//2492 
f 2492//2492 2486//2486 2491//2491 
f 2484//2484 2492//2492 2488//2488 
f 2487//2487 2492//2492 2484//2484 
f 2485//2485 2489//2489 2603//2603 
f 2603//2603 2489//2489 2607//2607 
f 2491//2491 2606//2606 2608//2608 
f 2492//2492 2491//2491 2608//2608 
f 2609//2609 2492//2492 2608//2608 
f 2488//2488 2492//2492 2609//2609 
f 2488//2488 2609//2609 2490//2490 
f 2490//2490 2609//2609 2610//2610 
f 2610//2610 2493//2493 2490//2490 
f 2613//2613 2493//2493 2610//2610 
f 2489//2489 2494//2494 2607//2607 
f 2607//2607 2494//2494 2614//2614 
f 2493//2493 2613//2613 2495//2495 
f 2613//2613 2616//2616 2495//2495 
f 2494//2494 2496//2496 2614//2614 
f 2614//2614 2496//2496 2617//2617 
f 2495//2495 2616//2616 2618//2618 
f 2497//2497 2495//2495 2618//2618 
f 2498//2498 2497//2497 2619//2619 
f 2497//2497 2618//2618 2619//2619 
f 2499//2499 2498//2498 2620//2620 
f 2498//2498 2619//2619 2620//2620 
f 2500//2500 2499//2499 2621//2621 
f 2499//2499 2620//2620 2621//2621 
f 2509//2509 2621//2621 2625//2625 
f 2509//2509 2501//2501 2621//2621 
f 2501//2501 2500//2500 2621//2621 
f 2501//2501 2510//2510 2502//2502 
f 2509//2509 2510//2510 2501//2501 
f 2502//2502 2511//2511 2503//2503 
f 2510//2510 2511//2511 2502//2502 
f 2503//2503 2512//2512 2504//2504 
f 2511//2511 2512//2512 2503//2503 
f 2504//2504 2513//2513 2505//2505 
f 2512//2512 2513//2513 2504//2504 
f 2505//2505 2514//2514 2506//2506 
f 2513//2513 2514//2514 2505//2505 
f 2626//2626 2506//2506 2514//2514 
f 2626//2626 2622//2622 2506//2506 
f 2622//2622 2507//2507 2506//2506 
f 2508//2508 2507//2507 2623//2623 
f 2507//2507 2622//2622 2623//2623 
f 2617//2617 2496//2496 2508//2508 
f 2623//2623 2617//2617 2508//2508 
f 2515//2515 2509//2509 2625//2625 
f 2629//2629 2515//2515 2625//2625 
f 2510//2510 2509//2509 2516//2516 
f 2516//2516 2509//2509 2515//2515 
f 2511//2511 2510//2510 2517//2517 
f 2517//2517 2510//2510 2516//2516 
f 2512//2512 2511//2511 2518//2518 
f 2518//2518 2511//2511 2517//2517 
f 2513//2513 2512//2512 2519//2519 
f 2519//2519 2512//2512 2518//2518 
f 2514//2514 2513//2513 2520//2520 
f 2520//2520 2513//2513 2519//2519 
f 2630//2630 2626//2626 2514//2514 
f 2520//2520 2630//2630 2514//2514 
f 2515//2515 2629//2629 2631//2631 
f 2516//2516 2515//2515 2631//2631 
f 2632//2632 2516//2516 2631//2631 
f 2517//2517 2516//2516 2632//2632 
f 2633//2633 2517//2517 2632//2632 
f 2518//2518 2517//2517 2633//2633 
f 2634//2634 2518//2518 2633//2633 
f 2519//2519 2518//2518 2634//2634 
f 2635//2635 2519//2519 2634//2634 
f 2520//2520 2519//2519 2635//2635 
f 2636//2636 2520//2520 2635//2635 
f 2630//2630 2520//2520 2636//2636 
f 2521//2521 2528//2528 2526//2526 
f 2521//2521 2522//2522 2529//2529 
f 2528//2528 2521//2521 2529//2529 
f 2522//2522 2523//2523 2530//2530 
f 2529//2529 2522//2522 2530//2530 
f 2523//2523 2524//2524 2531//2531 
f 2530//2530 2523//2523 2531//2531 
f 2524//2524 2525//2525 2532//2532 
f 2531//2531 2524//2524 2532//2532 
f 2525//2525 2527//2527 2532//2532 
f 2528//2528 2543//2543 2533//2533 
f 2526//2526 2528//2528 2533//2533 
f 2529//2529 2544//2544 2528//2528 
f 2544//2544 2543//2543 2528//2528 
f 2530//2530 2545//2545 2529//2529 
f 2545//2545 2544//2544 2529//2529 
f 2531//2531 2546//2546 2530//2530 
f 2546//2546 2545//2545 2530//2530 
f 2532//2532 2547//2547 2531//2531 
f 2547//2547 2546//2546 2531//2531 
f 2527//2527 2534//2534 2547//2547 
f 2532//2532 2527//2527 2547//2547 
f 2535//2535 2639//2639 2652//2652 
f 2548//2548 2535//2535 2652//2652 
f 2536//2536 2640//2640 2535//2535 
f 2535//2535 2640//2640 2639//2639 
f 2537//2537 2641//2641 2536//2536 
f 2536//2536 2641//2641 2640//2640 
f 2538//2538 2642//2642 2537//2537 
f 2537//2537 2642//2642 2641//2641 
f 2543//2543 2538//2538 2533//2533 
f 2543//2543 2643//2643 2538//2538 
f 2643//2643 2642//2642 2538//2538 
f 2544//2544 2643//2643 2543//2543 
f 2644//2644 2643//2643 2544//2544 
f 2545//2545 2644//2644 2544//2544 
f 2645//2645 2644//2644 2545//2545 
f 2546//2546 2645//2645 2545//2545 
f 2646//2646 2645//2645 2546//2546 
f 2547//2547 2646//2646 2546//2546 
f 2647//2647 2646//2646 2547//2547 
f 2534//2534 2647//2647 2547//2547 
f 2534//2534 2539//2539 2647//2647 
f 2539//2539 2648//2648 2647//2647 
f 2540//2540 2649//2649 2539//2539 
f 2539//2539 2649//2649 2648//2648 
f 2541//2541 2650//2650 2540//2540 
f 2540//2540 2650//2650 2649//2649 
f 2542//2542 2651//2651 2541//2541 
f 2541//2541 2651//2651 2650//2650 
f 2651//2651 2542//2542 2549//2549 
f 2653//2653 2651//2651 2549//2549 
f 2548//2548 2652//2652 2550//2550 
f 2652//2652 2658//2658 2550//2550 
f 2549//2549 2551//2551 2653//2653 
f 2653//2653 2551//2551 2659//2659 
f 2552//2552 2660//2660 2668//2668 
f 2558//2558 2552//2552 2668//2668 
f 2553//2553 2661//2661 2552//2552 
f 2552//2552 2661//2661 2660//2660 
f 2658//2658 2553//2553 2550//2550 
f 2661//2661 2553//2553 2658//2658 
f 2551//2551 2662//2662 2659//2659 
f 2554//2554 2662//2662 2551//2551 
f 2555//2555 2663//2663 2554//2554 
f 2554//2554 2663//2663 2662//2662 
f 2560//2560 2669//2669 2663//2663 
f 2560//2560 2663//2663 2556//2556 
f 2556//2556 2663//2663 2555//2555 
f 2556//2556 2557//2557 2561//2561 
f 2560//2560 2556//2556 2561//2561 
f 2557//2557 2559//2559 2561//2561 
f 2558//2558 2668//2668 2562//2562 
f 2668//2668 2670//2670 2562//2562 
f 2566//2566 2669//2669 2560//2560 
f 2671//2671 2669//2669 2566//2566 
f 2561//2561 2567//2567 2560//2560 
f 2567//2567 2566//2566 2560//2560 
f 2559//2559 2563//2563 2567//2567 
f 2561//2561 2559//2559 2567//2567 
f 2562//2562 2670//2670 2568//2568 
f 2670//2670 2674//2674 2568//2568 
f 2566//2566 2672//2672 2671//2671 
f 2567//2567 2672//2672 2566//2566 
f 2673//2673 2672//2672 2567//2567 
f 2570//2570 2675//2675 2673//2673 
f 2564//2564 2570//2570 2673//2673 
f 2564//2564 2673//2673 2567//2567 
f 2564//2564 2567//2567 2563//2563 
f 2564//2564 2565//2565 2571//2571 
f 2570//2570 2564//2564 2571//2571 
f 2565//2565 2569//2569 2571//2571 
f 2568//2568 2674//2674 2572//2572 
f 2674//2674 2678//2678 2572//2572 
f 2574//2574 2675//2675 2570//2570 
f 2679//2679 2675//2675 2574//2574 
f 2571//2571 2575//2575 2570//2570 
f 2575//2575 2574//2574 2570//2570 
f 2569//2569 2573//2573 2575//2575 
f 2571//2571 2569//2569 2575//2575 
f 2572//2572 2678//2678 2576//2576 
f 2678//2678 2684//2684 2576//2576 
f 2574//2574 2680//2680 2679//2679 
f 2575//2575 2680//2680 2574//2574 
f 2681//2681 2680//2680 2575//2575 
f 2681//2681 2575//2575 2573//2573 
f 2681//2681 2573//2573 2685//2685 
f 2685//2685 2573//2573 2577//2577 
f 2576//2576 2684//2684 2578//2578 
f 2684//2684 2690//2690 2578//2578 
f 2577//2577 2579//2579 2685//2685 
f 2685//2685 2579//2579 2691//2691 
f 2584//2584 2580//2580 2578//2578 
f 2584//2584 2578//2578 2696//2696 
f 2696//2696 2578//2578 2690//2690 
f 2580//2580 2585//2585 2581//2581 
f 2584//2584 2585//2585 2580//2580 
f 2581//2581 2585//2585 2582//2582 
f 2579//2579 2583//2583 2691//2691 
f 2691//2691 2583//2583 2697//2697 
f 2590//2590 2584//2584 2696//2696 
f 2698//2698 2590//2590 2696//2696 
f 2585//2585 2584//2584 2591//2591 
f 2591//2591 2584//2584 2590//2590 
f 2582//2582 2591//2591 2586//2586 
f 2585//2585 2591//2591 2582//2582 
f 2583//2583 2587//2587 2697//2697 
f 2697//2697 2587//2587 2699//2699 
f 2590//2590 2698//2698 2700//2700 
f 2591//2591 2590//2590 2700//2700 
f 2701//2701 2591//2591 2700//2700 
f 2594//2594 2701//2701 2702//2702 
f 2588//2588 2701//2701 2594//2594 
f 2588//2588 2591//2591 2701//2701 
f 2588//2588 2586//2586 2591//2591 
f 2588//2588 2595//2595 2589//2589 
f 2594//2594 2595//2595 2588//2588 
f 2589//2589 2595//2595 2592//2592 
f 2587//2587 2593//2593 2699//2699 
f 2699//2699 2593//2593 2703//2703 
f 2600//2600 2594//2594 2702//2702 
f 2706//2706 2600//2600 2702//2702 
f 2595//2595 2594//2594 2601//2601 
f 2601//2601 2594//2594 2600//2600 
f 2592//2592 2601//2601 2596//2596 
f 2595//2595 2601//2601 2592//2592 
f 2593//2593 2597//2597 2703//2703 
f 2703//2703 2597//2597 2707//2707 
f 2600//2600 2706//2706 2708//2708 
f 2601//2601 2600//2600 2708//2708 
f 2709//2709 2601//2601 2708//2708 
f 2604//2604 2709//2709 2712//2712 
f 2598//2598 2709//2709 2604//2604 
f 2598//2598 2601//2601 2709//2709 
f 2598//2598 2596//2596 2601//2601 
f 2598//2598 2605//2605 2599//2599 
f 2604//2604 2605//2605 2598//2598 
f 2599//2599 2605//2605 2602//2602 
f 2597//2597 2603//2603 2707//2707 
f 2707//2707 2603//2603 2713//2713 
f 2611//2611 2604//2604 2712//2712 
f 2714//2714 2611//2611 2712//2712 
f 2605//2605 2604//2604 2612//2612 
f 2612//2612 2604//2604 2611//2611 
f 2602//2602 2612//2612 2606//2606 
f 2605//2605 2612//2612 2602//2602 
f 2603//2603 2607//2607 2713//2713 
f 2713//2713 2607//2607 2715//2715 
f 2611//2611 2714//2714 2716//2716 
f 2612//2612 2611//2611 2716//2716 
f 2717//2717 2612//2612 2716//2716 
f 2606//2606 2612//2612 2717//2717 
f 2606//2606 2717//2717 2608//2608 
f 2608//2608 2717//2717 2718//2718 
f 2609//2609 2608//2608 2719//2719 
f 2608//2608 2718//2718 2719//2719 
f 2615//2615 2719//2719 2720//2720 
f 2615//2615 2610//2610 2719//2719 
f 2610//2610 2609//2609 2719//2719 
f 2610//2610 2615//2615 2613//2613 
f 2607//2607 2614//2614 2715//2715 
f 2715//2715 2614//2614 2721//2721 
f 2624//2624 2615//2615 2720//2720 
f 2726//2726 2624//2624 2720//2720 
f 2613//2613 2624//2624 2616//2616 
f 2615//2615 2624//2624 2613//2613 
f 2614//2614 2617//2617 2721//2721 
f 2721//2721 2617//2617 2727//2727 
f 2624//2624 2726//2726 2728//2728 
f 2616//2616 2624//2624 2728//2728 
f 2616//2616 2728//2728 2618//2618 
f 2618//2618 2728//2728 2729//2729 
f 2619//2619 2618//2618 2730//2730 
f 2618//2618 2729//2729 2730//2730 
f 2627//2627 2730//2730 2737//2737 
f 2627//2627 2620//2620 2730//2730 
f 2620//2620 2619//2619 2730//2730 
f 2620//2620 2628//2628 2621//2621 
f 2627//2627 2628//2628 2620//2620 
f 2621//2621 2628//2628 2625//2625 
f 2622//2622 2738//2738 2731//2731 
f 2626//2626 2738//2738 2622//2622 
f 2623//2623 2622//2622 2732//2732 
f 2622//2622 2731//2731 2732//2732 
f 2727//2727 2617//2617 2623//2623 
f 2732//2732 2727//2727 2623//2623 
f 2637//2637 2627//2627 2737//2737 
f 2741//2741 2637//2637 2737//2737 
f 2628//2628 2627//2627 2638//2638 
f 2638//2638 2627//2627 2637//2637 
f 2625//2625 2638//2638 2629//2629 
f 2628//2628 2638//2638 2625//2625 
f 2626//2626 2630//2630 2738//2738 
f 2738//2738 2630//2630 2742//2742 
f 2637//2637 2741//2741 2743//2743 
f 2638//2638 2637//2637 2743//2743 
f 2744//2744 2638//2638 2743//2743 
f 2629//2629 2638//2638 2744//2744 
f 2629//2629 2744//2744 2631//2631 
f 2631//2631 2744//2744 2745//2745 
f 2632//2632 2631//2631 2746//2746 
f 2631//2631 2745//2745 2746//2746 
f 2633//2633 2632//2632 2747//2747 
f 2632//2632 2746//2746 2747//2747 
f 2634//2634 2633//2633 2748//2748 
f 2633//2633 2747//2747 2748//2748 
f 2635//2635 2634//2634 2749//2749 
f 2634//2634 2748//2748 2749//2749 
f 2636//2636 2635//2635 2750//2750 
f 2635//2635 2749//2749 2750//2750 
f 2742//2742 2630//2630 2636//2636 
f 2750//2750 2742//2742 2636//2636 
f 2639//2639 2753//2753 2762//2762 
f 2652//2652 2639//2639 2762//2762 
f 2640//2640 2754//2754 2639//2639 
f 2639//2639 2754//2754 2753//2753 
f 2641//2641 2755//2755 2640//2640 
f 2640//2640 2755//2755 2754//2754 
f 2642//2642 2756//2756 2641//2641 
f 2641//2641 2756//2756 2755//2755 
f 2643//2643 2757//2757 2642//2642 
f 2642//2642 2757//2757 2756//2756 
f 2644//2644 2758//2758 2643//2643 
f 2643//2643 2758//2758 2757//2757 
f 2645//2645 2759//2759 2644//2644 
f 2644//2644 2759//2759 2758//2758 
f 2646//2646 2760//2760 2645//2645 
f 2645//2645 2760//2760 2759//2759 
f 2647//2647 2761//2761 2646//2646 
f 2646//2646 2761//2761 2760//2760 
f 2654//2654 2763//2763 2761//2761 
f 2654//2654 2761//2761 2648//2648 
f 2648//2648 2761//2761 2647//2647 
f 2648//2648 2649//2649 2655//2655 
f 2654//2654 2648//2648 2655//2655 
f 2649//2649 2650//2650 2656//2656 
f 2655//2655 2649//2649 2656//2656 
f 2650//2650 2651//2651 2657//2657 
f 2656//2656 2650//2650 2657//2657 
f 2651//2651 2653//2653 2657//2657 
f 2652//2652 2762//2762 2658//2658 
f 2762//2762 2766//2766 2658//2658 
f 2664//2664 2763//2763 2654//2654 
f 2767//2767 2763//2763 2664//2664 
f 2655//2655 2665//2665 2654//2654 
f 2665//2665 2664//2664 2654//2654 
f 2656//2656 2666//2666 2655//2655 
f 2666//2666 2665//2665 2655//2655 
f 2657//2657 2667//2667 2656//2656 
f 2667//2667 2666//2666 2656//2656 
f 2653//2653 2659//2659 2667//2667 
f 2657//2657 2653//2653 2667//2667 
f 2660//2660 2768//2768 2778//2778 
f 2668//2668 2660//2660 2778//2778 
f 2661//2661 2769//2769 2660//2660 
f 2660//2660 2769//2769 2768//2768 
f 2766//2766 2661//2661 2658//2658 
f 2769//2769 2661//2661 2766//2766 
f 2664//2664 2770//2770 2767//2767 
f 2665//2665 2770//2770 2664//2664 
f 2771//2771 2770//2770 2665//2665 
f 2666//2666 2771//2771 2665//2665 
f 2772//2772 2771//2771 2666//2666 
f 2667//2667 2772//2772 2666//2666 
f 2773//2773 2772//2772 2667//2667 
f 2659//2659 2773//2773 2667//2667 
f 2659//2659 2662//2662 2773//2773 
f 2662//2662 2774//2774 2773//2773 
f 2663//2663 2775//2775 2662//2662 
f 2662//2662 2775//2775 2774//2774 
f 2775//2775 2663//2663 2669//2669 
f 2779//2779 2775//2775 2669//2669 
f 2668//2668 2778//2778 2670//2670 
f 2778//2778 2782//2782 2670//2670 
f 2669//2669 2671//2671 2779//2779 
f 2779//2779 2671//2671 2783//2783 
f 2676//2676 2784//2784 2790//2790 
f 2676//2676 2677//2677 2785//2785 
f 2784//2784 2676//2676 2785//2785 
f 2677//2677 2782//2782 2785//2785 
f 2677//2677 2674//2674 2782//2782 
f 2674//2674 2670//2670 2782//2782 
f 2671//2671 2786//2786 2783//2783 
f 2672//2672 2786//2786 2671//2671 
f 2673//2673 2787//2787 2672//2672 
f 2672//2672 2787//2787 2786//2786 
f 2787//2787 2673//2673 2675//2675 
f 2791//2791 2787//2787 2675//2675 
f 2682//2682 2676//2676 2790//2790 
f 2794//2794 2682//2682 2790//2790 
f 2677//2677 2676//2676 2683//2683 
f 2683//2683 2676//2676 2682//2682 
f 2674//2674 2683//2683 2678//2678 
f 2677//2677 2683//2683 2674//2674 
f 2675//2675 2679//2679 2791//2791 
f 2791//2791 2679//2679 2795//2795 
f 2686//2686 2682//2682 2794//2794 
f 2798//2798 2686//2686 2794//2794 
f 2683//2683 2682//2682 2687//2687 
f 2687//2687 2682//2682 2686//2686 
f 2678//2678 2687//2687 2684//2684 
f 2683//2683 2687//2687 2678//2678 
f 2688//2688 2679//2679 2680//2680 
f 2688//2688 2799//2799 2679//2679 
f 2799//2799 2795//2795 2679//2679 
f 2680//2680 2681//2681 2689//2689 
f 2688//2688 2680//2680 2689//2689 
f 2681//2681 2685//2685 2689//2689 
f 2692//2692 2686//2686 2798//2798 
f 2800//2800 2692//2692 2798//2798 
f 2687//2687 2686//2686 2693//2693 
f 2693//2693 2686//2686 2692//2692 
f 2684//2684 2693//2693 2690//2690 
f 2687//2687 2693//2693 2684//2684 
f 2694//2694 2799//2799 2688//2688 
f 2801//2801 2799//2799 2694//2694 
f 2689//2689 2695//2695 2688//2688 
f 2695//2695 2694//2694 2688//2688 
f 2685//2685 2691//2691 2695//2695 
f 2689//2689 2685//2685 2695//2695 
f 2692//2692 2800//2800 2802//2802 
f 2693//2693 2692//2692 2802//2802 
f 2803//2803 2693//2693 2802//2802 
f 2803//2803 2690//2690 2693//2693 
f 2803//2803 2806//2806 2690//2690 
f 2806//2806 2696//2696 2690//2690 
f 2694//2694 2804//2804 2801//2801 
f 2695//2695 2804//2804 2694//2694 
f 2805//2805 2804//2804 2695//2695 
f 2805//2805 2695//2695 2691//2691 
f 2805//2805 2691//2691 2807//2807 
f 2807//2807 2691//2691 2697//2697 
f 2696//2696 2806//2806 2698//2698 
f 2806//2806 2812//2812 2698//2698 
f 2697//2697 2699//2699 2807//2807 
f 2807//2807 2699//2699 2813//2813 
f 2704//2704 2700//2700 2698//2698 
f 2704//2704 2698//2698 2818//2818 
f 2818//2818 2698//2698 2812//2812 
f 2700//2700 2705//2705 2701//2701 
f 2704//2704 2705//2705 2700//2700 
f 2701//2701 2705//2705 2702//2702 
f 2699//2699 2703//2703 2813//2813 
f 2813//2813 2703//2703 2819//2819 
f 2710//2710 2704//2704 2818//2818 
f 2820//2820 2710//2710 2818//2818 
f 2705//2705 2704//2704 2711//2711 
f 2711//2711 2704//2704 2710//2710 
f 2702//2702 2711//2711 2706//2706 
f 2705//2705 2711//2711 2702//2702 
f 2703//2703 2707//2707 2819//2819 
f 2819//2819 2707//2707 2821//2821 
f 2710//2710 2820//2820 2822//2822 
f 2711//2711 2710//2710 2822//2822 
f 2823//2823 2711//2711 2822//2822 
f 2706//2706 2711//2711 2823//2823 
f 2706//2706 2823//2823 2708//2708 
f 2708//2708 2823//2823 2824//2824 
f 2709//2709 2708//2708 2825//2825 
f 2708//2708 2824//2824 2825//2825 
f 2825//2825 2712//2712 2709//2709 
f 2826//2826 2712//2712 2825//2825 
f 2707//2707 2713//2713 2821//2821 
f 2821//2821 2713//2713 2827//2827 
f 2712//2712 2826//2826 2714//2714 
f 2826//2826 2830//2830 2714//2714 
f 2713//2713 2715//2715 2827//2827 
f 2827//2827 2715//2715 2831//2831 
f 2714//2714 2830//2830 2832//2832 
f 2716//2716 2714//2714 2832//2832 
f 2717//2717 2716//2716 2833//2833 
f 2716//2716 2832//2832 2833//2833 
f 2722//2722 2833//2833 2838//2838 
f 2722//2722 2718//2718 2833//2833 
f 2718//2718 2717//2717 2833//2833 
f 2718//2718 2723//2723 2719//2719 
f 2722//2722 2723//2723 2718//2718 
f 2719//2719 2723//2723 2720//2720 
f 2724//2724 2839//2839 2834//2834 
f 2724//2724 2835//2835 2725//2725 
f 2834//2834 2835//2835 2724//2724 
f 2725//2725 2835//2835 2831//2831 
f 2725//2725 2831//2831 2721//2721 
f 2721//2721 2831//2831 2715//2715 
f 2733//2733 2722//2722 2838//2838 
f 2840//2840 2733//2733 2838//2838 
f 2723//2723 2722//2722 2734//2734 
f 2734//2734 2722//2722 2733//2733 
f 2720//2720 2734//2734 2726//2726 
f 2723//2723 2734//2734 2720//2720 
f 2735//2735 2839//2839 2724//2724 
f 2841//2841 2839//2839 2735//2735 
f 2725//2725 2736//2736 2724//2724 
f 2736//2736 2735//2735 2724//2724 
f 2721//2721 2727//2727 2736//2736 
f 2725//2725 2721//2721 2736//2736 
f 2733//2733 2840//2840 2842//2842 
f 2734//2734 2733//2733 2842//2842 
f 2843//2843 2734//2734 2842//2842 
f 2726//2726 2734//2734 2843//2843 
f 2726//2726 2843//2843 2728//2728 
f 2728//2728 2843//2843 2844//2844 
f 2739//2739 2844//2844 2845//2845 
f 2739//2739 2729//2729 2844//2844 
f 2729//2729 2728//2728 2844//2844 
f 2729//2729 2740//2740 2730//2730 
f 2739//2739 2740//2740 2729//2729 
f 2730//2730 2740//2740 2737//2737 
f 2731//2731 2841//2841 2735//2735 
f 2731//2731 2738//2738 2841//2841 
f 2738//2738 2846//2846 2841//2841 
f 2732//2732 2731//2731 2735//2735 
f 2736//2736 2732//2732 2735//2735 
f 2727//2727 2732//2732 2736//2736 
f 2751//2751 2739//2739 2845//2845 
f 2848//2848 2751//2751 2845//2845 
f 2740//2740 2739//2739 2752//2752 
f 2752//2752 2739//2739 2751//2751 
f 2737//2737 2752//2752 2741//2741 
f 2740//2740 2752//2752 2737//2737 
f 2738//2738 2742//2742 2846//2846 
f 2846//2846 2742//2742 2849//2849 
f 2751//2751 2848//2848 2850//2850 
f 2752//2752 2751//2751 2850//2850 
f 2851//2851 2752//2752 2850//2850 
f 2741//2741 2752//2752 2851//2851 
f 2741//2741 2851//2851 2743//2743 
f 2743//2743 2851//2851 2852//2852 
f 2744//2744 2743//2743 2853//2853 
f 2743//2743 2852//2852 2853//2853 
f 2745//2745 2744//2744 2854//2854 
f 2744//2744 2853//2853 2854//2854 
f 2746//2746 2745//2745 2855//2855 
f 2745//2745 2854//2854 2855//2855 
f 2747//2747 2746//2746 2856//2856 
f 2746//2746 2855//2855 2856//2856 
f 2748//2748 2747//2747 2857//2857 
f 2747//2747 2856//2856 2857//2857 
f 2749//2749 2748//2748 2858//2858 
f 2748//2748 2857//2857 2858//2858 
f 2750//2750 2749//2749 2859//2859 
f 2749//2749 2858//2858 2859//2859 
f 2849//2849 2742//2742 2750//2750 
f 2859//2859 2849//2849 2750//2750 
f 2753//2753 2861//2861 2868//2868 
f 2762//2762 2753//2753 2868//2868 
f 2754//2754 2862//2862 2753//2753 
f 2753//2753 2862//2862 2861//2861 
f 2755//2755 2863//2863 2754//2754 
f 2754//2754 2863//2863 2862//2862 
f 2756//2756 2864//2864 2755//2755 
f 2755//2755 2864//2864 2863//2863 
f 2757//2757 2865//2865 2756//2756 
f 2756//2756 2865//2865 2864//2864 
f 2758//2758 2866//2866 2757//2757 
f 2757//2757 2866//2866 2865//2865 
f 2759//2759 2867//2867 2758//2758 
f 2758//2758 2867//2867 2866//2866 
f 2764//2764 2869//2869 2867//2867 
f 2764//2764 2867//2867 2760//2760 
f 2760//2760 2867//2867 2759//2759 
f 2760//2760 2761//2761 2765//2765 
f 2764//2764 2760//2760 2765//2765 
f 2761//2761 2763//2763 2765//2765 
f 2762//2762 2868//2868 2766//2766 
f 2868//2868 2870//2870 2766//2766 
f 2776//2776 2869//2869 2764//2764 
f 2871//2871 2869//2869 2776//2776 
f 2765//2765 2777//2777 2764//2764 
f 2777//2777 2776//2776 2764//2764 
f 2763//2763 2767//2767 2777//2777 
f 2765//2765 2763//2763 2777//2777 
f 2768//2768 2872//2872 2880//2880 
f 2778//2778 2768//2768 2880//2880 
f 2769//2769 2873//2873 2768//2768 
f 2768//2768 2873//2873 2872//2872 
f 2870//2870 2769//2769 2766//2766 
f 2873//2873 2769//2769 2870//2870 
f 2776//2776 2874//2874 2871//2871 
f 2777//2777 2874//2874 2776//2776 
f 2875//2875 2874//2874 2777//2777 
f 2767//2767 2875//2875 2777//2777 
f 2767//2767 2770//2770 2875//2875 
f 2770//2770 2876//2876 2875//2875 
f 2771//2771 2877//2877 2770//2770 
f 2770//2770 2877//2877 2876//2876 
f 2772//2772 2878//2878 2771//2771 
f 2771//2771 2878//2878 2877//2877 
f 2773//2773 2879//2879 2772//2772 
f 2772//2772 2879//2879 2878//2878 
f 2780//2780 2881//2881 2879//2879 
f 2780//2780 2879//2879 2774//2774 
f 2774//2774 2879//2879 2773//2773 
f 2774//2774 2775//2775 2781//2781 
f 2780//2780 2774//2774 2781//2781 
f 2775//2775 2779//2779 2781//2781 
f 2778//2778 2880//2880 2782//2782 
f 2880//2880 2882//2882 2782//2782 
f 2788//2788 2881//2881 2780//2780 
f 2883//2883 2881//2881 2788//2788 
f 2781//2781 2789//2789 2780//2780 
f 2789//2789 2788//2788 2780//2780 
f 2779//2779 2783//2783 2789//2789 
f 2781//2781 2779//2779 2789//2789 
f 2784//2784 2884//2884 2888//2888 
f 2790//2790 2784//2784 2888//2888 
f 2785//2785 2885//2885 2784//2784 
f 2784//2784 2885//2885 2884//2884 
f 2882//2882 2785//2785 2782//2782 
f 2885//2885 2785//2785 2882//2882 
f 2788//2788 2886//2886 2883//2883 
f 2789//2789 2886//2886 2788//2788 
f 2887//2887 2886//2886 2789//2789 
f 2792//2792 2889//2889 2887//2887 
f 2786//2786 2792//2792 2887//2887 
f 2786//2786 2887//2887 2789//2789 
f 2786//2786 2789//2789 2783//2783 
f 2786//2786 2787//2787 2793//2793 
f 2792//2792 2786//2786 2793//2793 
f 2787//2787 2791//2791 2793//2793 
f 2790//2790 2888//2888 2794//2794 
f 2888//2888 2890//2890 2794//2794 
f 2796//2796 2889//2889 2792//2792 
f 2891//2891 2889//2889 2796//2796 
f 2793//2793 2797//2797 2792//2792 
f 2797//2797 2796//2796 2792//2792 
f 2791//2791 2795//2795 2797//2797 
f 2793//2793 2791//2791 2797//2797 
f 2794//2794 2890//2890 2798//2798 
f 2890//2890 2894//2894 2798//2798 
f 2796//2796 2892//2892 2891//2891 
f 2797//2797 2892//2892 2796//2796 
f 2893//2893 2892//2892 2797//2797 
f 2893//2893 2797//2797 2795//2795 
f 2893//2893 2795//2795 2895//2895 
f 2895//2895 2795//2795 2799//2799 
f 2798//2798 2894//2894 2800//2800 
f 2894//2894 2896//2896 2800//2800 
f 2799//2799 2801//2801 2895//2895 
f 2895//2895 2801//2801 2897//2897 
f 2808//2808 2802//2802 2800//2800 
f 2808//2808 2800//2800 2898//2898 
f 2898//2898 2800//2800 2896//2896 
f 2802//2802 2809//2809 2803//2803 
f 2808//2808 2809//2809 2802//2802 
f 2803//2803 2809//2809 2806//2806 
f 2810//2810 2801//2801 2804//2804 
f 2810//2810 2899//2899 2801//2801 
f 2899//2899 2897//2897 2801//2801 
f 2804//2804 2805//2805 2811//2811 
f 2810//2810 2804//2804 2811//2811 
f 2805//2805 2807//2807 2811//2811 
f 2814//2814 2808//2808 2898//2898 
f 2900//2900 2814//2814 2898//2898 
f 2809//2809 2808//2808 2815//2815 
f 2815//2815 2808//2808 2814//2814 
f 2806//2806 2815//2815 2812//2812 
f 2809//2809 2815//2815 2806//2806 
f 2816//2816 2899//2899 2810//2810 
f 2901//2901 2899//2899 2816//2816 
f 2811//2811 2817//2817 2810//2810 
f 2817//2817 2816//2816 2810//2810 
f 2807//2807 2813//2813 2817//2817 
f 2811//2811 2807//2807 2817//2817 
f 2814//2814 2900//2900 2902//2902 
f 2815//2815 2814//2814 2902//2902 
f 2903//2903 2815//2815 2902//2902 
f 2903//2903 2812//2812 2815//2815 
f 2903//2903 2906//2906 2812//2812 
f 2906//2906 2818//2818 2812//2812 
f 2816//2816 2904//2904 2901//2901 
f 2817//2817 2904//2904 2816//2816 
f 2905//2905 2904//2904 2817//2817 
f 2905//2905 2817//2817 2813//2813 
f 2905//2905 2813//2813 2907//2907 
f 2907//2907 2813//2813 2819//2819 
f 2818//2818 2906//2906 2820//2820 
f 2906//2906 2908//2908 2820//2820 
f 2819//2819 2821//2821 2907//2907 
f 2907//2907 2821//2821 2909//2909 
f 2820//2820 2908//2908 2910//2910 
f 2822//2822 2820//2820 2910//2910 
f 2823//2823 2822//2822 2911//2911 
f 2822//2822 2910//2910 2911//2911 
f 2828//2828 2911//2911 2912//2912 
f 2828//2828 2824//2824 2911//2911 
f 2824//2824 2823//2823 2911//2911 
f 2824//2824 2829//2829 2825//2825 
f 2828//2828 2829//2829 2824//2824 
f 2825//2825 2829//2829 2826//2826 
f 2821//2821 2827//2827 2909//2909 
f 2909//2909 2827//2827 2913//2913 
f 2836//2836 2828//2828 2912//2912 
f 2914//2914 2836//2836 2912//2912 
f 2829//2829 2828//2828 2837//2837 
f 2837//2837 2828//2828 2836//2836 
f 2826//2826 2837//2837 2830//2830 
f 2829//2829 2837//2837 2826//2826 
f 2827//2827 2831//2831 2913//2913 
f 2913//2913 2831//2831 2915//2915 
f 2836//2836 2914//2914 2916//2916 
f 2837//2837 2836//2836 2916//2916 
f 2917//2917 2837//2837 2916//2916 
f 2830//2830 2837//2837 2917//2917 
f 2830//2830 2917//2917 2832//2832 
f 2832//2832 2917//2917 2918//2918 
f 2833//2833 2832//2832 2919//2919 
f 2832//2832 2918//2918 2919//2919 
f 2919//2919 2838//2838 2833//2833 
f 2922//2922 2838//2838 2919//2919 
f 2834//2834 2923//2923 2920//2920 
f 2839//2839 2923//2923 2834//2834 
f 2835//2835 2834//2834 2921//2921 
f 2834//2834 2920//2920 2921//2921 
f 2915//2915 2831//2831 2835//2835 
f 2921//2921 2915//2915 2835//2835 
f 2838//2838 2922//2922 2840//2840 
f 2922//2922 2924//2924 2840//2840 
f 2839//2839 2841//2841 2923//2923 
f 2923//2923 2841//2841 2925//2925 
f 2840//2840 2924//2924 2926//2926 
f 2842//2842 2840//2840 2926//2926 
f 2843//2843 2842//2842 2927//2927 
f 2842//2842 2926//2926 2927//2927 
f 2847//2847 2927//2927 2928//2928 
f 2847//2847 2844//2844 2927//2927 
f 2844//2844 2843//2843 2927//2927 
f 2844//2844 2847//2847 2845//2845 
f 2841//2841 2846//2846 2925//2925 
f 2925//2925 2846//2846 2929//2929 
f 2860//2860 2847//2847 2928//2928 
f 2930//2930 2860//2860 2928//2928 
f 2845//2845 2860//2860 2848//2848 
f 2847//2847 2860//2860 2845//2845 
f 2846//2846 2849//2849 2929//2929 
f 2929//2929 2849//2849 2931//2931 
f 2860//2860 2930//2930 2932//2932 
f 2848//2848 2860//2860 2932//2932 
f 2848//2848 2932//2932 2850//2850 
f 2850//2850 2932//2932 2933//2933 
f 2851//2851 2850//2850 2934//2934 
f 2850//2850 2933//2933 2934//2934 
f 2852//2852 2851//2851 2935//2935 
f 2851//2851 2934//2934 2935//2935 
f 2853//2853 2852//2852 2936//2936 
f 2852//2852 2935//2935 2936//2936 
f 2854//2854 2853//2853 2937//2937 
f 2853//2853 2936//2936 2937//2937 
f 2855//2855 2854//2854 2938//2938 
f 2854//2854 2937//2937 2938//2938 
f 2856//2856 2855//2855 2939//2939 
f 2855//2855 2938//2938 2939//2939 
f 2857//2857 2856//2856 2940//2940 
f 2856//2856 2939//2939 2940//2940 
f 2858//2858 2857//2857 2941//2941 
f 2857//2857 2940//2940 2941//2941 
f 2859//2859 2858//2858 2942//2942 
f 2858//2858 2941//2941 2942//2942 
f 2931//2931 2849//2849 2859//2859 
f 2942//2942 2931//2931 2859//2859 
f 2861//2861 2943//2943 2950//2950 
f 2868//2868 2861//2861 2950//2950 
f 2862//2862 2944//2944 2861//2861 
f 2861//2861 2944//2944 2943//2943 
f 2863//2863 2945//2945 2862//2862 
f 2862//2862 2945//2945 2944//2944 
f 2864//2864 2946//2946 2863//2863 
f 2863//2863 2946//2946 2945//2945 
f 2865//2865 2947//2947 2864//2864 
f 2864//2864 2947//2947 2946//2946 
f 2866//2866 2948//2948 2865//2865 
f 2865//2865 2948//2948 2947//2947 
f 2867//2867 2949//2949 2866//2866 
f 2866//2866 2949//2949 2948//2948 
f 2949//2949 2867//2867 2869//2869 
f 2951//2951 2949//2949 2869//2869 
f 2868//2868 2950//2950 2870//2870 
f 2950//2950 2955//2955 2870//2870 
f 2869//2869 2871//2871 2951//2951 
f 2951//2951 2871//2871 2956//2956 
f 2872//2872 2957//2957 2968//2968 
f 2880//2880 2872//2872 2968//2968 
f 2873//2873 2958//2958 2872//2872 
f 2872//2872 2958//2958 2957//2957 
f 2955//2955 2873//2873 2870//2870 
f 2958//2958 2873//2873 2955//2955 
f 2871//2871 2959//2959 2956//2956 
f 2874//2874 2959//2959 2871//2871 
f 2875//2875 2960//2960 2874//2874 
f 2874//2874 2960//2960 2959//2959 
f 2876//2876 2961//2961 2875//2875 
f 2875//2875 2961//2961 2960//2960 
f 2877//2877 2962//2962 2876//2876 
f 2876//2876 2962//2962 2961//2961 
f 2878//2878 2963//2963 2877//2877 
f 2877//2877 2963//2963 2962//2962 
f 2879//2879 2964//2964 2878//2878 
f 2878//2878 2964//2964 2963//2963 
f 2964//2964 2879//2879 2881//2881 
f 2969//2969 2964//2964 2881//2881 
f 2880//2880 2968//2968 2882//2882 
f 2968//2968 2972//2972 2882//2882 
f 2881//2881 2883//2883 2969//2969 
f 2969//2969 2883//2883 2973//2973 
f 2884//2884 2974//2974 2980//2980 
f 2888//2888 2884//2884 2980//2980 
f 2885//2885 2975//2975 2884//2884 
f 2884//2884 2975//2975 2974//2974 
f 2972//2972 2885//2885 2882//2882 
f 2975//2975 2885//2885 2972//2972 
f 2883//2883 2976//2976 2973//2973 
f 2886//2886 2976//2976 2883//2883 
f 2887//2887 2977//2977 2886//2886 
f 2886//2886 2977//2977 2976//2976 
f 2977//2977 2887//2887 2889//2889 
f 2981//2981 2977//2977 2889//2889 
f 2888//2888 2980//2980 2890//2890 
f 2980//2980 2982//2982 2890//2890 
f 2889//2889 2891//2891 2981//2981 
f 2981//2981 2891//2891 2983//2983 
f 2890//2890 2982//2982 2894//2894 
f 2982//2982 2986//2986 2894//2894 
f 2891//2891 2984//2984 2983//2983 
f 2892//2892 2984//2984 2891//2891 
f 2893//2893 2985//2985 2892//2892 
f 2892//2892 2985//2985 2984//2984 
f 2985//2985 2893//2893 2895//2895 
f 2987//2987 2985//2985 2895//2895 
f 2894//2894 2986//2986 2896//2896 
f 2986//2986 2990//2990 2896//2896 
f 2895//2895 2897//2897 2987//2987 
f 2987//2987 2897//2897 2991//2991 
f 2896//2896 2990//2990 2898//2898 
f 2990//2990 2994//2994 2898//2898 
f 2897//2897 2899//2899 2991//2991 
f 2991//2991 2899//2899 2995//2995 
f 2898//2898 2994//2994 2900//2900 
f 2994//2994 2996//2996 2900//2900 
f 2899//2899 2901//2901 2995//2995 
f 2995//2995 2901//2901 2997//2997 
f 2900//2900 2996//2996 2998//2998 
f 2902//2902 2900//2900 2998//2998 
f 2903//2903 2902//2902 2999//2999 
f 2902//2902 2998//2998 2999//2999 
f 2999//2999 2906//2906 2903//2903 
f 3002//3002 2906//2906 2999//2999 
f 2901//2901 3000//3000 2997//2997 
f 2904//2904 3000//3000 2901//2901 
f 2905//2905 3001//3001 2904//2904 
f 2904//2904 3001//3001 3000//3000 
f 3001//3001 2905//2905 2907//2907 
f 3003//3003 3001//3001 2907//2907 
f 2906//2906 3002//3002 2908//2908 
f 3002//3002 3008//3008 2908//2908 
f 2907//2907 2909//2909 3003//3003 
f 3003//3003 2909//2909 3009//3009 
f 2908//2908 3008//3008 3010//3010 
f 2910//2910 2908//2908 3010//3010 
f 2911//2911 2910//2910 3011//3011 
f 2910//2910 3010//3010 3011//3011 
f 3011//3011 2912//2912 2911//2911 
f 3016//3016 2912//2912 3011//3011 
f 2909//2909 2913//2913 3009//3009 
f 3009//3009 2913//2913 3017//3017 
f 2912//2912 3016//3016 2914//2914 
f 3016//3016 3020//3020 2914//2914 
f 2913//2913 2915//2915 3017//3017 
f 3017//3017 2915//2915 3021//3021 
f 2914//2914 3020//3020 3022//3022 
f 2916//2916 2914//2914 3022//3022 
f 2917//2917 2916//2916 3023//3023 
f 2916//2916 3022//3022 3023//3023 
f 2918//2918 2917//2917 3024//3024 
f 2917//2917 3023//3023 3024//3024 
f 2919//2919 2918//2918 3025//3025 
f 2918//2918 3024//3024 3025//3025 
f 3025//3025 2922//2922 2919//2919 
f 3030//3030 2922//2922 3025//3025 
f 2920//2920 3031//3031 3026//3026 
f 2923//2923 3031//3031 2920//2920 
f 2921//2921 2920//2920 3027//3027 
f 2920//2920 3026//3026 3027//3027 
f 3021//3021 2915//2915 2921//2921 
f 3027//3027 3021//3021 2921//2921 
f 2922//2922 3030//3030 2924//2924 
f 3030//3030 3034//3034 2924//2924 
f 2923//2923 2925//2925 3031//3031 
f 3031//3031 2925//2925 3035//3035 
f 2924//2924 3034//3034 3036//3036 
f 2926//2926 2924//2924 3036//3036 
f 2927//2927 2926//2926 3037//3037 
f 2926//2926 3036//3036 3037//3037 
f 3037//3037 2928//2928 2927//2927 
f 3040//3040 2928//2928 3037//3037 
f 2925//2925 2929//2929 3035//3035 
f 3035//3035 2929//2929 3041//3041 
f 2928//2928 3040//3040 2930//2930 
f 3040//3040 3044//3044 2930//2930 
f 2929//2929 2931//2931 3041//3041 
f 3041//3041 2931//2931 3045//3045 
f 2930//2930 3044//3044 3046//3046 
f 2932//2932 2930//2930 3046//3046 
f 2933//2933 2932//2932 3047//3047 
f 2932//2932 3046//3046 3047//3047 
f 2934//2934 2933//2933 3048//3048 
f 2933//2933 3047//3047 3048//3048 
f 2935//2935 2934//2934 3049//3049 
f 2934//2934 3048//3048 3049//3049 
f 2936//2936 2935//2935 3050//3050 
f 2935//2935 3049//3049 3050//3050 
f 2937//2937 2936//2936 3051//3051 
f 2936//2936 3050//3050 3051//3051 
f 2938//2938 2937//2937 3052//3052 
f 2937//2937 3051//3051 3052//3052 
f 2939//2939 2938//2938 3053//3053 
f 2938//2938 3052//3052 3053//3053 
f 2940//2940 2939//2939 3054//3054 
f 2939//2939 3053//3053 3054//3054 
f 2941//2941 2940//2940 3055//3055 
f 2940//2940 3054//3054 3055//3055 
f 2942//2942 2941//2941 3056//3056 
f 2941//2941 3055//3055 3056//3056 
f 3045//3045 2931//2931 2942//2942 
f 3056//3056 3045//3045 2942//2942 
f 2943//2943 2952//2952 2950//2950 
f 2943//2943 2944//2944 2953//2953 
f 2952//2952 2943//2943 2953//2953 
f 3063//3063 2953//2953 2944//2944 
f 3063//3063 2944//2944 3059//3059 
f 3059//3059 2944//2944 2945//2945 
f 2946//2946 3060//3060 2945//2945 
f 2945//2945 3060//3060 3059//3059 
f 2947//2947 3061//3061 2946//2946 
f 2946//2946 3061//3061 3060//3060 
f 2948//2948 3062//3062 2947//2947 
f 2947//2947 3062//3062 3061//3061 
f 2954//2954 3064//3064 3062//3062 
f 2954//2954 3062//3062 2949//2949 
f 2949//2949 3062//3062 2948//2948 
f 2949//2949 2951//2951 2954//2954 
f 2952//2952 2965//2965 2955//2955 
f 2950//2950 2952//2952 2955//2955 
f 2953//2953 2966//2966 2952//2952 
f 2966//2966 2965//2965 2952//2952 
f 3069//3069 2953//2953 3063//3063 
f 2966//2966 2953//2953 3069//3069 
f 2967//2967 3064//3064 2954//2954 
f 3070//3070 3064//3064 2967//2967 
f 2951//2951 2956//2956 2967//2967 
f 2954//2954 2951//2951 2967//2967 
f 2957//2957 3071//3071 3084//3084 
f 2968//2968 2957//2957 3084//3084 
f 2958//2958 3072//3072 2957//2957 
f 2957//2957 3072//3072 3071//3071 
f 2965//2965 2958//2958 2955//2955 
f 2965//2965 3073//3073 2958//2958 
f 3073//3073 3072//3072 2958//2958 
f 2966//2966 3073//3073 2965//2965 
f 3074//3074 3073//3073 2966//2966 
f 3069//3069 3074//3074 2966//2966 
f 2967//2967 3075//3075 3070//3070 
f 2956//2956 3075//3075 2967//2967 
f 2956//2956 2959//2959 3075//3075 
f 2959//2959 3076//3076 3075//3075 
f 2960//2960 3077//3077 2959//2959 
f 2959//2959 3077//3077 3076//3076 
f 2961//2961 3078//3078 2960//2960 
f 2960//2960 3078//3078 3077//3077 
f 2962//2962 3079//3079 2961//2961 
f 2961//2961 3079//3079 3078//3078 
f 2970//2970 3085//3085 3079//3079 
f 2970//2970 3079//3079 2963//2963 
f 2963//2963 3079//3079 2962//2962 
f 2963//2963 2964//2964 2971//2971 
f 2970//2970 2963//2963 2971//2971 
f 2964//2964 2969//2969 2971//2971 
f 2968//2968 3084//3084 2972//2972 
f 3084//3084 3088//3088 2972//2972 
f 2978//2978 3085//3085 2970//2970 
f 3089//3089 3085//3085 2978//2978 
f 2971//2971 2979//2979 2970//2970 
f 2979//2979 2978//2978 2970//2970 
f 2969//2969 2973//2973 2979//2979 
f 2971//2971 2969//2969 2979//2979 
f 2974//2974 3090//3090 3098//3098 
f 2980//2980 2974//2974 3098//3098 
f 2975//2975 3091//3091 2974//2974 
f 2974//2974 3091//3091 3090//3090 
f 3088//3088 2975//2975 2972//2972 
f 3091//3091 2975//2975 3088//3088 
f 2978//2978 3092//3092 3089//3089 
f 2979//2979 3092//3092 2978//2978 
f 3093//3093 3092//3092 2979//2979 
f 2973//2973 3093//3093 2979//2979 
f 2973//2973 2976//2976 3093//3093 
f 2976//2976 3094//3094 3093//3093 
f 2977//2977 3095//3095 2976//2976 
f 2976//2976 3095//3095 3094//3094 
f 3095//3095 2977//2977 2981//2981 
f 3099//3099 3095//3095 2981//2981 
f 2980//2980 3098//3098 2982//2982 
f 3098//3098 3102//3102 2982//2982 
f 2981//2981 2983//2983 3099//3099 
f 3099//3099 2983//2983 3103//3103 
f 2982//2982 3102//3102 2986//2986 
f 3102//3102 3106//3106 2986//2986 
f 2988//2988 2983//2983 2984//2984 
f 2988//2988 3107//3107 2983//2983 
f 3107//3107 3103//3103 2983//2983 
f 2984//2984 2985//2985 2989//2989 
f 2988//2988 2984//2984 2989//2989 
f 2985//2985 2987//2987 2989//2989 
f 2986//2986 3106//3106 2990//2990 
f 3106//3106 3108//3108 2990//2990 
f 2992//2992 3107//3107 2988//2988 
f 3109//3109 3107//3107 2992//2992 
f 2989//2989 2993//2993 2988//2988 
f 2993//2993 2992//2992 2988//2988 
f 2987//2987 2991//2991 2993//2993 
f 2989//2989 2987//2987 2993//2993 
f 2990//2990 3108//3108 2994//2994 
f 3108//3108 3112//3112 2994//2994 
f 2992//2992 3110//3110 3109//3109 
f 2993//2993 3110//3110 2992//2992 
f 3111//3111 3110//3110 2993//2993 
f 3111//3111 2993//2993 2991//2991 
f 3111//3111 2991//2991 3113//3113 
f 3113//3113 2991//2991 2995//2995 
f 2994//2994 3112//3112 2996//2996 
f 3112//3112 3114//3114 2996//2996 
f 2995//2995 2997//2997 3113//3113 
f 3113//3113 2997//2997 3115//3115 
f 3004//3004 2998//2998 2996//2996 
f 3004//3004 2996//2996 3116//3116 
f 3116//3116 2996//2996 3114//3114 
f 2998//2998 3005//3005 2999//2999 
f 3004//3004 3005//3005 2998//2998 
f 2999//2999 3005//3005 3002//3002 
f 3006//3006 2997//2997 3000//3000 
f 3006//3006 3117//3117 2997//2997 
f 3117//3117 3115//3115 2997//2997 
f 3000//3000 3001//3001 3007//3007 
f 3006//3006 3000//3000 3007//3007 
f 3001//3001 3003//3003 3007//3007 
f 3012//3012 3004//3004 3116//3116 
f 3118//3118 3012//3012 3116//3116 
f 3005//3005 3004//3004 3013//3013 
f 3013//3013 3004//3004 3012//3012 
f 3002//3002 3013//3013 3008//3008 
f 3005//3005 3013//3013 3002//3002 
f 3014//3014 3117//3117 3006//3006 
f 3119//3119 3117//3117 3014//3014 
f 3007//3007 3015//3015 3006//3006 
f 3015//3015 3014//3014 3006//3006 
f 3003//3003 3009//3009 3015//3015 
f 3007//3007 3003//3003 3015//3015 
f 3012//3012 3118//3118 3120//3120 
f 3013//3013 3012//3012 3120//3120 
f 3121//3121 3013//3013 3120//3120 
f 3008//3008 3013//3013 3121//3121 
f 3008//3008 3121//3121 3010//3010 
f 3010//3010 3121//3121 3122//3122 
f 3011//3011 3010//3010 3123//3123 
f 3010//3010 3122//3122 3123//3123 
f 3123//3123 3016//3016 3011//3011 
f 3124//3124 3016//3016 3123//3123 
f 3018//3018 3119//3119 3014//3014 
f 3125//3125 3119//3119 3018//3018 
f 3015//3015 3019//3019 3014//3014 
f 3019//3019 3018//3018 3014//3014 
f 3009//3009 3017//3017 3019//3019 
f 3015//3015 3009//3009 3019//3019 
f 3016//3016 3124//3124 3020//3020 
f 3124//3124 3128//3128 3020//3020 
f 3028//3028 3125//3125 3018//3018 
f 3129//3129 3125//3125 3028//3028 
f 3019//3019 3029//3029 3018//3018 
f 3029//3029 3028//3028 3018//3018 
f 3017//3017 3021//3021 3029//3029 
f 3019//3019 3017//3017 3029//3029 
f 3020//3020 3128//3128 3130//3130 
f 3022//3022 3020//3020 3130//3130 
f 3023//3023 3022//3022 3131//3131 
f 3022//3022 3130//3130 3131//3131 
f 3032//3032 3131//3131 3134//3134 
f 3032//3032 3024//3024 3131//3131 
f 3024//3024 3023//3023 3131//3131 
f 3024//3024 3033//3033 3025//3025 
f 3032//3032 3033//3033 3024//3024 
f 3025//3025 3033//3033 3030//3030 
f 3026//3026 3129//3129 3028//3028 
f 3026//3026 3031//3031 3129//3129 
f 3031//3031 3135//3135 3129//3129 
f 3027//3027 3026//3026 3028//3028 
f 3029//3029 3027//3027 3028//3028 
f 3021//3021 3027//3027 3029//3029 
f 3038//3038 3032//3032 3134//3134 
f 3138//3138 3038//3038 3134//3134 
f 3033//3033 3032//3032 3039//3039 
f 3039//3039 3032//3032 3038//3038 
f 3030//3030 3039//3039 3034//3034 
f 3033//3033 3039//3039 3030//3030 
f 3031//3031 3035//3035 3135//3135 
f 3135//3135 3035//3035 3139//3139 
f 3038//3038 3138//3138 3140//3140 
f 3039//3039 3038//3038 3140//3140 
f 3141//3141 3039//3039 3140//3140 
f 3034//3034 3039//3039 3141//3141 
f 3034//3034 3141//3141 3036//3036 
f 3036//3036 3141//3141 3142//3142 
f 3037//3037 3036//3036 3143//3143 
f 3036//3036 3142//3142 3143//3143 
f 3143//3143 3040//3040 3037//3037 
f 3148//3148 3040//3040 3143//3143 
f 3042//3042 3149//3149 3144//3144 
f 3042//3042 3145//3145 3043//3043 
f 3144//3144 3145//3145 3042//3042 
f 3043//3043 3145//3145 3139//3139 
f 3043//3043 3139//3139 3041//3041 
f 3041//3041 3139//3139 3035//3035 
f 3040//3040 3148//3148 3044//3044 
f 3148//3148 3152//3152 3044//3044 
f 3057//3057 3149//3149 3042//3042 
f 3153//3153 3149//3149 3057//3057 
f 3043//3043 3058//3058 3042//3042 
f 3058//3058 3057//3057 3042//3042 
f 3041//3041 3045//3045 3058//3058 
f 3043//3043 3041//3041 3058//3058 
f 3044//3044 3152//3152 3154//3154 
f 3046//3046 3044//3044 3154//3154 
f 3047//3047 3046//3046 3155//3155 
f 3046//3046 3154//3154 3155//3155 
f 3048//3048 3047//3047 3156//3156 
f 3047//3047 3155//3155 3156//3156 
f 3049//3049 3048//3048 3157//3157 
f 3048//3048 3156//3156 3157//3157 
f 3050//3050 3049//3049 3158//3158 
f 3049//3049 3157//3157 3158//3158 
f 3051//3051 3050//3050 3159//3159 
f 3050//3050 3158//3158 3159//3159 
f 3052//3052 3051//3051 3160//3160 
f 3051//3051 3159//3159 3160//3160 
f 3053//3053 3052//3052 3161//3161 
f 3052//3052 3160//3160 3161//3161 
f 3054//3054 3053//3053 3162//3162 
f 3053//3053 3161//3161 3162//3162 
f 3153//3153 3057//3057 3055//3055 
f 3153//3153 3055//3055 3162//3162 
f 3162//3162 3055//3055 3054//3054 
f 3056//3056 3055//3055 3057//3057 
f 3058//3058 3056//3056 3057//3057 
f 3045//3045 3056//3056 3058//3058 
f 3059//3059 3065//3065 3063//3063 
f 3059//3059 3060//3060 3066//3066 
f 3065//3065 3059//3059 3066//3066 
f 3060//3060 3061//3061 3067//3067 
f 3066//3066 3060//3060 3067//3067 
f 3061//3061 3062//3062 3068//3068 
f 3067//3067 3061//3061 3068//3068 
f 3062//3062 3064//3064 3068//3068 
f 3065//3065 3080//3080 3069//3069 
f 3063//3063 3065//3065 3069//3069 
f 3066//3066 3081//3081 3065//3065 
f 3081//3081 3080//3080 3065//3065 
f 3067//3067 3082//3082 3066//3066 
f 3082//3082 3081//3081 3066//3066 
f 3068//3068 3083//3083 3067//3067 
f 3083//3083 3082//3082 3067//3067 
f 3064//3064 3070//3070 3083//3083 
f 3068//3068 3064//3064 3083//3083 
f 3071//3071 3169//3169 3180//3180 
f 3084//3084 3071//3071 3180//3180 
f 3072//3072 3170//3170 3071//3071 
f 3071//3071 3170//3170 3169//3169 
f 3073//3073 3171//3171 3072//3072 
f 3072//3072 3171//3171 3170//3170 
f 3074//3074 3172//3172 3073//3073 
f 3073//3073 3172//3172 3171//3171 
f 3080//3080 3074//3074 3069//3069 
f 3080//3080 3173//3173 3074//3074 
f 3173//3173 3172//3172 3074//3074 
f 3081//3081 3173//3173 3080//3080 
f 3174//3174 3173//3173 3081//3081 
f 3082//3082 3174//3174 3081//3081 
f 3175//3175 3174//3174 3082//3082 
f 3083//3083 3175//3175 3082//3082 
f 3176//3176 3175//3175 3083//3083 
f 3070//3070 3176//3176 3083//3083 
f 3070//3070 3075//3075 3176//3176 
f 3075//3075 3177//3177 3176//3176 
f 3076//3076 3178//3178 3075//3075 
f 3075//3075 3178//3178 3177//3177 
f 3077//3077 3179//3179 3076//3076 
f 3076//3076 3179//3179 3178//3178 
f 3086//3086 3181//3181 3179//3179 
f 3086//3086 3179//3179 3078//3078 
f 3078//3078 3179//3179 3077//3077 
f 3078//3078 3079//3079 3087//3087 
f 3086//3086 3078//3078 3087//3087 
f 3079//3079 3085//3085 3087//3087 
f 3084//3084 3180//3180 3088//3088 
f 3180//3180 3184//3184 3088//3088 
f 3096//3096 3181//3181 3086//3086 
f 3185//3185 3181//3181 3096//3096 
f 3087//3087 3097//3097 3086//3086 
f 3097//3097 3096//3096 3086//3086 
f 3085//3085 3089//3089 3097//3097 
f 3087//3087 3085//3085 3097//3097 
f 3090//3090 3186//3186 3194//3194 
f 3098//3098 3090//3090 3194//3194 
f 3091//3091 3187//3187 3090//3090 
f 3090//3090 3187//3187 3186//3186 
f 3184//3184 3091//3091 3088//3088 
f 3187//3187 3091//3091 3184//3184 
f 3096//3096 3188//3188 3185//3185 
f 3097//3097 3188//3188 3096//3096 
f 3189//3189 3188//3188 3097//3097 
f 3089//3089 3189//3189 3097//3097 
f 3089//3089 3092//3092 3189//3189 
f 3092//3092 3190//3190 3189//3189 
f 3093//3093 3191//3191 3092//3092 
f 3092//3092 3191//3191 3190//3190 
f 3100//3100 3195//3195 3191//3191 
f 3100//3100 3191//3191 3094//3094 
f 3094//3094 3191//3191 3093//3093 
f 3094//3094 3095//3095 3101//3101 
f 3100//3100 3094//3094 3101//3101 
f 3095//3095 3099//3099 3101//3101 
f 3098//3098 3194//3194 3102//3102 
f 3194//3194 3196//3196 3102//3102 
f 3104//3104 3195//3195 3100//3100 
f 3197//3197 3195//3195 3104//3104 
f 3101//3101 3105//3105 3100//3100 
f 3105//3105 3104//3104 3100//3100 
f 3099//3099 3103//3103 3105//3105 
f 3101//3101 3099//3099 3105//3105 
f 3102//3102 3196//3196 3106//3106 
f 3196//3196 3200//3200 3106//3106 
f 3104//3104 3198//3198 3197//3197 
f 3105//3105 3198//3198 3104//3104 
f 3199//3199 3198//3198 3105//3105 
f 3199//3199 3105//3105 3103//3103 
f 3199//3199 3103//3103 3201//3201 
f 3201//3201 3103//3103 3107//3107 
f 3106//3106 3200//3200 3108//3108 
f 3200//3200 3202//3202 3108//3108 
f 3107//3107 3109//3109 3201//3201 
f 3201//3201 3109//3109 3203//3203 
f 3108//3108 3202//3202 3112//3112 
f 3202//3202 3206//3206 3112//3112 
f 3109//3109 3204//3204 3203//3203 
f 3110//3110 3204//3204 3109//3109 
f 3111//3111 3205//3205 3110//3110 
f 3110//3110 3205//3205 3204//3204 
f 3205//3205 3111//3111 3113//3113 
f 3207//3207 3205//3205 3113//3113 
f 3112//3112 3206//3206 3114//3114 
f 3206//3206 3210//3210 3114//3114 
f 3113//3113 3115//3115 3207//3207 
f 3207//3207 3115//3115 3211//3211 
f 3114//3114 3210//3210 3116//3116 
f 3210//3210 3214//3214 3116//3116 
f 3115//3115 3117//3117 3211//3211 
f 3211//3211 3117//3117 3215//3215 
f 3116//3116 3214//3214 3118//3118 
f 3214//3214 3218//3218 3118//3118 
f 3117//3117 3119//3119 3215//3215 
f 3215//3215 3119//3119 3219//3219 
f 3118//3118 3218//3218 3220//3220 
f 3120//3120 3118//3118 3220//3220 
f 3121//3121 3120//3120 3221//3221 
f 3120//3120 3220//3220 3221//3221 
f 3126//3126 3221//3221 3224//3224 
f 3126//3126 3122//3122 3221//3221 
f 3122//3122 3121//3121 3221//3221 
f 3122//3122 3127//3127 3123//3123 
f 3126//3126 3127//3127 3122//3122 
f 3123//3123 3127//3127 3124//3124 
f 3119//3119 3125//3125 3219//3219 
f 3219//3219 3125//3125 3225//3225 
f 3132//3132 3126//3126 3224//3224 
f 3230//3230 3132//3132 3224//3224 
f 3127//3127 3126//3126 3133//3133 
f 3133//3133 3126//3126 3132//3132 
f 3124//3124 3133//3133 3128//3128 
f 3127//3127 3133//3133 3124//3124 
f 3125//3125 3129//3129 3225//3225 
f 3225//3225 3129//3129 3231//3231 
f 3132//3132 3230//3230 3232//3232 
f 3133//3133 3132//3132 3232//3232 
f 3233//3233 3133//3133 3232//3232 
f 3136//3136 3233//3233 3238//3238 
f 3130//3130 3233//3233 3136//3136 
f 3130//3130 3133//3133 3233//3233 
f 3130//3130 3128//3128 3133//3133 
f 3130//3130 3137//3137 3131//3131 
f 3136//3136 3137//3137 3130//3130 
f 3131//3131 3137//3137 3134//3134 
f 3129//3129 3135//3135 3231//3231 
f 3231//3231 3135//3135 3239//3239 
f 3146//3146 3136//3136 3238//3238 
f 3242//3242 3146//3146 3238//3238 
f 3137//3137 3136//3136 3147//3147 
f 3147//3147 3136//3136 3146//3146 
f 3134//3134 3147//3147 3138//3138 
f 3137//3137 3147//3147 3134//3134 
f 3135//3135 3139//3139 3239//3239 
f 3239//3239 3139//3139 3243//3243 
f 3146//3146 3242//3242 3244//3244 
f 3147//3147 3146//3146 3244//3244 
f 3245//3245 3147//3147 3244//3244 
f 3138//3138 3147//3147 3245//3245 
f 3138//3138 3245//3245 3140//3140 
f 3140//3140 3245//3245 3246//3246 
f 3141//3141 3140//3140 3247//3247 
f 3140//3140 3246//3246 3247//3247 
f 3150//3150 3247//3247 3252//3252 
f 3150//3150 3142//3142 3247//3247 
f 3142//3142 3141//3141 3247//3247 
f 3142//3142 3151//3151 3143//3143 
f 3150//3150 3151//3151 3142//3142 
f 3143//3143 3151//3151 3148//3148 
f 3144//3144 3253//3253 3248//3248 
f 3149//3149 3253//3253 3144//3144 
f 3145//3145 3144//3144 3249//3249 
f 3144//3144 3248//3248 3249//3249 
f 3243//3243 3139//3139 3145//3145 
f 3249//3249 3243//3243 3145//3145 
f 3163//3163 3150//3150 3252//3252 
f 3256//3256 3163//3163 3252//3252 
f 3151//3151 3150//3150 3164//3164 
f 3164//3164 3150//3150 3163//3163 
f 3148//3148 3164//3164 3152//3152 
f 3151//3151 3164//3164 3148//3148 
f 3149//3149 3153//3153 3253//3253 
f 3253//3253 3153//3153 3257//3257 
f 3163//3163 3256//3256 3258//3258 
f 3164//3164 3163//3163 3258//3258 
f 3259//3259 3164//3164 3258//3258 
f 3152//3152 3164//3164 3259//3259 
f 3152//3152 3259//3259 3154//3154 
f 3154//3154 3259//3259 3260//3260 
f 3155//3155 3154//3154 3261//3261 
f 3154//3154 3260//3260 3261//3261 
f 3156//3156 3155//3155 3262//3262 
f 3155//3155 3261//3261 3262//3262 
f 3165//3165 3262//3262 3267//3267 
f 3165//3165 3157//3157 3262//3262 
f 3157//3157 3156//3156 3262//3262 
f 3157//3157 3166//3166 3158//3158 
f 3165//3165 3166//3166 3157//3157 
f 3158//3158 3167//3167 3159//3159 
f 3166//3166 3167//3167 3158//3158 
f 3159//3159 3168//3168 3160//3160 
f 3167//3167 3168//3168 3159//3159 
f 3268//3268 3160//3160 3168//3168 
f 3268//3268 3263//3263 3160//3160 
f 3263//3263 3161//3161 3160//3160 
f 3162//3162 3161//3161 3264//3264 
f 3161//3161 3263//3263 3264//3264 
f 3257//3257 3153//3153 3162//3162 
f 3264//3264 3257//3257 3162//3162 
f 3165//3165 3267//3267 3269//3269 
f 3166//3166 3165//3165 3269//3269 
f 3270//3270 3166//3166 3269//3269 
f 3167//3167 3166//3166 3270//3270 
f 3271//3271 3167//3167 3270//3270 
f 3168//3168 3167//3167 3271//3271 
f 3272//3272 3168//3168 3271//3271 
f 3268//3268 3168//3168 3272//3272 
f 3169//3169 3182//3182 3180//3180 
f 3169//3169 3170//3170 3183//3183 
f 3182//3182 3169//3169 3183//3183 
f 3285//3285 3183//3183 3170//3170 
f 3285//3285 3170//3170 3276//3276 
f 3276//3276 3170//3170 3171//3171 
f 3172//3172 3277//3277 3171//3171 
f 3171//3171 3277//3277 3276//3276 
f 3173//3173 3278//3278 3172//3172 
f 3172//3172 3278//3278 3277//3277 
f 3174//3174 3279//3279 3173//3173 
f 3173//3173 3279//3279 3278//3278 
f 3175//3175 3280//3280 3174//3174 
f 3174//3174 3280//3280 3279//3279 
f 3176//3176 3281//3281 3175//3175 
f 3175//3175 3281//3281 3280//3280 
f 3177//3177 3282//3282 3176//3176 
f 3176//3176 3282//3282 3281//3281 
f 3178//3178 3283//3283 3177//3177 
f 3177//3177 3283//3283 3282//3282 
f 3179//3179 3284//3284 3178//3178 
f 3178//3178 3284//3284 3283//3283 
f 3284//3284 3179//3179 3181//3181 
f 3286//3286 3284//3284 3181//3181 
f 3182//3182 3192//3192 3184//3184 
f 3180//3180 3182//3182 3184//3184 
f 3183//3183 3193//3193 3182//3182 
f 3193//3193 3192//3192 3182//3182 
f 3296//3296 3183//3183 3285//3285 
f 3193//3193 3183//3183 3296//3296 
f 3181//3181 3185//3185 3286//3286 
f 3286//3286 3185//3185 3297//3297 
f 3186//3186 3298//3298 3315//3315 
f 3194//3194 3186//3186 3315//3315 
f 3187//3187 3299//3299 3186//3186 
f 3186//3186 3299//3299 3298//3298 
f 3192//3192 3187//3187 3184//3184 
f 3192//3192 3300//3300 3187//3187 
f 3300//3300 3299//3299 3187//3187 
f 3193//3193 3300//3300 3192//3192 
f 3301//3301 3300//3300 3193//3193 
f 3296//3296 3301//3301 3193//3193 
f 3185//3185 3302//3302 3297//3297 
f 3188//3188 3302//3302 3185//3185 
f 3189//3189 3303//3303 3188//3188 
f 3188//3188 3303//3303 3302//3302 
f 3190//3190 3304//3304 3189//3189 
f 3189//3189 3304//3304 3303//3303 
f 3191//3191 3305//3305 3190//3190 
f 3190//3190 3305//3305 3304//3304 
f 3305//3305 3191//3191 3195//3195 
f 3316//3316 3305//3305 3195//3195 
f 3194//3194 3315//3315 3196//3196 
f 3315//3315 3321//3321 3196//3196 
f 3195//3195 3197//3197 3316//3316 
f 3316//3316 3197//3197 3322//3322 
f 3196//3196 3321//3321 3200//3200 
f 3321//3321 3329//3329 3200//3200 
f 3197//3197 3323//3323 3322//3322 
f 3198//3198 3323//3323 3197//3197 
f 3199//3199 3324//3324 3198//3198 
f 3198//3198 3324//3324 3323//3323 
f 3324//3324 3199//3199 3201//3201 
f 3330//3330 3324//3324 3201//3201 
f 3200//3200 3329//3329 3202//3202 
f 3329//3329 3333//3333 3202//3202 
f 3201//3201 3203//3203 3330//3330 
f 3330//3330 3203//3203 3334//3334 
f 3202//3202 3333//3333 3206//3206 
f 3333//3333 3337//3337 3206//3206 
f 3208//3208 3203//3203 3204//3204 
f 3208//3208 3338//3338 3203//3203 
f 3338//3338 3334//3334 3203//3203 
f 3204//3204 3205//3205 3209//3209 
f 3208//3208 3204//3204 3209//3209 
f 3205//3205 3207//3207 3209//3209 
f 3206//3206 3337//3337 3210//3210 
f 3337//3337 3339//3339 3210//3210 
f 3212//3212 3338//3338 3208//3208 
f 3340//3340 3338//3338 3212//3212 
f 3209//3209 3213//3213 3208//3208 
f 3213//3213 3212//3212 3208//3208 
f 3207//3207 3211//3211 3213//3213 
f 3209//3209 3207//3207 3213//3213 
f 3210//3210 3339//3339 3214//3214 
f 3339//3339 3341//3341 3214//3214 
f 3216//3216 3340//3340 3212//3212 
f 3342//3342 3340//3340 3216//3216 
f 3213//3213 3217//3217 3212//3212 
f 3217//3217 3216//3216 3212//3212 
f 3211//3211 3215//3215 3217//3217 
f 3213//3213 3211//3211 3217//3217 
f 3214//3214 3341//3341 3218//3218 
f 3341//3341 3343//3343 3218//3218 
f 3222//3222 3342//3342 3216//3216 
f 3344//3344 3342//3342 3222//3222 
f 3217//3217 3223//3223 3216//3216 
f 3223//3223 3222//3222 3216//3216 
f 3215//3215 3219//3219 3223//3223 
f 3217//3217 3215//3215 3223//3223 
f 3226//3226 3220//3220 3218//3218 
f 3226//3226 3218//3218 3345//3345 
f 3345//3345 3218//3218 3343//3343 
f 3220//3220 3227//3227 3221//3221 
f 3226//3226 3227//3227 3220//3220 
f 3221//3221 3227//3227 3224//3224 
f 3228//3228 3344//3344 3222//3222 
f 3346//3346 3344//3344 3228//3228 
f 3223//3223 3229//3229 3222//3222 
f 3229//3229 3228//3228 3222//3222 
f 3219//3219 3225//3225 3229//3229 
f 3223//3223 3219//3219 3229//3229 
f 3234//3234 3226//3226 3345//3345 
f 3347//3347 3234//3234 3345//3345 
f 3227//3227 3226//3226 3235//3235 
f 3235//3235 3226//3226 3234//3234 
f 3224//3224 3235//3235 3230//3230 
f 3227//3227 3235//3235 3224//3224 
f 3236//3236 3346//3346 3228//3228 
f 3348//3348 3346//3346 3236//3236 
f 3229//3229 3237//3237 3228//3228 
f 3237//3237 3236//3236 3228//3228 
f 3225//3225 3231//3231 3237//3237 
f 3229//3229 3225//3225 3237//3237 
f 3234//3234 3347//3347 3349//3349 
f 3235//3235 3234//3234 3349//3349 
f 3350//3350 3235//3235 3349//3349 
f 3230//3230 3235//3235 3350//3350 
f 3230//3230 3350//3350 3232//3232 
f 3232//3232 3350//3350 3351//3351 
f 3233//3233 3232//3232 3352//3352 
f 3232//3232 3351//3351 3352//3352 
f 3352//3352 3238//3238 3233//3233 
f 3353//3353 3238//3238 3352//3352 
f 3240//3240 3348//3348 3236//3236 
f 3354//3354 3348//3348 3240//3240 
f 3237//3237 3241//3241 3236//3236 
f 3241//3241 3240//3240 3236//3236 
f 3231//3231 3239//3239 3241//3241 
f 3237//3237 3231//3231 3241//3241 
f 3238//3238 3353//3353 3242//3242 
f 3353//3353 3357//3357 3242//3242 
f 3250//3250 3354//3354 3240//3240 
f 3358//3358 3354//3354 3250//3250 
f 3241//3241 3251//3251 3240//3240 
f 3251//3251 3250//3250 3240//3240 
f 3239//3239 3243//3243 3251//3251 
f 3241//3241 3239//3239 3251//3251 
f 3242//3242 3357//3357 3359//3359 
f 3244//3244 3242//3242 3359//3359 
f 3245//3245 3244//3244 3360//3360 
f 3244//3244 3359//3359 3360//3360 
f 3254//3254 3360//3360 3363//3363 
f 3254//3254 3246//3246 3360//3360 
f 3246//3246 3245//3245 3360//3360 
f 3246//3246 3255//3255 3247//3247 
f 3254//3254 3255//3255 3246//3246 
f 3247//3247 3255//3255 3252//3252 
f 3248//3248 3358//3358 3250//3250 
f 3248//3248 3253//3253 3358//3358 
f 3253//3253 3364//3364 3358//3358 
f 3249//3249 3248//3248 3250//3250 
f 3251//3251 3249//3249 3250//3250 
f 3243//3243 3249//3249 3251//3251 
f 3265//3265 3254//3254 3363//3363 
f 3367//3367 3265//3265 3363//3363 
f 3255//3255 3254//3254 3266//3266 
f 3266//3266 3254//3254 3265//3265 
f 3252//3252 3266//3266 3256//3256 
f 3255//3255 3266//3266 3252//3252 
f 3253//3253 3257//3257 3364//3364 
f 3364//3364 3257//3257 3368//3368 
f 3265//3265 3367//3367 3369//3369 
f 3266//3266 3265//3265 3369//3369 
f 3370//3370 3266//3266 3369//3369 
f 3256//3256 3266//3266 3370//3370 
f 3256//3256 3370//3370 3258//3258 
f 3258//3258 3370//3370 3371//3371 
f 3259//3259 3258//3258 3372//3372 
f 3258//3258 3371//3371 3372//3372 
f 3273//3273 3372//3372 3377//3377 
f 3273//3273 3260//3260 3372//3372 
f 3260//3260 3259//3259 3372//3372 
f 3260//3260 3274//3274 3261//3261 
f 3273//3273 3274//3274 3260//3260 
f 3261//3261 3275//3275 3262//3262 
f 3274//3274 3275//3275 3261//3261 
f 3262//3262 3275//3275 3267//3267 
f 3263//3263 3378//3378 3373//3373 
f 3268//3268 3378//3378 3263//3263 
f 3264//3264 3263//3263 3374//3374 
f 3263//3263 3373//3373 3374//3374 
f 3368//3368 3257//3257 3264//3264 
f 3374//3374 3368//3368 3264//3264 
f 3273//3273 3377//3377 3379//3379 
f 3274//3274 3273//3273 3379//3379 
f 3380//3380 3274//3274 3379//3379 
f 3275//3275 3274//3274 3380//3380 
f 3381//3381 3275//3275 3380//3380 
f 3267//3267 3275//3275 3381//3381 
f 3267//3267 3381//3381 3269//3269 
f 3269//3269 3381//3381 3382//3382 
f 3270//3270 3269//3269 3383//3383 
f 3269//3269 3382//3382 3383//3383 
f 3271//3271 3270//3270 3384//3384 
f 3270//3270 3383//3383 3384//3384 
f 3272//3272 3271//3271 3385//3385 
f 3271//3271 3384//3384 3385//3385 
f 3378//3378 3268//3268 3272//3272 
f 3385//3385 3378//3378 3272//3272 
f 3276//3276 3287//3287 3285//3285 
f 3276//3276 3277//3277 3288//3288 
f 3287//3287 3276//3276 3288//3288 
f 3277//3277 3278//3278 3289//3289 
f 3288//3288 3277//3277 3289//3289 
f 3278//3278 3279//3279 3290//3290 
f 3289//3289 3278//3278 3290//3290 
f 3279//3279 3280//3280 3291//3291 
f 3290//3290 3279//3279 3291//3291 
f 3280//3280 3281//3281 3292//3292 
f 3291//3291 3280//3280 3292//3292 
f 3281//3281 3282//3282 3293//3293 
f 3292//3292 3281//3281 3293//3293 
f 3282//3282 3283//3283 3294//3294 
f 3293//3293 3282//3282 3294//3294 
f 3283//3283 3284//3284 3295//3295 
f 3294//3294 3283//3283 3295//3295 
f 3284//3284 3286//3286 3295//3295 
f 3287//3287 3306//3306 3296//3296 
f 3285//3285 3287//3287 3296//3296 
f 3288//3288 3307//3307 3287//3287 
f 3307//3307 3306//3306 3287//3287 
f 3289//3289 3308//3308 3288//3288 
f 3308//3308 3307//3307 3288//3288 
f 3290//3290 3309//3309 3289//3289 
f 3309//3309 3308//3308 3289//3289 
f 3291//3291 3310//3310 3290//3290 
f 3310//3310 3309//3309 3290//3290 
f 3292//3292 3311//3311 3291//3291 
f 3311//3311 3310//3310 3291//3291 
f 3293//3293 3312//3312 3292//3292 
f 3312//3312 3311//3311 3292//3292 
f 3294//3294 3313//3313 3293//3293 
f 3313//3313 3312//3312 3293//3293 
f 3295//3295 3314//3314 3294//3294 
f 3314//3314 3313//3313 3294//3294 
f 3286//3286 3297//3297 3314//3314 
f 3295//3295 3286//3286 3314//3314 
f 3298//3298 3317//3317 3315//3315 
f 3298//3298 3299//3299 3318//3318 
f 3317//3317 3298//3298 3318//3318 
f 3401//3401 3318//3318 3299//3299 
f 3401//3401 3299//3299 3388//3388 
f 3388//3388 3299//3299 3300//3300 
f 3301//3301 3389//3389 3300//3300 
f 3300//3300 3389//3389 3388//3388 
f 3306//3306 3301//3301 3296//3296 
f 3306//3306 3390//3390 3301//3301 
f 3390//3390 3389//3389 3301//3301 
f 3307//3307 3390//3390 3306//3306 
f 3391//3391 3390//3390 3307//3307 
f 3308//3308 3391//3391 3307//3307 
f 3392//3392 3391//3391 3308//3308 
f 3309//3309 3392//3392 3308//3308 
f 3393//3393 3392//3392 3309//3309 
f 3310//3310 3393//3393 3309//3309 
f 3394//3394 3393//3393 3310//3310 
f 3311//3311 3394//3394 3310//3310 
f 3395//3395 3394//3394 3311//3311 
f 3312//3312 3395//3395 3311//3311 
f 3396//3396 3395//3395 3312//3312 
f 3313//3313 3396//3396 3312//3312 
f 3397//3397 3396//3396 3313//3313 
f 3314//3314 3397//3397 3313//3313 
f 3398//3398 3397//3397 3314//3314 
f 3297//3297 3398//3398 3314//3314 
f 3297//3297 3302//3302 3398//3398 
f 3302//3302 3399//3399 3398//3398 
f 3303//3303 3400//3400 3302//3302 
f 3302//3302 3400//3400 3399//3399 
f 3319//3319 3402//3402 3400//3400 
f 3319//3319 3400//3400 3304//3304 
f 3304//3304 3400//3400 3303//3303 
f 3304//3304 3305//3305 3320//3320 
f 3319//3319 3304//3304 3320//3320 
f 3305//3305 3316//3316 3320//3320 
f 3317//3317 3325//3325 3321//3321 
f 3315//3315 3317//3317 3321//3321 
f 3318//3318 3326//3326 3317//3317 
f 3326//3326 3325//3325 3317//3317 
f 3409//3409 3318//3318 3401//3401 
f 3326//3326 3318//3318 3409//3409 
f 3327//3327 3402//3402 3319//3319 
f 3410//3410 3402//3402 3327//3327 
f 3320//3320 3328//3328 3319//3319 
f 3328//3328 3327//3327 3319//3319 
f 3316//3316 3322//3322 3328//3328 
f 3320//3320 3316//3316 3328//3328 
f 3325//3325 3411//3411 3421//3421 
f 3325//3325 3421//3421 3321//3321 
f 3321//3321 3421//3421 3329//3329 
f 3326//3326 3411//3411 3325//3325 
f 3412//3412 3411//3411 3326//3326 
f 3409//3409 3412//3412 3326//3326 
f 3327//3327 3413//3413 3410//3410 
f 3328//3328 3413//3413 3327//3327 
f 3414//3414 3413//3413 3328//3328 
f 3331//3331 3422//3422 3414//3414 
f 3323//3323 3331//3331 3414//3414 
f 3323//3323 3414//3414 3328//3328 
f 3323//3323 3328//3328 3322//3322 
f 3323//3323 3324//3324 3332//3332 
f 3331//3331 3323//3323 3332//3332 
f 3324//3324 3330//3330 3332//3332 
f 3329//3329 3421//3421 3333//3333 
f 3421//3421 3425//3425 3333//3333 
f 3335//3335 3422//3422 3331//3331 
f 3426//3426 3422//3422 3335//3335 
f 3332//3332 3336//3336 3331//3331 
f 3336//3336 3335//3335 3331//3331 
f 3330//3330 3334//3334 3336//3336 
f 3332//3332 3330//3330 3336//3336 
f 3333//3333 3425//3425 3337//3337 
f 3425//3425 3431//3431 3337//3337 
f 3335//3335 3427//3427 3426//3426 
f 3336//3336 3427//3427 3335//3335 
f 3428//3428 3427//3427 3336//3336 
f 3428//3428 3336//3336 3334//3334 
f 3428//3428 3334//3334 3432//3432 
f 3432//3432 3334//3334 3338//3338 
f 3337//3337 3431//3431 3339//3339 
f 3431//3431 3437//3437 3339//3339 
f 3338//3338 3340//3340 3432//3432 
f 3432//3432 3340//3340 3438//3438 
f 3339//3339 3437//3437 3341//3341 
f 3437//3437 3443//3443 3341//3341 
f 3340//3340 3342//3342 3438//3438 
f 3438//3438 3342//3342 3444//3444 
f 3341//3341 3443//3443 3343//3343 
f 3443//3443 3445//3445 3343//3343 
f 3342//3342 3344//3344 3444//3444 
f 3444//3444 3344//3344 3446//3446 
f 3343//3343 3445//3445 3345//3345 
f 3445//3445 3447//3447 3345//3345 
f 3344//3344 3346//3346 3446//3446 
f 3446//3446 3346//3346 3448//3448 
f 3345//3345 3447//3447 3347//3347 
f 3447//3447 3451//3451 3347//3347 
f 3346//3346 3348//3348 3448//3448 
f 3448//3448 3348//3348 3452//3452 
f 3347//3347 3451//3451 3453//3453 
f 3349//3349 3347//3347 3453//3453 
f 3350//3350 3349//3349 3454//3454 
f 3349//3349 3453//3453 3454//3454 
f 3355//3355 3454//3454 3457//3457 
f 3355//3355 3351//3351 3454//3454 
f 3351//3351 3350//3350 3454//3454 
f 3351//3351 3356//3356 3352//3352 
f 3355//3355 3356//3356 3351//3351 
f 3352//3352 3356//3356 3353//3353 
f 3348//3348 3354//3354 3452//3452 
f 3452//3452 3354//3354 3458//3458 
f 3361//3361 3355//3355 3457//3457 
f 3461//3461 3361//3361 3457//3457 
f 3356//3356 3355//3355 3362//3362 
f 3362//3362 3355//3355 3361//3361 
f 3353//3353 3362//3362 3357//3357 
f 3356//3356 3362//3362 3353//3353 
f 3354//3354 3358//3358 3458//3458 
f 3458//3458 3358//3358 3462//3462 
f 3361//3361 3461//3461 3463//3463 
f 3362//3362 3361//3361 3463//3463 
f 3464//3464 3362//3362 3463//3463 
f 3357//3357 3362//3362 3464//3464 
f 3357//3357 3464//3464 3359//3359 
f 3359//3359 3464//3464 3465//3465 
f 3360//3360 3359//3359 3466//3466 
f 3359//3359 3465//3465 3466//3466 
f 3466//3466 3363//3363 3360//3360 
f 3471//3471 3363//3363 3466//3466 
f 3365//3365 3472//3472 3467//3467 
f 3365//3365 3468//3468 3366//3366 
f 3467//3467 3468//3468 3365//3365 
f 3366//3366 3468//3468 3462//3462 
f 3366//3366 3462//3462 3364//3364 
f 3364//3364 3462//3462 3358//3358 
f 3363//3363 3471//3471 3367//3367 
f 3471//3471 3475//3475 3367//3367 
f 3375//3375 3472//3472 3365//3365 
f 3476//3476 3472//3472 3375//3375 
f 3366//3366 3376//3376 3365//3365 
f 3376//3376 3375//3375 3365//3365 
f 3364//3364 3368//3368 3376//3376 
f 3366//3366 3364//3364 3376//3376 
f 3367//3367 3475//3475 3477//3477 
f 3369//3369 3367//3367 3477//3477 
f 3370//3370 3369//3369 3478//3478 
f 3369//3369 3477//3477 3478//3478 
f 3386//3386 3478//3478 3481//3481 
f 3386//3386 3371//3371 3478//3478 
f 3371//3371 3370//3370 3478//3478 
f 3371//3371 3387//3387 3372//3372 
f 3386//3386 3387//3387 3371//3371 
f 3372//3372 3387//3387 3377//3377 
f 3373//3373 3476//3476 3375//3375 
f 3373//3373 3378//3378 3476//3476 
f 3378//3378 3482//3482 3476//3476 
f 3374//3374 3373//3373 3375//3375 
f 3376//3376 3374//3374 3375//3375 
f 3368//3368 3374//3374 3376//3376 
f 3386//3386 3481//3481 3483//3483 
f 3387//3387 3386//3386 3483//3483 
f 3484//3484 3387//3387 3483//3483 
f 3377//3377 3387//3387 3484//3484 
f 3377//3377 3484//3484 3379//3379 
f 3379//3379 3484//3484 3485//3485 
f 3380//3380 3379//3379 3486//3486 
f 3379//3379 3485//3485 3486//3486 
f 3381//3381 3380//3380 3487//3487 
f 3380//3380 3486//3486 3487//3487 
f 3382//3382 3381//3381 3488//3488 
f 3381//3381 3487//3487 3488//3488 
f 3383//3383 3382//3382 3489//3489 
f 3382//3382 3488//3488 3489//3489 
f 3384//3384 3383//3383 3490//3490 
f 3383//3383 3489//3489 3490//3490 
f 3385//3385 3384//3384 3491//3491 
f 3384//3384 3490//3490 3491//3491 
f 3482//3482 3378//3378 3385//3385 
f 3491//3491 3482//3482 3385//3385 
f 3388//3388 3403//3403 3401//3401 
f 3388//3388 3389//3389 3404//3404 
f 3403//3403 3388//3388 3404//3404 
f 3389//3389 3390//3390 3405//3405 
f 3404//3404 3389//3389 3405//3405 
f 3390//3390 3391//3391 3406//3406 
f 3405//3405 3390//3390 3406//3406 
f 3501//3501 3406//3406 3391//3391 
f 3501//3501 3391//3391 3494//3494 
f 3494//3494 3391//3391 3392//3392 
f 3393//3393 3495//3495 3392//3392 
f 3392//3392 3495//3495 3494//3494 
f 3394//3394 3496//3496 3393//3393 
f 3393//3393 3496//3496 3495//3495 
f 3395//3395 3497//3497 3394//3394 
f 3394//3394 3497//3497 3496//3496 
f 3396//3396 3498//3498 3395//3395 
f 3395//3395 3498//3498 3497//3497 
f 3397//3397 3499//3499 3396//3396 
f 3396//3396 3499//3499 3498//3498 
f 3398//3398 3500//3500 3397//3397 
f 3397//3397 3500//3500 3499//3499 
f 3407//3407 3502//3502 3500//3500 
f 3407//3407 3500//3500 3399//3399 
f 3399//3399 3500//3500 3398//3398 
f 3399//3399 3400//3400 3408//3408 
f 3407//3407 3399//3399 3408//3408 
f 3400//3400 3402//3402 3408//3408 
f 3403//3403 3415//3415 3409//3409 
f 3401//3401 3403//3403 3409//3409 
f 3404//3404 3416//3416 3403//3403 
f 3416//3416 3415//3415 3403//3403 
f 3405//3405 3417//3417 3404//3404 
f 3417//3417 3416//3416 3404//3404 
f 3406//3406 3418//3418 3405//3405 
f 3418//3418 3417//3417 3405//3405 
f 3503//3503 3406//3406 3501//3501 
f 3418//3418 3406//3406 3503//3503 
f 3419//3419 3502//3502 3407//3407 
f 3504//3504 3502//3502 3419//3419 
f 3408//3408 3420//3420 3407//3407 
f 3420//3420 3419//3419 3407//3407 
f 3402//3402 3410//3410 3420//3420 
f 3408//3408 3402//3402 3420//3420 
f 3411//3411 3423//3423 3421//3421 
f 3411//3411 3412//3412 3424//3424 
f 3423//3423 3411//3411 3424//3424 
f 3412//3412 3513//3513 3424//3424 
f 3409//3409 3513//3513 3412//3412 
f 3409//3409 3505//3505 3513//3513 
f 3409//3409 3415//3415 3505//3505 
f 3416//3416 3505//3505 3415//3415 
f 3506//3506 3505//3505 3416//3416 
f 3417//3417 3506//3506 3416//3416 
f 3507//3507 3506//3506 3417//3417 
f 3418//3418 3507//3507 3417//3417 
f 3508//3508 3507//3507 3418//3418 
f 3503//3503 3508//3508 3418//3418 
f 3419//3419 3509//3509 3504//3504 
f 3420//3420 3509//3509 3419//3419 
f 3510//3510 3509//3509 3420//3420 
f 3410//3410 3510//3510 3420//3420 
f 3410//3410 3413//3413 3510//3510 
f 3413//3413 3511//3511 3510//3510 
f 3414//3414 3512//3512 3413//3413 
f 3413//3413 3512//3512 3511//3511 
f 3512//3512 3414//3414 3422//3422 
f 3514//3514 3512//3512 3422//3422 
f 3423//3423 3429//3429 3425//3425 
f 3421//3421 3423//3423 3425//3425 
f 3424//3424 3430//3430 3423//3423 
f 3430//3430 3429//3429 3423//3423 
f 3515//3515 3424//3424 3513//3513 
f 3430//3430 3424//3424 3515//3515 
f 3422//3422 3426//3426 3514//3514 
f 3514//3514 3426//3426 3516//3516 
f 3429//3429 3433//3433 3431//3431 
f 3425//3425 3429//3429 3431//3431 
f 3430//3430 3434//3434 3429//3429 
f 3434//3434 3433//3433 3429//3429 
f 3517//3517 3430//3430 3515//3515 
f 3434//3434 3430//3430 3517//3517 
f 3435//3435 3426//3426 3427//3427 
f 3435//3435 3518//3518 3426//3426 
f 3518//3518 3516//3516 3426//3426 
f 3427//3427 3428//3428 3436//3436 
f 3435//3435 3427//3427 3436//3436 
f 3428//3428 3432//3432 3436//3436 
f 3433//3433 3439//3439 3437//3437 
f 3431//3431 3433//3433 3437//3437 
f 3434//3434 3440//3440 3433//3433 
f 3440//3440 3439//3439 3433//3433 
f 3519//3519 3434//3434 3517//3517 
f 3440//3440 3434//3434 3519//3519 
f 3441//3441 3518//3518 3435//3435 
f 3520//3520 3518//3518 3441//3441 
f 3436//3436 3442//3442 3435//3435 
f 3442//3442 3441//3441 3435//3435 
f 3432//3432 3438//3438 3442//3442 
f 3436//3436 3432//3432 3442//3442 
f 3439//3439 3521//3521 3525//3525 
f 3439//3439 3525//3525 3437//3437 
f 3437//3437 3525//3525 3443//3443 
f 3440//3440 3521//3521 3439//3439 
f 3522//3522 3521//3521 3440//3440 
f 3519//3519 3522//3522 3440//3440 
f 3441//3441 3523//3523 3520//3520 
f 3442//3442 3523//3523 3441//3441 
f 3524//3524 3523//3523 3442//3442 
f 3524//3524 3442//3442 3438//3438 
f 3524//3524 3438//3438 3526//3526 
f 3526//3526 3438//3438 3444//3444 
f 3443//3443 3525//3525 3445//3445 
f 3525//3525 3527//3527 3445//3445 
f 3444//3444 3446//3446 3526//3526 
f 3526//3526 3446//3446 3528//3528 
f 3445//3445 3527//3527 3447//3447 
f 3527//3527 3531//3531 3447//3447 
f 3449//3449 3532//3532 3529//3529 
f 3449//3449 3530//3530 3450//3450 
f 3529//3529 3530//3530 3449//3449 
f 3450//3450 3530//3530 3528//3528 
f 3450//3450 3528//3528 3448//3448 
f 3448//3448 3528//3528 3446//3446 
f 3447//3447 3531//3531 3451//3451 
f 3531//3531 3533//3533 3451//3451 
f 3455//3455 3532//3532 3449//3449 
f 3534//3534 3532//3532 3455//3455 
f 3450//3450 3456//3456 3449//3449 
f 3456//3456 3455//3455 3449//3449 
f 3448//3448 3452//3452 3456//3456 
f 3450//3450 3448//3448 3456//3456 
f 3451//3451 3533//3533 3535//3535 
f 3453//3453 3451//3451 3535//3535 
f 3454//3454 3453//3453 3536//3536 
f 3453//3453 3535//3535 3536//3536 
f 3536//3536 3457//3457 3454//3454 
f 3537//3537 3457//3457 3536//3536 
f 3459//3459 3534//3534 3455//3455 
f 3538//3538 3534//3534 3459//3459 
f 3456//3456 3460//3460 3455//3455 
f 3460//3460 3459//3459 3455//3455 
f 3452//3452 3458//3458 3460//3460 
f 3456//3456 3452//3452 3460//3460 
f 3457//3457 3537//3537 3461//3461 
f 3537//3537 3539//3539 3461//3461 
f 3469//3469 3538//3538 3459//3459 
f 3540//3540 3538//3538 3469//3469 
f 3460//3460 3470//3470 3459//3459 
f 3470//3470 3469//3469 3459//3459 
f 3458//3458 3462//3462 3470//3470 
f 3460//3460 3458//3458 3470//3470 
f 3461//3461 3539//3539 3541//3541 
f 3463//3463 3461//3461 3541//3541 
f 3464//3464 3463//3463 3542//3542 
f 3463//3463 3541//3541 3542//3542 
f 3473//3473 3542//3542 3543//3543 
f 3473//3473 3465//3465 3542//3542 
f 3465//3465 3464//3464 3542//3542 
f 3465//3465 3474//3474 3466//3466 
f 3473//3473 3474//3474 3465//3465 
f 3466//3466 3474//3474 3471//3471 
f 3467//3467 3540//3540 3469//3469 
f 3467//3467 3472//3472 3540//3540 
f 3472//3472 3544//3544 3540//3540 
f 3468//3468 3467//3467 3469//3469 
f 3470//3470 3468//3468 3469//3469 
f 3462//3462 3468//3468 3470//3470 
f 3479//3479 3473//3473 3543//3543 
f 3545//3545 3479//3479 3543//3543 
f 3474//3474 3473//3473 3480//3480 
f 3480//3480 3473//3473 3479//3479 
f 3471//3471 3480//3480 3475//3475 
f 3474//3474 3480//3480 3471//3471 
f 3472//3472 3476//3476 3544//3544 
f 3544//3544 3476//3476 3546//3546 
f 3479//3479 3545//3545 3547//3547 
f 3480//3480 3479//3479 3547//3547 
f 3548//3548 3480//3480 3547//3547 
f 3475//3475 3480//3480 3548//3548 
f 3475//3475 3548//3548 3477//3477 
f 3477//3477 3548//3548 3549//3549 
f 3478//3478 3477//3477 3550//3550 
f 3477//3477 3549//3549 3550//3550 
f 3550//3550 3481//3481 3478//3478 
f 3553//3553 3481//3481 3550//3550 
f 3492//3492 3554//3554 3551//3551 
f 3492//3492 3552//3552 3493//3493 
f 3551//3551 3552//3552 3492//3492 
f 3493//3493 3552//3552 3546//3546 
f 3493//3493 3546//3546 3482//3482 
f 3482//3482 3546//3546 3476//3476 
f 3481//3481 3553//3553 3555//3555 
f 3483//3483 3481//3481 3555//3555 
f 3484//3484 3483//3483 3556//3556 
f 3483//3483 3555//3555 3556//3556 
f 3485//3485 3484//3484 3557//3557 
f 3484//3484 3556//3556 3557//3557 
f 3486//3486 3485//3485 3558//3558 
f 3485//3485 3557//3557 3558//3558 
f 3487//3487 3486//3486 3559//3559 
f 3486//3486 3558//3558 3559//3559 
f 3488//3488 3487//3487 3560//3560 
f 3487//3487 3559//3559 3560//3560 
f 3489//3489 3488//3488 3561//3561 
f 3488//3488 3560//3560 3561//3561 
f 3554//3554 3492//3492 3490//3490 
f 3554//3554 3490//3490 3561//3561 
f 3561//3561 3490//3490 3489//3489 
f 3491//3491 3490//3490 3492//3492 
f 3493//3493 3491//3491 3492//3492 
f 3482//3482 3491//3491 3493//3493 
f 3494//3494 3562//3562 3569//3569 
f 3501//3501 3494//3494 3569//3569 
f 3495//3495 3563//3563 3494//3494 
f 3494//3494 3563//3563 3562//3562 
f 3496//3496 3564//3564 3495//3495 
f 3495//3495 3564//3564 3563//3563 
f 3497//3497 3565//3565 3496//3496 
f 3496//3496 3565//3565 3564//3564 
f 3498//3498 3566//3566 3497//3497 
f 3497//3497 3566//3566 3565//3565 
f 3499//3499 3567//3567 3498//3498 
f 3498//3498 3567//3567 3566//3566 
f 3500//3500 3568//3568 3499//3499 
f 3499//3499 3568//3568 3567//3567 
f 3568//3568 3500//3500 3502//3502 
f 3570//3570 3568//3568 3502//3502 
f 3501//3501 3569//3569 3503//3503 
f 3569//3569 3578//3578 3503//3503 
f 3502//3502 3504//3504 3570//3570 
f 3570//3570 3504//3504 3579//3579 
f 3505//3505 3580//3580 3595//3595 
f 3513//3513 3505//3505 3595//3595 
f 3506//3506 3581//3581 3505//3505 
f 3505//3505 3581//3581 3580//3580 
f 3507//3507 3582//3582 3506//3506 
f 3506//3506 3582//3582 3581//3581 
f 3508//3508 3583//3583 3507//3507 
f 3507//3507 3583//3583 3582//3582 
f 3578//3578 3508//3508 3503//3503 
f 3583//3583 3508//3508 3578//3578 
f 3504//3504 3584//3584 3579//3579 
f 3509//3509 3584//3584 3504//3504 
f 3510//3510 3585//3585 3509//3509 
f 3509//3509 3585//3585 3584//3584 
f 3511//3511 3586//3586 3510//3510 
f 3510//3510 3586//3586 3585//3585 
f 3512//3512 3587//3587 3511//3511 
f 3511//3511 3587//3587 3586//3586 
f 3587//3587 3512//3512 3514//3514 
f 3596//3596 3587//3587 3514//3514 
f 3513//3513 3595//3595 3515//3515 
f 3595//3595 3601//3601 3515//3515 
f 3514//3514 3516//3516 3596//3596 
f 3596//3596 3516//3516 3602//3602 
f 3515//3515 3601//3601 3517//3517 
f 3601//3601 3607//3607 3517//3517 
f 3516//3516 3518//3518 3602//3602 
f 3602//3602 3518//3518 3608//3608 
f 3517//3517 3607//3607 3519//3519 
f 3607//3607 3609//3609 3519//3519 
f 3518//3518 3520//3520 3608//3608 
f 3608//3608 3520//3520 3610//3610 
f 3521//3521 3611//3611 3615//3615 
f 3525//3525 3521//3521 3615//3615 
f 3522//3522 3612//3612 3521//3521 
f 3521//3521 3612//3612 3611//3611 
f 3609//3609 3522//3522 3519//3519 
f 3612//3612 3522//3522 3609//3609 
f 3520//3520 3613//3613 3610//3610 
f 3523//3523 3613//3613 3520//3520 
f 3524//3524 3614//3614 3523//3523 
f 3523//3523 3614//3614 3613//3613 
f 3614//3614 3524//3524 3526//3526 
f 3616//3616 3614//3614 3526//3526 
f 3525//3525 3615//3615 3527//3527 
f 3615//3615 3621//3621 3527//3527 
f 3526//3526 3528//3528 3616//3616 
f 3616//3616 3528//3528 3622//3622 
f 3527//3527 3621//3621 3531//3531 
f 3621//3621 3629//3629 3531//3531 
f 3529//3529 3630//3630 3623//3623 
f 3532//3532 3630//3630 3529//3529 
f 3530//3530 3529//3529 3624//3624 
f 3529//3529 3623//3623 3624//3624 
f 3622//3622 3528//3528 3530//3530 
f 3624//3624 3622//3622 3530//3530 
f 3531//3531 3629//3629 3533//3533 
f 3629//3629 3633//3633 3533//3533 
f 3532//3532 3534//3534 3630//3630 
f 3630//3630 3534//3534 3634//3634 
f 3533//3533 3633//3633 3635//3635 
f 3535//3535 3533//3533 3635//3635 
f 3536//3536 3535//3535 3636//3636 
f 3535//3535 3635//3635 3636//3636 
f 3636//3636 3537//3537 3536//3536 
f 3639//3639 3537//3537 3636//3636 
f 3534//3534 3538//3538 3634//3634 
f 3634//3634 3538//3538 3640//3640 
f 3537//3537 3639//3639 3539//3539 
f 3639//3639 3641//3641 3539//3539 
f 3538//3538 3540//3540 3640//3640 
f 3640//3640 3540//3540 3642//3642 
f 3539//3539 3641//3641 3643//3643 
f 3541//3541 3539//3539 3643//3643 
f 3542//3542 3541//3541 3644//3644 
f 3541//3541 3643//3643 3644//3644 
f 3644//3644 3543//3543 3542//3542 
f 3645//3645 3543//3543 3644//3644 
f 3540//3540 3544//3544 3642//3642 
f 3642//3642 3544//3544 3646//3646 
f 3543//3543 3645//3645 3545//3545 
f 3645//3645 3649//3649 3545//3545 
f 3544//3544 3546//3546 3646//3646 
f 3646//3646 3546//3546 3650//3650 
f 3545//3545 3649//3649 3651//3651 
f 3547//3547 3545//3545 3651//3651 
f 3548//3548 3547//3547 3652//3652 
f 3547//3547 3651//3651 3652//3652 
f 3549//3549 3548//3548 3653//3653 
f 3548//3548 3652//3652 3653//3653 
f 3550//3550 3549//3549 3654//3654 
f 3549//3549 3653//3653 3654//3654 
f 3654//3654 3553//3553 3550//3550 
f 3659//3659 3553//3553 3654//3654 
f 3551//3551 3660//3660 3655//3655 
f 3554//3554 3660//3660 3551//3551 
f 3552//3552 3551//3551 3656//3656 
f 3551//3551 3655//3655 3656//3656 
f 3650//3650 3546//3546 3552//3552 
f 3656//3656 3650//3650 3552//3552 
f 3553//3553 3659//3659 3661//3661 
f 3555//3555 3553//3553 3661//3661 
f 3556//3556 3555//3555 3662//3662 
f 3555//3555 3661//3661 3662//3662 
f 3557//3557 3556//3556 3663//3663 
f 3556//3556 3662//3662 3663//3663 
f 3558//3558 3557//3557 3664//3664 
f 3557//3557 3663//3663 3664//3664 
f 3559//3559 3558//3558 3665//3665 
f 3558//3558 3664//3664 3665//3665 
f 3560//3560 3559//3559 3666//3666 
f 3559//3559 3665//3665 3666//3666 
f 3561//3561 3560//3560 3667//3667 
f 3560//3560 3666//3666 3667//3667 
f 3660//3660 3554//3554 3561//3561 
f 3667//3667 3660//3660 3561//3561 
f 3562//3562 3571//3571 3569//3569 
f 3562//3562 3563//3563 3572//3572 
f 3571//3571 3562//3562 3572//3572 
f 3563//3563 3564//3564 3573//3573 
f 3572//3572 3563//3563 3573//3573 
f 3564//3564 3565//3565 3574//3574 
f 3573//3573 3564//3564 3574//3574 
f 3565//3565 3566//3566 3575//3575 
f 3574//3574 3565//3565 3575//3575 
f 3566//3566 3567//3567 3576//3576 
f 3575//3575 3566//3566 3576//3576 
f 3567//3567 3568//3568 3577//3577 
f 3576//3576 3567//3567 3577//3577 
f 3568//3568 3570//3570 3577//3577 
f 3571//3571 3588//3588 3578//3578 
f 3569//3569 3571//3571 3578//3578 
f 3572//3572 3589//3589 3571//3571 
f 3589//3589 3588//3588 3571//3571 
f 3573//3573 3590//3590 3572//3572 
f 3590//3590 3589//3589 3572//3572 
f 3574//3574 3591//3591 3573//3573 
f 3591//3591 3590//3590 3573//3573 
f 3575//3575 3592//3592 3574//3574 
f 3592//3592 3591//3591 3574//3574 
f 3576//3576 3593//3593 3575//3575 
f 3593//3593 3592//3592 3575//3575 
f 3577//3577 3594//3594 3576//3576 
f 3594//3594 3593//3593 3576//3576 
f 3570//3570 3579//3579 3594//3594 
f 3577//3577 3570//3570 3594//3594 
f 3580//3580 3597//3597 3595//3595 
f 3580//3580 3581//3581 3598//3598 
f 3597//3597 3580//3580 3598//3598 
f 3687//3687 3598//3598 3581//3581 
f 3687//3687 3581//3581 3676//3676 
f 3676//3676 3581//3581 3582//3582 
f 3583//3583 3677//3677 3582//3582 
f 3582//3582 3677//3677 3676//3676 
f 3588//3588 3583//3583 3578//3578 
f 3588//3588 3678//3678 3583//3583 
f 3678//3678 3677//3677 3583//3583 
f 3589//3589 3678//3678 3588//3588 
f 3679//3679 3678//3678 3589//3589 
f 3590//3590 3679//3679 3589//3589 
f 3680//3680 3679//3679 3590//3590 
f 3591//3591 3680//3680 3590//3590 
f 3681//3681 3680//3680 3591//3591 
f 3592//3592 3681//3681 3591//3591 
f 3682//3682 3681//3681 3592//3592 
f 3593//3593 3682//3682 3592//3592 
f 3683//3683 3682//3682 3593//3593 
f 3594//3594 3683//3683 3593//3593 
f 3684//3684 3683//3683 3594//3594 
f 3579//3579 3684//3684 3594//3594 
f 3579//3579 3584//3584 3684//3684 
f 3584//3584 3685//3685 3684//3684 
f 3585//3585 3686//3686 3584//3584 
f 3584//3584 3686//3686 3685//3685 
f 3599//3599 3688//3688 3686//3686 
f 3599//3599 3686//3686 3586//3586 
f 3586//3586 3686//3686 3585//3585 
f 3586//3586 3587//3587 3600//3600 
f 3599//3599 3586//3586 3600//3600 
f 3587//3587 3596//3596 3600//3600 
f 3597//3597 3603//3603 3601//3601 
f 3595//3595 3597//3597 3601//3601 
f 3598//3598 3604//3604 3597//3597 
f 3604//3604 3603//3603 3597//3597 
f 3695//3695 3598//3598 3687//3687 
f 3604//3604 3598//3598 3695//3695 
f 3605//3605 3688//3688 3599//3599 
f 3696//3696 3688//3688 3605//3605 
f 3600//3600 3606//3606 3599//3599 
f 3606//3606 3605//3605 3599//3599 
f 3596//3596 3602//3602 3606//3606 
f 3600//3600 3596//3596 3606//3606 
f 3603//3603 3697//3697 3707//3707 
f 3603//3603 3707//3707 3601//3601 
f 3601//3601 3707//3707 3607//3607 
f 3604//3604 3697//3697 3603//3603 
f 3698//3698 3697//3697 3604//3604 
f 3695//3695 3698//3698 3604//3604 
f 3605//3605 3699//3699 3696//3696 
f 3606//3606 3699//3699 3605//3605 
f 3700//3700 3699//3699 3606//3606 
f 3700//3700 3606//3606 3602//3602 
f 3700//3700 3602//3602 3708//3708 
f 3708//3708 3602//3602 3608//3608 
f 3607//3607 3707//3707 3609//3609 
f 3707//3707 3713//3713 3609//3609 
f 3608//3608 3610//3610 3708//3708 
f 3708//3708 3610//3610 3714//3714 
f 3611//3611 3617//3617 3615//3615 
f 3611//3611 3612//3612 3618//3618 
f 3617//3617 3611//3611 3618//3618 
f 3612//3612 3719//3719 3618//3618 
f 3612//3612 3609//3609 3719//3719 
f 3609//3609 3713//3713 3719//3719 
f 3619//3619 3610//3610 3613//3613 
f 3619//3619 3720//3720 3610//3610 
f 3720//3720 3714//3714 3610//3610 
f 3613//3613 3614//3614 3620//3620 
f 3619//3619 3613//3613 3620//3620 
f 3614//3614 3616//3616 3620//3620 
f 3617//3617 3625//3625 3621//3621 
f 3615//3615 3617//3617 3621//3621 
f 3618//3618 3626//3626 3617//3617 
f 3626//3626 3625//3625 3617//3617 
f 3723//3723 3618//3618 3719//3719 
f 3626//3626 3618//3618 3723//3723 
f 3627//3627 3720//3720 3619//3619 
f 3724//3724 3720//3720 3627//3627 
f 3620//3620 3628//3628 3619//3619 
f 3628//3628 3627//3627 3619//3619 
f 3616//3616 3622//3622 3628//3628 
f 3620//3620 3616//3616 3628//3628 
f 3625//3625 3631//3631 3629//3629 
f 3621//3621 3625//3625 3629//3629 
f 3626//3626 3632//3632 3625//3625 
f 3632//3632 3631//3631 3625//3625 
f 3727//3727 3626//3626 3723//3723 
f 3632//3632 3626//3626 3727//3727 
f 3623//3623 3724//3724 3627//3627 
f 3623//3623 3630//3630 3724//3724 
f 3630//3630 3728//3728 3724//3724 
f 3624//3624 3623//3623 3627//3627 
f 3628//3628 3624//3624 3627//3627 
f 3622//3622 3624//3624 3628//3628 
f 3631//3631 3637//3637 3633//3633 
f 3629//3629 3631//3631 3633//3633 
f 3632//3632 3638//3638 3631//3631 
f 3638//3638 3637//3637 3631//3631 
f 3733//3733 3632//3632 3727//3727 
f 3638//3638 3632//3632 3733//3733 
f 3630//3630 3634//3634 3728//3728 
f 3728//3728 3634//3634 3734//3734 
f 3633//3633 3637//3637 3635//3635 
f 3636//3636 3635//3635 3637//3637 
f 3638//3638 3636//3636 3637//3637 
f 3638//3638 3639//3639 3636//3636 
f 3638//3638 3733//3733 3639//3639 
f 3733//3733 3739//3739 3639//3639 
f 3634//3634 3640//3640 3734//3734 
f 3734//3734 3640//3640 3740//3740 
f 3639//3639 3739//3739 3641//3641 
f 3739//3739 3745//3745 3641//3641 
f 3640//3640 3642//3642 3740//3740 
f 3740//3740 3642//3642 3746//3746 
f 3641//3641 3745//3745 3747//3747 
f 3643//3643 3641//3641 3747//3747 
f 3644//3644 3643//3643 3748//3748 
f 3643//3643 3747//3747 3748//3748 
f 3748//3748 3645//3645 3644//3644 
f 3755//3755 3645//3645 3748//3748 
f 3647//3647 3756//3756 3749//3749 
f 3647//3647 3750//3750 3648//3648 
f 3749//3749 3750//3750 3647//3647 
f 3648//3648 3750//3750 3746//3746 
f 3648//3648 3746//3746 3646//3646 
f 3646//3646 3746//3746 3642//3642 
f 3645//3645 3755//3755 3649//3649 
f 3755//3755 3757//3757 3649//3649 
f 3657//3657 3756//3756 3647//3647 
f 3758//3758 3756//3756 3657//3657 
f 3648//3648 3658//3658 3647//3647 
f 3658//3658 3657//3657 3647//3647 
f 3646//3646 3650//3650 3658//3658 
f 3648//3648 3646//3646 3658//3658 
f 3649//3649 3757//3757 3759//3759 
f 3651//3651 3649//3649 3759//3759 
f 3652//3652 3651//3651 3760//3760 
f 3651//3651 3759//3759 3760//3760 
f 3668//3668 3760//3760 3761//3761 
f 3668//3668 3653//3653 3760//3760 
f 3653//3653 3652//3652 3760//3760 
f 3653//3653 3669//3669 3654//3654 
f 3668//3668 3669//3669 3653//3653 
f 3654//3654 3669//3669 3659//3659 
f 3655//3655 3758//3758 3657//3657 
f 3655//3655 3660//3660 3758//3758 
f 3660//3660 3762//3762 3758//3758 
f 3656//3656 3655//3655 3657//3657 
f 3658//3658 3656//3656 3657//3657 
f 3650//3650 3656//3656 3658//3658 
f 3668//3668 3761//3761 3763//3763 
f 3669//3669 3668//3668 3763//3763 
f 3764//3764 3669//3669 3763//3763 
f 3659//3659 3669//3669 3764//3764 
f 3659//3659 3764//3764 3661//3661 
f 3661//3661 3764//3764 3765//3765 
f 3662//3662 3661//3661 3766//3766 
f 3661//3661 3765//3765 3766//3766 
f 3670//3670 3766//3766 3771//3771 
f 3670//3670 3663//3663 3766//3766 
f 3663//3663 3662//3662 3766//3766 
f 3663//3663 3671//3671 3664//3664 
f 3670//3670 3671//3671 3663//3663 
f 3664//3664 3672//3672 3665//3665 
f 3671//3671 3672//3672 3664//3664 
f 3772//3772 3665//3665 3672//3672 
f 3772//3772 3767//3767 3665//3665 
f 3767//3767 3666//3666 3665//3665 
f 3667//3667 3666//3666 3768//3768 
f 3666//3666 3767//3767 3768//3768 
f 3762//3762 3660//3660 3667//3667 
f 3768//3768 3762//3762 3667//3667 
f 3673//3673 3670//3670 3771//3771 
f 3776//3776 3673//3673 3771//3771 
f 3671//3671 3670//3670 3674//3674 
f 3674//3674 3670//3670 3673//3673 
f 3672//3672 3671//3671 3675//3675 
f 3675//3675 3671//3671 3674//3674 
f 3777//3777 3772//3772 3672//3672 
f 3675//3675 3777//3777 3672//3672 
f 3673//3673 3776//3776 3778//3778 
f 3674//3674 3673//3673 3778//3778 
f 3779//3779 3674//3674 3778//3778 
f 3675//3675 3674//3674 3779//3779 
f 3780//3780 3675//3675 3779//3779 
f 3777//3777 3675//3675 3780//3780 
f 3676//3676 3689//3689 3687//3687 
f 3676//3676 3677//3677 3690//3690 
f 3689//3689 3676//3676 3690//3690 
f 3677//3677 3678//3678 3691//3691 
f 3690//3690 3677//3677 3691//3691 
f 3678//3678 3679//3679 3692//3692 
f 3691//3691 3678//3678 3692//3692 
f 3789//3789 3692//3692 3679//3679 
f 3789//3789 3679//3679 3784//3784 
f 3784//3784 3679//3679 3680//3680 
f 3681//3681 3785//3785 3680//3680 
f 3680//3680 3785//3785 3784//3784 
f 3682//3682 3786//3786 3681//3681 
f 3681//3681 3786//3786 3785//3785 
f 3683//3683 3787//3787 3682//3682 
f 3682//3682 3787//3787 3786//3786 
f 3684//3684 3788//3788 3683//3683 
f 3683//3683 3788//3788 3787//3787 
f 3693//3693 3790//3790 3788//3788 
f 3693//3693 3788//3788 3685//3685 
f 3685//3685 3788//3788 3684//3684 
f 3685//3685 3686//3686 3694//3694 
f 3693//3693 3685//3685 3694//3694 
f 3686//3686 3688//3688 3694//3694 
f 3689//3689 3701//3701 3695//3695 
f 3687//3687 3689//3689 3695//3695 
f 3690//3690 3702//3702 3689//3689 
f 3702//3702 3701//3701 3689//3689 
f 3691//3691 3703//3703 3690//3690 
f 3703//3703 3702//3702 3690//3690 
f 3692//3692 3704//3704 3691//3691 
f 3704//3704 3703//3703 3691//3691 
f 3796//3796 3692//3692 3789//3789 
f 3704//3704 3692//3692 3796//3796 
f 3705//3705 3790//3790 3693//3693 
f 3797//3797 3790//3790 3705//3705 
f 3694//3694 3706//3706 3693//3693 
f 3706//3706 3705//3705 3693//3693 
f 3688//3688 3696//3696 3706//3706 
f 3694//3694 3688//3688 3706//3706 
f 3697//3697 3709//3709 3707//3707 
f 3697//3697 3698//3698 3710//3710 
f 3709//3709 3697//3697 3710//3710 
f 3698//3698 3809//3809 3710//3710 
f 3695//3695 3809//3809 3698//3698 
f 3695//3695 3798//3798 3809//3809 
f 3695//3695 3701//3701 3798//3798 
f 3702//3702 3798//3798 3701//3701 
f 3799//3799 3798//3798 3702//3702 
f 3703//3703 3799//3799 3702//3702 
f 3800//3800 3799//3799 3703//3703 
f 3704//3704 3800//3800 3703//3703 
f 3801//3801 3800//3800 3704//3704 
f 3796//3796 3801//3801 3704//3704 
f 3705//3705 3802//3802 3797//3797 
f 3706//3706 3802//3802 3705//3705 
f 3803//3803 3802//3802 3706//3706 
f 3711//3711 3810//3810 3803//3803 
f 3699//3699 3711//3711 3803//3803 
f 3699//3699 3803//3803 3706//3706 
f 3699//3699 3706//3706 3696//3696 
f 3699//3699 3700//3700 3712//3712 
f 3711//3711 3699//3699 3712//3712 
f 3700//3700 3708//3708 3712//3712 
f 3709//3709 3715//3715 3713//3713 
f 3707//3707 3709//3709 3713//3713 
f 3710//3710 3716//3716 3709//3709 
f 3716//3716 3715//3715 3709//3709 
f 3821//3821 3710//3710 3809//3809 
f 3716//3716 3710//3710 3821//3821 
f 3717//3717 3810//3810 3711//3711 
f 3822//3822 3810//3810 3717//3717 
f 3712//3712 3718//3718 3711//3711 
f 3718//3718 3717//3717 3711//3711 
f 3708//3708 3714//3714 3718//3718 
f 3712//3712 3708//3708 3718//3718 
f 3715//3715 3721//3721 3719//3719 
f 3713//3713 3715//3715 3719//3719 
f 3716//3716 3722//3722 3715//3715 
f 3722//3722 3721//3721 3715//3715 
f 3835//3835 3716//3716 3821//3821 
f 3722//3722 3716//3716 3835//3835 
f 3717//3717 3823//3823 3822//3822 
f 3718//3718 3823//3823 3717//3717 
f 3824//3824 3823//3823 3718//3718 
f 3824//3824 3718//3718 3714//3714 
f 3824//3824 3714//3714 3836//3836 
f 3836//3836 3714//3714 3720//3720 
f 3721//3721 3725//3725 3723//3723 
f 3719//3719 3721//3721 3723//3723 
f 3722//3722 3726//3726 3721//3721 
f 3726//3726 3725//3725 3721//3721 
f 3845//3845 3722//3722 3835//3835 
f 3726//3726 3722//3722 3845//3845 
f 3720//3720 3724//3724 3836//3836 
f 3836//3836 3724//3724 3846//3846 
f 3725//3725 3729//3729 3727//3727 
f 3723//3723 3725//3725 3727//3727 
f 3726//3726 3730//3730 3725//3725 
f 3730//3730 3729//3729 3725//3725 
f 3857//3857 3726//3726 3845//3845 
f 3730//3730 3726//3726 3857//3857 
f 3731//3731 3858//3858 3847//3847 
f 3731//3731 3848//3848 3732//3732 
f 3847//3847 3848//3848 3731//3731 
f 3732//3732 3848//3848 3846//3846 
f 3732//3732 3846//3846 3728//3728 
f 3728//3728 3846//3846 3724//3724 
f 3729//3729 3735//3735 3733//3733 
f 3727//3727 3729//3729 3733//3733 
f 3730//3730 3736//3736 3729//3729 
f 3736//3736 3735//3735 3729//3729 
f 3863//3863 3730//3730 3857//3857 
f 3736//3736 3730//3730 3863//3863 
f 3737//3737 3858//3858 3731//3731 
f 3864//3864 3858//3858 3737//3737 
f 3732//3732 3738//3738 3731//3731 
f 3738//3738 3737//3737 3731//3731 
f 3728//3728 3734//3734 3738//3738 
f 3732//3732 3728//3728 3738//3738 
f 3735//3735 3741//3741 3739//3739 
f 3733//3733 3735//3735 3739//3739 
f 3736//3736 3742//3742 3735//3735 
f 3742//3742 3741//3741 3735//3735 
f 3869//3869 3736//3736 3863//3863 
f 3742//3742 3736//3736 3869//3869 
f 3743//3743 3864//3864 3737//3737 
f 3870//3870 3864//3864 3743//3743 
f 3738//3738 3744//3744 3737//3737 
f 3744//3744 3743//3743 3737//3737 
f 3734//3734 3740//3740 3744//3744 
f 3738//3738 3734//3734 3744//3744 
f 3741//3741 3751//3751 3745//3745 
f 3739//3739 3741//3741 3745//3745 
f 3742//3742 3752//3752 3741//3741 
f 3752//3752 3751//3751 3741//3741 
f 3875//3875 3742//3742 3869//3869 
f 3752//3752 3742//3742 3875//3875 
f 3753//3753 3870//3870 3743//3743 
f 3876//3876 3870//3870 3753//3753 
f 3744//3744 3754//3754 3743//3743 
f 3754//3754 3753//3753 3743//3743 
f 3740//3740 3746//3746 3754//3754 
f 3744//3744 3740//3740 3754//3754 
f 3745//3745 3751//3751 3747//3747 
f 3748//3748 3747//3747 3751//3751 
f 3752//3752 3748//3748 3751//3751 
f 3752//3752 3755//3755 3748//3748 
f 3752//3752 3875//3875 3755//3755 
f 3875//3875 3881//3881 3755//3755 
f 3749//3749 3876//3876 3753//3753 
f 3749//3749 3756//3756 3876//3876 
f 3756//3756 3882//3882 3876//3876 
f 3750//3750 3749//3749 3753//3753 
f 3754//3754 3750//3750 3753//3753 
f 3746//3746 3750//3750 3754//3754 
f 3755//3755 3881//3881 3757//3757 
f 3881//3881 3891//3891 3757//3757 
f 3756//3756 3758//3758 3882//3882 
f 3882//3882 3758//3758 3892//3892 
f 3757//3757 3891//3891 3893//3893 
f 3759//3759 3757//3757 3893//3893 
f 3760//3760 3759//3759 3894//3894 
f 3759//3759 3893//3893 3894//3894 
f 3894//3894 3761//3761 3760//3760 
f 3905//3905 3761//3761 3894//3894 
f 3769//3769 3906//3906 3895//3895 
f 3769//3769 3896//3896 3770//3770 
f 3895//3895 3896//3896 3769//3769 
f 3770//3770 3896//3896 3892//3892 
f 3770//3770 3892//3892 3762//3762 
f 3762//3762 3892//3892 3758//3758 
f 3761//3761 3905//3905 3907//3907 
f 3763//3763 3761//3761 3907//3907 
f 3764//3764 3763//3763 3908//3908 
f 3763//3763 3907//3907 3908//3908 
f 3765//3765 3764//3764 3909//3909 
f 3764//3764 3908//3908 3909//3909 
f 3766//3766 3765//3765 3910//3910 
f 3765//3765 3909//3909 3910//3910 
f 3771//3771 3911//3911 3773//3773 
f 3771//3771 3766//3766 3911//3911 
f 3766//3766 3910//3910 3911//3911 
f 3773//3773 3912//3912 3774//3774 
f 3911//3911 3912//3912 3773//3773 
f 3774//3774 3913//3913 3775//3775 
f 3912//3912 3913//3913 3774//3774 
f 3906//3906 3775//3775 3913//3913 
f 3769//3769 3775//3775 3906//3906 
f 3769//3769 3772//3772 3775//3775 
f 3769//3769 3767//3767 3772//3772 
f 3768//3768 3767//3767 3769//3769 
f 3770//3770 3768//3768 3769//3769 
f 3762//3762 3768//3768 3770//3770 
f 3773//3773 3781//3781 3776//3776 
f 3771//3771 3773//3773 3776//3776 
f 3774//3774 3782//3782 3773//3773 
f 3782//3782 3781//3781 3773//3773 
f 3775//3775 3783//3783 3774//3774 
f 3783//3783 3782//3782 3774//3774 
f 3772//3772 3777//3777 3783//3783 
f 3775//3775 3772//3772 3783//3783 
f 3776//3776 3781//3781 3778//3778 
f 3779//3779 3778//3778 3781//3781 
f 3782//3782 3779//3779 3781//3781 
f 3780//3780 3779//3779 3782//3782 
f 3783//3783 3780//3780 3782//3782 
f 3777//3777 3780//3780 3783//3783 
f 3784//3784 3791//3791 3789//3789 
f 3784//3784 3785//3785 3792//3792 
f 3791//3791 3784//3784 3792//3792 
f 3785//3785 3786//3786 3793//3793 
f 3792//3792 3785//3785 3793//3793 
f 3786//3786 3787//3787 3794//3794 
f 3793//3793 3786//3786 3794//3794 
f 3787//3787 3788//3788 3795//3795 
f 3794//3794 3787//3787 3795//3795 
f 3788//3788 3790//3790 3795//3795 
f 3791//3791 3804//3804 3796//3796 
f 3789//3789 3791//3791 3796//3796 
f 3792//3792 3805//3805 3791//3791 
f 3805//3805 3804//3804 3791//3791 
f 3793//3793 3806//3806 3792//3792 
f 3806//3806 3805//3805 3792//3792 
f 3794//3794 3807//3807 3793//3793 
f 3807//3807 3806//3806 3793//3793 
f 3795//3795 3808//3808 3794//3794 
f 3808//3808 3807//3807 3794//3794 
f 3790//3790 3797//3797 3808//3808 
f 3795//3795 3790//3790 3808//3808 
f 3798//3798 3811//3811 3809//3809 
f 3798//3798 3799//3799 3812//3812 
f 3811//3811 3798//3798 3812//3812 
f 3799//3799 3800//3800 3813//3813 
f 3812//3812 3799//3799 3813//3813 
f 3800//3800 3801//3801 3814//3814 
f 3813//3813 3800//3800 3814//3814 
f 3801//3801 3796//3796 3804//3804 
f 3801//3801 3804//3804 3814//3814 
f 3814//3814 3804//3804 3815//3815 
f 3805//3805 3816//3816 3804//3804 
f 3816//3816 3815//3815 3804//3804 
f 3922//3922 3806//3806 3921//3921 
f 3922//3922 3816//3816 3806//3806 
f 3816//3816 3805//3805 3806//3806 
f 3921//3921 3817//3817 3923//3923 
f 3921//3921 3806//3806 3817//3817 
f 3806//3806 3807//3807 3817//3817 
f 3808//3808 3818//3818 3807//3807 
f 3818//3818 3817//3817 3807//3807 
f 3797//3797 3802//3802 3819//3819 
f 3797//3797 3819//3819 3808//3808 
f 3808//3808 3819//3819 3818//3818 
f 3802//3802 3803//3803 3820//3820 
f 3819//3819 3802//3802 3820//3820 
f 3803//3803 3810//3810 3820//3820 
f 3811//3811 3825//3825 3821//3821 
f 3809//3809 3811//3811 3821//3821 
f 3812//3812 3826//3826 3811//3811 
f 3826//3826 3825//3825 3811//3811 
f 3813//3813 3827//3827 3812//3812 
f 3827//3827 3826//3826 3812//3812 
f 3814//3814 3828//3828 3813//3813 
f 3828//3828 3827//3827 3813//3813 
f 3815//3815 3829//3829 3814//3814 
f 3829//3829 3828//3828 3814//3814 
f 3816//3816 3830//3830 3815//3815 
f 3830//3830 3829//3829 3815//3815 
f 3925//3925 3816//3816 3922//3922 
f 3830//3830 3816//3816 3925//3925 
f 3831//3831 3923//3923 3817//3817 
f 3926//3926 3923//3923 3831//3831 
f 3818//3818 3832//3832 3817//3817 
f 3832//3832 3831//3831 3817//3817 
f 3819//3819 3833//3833 3818//3818 
f 3833//3833 3832//3832 3818//3818 
f 3820//3820 3834//3834 3819//3819 
f 3834//3834 3833//3833 3819//3819 
f 3810//3810 3822//3822 3834//3834 
f 3820//3820 3810//3810 3834//3834 
f 3825//3825 3837//3837 3835//3835 
f 3821//3821 3825//3825 3835//3835 
f 3826//3826 3838//3838 3825//3825 
f 3838//3838 3837//3837 3825//3825 
f 3827//3827 3839//3839 3826//3826 
f 3839//3839 3838//3838 3826//3826 
f 3828//3828 3840//3840 3827//3827 
f 3840//3840 3839//3839 3827//3827 
f 3932//3932 3829//3829 3927//3927 
f 3932//3932 3840//3840 3829//3829 
f 3840//3840 3828//3828 3829//3829 
f 3830//3830 3927//3927 3829//3829 
f 3928//3928 3927//3927 3830//3830 
f 3925//3925 3928//3928 3830//3830 
f 3831//3831 3929//3929 3926//3926 
f 3832//3832 3929//3929 3831//3831 
f 3930//3930 3929//3929 3832//3832 
f 3930//3930 3841//3841 3933//3933 
f 3930//3930 3832//3832 3841//3841 
f 3832//3832 3833//3833 3841//3841 
f 3834//3834 3842//3842 3833//3833 
f 3842//3842 3841//3841 3833//3833 
f 3822//3822 3823//3823 3843//3843 
f 3822//3822 3843//3843 3834//3834 
f 3834//3834 3843//3843 3842//3842 
f 3823//3823 3824//3824 3844//3844 
f 3843//3843 3823//3823 3844//3844 
f 3824//3824 3836//3836 3844//3844 
f 3837//3837 3849//3849 3845//3845 
f 3835//3835 3837//3837 3845//3845 
f 3838//3838 3850//3850 3837//3837 
f 3850//3850 3849//3849 3837//3837 
f 3839//3839 3851//3851 3838//3838 
f 3851//3851 3850//3850 3838//3838 
f 3840//3840 3852//3852 3839//3839 
f 3852//3852 3851//3851 3839//3839 
f 3939//3939 3840//3840 3932//3932 
f 3852//3852 3840//3840 3939//3939 
f 3853//3853 3933//3933 3841//3841 
f 3940//3940 3933//3933 3853//3853 
f 3842//3842 3854//3854 3841//3841 
f 3854//3854 3853//3853 3841//3841 
f 3843//3843 3855//3855 3842//3842 
f 3855//3855 3854//3854 3842//3842 
f 3844//3844 3856//3856 3843//3843 
f 3856//3856 3855//3855 3843//3843 
f 3836//3836 3846//3846 3856//3856 
f 3844//3844 3836//3836 3856//3856 
f 3849//3849 3859//3859 3857//3857 
f 3845//3845 3849//3849 3857//3857 
f 3850//3850 3860//3860 3849//3849 
f 3860//3860 3859//3859 3849//3849 
f 3948//3948 3851//3851 3941//3941 
f 3948//3948 3860//3860 3851//3851 
f 3860//3860 3850//3850 3851//3851 
f 3852//3852 3941//3941 3851//3851 
f 3942//3942 3941//3941 3852//3852 
f 3939//3939 3942//3942 3852//3852 
f 3861//3861 3940//3940 3853//3853 
f 3949//3949 3940//3940 3861//3861 
f 3854//3854 3862//3862 3853//3853 
f 3862//3862 3861//3861 3853//3853 
f 3847//3847 3858//3858 3862//3862 
f 3847//3847 3862//3862 3855//3855 
f 3855//3855 3862//3862 3854//3854 
f 3848//3848 3847//3847 3855//3855 
f 3856//3856 3848//3848 3855//3855 
f 3846//3846 3848//3848 3856//3856 
f 3859//3859 3865//3865 3863//3863 
f 3857//3857 3859//3859 3863//3863 
f 3860//3860 3866//3866 3859//3859 
f 3866//3866 3865//3865 3859//3859 
f 3957//3957 3860//3860 3948//3948 
f 3866//3866 3860//3860 3957//3957 
f 3867//3867 3949//3949 3861//3861 
f 3958//3958 3949//3949 3867//3867 
f 3862//3862 3868//3868 3861//3861 
f 3868//3868 3867//3867 3861//3861 
f 3858//3858 3864//3864 3868//3868 
f 3862//3862 3858//3858 3868//3868 
f 3865//3865 3871//3871 3869//3869 
f 3863//3863 3865//3865 3869//3869 
f 3866//3866 3872//3872 3865//3865 
f 3872//3872 3871//3871 3865//3865 
f 3966//3966 3866//3866 3957//3957 
f 3872//3872 3866//3866 3966//3966 
f 3873//3873 3958//3958 3867//3867 
f 3967//3967 3958//3958 3873//3873 
f 3868//3868 3874//3874 3867//3867 
f 3874//3874 3873//3873 3867//3867 
f 3864//3864 3870//3870 3874//3874 
f 3868//3868 3864//3864 3874//3874 
f 3871//3871 3877//3877 3875//3875 
f 3869//3869 3871//3871 3875//3875 
f 3872//3872 3878//3878 3871//3871 
f 3878//3878 3877//3877 3871//3871 
f 3975//3975 3872//3872 3966//3966 
f 3878//3878 3872//3872 3975//3975 
f 3879//3879 3967//3967 3873//3873 
f 3976//3976 3967//3967 3879//3879 
f 3874//3874 3880//3880 3873//3873 
f 3880//3880 3879//3879 3873//3873 
f 3870//3870 3876//3876 3880//3880 
f 3874//3874 3870//3870 3880//3880 
f 3877//3877 3883//3883 3881//3881 
f 3875//3875 3877//3877 3881//3881 
f 3878//3878 3884//3884 3877//3877 
f 3884//3884 3883//3883 3877//3877 
f 3977//3977 3878//3878 3975//3975 
f 3977//3977 3885//3885 3878//3878 
f 3885//3885 3884//3884 3878//3878 
f 3885//3885 3978//3978 3886//3886 
f 3977//3977 3978//3978 3885//3885 
f 3978//3978 3988//3988 3886//3886 
f 3887//3887 3989//3989 3979//3979 
f 3887//3887 3980//3980 3888//3888 
f 3979//3979 3980//3980 3887//3887 
f 3976//3976 3888//3888 3980//3980 
f 3976//3976 3879//3879 3888//3888 
f 3879//3879 3889//3889 3888//3888 
f 3880//3880 3890//3890 3879//3879 
f 3890//3890 3889//3889 3879//3879 
f 3876//3876 3882//3882 3890//3890 
f 3880//3880 3876//3876 3890//3890 
f 3883//3883 3897//3897 3891//3891 
f 3881//3881 3883//3883 3891//3891 
f 3884//3884 3898//3898 3883//3883 
f 3898//3898 3897//3897 3883//3883 
f 3885//3885 3899//3899 3884//3884 
f 3899//3899 3898//3898 3884//3884 
f 3886//3886 3900//3900 3885//3885 
f 3900//3900 3899//3899 3885//3885 
f 3993//3993 3886//3886 3988//3988 
f 3900//3900 3886//3886 3993//3993 
f 3901//3901 3989//3989 3887//3887 
f 3994//3994 3989//3989 3901//3901 
f 3888//3888 3902//3902 3887//3887 
f 3902//3902 3901//3901 3887//3887 
f 3889//3889 3903//3903 3888//3888 
f 3903//3903 3902//3902 3888//3888 
f 3890//3890 3904//3904 3889//3889 
f 3904//3904 3903//3903 3889//3889 
f 3882//3882 3892//3892 3904//3904 
f 3890//3890 3882//3882 3904//3904 
f 3891//3891 3897//3897 3893//3893 
f 3894//3894 3893//3893 3897//3897 
f 3898//3898 3894//3894 3897//3897 
f 3905//3905 3894//3894 3898//3898 
f 3905//3905 3898//3898 3914//3914 
f 3914//3914 3898//3898 3899//3899 
f 3900//3900 3915//3915 3899//3899 
f 3915//3915 3914//3914 3899//3899 
f 3995//3995 3900//3900 3993//3993 
f 3995//3995 3916//3916 3900//3900 
f 3916//3916 3915//3915 3900//3900 
f 3916//3916 3996//3996 3917//3917 
f 3995//3995 3996//3996 3916//3916 
f 3917//3917 3997//3997 3918//3918 
f 3996//3996 3997//3997 3917//3917 
f 3994//3994 3918//3918 3997//3997 
f 3994//3994 3901//3901 3918//3918 
f 3901//3901 3919//3919 3918//3918 
f 3902//3902 3920//3920 3901//3901 
f 3920//3920 3919//3919 3901//3901 
f 3895//3895 3906//3906 3920//3920 
f 3895//3895 3920//3920 3903//3903 
f 3903//3903 3920//3920 3902//3902 
f 3896//3896 3895//3895 3903//3903 
f 3904//3904 3896//3896 3903//3903 
f 3892//3892 3896//3896 3904//3904 
f 3905//3905 3914//3914 3907//3907 
f 3908//3908 3907//3907 3914//3914 
f 3915//3915 3908//3908 3914//3914 
f 3909//3909 3908//3908 3915//3915 
f 3916//3916 3909//3909 3915//3915 
f 3910//3910 3909//3909 3916//3916 
f 3917//3917 3910//3910 3916//3916 
f 3911//3911 3910//3910 3917//3917 
f 3918//3918 3911//3911 3917//3917 
f 3912//3912 3911//3911 3918//3918 
f 3919//3919 3912//3912 3918//3918 
f 3913//3913 3912//3912 3919//3919 
f 3920//3920 3913//3913 3919//3919 
f 3906//3906 3913//3913 3920//3920 
f 3921//3921 3924//3924 3922//3922 
f 3921//3921 3923//3923 3924//3924 
f 3924//3924 3931//3931 3925//3925 
f 3922//3922 3924//3924 3925//3925 
f 3923//3923 3926//3926 3931//3931 
f 3924//3924 3923//3923 3931//3931 
f 3927//3927 3934//3934 3932//3932 
f 3927//3927 3928//3928 3935//3935 
f 3934//3934 3927//3927 3935//3935 
f 3928//3928 3925//3925 3931//3931 
f 3928//3928 3931//3931 3935//3935 
f 3935//3935 3931//3931 3936//3936 
f 3926//3926 3929//3929 3937//3937 
f 3926//3926 3937//3937 3931//3931 
f 3931//3931 3937//3937 3936//3936 
f 3929//3929 3930//3930 3938//3938 
f 3937//3937 3929//3929 3938//3938 
f 3930//3930 3933//3933 3938//3938 
f 3934//3934 3943//3943 3939//3939 
f 3932//3932 3934//3934 3939//3939 
f 3935//3935 3944//3944 3934//3934 
f 3944//3944 3943//3943 3934//3934 
f 3936//3936 3945//3945 3935//3935 
f 3945//3945 3944//3944 3935//3935 
f 3937//3937 3946//3946 3936//3936 
f 3946//3946 3945//3945 3936//3936 
f 3938//3938 3947//3947 3937//3937 
f 3947//3947 3946//3946 3937//3937 
f 3933//3933 3940//3940 3947//3947 
f 3938//3938 3933//3933 3947//3947 
f 3941//3941 3950//3950 3948//3948 
f 3941//3941 3942//3942 3951//3951 
f 3950//3950 3941//3941 3951//3951 
f 3942//3942 3939//3939 3943//3943 
f 3942//3942 3943//3943 3951//3951 
f 3951//3951 3943//3943 3952//3952 
f 3944//3944 3953//3953 3943//3943 
f 3953//3953 3952//3952 3943//3943 
f 3945//3945 3954//3954 3944//3944 
f 3954//3954 3953//3953 3944//3944 
f 3946//3946 3955//3955 3945//3945 
f 3955//3955 3954//3954 3945//3945 
f 3947//3947 3956//3956 3946//3946 
f 3956//3956 3955//3955 3946//3946 
f 3940//3940 3949//3949 3956//3956 
f 3947//3947 3940//3940 3956//3956 
f 3950//3950 3959//3959 3957//3957 
f 3948//3948 3950//3950 3957//3957 
f 3951//3951 3960//3960 3950//3950 
f 3960//3960 3959//3959 3950//3950 
f 3952//3952 3961//3961 3951//3951 
f 3961//3961 3960//3960 3951//3951 
f 3953//3953 3962//3962 3952//3952 
f 3962//3962 3961//3961 3952//3952 
f 3954//3954 3963//3963 3953//3953 
f 3963//3963 3962//3962 3953//3953 
f 3955//3955 3964//3964 3954//3954 
f 3964//3964 3963//3963 3954//3954 
f 3956//3956 3965//3965 3955//3955 
f 3965//3965 3964//3964 3955//3955 
f 3949//3949 3958//3958 3965//3965 
f 3956//3956 3949//3949 3965//3965 
f 3959//3959 3968//3968 3966//3966 
f 3957//3957 3959//3959 3966//3966 
f 3960//3960 3969//3969 3959//3959 
f 3969//3969 3968//3968 3959//3959 
f 3961//3961 3970//3970 3960//3960 
f 3970//3970 3969//3969 3960//3960 
f 3962//3962 3971//3971 3961//3961 
f 3971//3971 3970//3970 3961//3961 
f 3963//3963 3972//3972 3962//3962 
f 3972//3972 3971//3971 3962//3962 
f 3964//3964 3973//3973 3963//3963 
f 3973//3973 3972//3972 3963//3963 
f 3965//3965 3974//3974 3964//3964 
f 3974//3974 3973//3973 3964//3964 
f 3958//3958 3967//3967 3974//3974 
f 3965//3965 3958//3958 3974//3974 
f 3968//3968 3981//3981 3975//3975 
f 3966//3966 3968//3968 3975//3975 
f 3969//3969 3982//3982 3968//3968 
f 3982//3982 3981//3981 3968//3968 
f 3970//3970 3983//3983 3969//3969 
f 3983//3983 3982//3982 3969//3969 
f 3971//3971 3984//3984 3970//3970 
f 3984//3984 3983//3983 3970//3970 
f 3972//3972 3985//3985 3971//3971 
f 3985//3985 3984//3984 3971//3971 
f 3973//3973 3986//3986 3972//3972 
f 3986//3986 3985//3985 3972//3972 
f 3974//3974 3987//3987 3973//3973 
f 3987//3987 3986//3986 3973//3973 
f 3967//3967 3976//3976 3987//3987 
f 3974//3974 3967//3967 3987//3987 
f 3975//3975 3981//3981 3977//3977 
f 3978//3978 3977//3977 3981//3981 
f 3982//3982 3978//3978 3981//3981 
f 3988//3988 3978//3978 3982//3982 
f 3988//3988 3982//3982 3990//3990 
f 3990//3990 3982//3982 3983//3983 
f 3984//3984 3991//3991 3983//3983 
f 3991//3991 3990//3990 3983//3983 
f 3985//3985 3992//3992 3984//3984 
f 3992//3992 3991//3991 3984//3984 
f 3979//3979 3989//3989 3992//3992 
f 3979//3979 3992//3992 3986//3986 
f 3986//3986 3992//3992 3985//3985 
f 3980//3980 3979//3979 3986//3986 
f 3987//3987 3980//3980 3986//3986 
f 3976//3976 3980//3980 3987//3987 
f 3990//3990 3998//3998 3993//3993 
f 3988//3988 3990//3990 3993//3993 
f 3991//3991 3999//3999 3990//3990 
f 3999//3999 3998//3998 3990//3990 
f 3992//3992 4000//4000 3991//3991 
f 4000//4000 3999//3999 3991//3991 
f 3989//3989 3994//3994 4000//4000 
f 3992//3992 3989//3989 4000//4000 
f 3993//3993 3998//3998 3995//3995 
f 3996//3996 3995//3995 3998//3998 
f 3999//3999 3996//3996 3998//3998 
f 3997//3997 3996//3996 3999//3999 
f 4000//4000 3997//3997 3999//3999 
f 3994//3994 3997//3997 4000//4000 
