#  3D Slicer output. SPACE=LPS

mtllib right common carotid artery.mtl

v -11.971497535705566 -19.99736976623535 -47.547760009765625
v -11.148059844970703 -20.023239135742188 -47.606201171875
v -10.45182991027832 -20.041072845458984 -47.57087707519531
v -10.015546798706055 -20.077133178710938 -47.45979309082031
v -12.36124038696289 -19.321250915527344 -48.07701110839844
v -11.448431015014648 -19.423686981201172 -48.08349609375
v -10.635746002197266 -19.48970603942871 -47.96783447265625
v -9.945178031921387 -19.605005264282227 -47.67547607421875
v -13.692892074584961 -18.67601776123047 -47.81379699707031
v -13.002610206604004 -18.794811248779297 -48.15391540527344
v -12.25900650024414 -18.56379508972168 -48.442840576171875
v -11.59263801574707 -18.686687469482422 -48.44017028808594
v -10.764205932617188 -18.757152557373047 -48.31581115722656
v -9.973991394042969 -18.835222244262695 -47.99201965332031
v -9.398818016052246 -18.998981475830078 -47.45552062988281
v -13.814104080200195 -17.9567813873291 -47.78556823730469
v -13.173198699951172 -17.97878646850586 -48.20472717285156
v -12.437713623046875 -17.949939727783203 -48.4930419921875
v -11.66071891784668 -17.922473907470703 -48.620452880859375
v -10.841774940490723 -17.95182228088379 -48.55857849121094
v -9.990823745727539 -17.984426498413086 -48.28941345214844
v -9.141075134277344 -18.01482391357422 -47.7032470703125
v -13.903236389160156 -17.25571060180664 -47.6507568359375
v -13.273298263549805 -17.2177677154541 -48.0828857421875
v -12.54080581665039 -17.18992042541504 -48.42254638671875
v -11.747431755065918 -17.158185958862305 -48.61885070800781
v -10.911571502685547 -17.142736434936523 -48.64768981933594
v -10.056614875793457 -17.147016525268555 -48.4918212890625
v -9.221136093139648 -17.141162872314453 -48.136749267578125
v -8.439266204833984 -17.025577545166016 -47.64106750488281
v -7.979190349578857 -16.725540161132812 -47.36785888671875
v -13.996707916259766 -16.76242446899414 -47.42729187011719
v -13.39622688293457 -16.495025634765625 -47.773284912109375
v -12.621712684631348 -16.441308975219727 -48.19572448730469
v -11.829793930053711 -16.39838218688965 -48.46229553222656
v -10.997640609741211 -16.361391067504883 -48.56529235839844
v -10.145795822143555 -16.350603103637695 -48.503570556640625
v -9.323549270629883 -16.364215850830078 -48.279876708984375
v -8.597457885742188 -16.372608184814453 -47.92030334472656
v -8.067501068115234 -16.360986709594727 -47.510528564453125
v -12.68674087524414 -15.72934341430664 -47.80799865722656
v -11.919641494750977 -15.700542449951172 -48.16047668457031
v -11.115968704223633 -15.638566017150879 -48.32054138183594
v -10.274004936218262 -15.608549118041992 -48.32160949707031
v -9.450435638427734 -15.638029098510742 -48.18359375
v -8.723127365112305 -15.712571144104004 -47.931365966796875
v -8.169078826904297 -15.809035301208496 -47.57652282714844
v -12.502538681030273 -15.160012245178223 -47.47505187988281
v -11.99547004699707 -15.127838134765625 -47.7606201171875
v -11.284732818603516 -15.020751953125 -47.937164306640625
v -10.469961166381836 -14.936041831970215 -47.963714599609375
v -9.631502151489258 -14.966070175170898 -47.86186218261719
v -8.874523162841797 -15.099275588989258 -47.68463134765625
v -8.292043685913086 -15.276968002319336 -47.475738525390625
v -12.34322738647461 -20.462846755981445 -46.673126220703125
v -11.481035232543945 -20.451879501342773 -46.90620422363281
v -10.75247573852539 -20.40916633605957 -47.05055236816406
v -10.194051742553711 -20.33612823486328 -47.13592529296875
v -12.770711898803711 -19.963478088378906 -47.45628356933594
v -9.848487854003906 -20.220125198364258 -47.15911865234375
v -13.566970825195312 -20.182716369628906 -46.57447814941406
v -13.072193145751953 -20.27297019958496 -46.848907470703125
v -9.579313278198242 -20.11602020263672 -46.82151794433594
v -13.093137741088867 -19.507158279418945 -47.8125
v -9.696626663208008 -19.94147300720215 -47.318267822265625
v -14.008283615112305 -19.18512535095215 -47.34046936035156
v -13.5847806930542 -19.333982467651367 -47.65647888183594
v -9.503793716430664 -19.571697235107422 -47.32757568359375
v -13.887190818786621 -19.703842163085938 -47.033538818359375
v -13.401329040527344 -19.880830764770508 -47.30743408203125
v -9.415459632873535 -19.79753875732422 -46.96586608886719
v -14.210653305053711 -18.641448974609375 -47.26860046386719
v -9.178328514099121 -19.332551956176758 -46.81785583496094
v -14.349031448364258 -17.90909767150879 -47.22785949707031
v -8.786749839782715 -18.46923828125 -46.746368408203125
v -8.397281646728516 -17.581785202026367 -47.13386535644531
v -8.070623397827148 -17.057573318481445 -47.255401611328125
v -14.384174346923828 -17.223812103271484 -47.14744567871094
v -7.860243320465088 -16.81410026550293 -47.07672119140625
v -14.329695701599121 -16.655122756958008 -46.95068359375
v -7.8066229820251465 -16.44504165649414 -47.09373474121094
v -13.836372375488281 -16.254674911499023 -47.24067687988281
v -13.318824768066406 -15.904581069946289 -47.48710632324219
v -13.022994995117188 -15.424132347106934 -47.29423522949219
v -7.839775085449219 -15.95311164855957 -47.11601257324219
v -12.71766471862793 -14.932537078857422 -46.95381164550781
v -7.9290032386779785 -15.448867797851562 -47.12791442871094
v -12.099563598632812 -14.702308654785156 -47.21794128417969
v -11.5208740234375 -14.624679565429688 -47.50907897949219
v -10.779118537902832 -14.319491386413574 -47.40653991699219
v -9.901607513427734 -14.347505569458008 -47.40516662597656
v -9.076702117919922 -14.50303840637207 -47.09327697753906
v -8.424938201904297 -14.860868453979492 -47.09190368652344
v -8.056044578552246 -15.091228485107422 -47.047576904296875
v -10.769378662109375 -13.714408874511719 -46.710968017578125
v -10.152912139892578 -13.802469253540039 -46.89239501953125
v -9.518861770629883 -13.922572135925293 -46.69166564941406
v -10.74373722076416 -13.370620727539062 -46.15692138671875
v -10.309433937072754 -13.400114059448242 -46.32621765136719
v -9.812461853027344 -13.488853454589844 -46.294097900390625
v -13.67497444152832 -20.362197875976562 -45.63995361328125
v -12.958455085754395 -20.578611373901367 -45.88630676269531
v -12.216567993164062 -20.781457901000977 -45.67291259765625
v -11.610627174377441 -20.758460998535156 -45.956268310546875
v -10.907721519470215 -20.687294006347656 -46.20811462402344
v -10.302329063415527 -20.56082534790039 -46.450958251953125
v -9.863937377929688 -20.381986618041992 -46.66900634765625
v -14.005338668823242 -19.971393585205078 -46.33033752441406
v -9.566747665405273 -20.251155853271484 -46.22978210449219
v -14.329301834106445 -19.390941619873047 -46.54991149902344
v -9.270167350769043 -19.827163696289062 -46.19483947753906
v -14.725959777832031 -18.600963592529297 -46.44615173339844
v -8.8892822265625 -19.136905670166016 -45.85456848144531
v -15.39924144744873 -18.566822052001953 -45.20599365234375
v -15.113985061645508 -18.798137664794922 -45.62965393066406
v -14.784073829650879 -17.750717163085938 -46.61781311035156
v -8.510292053222656 -18.35662078857422 -45.57708740234375
v -8.254098892211914 -17.729616165161133 -46.3409423828125
v -7.99412727355957 -17.172801971435547 -46.805267333984375
v -15.430808067321777 -17.99370002746582 -45.33355712890625
v -15.141593933105469 -18.2065486907959 -45.93025207519531
v -14.730072021484375 -17.068458557128906 -46.55914306640625
v -7.792389392852783 -16.72408676147461 -46.656036376953125
v -15.405738830566406 -17.39767837524414 -45.20195007324219
v -15.115833282470703 -17.515146255493164 -45.96626281738281
v -14.59953784942627 -16.621244430541992 -46.48834228515625
v -7.732605934143066 -16.22418212890625 -46.59271240234375
v -14.264190673828125 -16.105438232421875 -46.414642333984375
v -13.598072052001953 -15.717053413391113 -46.97654724121094
v -15.386093139648438 -16.918682098388672 -44.8760986328125
v -14.954530715942383 -16.73214340209961 -45.76042175292969
v -13.289297103881836 -15.222204208374023 -46.683349609375
v -7.776987552642822 -15.661632537841797 -46.536712646484375
v -14.147686958312988 -15.523565292358398 -45.70457458496094
v -13.786554336547852 -15.50642204284668 -46.37596130371094
v -8.009946823120117 -15.534210205078125 -45.436553955078125
v -7.827568054199219 -15.68697738647461 -45.89103698730469
v -13.003873825073242 -14.807581901550293 -46.332855224609375
v -7.886302471160889 -15.232479095458984 -46.72477722167969
v -12.387334823608398 -14.399850845336914 -46.36726379394531
v -11.510801315307617 -14.131820678710938 -46.82991027832031
v -8.526838302612305 -14.635944366455078 -46.32026672363281
v -8.10586166381836 -14.961957931518555 -46.55647277832031
v -14.01480484008789 -15.136802673339844 -45.15357971191406
v -13.568997383117676 -15.048503875732422 -45.85319519042969
v -8.2056884765625 -15.038800239562988 -45.73822021484375
v -7.910680770874023 -15.298784255981445 -46.168212890625
v -11.228394508361816 -13.581180572509766 -46.16119384765625
v -9.006690979003906 -14.155876159667969 -46.074676513671875
v -10.994553565979004 -13.258743286132812 -45.53947448730469
v -9.392857551574707 -13.651895523071289 -45.91178894042969
v -10.48933219909668 -13.181662559509277 -45.662994384765625
v -10.023153305053711 -13.229680061340332 -45.7476806640625
v -9.661352157592773 -13.350046157836914 -45.71136474609375
v -13.823949813842773 -20.445966720581055 -44.530181884765625
v -13.11842155456543 -20.706832885742188 -44.67536926269531
v -12.370777130126953 -20.870542526245117 -44.76646423339844
v -11.647308349609375 -20.922815322875977 -44.89128112792969
v -10.963773727416992 -20.85742950439453 -45.14778137207031
v -10.341715812683105 -20.706748962402344 -45.47721862792969
v -9.856534004211426 -20.49024200439453 -45.86204528808594
v -14.239335060119629 -19.98380470275879 -45.531158447265625
v -9.451746940612793 -20.19495964050293 -45.3887939453125
v -14.790725708007812 -19.41070556640625 -45.427703857421875
v -9.08041000366211 -19.674480438232422 -44.998626708984375
v -15.561044692993164 -18.852567672729492 -44.41627502441406
v -15.264881134033203 -19.13738250732422 -44.85282897949219
v -15.601921081542969 -18.369722366333008 -44.75669860839844
v -8.742785453796387 -18.97809600830078 -44.638671875
v -15.652179718017578 -17.927921295166016 -44.59312438964844
v -8.446860313415527 -18.105148315429688 -44.3524169921875
v -8.169448852539062 -17.603038787841797 -45.46516418457031
v -7.942783832550049 -17.14414405822754 -46.16065979003906
v -15.647924423217773 -17.374061584472656 -44.337005615234375
v -7.7988386154174805 -16.619789123535156 -46.0565185546875
v -8.142555236816406 -17.208267211914062 -44.80133056640625
v -7.951986789703369 -17.027400970458984 -45.56510925292969
v -15.554022789001465 -16.789091110229492 -44.07020568847656
v -7.776153087615967 -16.106246948242188 -45.964508056640625
v -15.179729461669922 -16.3881778717041 -44.74945068359375
v -14.684271812438965 -15.985298156738281 -45.35186767578125
v -8.130598068237305 -15.945982933044434 -44.748382568359375
v -7.9256415367126465 -16.040563583374023 -45.32135009765625
v -8.132421493530273 -16.559123992919922 -44.57366943359375
v -7.914853096008301 -16.579496383666992 -45.3692626953125
v -14.463579177856445 -15.4505615234375 -44.838409423828125
v -8.31402587890625 -15.44485092163086 -44.739990234375
v -14.187431335449219 -14.995086669921875 -44.351348876953125
v -8.650922775268555 -14.684951782226562 -45.07225036621094
v -13.63523006439209 -14.720535278320312 -44.88548278808594
v -13.03754997253418 -14.513802528381348 -45.572509765625
v -12.484920501708984 -14.023792266845703 -45.35652160644531
v -11.863327026367188 -13.8397216796875 -45.930023193359375
v -11.540687561035156 -13.440216064453125 -45.38093566894531
v -9.123456954956055 -13.936400413513184 -45.003509521484375
v -12.448751449584961 -13.698792457580566 -44.4598388671875
v -12.039793014526367 -13.643479347229004 -45.146484375
v -9.207784652709961 -13.90984058380127 -44.09156799316406
v -11.280977249145508 -13.201141357421875 -44.79530334472656
v -9.44420051574707 -13.480997085571289 -45.286407470703125
v -10.735344886779785 -13.094175338745117 -44.697723388671875
v -10.22835922241211 -13.117349624633789 -45.088348388671875
v -9.784722328186035 -13.260019302368164 -44.96681213378906
v -12.335991859436035 -13.439321517944336 -43.71910095214844
v -11.84844970703125 -13.354110717773438 -44.388580322265625
v -9.414398193359375 -13.5523681640625 -44.55162048339844
v -13.96080207824707 -20.519615173339844 -43.27766418457031
v -13.211393356323242 -20.75972557067871 -43.450775146484375
v -12.448668479919434 -20.913124084472656 -43.59550476074219
v -11.696958541870117 -20.97286033630371 -43.75114440917969
v -10.98977279663086 -20.92505645751953 -43.974609375
v -10.351383209228516 -20.766937255859375 -44.30854797363281
v -9.822999954223633 -20.515453338623047 -44.78218078613281
v -14.471149444580078 -20.077716827392578 -44.39079284667969
v -9.377312660217285 -20.120180130004883 -44.187469482421875
v -15.022289276123047 -19.697725296020508 -44.22645568847656
v -9.014320373535156 -19.54897689819336 -43.72200012207031
v -15.67239761352539 -19.087005615234375 -43.50578308105469
v -15.4144287109375 -19.387317657470703 -43.941802978515625
v -15.739917755126953 -18.494356155395508 -43.99269104003906
v -8.744263648986816 -18.863033294677734 -43.39164733886719
v -15.826678276062012 -17.967296600341797 -43.64166259765625
v -8.604156494140625 -18.232131958007812 -43.146209716796875
v -15.82297134399414 -17.317962646484375 -43.353729248046875
v -8.424687385559082 -17.36607551574707 -43.59184265136719
v -15.713203430175781 -16.63935089111328 -43.063507080078125
v -8.420038223266602 -16.284072875976562 -43.73382568359375
v -15.36414623260498 -16.198516845703125 -43.790130615234375
v -14.942693710327148 -15.818548202514648 -44.38148498535156
v -14.687299728393555 -15.32289981842041 -43.922576904296875
v -8.654284477233887 -15.40064811706543 -43.70811462402344
v -14.407134056091309 -14.868677139282227 -43.39012145996094
v -8.976101875305176 -14.543747901916504 -43.737945556640625
v -13.830101013183594 -14.520716667175293 -43.81996154785156
v -13.111186027526855 -14.161348342895508 -44.42527770996094
v -9.263038635253906 -14.090633392333984 -43.24554443359375
v -12.838613510131836 -13.701665878295898 -43.543853759765625
v -9.401988983154297 -13.689255714416504 -43.79180908203125
v -12.542402267456055 -13.375020027160645 -42.84797668457031
v -9.69651985168457 -13.4124755859375 -43.93104553222656
v -11.973857879638672 -13.209569931030273 -43.23455810546875
v -11.302555084228516 -13.101720809936523 -43.72978210449219
v -10.722041130065918 -13.061416625976562 -43.64830017089844
v -10.205018997192383 -13.157569885253906 -44.07203674316406
v -14.071989059448242 -20.612489700317383 -41.86454772949219
v -13.269329071044922 -20.79399871826172 -42.175140380859375
v -12.492632865905762 -20.91132354736328 -42.36419677734375
v -11.728620529174805 -20.955394744873047 -42.54661560058594
v -11.023366928100586 -20.916770935058594 -42.787322998046875
v -10.382688522338867 -20.760822296142578 -43.062744140625
v -9.815633773803711 -20.4841251373291 -43.50379943847656
v -14.707493782043457 -20.19220542907715 -43.1280517578125
v -9.368658065795898 -20.015644073486328 -42.86308288574219
v -15.136361122131348 -20.209444046020508 -41.568603515625
v -14.761030197143555 -20.357311248779297 -42.006683349609375
v -15.20547866821289 -19.811260223388672 -43.4075927734375
v -9.033727645874023 -19.40159797668457 -42.44606018066406
v -15.704488754272461 -19.353139877319336 -42.64808654785156
v -15.489029884338379 -19.603967666625977 -43.05503845214844
v -15.502452850341797 -19.79782485961914 -42.137908935546875
v -15.175235748291016 -20.028162002563477 -42.56690979003906
v -15.864419937133789 -18.72755241394043 -42.81349182128906
v -8.821046829223633 -18.7220458984375 -42.2705078125
v -15.991687774658203 -17.97726058959961 -42.53204345703125
v -8.698356628417969 -17.985546112060547 -42.32398986816406
v -15.993404388427734 -17.22506332397461 -42.25921630859375
v -8.66655158996582 -17.129671096801758 -42.43080139160156
v -15.873945236206055 -16.40069580078125 -41.892547607421875
v -8.752548217773438 -16.226970672607422 -42.48725891113281
v -15.497350692749023 -15.998136520385742 -42.83042907714844
v -15.12564468383789 -15.662789344787598 -43.45634460449219
v -14.884531021118164 -15.207505226135254 -43.02032470703125
v -8.943187713623047 -15.379476547241211 -42.501373291015625
v -15.5256986618042 -15.665817260742188 -41.97334289550781
v -15.24452018737793 -15.516365051269531 -42.67951965332031
v -14.647316932678223 -14.820098876953125 -42.56568908691406
v -9.16891098022461 -14.682245254516602 -42.462158203125
v -14.127516746520996 -14.386283874511719 -42.61558532714844
v -13.451981544494629 -14.032781600952148 -43.182525634765625
v -9.412479400634766 -14.221918106079102 -42.30712890625
v -15.47083854675293 -15.283656120300293 -41.32728576660156
v -15.098381042480469 -15.112245559692383 -42.05574035644531
v -13.101673126220703 -13.614773750305176 -42.52052307128906
v -9.561407089233398 -13.750659942626953 -43.02513122558594
v -12.772178649902344 -13.311349868774414 -41.83349609375
v -9.959030151367188 -13.42628002166748 -42.9998779296875
v -12.200284004211426 -13.154768943786621 -42.13706970214844
v -11.594963073730469 -13.077664375305176 -42.44865417480469
v -10.983169555664062 -13.080620765686035 -42.67662048339844
v -10.435855865478516 -13.178372383117676 -42.91633605957031
v -15.140830993652344 -20.319866180419922 -40.523681640625
v -14.528369903564453 -20.563793182373047 -40.83869934082031
v -13.823127746582031 -20.7669620513916 -40.62294006347656
v -13.25477409362793 -20.834423065185547 -40.93070983886719
v -12.520337104797363 -20.892202377319336 -41.14326477050781
v -11.757588386535645 -20.896196365356445 -41.330108642578125
v -11.0304594039917 -20.834779739379883 -41.59980773925781
v -10.48438549041748 -20.736921310424805 -42.01179504394531
v -9.87893295288086 -20.408523559570312 -42.04566955566406
v -15.475713729858398 -19.974422454833984 -41.272735595703125
v -9.385049819946289 -19.851673126220703 -41.5740966796875
v -9.740793228149414 -20.1535587310791 -40.885467529296875
v -15.78427505493164 -19.434202194213867 -41.63520812988281
v -9.105813980102539 -19.16986656188965 -41.1761474609375
v -9.459328651428223 -19.698083877563477 -40.41969299316406
v -16.05190086364746 -18.696557998657227 -41.56166076660156
v -8.898043632507324 -18.48646354675293 -41.44737243652344
v -16.185606002807617 -17.929386138916016 -41.395416259765625
v -8.87451171875 -17.84103012084961 -41.32759094238281
v -16.2086124420166 -17.142879486083984 -41.15272521972656
v -8.902751922607422 -17.016197204589844 -41.332244873046875
v -16.167390823364258 -16.46953773498535 -40.83900451660156
v -9.007204055786133 -16.175973892211914 -41.357269287109375
v -15.871774673461914 -15.770423889160156 -40.97068786621094
v -9.205282211303711 -15.345525741577148 -41.3250732421875
v -9.353804588317871 -15.601408004760742 -40.28511047363281
v -15.635120391845703 -15.133344650268555 -40.53611755371094
v -9.34349250793457 -14.669609069824219 -41.685791015625
v -15.165006637573242 -14.804040908813477 -41.05140686035156
v -14.662599563598633 -14.56037712097168 -41.72920227050781
v -14.17691707611084 -14.07431411743164 -41.483306884765625
v -13.660371780395508 -13.875925064086914 -42.106170654296875
v -9.49716567993164 -14.388072967529297 -41.631622314453125
v -9.54378890991211 -14.818180084228516 -40.76210021972656
v -13.312446594238281 -13.512969017028809 -41.54052734375
v -9.780824661254883 -13.950931549072266 -41.81251525878906
v -14.107656478881836 -13.76081657409668 -40.582275390625
v -13.762939453125 -13.71316909790039 -41.253204345703125
v -10.399317741394043 -13.840520858764648 -40.144500732421875
v -9.978866577148438 -14.228189468383789 -40.45845031738281
v -13.013672828674316 -13.275873184204102 -40.955047607421875
v -10.198402404785156 -13.440418243408203 -42.156524658203125
v -12.437808990478516 -13.133346557617188 -40.92567443847656
v -11.861062049865723 -13.082003593444824 -41.44523620605469
v -11.252474784851074 -13.150703430175781 -41.371917724609375
v -10.634147644042969 -13.264775276184082 -41.84761047363281
v -13.979864120483398 -13.49753189086914 -39.87434387207031
v -13.543188095092773 -13.42881965637207 -40.51475524902344
v -10.737478256225586 -13.428592681884766 -40.75141906738281
v -10.27076244354248 -13.646340370178223 -41.19010925292969
v -15.251123428344727 -20.370983123779297 -39.40574645996094
v -14.620410919189453 -20.6301326751709 -39.557342529296875
v -13.927936553955078 -20.784223556518555 -39.6697998046875
v -13.23091983795166 -20.85601043701172 -39.79316711425781
v -12.544429779052734 -20.868515014648438 -40.00083923339844
v -11.81650161743164 -20.8249568939209 -40.15045166015625
v -11.064947128295898 -20.713973999023438 -40.36766052246094
v -10.323190689086914 -20.51641845703125 -40.84129333496094
v -15.61475944519043 -19.93973159790039 -40.447845458984375
v -9.901773452758789 -20.07391357421875 -39.89463806152344
v -16.001331329345703 -19.37035369873047 -40.466766357421875
v -9.595346450805664 -19.49236297607422 -39.30015563964844
v -9.2820405960083 -19.20638084411621 -40.09918212890625
v -16.280508041381836 -18.661701202392578 -40.41496276855469
v -9.094202041625977 -18.560100555419922 -40.40733337402344
v -9.322476387023926 -18.93069839477539 -39.509735107421875
v -16.428232192993164 -17.87015151977539 -40.31707763671875
v -9.070086479187012 -17.72991371154785 -40.299530029296875
v -9.267044067382812 -18.338525772094727 -39.37896728515625
v -16.48828887939453 -17.024898529052734 -40.06561279296875
v -9.112048149108887 -16.917800903320312 -40.303955078125
v -16.971885681152344 -17.18532943725586 -38.71826171875
v -16.776227951049805 -17.264198303222656 -39.28070068359375
v -9.26307487487793 -17.571247100830078 -39.31304931640625
v -16.323543548583984 -16.092538833618164 -39.99168395996094
v -9.208572387695312 -16.159439086914062 -40.347137451171875
v -9.370565414428711 -16.114974975585938 -39.59190368652344
v -16.999435424804688 -16.719472885131836 -38.53111267089844
v -16.726362228393555 -16.616666793823242 -39.245147705078125
v -9.307872772216797 -16.772794723510742 -39.38255310058594
v -16.01592254638672 -15.467107772827148 -40.10871887207031
v -9.546566009521484 -15.583646774291992 -39.51255798339844
v -15.869665145874023 -14.978731155395508 -39.64691162109375
v -9.825860977172852 -14.919698715209961 -39.511566162109375
v -15.357279777526855 -14.588415145874023 -40.038299560546875
v -14.713573455810547 -14.215003967285156 -40.58418273925781
v -10.565400123596191 -13.984155654907227 -39.24598693847656
v -10.181867599487305 -14.376187324523926 -39.3975830078125
v -14.45406723022461 -13.743579864501953 -39.7308349609375
v -10.76301383972168 -13.615131378173828 -39.8712158203125
v -14.160871505737305 -13.413095474243164 -39.06219482421875
v -11.174297332763672 -13.356590270996094 -40.100250244140625
v -13.621973991394043 -13.268899917602539 -39.41352844238281
v -12.986576080322266 -13.167929649353027 -39.89921569824219
v -12.393617630004883 -13.107383728027344 -39.83642578125
v -11.815643310546875 -13.153314590454102 -40.290069580078125
v -15.407514572143555 -20.445072174072266 -38.179473876953125
v -14.71257209777832 -20.686494827270508 -38.35395812988281
v -13.994526863098145 -20.81127166748047 -38.51593017578125
v -13.258862495422363 -20.847869873046875 -38.67668151855469
v -12.532245635986328 -20.820690155029297 -38.88771057128906
v -11.942219734191895 -20.77646255493164 -39.19776916503906
v -11.184989929199219 -20.589435577392578 -39.05342102050781
v -10.479140281677246 -20.389068603515625 -39.52461242675781
v -15.808343887329102 -19.959497451782227 -39.325714111328125
v -10.082685470581055 -19.959461212158203 -38.800506591796875
v -10.920524597167969 -20.312393188476562 -37.85911560058594
v -10.563254356384277 -20.261823654174805 -38.54217529296875
v -16.258752822875977 -19.374549865722656 -39.34043884277344
v -9.861076354980469 -19.441436767578125 -38.16413879394531
v -10.701847076416016 -20.041000366210938 -37.084197998046875
v -10.334300994873047 -19.898855209350586 -37.73841857910156
v -16.589248657226562 -18.65032958984375 -39.30610656738281
v -9.519111633300781 -18.89519691467285 -38.65608215332031
v -17.040729522705078 -18.848848342895508 -37.92503356933594
v -16.82366180419922 -18.951797485351562 -38.42803955078125
v -16.700410842895508 -17.819000244140625 -39.43092346191406
v -9.469795227050781 -18.184162139892578 -38.39256286621094
v -17.129112243652344 -17.66244125366211 -38.226776123046875
v -16.94409942626953 -17.750322341918945 -38.76869201660156
v -17.119800567626953 -18.23650550842285 -38.068084716796875
v -16.889345169067383 -18.38161849975586 -38.68072509765625
v -17.193485260009766 -17.202545166015625 -38.01170349121094
v -9.467851638793945 -17.368698120117188 -38.370819091796875
v -17.185901641845703 -16.507530212402344 -37.81532287597656
v -9.545242309570312 -16.436254501342773 -38.56895446777344
v -16.86366844177246 -16.195810317993164 -38.64479064941406
v -16.592979431152344 -15.98823070526123 -39.22004699707031
v -16.32512855529785 -15.456771850585938 -39.29862976074219
v -9.787094116210938 -15.635275840759277 -38.490753173828125
v -16.934097290039062 -15.789532661437988 -38.06449890136719
v -16.671133041381836 -15.703320503234863 -38.744354248046875
v -16.143882751464844 -14.911710739135742 -38.874969482421875
v -10.06479263305664 -14.968419075012207 -38.54400634765625
v -15.675151824951172 -14.42207145690918 -38.92356872558594
v -15.03446102142334 -14.06303596496582 -39.426422119140625
v -10.759269714355469 -14.119505882263184 -38.415374755859375
v -10.384977340698242 -14.46998119354248 -38.54286193847656
v -16.93612289428711 -15.358281135559082 -37.55279541015625
v -16.57341766357422 -15.211380004882812 -38.31535339355469
v -14.705777168273926 -13.630962371826172 -38.78349304199219
v -10.99693775177002 -13.687372207641602 -39.134674072265625
v -14.370155334472656 -13.321876525878906 -38.09974670410156
v -11.515665054321289 -13.40695571899414 -39.175567626953125
v -13.809478759765625 -13.188576698303223 -38.36677551269531
v -13.231313705444336 -13.12757682800293 -38.65997314453125
v -12.637508392333984 -13.128625869750977 -38.883819580078125
v -12.071693420410156 -13.202929496765137 -39.11956787109375
v -15.579425811767578 -20.59291648864746 -36.779022216796875
v -14.80156135559082 -20.760356903076172 -37.113037109375
v -14.056432723999023 -20.839797973632812 -37.3248291015625
v -13.303780555725098 -20.835065841674805 -37.51045227050781
v -12.54163932800293 -20.75851058959961 -37.72193908691406
v -11.722410202026367 -20.613515853881836 -38.036346435546875
v -16.103506088256836 -20.036470413208008 -38.05549621582031
v -11.206316947937012 -20.289718627929688 -36.96723937988281
v -16.627656936645508 -20.199871063232422 -36.40708923339844
v -16.237342834472656 -20.310068130493164 -36.88636779785156
v -16.576862335205078 -19.407833099365234 -38.39408874511719
v -10.816705703735352 -19.90513801574707 -36.309356689453125
v -17.1074275970459 -19.268882751464844 -37.25013732910156
v -16.88528060913086 -19.37895965576172 -37.733917236328125
v -10.388671875 -19.66148567199707 -36.77894592285156
v -10.063922882080078 -19.415510177612305 -37.30621337890625
v -16.946388244628906 -19.73867416381836 -36.8878173828125
v -16.603458404541016 -19.88511085510254 -37.40806579589844
v -17.250192642211914 -18.77633285522461 -37.24342346191406
v -9.776676177978516 -18.816017150878906 -37.52388000488281
v -17.343067169189453 -17.982423782348633 -37.369232177734375
v -9.67506217956543 -17.987144470214844 -37.40013122558594
v -17.444801330566406 -17.246294021606445 -37.14485168457031
v -9.690486907958984 -17.175722122192383 -37.407989501953125
v -17.47988510131836 -16.63755226135254 -36.91734313964844
v -9.824299812316895 -16.365468978881836 -37.4383544921875
v -17.2813777923584 -15.90123176574707 -37.08137512207031
v -10.07789421081543 -15.56607437133789 -37.49443054199219
v -10.541844367980957 -15.398502349853516 -36.29768371582031
v -10.269891738891602 -15.67477035522461 -36.63215637207031
v -17.11602210998535 -15.167200088500977 -36.75178527832031
v -10.280668258666992 -14.927064895629883 -37.90000915527344
v -16.68321990966797 -14.82583236694336 -37.382659912109375
v -16.20684814453125 -14.587044715881348 -38.08219909667969
v -15.771865844726562 -14.066516876220703 -37.85896301269531
v -15.258014678955078 -13.877523422241211 -38.42704772949219
v -10.854792594909668 -14.285802841186523 -37.78228759765625
v -10.577404022216797 -14.57785415649414 -37.78656005859375
v -10.87658405303955 -14.658546447753906 -36.91551208496094
v -10.414850234985352 -15.122413635253906 -37.16606140136719
v -14.917909622192383 -13.504159927368164 -37.855987548828125
v -11.255073547363281 -13.886987686157227 -37.99674987792969
v -15.72582721710205 -13.731897354125977 -36.985626220703125
v -15.377378463745117 -13.693737983703613 -37.61497497558594
v -11.935436248779297 -13.798177719116211 -36.375732421875
v -11.452555656433105 -14.148605346679688 -36.68525695800781
v -14.593208312988281 -13.258659362792969 -37.24052429199219
v -11.789536476135254 -13.436901092529297 -38.3740234375
v -13.992416381835938 -13.125860214233398 -37.160186767578125
v -13.447845458984375 -13.103580474853516 -37.673797607421875
v -12.851774215698242 -13.170492172241211 -37.601776123046875
v -12.256979942321777 -13.284754753112793 -38.08540344238281
v -15.595113754272461 -13.455808639526367 -36.25946044921875
v -15.140771865844727 -13.394964218139648 -36.84661865234375
v -12.319433212280273 -13.421142578125 -36.99951171875
v -11.837541580200195 -13.624763488769531 -37.43415832519531
v -16.670013427734375 -20.373416900634766 -35.38490295410156
v -16.071212768554688 -20.597625732421875 -35.7330322265625
v -15.393268585205078 -20.807720184326172 -35.556793212890625
v -14.827001571655273 -20.850109100341797 -35.89241027832031
v -14.109563827514648 -20.868206024169922 -36.13777160644531
v -13.363588333129883 -20.818317413330078 -36.33445739746094
v -12.616968154907227 -20.700693130493164 -36.54441833496094
v -11.885404586791992 -20.523775100708008 -36.78596496582031
v -16.963947296142578 -20.002830505371094 -36.074676513671875
v -11.36167049407959 -20.166433334350586 -35.96649169921875
v -17.228376388549805 -19.46268081665039 -36.35261535644531
v -10.937929153442383 -19.690656661987305 -35.39039611816406
v -10.483646392822266 -19.423484802246094 -35.94688415527344
v -10.117459297180176 -19.135833740234375 -36.59141540527344
v -17.473459243774414 -18.75487518310547 -36.32728576660156
v -9.934854507446289 -18.497562408447266 -36.5240478515625
v -17.63138771057129 -17.98931312561035 -36.29753112792969
v -9.873712539672852 -17.78717041015625 -36.46446228027344
v -17.7192325592041 -17.209922790527344 -36.19415283203125
v -9.92373275756836 -17.056501388549805 -36.44195556640625
v -17.679237365722656 -16.390335083007812 -36.13037109375
v -10.09422492980957 -16.31361198425293 -36.39823913574219
v -10.636377334594727 -15.769779205322266 -35.40565490722656
v -10.354256629943848 -16.002059936523438 -35.86982727050781
v -17.515897750854492 -15.586233139038086 -36.063079833984375
v -10.833287239074707 -15.216803550720215 -35.832977294921875
v -17.30356216430664 -14.88797664642334 -35.82130432128906
v -11.193906784057617 -14.780008316040039 -35.74989318847656
v -16.855060577392578 -14.548039436340332 -36.42677307128906
v -16.289949417114258 -14.194750785827637 -37.006988525390625
v -12.05136775970459 -13.91395378112793 -35.379638671875
v -11.638975143432617 -14.304697036743164 -35.572509765625
v -16.06494140625 -13.708162307739258 -36.19346618652344
v -12.297094345092773 -13.571989059448242 -36.085052490234375
v -15.76744270324707 -13.363563537597656 -35.4620361328125
v -12.699996948242188 -13.322901725769043 -36.29913330078125
v -15.179121017456055 -13.201581954956055 -35.68084716796875
v -14.496480941772461 -13.11190128326416 -36.11747741699219
v -13.858259201049805 -13.054025650024414 -35.984649658203125
v -13.321900367736816 -13.126754760742188 -36.46217346191406
v -16.77326011657715 -20.423067092895508 -34.31037902832031
v -16.197050094604492 -20.68407440185547 -34.47845458984375
v -15.529179573059082 -20.836793899536133 -34.61517333984375
v -14.838897705078125 -20.896541595458984 -34.77165222167969
v -14.155923843383789 -20.879304885864258 -35.01640319824219
v -13.440394401550293 -20.79063606262207 -35.19256591796875
v -12.70458698272705 -20.631074905395508 -35.38124084472656
v -12.002908706665039 -20.41921615600586 -35.662384033203125
v -17.104398727416992 -20.00362777709961 -35.27519226074219
v -11.495327949523926 -19.99423599243164 -34.928436279296875
v -17.4492244720459 -19.44466781616211 -35.27305603027344
v -11.068475723266602 -19.364702224731445 -34.3499755859375
v -10.584330558776855 -19.138980865478516 -35.136871337890625
v -10.232650756835938 -18.873714447021484 -35.78666687011719
v -17.72608757019043 -18.74512481689453 -35.257415771484375
v -10.102987289428711 -18.286346435546875 -35.69328308105469
v -10.617053985595703 -18.70831298828125 -34.51957702636719
v -10.342466354370117 -18.652057647705078 -35.15899658203125
v -17.917442321777344 -17.95014190673828 -35.2685546875
v -10.087108612060547 -17.654525756835938 -35.60859680175781
v -10.599207878112793 -18.1121826171875 -34.19120788574219
v -10.317540168762207 -18.174266815185547 -34.945220947265625
v -18.036197662353516 -17.061662673950195 -35.15449523925781
v -10.151386260986328 -17.012107849121094 -35.570831298828125
v -18.538808822631836 -17.2337646484375 -33.79493713378906
v -18.33264923095703 -17.33236312866211 -34.33509826660156
v -10.6126070022583 -17.442249298095703 -34.1107177734375
v -10.330068588256836 -17.562782287597656 -34.832305908203125
v -17.938852310180664 -16.00612449645996 -35.1312255859375
v -10.264741897583008 -16.52442169189453 -35.523529052734375
v -10.73971939086914 -16.150772094726562 -34.630279541015625
v -10.481882095336914 -16.354406356811523 -35.0677490234375
v -18.606937408447266 -16.737424850463867 -33.64082336425781
v -18.326616287231445 -16.637027740478516 -34.345703125
v -10.66993522644043 -16.750097274780273 -34.26399230957031
v -10.389364242553711 -16.94271469116211 -34.857635498046875
v -17.671607971191406 -15.248703956604004 -35.26458740234375
v -11.006319046020508 -15.53388786315918 -34.80293273925781
v -17.51172637939453 -14.573966979980469 -34.77897644042969
v -11.4213228225708 -14.91960334777832 -34.65965270996094
v -17.03009605407715 -14.291131973266602 -35.489654541015625
v -16.570114135742188 -14.017141342163086 -35.96305847167969
v -12.178397178649902 -13.993215560913086 -34.361724853515625
v -11.803436279296875 -14.41134262084961 -34.51896667480469
v -16.302383422851562 -13.602458953857422 -35.337982177734375
v -12.455272674560547 -13.589107513427734 -35.27717590332031
v -17.071687698364258 -13.952136039733887 -34.630279541015625
v -16.728782653808594 -13.855134963989258 -35.18623352050781
v -15.992414474487305 -13.29292106628418 -34.67437744140625
v -12.921357154846191 -13.31470012664795 -35.24467468261719
v -15.349221229553223 -13.069665908813477 -34.45892333984375
v -14.639997482299805 -13.004398345947266 -34.77195739746094
v -14.011037826538086 -13.016260147094727 -34.94964599609375
v -13.444768905639648 -13.116539001464844 -35.106964111328125
v -17.022764205932617 -13.608491897583008 -33.89839172363281
v -16.546035766601562 -13.49290657043457 -34.39544677734375
v -16.859329223632812 -20.421850204467773 -33.19664001464844
v -16.286909103393555 -20.688867568969727 -33.35395812988281
v -15.628552436828613 -20.83164405822754 -33.51539611816406
v -14.906036376953125 -20.869945526123047 -33.68782043457031
v -14.171159744262695 -20.83022689819336 -33.92875671386719
v -13.575660705566406 -20.763731002807617 -34.263458251953125
v -12.826371192932129 -20.534372329711914 -34.14459228515625
v -12.117635726928711 -20.300615310668945 -34.57298278808594
v -17.245805740356445 -20.014095306396484 -34.20417785644531
v -11.677289009094238 -19.85069465637207 -33.897705078125
v -12.577831268310547 -20.246183395385742 -33.017578125
v -12.197518348693848 -20.177448272705078 -33.660888671875
v -17.646848678588867 -19.449020385742188 -34.12834167480469
v -11.426246643066406 -19.301259994506836 -33.271331787109375
v -12.401556968688965 -19.969987869262695 -32.294769287109375
v -11.978435516357422 -19.79912567138672 -32.89146423339844
v -18.016029357910156 -18.723464965820312 -34.09706115722656
v -10.968756675720215 -18.709396362304688 -33.6749267578125
v -18.427276611328125 -18.696557998657227 -32.68218994140625
v -18.19157600402832 -18.93729019165039 -33.082122802734375
v -18.210220336914062 -17.892169952392578 -34.398956298828125
v -10.925949096679688 -18.010271072387695 -33.38310241699219
v -18.650686264038086 -17.660057067871094 -33.29048156738281
v -18.464696884155273 -17.79484748840332 -33.77662658691406
v -18.581401824951172 -18.158710479736328 -33.05694580078125
v -18.345176696777344 -18.39330291748047 -33.545684814453125
v -18.761825561523438 -17.189525604248047 -33.12431335449219
v -10.932087898254395 -17.244279861450195 -33.39973449707031
v -18.840551376342773 -16.45015525817871 -32.97126770019531
v -11.023426055908203 -16.366947174072266 -33.7030029296875
v -18.51201057434082 -16.163898468017578 -33.76129150390625
v -18.23819923400879 -15.923333168029785 -34.32914733886719
v -18.008899688720703 -15.251577377319336 -34.39422607421875
v -11.323690414428711 -15.60014533996582 -33.684844970703125
v -18.650554656982422 -15.666950225830078 -33.21624755859375
v -18.35982894897461 -15.591705322265625 -33.85368347167969
v -17.911958694458008 -14.498865127563477 -33.80126953125
v -11.631643295288086 -14.987421035766602 -33.61572265625
v -12.275064468383789 -14.097463607788086 -33.264617919921875
v -11.943817138671875 -14.493406295776367 -33.48426818847656
v -18.729555130004883 -15.128016471862793 -32.76618957519531
v -18.352222442626953 -14.99783992767334 -33.4307861328125
v -17.46072769165039 -13.98472785949707 -33.90602111816406
v -12.577474594116211 -13.64586353302002 -34.19586181640625
v -17.283428192138672 -13.484132766723633 -33.15986633300781
v -13.026857376098633 -13.353979110717773 -34.02008056640625
v -16.657852172851562 -13.218986511230469 -33.28590393066406
v -15.900588035583496 -13.05840015411377 -33.57261657714844
v -15.202606201171875 -12.893783569335938 -33.296051025390625
v -14.684343338012695 -12.905227661132812 -33.54530334472656
v -14.090145111083984 -12.970328330993652 -33.71681213378906
v -13.532054901123047 -13.121759414672852 -33.858489990234375
v -16.90005111694336 -20.388185501098633 -32.09877014160156
v -16.341447830200195 -20.63510513305664 -32.278594970703125
v -15.716516494750977 -20.773910522460938 -32.46711730957031
v -15.011906623840332 -20.79433250427246 -32.61512756347656
v -14.230179786682129 -20.723163604736328 -32.81166076660156
v -13.384270668029785 -20.576549530029297 -33.1646728515625
v -17.353260040283203 -20.022069931030273 -33.04603576660156
v -12.912738800048828 -20.23123550415039 -32.21015930175781
v -17.826282501220703 -19.485319137573242 -32.84309387207031
v -12.614011764526367 -19.865966796875 -31.6204833984375
v -18.45226287841797 -18.868518829345703 -31.763992309570312
v -18.159353256225586 -19.21045684814453 -32.15965270996094
v -12.13538646697998 -19.57225799560547 -31.9696044921875
v -11.715042114257812 -19.290542602539062 -32.468109130859375
v -18.634605407714844 -18.422901153564453 -32.342987060546875
v -11.365079879760742 -18.66022300720215 -32.6556396484375
v -18.808578491210938 -17.847288131713867 -32.489166259765625
v -11.253536224365234 -17.832874298095703 -32.5518798828125
v -19.0314884185791 -17.154766082763672 -32.299652099609375
v -11.265552520751953 -17.04277992248535 -32.60551452636719
v -19.17792510986328 -16.51848602294922 -32.14164733886719
v -11.385440826416016 -16.272544860839844 -32.683868408203125
v -19.058979034423828 -15.72068977355957 -32.33734130859375
v -11.581587791442871 -15.586507797241211 -32.70050048828125
v -18.99530792236328 -14.767730712890625 -32.02537536621094
v -11.804019927978516 -15.023649215698242 -32.664794921875
v -18.54277801513672 -14.556085586547852 -32.704010009765625
v -18.202293395996094 -14.386558532714844 -33.1414794921875
v -12.337112426757812 -14.285457611083984 -32.115631103515625
v -12.050783157348633 -14.603578567504883 -32.48542785644531
v -17.862224578857422 -13.889718055725098 -33.05572509765625
v -12.649035453796387 -13.76655101776123 -32.95402526855469
v -18.625783920288086 -14.087843894958496 -32.116241455078125
v -18.292831420898438 -14.078092575073242 -32.646484375
v -17.61966896057129 -13.358163833618164 -32.4749755859375
v -13.0885009765625 -13.437914848327637 -32.6995849609375
v -16.99129295349121 -12.96687126159668 -32.19879150390625
v -16.11903953552246 -12.8392333984375 -32.31575012207031
v -15.360652923583984 -12.798988342285156 -32.36351013183594
v -14.709687232971191 -12.820684432983398 -32.39143371582031
v -14.130056381225586 -12.930512428283691 -32.484283447265625
v -13.587152481079102 -13.13478946685791 -32.575531005859375
v -18.646419525146484 -13.639354705810547 -31.61712646484375
v -18.17814064025879 -13.57470703125 -32.145538330078125
v -16.885948181152344 -20.32550621032715 -31.103057861328125
v -16.362213134765625 -20.53095054626465 -31.280364990234375
v -15.74598503112793 -20.65410614013672 -31.483535766601562
v -15.180671691894531 -20.703351974487305 -31.762008666992188
v -14.400339126586914 -20.563852310180664 -31.649017333984375
v -13.597321510314941 -20.445358276367188 -32.02972412109375
v -17.37287139892578 -20.048093795776367 -31.881027221679688
v -13.13534927368164 -20.103132247924805 -31.400680541992188
v -14.170289039611816 -20.245635986328125 -30.621871948242188
v -13.70140266418457 -20.268404006958008 -31.198577880859375
v -17.753482818603516 -19.69515037536621 -31.51123046875
v -12.858366966247559 -19.81281089782715 -31.097412109375
v -18.45635223388672 -18.930316925048828 -30.687637329101562
v -18.077205657958984 -19.346630096435547 -31.0357666015625
v -12.484466552734375 -19.355762481689453 -31.028060913085938
v -11.858213424682617 -19.01254653930664 -31.799545288085938
v -14.030038833618164 -19.955944061279297 -29.906234741210938
v -13.35099983215332 -19.8295955657959 -30.52276611328125
v -18.754148483276367 -18.409860610961914 -31.570358276367188
v -11.63487434387207 -18.352962493896484 -31.7779541015625
v -12.360286712646484 -18.681669235229492 -30.446853637695312
v -12.021827697753906 -18.730783462524414 -31.170883178710938
v -19.08037567138672 -17.807424545288086 -31.462631225585938
v -11.562479019165039 -17.635286331176758 -31.731643676757812
v -12.237060546875 -18.0262451171875 -30.19195556640625
v -11.921966552734375 -18.164562225341797 -31.003189086914062
v -19.404029846191406 -17.062318801879883 -31.348495483398438
v -11.579931259155273 -16.895103454589844 -31.74346923828125
v -19.99481964111328 -16.99439239501953 -30.12451171875
v -19.716203689575195 -17.228675842285156 -30.526809692382812
v -12.160110473632812 -17.33127784729004 -30.082550048828125
v -11.86627197265625 -17.477439880371094 -30.912017822265625
v -19.468212127685547 -16.20061492919922 -31.53778076171875
v -11.665987968444824 -16.17755889892578 -31.786727905273438
v -20.070159912109375 -16.409278869628906 -30.254440307617188
v -19.77165985107422 -16.636871337890625 -30.822372436523438
v -12.132966995239258 -16.6099910736084 -30.088653564453125
v -11.865973472595215 -16.759645462036133 -30.903549194335938
v -19.456005096435547 -15.372360229492188 -31.461334228515625
v -11.795830726623535 -15.53652286529541 -31.846542358398438
v -20.13155174255371 -15.780603408813477 -30.146331787109375
v -19.816017150878906 -15.913331985473633 -30.853805541992188
v -12.158465385437012 -15.884626388549805 -30.2239990234375
v -11.915230751037598 -16.055620193481445 -30.9735107421875
v -19.431686401367188 -14.588129043579102 -31.164932250976562
v -11.934530258178711 -15.058088302612305 -31.917877197265625
v -12.3626708984375 -14.592945098876953 -31.097183227539062
v -12.130439758300781 -14.828384399414062 -31.530685424804688
v -20.18191909790039 -15.22972583770752 -29.910812377929688
v -19.84937286376953 -15.123235702514648 -30.627059936523438
v -12.242650985717773 -15.17648696899414 -30.546493530273438
v -12.005162239074707 -15.40682315826416 -31.148300170898438
v -19.025527954101562 -14.049792289733887 -31.455078125
v -12.692117691040039 -14.026165008544922 -31.4453125
v -18.93955421447754 -13.47006607055664 -30.988235473632812
v -13.163434982299805 -13.509332656860352 -31.3507080078125
v -18.391155242919922 -13.15164566040039 -31.2725830078125
v -17.72539520263672 -12.993025779724121 -31.693954467773438
v -17.16972541809082 -12.53303337097168 -31.1395263671875
v -16.30648422241211 -12.521886825561523 -31.082534790039062
v -15.477299690246582 -12.64026165008545 -31.181488037109375
v -14.777016639709473 -12.749755859375 -31.241531372070312
v -14.172029495239258 -12.900627136230469 -31.2811279296875
v -13.640809059143066 -13.142609596252441 -31.313095092773438
v -17.315555572509766 -12.158513069152832 -30.401992797851562
v -16.713607788085938 -12.200796127319336 -30.4437255859375
v -17.34664535522461 -11.898231506347656 -29.850540161132812
v -16.92308235168457 -11.936223983764648 -29.880447387695312
v -16.834068298339844 -20.235157012939453 -30.360183715820312
v -16.37691307067871 -20.379316329956055 -30.418853759765625
v -15.776300430297852 -20.4831600189209 -30.577316284179688
v -15.021955490112305 -20.489704132080078 -30.812225341796875
v -17.277408599853516 -20.05939483642578 -30.833740234375
v -14.648151397705078 -20.178245544433594 -29.93560791015625
v -17.036605834960938 -20.018184661865234 -29.951705932617188
v -16.458786010742188 -20.166610717773438 -29.725875854492188
v -15.825069427490234 -20.25972557067871 -29.776992797851562
v -15.27242660522461 -20.31918716430664 -30.011749267578125
v -17.5755615234375 -19.753026962280273 -30.40069580078125
v -14.374923706054688 -19.86911392211914 -29.343185424804688
v -18.494510650634766 -18.94526481628418 -29.4744873046875
v -17.854690551757812 -19.399988174438477 -29.701919555664062
v -13.723206520080566 -19.524276733398438 -29.347991943359375
v -12.95323371887207 -19.167041778564453 -29.943923950195312
v -17.25957489013672 -19.761526107788086 -29.504776000976562
v -16.65865135192871 -19.896686553955078 -29.118576049804688
v -15.921175003051758 -19.98227882385254 -29.02252197265625
v -15.108680725097656 -20.00746726989746 -29.227828979492188
v -18.91242218017578 -18.430936813354492 -30.500411987304688
v -12.702751159667969 -18.529939651489258 -29.564208984375
v -19.41252899169922 -17.836021423339844 -30.334396362304688
v -12.539661407470703 -17.87242889404297 -29.338836669921875
v -20.158123016357422 -17.28668212890625 -29.373779296875
v -19.85114860534668 -17.56390380859375 -29.775543212890625
v -20.215559005737305 -16.796852111816406 -29.710769653320312
v -12.434614181518555 -17.170406341552734 -29.246597290039062
v -20.317150115966797 -16.336429595947266 -29.57611083984375
v -12.385570526123047 -16.434038162231445 -29.291000366210938
v -20.390106201171875 -15.720129013061523 -29.37713623046875
v -12.411224365234375 -15.664731979370117 -29.490280151367188
v -20.37737274169922 -14.947854995727539 -29.174118041992188
v -12.551379203796387 -14.795028686523438 -29.973831176757812
v -20.02962875366211 -14.645171165466309 -30.013275146484375
v -19.728649139404297 -14.446460723876953 -30.5572509765625
v -19.414770126342773 -13.898574829101562 -30.6781005859375
v -12.889945983886719 -14.067543029785156 -30.05615234375
v -20.08953094482422 -14.149820327758789 -29.4488525390625
v -19.79871940612793 -14.091968536376953 -30.129776000976562
v -19.219636917114258 -13.390183448791504 -30.462493896484375
v -13.270198822021484 -13.529502868652344 -30.091629028320312
v -18.83140754699707 -12.870681762695312 -30.276947021484375
v -17.942310333251953 -12.544679641723633 -30.730667114257812
v -15.533208847045898 -12.441194534301758 -29.874191284179688
v -14.830827713012695 -12.684035301208496 -30.01617431640625
v -14.22584056854248 -12.889301300048828 -30.09033203125
v -13.708734512329102 -13.148355484008789 -30.11566162109375
v -20.100032806396484 -13.643455505371094 -28.94195556640625
v -19.607376098632812 -13.443458557128906 -29.778823852539062
v -17.78441619873047 -12.059677124023438 -30.005722045898438
v -16.164325714111328 -12.237369537353516 -30.11810302734375
v -18.757556915283203 -12.26600456237793 -29.420394897460938
v -18.30763816833496 -12.290536880493164 -29.991302490234375
v -17.598974227905273 -11.80412769317627 -29.434051513671875
v -16.422748565673828 -12.01486587524414 -29.697189331054688
v -17.104721069335938 -11.738479614257812 -29.196090698242188
v -16.655742645263672 -11.832416534423828 -29.3023681640625
v -18.65987777709961 -11.919200897216797 -28.773422241210938
v -18.150949478149414 -11.906396865844727 -29.257049560546875
v -18.604337692260742 -18.961894989013672 -28.203353881835938
v -17.872882843017578 -19.268966674804688 -28.377685546875
v -17.053531646728516 -19.571327209472656 -28.489456176757812
v -16.134870529174805 -19.690704345703125 -28.250503540039062
v -15.320026397705078 -19.693077087402344 -28.318710327148438
v -14.457511901855469 -19.548999786376953 -28.538436889648438
v -13.801193237304688 -19.181991577148438 -28.491592407226562
v -13.259780883789062 -18.9415340423584 -28.989944458007812
v -19.093036651611328 -18.51226043701172 -29.310836791992188
v -12.997174263000488 -18.352746963500977 -28.681793212890625
v -19.61817741394043 -18.123876571655273 -29.152603149414062
v -12.816465377807617 -17.695545196533203 -28.466339111328125
v -20.295833587646484 -17.536104202270508 -28.494720458984375
v -20.009506225585938 -17.8229923248291 -28.89617919921875
v -20.378707885742188 -16.929996490478516 -28.990859985351562
v -12.681436538696289 -16.982221603393555 -28.423385620117188
v -20.536876678466797 -16.381418228149414 -28.69781494140625
v -12.620830535888672 -16.253387451171875 -28.501815795898438
v -20.631671905517578 -15.683841705322266 -28.490219116210938
v -12.665462493896484 -15.487384796142578 -28.641281127929688
v -20.67064094543457 -15.045666694641113 -28.257904052734375
v -12.816858291625977 -14.719783782958984 -28.787841796875
v -20.474933624267578 -14.254772186279297 -28.436126708984375
v -13.069462776184082 -14.052164077758789 -28.869171142578125
v -20.327865600585938 -13.433289527893066 -28.113784790039062
v -13.391971588134766 -13.53055191040039 -28.974609375
v -19.876480102539062 -13.047706604003906 -28.758773803710938
v -19.33382797241211 -12.67758560180664 -29.25506591796875
v -15.333282470703125 -12.38706111907959 -28.49945068359375
v -14.839923858642578 -12.664246559143066 -28.733062744140625
v -14.278769493103027 -12.926399230957031 -28.8592529296875
v -13.78675651550293 -13.176989555358887 -29.000320434570312
v -19.138538360595703 -12.159013748168945 -28.666610717773438
v -15.891814231872559 -12.158239364624023 -29.239425659179688
v -18.876707077026367 -11.79765510559082 -28.02581787109375
v -16.238666534423828 -11.922407150268555 -28.847503662109375
v -18.27347183227539 -11.666524887084961 -28.22479248046875
v -17.584741592407227 -11.635149002075195 -28.531417846679688
v -17.012310028076172 -11.6196870803833 -28.338851928710938
v -16.624378204345703 -11.736166000366211 -28.57696533203125
v -18.73478889465332 -19.035207748413086 -26.812973022460938
v -17.945850372314453 -19.2115421295166 -27.132415771484375
v -17.164718627929688 -19.35684585571289 -27.292556762695312
v -16.33709716796875 -19.432008743286133 -27.342987060546875
v -15.511417388916016 -19.41558074951172 -27.4334716796875
v -14.83755111694336 -19.362497329711914 -27.699813842773438
v -14.156352996826172 -19.024169921875 -27.64617919921875
v -13.511157035827637 -18.734466552734375 -28.133773803710938
v -19.328462600708008 -18.624698638916016 -28.0596923828125
v -13.264120101928711 -18.174636840820312 -27.811050415039062
v -19.789827346801758 -18.679882049560547 -26.5087890625
v -19.40583038330078 -18.80295181274414 -26.94549560546875
v -14.096689224243164 -18.584012985229492 -26.765289306640625
v -13.702654838562012 -18.5488224029541 -27.408905029296875
v -19.810056686401367 -18.248212814331055 -28.354949951171875
v -13.083529472351074 -17.461883544921875 -27.523727416992188
v -20.353031158447266 -17.82190704345703 -27.63824462890625
v -20.1082706451416 -18.056785583496094 -28.025054931640625
v -20.150041580200195 -18.272686004638672 -27.100296020507812
v -19.802892684936523 -18.480098724365234 -27.515945434570312
v -13.976419448852539 -18.178892135620117 -26.189422607421875
v -13.578594207763672 -18.0582275390625 -26.889266967773438
v -20.552194595336914 -17.18642807006836 -27.843704223632812
v -12.857508659362793 -16.759777069091797 -27.762603759765625
v -20.775592803955078 -16.40975570678711 -27.660140991210938
v -12.859892845153809 -16.144203186035156 -27.675018310546875
v -20.890640258789062 -15.619361877441406 -27.527542114257812
v -12.908660888671875 -15.392112731933594 -27.69744873046875
v -20.871471405029297 -14.767467498779297 -27.464447021484375
v -13.037574768066406 -14.667606353759766 -27.750778198242188
v -20.733665466308594 -13.908243179321289 -27.397232055664062
v -13.26916217803955 -14.017200469970703 -27.773818969726562
v -13.611709594726562 -14.09299373626709 -26.335067749023438
v -13.386833190917969 -14.193618774414062 -26.830368041992188
v -20.550310134887695 -13.094282150268555 -27.08160400390625
v -13.5218505859375 -13.516366958618164 -28.1524658203125
v -20.090866088867188 -12.772571563720703 -27.868270874023438
v -19.6403865814209 -12.470006942749023 -28.381805419921875
v -15.242767333984375 -12.428319931030273 -27.224044799804688
v -14.873719215393066 -12.665796279907227 -27.631072998046875
v -14.351844787597656 -13.054931640625 -27.419815063476562
v -13.851475715637207 -13.302302360534668 -27.886276245117188
v -13.880502700805664 -13.600242614746094 -26.722335815429688
v -13.542962074279785 -13.753056526184082 -27.255020141601562
v -19.40953826904297 -12.033451080322266 -27.859420776367188
v -15.74200439453125 -12.12063980102539 -28.126220703125
v -20.16669464111328 -12.42837905883789 -27.026748657226562
v -19.82486343383789 -12.30221939086914 -27.647247314453125
v -19.136714935302734 -11.721086502075195 -27.259140014648438
v -16.162418365478516 -11.869311332702637 -27.828826904296875
v -18.506420135498047 -11.508870124816895 -27.070541381835938
v -17.773818969726562 -11.482275009155273 -27.35504150390625
v -17.14472770690918 -11.535406112670898 -27.492218017578125
v -16.61667823791504 -11.664735794067383 -27.6092529296875
v -20.13145637512207 -12.083292007446289 -26.327133178710938
v -19.67688751220703 -11.937427520751953 -26.91925048828125
v -19.809795379638672 -18.804561614990234 -25.448379516601562
v -19.205833435058594 -19.010961532592773 -25.785064697265625
v -18.524337768554688 -19.17513656616211 -25.6036376953125
v -17.96022605895996 -19.214462280273438 -25.941619873046875
v -17.2515869140625 -19.256126403808594 -26.19293212890625
v -16.493356704711914 -19.247318267822266 -26.315536499023438
v -15.683984756469727 -19.167757034301758 -26.44561767578125
v -14.821243286132812 -19.00392723083496 -26.765289306640625
v -20.140695571899414 -18.46795082092285 -26.2115478515625
v -14.467323303222656 -18.490659713745117 -25.943222045898438
v -20.470476150512695 -17.92843246459961 -26.60400390625
v -14.157652854919434 -17.87329864501953 -25.43487548828125
v -13.688325881958008 -17.712677001953125 -26.138763427734375
v -13.368690490722656 -17.4967041015625 -26.698760986328125
v -20.82076072692871 -17.177867889404297 -26.595993041992188
v -13.140177726745605 -16.85575294494629 -26.929702758789062
v -13.723945617675781 -17.233680725097656 -25.652542114257812
v -13.443840026855469 -17.224872589111328 -26.257781982421875
v -21.05982208251953 -16.36223793029785 -26.586151123046875
v -13.113188743591309 -16.062950134277344 -26.824417114257812
v -13.694036483764648 -16.56508445739746 -25.378189086914062
v -13.394367218017578 -16.669607162475586 -26.1260986328125
v -21.209192276000977 -15.453553199768066 -26.471481323242188
v -13.149476051330566 -15.316116333007812 -26.81121826171875
v -21.711647033691406 -15.643178939819336 -25.066375732421875
v -21.504592895507812 -15.727472305297852 -25.630340576171875
v -13.673364639282227 -15.816736221313477 -25.277862548828125
v -13.379192352294922 -15.948783874511719 -26.024856567382812
v -21.14337730407715 -14.379632949829102 -26.4691162109375
v -13.24777603149414 -14.648448944091797 -26.843109130859375
v -13.704978942871094 -14.502298355102539 -25.606002807617188
v -13.470602035522461 -14.603304862976074 -26.128005981445312
v -21.768104553222656 -15.165031433105469 -24.895095825195312
v -21.506690979003906 -15.031647682189941 -25.648117065429688
v -13.681018829345703 -15.080011367797852 -25.348892211914062
v -13.403070449829102 -15.226327896118164 -26.028213500976562
v -20.924449920654297 -13.614356994628906 -26.616439819335938
v -13.914144515991211 -14.06557559967041 -25.644912719726562
v -20.886648178100586 -13.123750686645508 -26.208953857421875
v -14.241207122802734 -13.503503799438477 -25.905609130859375
v -15.224838256835938 -12.495386123657227 -25.86456298828125
v -14.734685897827148 -12.915968894958496 -26.220932006835938
v -20.57396125793457 -12.518739700317383 -26.132049560546875
v -15.681242942810059 -12.123882293701172 -26.90582275390625
v -20.326196670532227 -11.959325790405273 -25.550155639648438
v -16.145002365112305 -11.843490600585938 -26.663665771484375
v -19.79450035095215 -11.690974235534668 -25.860824584960938
v -19.09799575805664 -11.491775512695312 -26.198959350585938
v -18.417465209960938 -11.313414573669434 -25.927505493164062
v -17.860746383666992 -11.34958267211914 -26.169357299804688
v -17.232025146484375 -11.447418212890625 -26.341629028320312
v -16.65581512451172 -11.613678932189941 -26.486663818359375
v -19.904064178466797 -18.854068756103516 -24.322967529296875
v -19.314979553222656 -19.07861328125 -24.518966674804688
v -18.658781051635742 -19.19285011291504 -24.674148559570312
v -17.97455596923828 -19.21820640563965 -24.84100341796875
v -17.275131225585938 -19.185697555541992 -25.120391845703125
v -16.67243194580078 -19.153154373168945 -25.445404052734375
v -15.905296325683594 -18.971288681030273 -25.317535400390625
v -15.131771087646484 -18.79096031188965 -25.69549560546875
v -20.286632537841797 -18.451000213623047 -25.356292724609375
v -14.761543273925781 -18.32615089416504 -25.060272216796875
v -15.71049690246582 -18.666339874267578 -24.277191162109375
v -15.297245979309082 -18.625057220458984 -24.865875244140625
v -20.726716995239258 -17.89596176147461 -25.361480712890625
v -14.559602737426758 -17.767929077148438 -24.500961303710938
v -15.559350967407227 -18.392133712768555 -23.613967895507812
v -15.121078491210938 -18.24049949645996 -24.1644287109375
v -21.150039672851562 -17.153240203857422 -25.360031127929688
v -14.090824127197266 -17.185497283935547 -24.872894287109375
v -21.62681770324707 -17.153644561767578 -23.896636962890625
v -21.365022659301758 -17.38763999938965 -24.2999267578125
v -21.368825912475586 -16.297090530395508 -25.688934326171875
v -14.034282684326172 -16.434478759765625 -24.592437744140625
v -21.8233699798584 -16.088592529296875 -24.535980224609375
v -21.638561248779297 -16.204059600830078 -25.048141479492188
v -21.7646484375 -16.596078872680664 -24.2938232421875
v -21.515823364257812 -16.818571090698242 -24.800262451171875
v -21.90817642211914 -15.643072128295898 -24.343643188476562
v -13.99393081665039 -15.627598762512207 -24.539794921875
v -21.94145965576172 -14.953136444091797 -24.139328002929688
v -14.008069038391113 -14.76283073425293 -24.720535278320312
v -21.67599105834961 -14.589988708496094 -25.03173828125
v -21.431243896484375 -14.317083358764648 -25.655899047851562
v -21.22848129272461 -13.653909683227539 -25.768280029296875
v -14.23487663269043 -14.054954528808594 -24.711685180664062
v -21.773731231689453 -14.150774002075195 -24.422531127929688
v -21.53778076171875 -14.008724212646484 -25.160369873046875
v -21.068632125854492 -12.841391563415527 -25.306930541992188
v -14.52343463897705 -13.455677032470703 -24.793701171875
v -15.272819519042969 -12.53410530090332 -24.502792358398438
v -14.881383895874023 -12.951051712036133 -24.72747802734375
v -21.81180763244629 -13.674724578857422 -23.89373779296875
v -21.50702476501465 -13.432717323303223 -24.729843139648438
v -20.738840103149414 -12.258529663085938 -25.240478515625
v -15.676557540893555 -12.142753601074219 -25.604248046875
v -20.565509796142578 -11.826192855834961 -24.674224853515625
v -16.156208038330078 -11.835312843322754 -25.396804809570312
v -20.02519416809082 -11.522269248962402 -24.90966796875
v -19.383085250854492 -11.304580688476562 -25.06500244140625
v -18.646526336669922 -11.177539825439453 -25.0091552734375
v -17.924976348876953 -11.206936836242676 -24.983367919921875
v -17.279170989990234 -11.36019229888916 -25.095977783203125
v -16.687715530395508 -11.573469161987305 -25.233154296875
v -19.98102569580078 -18.884992599487305 -23.147735595703125
v -19.388378143310547 -19.09618377685547 -23.370285034179688
v -18.75847625732422 -19.197154998779297 -23.60382080078125
v -18.073833465576172 -19.191503524780273 -23.78692626953125
v -17.325973510742188 -19.10804557800293 -24.02130126953125
v -16.50203514099121 -18.970226287841797 -24.398040771484375
v -20.436859130859375 -18.485366821289062 -24.177703857421875
v -16.057491302490234 -18.644094467163086 -23.514556884765625
v -20.97581672668457 -17.958009719848633 -24.006423950195312
v -15.77261734008789 -18.28726577758789 -22.9766845703125
v -21.679533004760742 -17.362701416015625 -22.94189453125
v -21.375560760498047 -17.698837280273438 -23.325271606445312
v -15.301513671875 -17.999671936035156 -23.31695556640625
v -14.875459671020508 -17.730987548828125 -23.778457641601562
v -21.830034255981445 -16.891849517822266 -23.54583740234375
v -14.512062072753906 -17.098176956176758 -23.932266235351562
v -21.956193923950195 -16.31971549987793 -23.6865234375
v -14.371585845947266 -16.238880157470703 -23.77197265625
v -22.084367752075195 -15.684986114501953 -23.44268798828125
v -14.32960033416748 -15.428853034973145 -23.704986572265625
v -22.149324417114258 -15.138423919677734 -23.178558349609375
v -14.380455017089844 -14.652956008911133 -23.655929565429688
v -22.050453186035156 -14.363967895507812 -23.336105346679688
v -14.510130882263184 -13.974105834960938 -23.662033081054688
v -21.97328758239746 -13.476764678955078 -22.93914794921875
v -14.71046257019043 -13.426673889160156 -23.632965087890625
v -21.647476196289062 -13.072956085205078 -23.865814208984375
v -21.36058807373047 -12.80413818359375 -24.464492797851562
v -15.323114395141602 -12.580370903015137 -23.200225830078125
v -14.987826347351074 -12.97646713256836 -23.447036743164062
v -21.059322357177734 -12.272012710571289 -24.4232177734375
v -15.695929527282715 -12.170516967773438 -24.272079467773438
v -21.684492111206055 -12.67803955078125 -23.12744140625
v -21.42746353149414 -12.547039985656738 -23.869476318359375
v -20.83183479309082 -11.762439727783203 -23.902359008789062
v -16.167116165161133 -11.841928482055664 -24.070358276367188
v -20.29492950439453 -11.3372802734375 -23.877105712890625
v -19.67853355407715 -11.164712905883789 -24.253921508789062
v -18.970394134521484 -10.938680648803711 -23.940887451171875
v -18.03898811340332 -10.983955383300781 -23.709487915039062
v -17.300355911254883 -11.245489120483398 -23.785781860351562
v -16.69690704345703 -11.53566837310791 -23.909454345703125
v -21.648334503173828 -12.24207878112793 -22.539138793945312
v -21.286964416503906 -12.062406539916992 -23.34991455078125
v -18.97197914123535 -10.596179962158203 -22.956695556640625
v -18.383634567260742 -10.67923355102539 -23.00994873046875
v -18.923831939697266 -10.367382049560547 -22.329940795898438
v -18.51004409790039 -10.423505783081055 -22.370986938476562
v -20.013225555419922 -18.889772415161133 -22.00408935546875
v -19.4312686920166 -19.067323684692383 -22.257537841796875
v -18.793630599975586 -19.146442413330078 -22.544937133789062
v -18.23395538330078 -19.15471649169922 -22.896270751953125
v -17.477750778198242 -19.000566482543945 -22.849349975585938
v -16.715538024902344 -18.858766555786133 -23.298416137695312
v -20.52129554748535 -18.567001342773438 -22.917709350585938
v -16.269611358642578 -18.528484344482422 -22.734222412109375
v -17.22416877746582 -18.710983276367188 -21.840362548828125
v -16.802608489990234 -18.706523895263672 -22.482223510742188
v -20.98737907409668 -18.223499298095703 -22.574005126953125
v -16.002416610717773 -18.239450454711914 -22.468795776367188
v -21.687530517578125 -17.445777893066406 -21.863327026367188
v -21.367191314697266 -17.872941970825195 -22.1722412109375
v -15.643024444580078 -17.775476455688477 -22.417449951171875
v -15.026426315307617 -17.43686294555664 -23.151016235351562
v -17.05331802368164 -18.41628646850586 -21.171875
v -16.451406478881836 -18.269336700439453 -21.88140869140625
v -21.917104721069336 -16.90683364868164 -22.742080688476562
v -14.791595458984375 -16.763771057128906 -23.084716796875
v -15.529227256774902 -17.082130432128906 -21.837921142578125
v -15.192127227783203 -17.13951873779297 -22.541351318359375
v -22.101652145385742 -16.329456329345703 -22.608413696289062
v -14.688051223754883 -16.027557373046875 -22.92572021484375
v -15.403783798217773 -16.42051887512207 -21.485671997070312
v -15.083146095275879 -16.561233520507812 -22.307891845703125
v -22.227214813232422 -15.700292587280273 -22.438278198242188
v -14.656424522399902 -15.264928817749023 -22.734375
v -15.301858901977539 -15.772199630737305 -21.162261962890625
v -15.001249313354492 -15.869283676147461 -22.037124633789062
v -22.26557731628418 -15.00711441040039 -22.327117919921875
v -14.682245254516602 -14.474081993103027 -22.516555786132812
v -15.250182151794434 -15.282428741455078 -20.839004516601562
v -14.967513084411621 -15.139425277709961 -21.65252685546875
v -22.24169921875 -14.252721786499023 -22.179718017578125
v -14.689123153686523 -13.844526290893555 -22.792510986328125
v -22.21078872680664 -13.61635971069336 -21.900177001953125
v -14.8451566696167 -13.435173034667969 -22.534027099609375
v -15.367925643920898 -12.662399291992188 -21.963043212890625
v -15.072786331176758 -13.020706176757812 -22.271347045898438
v -21.99958610534668 -12.846649169921875 -22.054443359375
v -15.714383125305176 -12.221264839172363 -22.940826416015625
v -21.810150146484375 -12.078178405761719 -21.69342041015625
v -16.162919998168945 -11.866021156311035 -22.708587646484375
v -21.36264991760254 -11.691511154174805 -22.364349365234375
v -20.85796546936035 -11.45266342163086 -23.076553344726562
v -20.33696174621582 -10.965418815612793 -22.820968627929688
v -19.65549087524414 -10.846721649169922 -23.304519653320312
v -17.249238967895508 -11.060392379760742 -22.369766235351562
v -16.668678283691406 -11.48691177368164 -22.533187866210938
v -19.384681701660156 -10.478103637695312 -22.503662109375
v -17.82501983642578 -10.764288902282715 -22.635726928710938
v -20.31214141845703 -10.623598098754883 -21.969680786132812
v -19.887996673583984 -10.623418807983398 -22.507781982421875
v -19.141530990600586 -10.262786865234375 -21.898345947265625
v -18.013561248779297 -10.523653030395508 -22.18963623046875
v -18.61650848388672 -10.212421417236328 -21.661529541015625
v -18.183494567871094 -10.324454307556152 -21.77978515625
v -20.219409942626953 -10.340714454650879 -21.291580200195312
v -19.70037269592285 -10.32813835144043 -21.743621826171875
v -20.001256942749023 -18.841670989990234 -20.996246337890625
v -19.46184539794922 -18.98592758178711 -21.2335205078125
v -18.82895278930664 -19.040977478027344 -21.507644653320312
v -18.05994415283203 -18.985414505004883 -21.8841552734375
v -20.51292610168457 -18.631912231445312 -21.725082397460938
v -17.626285552978516 -18.66912841796875 -21.035003662109375
v -20.9251766204834 -18.313419342041016 -21.378555297851562
v -17.343616485595703 -18.299663543701172 -20.479888916015625
v -21.625030517578125 -17.445446014404297 -20.66864013671875
v -21.273921966552734 -17.922914505004883 -20.983428955078125
v -16.746055603027344 -17.978727340698242 -20.835342407226562
v -16.094303131103516 -17.586278915405273 -21.379547119140625
v -21.963905334472656 -16.92509651184082 -21.6546630859375
v -15.884733200073242 -16.923295974731445 -20.972366333007812
v -22.18022346496582 -16.325151443481445 -21.499710083007812
v -15.717803955078125 -16.260326385498047 -20.621414184570312
v -22.3167781829834 -15.659046173095703 -21.371002197265625
v -15.555572509765625 -15.636277198791504 -20.358200073242188
v -22.378767013549805 -14.934468269348145 -21.256332397460938
v -15.396749496459961 -15.065681457519531 -20.205841064453125
v -15.106237411499023 -14.796304702758789 -20.860748291015625
v -14.896988868713379 -14.523542404174805 -21.510391235351562
v -22.38695526123047 -14.18619155883789 -21.129684448242188
v -14.838397979736328 -13.964080810546875 -21.767120361328125
v -22.326814651489258 -13.408649444580078 -21.054840087890625
v -14.959979057312012 -13.453399658203125 -21.525421142578125
v -15.413463592529297 -12.82004165649414 -20.807418823242188
v -15.150701522827148 -13.103330612182617 -21.230239868164062
v -22.198152542114258 -12.600696563720703 -20.95123291015625
v -15.727090835571289 -12.32103157043457 -21.600341796875
v -22.009681701660156 -11.824345588684082 -20.72601318359375
v -16.14006805419922 -11.910128593444824 -21.303024291992188
v -21.534395217895508 -11.421501159667969 -21.400833129882812
v -20.927583694458008 -11.059713363647461 -22.006988525390625
v -16.949045181274414 -10.971450805664062 -20.940475463867188
v -16.57586097717285 -11.428510665893555 -21.133804321289062
v -20.7186222076416 -10.570060729980469 -21.248855590820312
v -17.491090774536133 -10.69636344909668 -21.72760009765625
v -20.473432540893555 -10.218524932861328 -20.587539672851562
v -17.749309539794922 -10.4090576171875 -21.356964111328125
v -19.825803756713867 -10.082948684692383 -20.730743408203125
v -19.07406997680664 -10.065054893493652 -20.998077392578125
v -18.438852310180664 -10.052240371704102 -20.811996459960938
v -18.073081970214844 -10.193157196044922 -21.075668334960938
v -19.96184539794922 -18.739377975463867 -20.266571044921875
v -19.49310302734375 -18.837631225585938 -20.377426147460938
v -18.9114933013916 -18.887435913085938 -20.60089111328125
v -18.285810470581055 -18.84332847595215 -20.853958129882812
v -20.420730590820312 -18.61355209350586 -20.70343017578125
v -17.903554916381836 -18.53022575378418 -20.2862548828125
v -20.193326950073242 -18.51913833618164 -19.865646362304688
v -19.601381301879883 -18.60765266418457 -19.706192016601562
v -18.953441619873047 -18.6370849609375 -19.85443115234375
v -18.43886375427246 -18.670034408569336 -20.163116455078125
v -20.747756958007812 -18.298328399658203 -20.294952392578125
v -17.644834518432617 -18.242286682128906 -19.985504150390625
v -21.546756744384766 -17.345476150512695 -19.456024169921875
v -21.02109146118164 -17.870891571044922 -19.659576416015625
v -17.228614807128906 -17.78293800354004 -19.834442138671875
v -16.458248138427734 -17.377126693725586 -20.455703735351562
v -20.442819595336914 -18.234634399414062 -19.453048706054688
v -19.849634170532227 -18.30713653564453 -19.134140014648438
v -19.097244262695312 -18.309057235717773 -19.141082763671875
v -18.18937110900879 -18.237531661987305 -19.53338623046875
v -21.959793090820312 -16.897178649902344 -20.482177734375
v -16.218578338623047 -16.738271713256836 -20.095443725585938
v -17.135000228881836 -17.190587997436523 -19.064407348632812
v -16.710317611694336 -17.156064987182617 -19.712982177734375
v -22.20602035522461 -16.286706924438477 -20.3436279296875
v -16.03250503540039 -16.026020050048828 -19.655914306640625
v -17.075204849243164 -16.793262481689453 -18.560562133789062
v -16.61789321899414 -16.624248504638672 -19.173355102539062
v -22.36781120300293 -15.606403350830078 -20.236434936523438
v -15.720331192016602 -15.390944480895996 -19.682159423828125
v -22.468292236328125 -14.866983413696289 -20.15228271484375
v -15.612995147705078 -14.777242660522461 -19.382553100585938
v -15.240013122558594 -14.514589309692383 -20.196990966796875
v -15.00554084777832 -14.273893356323242 -20.88592529296875
v -22.521995544433594 -14.070737838745117 -20.081863403320312
v -14.991974830627441 -13.813304901123047 -20.868682861328125
v -15.341913223266602 -14.12506103515625 -19.700851440429688
v -15.118253707885742 -14.079523086547852 -20.329360961914062
v -22.51168441772461 -13.21566104888916 -20.055313110351562
v -15.064477920532227 -13.461196899414062 -20.78369140625
v -15.460168838500977 -13.087177276611328 -19.89593505859375
v -15.238404273986816 -13.284481048583984 -20.362167358398438
v -15.396523475646973 -13.588452339172363 -19.58343505859375
v -15.158629417419434 -13.715028762817383 -20.217819213867188
v -22.425079345703125 -12.3521089553833 -19.9761962890625
v -15.743780136108398 -12.536155700683594 -20.10650634765625
v -22.252727508544922 -11.475479125976562 -19.7088623046875
v -16.12405776977539 -11.90953254699707 -19.876861572265625
v -21.74108123779297 -11.158191680908203 -20.49591064453125
v -21.252609252929688 -10.869240760803223 -21.005096435546875
v -16.78736114501953 -10.840415954589844 -19.8333740234375
v -16.467369079589844 -11.327802658081055 -19.811859130859375
v -21.029329299926758 -10.448419570922852 -20.472335815429688
v -17.25050163269043 -10.589361190795898 -20.6939697265625
v -21.836936950683594 -10.80329418182373 -19.733810424804688
v -21.462238311767578 -10.69948673248291 -20.288467407226562
v -20.800029754638672 -10.134267807006836 -19.924545288085938
v -17.56340217590332 -10.287141799926758 -20.4327392578125
v -20.15656280517578 -9.87347412109375 -19.667434692382812
v -19.271671295166016 -9.823667526245117 -19.846954345703125
v -18.51249885559082 -9.892678260803223 -19.947662353515625
v -17.946125030517578 -10.051143646240234 -20.125656127929688
v -21.85028839111328 -10.455286026000977 -19.126205444335938
v -21.3660831451416 -10.335577011108398 -19.642486572265625
v -21.501195907592773 -17.17922592163086 -18.343505859375
v -20.9754581451416 -17.57699203491211 -18.456573486328125
v -20.27243423461914 -17.93079376220703 -18.5919189453125
v -19.41586685180664 -17.969942092895508 -18.428192138671875
v -18.58638572692871 -17.860090255737305 -18.566513061523438
v -17.78314208984375 -17.608869552612305 -18.863449096679688
v -21.924697875976562 -16.819345474243164 -19.307937622070312
v -17.529178619384766 -17.099666595458984 -18.336563110351562
v -22.189294815063477 -16.220474243164062 -19.159469604492188
v -17.33816909790039 -16.65693473815918 -17.939300537109375
v -16.867183685302734 -16.351831436157227 -18.32366943359375
v -16.424869537353516 -16.052949905395508 -18.817901611328125
v -22.392309188842773 -15.536332130432129 -19.0887451171875
v -16.08551788330078 -15.43731689453125 -18.842239379882812
v -22.561561584472656 -14.798271179199219 -19.029388427734375
v -15.960931777954102 -14.799833297729492 -18.457107543945312
v -22.727811813354492 -13.942205429077148 -18.934249877929688
v -15.694486618041992 -14.110493659973145 -18.742294311523438
v -23.14956283569336 -13.888084411621094 -17.513580322265625
v -22.92406463623047 -14.15056037902832 -17.943649291992188
v -22.75802993774414 -12.972295761108398 -19.167098999023438
v -15.681767463684082 -13.249421119689941 -18.882980346679688
v -23.257673263549805 -13.26962661743164 -17.745895385742188
v -23.00035858154297 -13.499212265014648 -18.327865600585938
v -22.724485397338867 -12.126720428466797 -19.07623291015625
v -15.889573097229004 -12.517714500427246 -18.667755126953125
v -23.340808868408203 -12.625324249267578 -17.699203491210938
v -23.049842834472656 -12.73390007019043 -18.417892456054688
v -22.67017364501953 -11.381637573242188 -18.753890991210938
v -16.114770889282227 -11.792814254760742 -18.38165283203125
v -16.709196090698242 -10.692310333251953 -19.035263061523438
v -16.42673110961914 -11.103784561157227 -18.741302490234375
v -23.405349731445312 -12.085187911987305 -17.476806640625
v -23.083709716796875 -11.945557594299316 -18.206253051757812
v -22.24888801574707 -10.84536361694336 -19.01763916015625
v -17.07503890991211 -10.473132133483887 -19.714889526367188
v -16.895282745361328 -10.404157638549805 -18.748321533203125
v -16.509510040283203 -10.747432708740234 -18.087387084960938
v -22.140275955200195 -10.359870910644531 -18.439407348632812
v -17.38084602355957 -10.176801681518555 -19.408111572265625
v -21.5690975189209 -10.066628456115723 -18.681640625
v -20.891929626464844 -9.909284591674805 -19.112167358398438
v -20.304452896118164 -9.576082229614258 -18.546371459960938
v -19.44180679321289 -9.536516189575195 -18.658523559570312
v -18.596576690673828 -9.657133102416992 -18.805389404296875
v -17.77993392944336 -9.892940521240234 -18.816909790039062
v -17.147981643676758 -10.133541107177734 -18.421707153320312
v -16.724468231201172 -10.363340377807617 -17.717742919921875
v -20.40463638305664 -9.351551055908203 -17.751235961914062
v -19.79926872253418 -9.310007095336914 -17.825088500976562
v -21.483814239501953 -17.022693634033203 -17.521896362304688
v -20.977092742919922 -17.294157028198242 -17.37640380859375
v -20.340288162231445 -17.55770492553711 -17.60833740234375
v -19.729434967041016 -17.69394874572754 -17.804718017578125
v -18.95338249206543 -17.507112503051758 -17.684249877929688
v -18.153881072998047 -17.365598678588867 -18.049392700195312
v -21.85860824584961 -16.72201156616211 -18.194046020507812
v -17.82659339904785 -16.914344787597656 -17.653579711914062
v -21.68292999267578 -16.681062698364258 -17.17193603515625
v -21.221900939941406 -16.988718032836914 -16.767120361328125
v -18.85257911682129 -17.055152893066406 -16.883697509765625
v -18.359779357910156 -17.104684829711914 -17.396469116210938
v -22.122692108154297 -16.125988006591797 -17.865066528320312
v -17.60903549194336 -16.589832305908203 -17.44659423828125
v -17.25827407836914 -16.14896011352539 -17.368621826171875
v -16.612720489501953 -15.795719146728516 -18.091354370117188
v -21.830881118774414 -16.304981231689453 -16.704177856445312
v -21.37688446044922 -16.63607406616211 -16.246490478515625
v -18.782329559326172 -16.719770431518555 -16.301498413085938
v -18.10208511352539 -16.611087799072266 -16.876296997070312
v -22.42475700378418 -15.43027114868164 -18.101882934570312
v -16.36223793029785 -15.190542221069336 -17.850799560546875
v -17.15909194946289 -15.58523178100586 -16.644439697265625
v -16.79495620727539 -15.55997085571289 -17.357025146484375
v -22.661758422851562 -14.833641052246094 -17.750778198242188
v -16.158342361450195 -14.468002319335938 -17.556076049804688
v -23.234451293945312 -14.147663116455078 -16.647567749023438
v -22.95655059814453 -14.502584457397461 -17.043609619140625
v -17.086946487426758 -15.214168548583984 -16.144790649414062
v -16.682947158813477 -15.0496244430542 -16.851959228515625
v -23.35327911376953 -13.655984878540039 -17.127685546875
v -15.89953899383545 -13.76692008972168 -17.870254516601562
v -23.48101043701172 -13.176369667053223 -17.07977294921875
v -15.917277336120605 -13.15416145324707 -17.613143920898438
v -23.58161163330078 -12.572395324707031 -16.929473876953125
v -15.96519947052002 -12.477075576782227 -17.352447509765625
v -23.58783531188965 -11.849117279052734 -16.699752807617188
v -16.01364517211914 -11.944341659545898 -17.049713134765625
v -23.26123809814453 -11.510622024536133 -17.561416625976562
v -22.959745407104492 -11.286746978759766 -18.112640380859375
v -22.633956909179688 -10.764324188232422 -18.180694580078125
v -16.17648696899414 -11.311065673828125 -17.319564819335938
v -23.31325912475586 -11.07776165008545 -16.920547485351562
v -23.025238037109375 -10.975992202758789 -17.635574340820312
v -22.419654846191406 -10.32106876373291 -17.877197265625
v -16.350269317626953 -10.736072540283203 -16.948471069335938
v -21.996641159057617 -9.888482093811035 -17.579879760742188
v -21.055423736572266 -9.608877182006836 -18.024368286132812
v -18.70977783203125 -9.398519515991211 -17.842025756835938
v -17.901288986206055 -9.580326080322266 -17.459716796875
v -17.100322723388672 -9.987711906433105 -17.30133056640625
v -16.57232093811035 -10.341525077819824 -16.742172241210938
v -23.308765411376953 -10.642898559570312 -16.313629150390625
v -22.81125831604004 -10.405838012695312 -17.172775268554688
v -20.741294860839844 -9.264957427978516 -17.237625122070312
v -19.221569061279297 -9.293532371520996 -17.76214599609375
v -20.060707092285156 -9.098899841308594 -16.91314697265625
v -19.31866455078125 -9.132110595703125 -17.045211791992188
v -21.943437576293945 -9.460639953613281 -16.648330688476562
v -21.359848022460938 -9.366846084594727 -17.01416015625
v -18.833328247070312 -9.211874008178711 -17.203598022460938
v -18.302227020263672 -9.282207489013672 -16.899261474609375
v -20.348094940185547 -17.276107788085938 -16.768112182617188
v -19.640731811523438 -17.33384132385254 -16.996994018554688
v -20.776630401611328 -17.13404655456543 -16.556549072265625
v -19.34976577758789 -16.9517879486084 -16.28875732421875
v -20.367919921875 -17.016815185546875 -16.106338500976562
v -19.906436920166016 -17.0961856842041 -16.315994262695312
v -20.86712074279785 -16.882633209228516 -16.062164306640625
v -19.142961502075195 -16.62498664855957 -15.819015502929688
v -21.59252166748047 -16.16299057006836 -15.6280517578125
v -20.91128921508789 -16.53083610534668 -15.456085205078125
v -18.529356002807617 -16.28915023803711 -15.815582275390625
v -17.748950958251953 -15.992426872253418 -16.3238525390625
v -20.43408203125 -16.744840621948242 -15.589599609375
v -19.80831527709961 -16.75788116455078 -15.69549560546875
v -22.227584838867188 -15.699481964111328 -16.805419921875
v -17.499900817871094 -15.508472442626953 -15.854644775390625
v -22.617685317993164 -15.131807327270508 -16.3348388671875
v -17.308521270751953 -15.096748352050781 -15.472564697265625
v -23.288738250732422 -14.26657485961914 -15.6463623046875
v -22.971607208251953 -14.704632759094238 -15.93780517578125
v -16.878843307495117 -14.792299270629883 -15.928192138671875
v -16.48485565185547 -14.484655380249023 -16.542587280273438
v -23.471391677856445 -13.716554641723633 -16.405792236328125
v -16.19253158569336 -13.830828666687012 -16.7205810546875
v -23.654592514038086 -13.169574737548828 -16.236038208007812
v -16.07670783996582 -13.053584098815918 -16.3897705078125
v -23.771499633789062 -12.55030632019043 -16.032791137695312
v -16.010963439941406 -12.380134582519531 -16.195297241210938
v -23.820436477661133 -12.00143051147461 -15.744247436523438
v -16.018152236938477 -11.764931678771973 -16.127700805664062
v -23.65870475769043 -11.271417617797852 -15.837554931640625
v -16.112327575683594 -11.165833473205566 -16.0064697265625
v -23.5008602142334 -10.535919189453125 -15.3717041015625
v -16.291309356689453 -10.619937896728516 -15.857162475585938
v -23.055744171142578 -10.103618621826172 -16.035079956054688
v -22.490156173706055 -9.758245468139648 -16.514663696289062
v -17.194175720214844 -9.687399864196777 -15.954513549804688
v -16.63064956665039 -10.149229049682617 -15.885848999023438
v -22.198427200317383 -9.310663223266602 -15.86822509765625
v -17.774295806884766 -9.38866138458252 -16.374740600585938
v -21.55653190612793 -9.119963645935059 -16.092453002929688
v -20.758760452270508 -8.998310089111328 -16.282730102539062
v -20.002281188964844 -8.841419219970703 -15.888671875
v -19.355796813964844 -8.929193496704102 -16.043701171875
v -18.64386749267578 -9.083890914916992 -16.242752075195312
v -18.044530868530273 -9.212517738342285 -16.043014526367188
v -21.564924240112305 -15.883183479309082 -14.469223022460938
v -20.934736251831055 -16.166282653808594 -14.627838134765625
v -20.163654327392578 -16.371273040771484 -14.909820556640625
v -19.287372589111328 -16.326736450195312 -15.19378662109375
v -18.683683395385742 -15.906310081481934 -14.921875
v -18.054330825805664 -15.771638870239258 -15.457077026367188
v -22.134912490844727 -15.642309188842773 -15.399093627929688
v -17.746997833251953 -15.350055694580078 -15.126724243164062
v -18.656099319458008 -15.535079956054688 -14.195785522460938
v -18.207883834838867 -15.539097785949707 -14.785690307617188
v -22.56995391845703 -15.201854705810547 -15.093917846679688
v -17.53968048095703 -15.047395706176758 -14.937973022460938
v -23.287355422973633 -14.307392120361328 -14.521026611328125
v -22.94621467590332 -14.777231216430664 -14.789810180664062
v -17.20195960998535 -14.614224433898926 -14.877395629882812
v -16.6262264251709 -14.232385635375977 -15.7318115234375
v -18.571985244750977 -15.218151092529297 -13.601303100585938
v -17.962848663330078 -15.088951110839844 -14.301071166992188
v -23.56167984008789 -13.75885009765625 -15.426101684570312
v -16.381729125976562 -13.585543632507324 -15.51361083984375
v -17.064010620117188 -14.049601554870605 -14.08660888671875
v -16.754281997680664 -14.00653076171875 -14.898452758789062
v -23.774063110351562 -13.172554969787598 -15.232925415039062
v -16.204225540161133 -12.833415985107422 -15.118789672851562
v -16.944324493408203 -13.636600494384766 -13.544464111328125
v -16.60688018798828 -13.466906547546387 -14.353561401367188
v -23.903488159179688 -12.539434432983398 -15.03173828125
v -16.044414520263672 -12.171030044555664 -15.310287475585938
v -23.917055130004883 -11.853921890258789 -14.85870361328125
v -16.044580459594727 -11.630797386169434 -15.0445556640625
v -23.826290130615234 -11.120950698852539 -14.606552124023438
v -16.11357879638672 -11.015140533447266 -14.871139526367188
v -23.643577575683594 -10.363828659057617 -14.152755737304688
v -16.300439834594727 -10.463630676269531 -14.781951904296875
v -23.238718032836914 -9.921526908874512 -15.02838134765625
v -22.75857925415039 -9.584975242614746 -15.56915283203125
v -17.03643798828125 -9.612405776977539 -14.500732421875
v -16.630399703979492 -9.994673728942871 -14.713592529296875
v -22.456157684326172 -9.20611572265625 -15.103683471679688
v -17.564523696899414 -9.352457046508789 -15.385665893554688
v -21.83384895324707 -8.90965461730957 -15.077972412109375
v -21.140026092529297 -8.811962127685547 -15.444564819335938
v -20.38343048095703 -8.618378639221191 -15.092315673828125
v -19.44904327392578 -8.657705307006836 -14.8760986328125
v -18.687175750732422 -8.892035484313965 -15.02227783203125
v -18.0521240234375 -9.115862846374512 -15.1605224609375
v -23.316669464111328 -9.741556167602539 -14.166030883789062
v -22.91162109375 -9.420478820800781 -14.65667724609375
v -20.400978088378906 -8.28390121459961 -14.128952026367188
v -19.81737518310547 -8.360755920410156 -14.217071533203125
v -20.348894119262695 -8.063054084777832 -13.481597900390625
v -19.958282470703125 -8.117496490478516 -13.584823608398438
v -21.54320526123047 -15.688932418823242 -13.510208129882812
v -20.98904800415039 -15.876317024230957 -13.697586059570312
v -20.304203033447266 -15.976524353027344 -13.925628662109375
v -19.43118667602539 -15.911853790283203 -14.235153198242188
v -22.069894790649414 -15.544378280639648 -14.24163818359375
v -19.13801383972168 -15.477609634399414 -13.463592529296875
v -22.480106353759766 -15.182733535766602 -13.949050903320312
v -18.890869140625 -15.102243423461914 -12.899017333984375
v -23.211002349853516 -14.286351203918457 -13.294754028320312
v -22.838104248046875 -14.772808074951172 -13.594741821289062
v -18.263017654418945 -14.82534408569336 -13.2391357421875
v -17.61913299560547 -14.493406295776367 -13.729095458984375
v -23.592805862426758 -13.765275955200195 -14.304428100585938
v -17.36454963684082 -13.9695405960083 -13.17901611328125
v -23.829782485961914 -13.15310001373291 -14.119873046875
v -17.094623565673828 -13.434446334838867 -12.769699096679688
v -16.68696403503418 -13.159263610839844 -13.402175903320312
v -16.391254425048828 -12.867486953735352 -14.045486450195312
v -23.965560913085938 -12.482011795043945 -13.939971923828125
v -16.1768798828125 -12.220632553100586 -14.221115112304688
v -23.994266510009766 -11.771583557128906 -13.732070922851562
v -16.1196346282959 -11.473453521728516 -13.923568725585938
v -23.932302474975586 -11.07078742980957 -13.444900512695312
v -16.164588928222656 -10.842716217041016 -13.79974365234375
v -23.829959869384766 -10.517656326293945 -13.071212768554688
v -16.329944610595703 -10.33536148071289 -13.724136352539062
v -16.999923706054688 -9.618830680847168 -13.265457153320312
v -16.618751525878906 -9.937024116516113 -13.544998168945312
v -23.533618927001953 -9.85831069946289 -13.135986328125
v -17.488134384155273 -9.310997009277344 -14.19158935546875
v -23.052608489990234 -9.315013885498047 -13.69537353515625
v -22.44021987915039 -8.954358100891113 -14.185943603515625
v -21.80386734008789 -8.616828918457031 -14.133682250976562
v -21.120620727539062 -8.510994911193848 -14.47601318359375
v -18.682266235351562 -8.693170547485352 -13.661270141601562
v -18.033336639404297 -9.032535552978516 -13.928146362304688
v -20.821189880371094 -8.16556167602539 -13.61328125
v -19.276119232177734 -8.428943634033203 -13.876953125
v -20.552396774291992 -7.938802242279053 -12.894744873046875
v -19.497526168823242 -8.202611923217773 -13.419036865234375
v -20.068323135375977 -7.93989896774292 -12.92022705078125
v -19.694805145263672 -8.02060317993164 -12.9998779296875
v -21.508228302001953 -15.53661823272705 -12.814483642578125
v -21.04896354675293 -15.645730972290039 -12.899246215820312
v -20.465362548828125 -15.712844848632812 -13.088455200195312
v -19.814228057861328 -15.671443939208984 -13.304519653320312
v -21.963191986083984 -15.437841415405273 -13.257293701171875
v -19.50762176513672 -15.340364456176758 -12.728195190429688
v -21.735525131225586 -15.323638916015625 -12.428207397460938
v -21.163738250732422 -15.414595603942871 -12.253875732421875
v -20.559024810791016 -15.463245391845703 -12.37579345703125
v -20.052814483642578 -15.493810653686523 -12.65350341796875
v -22.29131507873535 -15.122783660888672 -12.873458862304688
v -19.260395050048828 -15.018820762634277 -12.25677490234375
v -23.126052856445312 -14.189493179321289 -12.034072875976562
v -22.572649002075195 -14.713716506958008 -12.222518920898438
v -18.660890579223633 -14.647150039672852 -12.237701416015625
v -17.940616607666016 -14.318286895751953 -12.735671997070312
v -21.978771209716797 -15.062189102172852 -12.00225830078125
v -21.388721466064453 -15.147066116333008 -11.66412353515625
v -20.678388595581055 -15.182626724243164 -11.667709350585938
v -19.927453994750977 -15.176105499267578 -12.00714111328125
v -23.570335388183594 -13.726890563964844 -13.105545043945312
v -17.612815856933594 -13.768982887268066 -12.258071899414062
v -23.82856559753418 -13.103842735290527 -12.9412841796875
v -17.279422760009766 -13.09608268737793 -11.761550903320312
v -16.78737449645996 -12.856256484985352 -12.562332153320312
v -16.445886611938477 -12.577342987060547 -13.270797729492188
v -23.975122451782227 -12.422931671142578 -12.773361206054688
v -16.295028686523438 -11.943912506103516 -13.079071044921875
v -16.82616424560547 -12.435066223144531 -11.818695068359375
v -16.53851318359375 -12.334394454956055 -12.51373291015625
v -24.019432067871094 -11.72027587890625 -12.581634521484375
v -16.245698928833008 -11.233806610107422 -12.774124145507812
v -16.81715202331543 -11.989116668701172 -11.273574829101562
v -16.501176834106445 -11.807548522949219 -12.033462524414062
v -23.975133895874023 -11.04433536529541 -12.345046997070312
v -16.238616943359375 -10.666537284851074 -12.981643676757812
v -23.83171272277832 -10.37595272064209 -12.137603759765625
v -16.391218185424805 -10.301315307617188 -12.762069702148438
v -17.01614761352539 -9.7456693649292 -12.097091674804688
v -16.65703010559082 -9.982288360595703 -12.502822875976562
v -23.590744018554688 -9.69439697265625 -11.888504028320312
v -17.461227416992188 -9.346162796020508 -12.891693115234375
v -23.180091857910156 -9.207380294799805 -12.638778686523438
v -22.72648811340332 -8.89188003540039 -13.214340209960938
v -22.125267028808594 -8.507323265075684 -13.209457397460938
v -21.43633270263672 -8.309078216552734 -13.551712036132812
v -18.46582794189453 -8.650493621826172 -12.1832275390625
v -17.986440658569336 -9.0245361328125 -12.53631591796875
v -21.10038948059082 -8.023273468017578 -12.8729248046875
v -19.001937866210938 -8.365619659423828 -12.9608154296875
v -22.037220001220703 -8.177364349365234 -12.180938720703125
v -21.623111724853516 -8.157587051391602 -12.78564453125
v -20.798946380615234 -7.829570770263672 -12.208633422851562
v -19.322097778320312 -8.101272583007812 -12.5421142578125
v -20.234607696533203 -7.7848076820373535 -11.985855102539062
v -19.701576232910156 -7.906675338745117 -12.249298095703125
v -21.894084930419922 -7.912886142730713 -11.404495239257812
v -21.385692596435547 -7.892131805419922 -11.945877075195312
v -23.09343719482422 -14.042699813842773 -10.852279663085938
v -22.54092788696289 -14.456439018249512 -10.908660888671875
v -21.793472290039062 -14.806532859802246 -11.027908325195312
v -20.910978317260742 -14.887690544128418 -10.88470458984375
v -20.107913970947266 -14.844095230102539 -11.095199584960938
v -19.35999298095703 -14.74614143371582 -11.543502807617188
v -18.793010711669922 -14.306009292602539 -11.26983642578125
v -18.197059631347656 -14.104164123535156 -11.8121337890625
v -23.522626876831055 -13.64905834197998 -11.897430419921875
v -17.884504318237305 -13.581132888793945 -11.337127685546875
v -18.779325485229492 -13.960027694702148 -10.484390258789062
v -18.367063522338867 -13.904500007629395 -11.064682006835938
v -23.783445358276367 -13.034725189208984 -11.733551025390625
v -17.685710906982422 -13.021553039550781 -10.730133056640625
v -18.700563430786133 -13.652193069458008 -9.882125854492188
v -18.250703811645508 -13.495588302612305 -10.4296875
v -23.939836502075195 -12.354076385498047 -11.610488891601562
v -17.191482543945312 -12.461673736572266 -10.9796142578125
v -23.997020721435547 -11.672937393188477 -11.46820068359375
v -17.068363189697266 -11.751222610473633 -10.494384765625
v -16.644119262695312 -11.47111701965332 -11.261444091796875
v -16.406452178955078 -11.242925643920898 -11.861419677734375
v -23.959863662719727 -10.991514205932617 -11.240921020507812
v -16.357242584228516 -10.749017715454102 -12.11273193359375
v -16.78048324584961 -11.059724807739258 -10.811920166015625
v -16.510379791259766 -11.011611938476562 -11.42578125
v -23.84476661682129 -10.27787971496582 -11.004257202148438
v -16.492450714111328 -10.332870483398438 -12.016525268554688
v -17.042827606201172 -10.011148452758789 -11.141815185546875
v -16.735994338989258 -10.169065475463867 -11.600875854492188
v -16.90107536315918 -10.505962371826172 -10.763092041015625
v -16.583621978759766 -10.614812850952148 -11.394500732421875
v -23.64925193786621 -9.555315971374512 -10.72479248046875
v -17.457653045654297 -9.544801712036133 -11.381378173828125
v -23.274158477783203 -9.044801712036133 -11.528472900390625
v -22.69749641418457 -8.61055850982666 -12.200927734375
v -18.403684616088867 -8.637630462646484 -10.856857299804688
v -17.973697662353516 -9.061980247497559 -11.11480712890625
v -22.41053581237793 -8.148527145385742 -11.350631713867188
v -18.86286735534668 -8.305120468139648 -11.812057495117188
v -22.096120834350586 -7.820999622344971 -10.592803955078125
v -19.26349449157715 -8.017051696777344 -11.50787353515625
v -21.468830108642578 -7.690727710723877 -10.785675048828125
v -20.74831771850586 -7.670152187347412 -11.139755249023438
v -20.134342193603516 -7.66836404800415 -10.937652587890625
v -19.70844268798828 -7.800662517547607 -11.236495971679688
v -23.111068725585938 -13.90681266784668 -9.982757568359375
v -22.597312927246094 -14.218891143798828 -9.658889770507812
v -21.9057559967041 -14.500247955322266 -9.817962646484375
v -21.148168563842773 -14.608562469482422 -9.946975708007812
v -20.335208892822266 -14.558422088623047 -10.130615234375
v -19.47106170654297 -14.379919052124023 -10.523452758789062
v -23.46002960205078 -13.562798500061035 -10.747299194335938
v -19.180572509765625 -13.937878608703613 -9.746932983398438
v -23.331510543823242 -13.55694580078125 -9.6728515625
v -22.931623458862305 -13.92507553100586 -9.098281860351562
v -23.693334579467773 -12.94410228729248 -10.427398681640625
v -18.93113899230957 -13.548088073730469 -9.192123413085938
v -18.436538696289062 -13.261043548583984 -9.543838500976562
v -18.004596710205078 -12.997734069824219 -9.971923828125
v -23.469566345214844 -13.171375274658203 -9.2431640625
v -23.15024185180664 -13.586151123046875 -8.665924072265625
v -23.89422607421875 -12.241220474243164 -10.646209716796875
v -17.601144790649414 -12.420452117919922 -9.970779418945312
v -23.92990493774414 -11.677169799804688 -10.325775146484375
v -17.43670654296875 -11.77966594696045 -9.584579467773438
v -23.934959411621094 -10.954570770263672 -10.076370239257812
v -17.196523666381836 -11.080479621887207 -9.862518310546875
v -23.871957778930664 -10.197257995605469 -9.8272705078125
v -17.297863006591797 -10.22481918334961 -10.068283081054688
v -23.718666076660156 -9.379423141479492 -9.4586181640625
v -17.65406036376953 -9.594095230102539 -9.947128295898438
v -23.374998092651367 -8.878278732299805 -10.4571533203125
v -22.94611930847168 -8.49057388305664 -11.07147216796875
v -18.39737892150879 -8.639144897460938 -9.557418823242188
v -18.020462036132812 -9.085739135742188 -9.762420654296875
v -22.6527099609375 -8.07131576538086 -10.447463989257812
v -18.81575584411621 -8.265185356140137 -10.600433349609375
v -23.368144989013672 -8.598363876342773 -9.499130249023438
v -23.07748794555664 -8.379769325256348 -10.223388671875
v -22.336328506469727 -7.774698734283447 -9.779434204101562
v -19.25295639038086 -7.9550981521606445 -10.359268188476562
v -21.686660766601562 -7.559645175933838 -9.568710327148438
v -20.940410614013672 -7.523977756500244 -9.859771728515625
v -20.286046981811523 -7.579755783081055 -10.007400512695312
v -19.731307983398438 -7.721269130706787 -10.139007568359375
v -23.274267196655273 -8.27370834350586 -8.729095458984375
v -22.868942260742188 -8.03779411315918 -9.418182373046875
v -21.94100570678711 -14.266180992126465 -8.544921875
v -21.344303131103516 -14.403522491455078 -9.01275634765625
v -20.586681365966797 -14.301252365112305 -8.99383544921875
v -19.825435638427734 -14.186393737792969 -9.4854736328125
v -22.517669677734375 -14.118206024169922 -8.610000610351562
v -19.462919235229492 -13.821172714233398 -8.922119140625
v -20.377243041992188 -13.991605758666992 -7.9601287841796875
v -19.986772537231445 -14.014137268066406 -8.659744262695312
v -22.757614135742188 -13.895678520202637 -8.172225952148438
v -19.197750091552734 -13.480401039123535 -8.470993041992188
v -23.318052291870117 -13.117027282714844 -8.143539428710938
v -22.964143753051758 -13.610374450683594 -7.83355712890625
v -18.693851470947266 -13.075542449951172 -8.5638427734375
v -18.12557029724121 -12.738633155822754 -9.21112060546875
v -20.176637649536133 -13.743376731872559 -7.2653961181640625
v -19.73414421081543 -13.684070587158203 -7.9837799072265625
v -23.713970184326172 -12.48124885559082 -9.405364990234375
v -17.82463836669922 -12.145805358886719 -8.956527709960938
v -23.85735511779785 -11.685371398925781 -9.097824096679688
v -17.60367202758789 -11.499619483947754 -8.781585693359375
v -23.933578491210938 -10.922563552856445 -8.887405395507812
v -17.49119758605957 -10.804009437561035 -8.809738159179688
v -23.940980911254883 -10.172486305236816 -8.662338256835938
v -17.56536865234375 -10.160219192504883 -8.802261352539062
v -23.904705047607422 -9.568452835083008 -8.348770141601562
v -17.77831268310547 -9.610772132873535 -8.642425537109375
v -18.39796257019043 -8.653807640075684 -8.257904052734375
v -18.057907104492188 -9.1094970703125 -8.453216552734375
v -23.667680740356445 -8.847355842590332 -8.406219482421875
v -18.80655288696289 -8.247208595275879 -9.347686767578125
v -23.38128089904785 -8.226203918457031 -7.7884674072265625
v -19.26648712158203 -7.918858528137207 -9.14703369140625
v -22.889137268066406 -7.85977840423584 -8.23760986328125
v -22.23668098449707 -7.600235939025879 -8.654861450195312
v -21.569835662841797 -7.411098480224609 -8.40484619140625
v -21.028316497802734 -7.4172139167785645 -8.654937744140625
v -20.388639450073242 -7.49887228012085 -8.8275146484375
v -19.79181671142578 -7.66676664352417 -8.975601196289062
v -21.74602699279785 -14.107704162597656 -7.2994232177734375
v -21.13164710998535 -14.170944213867188 -7.9102325439453125
v -22.293067932128906 -14.066147804260254 -7.744140625
v -20.687843322753906 -13.911474227905273 -7.0452880859375
v -22.600496292114258 -13.815105438232422 -7.289581298828125
v -20.333934783935547 -13.624906539916992 -6.4443206787109375
v -23.244213104248047 -12.919449806213379 -6.9385528564453125
v -22.910572052001953 -13.44505500793457 -7.0655059814453125
v -19.775463104248047 -13.419890403747559 -6.9585418701171875
v -19.226242065429688 -13.225948333740234 -7.6773834228515625
v -18.744075775146484 -12.735772132873535 -7.542724609375
v -18.281375885009766 -12.489212036132812 -8.28765869140625
v -23.615015029907227 -12.376653671264648 -8.026504516601562
v -18.00295066833496 -11.928439140319824 -7.991180419921875
v -18.679119110107422 -12.397956848144531 -6.703338623046875
v -18.37562370300293 -12.286746978759766 -7.478485107421875
v -23.829936981201172 -11.63674545288086 -7.8623199462890625
v -17.802501678466797 -11.271678924560547 -7.6291656494140625
v -18.551326751708984 -12.104368209838867 -6.0607147216796875
v -18.228424072265625 -11.870563507080078 -6.8779754638671875
v -23.977779388427734 -10.884439468383789 -7.70965576171875
v -17.644012451171875 -10.634207725524902 -7.882232666015625
v -24.042606353759766 -10.135579109191895 -7.5547027587890625
v -17.70197105407715 -10.164749145507812 -7.5997161865234375
v -23.979341506958008 -9.393978118896484 -7.4335479736328125
v -17.840312957763672 -9.636211395263672 -7.3641204833984375
v -18.388080596923828 -8.676481246948242 -6.9503021240234375
v -18.069124221801758 -9.136962890625 -7.1511077880859375
v -23.780323028564453 -8.70252799987793 -7.1904754638671875
v -18.804645538330078 -8.248842239379883 -8.065643310546875
v -23.466432571411133 -8.140193939208984 -6.6783905029296875
v -19.28386688232422 -7.905399799346924 -7.8891754150390625
v -22.971271514892578 -7.777464389801025 -7.10052490234375
v -22.37834930419922 -7.521522045135498 -7.3810577392578125
v -21.72321128845215 -7.375526428222656 -7.4726104736328125
v -21.076034545898438 -7.352614402770996 -7.5054168701171875
v -20.446109771728516 -7.447850704193115 -7.6131439208984375
v -19.83588981628418 -7.635200023651123 -7.739105224609375
v -21.69853401184082 -13.972770690917969 -6.3332366943359375
v -21.24776840209961 -14.002788543701172 -6.7238616943359375
v -22.143341064453125 -13.950562477111816 -6.783599853515625
v -20.87496566772461 -13.794112205505371 -6.1188507080078125
v -22.46354866027832 -13.689041137695312 -6.3808441162109375
v -20.54886817932129 -13.515138626098633 -5.508270263671875
v -23.149322509765625 -12.805652618408203 -5.73760986328125
v -22.77462387084961 -13.306438446044922 -6.0218048095703125
v -19.945323944091797 -13.257980346679688 -5.884552001953125
v -19.261920928955078 -12.91191577911377 -6.5340423583984375
v -23.569238662719727 -12.281441688537598 -6.7859649658203125
v -18.961261749267578 -12.461090087890625 -5.72784423828125
v -23.85824966430664 -11.582469940185547 -6.647796630859375
v -18.65333366394043 -12.063193321228027 -5.1853179931640625
v -18.28361701965332 -11.716890335083008 -5.824127197265625
v -18.00665855407715 -11.379289627075195 -6.505584716796875
v -24.081825256347656 -10.821533203125 -6.51611328125
v -17.799591064453125 -10.796594619750977 -6.679229736328125
v -24.17616844177246 -9.99962043762207 -6.422576904296875
v -17.770254135131836 -10.187745094299316 -6.3355255126953125
v -24.09018325805664 -9.214138984680176 -6.3556671142578125
v -17.858123779296875 -9.655797958374023 -6.074676513671875
v -18.368589401245117 -8.697402954101562 -5.6383514404296875
v -18.058883666992188 -9.158992767333984 -5.8457183837890625
v -23.865676879882812 -8.574819564819336 -6.0986328125
v -18.796110153198242 -8.263206481933594 -6.76422119140625
v -23.53200912475586 -8.074045181274414 -5.5490875244140625
v -19.289255142211914 -7.908904552459717 -6.6034698486328125
v -23.035573959350586 -7.722735404968262 -5.9449005126953125
v -22.453380584716797 -7.472944259643555 -6.1956787109375
v -21.807205200195312 -7.3403239250183105 -6.3155364990234375
v -21.137451171875 -7.326912879943848 -6.3553619384765625
v -20.480323791503906 -7.426869869232178 -6.3965606689453125
v -19.85720443725586 -7.625985145568848 -6.47918701171875
v -21.670854568481445 -13.86406421661377 -5.6829833984375
v -21.342981338500977 -13.877641677856445 -5.8685302734375
v -22.015644073486328 -13.828182220458984 -5.930023193359375
v -21.07929039001465 -13.68403434753418 -5.326385498046875
v -21.803115844726562 -13.710535049438477 -5.240936279296875
v -21.464324951171875 -13.766468048095703 -5.3038787841796875
v -22.266483306884766 -13.5725736618042 -5.46356201171875
v -20.819854736328125 -13.45008659362793 -4.7553253173828125
v -23.09463119506836 -12.716711044311523 -4.48486328125
v -22.510862350463867 -13.204038619995117 -4.76165771484375
v -20.218599319458008 -13.162016868591309 -4.683074951171875
v -19.529067993164062 -12.83761215209961 -5.25543212890625
v -21.953845977783203 -13.493585586547852 -4.7208404541015625
v -21.391986846923828 -13.544559478759766 -4.6479034423828125
v -23.566890716552734 -12.21456527709961 -5.5562591552734375
v -19.12097930908203 -12.424528121948242 -4.6428680419921875
v -23.954153060913086 -11.537814140319824 -5.3932952880859375
v -18.731380462646484 -12.013185501098633 -4.1097259521484375
v -18.33329200744629 -11.632347106933594 -4.7833251953125
v -18.02825927734375 -11.23497486114502 -5.5800628662109375
v -24.294483184814453 -10.72077751159668 -5.18402099609375
v -17.848539352416992 -10.704803466796875 -5.3438568115234375
v -24.718963623046875 -10.769021987915039 -3.630218505859375
v -24.490154266357422 -10.952102661132812 -4.1416168212890625
v -24.362255096435547 -9.720063209533691 -5.2069091796875
v -17.788528442382812 -10.170960426330566 -5.0510406494140625
v -24.82811164855957 -10.40198802947998 -3.5845947265625
v -24.624574661254883 -10.343873977661133 -4.2772674560546875
v -24.155866622924805 -8.993697166442871 -5.4320526123046875
v -17.853248596191406 -9.656536102294922 -4.7833251953125
v -18.3504695892334 -8.706402778625488 -4.3343353271484375
v -18.04262351989746 -9.165072441101074 -4.5447540283203125
v -23.941553115844727 -8.49761962890625 -5.0079345703125
v -18.780338287353516 -8.280754089355469 -5.4563140869140625
v -23.582542419433594 -8.033931732177734 -4.4214630126953125
v -19.283533096313477 -7.921302318572998 -5.310821533203125
v -23.08429527282715 -7.68887996673584 -4.7757720947265625
v -22.499095916748047 -7.441079616546631 -5.002593994140625
v -21.849966049194336 -7.314932346343994 -5.1125335693359375
v -21.171676635742188 -7.312893867492676 -5.1483917236328125
v -20.499908447265625 -7.423496246337891 -5.1660919189453125
v -19.863080978393555 -7.631242275238037 -5.2133941650390625
v -23.10009002685547 -12.66031265258789 -3.210601806640625
v -22.476505279541016 -13.021326065063477 -3.418426513671875
v -21.73117446899414 -13.277220726013184 -3.7073516845703125
v -20.826494216918945 -13.233577728271484 -3.7778472900390625
v -20.16419219970703 -12.97445297241211 -3.6354827880859375
v -19.665313720703125 -12.755048751831055 -4.1101837158203125
v -23.612451553344727 -12.183904647827148 -4.290313720703125
v -19.211090087890625 -12.373292922973633 -3.5175323486328125
v -24.124479293823242 -11.548018455505371 -4.0349578857421875
v -18.77875328063965 -11.964011192321777 -2.957305908203125
v -24.753963470458984 -10.92219352722168 -2.92388916015625
v -24.493812561035156 -11.24223518371582 -3.3385467529296875
v -18.368947982788086 -11.573147773742676 -3.6440277099609375
v -18.054306030273438 -11.157238006591797 -4.4287109375
v -24.868356704711914 -10.595059394836426 -3.185882568359375
v -17.863845825195312 -10.653495788574219 -4.095916748046875
v -24.91341781616211 -10.204315185546875 -2.93609619140625
v -17.792438507080078 -10.140382766723633 -3.783721923828125
v -24.79228973388672 -10.002410888671875 -3.625640869140625
v -24.598896026611328 -9.72639274597168 -4.2082977294921875
v -24.332284927368164 -9.048234939575195 -4.2102813720703125
v -17.85130500793457 -9.633255004882812 -3.506317138671875
v -18.347442626953125 -8.697807312011719 -3.056488037109375
v -18.03913116455078 -9.147334098815918 -3.265380859375
v -24.845993041992188 -9.77776050567627 -2.9791259765625
v -24.678171157836914 -9.50070571899414 -3.4828948974609375
v -23.962831497192383 -8.412277221679688 -4.00787353515625
v -18.7659854888916 -8.292412757873535 -4.156951904296875
v -23.646724700927734 -8.037269592285156 -3.278656005859375
v -19.275009155273438 -7.933402061462402 -4.023590087890625
v -23.135698318481445 -7.671666145324707 -3.6077117919921875
v -22.54224967956543 -7.411396503448486 -3.8025665283203125
v -21.877050399780273 -7.281649112701416 -3.88275146484375
v -21.18451690673828 -7.290947437286377 -3.9055633544921875
v -20.50397491455078 -7.418489456176758 -3.9134979248046875
v -19.860612869262695 -7.638418674468994 -3.9440155029296875
v -23.107219696044922 -12.649286270141602 -1.942138671875
v -22.491025924682617 -12.942242622375488 -2.1295166015625
v -21.803115844726562 -13.111961364746094 -2.3284149169921875
v -21.05816650390625 -13.116539001464844 -2.52471923828125
v -20.34764289855957 -12.94974136352539 -2.7020263671875
v -19.74448013305664 -12.68761157989502 -3.0144500732421875
v -23.652612686157227 -12.214862823486328 -2.994232177734375
v -19.266773223876953 -12.327265739440918 -2.361297607421875
v -24.129474639892578 -11.756933212280273 -2.6593780517578125
v -18.807458877563477 -11.908388137817383 -1.7665863037109375
v -24.776172637939453 -10.889530181884766 -2.135162353515625
v -24.512744903564453 -11.31601333618164 -2.3447418212890625
v -18.392372131347656 -11.514449119567871 -2.460479736328125
v -18.071603775024414 -11.098516464233398 -3.231658935546875
v -24.90351104736328 -10.569465637207031 -2.578125
v -17.877601623535156 -10.598158836364746 -2.8644561767578125
v -24.94782257080078 -10.221063613891602 -2.1727752685546875
v -17.810321807861328 -10.085535049438477 -2.537994384765625
v -24.890899658203125 -9.780704498291016 -2.0965576171875
v -17.874038696289062 -9.57934856414795 -2.26318359375
v -24.732769012451172 -9.382486343383789 -2.5644683837890625
v -24.513744354248047 -9.07139778137207 -3.0780029296875
v -18.368793487548828 -8.676898956298828 -1.82708740234375
v -18.062829971313477 -9.104835510253906 -2.036285400390625
v -24.142719268798828 -8.54998779296875 -2.90985107421875
v -18.763565063476562 -8.293926239013672 -2.87994384765625
v -23.695362091064453 -8.028411865234375 -2.0522308349609375
v -19.27155303955078 -7.938706874847412 -2.7474212646484375
v -23.195384979248047 -7.658648490905762 -2.4620819091796875
v -22.617387771606445 -7.3746562004089355 -2.6416015625
v -21.922433853149414 -7.212972640991211 -2.633514404296875
v -21.18924903869629 -7.228720188140869 -2.621612548828125
v -20.49615478515625 -7.388937473297119 -2.634735107421875
v -19.85409164428711 -7.634186744689941 -2.668609619140625
v -23.089431762695312 -12.654638290405273 -0.6888580322265625
v -22.492599487304688 -12.918305397033691 -0.87249755859375
v -21.833765029907227 -13.055097579956055 -1.0549163818359375
v -21.140552520751953 -13.051021575927734 -1.269683837890625
v -20.455514907836914 -12.906289100646973 -1.5325927734375
v -19.824970245361328 -12.650548934936523 -1.882476806640625
v -23.64964485168457 -12.257838249206543 -1.7006683349609375
v -19.304407119750977 -12.283361434936523 -1.162567138671875
v -24.136198043823242 -11.754441261291504 -1.310272216796875
v -18.826889038085938 -11.830223083496094 -0.5411529541015625
v -24.787498474121094 -10.769664764404297 -1.445770263671875
v -24.568880081176758 -11.170601844787598 -1.403961181640625
v -18.41248321533203 -11.435294151306152 -1.2749481201171875
v -18.091976165771484 -11.029267311096191 -2.035675048828125
v -24.90190315246582 -10.491621017456055 -1.80267333984375
v -17.911888122558594 -10.52187728881836 -1.6611480712890625
v -24.850643157958984 -10.4384183883667 -0.97259521484375
v -24.675989151000977 -10.835134506225586 -0.6813812255859375
v -24.916017532348633 -10.032855987548828 -1.2403106689453125
v -17.86370277404785 -9.999454498291016 -1.32049560546875
v -24.86812973022461 -10.106742858886719 -0.3522491455078125
v -24.77362060546875 -10.436677932739258 -0.0885009765625
v -24.855005264282227 -9.579170227050781 -1.0623931884765625
v -17.933155059814453 -9.493350982666016 -1.0944366455078125
v -24.729740142822266 -9.271526336669922 -1.518402099609375
v -24.489652633666992 -8.912837982177734 -2.0836639404296875
v -18.414867401123047 -8.66793441772461 -0.655364990234375
v -18.116485595703125 -9.05264663696289 -0.90606689453125
v -24.133277893066406 -8.431159973144531 -1.485595703125
v -18.77899169921875 -8.29155445098877 -1.6329193115234375
v -23.706817626953125 -7.968235015869141 -0.7758331298828125
v -19.275390625 -7.937729358673096 -1.478118896484375
v -23.212265014648438 -7.604515552520752 -1.295013427734375
v -22.75202178955078 -7.359421253204346 -1.7066192626953125
v -22.071802139282227 -7.09155797958374 -1.3991546630859375
v -21.19460105895996 -7.062387466430664 -1.2337493896484375
v -20.4709529876709 -7.302689552307129 -1.3066864013671875
v -19.841337203979492 -7.606744766235352 -1.3751983642578125
v -21.941959381103516 -6.818222999572754 -0.27923583984375
v -21.441661834716797 -6.813621520996094 -0.454864501953125
v -21.810649871826172 -6.599557399749756 0.41290283203125
v -21.484649658203125 -6.594216823577881 0.2295684814453125
v -23.05670928955078 -12.65362548828125 0.542449951171875
v -22.475360870361328 -12.91346549987793 0.3723907470703125
v -21.833919525146484 -13.041770935058594 0.195465087890625
v -21.16447639465332 -13.030338287353516 -0.02288818359375
v -20.50102996826172 -12.884103775024414 -0.30731201171875
v -19.873703002929688 -12.622404098510742 -0.6780242919921875
v -23.598539352416992 -12.289535522460938 -0.4505157470703125
v -19.33252716064453 -12.238883972167969 0.082244873046875
v -23.945045471191406 -11.92685317993164 -0.11199951171875
v -18.84002685546875 -11.701226234436035 0.8162689208984375
v -18.428564071655273 -11.309301376342773 -0.1342010498046875
v -18.126630783081055 -10.937047004699707 -0.895843505859375
v -24.339914321899414 -11.378181457519531 -0.2257537841796875
v -17.985427856445312 -10.434854507446289 -0.50537109375
v -18.39868927001953 -11.046957969665527 0.848388671875
v -18.17518424987793 -10.836458206176758 0.0318145751953125
v -24.586509704589844 -10.83829402923584 0.292205810546875
v -17.97090721130371 -9.871053695678711 -0.068359375
v -24.821449279785156 -10.05002212524414 0.684356689453125
v -24.714994430541992 -10.455656051635742 0.683135986328125
v -18.348657608032227 -10.709964752197266 1.5203094482421875
v -18.132579803466797 -10.431730270385742 0.66131591796875
v -24.84475326538086 -9.654664993286133 -0.02166748046875
v -18.015216827392578 -9.377503395080566 -0.193939208984375
v -24.711502075195312 -9.194350242614746 -0.3720855712890625
v -24.474239349365234 -8.81345272064209 -0.8769989013671875
v -18.477367401123047 -8.708179473876953 0.4697418212890625
v -18.191314697265625 -9.048664093017578 0.1373291015625
v -24.132549285888672 -8.355355262756348 -0.19775390625
v -18.809722900390625 -8.306360244750977 -0.4061126708984375
v -23.73312759399414 -7.89719820022583 0.4688262939453125
v -19.279813766479492 -7.9414963722229 -0.1935577392578125
v -23.234664916992188 -7.522380352020264 -0.0841522216796875
v -22.610139846801758 -7.166707515716553 -0.5677032470703125
v -20.38396644592285 -7.114827632904053 0.11199951171875
v -19.806135177612305 -7.547473907470703 -0.0426483154296875
v -22.240520477294922 -6.793868541717529 0.3923797607421875
v -20.924711227416992 -6.847751140594482 -0.1264190673828125
v -21.905458450317383 -6.508505344390869 1.0912322998046875
v -21.06543731689453 -6.628453731536865 0.3473663330078125
v -21.496200561523438 -6.430709362030029 0.902862548828125
v -21.187091827392578 -6.459593772888184 0.7730865478515625
v -23.034381866455078 -12.635517120361328 1.76483154296875
v -22.452045440673828 -12.909114837646484 1.6150665283203125
v -21.817672729492188 -13.043462753295898 1.44439697265625
v -21.161020278930664 -13.03297233581543 1.22344970703125
v -20.514678955078125 -12.88412857055664 0.928955078125
v -19.902873992919922 -12.613094329833984 0.5511474609375
v -23.550880432128906 -12.287187576293945 0.7283782958984375
v -19.386207580566406 -12.241530418395996 1.3048553466796875
v -23.976398468017578 -11.813365936279297 0.8683013916015625
v -19.046092987060547 -11.863422393798828 1.928558349609375
v -24.33437156677246 -11.260021209716797 1.036529541015625
v -18.672286987304688 -11.265301704406738 1.9707489013671875
v -24.58362579345703 -10.745477676391602 1.23199462890625
v -18.46875 -10.603594779968262 2.3421478271484375
v -24.84149932861328 -9.960758209228516 1.8744659423828125
v -24.741708755493164 -10.329925537109375 1.428070068359375
v -18.22928237915039 -10.22433090209961 1.589508056640625
v -18.08462142944336 -9.935844421386719 0.9403228759765625
v -24.832843780517578 -9.567224502563477 1.3866424560546875
v -18.094884872436523 -9.480321884155273 0.7553863525390625
v -24.709033966064453 -9.147477149963379 0.8609771728515625
v -24.47037696838379 -8.74326229095459 0.3603363037109375
v -18.539451599121094 -8.852910995483398 1.557464599609375
v -18.2797908782959 -9.103989601135254 1.1013031005859375
v -24.154949188232422 -8.281731605529785 1.04461669921875
v -18.844615936279297 -8.3826904296875 0.84808349609375
v -23.78801155090332 -7.804465293884277 1.6666412353515625
v -19.27381706237793 -7.969510555267334 1.1507415771484375
v -23.31198501586914 -7.438802719116211 1.1003875732421875
v -22.784698486328125 -7.093667984008789 0.6244659423828125
v -20.09307098388672 -6.990349292755127 1.513671875
v -19.72272491455078 -7.4649810791015625 1.31439208984375
v -22.39142608642578 -6.711995601654053 1.334381103515625
v -20.5953369140625 -6.751394271850586 0.769805908203125
v -21.998035430908203 -6.401073932647705 2.0428466796875
v -20.822261810302734 -6.4872145652771 1.1667633056640625
v -21.5120906829834 -6.302773952484131 1.7603302001953125
v -21.113061904907227 -6.332302093505859 1.4806365966796875
v -23.031997680664062 -12.613069534301758 3.008270263671875
v -22.434961318969727 -12.90188980102539 2.866058349609375
v -21.797550201416016 -13.047731399536133 2.700347900390625
v -21.1461181640625 -13.043689727783203 2.475433349609375
v -20.512985229492188 -12.89529800415039 2.16644287109375
v -19.923723220825195 -12.620962142944336 1.7688751220703125
v -23.552776336669922 -12.233198165893555 1.9097137451171875
v -19.43560791015625 -12.252342224121094 2.45513916015625
v -24.013364791870117 -11.714803695678711 2.063751220703125
v -19.04798698425293 -11.757362365722656 2.9012298583984375
v -24.415660858154297 -11.102188110351562 2.1842193603515625
v -18.765949249267578 -11.125862121582031 3.1749725341796875
v -24.685823440551758 -10.824108123779297 3.5445404052734375
v -24.480497360229492 -11.107778549194336 3.146209716796875
v -24.643362045288086 -10.616278648376465 1.937408447265625
v -18.609582901000977 -10.340547561645508 3.29803466796875
v -24.87822723388672 -10.049188613891602 2.755126953125
v -24.77539825439453 -10.318970680236816 2.2833251953125
v -18.34790802001953 -10.00262451171875 2.2806549072265625
v -18.178630828857422 -9.750223159790039 1.5584564208984375
v -24.8196964263916 -10.402238845825195 3.137359619140625
v -24.650264739990234 -10.709691047668457 2.6812744140625
v -24.899555206298828 -9.593332290649414 2.77923583984375
v -18.21101951599121 -9.410548210144043 1.514434814453125
v -24.748384475708008 -9.093689918518066 2.1472930908203125
v -24.49779510498047 -8.675503730773926 1.5972900390625
v -18.571460723876953 -9.166431427001953 2.463836669921875
v -18.366073608398438 -9.264898300170898 1.9234466552734375
v -18.464099884033203 -9.631860733032227 2.6497650146484375
v -18.287790298461914 -9.585332870483398 2.0244598388671875
v -24.212825775146484 -8.186793327331543 2.2449493408203125
v -18.866979598999023 -8.6329345703125 2.3252105712890625
v -23.86322021484375 -7.666432857513428 2.83172607421875
v -19.275379180908203 -7.964169979095459 2.549285888671875
v -23.39521598815918 -7.322514057159424 2.2241973876953125
v -22.903764724731445 -6.998765468597412 1.71356201171875
v -19.96464729309082 -6.824636459350586 2.5853729248046875
v -19.64145851135254 -7.334315776824951 2.5959014892578125
v -22.51582145690918 -6.6097259521484375 2.353973388671875
v -20.37998390197754 -6.612241268157959 1.7853546142578125
v -22.12411117553711 -6.300234794616699 3.10089111328125
v -20.677112579345703 -6.3495635986328125 2.0897674560546875
v -21.549272537231445 -6.183409690856934 2.8525543212890625
v -21.04718780517578 -6.203365325927734 2.473297119140625
v -23.038841247558594 -12.611282348632812 4.2841339111328125
v -22.42579460144043 -12.898242950439453 4.1329193115234375
v -21.779705047607422 -13.051546096801758 3.967132568359375
v -21.12799835205078 -13.054954528808594 3.7374114990234375
v -20.503568649291992 -12.908029556274414 3.4102630615234375
v -19.93359375 -12.628006935119629 2.976226806640625
v -23.580718994140625 -12.19472885131836 3.1668853759765625
v -19.45525360107422 -12.227737426757812 3.60382080078125
v -24.111377716064453 -11.643659591674805 3.389434814453125
v -19.094562530517578 -11.696159362792969 4.0325164794921875
v -24.734222412109375 -10.937976837158203 4.47265625
v -24.453807830810547 -11.296820640563965 4.066162109375
v -24.8560791015625 -10.542988777160645 3.9101409912109375
v -18.86296272277832 -11.061549186706543 4.2841339111328125
v -24.961889266967773 -10.071969032287598 3.768310546875
v -18.778301239013672 -10.457754135131836 4.4219970703125
v -25.026941299438477 -9.479988098144531 4.1568756103515625
v -18.733596801757812 -9.568632125854492 3.7073516845703125
v -24.843835830688477 -9.020590782165527 3.3934783935546875
v -24.571693420410156 -8.591020584106445 2.799835205078125
v -24.31157875061035 -8.062958717346191 3.410797119140625
v -18.994665145874023 -8.672881126403809 3.8408660888671875
v -23.940813064575195 -7.448375225067139 4.09881591796875
v -19.292343139648438 -7.840871810913086 4.022979736328125
v -23.46013832092285 -7.153189182281494 3.286590576171875
v -23.00838279724121 -6.8794965744018555 2.7414703369140625
v -19.927644729614258 -6.655454635620117 3.34228515625
v -19.64830207824707 -7.076525688171387 3.6135101318359375
v -22.657489776611328 -6.514954566955566 3.348388671875
v -20.24860382080078 -6.471920013427734 2.736053466796875
v -23.404525756835938 -6.88406229019165 4.245452880859375
v -23.08645248413086 -6.759512424468994 3.59375
v -20.131338119506836 -6.391596794128418 3.6334228515625
v -19.786882400512695 -6.702613830566406 4.20013427734375
v -22.319995880126953 -6.2525153160095215 4.0116119384765625
v -20.55462646484375 -6.236445903778076 3.0931854248046875
v -21.696090698242188 -6.07837438583374 4.1609954833984375
v -20.95099639892578 -6.094241142272949 3.778076171875
v -23.273731231689453 -6.6165924072265625 5.023956298828125
v -22.85219383239746 -6.4624786376953125 4.40185546875
v -20.396364212036133 -6.19351863861084 3.9842987060546875
v -20.04075050354004 -6.361973285675049 4.52667236328125
v -23.042224884033203 -12.633312225341797 5.57464599609375
v -22.418212890625 -12.901914596557617 5.4122161865234375
v -21.763145446777344 -13.054490089416504 5.2439117431640625
v -21.10871124267578 -13.063728332519531 5.0103759765625
v -20.48989486694336 -12.919437408447266 4.6671295166015625
v -19.934595108032227 -12.630963325500488 4.1957855224609375
v -23.603260040283203 -12.222862243652344 4.4803619384765625
v -19.473588943481445 -12.213098526000977 4.7927093505859375
v -24.087608337402344 -11.816906929016113 4.8064422607421875
v -19.13974380493164 -11.669265747070312 5.1863861083984375
v -24.80809783935547 -11.005902290344238 5.5286407470703125
v -24.482345581054688 -11.427366256713867 5.1958465576171875
v -24.954832077026367 -10.513830184936523 4.73419189453125
v -18.937646865844727 -11.033987998962402 5.377044677734375
v -25.110769271850586 -9.98833179473877 5.012969970703125
v -18.84967041015625 -10.293841361999512 5.3014373779296875
v -25.183391571044922 -9.343040466308594 5.50689697265625
v -18.889057159423828 -9.471368789672852 5.17608642578125
v -24.96628761291504 -8.891618728637695 4.5458984375
v -24.690019607543945 -8.490324020385742 3.91571044921875
v -24.474929809570312 -7.974398136138916 4.518890380859375
v -19.032896041870117 -8.671510696411133 5.2149200439453125
v -25.032854080200195 -8.634757995605469 5.550079345703125
v -24.809528350830078 -8.395612716674805 4.816436767578125
v -24.21870231628418 -7.4646830558776855 5.2973175048828125
v -19.179391860961914 -8.045077323913574 5.3908538818359375
v -25.01288604736328 -8.319449424743652 6.3274383544921875
v -24.70850944519043 -8.00471305847168 5.6175994873046875
v -23.71382713317871 -6.975460052490234 5.1233673095703125
v -19.445632934570312 -7.295417785644531 4.984588623046875
v -23.397518157958984 -6.586110591888428 5.86822509765625
v -19.715965270996094 -6.681513786315918 5.1636505126953125
v -22.889877319335938 -6.32551908493042 5.5450439453125
v -22.237646102905273 -6.1208367347717285 5.1373291015625
v -21.613359451293945 -5.971097946166992 5.310516357421875
v -21.08783721923828 -5.998075008392334 5.0634765625
v -20.428335189819336 -6.144702434539795 4.9637603759765625
v -19.972312927246094 -6.358516216278076 5.279541015625
v -23.041343688964844 -12.656974792480469 6.855926513671875
v -22.407649993896484 -12.906360626220703 6.6912078857421875
v -21.74451446533203 -13.053393363952637 6.5230560302734375
v -21.086585998535156 -13.066864013671875 6.2895965576171875
v -20.4716796875 -12.92782974243164 5.936431884765625
v -19.92986297607422 -12.636208534240723 5.4358673095703125
v -23.609888076782227 -12.291706085205078 5.788421630859375
v -19.482946395874023 -12.209808349609375 6.0056304931640625
v -24.105966567993164 -11.914491653442383 6.068572998046875
v -19.165790557861328 -11.655569076538086 6.3594818115234375
v -24.883329391479492 -11.051738739013672 6.6843414306640625
v -24.529624938964844 -11.505937576293945 6.37725830078125
v -25.065994262695312 -10.525930404663086 5.8370208740234375
v -18.975961685180664 -10.989952087402344 6.4990997314453125
v -25.246501922607422 -9.995401382446289 6.1893463134765625
v -18.903182983398438 -10.235381126403809 6.4885711669921875
v -25.339174270629883 -9.533905982971191 6.6139984130859375
v -18.93203353881836 -9.439504623413086 6.447601318359375
v -25.252639770507812 -8.90089225769043 6.639404296875
v -19.035602569580078 -8.659923553466797 6.43585205078125
v -25.084150314331055 -8.299100875854492 7.266387939453125
v -19.21805191040039 -7.877469062805176 6.3588714599609375
v -24.736177444458008 -7.838308811187744 6.75079345703125
v -24.391830444335938 -7.490682601928711 6.241912841796875
v -23.89004135131836 -6.979799270629883 6.2891387939453125
v -19.493234634399414 -7.080197334289551 6.230621337890625
v -19.77071762084961 -6.731677055358887 7.493133544921875
v -19.525646209716797 -7.046902179718018 7.194366455078125
v -23.427141189575195 -6.523072719573975 6.786346435546875
v -19.766117095947266 -6.562566757202148 5.8331298828125
v -23.012792587280273 -6.300020217895508 6.5264129638671875
v -22.436201095581055 -6.117463111877441 6.3692474365234375
v -21.786998748779297 -5.994117259979248 6.220855712890625
v -21.260726928710938 -5.963528156280518 5.9944915771484375
v -20.64760971069336 -6.098520755767822 6.2198638916015625
v -20.07978057861328 -6.306147575378418 5.960235595703125
v -20.107995986938477 -6.3687920570373535 6.9167327880859375
v -19.753192901611328 -6.6342949867248535 6.5924835205078125
v -23.047197341918945 -12.6662015914917 8.116531372070312
v -22.398984909057617 -12.903070449829102 7.955474853515625
v -21.725141525268555 -13.043987274169922 7.792510986328125
v -21.06145668029785 -13.06053352355957 7.565155029296875
v -20.447742462158203 -12.92916488647461 7.2107696533203125
v -19.916641235351562 -12.641263008117676 6.6912841796875
v -23.621118545532227 -12.33726692199707 7.0604705810546875
v -19.477855682373047 -12.209379196166992 7.2373199462890625
v -24.13482666015625 -11.966239929199219 7.3114013671875
v -19.169282913208008 -11.644864082336426 7.5630950927734375
v -24.946224212646484 -11.077964782714844 7.8801727294921875
v -24.578142166137695 -11.547147750854492 7.5902557373046875
v -25.16111183166504 -10.54796028137207 6.9940948486328125
v -18.98699951171875 -10.968387603759766 7.6959228515625
v -25.346803665161133 -10.013270378112793 7.3085784912109375
v -18.91666603088379 -10.212362289428711 7.7036285400390625
v -25.40848159790039 -9.435283660888672 7.5728607177734375
v -18.94137954711914 -9.416473388671875 7.662506103515625
v -25.3319149017334 -8.827936172485352 7.8952789306640625
v -19.05522346496582 -8.602655410766602 7.616424560546875
v -25.1075382232666 -8.267831802368164 8.37982177734375
v -19.279420852661133 -7.741451263427734 7.60650634765625
v -24.727046966552734 -7.781052589416504 7.885589599609375
v -24.201440811157227 -7.2711944580078125 7.4021148681640625
v -19.86030387878418 -6.859302520751953 8.413848876953125
v -19.522010803222656 -7.248139381408691 8.138198852539062
v -23.62787628173828 -6.737160682678223 7.4538421630859375
v -20.08011245727539 -6.5032124519348145 7.76123046875
v -23.17534637451172 -6.504726409912109 8.21868896484375
v -22.797060012817383 -6.446099281311035 8.852462768554688
v -23.30833625793457 -6.44146203994751 7.4700927734375
v -20.512950897216797 -6.256711483001709 7.487335205078125
v -23.114383697509766 -6.312966346740723 7.1874237060546875
v -22.63981056213379 -6.190311908721924 7.4333953857421875
v -21.945465087890625 -6.073212623596191 7.3366546630859375
v -21.20425796508789 -6.063497066497803 7.1407318115234375
v -23.018444061279297 -6.313204765319824 7.734222412109375
v -22.698509216308594 -6.307673454284668 8.335418701171875
v -23.080121994018555 -12.668073654174805 9.351654052734375
v -22.408794403076172 -12.895452499389648 9.193267822265625
v -21.716081619262695 -13.028657913208008 9.038543701171875
v -21.039749145507812 -13.04478645324707 8.82354736328125
v -20.42113494873047 -12.920248031616211 8.47808837890625
v -19.89475440979004 -12.640417098999023 7.9529571533203125
v -23.644495010375977 -12.356555938720703 8.31298828125
v -19.460296630859375 -12.205076217651367 8.480606079101562
v -24.1752986907959 -11.987722396850586 8.548355102539062
v -19.15666961669922 -11.635530471801758 8.790130615234375
v -24.995601654052734 -11.09870719909668 9.088821411132812
v -24.628841400146484 -11.566948890686035 8.8092041015625
v -25.227523803710938 -10.56056022644043 8.171920776367188
v -18.979000091552734 -10.955036163330078 8.915481567382812
v -25.40096092224121 -9.996366500854492 8.452529907226562
v -18.913793563842773 -10.1975679397583 8.91998291015625
v -25.44260025024414 -9.394062042236328 8.731689453125
v -18.94930648803711 -9.401762008666992 8.876800537109375
v -25.33668327331543 -8.794331550598145 9.055252075195312
v -19.08220100402832 -8.609617233276367 8.863143920898438
v -25.087154388427734 -8.268260955810547 9.46624755859375
v -19.302677154541016 -7.924008369445801 8.995742797851562
v -24.72480583190918 -7.816636562347412 9.029922485351562
v -24.19635009765625 -7.3755621910095215 8.765106201171875
v -23.54220199584961 -6.896960735321045 8.648147583007812
v -23.019969940185547 -6.617498397827148 9.010162353515625
v -20.06915855407715 -6.975138187408447 9.39849853515625
v -19.618606567382812 -7.395768165588379 9.224777221679688
v -22.64926528930664 -6.55360221862793 9.400100708007812
v -20.31649398803711 -6.538200378417969 8.482513427734375
v -22.334957122802734 -6.3889265060424805 9.1827392578125
v -20.87126922607422 -6.281125545501709 8.32977294921875
v -22.090959548950195 -6.210041046142578 8.45977783203125
v -21.468782424926758 -6.163012981414795 8.269119262695312
v -23.1689453125 -12.683141708374023 10.557479858398438
v -22.462690353393555 -12.902688980102539 10.3955078125
v -21.737777709960938 -13.023114204406738 10.249786376953125
v -21.035968780517578 -13.029563903808594 10.052337646484375
v -20.401500701904297 -12.904047966003418 9.724884033203125
v -19.87009048461914 -12.630569458007812 9.20806884765625
v -23.700523376464844 -12.36375617980957 9.543991088867188
v -19.43895721435547 -12.193775177001953 9.722061157226562
v -24.243938446044922 -11.99744987487793 9.759979248046875
v -19.139421463012695 -11.621737480163574 10.019760131835938
v -25.03218650817871 -11.145532608032227 10.293350219726562
v -24.689842224121094 -11.587738990783691 9.998321533203125
v -25.263154983520508 -10.582054138183594 9.385604858398438
v -18.968236923217773 -10.939693450927734 10.13671875
v -25.412059783935547 -10.00863265991211 9.67987060546875
v -18.915307998657227 -10.185396194458008 10.137100219726562
v -25.418006896972656 -9.387552261352539 9.951553344726562
v -18.9718017578125 -9.406530380249023 10.099258422851562
v -25.270402908325195 -8.770608901977539 10.203781127929688
v -19.132173538208008 -8.66539478302002 10.098953247070312
v -25.019813537597656 -8.263910293579102 10.422286987304688
v -19.395530700683594 -8.025753021240234 10.167694091796875
v -24.72332763671875 -7.8917622566223145 10.0482177734375
v -24.201297760009766 -7.5234055519104 9.944839477539062
v -23.533809661865234 -7.159113883972168 9.893951416015625
v -22.819185256958008 -6.822085380554199 9.869842529296875
v -20.35468864440918 -7.123363018035889 10.5047607421875
v -19.7786808013916 -7.518446445465088 10.2984619140625
v -22.20158576965332 -6.61698579788208 9.943084716796875
v -20.68166732788086 -6.608867645263672 9.410858154296875
v -21.536422729492188 -6.660556793212891 10.253524780273438
v -20.935619354248047 -6.767511367797852 10.247879028320312
v -21.921993255615234 -6.457340717315674 9.719619750976562
v -21.153331756591797 -6.327486038208008 9.004745483398438
v -21.912181854248047 -6.32321834564209 9.28253173828125
v -21.57691764831543 -6.287086009979248 9.112091064453125
v -21.63027572631836 -6.416106224060059 9.666061401367188
v -21.237777709960938 -6.48266077041626 9.6685791015625
v -23.342418670654297 -12.734973907470703 11.74896240234375
v -22.58694076538086 -12.953639030456543 11.557159423828125
v -21.81484603881836 -13.05692195892334 11.42120361328125
v -21.068906784057617 -13.038671493530273 11.247940063476562
v -20.402503967285156 -12.894153594970703 10.943145751953125
v -19.853424072265625 -12.615370750427246 10.4443359375
v -23.820281982421875 -12.375556945800781 10.747756958007812
v -19.4246883392334 -12.17750358581543 10.94970703125
v -24.358951568603516 -12.007498741149902 10.8941650390625
v -19.1291446685791 -11.60280704498291 11.240386962890625
v -25.047611236572266 -11.262750625610352 11.477203369140625
v -24.75773048400879 -11.634039878845215 11.095352172851562
v -25.268041610717773 -10.658073425292969 10.668716430664062
v -18.967723846435547 -10.920548439025879 11.352386474609375
v -25.38127899169922 -10.066997528076172 11.0076904296875
v -18.934213638305664 -10.173404693603516 11.351165771484375
v -25.33224868774414 -9.384489059448242 11.249313354492188
v -19.021892547607422 -9.411883354187012 11.309356689453125
v -25.096452713012695 -8.672916412353516 11.38580322265625
v -19.22539520263672 -8.69041633605957 11.269454956054688
v -24.741708755493164 -8.23015022277832 11.850662231445312
v -24.463294982910156 -8.083379745483398 12.483367919921875
v -24.889373779296875 -8.193361282348633 11.070632934570312
v -19.525527954101562 -8.081329345703125 11.220855712890625
v -24.750078201293945 -7.973802089691162 10.714569091796875
v -24.277591705322266 -7.716691493988037 11.043777465820312
v -23.536169052124023 -7.385969161987305 11.127243041992188
v -22.763561248779297 -7.130920886993408 11.101303100585938
v -21.931636810302734 -6.954336166381836 10.993270874023438
v -20.974456787109375 -7.085204124450684 11.194076538085938
v -20.334815979003906 -7.424747943878174 11.5521240234375
v -19.911598205566406 -7.651710510253906 11.292648315429688
v -24.628400802612305 -7.9711198806762695 11.281204223632812
v -24.312328338623047 -7.893526554107666 12.010269165039062
v -23.608196258544922 -12.860525131225586 13.008956909179688
v -22.790050506591797 -13.076329231262207 12.668075561523438
v -21.970474243164062 -13.167417526245117 12.546768188476562
v -21.155500411987305 -13.112187385559082 12.429885864257812
v -20.4338436126709 -12.916671752929688 12.143936157226562
v -19.854211807250977 -12.607622146606445 11.659622192382812
v -24.056684494018555 -12.387048721313477 11.96044921875
v -19.422901153564453 -12.165414810180664 12.164382934570312
v -24.537240982055664 -12.336587905883789 13.447952270507812
v -24.18645668029785 -12.509608268737793 12.973785400390625
v -24.50798797607422 -11.995768547058105 11.73370361328125
v -19.129871368408203 -11.584651947021484 12.453536987304688
v -25.02593994140625 -11.479616165161133 12.468414306640625
v -24.796127319335938 -11.748290061950684 12.076416015625
v -24.81941032409668 -11.908519744873047 13.002471923828125
v -24.499940872192383 -12.156688690185547 12.55157470703125
v -25.243282318115234 -10.867118835449219 12.173233032226562
v -18.98147964477539 -10.901284217834473 12.565155029296875
v -25.338470458984375 -10.12312126159668 12.42523193359375
v -18.97406578063965 -10.158740997314453 12.56591796875
v -25.198532104492188 -9.359634399414062 12.741241455078125
v -19.104755401611328 -9.395265579223633 12.518157958984375
v -24.91582679748535 -8.652138710021973 12.5360107421875
v -24.669588088989258 -8.305967330932617 12.586746215820312
v -24.44689178466797 -8.179092407226562 13.040313720703125
v -19.37596893310547 -8.637725830078125 12.40631103515625
v -19.694400787353516 -8.422887802124023 13.69781494140625
v -19.450176239013672 -8.706402778625488 13.389663696289062
v -24.05143928527832 -7.917690277099609 13.188934326171875
v -19.665813446044922 -8.070564270019531 11.971435546875
v -23.58505630493164 -7.609045505523682 12.49755859375
v -22.76394271850586 -7.362699508666992 12.401275634765625
v -21.977413177490234 -7.258260250091553 12.286453247070312
v -21.306764602661133 -7.256770133972168 12.099456787109375
v -20.5782527923584 -7.550597190856934 12.493667602539062
v -20.001543045043945 -7.808411121368408 12.206497192382812
v -20.028854370117188 -7.999992370605469 13.148956298828125
v -19.672643661499023 -8.25800895690918 12.788162231445312
v -22.73470115661621 -13.82554817199707 15.043106079101562
v -22.14391326904297 -13.849973678588867 14.920730590820312
v -21.60070037841797 -13.838744163513184 15.009994506835938
v -21.224903106689453 -13.8230562210083 15.31402587890625
v -24.609983444213867 -12.520146369934082 14.383697509765625
v -24.157201766967773 -12.758445739746094 13.846664428710938
v -23.653411865234375 -13.18655014038086 14.2041015625
v -23.00006103515625 -13.289618492126465 13.690414428710938
v -22.23348617553711 -13.36570930480957 13.5174560546875
v -21.3167781829834 -13.323152542114258 13.682022094726562
v -20.4864501953125 -13.010096549987793 13.378448486328125
v -19.869625091552734 -12.627828598022461 12.873916625976562
v -23.148643493652344 -13.549077987670898 14.579010009765625
v -22.52039909362793 -13.604497909545898 14.30755615234375
v -21.82857894897461 -13.621234893798828 14.336471557617188
v -21.192180633544922 -13.605999946594238 14.78607177734375
v -24.831830978393555 -12.101757049560547 13.81866455078125
v -19.42487907409668 -12.170303344726562 13.3837890625
v -25.09303092956543 -11.567997932434082 13.51409912109375
v -19.134307861328125 -11.577343940734863 13.672866821289062
v -25.306331634521484 -10.874438285827637 13.615570068359375
v -19.003236770629883 -10.892021179199219 13.78936767578125
v -25.328481674194336 -10.185766220092773 13.863525390625
v -19.026195526123047 -10.151493072509766 13.807907104492188
v -25.179540634155273 -9.584653854370117 14.326248168945312
v -19.2110538482666 -9.35920524597168 13.814544677734375
v -24.938142776489258 -8.954536437988281 13.665313720703125
v -24.667226791381836 -8.470523834228516 13.30078125
v -19.7573299407959 -8.553409576416016 14.635772705078125
v -19.447219848632812 -8.929550170898438 14.352340698242188
v -24.307477951049805 -8.20918083190918 13.888473510742188
v -19.98516273498535 -8.192300796508789 13.9874267578125
v -23.819564819335938 -7.938075065612793 14.562759399414062
v -20.41769027709961 -7.873547077178955 13.756027221679688
v -23.364316940307617 -7.687819004058838 14.0863037109375
v -22.74608612060547 -7.513058185577393 13.775253295898438
v -22.008275985717773 -7.451415061950684 13.604583740234375
v -21.178936004638672 -7.536423206329346 13.405990600585938
v -22.94499969482422 -13.999641418457031 15.82977294921875
v -22.34909439086914 -14.041566848754883 15.632858276367188
v -21.81023406982422 -14.014577865600586 15.504379272460938
v -21.439218521118164 -13.957905769348145 15.475006103515625
v -23.225080490112305 -13.765275955200195 15.278854370117188
v -21.16049575805664 -13.915788650512695 15.761184692382812
v -23.667800903320312 -13.506841659545898 15.15625
v -20.788515090942383 -13.664590835571289 15.719985961914062
v -24.777816772460938 -12.663626670837402 15.426025390625
v -24.23814582824707 -13.064300537109375 15.025177001953125
v -20.485687255859375 -13.218140602111816 14.77783203125
v -19.868755340576172 -12.69334602355957 14.1314697265625
v -24.9783992767334 -12.115013122558594 14.632034301757812
v -19.407058715820312 -12.19947338104248 14.62982177734375
v -25.248729705810547 -11.552786827087402 14.760055541992188
v -19.129920959472656 -11.594080924987793 14.916915893554688
v -25.386714935302734 -10.897421836853027 14.945220947265625
v -19.01998519897461 -10.911250114440918 15.043792724609375
v -25.357770919799805 -10.244584083557129 15.2325439453125
v -19.064735412597656 -10.199726104736328 15.100860595703125
v -25.172340393066406 -9.658193588256836 15.6817626953125
v -19.236982345581055 -9.569156646728516 15.247726440429688
v -24.902511596679688 -9.098112106323242 14.963531494140625
v -24.605607986450195 -8.599448204040527 14.385604858398438
v -19.905794143676758 -8.620953559875488 15.66680908203125
v -19.514751434326172 -9.060811996459961 15.47576904296875
v -24.18576431274414 -8.261287689208984 15.082473754882812
v -20.17383575439453 -8.203935623168945 14.754714965820312
v -23.712575912475586 -7.975625991821289 15.816192626953125
v -20.737194061279297 -7.876157760620117 14.724960327148438
v -23.27495765686035 -7.7414631843566895 15.413818359375
v -22.732603073120117 -7.5997233390808105 15.115585327148438
v -22.095657348632812 -7.560944557189941 14.899368286132812
v -21.40951156616211 -7.646000385284424 14.748764038085938
v -23.21648597717285 -14.157295227050781 16.772537231445312
v -22.512208938598633 -14.223504066467285 16.533660888671875
v -21.89600372314453 -14.172697067260742 16.284027099609375
v -21.430946350097656 -14.057075500488281 16.027755737304688
v -23.534954071044922 -13.834285736083984 15.973358154296875
v -20.970582962036133 -13.942217826843262 16.448287963867188
v -24.08077621459961 -13.527833938598633 15.99365234375
v -20.450056076049805 -13.691436767578125 16.850128173828125
v -24.97800636291504 -12.813556671142578 16.4996337890625
v -24.562633514404297 -13.175260543823242 16.13525390625
v -20.161306381225586 -13.289224624633789 16.172637939453125
v -19.786571502685547 -12.776803970336914 15.43914794921875
v -25.151561737060547 -12.199174880981445 15.759429931640625
v -19.358694076538086 -12.261247634887695 15.914382934570312
v -25.404727935791016 -11.583566665649414 16.010971069335938
v -19.110774993896484 -11.648392677307129 16.204299926757812
v -25.494802474975586 -10.879337310791016 16.203155517578125
v -19.023693084716797 -10.963666915893555 16.32965087890625
v -25.40992546081543 -10.222291946411133 16.489944458007812
v -19.089889526367188 -10.280251502990723 16.390228271484375
v -25.171733856201172 -9.647417068481445 16.9635009765625
v -19.29596710205078 -9.664154052734375 16.480560302734375
v -24.850666046142578 -9.146809577941895 16.285629272460938
v -24.52383041381836 -8.670604705810547 15.646286010742188
v -20.118379592895508 -8.666515350341797 16.813430786132812
v -19.635046005249023 -9.13184928894043 16.62353515625
v -24.075401306152344 -8.297622680664062 16.33331298828125
v -20.419288635253906 -8.228731155395508 15.794677734375
v -23.621356964111328 -8.008968353271484 16.95465087890625
v -21.002674102783203 -7.9070210456848145 15.820541381835938
v -23.255420684814453 -7.790768146514893 16.54327392578125
v -22.784757614135742 -7.669496536254883 16.29638671875
v -22.209035873413086 -7.64312744140625 16.101608276367188
v -21.599124908447266 -7.7111124992370605 15.893020629882812
v -23.573244094848633 -14.376031875610352 17.90557861328125
v -22.68465805053711 -14.450084686279297 17.604598999023438
v -21.920753479003906 -14.35859203338623 17.332305908203125
v -21.33754539489746 -14.171445846557617 16.955642700195312
v -23.949241638183594 -13.917016983032227 16.949844360351562
v -20.72606086730957 -14.00294303894043 17.497482299804688
v -24.6375675201416 -13.951862335205078 18.23486328125
v -24.201345443725586 -14.085186004638672 17.830352783203125
v -24.39398765563965 -13.555347442626953 16.72882080078125
v -20.206642150878906 -13.739633560180664 17.855758666992188
v -25.101303100585938 -13.047445297241211 17.390365600585938
v -24.765050888061523 -13.323509216308594 17.037124633789062
v -19.962751388549805 -13.386451721191406 17.347946166992188
v -19.65833854675293 -12.882065773010254 16.74896240234375
v -24.92154884338379 -13.507926940917969 17.864227294921875
v -24.499177932739258 -13.74107551574707 17.4591064453125
v -25.367618560791016 -12.377595901489258 17.107391357421875
v -19.29966163635254 -12.383413314819336 17.266464233398438
v -25.620317459106445 -11.52184009552002 17.2467041015625
v -19.07880401611328 -11.736381530761719 17.551422119140625
v -25.627958297729492 -10.75788688659668 17.353897094726562
v -19.02072525024414 -11.014795303344727 17.6165771484375
v -25.47266387939453 -10.130643844604492 17.64373779296875
v -19.129180908203125 -10.325468063354492 17.62603759765625
v -25.18203353881836 -9.602153778076172 18.206710815429688
v -19.38723373413086 -9.708023071289062 17.658920288085938
v -24.7781982421875 -9.15067195892334 17.634735107421875
v -24.405193328857422 -8.69845199584961 16.9818115234375
v -20.38593292236328 -8.728218078613281 18.092422485351562
v -19.789636611938477 -9.182906150817871 17.783126831054688
v -23.90259552001953 -8.313369750976562 17.554550170898438
v -20.757484436035156 -8.23366641998291 16.972808837890625
v -21.470821380615234 -8.208394050598145 18.438796997070312
v -20.961320877075195 -8.333099365234375 18.006210327148438
v -23.472381591796875 -8.033121109008789 17.895355224609375
v -21.266067504882812 -7.907414436340332 16.658096313476562
v -23.21728515625 -7.844269275665283 17.47406005859375
v -22.893512725830078 -7.73468017578125 17.147445678710938
v -22.380722045898438 -7.744288444519043 17.253799438476562
v -21.761585235595703 -7.794630527496338 16.9256591796875
v -21.88587188720703 -7.926273345947266 17.873458862304688
v -21.332490921020508 -8.038592338562012 17.514801025390625
v -23.02412986755371 -15.401803970336914 20.0823974609375
v -22.504484176635742 -15.418445587158203 20.14434814453125
v -24.795734405517578 -14.182424545288086 18.98651123046875
v -24.25025749206543 -14.34783935546875 18.5595703125
v -23.740196228027344 -14.729571342468262 18.941650390625
v -22.86126708984375 -14.799785614013672 18.758926391601562
v -21.972715377807617 -14.6378755569458 18.498306274414062
v -21.115886688232422 -14.335942268371582 18.313446044921875
v -23.317169189453125 -15.088212966918945 19.483108520507812
v -22.642385482788086 -15.182757377624512 19.6240234375
v -25.036096572875977 -13.751947402954102 18.59619140625
v -20.361148834228516 -13.999736785888672 18.562088012695312
v -19.888460159301758 -13.80048942565918 19.302291870117188
v -19.601642608642578 -13.652742385864258 19.927978515625
v -25.3636474609375 -13.1422758102417 18.320388793945312
v -19.99102783203125 -13.73237419128418 18.5589599609375
v -19.87251091003418 -13.512218475341797 18.157196044921875
v -19.583654403686523 -13.104557991027832 18.0908203125
v -19.745349884033203 -13.516402244567871 18.718032836914062
v -19.533395767211914 -13.344467163085938 19.23553466796875
v -25.787508010864258 -12.2523193359375 18.425750732421875
v -19.241153717041016 -12.60336685180664 18.823699951171875
v -26.354290008544922 -12.439441680908203 19.929122924804688
v -26.094985961914062 -12.521659851074219 19.35943603515625
v -25.888872146606445 -11.243438720703125 18.418807983398438
v -19.03307342529297 -11.777687072753906 18.890457153320312
v -26.454103469848633 -11.982893943786621 20.065689086914062
v -26.187074661254883 -11.862897872924805 19.307479858398438
v -25.723207473754883 -10.545682907104492 18.254165649414062
v -19.032621383666992 -11.02639389038086 18.866195678710938
v -25.553071975708008 -10.039817810058594 18.771438598632812
v -19.20299530029297 -10.32522964477539 18.816452026367188
v -25.201248168945312 -9.54490852355957 19.415435791015625
v -19.505428314208984 -9.717046737670898 18.756790161132812
v -24.734508514404297 -9.17092514038086 18.97491455078125
v -24.15654754638672 -8.712970733642578 18.506317138671875
v -21.68353843688965 -8.447492599487305 19.438323974609375
v -20.956933975219727 -8.577990531921387 18.904876708984375
v -20.392322540283203 -8.990896224975586 19.306411743164062
v -19.91193389892578 -9.262681007385254 18.8653564453125
v -19.963085174560547 -9.399974822998047 19.805679321289062
v -19.63751220703125 -9.676015853881836 19.54498291015625
v -23.54387092590332 -8.290159225463867 18.587722778320312
v -22.059642791748047 -8.085573196411133 18.679351806640625
v -22.947669982910156 -8.208858489990234 19.099884033203125
v -22.348201751708984 -8.22955322265625 19.239730834960938
v -23.246109008789062 -8.045291900634766 18.485870361328125
v -22.351037979125977 -7.881331443786621 18.138046264648438
v -23.165285110473633 -7.904469966888428 18.112258911132812
v -22.809123992919922 -7.828342914581299 17.9522705078125
v -22.974395751953125 -7.961392402648926 18.513641357421875
v -22.59630012512207 -7.999145984649658 18.6572265625
v -23.360097885131836 -15.682113647460938 20.765457153320312
v -22.624134063720703 -15.626060485839844 20.649032592773438
v -23.66683578491211 -15.31059741973877 20.06988525390625
v -22.16152000427246 -15.506124496459961 20.524520874023438
v -24.57355308532715 -15.38494873046875 20.811386108398438
v -24.011062622070312 -15.483403205871582 20.580520629882812
v -21.639751434326172 -15.400552749633789 20.746841430664062
v -21.187950134277344 -15.372621536254883 21.31927490234375
v -23.90835189819336 -14.996790885925293 19.588088989257812
v -22.091066360473633 -15.288758277893066 20.059967041015625
v -24.926959991455078 -14.390409469604492 19.549331665039062
v -24.44039535522461 -14.660406112670898 19.42840576171875
v -22.057331085205078 -14.985942840576172 19.430389404296875
v -21.21660614013672 -14.751327514648438 19.693145751953125
v -20.36087417602539 -14.25529670715332 19.709625244140625
v -19.82879638671875 -13.948095321655273 20.0927734375
v -25.022602081298828 -14.760303497314453 20.286407470703125
v -24.292219161987305 -15.113819122314453 20.107650756835938
v -21.60506248474121 -15.12647819519043 20.11810302734375
v -21.10856819152832 -15.102291107177734 20.793609619140625
v -25.354921340942383 -13.91085433959961 19.476699829101562
v -19.589603424072266 -13.774347305297852 20.50506591796875
v -26.182292938232422 -13.985276222229004 21.001510620117188
v -25.714767456054688 -14.301645278930664 20.590896606445312
v -25.818729400634766 -13.074695587158203 19.2791748046875
v -19.352293014526367 -13.274633407592773 20.230560302734375
v -26.44859504699707 -12.877559661865234 20.4718017578125
v -26.197946548461914 -12.98515796661377 19.961090087890625
v -26.344669342041016 -13.392126083374023 20.69549560546875
v -25.96341323852539 -13.611066818237305 20.1580810546875
v -26.577234268188477 -12.442398071289062 20.632781982421875
v -19.101369857788086 -12.51167106628418 20.176239013671875
v -26.624000549316406 -11.777793884277344 20.804595947265625
v -19.009231567382812 -11.745405197143555 20.140533447265625
v -26.381790161132812 -11.451244354248047 19.921722412109375
v -26.155710220336914 -11.202228546142578 19.298782348632812
v -25.931537628173828 -10.597074508666992 19.256057739257812
v -19.09066390991211 -10.995817184448242 20.068206787109375
v -26.443279266357422 -11.055684089660645 20.579681396484375
v -26.239395141601562 -10.927164077758789 19.841995239257812
v -25.619590759277344 -9.905791282653809 20.078201293945312
v -19.346832275390625 -10.25296401977539 19.991683959960938
v -20.03236961364746 -9.54294204711914 20.6683349609375
v -19.658506393432617 -9.842348098754883 20.400009155273438
v -26.406585693359375 -10.661792755126953 21.23748779296875
v -26.117156982421875 -10.435342788696289 20.474319458007812
v -25.171924591064453 -9.460174560546875 20.438385009765625
v -20.344125747680664 -9.206533432006836 20.144500732421875
v -24.74582290649414 -9.207582473754883 20.199737548828125
v -24.15703582763672 -8.913337707519531 19.972915649414062
v -23.379730224609375 -8.599042892456055 19.815521240234375
v -22.392404556274414 -8.544301986694336 20.101089477539062
v -21.61953353881836 -8.758747100830078 20.433120727539062
v -20.939922332763672 -8.892273902893066 20.055313110351562
v -24.791133880615234 -15.727615356445312 21.571273803710938
v -24.062501907348633 -15.848100662231445 21.319808959960938
v -23.352027893066406 -16.05136489868164 21.552658081054688
v -22.70718765258789 -15.936446189880371 21.416091918945312
v -22.004806518554688 -15.711963653564453 21.241912841796875
v -21.464336395263672 -15.568674087524414 21.406631469726562
v -25.102603912353516 -15.294623374938965 21.1712646484375
v -21.13732147216797 -15.512550354003906 21.84539794921875
v -25.559425354003906 -14.940786361694336 21.228408813476562
v -20.738388061523438 -15.184926986694336 21.911773681640625
v -26.385784149169922 -14.280712127685547 21.808090209960938
v -26.02710723876953 -14.571237564086914 21.442337036132812
v -20.426368713378906 -14.648305892944336 21.05255126953125
v -19.87619400024414 -14.1249418258667 20.781707763671875
v -26.474655151367188 -13.751447677612305 21.407089233398438
v -19.49203109741211 -13.73385238647461 21.215972900390625
v -26.627933502197266 -13.152074813842773 21.315383911132812
v -19.21401023864746 -13.143957138061523 21.334686279296875
v -26.782333374023438 -12.482702255249023 21.514434814453125
v -19.057453155517578 -12.437033653259277 21.35772705078125
v -26.831769943237305 -11.924147605895996 21.749649047851562
v -19.054866790771484 -11.694849014282227 21.313934326171875
v -26.680278778076172 -11.228585243225098 21.650924682617188
v -19.203699111938477 -10.963857650756836 21.234664916992188
v -26.477359771728516 -10.564577102661133 22.227630615234375
v -19.450342178344727 -10.354745864868164 21.19293212890625
v -26.124059677124023 -10.181593894958496 21.66168212890625
v -25.794876098632812 -9.914016723632812 21.139907836914062
v -20.140588760375977 -9.681987762451172 21.523056030273438
v -19.7598819732666 -9.944927215576172 21.290283203125
v -25.31689453125 -9.521889686584473 21.374969482421875
v -20.5179443359375 -9.308671951293945 20.930404663085938
v -24.80078887939453 -9.245514869689941 21.269760131835938
v -24.216032028198242 -9.042060852050781 21.210784912109375
v -23.53938865661621 -8.87204360961914 21.109542846679688
v -22.758102416992188 -8.812546730041504 21.171417236328125
v -21.926902770996094 -8.913159370422363 21.292953491210938
v -21.15926742553711 -9.098518371582031 21.179962158203125
v -24.41756820678711 -16.934907913208008 23.735198974609375
v -23.722135543823242 -17.034889221191406 23.630523681640625
v -23.096179962158203 -17.083894729614258 23.68988037109375
v -22.64896583557129 -17.108095169067383 23.917388916015625
v -24.945533752441406 -15.981698036193848 22.14691162109375
v -24.46933937072754 -16.16442108154297 22.124252319335938
v -23.726999282836914 -16.322744369506836 22.145156860351562
v -22.84906005859375 -16.372167587280273 22.374267578125
v -22.063005447387695 -16.06780242919922 22.205963134765625
v -21.48280143737793 -15.7606840133667 22.03826904296875
v -24.98050880432129 -16.363370895385742 22.982101440429688
v -24.14039421081543 -16.622400283813477 22.873458862304688
v -23.382699966430664 -16.741121292114258 22.954177856445312
v -22.692203521728516 -16.82605743408203 23.350830078125
v -25.409889221191406 -15.605175018310547 22.07733154296875
v -20.973228454589844 -15.584575653076172 22.648544311523438
v -26.225889205932617 -15.679550170898438 23.541183471679688
v -25.727176666259766 -15.98813533782959 23.213729858398438
v -25.884675979614258 -15.071773529052734 21.901016235351562
v -20.45165252685547 -15.201770782470703 23.218917846679688
v -26.520050048828125 -14.588761329650879 22.560501098632812
v -26.239944458007812 -14.835405349731445 22.213211059570312
v -20.13279151916504 -14.718294143676758 22.496871948242188
v -19.78976821899414 -14.217912673950195 21.848983764648438
v -26.409875869750977 -15.109610557556152 23.030776977539062
v -26.01659393310547 -15.386509895324707 22.641448974609375
v -26.685226440429688 -13.957881927490234 22.336654663085938
v -19.404388427734375 -13.69633674621582 22.252349853515625
v -26.888179779052734 -13.198518753051758 22.419281005859375
v -19.180667877197266 -13.068532943725586 22.425689697265625
v -26.980472564697266 -12.470972061157227 22.520523071289062
v -19.106792449951172 -12.369322776794434 22.467422485351562
v -26.947330474853516 -11.751317977905273 22.627639770507812
v -19.181835174560547 -11.637377738952637 22.435379028320312
v -26.795255661010742 -11.050260543823242 22.9046630859375
v -19.3967227935791 -10.89639663696289 22.347488403320312
v -19.830501556396484 -10.731053352355957 23.660659790039062
v -19.552539825439453 -10.985719680786133 23.29345703125
v -26.525915145874023 -10.438764572143555 23.472747802734375
v -19.603050231933594 -10.328805923461914 21.927490234375
v -26.109277725219727 -10.040653228759766 22.923355102539062
v -25.60538101196289 -9.68780517578125 22.395095825195312
v -20.18825912475586 -9.827995300292969 22.1673583984375
v -19.900344848632812 -10.045218467712402 22.102890014648438
v -20.204771041870117 -10.119974136352539 23.032913208007812
v -19.710922241210938 -10.49908447265625 22.72796630859375
v -25.110864639282227 -9.383058547973633 22.466506958007812
v -20.62151336669922 -9.554969787597656 22.045135498046875
v -24.86688995361328 -9.270393371582031 22.081451416015625
v -24.298072814941406 -9.126687049865723 22.4005126953125
v -23.5989933013916 -9.021854400634766 22.29278564453125
v -23.0039005279541 -8.967817306518555 22.092514038085938
v -22.232114791870117 -9.10046100616455 22.47772216796875
v -21.391307830810547 -9.28337574005127 22.281875610351562
v -24.658489227294922 -9.222328186035156 22.967529296875
v -24.18755340576172 -9.14419937133789 23.408203125
v -21.57454490661621 -9.440422058105469 23.419876098632812
v -20.89656639099121 -9.715104103088379 23.223114013671875
v -24.599529266357422 -17.214048385620117 24.699935913085938
v -23.924266815185547 -17.290760040283203 24.497299194335938
v -23.272811889648438 -17.29903221130371 24.356231689453125
v -22.829294204711914 -17.257965087890625 24.242172241210938
v -24.979412078857422 -16.858505249023438 24.021377563476562
v -22.472036361694336 -17.21389389038086 24.41864013671875
v -25.49614906311035 -16.567909240722656 24.011917114257812
v -22.183359146118164 -16.962182998657227 24.1070556640625
v -26.43802261352539 -15.908872604370117 24.445266723632812
v -26.027976989746094 -16.244565963745117 24.196929931640625
v -22.012828826904297 -16.496431350708008 23.348312377929688
v -21.413623809814453 -16.012550354003906 23.052215576171875
v -26.541339874267578 -15.392136573791504 23.820648193359375
v -20.825016021728516 -15.714550018310547 23.864212036132812
v -26.730751037597656 -14.762365341186523 23.503646850585938
v -20.311450958251953 -15.180671691894531 24.524917602539062
v -19.970966339111328 -14.68752670288086 23.740997314453125
v -19.669544219970703 -14.208745956420898 23.009414672851562
v -26.979196548461914 -13.983798027038574 23.525390625
v -19.375587463378906 -13.633871078491211 23.314666748046875
v -27.128673553466797 -13.176918029785156 23.56414794921875
v -19.23743438720703 -12.995445251464844 23.463668823242188
v -27.15960693359375 -12.365365028381348 23.617782592773438
v -19.240558624267578 -12.308586120605469 23.513565063476562
v -27.073013305664062 -11.595511436462402 23.772430419921875
v -19.383548736572266 -11.591768264770508 23.55255126953125
v -19.93088722229004 -11.04741096496582 24.6063232421875
v -19.632280349731445 -11.279403686523438 24.11773681640625
v -26.877927780151367 -10.911321640014648 24.150543212890625
v -20.14855194091797 -10.561800003051758 24.149551391601562
v -26.572370529174805 -10.345972061157227 24.771881103515625
v -20.571470260620117 -10.196935653686523 24.208297729492188
v -26.124191284179688 -9.965885162353516 24.271240234375
v -25.587059020996094 -9.655904769897461 23.88641357421875
v -24.954975128173828 -9.38163948059082 23.626785278320312
v -24.398386001586914 -9.214555740356445 23.832931518554688
v -21.738624572753906 -9.552680969238281 24.476165771484375
v -21.139860153198242 -9.825515747070312 24.333724975585938
v -23.90997314453125 -9.177064895629883 24.225921630859375
v -22.138071060180664 -9.293472290039062 23.647918701171875
v -23.609495162963867 -9.120893478393555 23.534393310546875
v -22.84305191040039 -9.13243293762207 23.299026489257812
v -24.801231384277344 -17.39073944091797 25.758209228515625
v -24.07083511352539 -17.48569107055664 25.510482788085938
v -23.36075210571289 -17.476999282836914 25.290756225585938
v -22.672378540039062 -17.359054565429688 25.037460327148438
v -25.24163818359375 -17.037189483642578 24.877548217773438
v -22.088897705078125 -17.16274070739746 24.950485229492188
v -21.566617965698242 -16.969013214111328 25.490493774414062
v -21.24201011657715 -16.798686981201172 26.10870361328125
v -25.81142234802246 -16.7581787109375 24.962005615234375
v -21.774566650390625 -16.949081420898438 24.720230102539062
v -26.62392807006836 -16.126609802246094 25.405120849609375
v -26.263534545898438 -16.454517364501953 25.112380981445312
v -21.719074249267578 -16.725481033325195 24.252243041992188
v -21.299135208129883 -16.324127197265625 24.312515258789062
v -21.468687057495117 -16.73692512512207 24.84893798828125
v -21.169816970825195 -16.544580459594727 25.4608154296875
v -26.75436782836914 -15.466535568237305 24.634628295898438
v -20.732009887695312 -15.846765518188477 25.358810424804688
v -27.03646469116211 -14.80821418762207 24.713668823242188
v -20.241153717041016 -14.96065902709961 25.88653564453125
v -19.899093627929688 -14.53498649597168 24.84619140625
v -19.620037078857422 -14.126527786254883 24.07073974609375
v -27.26873207092285 -13.98409652709961 24.76104736328125
v -19.429611206054688 -13.550865173339844 24.2779541015625
v -19.85877799987793 -14.132356643676758 25.647354125976562
v -19.638633728027344 -13.990222930908203 24.8626708984375
v -27.372764587402344 -13.078999519348145 24.783859252929688
v -19.378328323364258 -12.92886734008789 24.4146728515625
v -19.837261199951172 -13.469982147216797 26.017379760742188
v -19.585430145263672 -13.502656936645508 25.145797729492188
v -27.327465057373047 -12.195968627929688 24.774932861328125
v -19.428098678588867 -12.28179931640625 24.458465576171875
v -19.867919921875 -12.718545913696289 26.050949096679688
v -19.592248916625977 -12.856388092041016 25.27313232421875
v -27.1817569732666 -11.445558547973633 24.950180053710938
v -19.53883171081543 -11.786615371704102 24.499053955078125
v -20.04178810119629 -11.390983581542969 25.432662963867188
v -19.762266159057617 -11.605048179626465 24.980087280273438
v -19.952905654907227 -11.986327171325684 25.845260620117188
v -19.65906524658203 -12.202585220336914 25.224990844726562
v -26.949644088745117 -10.809671401977539 25.403976440429688
v -20.351112365722656 -10.814201354980469 25.220108032226562
v -26.623035430908203 -10.294998168945312 26.021194458007812
v -20.848608016967773 -10.276484489440918 25.2685546875
v -26.166797637939453 -9.93814468383789 25.578994750976562
v -25.613903045654297 -9.66697883605957 25.254058837890625
v -24.96131706237793 -9.464836120605469 25.027847290039062
v -24.222517013549805 -9.3104248046875 24.869918823242188
v -21.996902465820312 -9.639644622802734 25.527801513671875
v -21.354257583618164 -9.907698631286621 25.346450805664062
v -23.606861114501953 -9.258365631103516 25.0128173828125
v -22.360944747924805 -9.348511695861816 24.452896118164062
v -23.429048538208008 -9.192132949829102 24.521636962890625
v -22.973419189453125 -9.225046157836914 24.4061279296875
v -23.08870506286621 -9.316003799438477 25.234527587890625
v -22.583602905273438 -9.389472007751465 25.1690673828125
v -24.984800338745117 -17.489601135253906 26.958999633789062
v -24.183284759521484 -17.587888717651367 26.592864990234375
v -23.460351943969727 -17.592477798461914 26.317214965820312
v -22.751117706298828 -17.4835205078125 26.13983154296875
v -22.015880584716797 -17.253971099853516 25.998687744140625
v -21.487009048461914 -17.038082122802734 26.256637573242188
v -25.560224533081055 -17.183853149414062 25.952224731445312
v -21.25656509399414 -16.847347259521484 26.653823852539062
v -26.083778381347656 -17.18435287475586 27.29400634765625
v -25.679088592529297 -17.324769973754883 26.919479370117188
v -26.062965393066406 -16.864145278930664 25.6982421875
v -20.97748565673828 -16.385042190551758 26.50848388671875
v -26.69805335998535 -16.39350700378418 26.28448486328125
v -26.40514373779297 -16.662620544433594 25.97900390625
v -26.46588134765625 -16.83414077758789 26.819000244140625
v -26.084375381469727 -17.062305450439453 26.46453857421875
v -26.980316162109375 -15.708362579345703 25.9246826171875
v -20.606529235839844 -15.63715934753418 26.708450317382812
v -27.350759506225586 -14.853906631469727 25.958480834960938
v -20.395051956176758 -15.02087116241455 26.976776123046875
v -27.612518310546875 -13.944840431213379 26.114425659179688
v -20.17498016357422 -14.244914054870605 26.74774169921875
v -28.054534912109375 -14.233040809631348 27.725906372070312
v -27.88273048400879 -14.314949035644531 27.144546508789062
v -27.618396759033203 -12.814950942993164 26.049270629882812
v -20.14337730407715 -13.32806396484375 26.880722045898438
v -28.091060638427734 -13.721728324890137 27.86407470703125
v -27.913761138916016 -13.588153839111328 27.108535766601562
v -27.433753967285156 -11.967325210571289 25.728225708007812
v -20.20450782775879 -12.484288215637207 26.772079467773438
v -27.28606414794922 -11.366880416870117 26.139144897460938
v -20.358383178710938 -11.577903747558594 26.406707763671875
v -27.001619338989258 -10.745037078857422 26.592330932617188
v -20.76815414428711 -10.787879943847656 26.381759643554688
v -21.306180953979492 -10.633670806884766 27.594070434570312
v -21.001327514648438 -10.855722427368164 27.274551391601562
v -26.667190551757812 -10.290420532226562 27.097549438476562
v -21.089923858642578 -10.264825820922852 26.047286987304688
v -26.24152946472168 -9.963214874267578 26.750259399414062
v -25.701845169067383 -9.726929664611816 26.492080688476562
v -25.048410415649414 -9.572219848632812 26.309280395507812
v -24.29395866394043 -9.485936164855957 26.168594360351562
v -23.44217300415039 -9.456467628479004 26.0064697265625
v -22.619319915771484 -9.552967071533203 26.014404296875
v -22.042964935302734 -9.880352020263672 26.684722900390625
v -21.49738121032715 -10.035074234008789 26.303482055664062
v -21.576045989990234 -10.242712020874023 27.19146728515625
v -21.16309356689453 -10.442471504211426 26.829681396484375
v -26.07835578918457 -17.152393341064453 28.0126953125
v -25.4793643951416 -17.38065528869629 27.785568237304688
v -24.77668571472168 -17.505348205566406 27.909774780273438
v -24.199628829956055 -17.572080612182617 27.608413696289062
v -23.491073608398438 -17.583215713500977 27.310638427734375
v -22.90658950805664 -17.533349990844727 26.998062133789062
v -22.190916061401367 -17.312633514404297 27.127761840820312
v -21.59060287475586 -17.0797119140625 26.864166259765625
v -26.440345764160156 -16.945636749267578 27.52166748046875
v -21.249210357666016 -16.709566116333008 27.290191650390625
v -21.963512420654297 -17.05685806274414 28.074264526367188
v -21.632659912109375 -17.005718231201172 27.565841674804688
v -26.818740844726562 -16.420495986938477 27.177658081054688
v -20.944082260131836 -16.06884002685547 27.625808715820312
v -21.78838348388672 -16.756582260131836 28.602752685546875
v -21.416723251342773 -16.61466407775879 28.13262939453125
v -27.33750343322754 -15.648185729980469 27.1868896484375
v -20.632671356201172 -15.408145904541016 27.52716064453125
v -27.738035202026367 -15.516197204589844 28.394699096679688
v -27.485107421875 -15.770363807678223 28.073654174804688
v -27.686763763427734 -14.856910705566406 27.00164794921875
v -20.534360885620117 -14.788496017456055 27.67791748046875
v -28.075849533081055 -14.63564682006836 28.1378173828125
v -27.951955795288086 -14.793336868286133 27.698745727539062
v -27.9609317779541 -15.092182159423828 28.242340087890625
v -27.747798919677734 -15.340030670166016 27.796630859375
v -28.115962982177734 -14.137625694274902 28.275222778320312
v -20.475269317626953 -13.967477798461914 27.695159912109375
v -28.09113311767578 -13.398849487304688 28.377151489257812
v -20.49703598022461 -13.105714797973633 27.657852172851562
v -28.024112701416016 -13.14130973815918 27.716827392578125
v -27.854406356811523 -12.84189224243164 27.0684814453125
v -27.63800621032715 -12.11538314819336 26.847610473632812
v -20.597171783447266 -12.259733200073242 27.525100708007812
v -28.011119842529297 -12.699127197265625 28.1719970703125
v -27.905977249145508 -12.563896179199219 27.571792602539062
v -27.354372024536133 -11.318683624267578 27.396392822265625
v -20.82269287109375 -11.449337005615234 27.4664306640625
v -21.558963775634766 -10.868370056152344 28.227462768554688
v -21.17205810546875 -11.102855682373047 27.934417724609375
v -27.956653594970703 -12.32856559753418 28.470916748046875
v -27.793048858642578 -12.06827163696289 27.939300537109375
v -26.97484588623047 -10.676395416259766 27.4835205078125
v -21.671545028686523 -10.477685928344727 27.856216430664062
v -26.697040557861328 -10.368037223815918 27.917633056640625
v -22.069000244140625 -10.178565979003906 27.617034912109375
v -26.341617584228516 -10.050952911376953 27.677536010742188
v -25.85965347290039 -9.852754592895508 27.519760131835938
v -25.237464904785156 -9.737194061279297 27.407684326171875
v -24.498676300048828 -9.690725326538086 27.31536865234375
v -23.674476623535156 -9.711718559265137 27.222824096679688
v -22.75966453552246 -9.830379486083984 27.165145874023438
v -26.086055755615234 -16.97618865966797 28.528366088867188
v -25.574111938476562 -17.169391632080078 28.54217529296875
v -24.89480972290039 -17.309452056884766 28.517074584960938
v -24.185443878173828 -17.394304275512695 28.414840698242188
v -23.48908233642578 -17.42913818359375 28.187026977539062
v -22.722816467285156 -17.35696792602539 27.915191650390625
v -26.508499145507812 -16.789018630981445 28.0755615234375
v -22.290647506713867 -16.977142333984375 28.628692626953125
v -26.333284378051758 -16.570472717285156 28.7255859375
v -25.677263259887695 -16.7879695892334 28.978652954101562
v -24.96446418762207 -16.927814483642578 29.045867919921875
v -24.20456314086914 -17.020570755004883 29.005050659179688
v -23.462736129760742 -17.092681884765625 28.853530883789062
v -22.89611053466797 -17.159854888916016 28.616943359375
v -26.975440979003906 -16.207027435302734 28.170623779296875
v -21.974313735961914 -16.578960418701172 28.940887451171875
v -27.627933502197266 -15.450906753540039 28.780899047851562
v -27.332199096679688 -15.784716606140137 28.631210327148438
v -21.535837173461914 -16.340755462646484 28.765792846679688
v -21.17254638671875 -16.08763885498047 28.409500122070312
v -26.619983673095703 -15.946531295776367 29.010162353515625
v -25.808704376220703 -16.233360290527344 29.251708984375
v -25.02574920654297 -16.380083084106445 29.388351440429688
v -24.2215518951416 -16.466760635375977 29.411468505859375
v -23.414134979248047 -16.53978729248047 29.31732177734375
v -22.616470336914062 -16.64779281616211 29.082183837890625
v -27.873218536376953 -15.218544006347656 28.630142211914062
v -20.9195613861084 -15.448689460754395 28.27606201171875
v -27.680419921875 -15.002525329589844 28.9520263671875
v -27.151262283325195 -15.347539901733398 29.114990234375
v -26.4739990234375 -15.369617462158203 29.381256103515625
v -25.860082626342773 -15.576112747192383 29.474945068359375
v -25.066280364990234 -15.706480026245117 29.59503173828125
v -24.23652458190918 -15.778255462646484 29.64874267578125
v -23.40924835205078 -15.832721710205078 29.60174560546875
v -22.61042594909668 -15.901398658752441 29.431076049804688
v -21.85431671142578 -15.983783721923828 29.130859375
v -21.310688018798828 -15.84068489074707 28.792724609375
v -27.99386978149414 -14.67629623413086 28.612594604492188
v -20.863998413085938 -14.607572555541992 28.400115966796875
v -27.734268188476562 -14.315807342529297 29.065170288085938
v -27.24977684020996 -14.595949172973633 29.301300048828125
v -26.599157333374023 -14.767765998840332 29.4866943359375
v -25.863731384277344 -14.869832992553711 29.627532958984375
v -25.072729110717773 -14.955615997314453 29.717254638671875
v -24.236881256103516 -15.005599975585938 29.764022827148438
v -23.407066345214844 -15.04204273223877 29.733734130859375
v -22.619020462036133 -15.093242645263672 29.594268798828125
v -21.904516220092773 -15.170621871948242 29.321670532226562
v -21.318710327148438 -15.25430679321289 28.904953002929688
v -28.014230728149414 -13.938689231872559 28.761978149414062
v -20.86477279663086 -13.759195327758789 28.402862548828125
v -27.736770629882812 -13.569283485412598 29.148788452148438
v -27.277433395385742 -13.807153701782227 29.393844604492188
v -26.640260696411133 -13.983774185180664 29.578475952148438
v -25.882863998413086 -14.093172073364258 29.705276489257812
v -25.06363296508789 -14.155745506286621 29.780807495117188
v -24.22395896911621 -14.19023323059082 29.806060791015625
v -23.398792266845703 -14.21363353729248 29.766693115234375
v -22.62214469909668 -14.252758026123047 29.633407592773438
v -21.923233032226562 -14.327896118164062 29.376296997070312
v -21.329248428344727 -14.443445205688477 28.9715576171875
v -27.976619720458984 -13.315736770629883 28.873672485351562
v -20.91265869140625 -12.918663024902344 28.332901000976562
v -27.71257209777832 -12.857270240783691 29.124832153320312
v -27.264738082885742 -13.004959106445312 29.402313232421875
v -26.638614654541016 -13.146268844604492 29.608230590820312
v -25.8812313079834 -13.253486633300781 29.737396240234375
v -25.05192756652832 -13.32186508178711 29.799118041992188
v -24.209426879882812 -13.362895965576172 29.803619384765625
v -23.39423942565918 -13.38692855834961 29.744491577148438
v -22.630178451538086 -13.415824890136719 29.599456787109375
v -21.94278335571289 -13.48273754119873 29.343414306640625
v -21.352731704711914 -13.597572326660156 28.950042724609375
v -27.968299865722656 -12.722349166870117 28.730621337890625
v -21.012746810913086 -12.145650863647461 28.24798583984375
v -27.682268142700195 -12.242507934570312 28.985977172851562
v -27.23773765563965 -12.247764587402344 29.272003173828125
v -26.619922637939453 -12.318313598632812 29.531784057617188
v -25.87379264831543 -12.40551471710205 29.692306518554688
v -25.046634674072266 -12.480365753173828 29.758453369140625
v -24.201404571533203 -12.543129920959473 29.750442504882812
v -23.4072208404541 -12.602639198303223 29.683609008789062
v -22.66781234741211 -12.622714042663574 29.524383544921875
v -21.983205795288086 -12.665581703186035 29.256744384765625
v -21.399343490600586 -12.77933120727539 28.872604370117188
v -27.887296676635742 -12.223601341247559 28.751296997070312
v -21.145999908447266 -11.59619140625 28.238067626953125
v -27.827632904052734 -12.001848220825195 28.509368896484375
v -27.532041549682617 -11.60017204284668 28.3453369140625
v -21.917020797729492 -11.167276382446289 28.730010986328125
v -21.501911163330078 -11.400818824768066 28.550796508789062
v -27.688444137573242 -11.90485954284668 28.760833740234375
v -27.23078727722168 -11.579381942749023 28.891754150390625
v -26.599193572998047 -11.544346809387207 29.287872314453125
v -25.880802154541016 -11.601484298706055 29.519195556640625
v -25.072538375854492 -11.672663688659668 29.6148681640625
v -24.22490119934082 -11.749672889709473 29.609909057617188
v -23.407649993896484 -11.847805976867676 29.5330810546875
v -22.784626007080078 -12.00263500213623 29.443283081054688
v -22.079288482666016 -11.844611167907715 29.106369018554688
v -21.469175338745117 -12.038528442382812 28.763809204101562
v -27.02411460876465 -10.924053192138672 28.247604370117188
v -22.12461280822754 -10.64310073852539 28.388824462890625
v -26.545047760009766 -10.811031341552734 28.849945068359375
v -25.90961456298828 -10.888099670410156 29.185638427734375
v -25.154125213623047 -10.949063301086426 29.320602416992188
v -24.325489044189453 -11.022127151489258 29.334869384765625
v -23.47933006286621 -11.120390892028809 29.256439208984375
v -22.613346099853516 -11.275839805603027 29.086837768554688
v -26.624988555908203 -10.456192016601562 28.440093994140625
v -22.558439254760742 -10.224533081054688 28.064727783203125
v -26.429140090942383 -10.17911434173584 28.241043090820312
v -26.080739974975586 -10.051178932189941 28.241119384765625
v -25.53671646118164 -9.988021850585938 28.243331909179688
v -24.833656311035156 -9.972965240478516 28.227310180664062
v -24.038028717041016 -10.00729751586914 28.177108764648438
v -23.221635818481445 -10.094523429870605 28.102951049804688
v -26.33731460571289 -10.303282737731934 28.584213256835938
v -25.953472137451172 -10.339999198913574 28.746490478515625
v -25.304244995117188 -10.36726188659668 28.85711669921875
v -24.527145385742188 -10.413944244384766 28.879852294921875
v -23.700761795043945 -10.491668701171875 28.825759887695312
v -22.89375114440918 -10.595321655273438 28.696517944335938
vn -0.09286414086818695 -0.7579918503761292 -0.6456195712089539
vn -0.016589192673563957 -0.7307466268539429 -0.6824472546577454
vn 0.1015404462814331 -0.6770272850990295 -0.7289194464683533
vn 0.3224462568759918 -0.6433206796646118 -0.6943824887275696
vn -0.12529702484607697 -0.5227739810943604 -0.843212902545929
vn 0.008745097555220127 -0.5326219797134399 -0.8463081121444702
vn 0.18384668231010437 -0.47421693801879883 -0.8609986901283264
vn 0.45103615522384644 -0.3780359923839569 -0.8084895014762878
vn -0.5989397764205933 -0.1752936691045761 -0.7813727259635925
vn -0.3503130078315735 -0.27175551652908325 -0.8963424563407898
vn -0.16271865367889404 -0.2736910581588745 -0.9479535222053528
vn 0.019352955743670464 -0.33925527334213257 -0.9404952526092529
vn 0.21111296117305756 -0.3398546576499939 -0.9164770841598511
vn 0.4572061598300934 -0.3208668529987335 -0.829461932182312
vn 0.7326223850250244 -0.30892443656921387 -0.6064900755882263
vn -0.6435518264770508 -0.01073098462074995 -0.7653273344039917
vn -0.45287543535232544 -0.025916121900081635 -0.8911970853805542
vn -0.2677874267101288 -0.05839574709534645 -0.9617067575454712
vn -0.0427265390753746 -0.11817333102226257 -0.9920733571052551
vn 0.16880685091018677 -0.19307851791381836 -0.9665530920028687
vn 0.39651280641555786 -0.2615034580230713 -0.8799963593482971
vn 0.6396466493606567 -0.3766559064388275 -0.6700616478919983
vn -0.6447278261184692 0.14159022271633148 -0.7511845827102661
vn -0.5005512237548828 0.16442151367664337 -0.8499494194984436
vn -0.3373454213142395 0.13714125752449036 -0.9313379526138306
vn -0.1419212818145752 0.08339524269104004 -0.9863588213920593
vn 0.07195623964071274 0.0035685331095010042 -0.9974014163017273
vn 0.2826661765575409 -0.09749431163072586 -0.9542508721351624
vn 0.4749203324317932 -0.2182866781949997 -0.8525266647338867
vn 0.6096808314323425 -0.32939279079437256 -0.7209644317626953
vn 0.7799450755119324 -0.2255212813615799 -0.5838028788566589
vn -0.6684433817863464 0.31765443086624146 -0.6725170612335205
vn -0.5390443205833435 0.3505658507347107 -0.765855610370636
vn -0.3995151221752167 0.3161710798740387 -0.8604786396026611
vn -0.22620275616645813 0.26933586597442627 -0.936103880405426
vn -0.02863861620426178 0.21250829100608826 -0.9767395257949829
vn 0.1696401834487915 0.1370367854833603 -0.9759319424629211
vn 0.3596256673336029 0.03613518178462982 -0.9323967099189758
vn 0.5378010869026184 -0.055283837020397186 -0.8412572741508484
vn 0.7348141670227051 -0.037790097296237946 -0.6772149801254272
vn -0.4552271068096161 0.4888405203819275 -0.7441795468330383
vn -0.2988107204437256 0.4383014440536499 -0.8477051854133606
vn -0.11035199463367462 0.40840062499046326 -0.9061078429222107
vn 0.08242746442556381 0.37845611572265625 -0.9219418168067932
vn 0.26071950793266296 0.33284419775009155 -0.9062229990959167
vn 0.44611796736717224 0.2481139600276947 -0.8598943948745728
vn 0.6947015523910522 0.15092691779136658 -0.7032856941223145
vn -0.471109539270401 0.6415302753448486 -0.6053881645202637
vn -0.3619256317615509 0.5995734930038452 -0.7138077020645142
vn -0.1865289956331253 0.578874409198761 -0.7937955856323242
vn 0.011964875273406506 0.5732257962226868 -0.8193100690841675
vn 0.2245570570230484 0.579014241695404 -0.7837836146354675
vn 0.3598484992980957 0.5835025906562805 -0.7280341982841492
vn 0.571664035320282 0.4678911566734314 -0.6740015745162964
vn -0.12312071770429611 -0.9155582189559937 -0.3828766644001007
vn -0.05772807076573372 -0.9032050967216492 -0.4253093898296356
vn 0.02038889192044735 -0.8986685872077942 -0.4381542205810547
vn 0.16235582530498505 -0.887535810470581 -0.43118542432785034
vn -0.15163134038448334 -0.7677386999130249 -0.6225634813308716
vn 0.48537349700927734 -0.7689549326896667 -0.41607803106307983
vn -0.4446204602718353 -0.8357421159744263 -0.32225432991981506
vn -0.24506735801696777 -0.882620096206665 -0.4011530578136444
vn 0.7296287417411804 -0.6354889273643494 -0.25257837772369385
vn -0.28438839316368103 -0.5500692129135132 -0.7852051854133606
vn 0.6608508229255676 -0.5022802948951721 -0.5576654076576233
vn -0.7402170896530151 -0.33912450075149536 -0.5805800557136536
vn -0.5247409343719482 -0.435687392950058 -0.731316328048706
vn 0.758784294128418 -0.3255314528942108 -0.5641593337059021
vn -0.6442219614982605 -0.6023653745651245 -0.47131094336509705
vn -0.39956527948379517 -0.7194058299064636 -0.568157434463501
vn 0.8359761238098145 -0.4443115293979645 -0.3220733404159546
vn -0.7892172932624817 -0.18712511658668518 -0.58491051197052
vn 0.8820692300796509 -0.35240820050239563 -0.3126697838306427
vn -0.7792608737945557 -0.047286972403526306 -0.624913215637207
vn 0.8457112312316895 -0.42940768599510193 -0.3168305456638336
vn 0.7443544864654541 -0.5244510173797607 -0.41338562965393066
vn 0.7469895482063293 -0.4797172248363495 -0.46030208468437195
vn -0.7792821526527405 0.15133510529994965 -0.6081258654594421
vn 0.9072487354278564 -0.3223177492618561 -0.2702055275440216
vn -0.7532085180282593 0.39552387595176697 -0.5255832672119141
vn 0.9464954733848572 -0.053562749177217484 -0.3182411789894104
vn -0.6586287617683411 0.4869774878025055 -0.5736384987831116
vn -0.5698846578598022 0.5128392577171326 -0.6420494318008423
vn -0.550229549407959 0.622506320476532 -0.5565369725227356
vn 0.9255132675170898 0.09692863374948502 -0.3661010265350342
vn -0.5219002962112427 0.7216541767120361 -0.4547916650772095
vn 0.8729453682899475 0.259258508682251 -0.4132207930088043
vn -0.4319946765899658 0.7326992750167847 -0.5258635878562927
vn -0.2965147793292999 0.7096384763717651 -0.6391339302062988
vn -0.12387482076883316 0.7129865884780884 -0.690148651599884
vn 0.20772157609462738 0.6874952912330627 -0.6958463191986084
vn 0.46000123023986816 0.7478480935096741 -0.47866708040237427
vn 0.48784559965133667 0.7828852534294128 -0.3861314058303833
vn 0.7061567902565002 0.6135154366493225 -0.3534706234931946
vn -0.21947941184043884 0.7945456504821777 -0.5661501884460449
vn 0.12144118547439575 0.7710458040237427 -0.6250923275947571
vn 0.5062554478645325 0.7222431898117065 -0.471243292093277
vn -0.2304176390171051 0.8940656781196594 -0.3841279447078705
vn 0.02463575266301632 0.8947516083717346 -0.4458842873573303
vn 0.3762966990470886 0.8269184827804565 -0.41785961389541626
vn -0.4547324776649475 -0.874226987361908 -0.170134037733078
vn -0.25802886486053467 -0.9439531564712524 -0.20584847033023834
vn -0.12640100717544556 -0.9726914763450623 -0.19466419517993927
vn -0.023419950157403946 -0.9728430509567261 -0.23027804493904114
vn 0.06829332560300827 -0.9709610939025879 -0.22928275167942047
vn 0.19991470873355865 -0.9565391540527344 -0.2122899442911148
vn 0.44076594710350037 -0.8731669187545776 -0.208098366856575
vn -0.6552680134773254 -0.703262448310852 -0.27576398849487305
vn 0.6910686492919922 -0.7139514088630676 -0.11268328130245209
vn -0.8077751994132996 -0.45580777525901794 -0.37381625175476074
vn 0.8598933219909668 -0.4933070242404938 -0.1312696635723114
vn -0.8238741159439087 -0.28720521926879883 -0.4886150360107422
vn 0.9034541845321655 -0.4099937975406647 -0.1252027451992035
vn -0.8922827839851379 -0.27277320623397827 -0.359758585691452
vn -0.8112753629684448 -0.4047422409057617 -0.421919584274292
vn -0.8502969741821289 -0.012196681462228298 -0.5261619687080383
vn 0.9081628918647766 -0.4144098460674286 -0.05919979140162468
vn 0.8646726608276367 -0.4869438111782074 -0.12339793145656586
vn 0.8598872423171997 -0.48409169912338257 -0.16201619803905487
vn -0.9333900809288025 -0.006013176869601011 -0.3588130474090576
vn -0.8778973817825317 -0.1378924399614334 -0.45856502652168274
vn -0.8524253964424133 0.23382849991321564 -0.46764859557151794
vn 0.9693326950073242 -0.24195058643817902 -0.043058887124061584
vn -0.9255568981170654 0.192115917801857 -0.3262452483177185
vn -0.8980777263641357 0.13611279428005219 -0.41824615001678467
vn -0.8028857707977295 0.4318940043449402 -0.4109039902687073
vn 0.9990121722221375 -0.010461325757205486 -0.04319000616669655
vn -0.7321065664291382 0.5512561202049255 -0.40017086267471313
vn -0.6448283791542053 0.5943475961685181 -0.4805697500705719
vn -0.9022505283355713 0.3173578977584839 -0.291938453912735
vn -0.8498300909996033 0.38871413469314575 -0.35593557357788086
vn -0.5968279242515564 0.6871005296707153 -0.41435420513153076
vn 0.985607922077179 0.16561740636825562 -0.03388093784451485
vn -0.6936191320419312 0.6379464268684387 -0.33453989028930664
vn -0.6637790203094482 0.6432477831840515 -0.3816145956516266
vn 0.8877391815185547 0.35564592480659485 0.2922930419445038
vn 0.9597529172897339 0.21020273864269257 0.18625056743621826
vn -0.5616721510887146 0.7457506656646729 -0.3583020269870758
vn 0.8998442888259888 0.428061842918396 -0.08392490446567535
vn -0.5072132349014282 0.7709218859672546 -0.38524559140205383
vn -0.38641494512557983 0.7707542181015015 -0.5065782070159912
vn 0.6301956176757812 0.774688720703125 -0.052066318690776825
vn 0.6888694167137146 0.7248736619949341 -0.00415255781263113
vn -0.6460631489753723 0.7056178450584412 -0.29104265570640564
vn -0.61589115858078 0.7180870175361633 -0.3240819275379181
vn 0.773969292640686 0.5971684455871582 0.2106214314699173
vn 0.8835204839706421 0.4412854015827179 0.15703150629997253
vn -0.40091821551322937 0.8260365128517151 -0.3961416482925415
vn 0.7321706414222717 0.6648368835449219 -0.14804817736148834
vn -0.28109487891197205 0.932098388671875 -0.22842569649219513
vn 0.7098187804222107 0.6710527539253235 -0.21411573886871338
vn -0.06109423190355301 0.9752841591835022 -0.21234025061130524
vn 0.21563714742660522 0.9540799856185913 -0.20792312920093536
vn 0.5045278072357178 0.8461818695068359 -0.17154589295387268
vn -0.44286438822746277 -0.8889971375465393 -0.11642727255821228
vn -0.285742849111557 -0.9535748958587646 -0.09511061757802963
vn -0.15570862591266632 -0.9840071797370911 -0.08651462942361832
vn -0.006506579462438822 -0.9955565333366394 -0.09394100308418274
vn 0.12375089526176453 -0.9870281219482422 -0.10228034108877182
vn 0.27126121520996094 -0.9581845998764038 -0.09110243618488312
vn 0.4706610441207886 -0.8786613345146179 -0.08020296692848206
vn -0.6581429243087769 -0.7231430411338806 -0.20955225825309753
vn 0.7351186275482178 -0.6769776344299316 -0.036082956939935684
vn -0.7339191436767578 -0.5932270884513855 -0.33082374930381775
vn 0.8682586550712585 -0.4948563277721405 -0.035273391753435135
vn -0.904076337814331 -0.34707239270210266 -0.24937286972999573
vn -0.7954052090644836 -0.5163629055023193 -0.3173326253890991
vn -0.9534948468208313 -0.13840150833129883 -0.26775482296943665
vn 0.9229695200920105 -0.38484475016593933 -0.004662268795073032
vn -0.9716453552246094 0.04001530259847641 -0.23303236067295074
vn 0.9554094672203064 -0.2819114029407501 0.08785626292228699
vn 0.9264895915985107 -0.3718155026435852 0.05805467069149017
vn 0.9290120601654053 -0.36978188157081604 0.014071938581764698
vn -0.9604099988937378 0.17106521129608154 -0.21988481283187866
vn 0.9820470809936523 -0.16139470040798187 0.09764890372753143
vn 0.9610997438430786 -0.1982617825269699 0.1923007369041443
vn 0.9573942422866821 -0.2544059753417969 0.13665229082107544
vn -0.9217610955238342 0.320717453956604 -0.21793754398822784
vn 0.9900209307670593 0.02152545377612114 0.13926701247692108
vn -0.8418278098106384 0.4558207094669342 -0.2890561521053314
vn -0.7685001492500305 0.5471112728118896 -0.33177825808525085
vn 0.9226686358451843 0.20662325620651245 0.3255603313446045
vn 0.9568340182304382 0.10214762389659882 0.2720927894115448
vn 0.9598080515861511 0.000963272585067898 0.28065553307533264
vn 0.9723711609840393 -0.08539165556430817 0.21726176142692566
vn -0.7068920135498047 0.6467156410217285 -0.2864656448364258
vn 0.8664569854736328 0.3933377265930176 0.30747005343437195
vn -0.6472166180610657 0.7183080911636353 -0.25523343682289124
vn 0.824863612651825 0.5440854430198669 0.15352888405323029
vn -0.6022970676422119 0.7507168054580688 -0.2714085876941681
vn -0.570132851600647 0.7635461091995239 -0.30322596430778503
vn -0.5507702827453613 0.7792649269104004 -0.29899564385414124
vn -0.4909065365791321 0.7924885153770447 -0.36190155148506165
vn -0.42099541425704956 0.8678515553474426 -0.26381170749664307
vn 0.8438504934310913 0.5360077023506165 0.024742916226387024
vn -0.5206850171089172 0.8203207850456238 -0.23656058311462402
vn -0.496931791305542 0.8265060782432556 -0.26447415351867676
vn 0.8639845848083496 0.49174484610557556 0.10824830830097198
vn -0.2838166654109955 0.9473597407341003 -0.14818128943443298
vn 0.7032190561294556 0.7103239893913269 -0.03037909045815468
vn -0.055749379098415375 0.9959176182746887 -0.07099410146474838
vn 0.14967796206474304 0.9875890612602234 -0.047585729509592056
vn 0.4395656883716583 0.8980448842048645 0.017247196286916733
vn -0.4458779990673065 0.8751831650733948 -0.18774299323558807
vn -0.39128437638282776 0.9026429057121277 -0.1792551875114441
vn 0.7158318758010864 0.6944960355758667 0.07252677530050278
vn -0.37413930892944336 -0.922417938709259 -0.09573360532522202
vn -0.2603893578052521 -0.9642422795295715 -0.049338288605213165
vn -0.1415880173444748 -0.9896339774131775 -0.024030355736613274
vn -0.00999344140291214 -0.9998286962509155 -0.015580504201352596
vn 0.150856152176857 -0.9883679747581482 -0.019269520416855812
vn 0.3289152681827545 -0.9442164301872253 -0.016435401514172554
vn 0.5311712622642517 -0.8471710085868835 -0.012586485594511032
vn -0.5660410523414612 -0.8026887774467468 -0.18785184621810913
vn 0.7537060976028442 -0.6569657921791077 0.017976846545934677
vn -0.644341230392456 -0.7200091481208801 -0.25770384073257446
vn 0.8809299468994141 -0.47191211581230164 0.03551525995135307
vn -0.9178351759910583 -0.35717445611953735 -0.1732194721698761
vn -0.7959339022636414 -0.5555439591407776 -0.240541473031044
vn -0.9739797115325928 -0.14784511923789978 -0.1717715710401535
vn 0.9440743923187256 -0.32187730073928833 0.07154425978660583
vn -0.9872546792030334 0.0016687680035829544 -0.15913954377174377
vn 0.9748038053512573 -0.185709610581398 0.12356980890035629
vn -0.9735128283500671 0.15195710957050323 -0.17082737386226654
vn 0.976775050163269 -0.07775368541479111 0.19966179132461548
vn -0.933508574962616 0.30414214730262756 -0.18989291787147522
vn 0.9478369355201721 0.1501932293176651 0.2811533510684967
vn -0.8619121313095093 0.4513828754425049 -0.23100003600120544
vn -0.7779510617256165 0.5664443373680115 -0.27190619707107544
vn -0.708482563495636 0.6596189141273499 -0.2509090006351471
vn 0.919012725353241 0.3152161240577698 0.2367582470178604
vn -0.6526633501052856 0.719261884689331 -0.23810259997844696
vn 0.908954918384552 0.38460198044776917 0.1608799397945404
vn -0.6079779863357544 0.7558927536010742 -0.24287639558315277
vn -0.57588791847229 0.7771294116973877 -0.25381678342819214
vn 0.8598240613937378 0.47581946849823 0.18519844114780426
vn -0.5310832858085632 0.8200297951698303 -0.21331146359443665
vn 0.7507098913192749 0.641381025314331 0.15831947326660156
vn -0.4183984696865082 0.8943924307823181 -0.15812943875789642
vn 0.5550661683082581 0.8208070397377014 0.13482289016246796
vn -0.28986284136772156 0.9493114352226257 -0.12160369753837585
vn -0.1583964079618454 0.9852405190467834 -0.06489834189414978
vn 0.0933767557144165 0.9955098032951355 0.015525906346738338
vn 0.3001725971698761 0.9517907500267029 0.06317310035228729
vn -0.28114232420921326 -0.9555974006652832 -0.08827553689479828
vn -0.1982753872871399 -0.9795495271682739 -0.034198641777038574
vn -0.10149937123060226 -0.9948180913925171 0.005907140672206879
vn 0.010085616260766983 -0.9994162917137146 0.0326395183801651
vn 0.15587829053401947 -0.9870719313621521 0.037296656519174576
vn 0.36076390743255615 -0.9319302439689636 0.036815933883190155
vn 0.5688783526420593 -0.8214612603187561 0.03973547741770744
vn -0.46864739060401917 -0.8674963712692261 -0.1667926162481308
vn 0.7724000811576843 -0.6314491033554077 0.0683392733335495
vn -0.548366904258728 -0.8294367790222168 -0.10643477737903595
vn -0.41340023279190063 -0.9022229909896851 -0.12285740673542023
vn -0.641001284122467 -0.7379517555236816 -0.21105585992336273
vn 0.9029074907302856 -0.41963720321655273 0.09307403862476349
vn -0.9024227857589722 -0.41199246048927307 -0.12607677280902863
vn -0.791951060295105 -0.5862014293670654 -0.17082570493221283
vn -0.7639520168304443 -0.6339318156242371 -0.1204487532377243
vn -0.5988857746124268 -0.7863781452178955 -0.1514764279127121
vn -0.9705857038497925 -0.202278733253479 -0.13056319952011108
vn 0.9625560641288757 -0.23920217156410217 0.12754696607589722
vn -0.9874507188796997 -0.029202139005064964 -0.15520408749580383
vn 0.9818060398101807 -0.08774836361408234 0.1683957725763321
vn -0.974307656288147 0.13693000376224518 -0.17881502211093903
vn 0.9775445461273193 0.04072769358754158 0.20675580203533173
vn -0.9267911314964294 0.30628249049186707 -0.21736907958984375
vn 0.9600639939308167 0.16985370218753815 0.22232168912887573
vn -0.8688151240348816 0.4481242299079895 -0.21058259904384613
vn -0.7886636853218079 0.5672977566719055 -0.2370293289422989
vn -0.7161100506782532 0.6578269004821777 -0.23334574699401855
vn 0.9422961473464966 0.2655653953552246 0.20384563505649567
vn -0.8384215831756592 0.494820773601532 -0.2284768670797348
vn -0.7926820516586304 0.5685484409332275 -0.2200177013874054
vn -0.6684736013412476 0.7070356607437134 -0.23074598610401154
vn 0.9180127382278442 0.34698596596717834 0.191972553730011
vn -0.614702045917511 0.7532429099082947 -0.2340225875377655
vn -0.5748763084411621 0.7855409383773804 -0.22900381684303284
vn 0.8353142738342285 0.5050454139709473 0.21720799803733826
vn -0.786594033241272 0.5621439814567566 -0.2554681897163391
vn -0.7360902428627014 0.6355194449424744 -0.23299425840377808
vn -0.5028570294380188 0.8417943120002747 -0.19625796377658844
vn 0.7107416987419128 0.670383095741272 0.21314984560012817
vn -0.3640161156654358 0.9215375185012817 -0.13513299822807312
vn 0.5551335215568542 0.813859224319458 0.17163899540901184
vn -0.23726506531238556 0.9680116772651672 -0.08160126954317093
vn -0.06448052078485489 0.997748613357544 -0.018442809581756592
vn 0.1085594892501831 0.9924367666244507 0.057307567447423935
vn 0.3497331440448761 0.9299283027648926 0.11366643011569977
vn -0.5193189978599548 -0.8502457737922668 -0.08596491068601608
vn -0.3333321511745453 -0.9397690892219543 -0.07565559446811676
vn -0.18429884314537048 -0.9815906882286072 -0.05013733357191086
vn -0.11809016019105911 -0.9926204681396484 -0.027556274086236954
vn -0.039157330989837646 -0.9990977644920349 0.01644812524318695
vn 0.05855584144592285 -0.9966403841972351 0.057264283299446106
vn 0.1875350922346115 -0.9782263040542603 0.0889042392373085
vn 0.34568387269973755 -0.9345110654830933 0.08480427414178848
vn 0.5852245688438416 -0.8064804673194885 0.08427033573389053
vn -0.7194331288337708 -0.6873487830162048 -0.09983865916728973
vn 0.8129605650901794 -0.5728979110717773 0.10432219505310059
vn 0.6686099171638489 -0.7320468425750732 0.13064564764499664
vn -0.8885484933853149 -0.4435247480869293 -0.11733466386795044
vn 0.9349802136421204 -0.3265915513038635 0.13838361203670502
vn 0.8334926962852478 -0.5291867852210999 0.15890651941299438
vn -0.959716796875 -0.23071692883968353 -0.160353884100914
vn 0.9748924970626831 -0.15017469227313995 0.16441479325294495
vn -0.9802760481834412 -0.04822927713394165 -0.19165821373462677
vn 0.9820612668991089 -0.022975893691182137 0.18715700507164001
vn -0.9665193557739258 0.11066224426031113 -0.23150421679019928
vn 0.9771074056625366 0.08001843094825745 0.19712471961975098
vn -0.9336816072463989 0.24226173758506775 -0.2637195885181427
vn 0.9644433856010437 0.17463319003582 0.1983739733695984
vn -0.8646802306175232 0.42234402894973755 -0.2719442546367645
vn 0.9381639361381531 0.2764182686805725 0.2084260880947113
vn 0.9344543218612671 0.28786125779151917 0.20959733426570892
vn -0.7701204419136047 0.5693221092224121 -0.28772714734077454
vn 0.8980324268341064 0.3781520426273346 0.22480857372283936
vn -0.7030302882194519 0.6621614098548889 -0.2594047486782074
vn -0.6543375849723816 0.7166687846183777 -0.24130523204803467
vn -0.5912690758705139 0.7718332409858704 -0.23382556438446045
vn -0.5563602447509766 0.8008162975311279 -0.22171276807785034
vn 0.8121940493583679 0.519474446773529 0.26549431681632996
vn 0.8671038150787354 0.4322390854358673 0.24758924543857574
vn -0.46409523487091064 0.8665587306022644 -0.1835528016090393
vn 0.7277170419692993 0.6418118476867676 0.24187922477722168
vn -0.5312060713768005 0.81674724817276 -0.22526447474956512
vn -0.5239478349685669 0.825914204120636 -0.20819346606731415
vn 0.6780248284339905 0.7015272378921509 0.2194126397371292
vn 0.7881596088409424 0.5717299580574036 0.22787997126579285
vn -0.3261399567127228 0.9376866221427917 -0.11990204453468323
vn 0.5660597681999207 0.8027701377868652 0.1874472051858902
vn -0.13953819870948792 0.9892898201942444 -0.042834389954805374
vn -0.017823439091444016 0.9997210502624512 0.01549630519002676
vn 0.2027498334646225 0.9741714000701904 0.09941127896308899
vn 0.38512638211250305 0.9091847538948059 0.15830621123313904
vn -0.4429895281791687 0.8744696974754333 -0.19764383137226105
vn -0.40683647990226746 0.8980664610862732 -0.1672145575284958
vn 0.4744369387626648 0.8617492914199829 0.17971576750278473
vn 0.6309053897857666 0.7466055750846863 0.21104170382022858
vn -0.5001354813575745 -0.8601562976837158 -0.09997814893722534
vn -0.3057882785797119 -0.9498279094696045 -0.06573137640953064
vn -0.16349869966506958 -0.9859740734100342 -0.03351625055074692
vn -0.05427485331892967 -0.9985250234603882 -0.001419653883203864
vn 0.02183215133845806 -0.9993700385093689 0.027981489896774292
vn 0.1189475730061531 -0.9906622767448425 0.06663133949041367
vn 0.24331621825695038 -0.9642431735992432 0.10503464192152023
vn 0.43309593200683594 -0.8922213912010193 0.12794113159179688
vn -0.7293455004692078 -0.6745460629463196 -0.11420474201440811
vn 0.6606892943382263 -0.7297207117080688 0.17606090009212494
vn -0.8716037273406982 -0.46099039912223816 -0.16671797633171082
vn 0.8522571325302124 -0.47815486788749695 0.21219274401664734
vn 0.9294143319129944 -0.3257494568824768 0.17342509329319
vn -0.9425380825996399 -0.2545492947101593 -0.21639475226402283
vn 0.9752748012542725 -0.13556580245494843 0.1745307594537735
vn 0.9484133124351501 -0.2393561750650406 0.20789620280265808
vn -0.9647601246833801 -0.06749194860458374 -0.2543279528617859
vn 0.9822205305099487 0.001892435597255826 0.18772126734256744
vn 0.9752791523933411 -0.086613729596138 0.2032945305109024
vn -0.9491417407989502 0.09213395416736603 -0.3010669946670532
vn 0.9771854281425476 0.09525904804468155 0.18982715904712677
vn -0.9462418556213379 0.03475690633058548 -0.3215872049331665
vn -0.9415770769119263 0.01913623698055744 -0.33625340461730957
vn 0.9797632694244385 0.02388266660273075 0.1987299919128418
vn -0.9008812308311462 0.29152819514274597 -0.3215967118740082
vn 0.9642344117164612 0.18348267674446106 0.19127517938613892
vn 0.9517657160758972 0.21840214729309082 0.21550536155700684
vn -0.9436459541320801 0.11666431277990341 -0.3097125291824341
vn -0.9276405572891235 0.14864479005336761 -0.34261903166770935
vn 0.9716017246246338 0.12052847445011139 0.20362494885921478
vn -0.8304575681686401 0.4633271098136902 -0.30930295586586
vn 0.918834388256073 0.31965920329093933 0.23143351078033447
vn -0.7529985308647156 0.5819833874702454 -0.3070644438266754
vn 0.8668966889381409 0.4409196972846985 0.23255115747451782
vn -0.6810312271118164 0.6748598217964172 -0.28418442606925964
vn -0.6160839796066284 0.7454579472541809 -0.2544267475605011
vn 0.6692525148391724 0.6985710263252258 0.25317925214767456
vn 0.7872448563575745 0.5688740611076355 0.2379661351442337
vn -0.5287135243415833 0.8160613775253296 -0.23346497118473053
vn 0.5444390177726746 0.8091438412666321 0.2210710197687149
vn -0.4001536965370178 0.8990140557289124 -0.1779066026210785
vn 0.36595308780670166 0.9138964414596558 0.17570357024669647
vn -0.2863202393054962 0.9487169981002808 -0.1340031772851944
vn -0.18293312191963196 0.9808101058006287 -0.06743223965167999
vn 0.02976713515818119 0.9994155168533325 0.016812311485409737
vn 0.16434220969676971 0.9829983115196228 0.08188985288143158
vn -0.4375169575214386 -0.889991819858551 -0.12842689454555511
vn -0.2641107439994812 -0.9619788527488708 -0.06958629190921783
vn -0.11504606902599335 -0.9929533004760742 -0.028429565951228142
vn -0.0013541927328333259 -0.9999418258666992 0.010707123205065727
vn 0.08540438860654831 -0.99496990442276 0.05235458165407181
vn 0.14997436106204987 -0.9856240153312683 0.07780126482248306
vn 0.29015931487083435 -0.9495964050292969 0.11863523721694946
vn 0.4571949541568756 -0.8771628737449646 0.1468268781900406
vn -0.6901128888130188 -0.7053278684616089 -0.16203966736793518
vn 0.6836267709732056 -0.7044798731803894 0.19068965315818787
vn 0.43148744106292725 -0.8886788487434387 0.15514035522937775
vn 0.493071585893631 -0.8535435795783997 0.16835643351078033
vn -0.8299961090087891 -0.504240870475769 -0.23842757940292358
vn 0.8476144075393677 -0.4826696515083313 0.22040842473506927
vn 0.5654269456863403 -0.8017306923866272 0.19370172917842865
vn 0.6712250113487244 -0.7147785425186157 0.1963382214307785
vn -0.9063618779182434 -0.2855748236179352 -0.3113762438297272
vn 0.9397732615470886 -0.25447574257850647 0.2281849980354309
vn -0.9139502644538879 -0.27344465255737305 -0.2998715043067932
vn -0.8668178915977478 -0.36218464374542236 -0.34270837903022766
vn -0.9405239820480347 -0.08708266168832779 -0.328376829624176
vn 0.9725778102874756 -0.08205297589302063 0.21762298047542572
vn -0.9559964537620544 -0.044461172074079514 -0.28998979926109314
vn -0.9429551959037781 -0.0708932876586914 -0.3252841532230377
vn -0.947015106678009 -0.14116376638412476 -0.28850507736206055
vn -0.9242383241653442 -0.18819499015808105 -0.3322140872478485
vn -0.959685742855072 0.029897252097725868 -0.2794806659221649
vn 0.9759112596511841 0.054873667657375336 0.2111542522907257
vn -0.9457966685295105 0.1512097418308258 -0.28740957379341125
vn 0.9545888304710388 0.19666248559951782 0.2237946093082428
vn -0.9210931062698364 0.2278680056333542 -0.315695583820343
vn -0.8903634548187256 0.29273685812950134 -0.3486518859863281
vn -0.8287124633789062 0.44844844937324524 -0.3348577916622162
vn 0.9139444231987 0.331928014755249 0.23351545631885529
vn -0.9011127352714539 0.3142763376235962 -0.2987077236175537
vn -0.8739836812019348 0.3645370602607727 -0.321349173784256
vn -0.7534446716308594 0.5773099660873413 -0.3146972060203552
vn 0.8531869649887085 0.4615192413330078 0.2430473417043686
vn -0.6647166013717651 0.6856083273887634 -0.29680484533309937
vn -0.5945008993148804 0.7580618858337402 -0.2681621313095093
vn 0.6486799716949463 0.7100290656089783 0.273994505405426
vn 0.7614437937736511 0.5936423540115356 0.26036936044692993
vn -0.8636412620544434 0.40548425912857056 -0.29951012134552
vn -0.8167404532432556 0.4853442311286926 -0.3120512366294861
vn -0.4855402708053589 0.8442307710647583 -0.22699153423309326
vn 0.5176137685775757 0.8189950585365295 0.24763517081737518
vn -0.331389844417572 0.9307065010070801 -0.15481044352054596
vn 0.40219032764434814 0.8968193531036377 0.18427696824073792
vn -0.21693997085094452 0.9709967374801636 -0.10051076114177704
vn -0.06432762742042542 0.9971879720687866 -0.0384463332593441
vn 0.0800318568944931 0.9959797263145447 0.04024184122681618
vn 0.26075243949890137 0.9591391682624817 0.10981941968202591
vn -0.3109872043132782 -0.9379886388778687 -0.15318046510219574
vn -0.19083772599697113 -0.9785778522491455 -0.07724285870790482
vn -0.05785342678427696 -0.9979665279388428 -0.026754289865493774
vn 0.05742713063955307 -0.9982280731201172 0.015583081170916557
vn 0.15542705357074738 -0.9862192869186401 0.05669180676341057
vn 0.2511387765407562 -0.962047815322876 0.10673948377370834
vn -0.5909998416900635 -0.7706089019775391 -0.23849737644195557
vn 0.4168788492679596 -0.8939296007156372 0.16462653875350952
vn -0.5634129047393799 -0.7999404668807983 -0.20654594898223877
vn -0.45539435744285583 -0.862555742263794 -0.2204848974943161
vn -0.7683641910552979 -0.5489083528518677 -0.32911422848701477
vn 0.5994731783866882 -0.7648630738258362 0.2358313798904419
vn -0.8928476572036743 -0.3743285834789276 -0.25040218234062195
vn -0.8141375780105591 -0.4882698953151703 -0.314281165599823
vn 0.7407026886940002 -0.6289729475975037 0.2361200898885727
vn 0.8420487642288208 -0.4925215542316437 0.21994642913341522
vn -0.7717176079750061 -0.5864658355712891 -0.24598734080791473
vn -0.6515143513679504 -0.701610803604126 -0.2885676622390747
vn -0.9457818865776062 -0.22308160364627838 -0.23607462644577026
vn 0.9390249848365784 -0.26049697399139404 0.22444048523902893
vn -0.9610994458198547 -0.09984467178583145 -0.25752460956573486
vn 0.9746726155281067 -0.06179073452949524 0.21493102610111237
vn -0.9603517055511475 0.003692075377330184 -0.2787669897079468
vn 0.9720463752746582 0.09317512065172195 0.21550928056240082
vn -0.952048659324646 0.11077379435300827 -0.28518882393836975
vn 0.9445504546165466 0.23691494762897491 0.22736701369285583
vn -0.9209942817687988 0.25906845927238464 -0.2909521162509918
vn 0.8887355327606201 0.38557523488998413 0.2479534149169922
vn 0.8076954483985901 0.5158277153968811 0.2855694890022278
vn 0.8688825964927673 0.4198533892631531 0.2622332274913788
vn -0.8559237122535706 0.4222448468208313 -0.29850271344184875
vn 0.8176389932632446 0.5087834596633911 0.2694547474384308
vn -0.7789903879165649 0.5494752526283264 -0.3020777404308319
vn -0.7174209356307983 0.6279028058052063 -0.3017371594905853
vn -0.61574786901474 0.7366124391555786 -0.2797439396381378
vn -0.5568614602088928 0.7866549491882324 -0.26660722494125366
vn 0.6406280398368835 0.7062293887138367 0.3013896942138672
vn 0.7342824935913086 0.6141995191574097 0.28911617398262024
vn 0.7158043384552002 0.6370685696601868 0.28595080971717834
vn 0.8043583631515503 0.5219874978065491 0.28378984332084656
vn -0.4319015145301819 0.8777342438697815 -0.20746999979019165
vn 0.5721162557601929 0.7795844674110413 0.25481587648391724
vn -0.5280939936637878 0.8119995594024658 -0.24854274094104767
vn -0.508854866027832 0.8275843858718872 -0.2370038479566574
vn 0.6277605891227722 0.7595562934875488 0.17026753723621368
vn 0.6747617721557617 0.702815592288971 0.22527079284191132
vn -0.2886316478252411 0.9478549957275391 -0.13513951003551483
vn 0.44951167702674866 0.8747893571853638 0.18078435957431793
vn -0.11527810990810394 0.9908186197280884 -0.07063645124435425
vn -0.006852144841104746 0.9998082518577576 -0.018345577642321587
vn 0.2041095644235611 0.9772787094116211 0.05714607238769531
vn 0.334805428981781 0.9328376054763794 0.13311432301998138
vn -0.4151330590248108 0.886054277420044 -0.20633070170879364
vn -0.3707640469074249 0.9112358093261719 -0.17939741909503937
vn 0.4570052921772003 0.8799552321434021 0.12971115112304688
vn 0.5363233685493469 0.8223795294761658 0.1898661106824875
vn -0.5371960401535034 -0.8345621228218079 -0.1221747025847435
vn -0.34695902466773987 -0.9291102290153503 -0.12795953452587128
vn -0.18027673661708832 -0.97978675365448 -0.08670805394649506
vn -0.09540499746799469 -0.993270218372345 -0.06566682457923889
vn 0.010660603642463684 -0.9997706413269043 -0.018573172390460968
vn 0.1175791397690773 -0.9927232265472412 0.025996776297688484
vn 0.21623876690864563 -0.973913311958313 0.06880216300487518
vn 0.3111783266067505 -0.9433882832527161 0.11483322083950043
vn -0.7354461550712585 -0.6551651954650879 -0.17285113036632538
vn 0.48128387331962585 -0.8553143739700317 0.19184161722660065
vn -0.8908368349075317 -0.4140438437461853 -0.1870225965976715
vn 0.6622608304023743 -0.6994258165359497 0.2687270939350128
vn 0.7763558030128479 -0.5698280930519104 0.2693839967250824
vn 0.8802247047424316 -0.4075171649456024 0.2431754171848297
vn -0.9419578909873962 -0.2520289421081543 -0.2218034714460373
vn 0.9532033801078796 -0.1974066197872162 0.22898471355438232
vn -0.957348644733429 -0.13419942557811737 -0.2558792233467102
vn 0.9734950661659241 -0.020538000389933586 0.2277841418981552
vn -0.9606907367706299 -0.008498931303620338 -0.2774907648563385
vn 0.9638323187828064 0.12958714365959167 0.23288308084011078
vn -0.9458822011947632 0.14134611189365387 -0.2921098470687866
vn 0.9309059977531433 0.27496668696403503 0.24043186008930206
vn 0.8329010009765625 0.46067675948143005 0.30668026208877563
vn 0.8755170702934265 0.39255794882774353 0.2817234396934509
vn -0.9045348763465881 0.2982131540775299 -0.30477139353752136
vn 0.7833099961280823 0.5517129898071289 0.28642338514328003
vn -0.8348854780197144 0.45653489232063293 -0.30747726559638977
vn 0.7616653442382812 0.5961540937423706 0.2539021670818329
vn -0.7590606212615967 0.5758720636367798 -0.3036418855190277
vn -0.6613039970397949 0.6921411752700806 -0.28916728496551514
vn 0.6849035024642944 0.7119123935699463 0.1552027016878128
vn 0.7368807792663574 0.6463098526000977 0.19821801781654358
vn -0.53407222032547 0.8078162670135498 -0.249398872256279
vn 0.5613594651222229 0.816740870475769 0.1334540694952011
vn -0.38042333722114563 0.9055505394935608 -0.18776676058769226
vn 0.40039828419685364 0.9117973446846008 0.0911421924829483
vn -0.2576882541179657 0.9550077319145203 -0.14682283997535706
vn -0.15710897743701935 0.9831240773200989 -0.09372241050004959
vn 0.04505698382854462 0.9983664155006409 -0.03513529524207115
vn 0.17742577195167542 0.9839757084846497 0.01766061782836914
vn -0.5498723983764648 -0.8325883150100708 -0.06661215424537659
vn -0.324502557516098 -0.9440488219261169 -0.058906473219394684
vn -0.16331535577774048 -0.9859961271286011 -0.033761557191610336
vn -0.02713075466454029 -0.9996150732040405 -0.005802498664706945
vn 0.06951772421598434 -0.9974836707115173 0.013916284777224064
vn 0.17873649299144745 -0.9827930927276611 0.046594247221946716
vn 0.27666550874710083 -0.9567926526069641 0.0894654393196106
vn 0.3821011781692505 -0.914133608341217 0.13549374043941498
vn -0.7627323865890503 -0.6345630288124084 -0.12477635592222214
vn 0.5712578296661377 -0.7920700311660767 0.2151503562927246
vn -0.8823229670524597 -0.4410322904586792 -0.16430680453777313
vn 0.7585433721542358 -0.5780077576637268 0.3008638322353363
vn 0.810981810092926 -0.4964672327041626 0.3095625042915344
vn 0.8967435359954834 -0.3561845123767853 0.2626473009586334
vn -0.9286237955093384 -0.3015698790550232 -0.21613289415836334
vn 0.9538670182228088 -0.14996542036533356 0.26009246706962585
vn 0.8703868985176086 -0.3377324640750885 0.35827845335006714
vn 0.903809666633606 -0.2943626046180725 0.31061020493507385
vn -0.9468284249305725 -0.17194794118404388 -0.27193722128868103
vn 0.9632614850997925 0.010612910613417625 0.26835551857948303
vn 0.9193376302719116 -0.1293591856956482 0.3715972602367401
vn 0.9359099268913269 -0.12756863236427307 0.32832738757133484
vn -0.945040762424469 -0.01061140839010477 -0.3267803490161896
vn 0.9525945782661438 0.14282342791557312 0.2686355412006378
vn -0.9398074746131897 -0.07112386077642441 -0.33422061800956726
vn -0.9312185645103455 -0.08944547921419144 -0.3533150553703308
vn 0.9245212078094482 0.0641791820526123 0.37568819522857666
vn 0.9440112113952637 0.029542608186602592 0.32858800888061523
vn -0.9223827719688416 0.1896800696849823 -0.33649906516075134
vn 0.9216310977935791 0.26533982157707214 0.2831800878047943
vn 0.8542357087135315 0.3908105194568634 0.3428535461425781
vn 0.8827171325683594 0.3364715278148651 0.32802051305770874
vn -0.9388458132743835 0.015318169258534908 -0.34399697184562683
vn -0.929069459438324 0.05872268229722977 -0.36521437764167786
vn 0.8981623649597168 0.24205808341503143 0.3670318126678467
vn 0.924948513507843 0.18053579330444336 0.3344803750514984
vn -0.8796728849411011 0.3522977828979492 -0.31947141885757446
vn 0.8269410729408264 0.4782808721065521 0.29566189646720886
vn -0.7941542863845825 0.5109351873397827 -0.3290352523326874
vn 0.8207972645759583 0.5265554189682007 0.2214299738407135
vn -0.734856903553009 0.6102730631828308 -0.29589200019836426
vn -0.6414510011672974 0.7119483947753906 -0.28578001260757446
vn 0.7229230403900146 0.6776450872421265 0.13483105599880219
vn 0.7885564565658569 0.5911076664924622 0.16961884498596191
vn -0.5031945705413818 0.8310371041297913 -0.23700754344463348
vn 0.579786479473114 0.8060340881347656 0.11898210644721985
vn -0.6514876484870911 0.697117269039154 -0.29931843280792236
vn -0.6147400140762329 0.7432010769844055 -0.26409634947776794
vn -0.36342018842697144 0.9132983684539795 -0.1838800311088562
vn 0.43597471714019775 0.8972250819206238 0.07009465247392654
vn -0.1947692185640335 0.9709965586662292 -0.13867487013339996
vn -0.06271552294492722 0.9944650530815125 -0.08429727703332901
vn 0.08935336768627167 0.9955490231513977 -0.029969550669193268
vn 0.275800883769989 0.9609604477882385 0.022112533450126648
vn -0.5339019298553467 0.7887722849845886 -0.3046097755432129
vn -0.469892293214798 0.8492897152900696 -0.2406412810087204
vn -0.5346063375473022 -0.844901978969574 -0.0183518435806036
vn -0.3178723156452179 -0.9481325149536133 0.0013947195839136839
vn -0.1262117475271225 -0.991801381111145 0.020014803856611252
vn 0.014742808416485786 -0.9986768364906311 0.049267418682575226
vn 0.12092509865760803 -0.9897022247314453 0.07659454643726349
vn 0.2028152197599411 -0.9757183194160461 0.08270297199487686
vn 0.3305065333843231 -0.9359368681907654 0.12160459905862808
vn 0.45308253169059753 -0.8781996965408325 0.1532370150089264
vn -0.7475892305374146 -0.6576998233795166 -0.09241962432861328
vn 0.6456121802330017 -0.7303579449653625 0.22307458519935608
vn 0.45053961873054504 -0.8740977644920349 0.1815686672925949
vn 0.504765510559082 -0.8435435891151428 0.1834287941455841
vn -0.8522261381149292 -0.5031611323356628 -0.14331623911857605
vn 0.7974873185157776 -0.5247195959091187 0.29779762029647827
vn 0.5718851089477539 -0.7803763151168823 0.2529038190841675
vn 0.6613492369651794 -0.7084640860557556 0.24636544287204742
vn -0.8804672360420227 -0.40607666969299316 -0.2447025626897812
vn 0.873127818107605 -0.33354946970939636 0.35551732778549194
vn -0.8570335507392883 -0.48336759209632874 -0.1784638911485672
vn -0.8187702298164368 -0.5357244610786438 -0.20643332600593567
vn -0.9158647060394287 -0.22585880756378174 -0.33193325996398926
vn 0.9179295301437378 -0.0990305095911026 0.3841853737831116
vn -0.9440562725067139 -0.18072983622550964 -0.2758525013923645
vn -0.9232478737831116 -0.21543142199516296 -0.31812387704849243
vn -0.91384357213974 -0.32513976097106934 -0.24325719475746155
vn -0.8850810527801514 -0.37367138266563416 -0.2774909734725952
vn -0.950463593006134 -0.09822646528482437 -0.2949076294898987
vn 0.9195423126220703 0.11220543086528778 0.37663230299949646
vn -0.933398962020874 0.0207118708640337 -0.3582421541213989
vn 0.8951930403709412 0.29775843024253845 0.3316163718700409
vn -0.921294629573822 0.12666814029216766 -0.36765673756599426
vn -0.9064454436302185 0.19229726493358612 -0.376003235578537
vn -0.865681529045105 0.33390137553215027 -0.3729683458805084
vn 0.8888252973556519 0.3839322030544281 0.25017133355140686
vn -0.8995101451873779 0.18536494672298431 -0.39562779664993286
vn -0.8922525644302368 0.2372744232416153 -0.38416963815689087
vn -0.777716875076294 0.4885252118110657 -0.39560043811798096
vn 0.868916928768158 0.4569565951824188 0.1901949793100357
vn 0.7545080184936523 0.6425178050994873 0.13374848663806915
vn 0.8258058428764343 0.5434021353721619 0.15086036920547485
vn -0.8666729927062988 0.257792592048645 -0.4271076023578644
vn -0.8441202640533447 0.3381858170032501 -0.4160424470901489
vn -0.6689622402191162 0.6544895768165588 -0.3523249328136444
vn 0.6217048764228821 0.7758570313453674 0.10737239569425583
vn -0.5016440749168396 0.7924371957778931 -0.3469820022583008
vn 0.5016936659812927 0.8619243502616882 0.07341635972261429
vn -0.3464536666870117 0.8979465365409851 -0.27140748500823975
vn -0.23979178071022034 0.954257607460022 -0.1785845160484314
vn -0.07848840206861496 0.9903826713562012 -0.11393777281045914
vn 0.02910943515598774 0.9963917136192322 -0.0797264575958252
vn 0.1795884668827057 0.9833748936653137 -0.026867089793086052
vn 0.35159802436828613 0.9357619285583496 0.02698950469493866
vn -0.4896621108055115 -0.8712780475616455 0.03325045108795166
vn -0.2935209274291992 -0.9538587331771851 0.0632377415895462
vn -0.10772695392370224 -0.9910991191864014 0.07821471989154816
vn 0.055545538663864136 -0.993505597114563 0.09930425137281418
vn 0.16485445201396942 -0.9782019853591919 0.12626929581165314
vn 0.2769272029399872 -0.9501942992210388 0.14297612011432648
vn -0.705941379070282 -0.7061731815338135 -0.05446356162428856
vn 0.4126119911670685 -0.8834419250488281 0.22199483215808868
vn -0.7738406658172607 -0.6218801140785217 -0.12014956027269363
vn 0.5844032168388367 -0.7422659993171692 0.32789352536201477
vn -0.8190776705741882 -0.5684381723403931 -0.07739357650279999
vn -0.7797785401344299 -0.619759738445282 -0.08856310695409775
vn 0.7181704640388489 -0.6060879826545715 0.3418898582458496
vn 0.8038679957389832 -0.5018206834793091 0.31933093070983887
vn -0.8961091041564941 -0.4147130250930786 -0.15811891853809357
vn 0.8876556158065796 -0.2918011248111725 0.35625776648521423
vn -0.9348451495170593 -0.27711135149002075 -0.22197715938091278
vn 0.9279398322105408 -0.060761433094739914 0.3677440583705902
vn -0.9311215281486511 -0.17985936999320984 -0.317274808883667
vn 0.9346321225166321 0.11198924481868744 0.3375222980976105
vn -0.9209654927253723 -0.06413230299949646 -0.38433003425598145
vn 0.9311319589614868 0.22939956188201904 0.28349459171295166
vn -0.8984339833259583 0.11837522685527802 -0.4228518605232239
vn 0.9228703379631042 0.3131675124168396 0.22413501143455505
vn -0.8378095626831055 0.2914026379585266 -0.46169227361679077
vn 0.8996567726135254 0.3991548717021942 0.1768985092639923
vn -0.8060011863708496 0.39299923181533813 -0.44262146949768066
vn -0.7600411176681519 0.4783901274204254 -0.43986406922340393
vn 0.7916125655174255 0.5884680151939392 0.16448372602462769
vn 0.8476502895355225 0.5048651695251465 0.16309599578380585
vn -0.6463176012039185 0.6364147067070007 -0.4210105538368225
vn 0.6708454489707947 0.7314518690109253 0.1222480982542038
vn -0.7457045912742615 0.4725063145160675 -0.46974730491638184
vn -0.7212268710136414 0.5287989974021912 -0.4474410116672516
vn -0.4738243818283081 0.7782820463180542 -0.4120286703109741
vn 0.5896778702735901 0.8035113215446472 0.08154524117708206
vn -0.257747620344162 0.8998435735702515 -0.3519200086593628
vn -0.108136847615242 0.9695029854774475 -0.21993288397789001
vn -0.01679936610162258 0.9924631714820862 -0.12138655036687851
vn 0.10784133523702621 0.992324948310852 -0.06051091104745865
vn 0.2649359107017517 0.9640511274337769 -0.02035697177052498
vn 0.44403234124183655 0.8956089615821838 0.026831191033124924
vn -0.6719557642936707 0.5653759837150574 -0.4783570468425751
vn -0.6016533374786377 0.6558662056922913 -0.45590880513191223
vn -0.42672446370124817 -0.8987823128700256 0.10048205405473709
vn -0.24517329037189484 -0.9610602855682373 0.12748849391937256
vn -0.07340124994516373 -0.9854623079299927 0.15321990847587585
vn 0.05782363563776016 -0.9862868785858154 0.15457923710346222
vn 0.19438038766384125 -0.9614675641059875 0.19441312551498413
vn 0.2890011668205261 -0.93626469373703 0.1997169554233551
vn -0.6409224271774292 -0.7675938010215759 0.004281001165509224
vn 0.42117932438850403 -0.8566022515296936 0.2980615198612213
vn 0.299163281917572 -0.9132581949234009 0.2765156924724579
vn 0.3234802782535553 -0.9025921821594238 0.28405630588531494
vn -0.698464035987854 -0.7156339883804321 0.004007620736956596
vn 0.5725310444831848 -0.715665340423584 0.40003910660743713
vn -0.7361114621162415 -0.6762509346008301 -0.028716864064335823
vn -0.7264039516448975 -0.6867527365684509 0.026609372347593307
vn 0.7125179767608643 -0.5653684139251709 0.41554394364356995
vn 0.8264793157577515 -0.4143754541873932 0.38108405470848083
vn 0.3882737457752228 -0.8597924709320068 0.3316630423069
vn 0.4988705813884735 -0.7804800868034363 0.37680110335350037
vn -0.86376953125 -0.4867614805698395 -0.130251944065094
vn 0.9028617739677429 -0.21579815447330475 0.37184926867485046
vn 0.8206528425216675 -0.40558135509490967 0.4025329649448395
vn 0.8395423293113708 -0.36643412709236145 0.40111687779426575
vn -0.8836113214492798 -0.4023481011390686 -0.2394726276397705
vn 0.9330648183822632 -0.044174451380968094 0.35698556900024414
vn 0.8968111872673035 -0.23601345717906952 0.37420234084129333
vn 0.8985934257507324 -0.20538493990898132 0.3877459168434143
vn -0.8873235583305359 -0.2762463390827179 -0.3692491054534912
vn 0.9448323249816895 0.08193456381559372 0.31714126467704773
vn -0.875285267829895 -0.3122257888317108 -0.3693113625049591
vn -0.8302296996116638 -0.4031951129436493 -0.38490569591522217
vn 0.9366732835769653 -0.09504670649766922 0.3370599150657654
vn 0.9342719912528992 -0.06460775434970856 0.35065901279449463
vn -0.8986914157867432 -0.04285980015993118 -0.4364822506904602
vn 0.9470393657684326 0.17649388313293457 0.26826542615890503
vn -0.9175925254821777 -0.10732565075159073 -0.3827599287033081
vn -0.8864811062812805 -0.18193240463733673 -0.4255019426345825
vn 0.9527614116668701 0.02659311331808567 0.30255329608917236
vn 0.9500482082366943 0.04679917171597481 0.30857452750205994
vn -0.8763113617897034 0.13728606700897217 -0.4617694318294525
vn 0.9385513067245483 0.2629743814468384 0.22353078424930573
vn -0.9289920330047607 0.026999982073903084 -0.369113564491272
vn -0.8999069333076477 0.01027721632272005 -0.43596094846725464
vn 0.9476354718208313 0.15833213925361633 0.2773408591747284
vn 0.9508183598518372 0.14890509843826294 0.2716095447540283
vn -0.8346223831176758 0.2790425419807434 -0.4749113917350769
vn 0.9071393013000488 0.37034428119659424 0.1998586356639862
vn 0.8390253782272339 0.49960044026374817 0.21548990905284882
vn 0.8758360147476196 0.4339926838874817 0.21109654009342194
vn -0.930450975894928 0.1176309585571289 -0.34702154994010925
vn -0.8894936442375183 0.14831404387950897 -0.43220844864845276
vn 0.9126925468444824 0.32119661569595337 0.2526364028453827
vn 0.9294186234474182 0.27426931262016296 0.24689538776874542
vn -0.7698325514793396 0.42267879843711853 -0.4782264828681946
vn 0.7665769457817078 0.6239335536956787 0.1518775224685669
vn -0.6826686263084412 0.5666055679321289 -0.4614345133304596
vn 0.6819701194763184 0.7274560332298279 0.07566061615943909
vn -0.5479105710983276 0.7001000046730042 -0.4578799903392792
vn -0.39776384830474854 0.8030280470848083 -0.44376781582832336
vn -0.1291792392730713 0.889165461063385 -0.4389733672142029
vn 0.10655733197927475 0.9468419551849365 -0.30353888869285583
vn 0.12862268090248108 0.9823243021965027 -0.13599717617034912
vn 0.18804042041301727 0.9808323979377747 -0.051074475049972534
vn 0.32584357261657715 0.9454097747802734 -0.005133600439876318
vn 0.5151516199111938 0.8565829396247864 0.02974134497344494
vn -0.09614435583353043 0.8860695362091064 -0.4534723460674286
vn 0.14188523590564728 0.9139238595962524 -0.3802785873413086
vn -0.05895216763019562 0.9385595917701721 -0.34004494547843933
vn 0.13602261245250702 0.9352228045463562 -0.3268885910511017
vn -0.38395175337791443 -0.9005002379417419 0.204157754778862
vn -0.2002732902765274 -0.9566940665245056 0.21125119924545288
vn -0.03917238488793373 -0.9754757285118103 0.216593399643898
vn 0.12810377776622772 -0.96588134765625 0.2250836193561554
vn -0.5744339227676392 -0.8108223676681519 0.11221763491630554
vn 0.23583051562309265 -0.9223247766494751 0.30610617995262146
vn -0.4553412199020386 -0.8564324975013733 0.2432854324579239
vn -0.22304393351078033 -0.9264355897903442 0.30326321721076965
vn -0.03385257348418236 -0.9502073526382446 0.30977416038513184
vn 0.0956873968243599 -0.9520139694213867 0.29071179032325745
vn -0.6199060082435608 -0.7734169363975525 0.1324496865272522
vn 0.32815366983413696 -0.8697746396064758 0.3685203492641449
vn -0.5871267318725586 -0.8084884285926819 -0.040356382727622986
vn -0.5768094658851624 -0.8094940781593323 0.10959102213382721
vn 0.520471453666687 -0.7703539729118347 0.368326336145401
vn 0.6905139088630676 -0.612541139125824 0.38468673825263977
vn -0.48730143904685974 -0.8401726484298706 0.23800697922706604
vn -0.2685842514038086 -0.9121977686882019 0.30944761633872986
vn -0.04533984884619713 -0.9380822777748108 0.34343254566192627
vn 0.14870919287204742 -0.9218901991844177 0.35777661204338074
vn -0.7640789747238159 -0.6293057203292847 -0.14197798073291779
vn 0.8204926252365112 -0.43181660771369934 0.37460142374038696
vn -0.7740947604179382 -0.5632801055908203 -0.28895145654678345
vn 0.8994578123092651 -0.2601878046989441 0.35110965371131897
vn -0.8759757876396179 -0.38695022463798523 -0.28798598051071167
vn -0.7908493280410767 -0.5188126564025879 -0.32463961839675903
vn -0.9264976382255554 -0.21410946547985077 -0.30944985151290894
vn 0.9404560327529907 -0.11407654732465744 0.3202016055583954
vn -0.9544817209243774 -0.07924722135066986 -0.28754937648773193
vn 0.9562458395957947 0.02621699497103691 0.29138731956481934
vn -0.9587326645851135 0.02156435325741768 -0.28349024057388306
vn 0.9456622004508972 0.1874924749135971 0.2656494677066803
vn -0.9429774880409241 0.14795176684856415 -0.29816755652427673
vn 0.899187445640564 0.38241440057754517 0.21265268325805664
vn -0.9039009213447571 0.22825999557971954 -0.3617466390132904
vn -0.8526654839515686 0.2842479646205902 -0.4383659064769745
vn -0.7861236333847046 0.42557889223098755 -0.44821006059646606
vn 0.8501967787742615 0.5106070041656494 0.1282414346933365
vn -0.8890443444252014 0.3090912997722626 -0.3377317190170288
vn -0.848252534866333 0.3672526478767395 -0.3815667927265167
vn -0.7169235944747925 0.5597707629203796 -0.41554462909698486
vn 0.7363934516906738 0.6720768213272095 0.07770126312971115
vn -0.6015805602073669 0.6680777668952942 -0.43791890144348145
vn -0.37606966495513916 0.7975785732269287 -0.4716356098651886
vn 0.3554396629333496 0.9233973026275635 -0.14491404592990875
vn 0.30799707770347595 0.9508259296417236 -0.03267911821603775
vn 0.37612587213516235 0.9263508915901184 0.02008540742099285
vn 0.5521462559700012 0.8324905037879944 0.04576203227043152
vn -0.8628432154655457 0.3630572259426117 -0.35169732570648193
vn -0.7799894213676453 0.4890735149383545 -0.39041465520858765
vn -0.27917352318763733 0.8712353110313416 -0.40374651551246643
vn 0.3385084867477417 0.9009096622467041 -0.2716134488582611
vn -0.5072826147079468 0.7634203433990479 -0.39981719851493835
vn -0.4439258575439453 0.7874106168746948 -0.4276849031448364
vn -0.1576610505580902 0.9549674391746521 -0.2513567805290222
vn 0.331668496131897 0.9087217450141907 -0.25341832637786865
vn 0.0774272158741951 0.9781196117401123 -0.1930987387895584
vn 0.26368802785873413 0.944251298904419 -0.19712477922439575
vn -0.3806478977203369 0.8738864064216614 -0.3023735284805298
vn -0.3013286590576172 0.9048960208892822 -0.3006064295768738
vn -0.4198497235774994 -0.9049405455589294 -0.06934571266174316
vn -0.36599045991897583 -0.9291706085205078 0.05189361795783043
vn -0.2978664040565491 -0.9304389357566833 0.21344563364982605
vn -0.07416489720344543 -0.9485307335853577 0.30787840485572815
vn 0.13182199001312256 -0.9322302937507629 0.3370010256767273
vn 0.34573084115982056 -0.8667727112770081 0.35940971970558167
vn 0.5500789284706116 -0.7540782690048218 0.35885822772979736
vn 0.6993007659912109 -0.6181312203407288 0.35901570320129395
vn -0.6173045039176941 -0.7684701085090637 -0.16848990321159363
vn 0.8241540789604187 -0.4427492618560791 0.35318997502326965
vn -0.6491694450378418 -0.7127025723457336 -0.26577091217041016
vn 0.9027753472328186 -0.2729897201061249 0.3323751986026764
vn -0.8847514390945435 -0.40868324041366577 -0.22403788566589355
vn -0.770488977432251 -0.5758646130561829 -0.2733619213104248
vn -0.9457909464836121 -0.22851605713367462 -0.23078103363513947
vn 0.9452849626541138 -0.121400848031044 0.30281704664230347
vn -0.9657232761383057 -0.11661206930875778 -0.23190583288669586
vn 0.9611512422561646 0.029029294848442078 0.2744916081428528
vn -0.9651899933815002 -0.007266882807016373 -0.2614489197731018
vn 0.9569063186645508 0.16854232549667358 0.2364821583032608
vn -0.9553048610687256 0.09293163567781448 -0.2806357145309448
vn 0.9353533983230591 0.3022308647632599 0.18376778066158295
vn -0.9233798384666443 0.22867633402347565 -0.30834531784057617
vn 0.8790233135223389 0.45701485872268677 0.13585108518600464
vn -0.8746462464332581 0.36132174730300903 -0.3231726288795471
vn 0.7561193704605103 0.6471185088157654 0.09757693111896515
vn -0.7927407026290894 0.4861472547054291 -0.3677268922328949
vn -0.6718423366546631 0.6165537238121033 -0.41047462821006775
vn 0.499892920255661 0.8645830750465393 -0.05102198198437691
vn 0.4568088948726654 0.8895617723464966 0.0023413957096636295
vn 0.4422801434993744 0.8942813277244568 0.0681852325797081
vn 0.5579580664634705 0.8254943490028381 0.0850992351770401
vn -0.5507981181144714 0.7625699639320374 -0.33927658200263977
vn 0.44276145100593567 0.8843593597412109 -0.14788804948329926
vn -0.3697827458381653 0.8989588618278503 -0.23480576276779175
vn 0.41571271419525146 0.9006252288818359 -0.1267169862985611
vn -0.19409315288066864 0.960112452507019 -0.2012758105993271
vn -0.06496674567461014 0.9852524399757385 -0.15829414129257202
vn 0.13914768397808075 0.984561026096344 -0.10619600117206573
vn 0.2902209162712097 0.9507180452346802 -0.10911949723958969
vn -0.26370832324028015 -0.960442066192627 -0.08949331194162369
vn -0.20989340543746948 -0.9776886701583862 0.008349455893039703
vn -0.1344665139913559 -0.9843994379043579 0.11347480863332748
vn -0.019921904429793358 -0.9759670495986938 0.21700575947761536
vn 0.13588963449001312 -0.9438122510910034 0.30125147104263306
vn 0.2889304757118225 -0.8960373997688293 0.3370998203754425
vn 0.5011102557182312 -0.7905225157737732 0.352083295583725
vn 0.6940621137619019 -0.6256855130195618 0.3560834527015686
vn -0.46869802474975586 -0.8648104071617126 -0.18007010221481323
vn 0.8251705169677734 -0.4502892792224884 0.3410767614841461
vn -0.5137872099876404 -0.847614586353302 -0.13256016373634338
vn -0.38644030690193176 -0.9109179973602295 -0.14454206824302673
vn 0.6012230515480042 -0.7204389572143555 0.34568583965301514
vn 0.6901748180389404 -0.633400022983551 0.3499475121498108
vn -0.6203787326812744 -0.7464931011199951 -0.24057906866073608
vn 0.907755434513092 -0.2782741189002991 0.31391650438308716
vn -0.8693296313285828 -0.4629736542701721 -0.17297832667827606
vn -0.7586872577667236 -0.6156408786773682 -0.21302594244480133
vn -0.7299212217330933 -0.6648867130279541 -0.15855826437473297
vn -0.5714591145515442 -0.7997713088989258 -0.18384891748428345
vn 0.705019474029541 -0.6076636910438538 0.36563974618911743
vn 0.7973031401634216 -0.5029874444007874 0.33363351225852966
vn -0.9380684494972229 -0.28946900367736816 -0.19035565853118896
vn 0.9492289423942566 -0.10474365204572678 0.2966364920139313
vn -0.9587198495864868 -0.16348376870155334 -0.2326570451259613
vn 0.9599458575248718 0.015928110107779503 0.27973267436027527
vn -0.9636070728302002 -0.03316422924399376 -0.2652573883533478
vn 0.9617420434951782 0.1311987191438675 0.2404978722333908
vn -0.9500793814659119 0.1098317801952362 -0.29203811287879944
vn 0.9440720081329346 0.2616857886314392 0.2006206512451172
vn -0.916222095489502 0.24915124475955963 -0.31378453969955444
vn 0.8834654688835144 0.43815043568611145 0.1658702939748764
vn 0.8125848770141602 0.49595871567726135 0.3061550259590149
vn 0.8857414722442627 0.3940681219100952 0.24530066549777985
vn -0.8558692932128906 0.41127049922943115 -0.31359919905662537
vn 0.7259930372238159 0.672512948513031 0.14373768866062164
vn -0.8004391193389893 0.507556676864624 -0.31887856125831604
vn -0.6923031806945801 0.6315688490867615 -0.3490518033504486
vn 0.5811574459075928 0.8136361837387085 0.015882646664977074
vn 0.5600523948669434 0.8275333642959595 0.0391131266951561
vn 0.5810980200767517 0.8044276237487793 0.12337499856948853
vn 0.5837615728378296 0.7952423095703125 0.1637440174818039
vn 0.6843067407608032 0.6875149607658386 0.24299687147140503
vn 0.757934033870697 0.6138323545455933 0.2207847386598587
vn -0.5459558963775635 0.7914674878120422 -0.2747931480407715
vn 0.506087064743042 0.8607333302497864 -0.05490085110068321
vn -0.7432447075843811 0.6046051979064941 -0.286425918340683
vn -0.6871468424797058 0.6684059500694275 -0.2847151756286621
vn -0.38561418652534485 0.8998081088066101 -0.20407634973526
vn 0.4420227110385895 0.8955603241920471 -0.05086931958794594
vn -0.1679230034351349 0.9718472361564636 -0.16527202725410461
vn -0.005704715382307768 0.9929442405700684 -0.11844522505998611
vn 0.14268586039543152 0.9870169162750244 -0.0737452581524849
vn 0.31501075625419617 0.9477936625480652 -0.04955209046602249
vn -0.649389386177063 0.708042323589325 -0.2774338722229004
vn -0.5474639534950256 0.8011456727981567 -0.24176199734210968
vn -0.48797035217285156 -0.8680052161216736 -0.09193451702594757
vn -0.2964187562465668 -0.9511484503746033 -0.08632837980985641
vn -0.13551220297813416 -0.9895237684249878 -0.04979239031672478
vn -0.07813914120197296 -0.9969161152839661 -0.0072515057399868965
vn -0.01943422667682171 -0.9974256753921509 0.06902459263801575
vn 0.0730128139257431 -0.9856942892074585 0.1519077569246292
vn 0.19704607129096985 -0.9516556859016418 0.23563605546951294
vn 0.37247416377067566 -0.8726562261581421 0.31580713391304016
vn -0.687676191329956 -0.7157390117645264 -0.12173395603895187
vn 0.5688691139221191 -0.7468019127845764 0.344492107629776
vn -0.8516538739204407 -0.5022801756858826 -0.14966773986816406
vn 0.7514546513557434 -0.5242593884468079 0.40058475732803345
vn 0.8227757215499878 -0.42375680804252625 0.37877485156059265
vn 0.8905535936355591 -0.3279174864292145 0.31525295972824097
vn -0.9132857918739319 -0.3483184576034546 -0.21114757657051086
vn 0.9404335021972656 -0.1419694870710373 0.308916836977005
vn 0.8626019954681396 -0.29013505578041077 0.41441473364830017
vn 0.8989629149436951 -0.24964851140975952 0.359918475151062
vn -0.9417679309844971 -0.2036140412092209 -0.2676088511943817
vn 0.954839825630188 -0.009555640630424023 0.2969673275947571
vn 0.9047701954841614 -0.14455772936344147 0.40061697363853455
vn 0.9247751235961914 -0.1253770887851715 0.35926538705825806
vn -0.9460371136665344 -0.038330115377902985 -0.3217834234237671
vn 0.9570686221122742 0.10166601836681366 0.27144744992256165
vn -0.9503265619277954 -0.06038534268736839 -0.3053410053253174
vn -0.9315208196640015 -0.10327264666557312 -0.3487173616886139
vn 0.9220174551010132 -0.01726185902953148 0.38676342368125916
vn 0.9390341639518738 -0.018044209107756615 0.3433501422405243
vn -0.9339459538459778 0.1458098292350769 -0.32631972432136536
vn 0.943973183631897 0.22533604502677917 0.24111899733543396
vn 0.8717316389083862 0.3279280960559845 0.36407023668289185
vn 0.9124756455421448 0.2550031840801239 0.31994006037712097
vn -0.9602802991867065 0.03581905737519264 -0.27672865986824036
vn -0.9407758116722107 0.04404016211628914 -0.33615684509277344
vn 0.9174037575721741 0.1259555071592331 0.3774990439414978
vn 0.9403919577598572 0.09481827169656754 0.32660767436027527
vn -0.9043920040130615 0.28129512071609497 -0.32085543870925903
vn 0.8117476105690002 0.4904042184352875 0.3171272277832031
vn -0.8682589530944824 0.38855254650115967 -0.30846935510635376
vn 0.7517351508140564 0.6267836689949036 0.20502819120883942
vn 0.6551912426948547 0.7543699741363525 0.04062686488032341
vn 0.6857815384864807 0.7212522029876709 0.0974627435207367
vn -0.7818389534950256 0.5457943081855774 -0.301391065120697
vn 0.5494311451911926 0.8355302214622498 -0.003837703727185726
vn -0.6366837620735168 0.7165753245353699 -0.28487467765808105
vn 0.464370995759964 0.8855568170547485 -0.012194273993372917
vn -0.468667596578598 0.8456307649612427 -0.2554592192173004
vn -0.2866460978984833 0.9367823600769043 -0.2006809562444687
vn -0.06498867273330688 0.9861176609992981 -0.1528024524450302
vn 0.06654577702283859 0.9913697838783264 -0.11294977366924286
vn 0.2000192105770111 0.9778585433959961 -0.06152293458580971
vn 0.3372199833393097 0.9410389065742493 -0.026991501450538635
vn -0.48101362586021423 -0.8741288781166077 -0.06726554781198502
vn -0.2740916609764099 -0.9603424072265625 -0.051149286329746246
vn -0.10906699299812317 -0.9937353134155273 -0.024384360760450363
vn 0.016092808917164803 -0.9997299313545227 0.016767876222729683
vn 0.08495055884122849 -0.9937794208526611 0.07201380282640457
vn 0.133442223072052 -0.9834087491035461 0.12288396060466766
vn 0.2710757851600647 -0.9426954388618469 0.1945333629846573
vn 0.4098486304283142 -0.8706515431404114 0.2720109820365906
vn -0.6979077458381653 -0.7076018452644348 -0.11056432873010635
vn 0.6176719665527344 -0.7158052325248718 0.32573655247688293
vn 0.42965126037597656 -0.8744290471076965 0.22533027827739716
vn 0.4647313952445984 -0.8450347185134888 0.2644638121128082
vn -0.8162208795547485 -0.553210437297821 -0.16655826568603516
vn 0.7738205194473267 -0.5084773302078247 0.3776939809322357
vn 0.5652137994766235 -0.7744151949882507 0.2842789888381958
vn 0.6379261016845703 -0.704321026802063 0.3114197552204132
vn -0.859236478805542 -0.43779605627059937 -0.2646647095680237
vn 0.8539189696311951 -0.3148760497570038 0.4143374264240265
vn -0.8537126779556274 -0.4754244089126587 -0.21247661113739014
vn -0.7950565218925476 -0.5536982417106628 -0.24759536981582642
vn -0.9078406095504761 -0.2479272037744522 -0.3381679058074951
vn 0.8990926146507263 -0.14866748452186584 0.41174083948135376
vn -0.956400990486145 -0.15269465744495392 -0.2489609271287918
vn -0.9220761060714722 -0.2179850935935974 -0.3197785019874573
vn -0.9217404127120972 -0.30031195282936096 -0.24537208676338196
vn -0.8727831840515137 -0.3847271203994751 -0.30039072036743164
vn -0.9741039276123047 -0.048200346529483795 -0.22090347111225128
vn 0.9192466735839844 0.0024455119855701923 0.3936745226383209
vn -0.9734504818916321 0.06281017512083054 -0.22011178731918335
vn 0.9112511873245239 0.2069871723651886 0.3560585379600525
vn -0.9516181945800781 0.11809375137090683 -0.28368425369262695
vn -0.9308995008468628 0.15884432196617126 -0.32892945408821106
vn -0.9075079560279846 0.27703607082366943 -0.3157220184803009
vn 0.8922280073165894 0.37526679039001465 0.2512052357196808
vn -0.9537128806114197 0.17293120920658112 -0.24602161347866058
vn -0.9321341514587402 0.21245552599430084 -0.29323825240135193
vn -0.8507186770439148 0.42647606134414673 -0.3072393536567688
vn 0.8456223011016846 0.5117732882499695 0.15169398486614227
vn 0.7058613300323486 0.7066395282745361 0.049197908490896225
vn 0.782095730304718 0.6175625920295715 0.08332299441099167
vn -0.9474354982376099 0.21939033269882202 -0.23288175463676453
vn -0.9126246571540833 0.29070770740509033 -0.28741133213043213
vn -0.751564621925354 0.588596522808075 -0.2978334128856659
vn 0.5873758792877197 0.8090907335281372 0.019022490829229355
vn -0.6434087753295898 0.7116367220878601 -0.28213176131248474
vn 0.4933910369873047 0.8698000907897949 0.0036237763706594706
vn -0.47191429138183594 0.8383078575134277 -0.2730143368244171
vn -0.2688661217689514 0.9311600923538208 -0.24627618491649628
vn -0.048623889684677124 0.9804377555847168 -0.19072923064231873
vn 0.14286218583583832 0.9818148016929626 -0.12502048909664154
vn 0.27593040466308594 0.9588183164596558 -0.06730445474386215
vn 0.3865068554878235 0.9220175743103027 -0.022273331880569458
vn -0.4377347230911255 -0.898372232913971 -0.03627185523509979
vn -0.24721145629882812 -0.9689434766769409 -0.005931535270065069
vn -0.07419777661561966 -0.9971386790275574 0.014461725018918514
vn 0.07643412053585052 -0.995935320854187 0.04765297472476959
vn 0.16985240578651428 -0.9810256958007812 0.09348130971193314
vn 0.2539712190628052 -0.9553306698799133 0.15113572776317596
vn -0.655388355255127 -0.7480732202529907 -0.10417581349611282
vn 0.42341068387031555 -0.8763183355331421 0.2297600358724594
vn -0.7332684397697449 -0.6573975682258606 -0.17362557351589203
vn 0.6009282469749451 -0.7256990671157837 0.3350314497947693
vn -0.8508528470993042 -0.515694260597229 -0.1005433052778244
vn -0.7662152647972107 -0.625374436378479 -0.14771918952465057
vn 0.7096921801567078 -0.5976093411445618 0.37309524416923523
vn 0.7822925448417664 -0.4984944462776184 0.3735259473323822
vn -0.9208871126174927 -0.35687363147735596 -0.15686990320682526
vn 0.8611549139022827 -0.31184783577919006 0.4014512896537781
vn -0.9673308730125427 -0.1937403529882431 -0.16351059079170227
vn 0.9089893102645874 -0.14696131646633148 0.3900523781776428
vn -0.9822037816047668 -0.07975638657808304 -0.17004325985908508
vn 0.9372768402099609 -0.018079960718750954 0.34811681509017944
vn -0.9859365820884705 0.016931584104895592 -0.16626016795635223
vn 0.9536418318748474 0.11767985671758652 0.27698150277137756
vn -0.9740779399871826 0.12372612208127975 -0.18937814235687256
vn 0.9455145597457886 0.2648867666721344 0.18930742144584656
vn -0.9543174505233765 0.2200012058019638 -0.2021823525428772
vn 0.8994974493980408 0.4202837646007538 0.11944010853767395
vn -0.9164693355560303 0.31649908423423767 -0.24476991593837738
vn -0.8654130697250366 0.40457984805107117 -0.2955932915210724
vn 0.73850417137146 0.6715200543403625 0.06060032173991203
vn 0.826378345489502 0.5573441982269287 0.08041378110647202
vn -0.7782655358314514 0.5558157563209534 -0.2921842038631439
vn 0.6215162873268127 0.7827728986740112 0.03137107938528061
vn -0.898922324180603 0.3726320266723633 -0.2303996980190277
vn -0.8556129932403564 0.44792646169662476 -0.2593998908996582
vn -0.6759681701660156 0.6807423233985901 -0.2822358310222626
vn 0.5389936566352844 0.8422497510910034 0.010063763707876205
vn -0.5036535263061523 0.8142280578613281 -0.2887316048145294
vn -0.3120170533657074 0.9087740182876587 -0.27708348631858826
vn -0.051225531846284866 0.9565827250480652 -0.2869241237640381
vn 0.2543087303638458 0.9426206946372986 -0.21631750464439392
vn 0.38021835684776306 0.9195389747619629 -0.09940909594297409
vn 0.4636874496936798 0.8854512572288513 -0.031145397573709488
vn -0.8660996556282043 0.4335400462150574 -0.24882620573043823
vn -0.7916558384895325 0.5503266453742981 -0.2653709650039673
vn -0.021327489987015724 0.9381466507911682 -0.3455808758735657
vn 0.21547308564186096 0.9230760335922241 -0.318593829870224
vn -0.0024236319586634636 0.9551826119422913 -0.29600733518600464
vn 0.1777457892894745 0.9342756867408752 -0.30908796191215515
vn -0.3737904727458954 -0.9273872375488281 0.015287240035831928
vn -0.19097110629081726 -0.9805867075920105 0.04449533298611641
vn -0.019592246040701866 -0.9967498779296875 0.07813986390829086
vn 0.10061943531036377 -0.9908177256584167 0.09031108766794205
vn 0.23963138461112976 -0.9596680402755737 0.14701740443706512
vn 0.3162583112716675 -0.9315728545188904 0.17931200563907623
vn -0.5870264172554016 -0.8063892126083374 -0.07166896015405655
vn 0.46401533484458923 -0.8380531668663025 0.28697851300239563
vn 0.3877341151237488 -0.8912463784217834 0.2352493703365326
vn 0.38600483536720276 -0.8867219686508179 0.2544099986553192
vn -0.668480634689331 -0.7397332191467285 -0.07699678093194962
vn 0.611698567867279 -0.6912854313850403 0.3846419155597687
vn -0.8459212183952332 -0.5333027839660645 -0.002358931815251708
vn -0.7589523792266846 -0.6503836512565613 -0.031503353267908096
vn 0.7267834544181824 -0.5430007576942444 0.42063775658607483
vn 0.8089823722839355 -0.4204610288143158 0.41080424189567566
vn 0.5201015472412109 -0.7931980490684509 0.3167512118816376
vn 0.5733217597007751 -0.7349238991737366 0.36220017075538635
vn -0.9305759072303772 -0.35721948742866516 -0.08014198392629623
vn 0.876319408416748 -0.27330297231674194 0.39669865369796753
vn 0.8074691891670227 -0.42113637924194336 0.41308316588401794
vn 0.8224639296531677 -0.38682451844215393 0.4170370399951935
vn -0.9683379530906677 -0.22956699132919312 -0.09808487445116043
vn 0.9156280159950256 -0.16629190742969513 0.36602234840393066
vn 0.8591974973678589 -0.3411547839641571 0.3813045918941498
vn 0.8713105320930481 -0.29058027267456055 0.39545050263404846
vn -0.9884157180786133 -0.10789742320775986 -0.10673581063747406
vn 0.9483533501625061 -0.08203396201133728 0.3064253032207489
vn 0.893103301525116 -0.3024042248725891 0.3330438435077667
vn 0.9105027318000793 -0.22679781913757324 0.34575650095939636
vn -0.9922938346862793 0.01120303850620985 -0.1233997568488121
vn 0.9758980870246887 0.015106656588613987 0.21770316362380981
vn 0.909035325050354 -0.2887963354587555 0.30041906237602234
vn 0.9434221386909485 -0.18976077437400818 0.27192920446395874
vn -0.983548104763031 0.09008810669183731 -0.15657979249954224
vn 0.9652007222175598 0.21079236268997192 0.15477126836776733
vn -0.9716349840164185 0.15787117183208466 -0.17607435584068298
vn 0.9299527406692505 0.3482333719730377 0.11798939108848572
vn 0.7649153470993042 0.6378750205039978 0.0895552933216095
vn 0.8534418940544128 0.5130863785743713 0.0915394276380539
vn -0.9358507990837097 0.2786753177642822 -0.21569272875785828
vn 0.6604470610618591 0.7493935227394104 0.0471067912876606
vn -0.8738720417022705 0.40789514780044556 -0.2645169794559479
vn 0.6138116121292114 0.789355993270874 0.012352741323411465
vn -0.7695745825767517 0.5735700726509094 -0.2806643545627594
vn -0.6479349732398987 0.7031315565109253 -0.29289308190345764
vn -0.4797179400920868 0.8169219493865967 -0.32017073035240173
vn -0.278317928314209 0.9022080302238464 -0.3294842839241028
vn 0.5620675683021545 0.8076370358467102 -0.17833219468593597
vn 0.5850545167922974 0.8089590668678284 -0.05741475149989128
vn -0.17892473936080933 0.9322848320007324 -0.31437402963638306
vn 0.44649600982666016 0.8529272079467773 -0.27047473192214966
vn -0.427001953125 0.8476995825767517 -0.31476134061813354
vn -0.33612024784088135 0.8876899480819702 -0.3146900236606598
vn -0.09172322601079941 0.9662935137748718 -0.2405487298965454
vn 0.39549708366394043 0.8724305033683777 -0.2871359586715698
vn 0.10424346476793289 0.9678918719291687 -0.22873260080814362
vn 0.2968657314777374 0.9206159710884094 -0.2536472976207733
vn -0.33037710189819336 0.8984916806221008 -0.2890738546848297
vn -0.23211374878883362 0.9356959462165833 -0.2656998634338379
vn -0.31431126594543457 -0.9437870979309082 0.10234469920396805
vn -0.13019241392612457 -0.9846673607826233 0.11610427498817444
vn 0.045192901045084 -0.9901354908943176 0.13262517750263214
vn 0.20650170743465424 -0.964713990688324 0.16335244476795197
vn -0.5313431024551392 -0.8470939993858337 0.0103153670206666
vn 0.37767788767814636 -0.8867563605308533 0.266500860452652
vn -0.6542217135429382 -0.7548226714134216 0.047294482588768005
vn 0.5303630232810974 -0.7584496736526489 0.37877339124679565
vn -0.800964891910553 -0.5934488773345947 0.07920711487531662
vn -0.7407780885696411 -0.6652954816818237 0.09289626032114029
vn 0.6463363766670227 -0.6513698101043701 0.3974502682685852
vn 0.7260636687278748 -0.5560177564620972 0.40456873178482056
vn -0.9138934016227722 -0.4057055115699768 -0.014207487925887108
vn 0.7971899509429932 -0.45090118050575256 0.40146780014038086
vn -0.9628065824508667 -0.2676318883895874 -0.03710367903113365
vn 0.8423803448677063 -0.38987064361572266 0.37201645970344543
vn -0.9893105030059814 -0.13379515707492828 -0.057996828109025955
vn 0.8706343770027161 -0.3545370399951935 0.3410269618034363
vn -0.9953094720840454 -0.03442090377211571 -0.09041206538677216
vn 0.8992746472358704 -0.2963384687900543 0.32169660925865173
vn 0.9385964274406433 -0.2159348726272583 0.2690890431404114
vn 0.9714606404304504 -0.10470982640981674 0.2128382921218872
vn -0.9906441569328308 0.04183918610215187 -0.12989860773086548
vn 0.9825928807258606 0.0885591059923172 0.1633053869009018
vn -0.9744468331336975 0.13100875914096832 -0.18245576322078705
vn 0.9487566947937012 0.2908432185649872 0.12357570230960846
vn 0.810319721698761 0.5662356615066528 0.1508614718914032
vn 0.8642706871032715 0.48390382528305054 0.13738015294075012
vn -0.9394672513008118 0.23773193359375 -0.24674846231937408
vn 0.7203209400177002 0.6894487142562866 0.07614687830209732
vn -0.8733322024345398 0.3778603971004486 -0.3074288070201874
vn 0.7336680293083191 0.6794827580451965 0.005875275935977697
vn -0.7735150456428528 0.5486863851547241 -0.3172031044960022
vn -0.6190900206565857 0.7165219783782959 -0.32144027948379517
vn 0.7244082689285278 0.6650734543800354 -0.1814112514257431
vn 0.7326666116714478 0.6738035082817078 -0.0958569347858429
vn -0.489864706993103 0.8097763061523438 -0.32294735312461853
vn 0.574957013130188 0.78385329246521 -0.23451770842075348
vn -0.34030047059059143 0.8971049785614014 -0.2817770540714264
vn 0.48338502645492554 0.8439224362373352 -0.2326669543981552
vn -0.17762696743011475 0.953292727470398 -0.24429813027381897
vn -0.03511510416865349 0.9775909781455994 -0.2075640708208084
vn 0.14799192547798157 0.9712477326393127 -0.18648405373096466
vn 0.31056472659111023 0.9281957745552063 -0.20494434237480164
vn -0.27642571926116943 -0.9309611916542053 0.23853754997253418
vn -0.07210995256900787 -0.9681100845336914 0.23992297053337097
vn 0.07722147554159164 -0.9677145481109619 0.23992788791656494
vn 0.23327969014644623 -0.9438754916191101 0.23383694887161255
vn -0.5000231862068176 -0.8546576499938965 0.13977554440498352
vn 0.37327906489372253 -0.8529192209243774 0.3649542033672333
vn -0.3808552026748657 -0.8716279864311218 0.30856773257255554
vn -0.08443482220172882 -0.9213240742683411 0.37951648235321045
vn 0.12774205207824707 -0.9115610718727112 0.39081770181655884
vn 0.2363915741443634 -0.8994947075843811 0.3674619495868683
vn -0.6040477156639099 -0.7735416889190674 0.19172799587249756
vn 0.48195308446884155 -0.7394769191741943 0.4699948728084564
vn -0.7297964692115784 -0.6723901629447937 0.12364751100540161
vn -0.627618134021759 -0.7475226521492004 0.21749800443649292
vn 0.5977762341499329 -0.6634038090705872 0.45006564259529114
vn 0.7198114991188049 -0.5570939779281616 0.4141470491886139
vn -0.4673178493976593 -0.8180437684059143 0.33528852462768555
vn -0.16664209961891174 -0.8893926739692688 0.42568907141685486
vn 0.1297806203365326 -0.8818747997283936 0.45327019691467285
vn 0.3587234318256378 -0.8040638566017151 0.4741295874118805
vn -0.8854484558105469 -0.46308279037475586 0.03918454051017761
vn 0.7838738560676575 -0.47849929332733154 0.3957023024559021
vn 0.6505733728408813 -0.6349406838417053 0.416658878326416
vn 0.7096763849258423 -0.5728532075881958 0.4101202189922333
vn -0.9520054459571838 -0.3059224486351013 0.009853440336883068
vn 0.8249314427375793 -0.42985260486602783 0.36703526973724365
vn 0.6898612976074219 -0.5985458493232727 0.40722769498825073
vn 0.7546846866607666 -0.5263053178787231 0.39173176884651184
vn -0.9831793308258057 -0.1812177151441574 -0.022773541510105133
vn 0.8662658929824829 -0.35821112990379333 0.3482358455657959
vn -0.9924580454826355 -0.09873823076486588 -0.07264873385429382
vn 0.8989752531051636 -0.2741679251194 0.34157794713974
vn 0.92930668592453 -0.20998995006084442 0.30379828810691833
vn 0.9697265028953552 -0.10423199832439423 0.22083064913749695
vn -0.9893026351928711 -0.027344580739736557 -0.14329181611537933
vn 0.979133665561676 0.07351250946521759 0.18945495784282684
vn 0.935309112071991 -0.09143132716417313 0.34181472659111023
vn 0.9588885307312012 -0.07091781497001648 0.27477893233299255
vn -0.9713783264160156 0.06167983636260033 -0.22938990592956543
vn 0.9401535391807556 0.28185710310935974 0.1914888620376587
vn 0.873553991317749 0.42336031794548035 0.2401447892189026
vn 0.8929579257965088 0.3813383877277374 0.2391805797815323
vn 0.9352113604545593 0.15587365627288818 0.3179358243942261
vn 0.9498384594917297 0.12233113497495651 0.28782299160957336
vn -0.9301443099975586 0.19744697213172913 -0.30959051847457886
vn 0.8455813527107239 0.5203561186790466 0.11925526708364487
vn -0.8469882607460022 0.3804265558719635 -0.37133079767227173
vn 0.8609147071838379 0.5083405375480652 -0.020390193909406662
vn -0.7716259360313416 0.5343239903450012 -0.345096230506897
vn -0.6480344533920288 0.6790928840637207 -0.3447958528995514
vn 0.78849196434021 0.587624728679657 -0.18159738183021545
vn 0.8444609642028809 0.5224404335021973 -0.1180746853351593
vn -0.5034888386726379 0.8008661866188049 -0.32421037554740906
vn 0.6478732824325562 0.7321162819862366 -0.2103947401046753
vn -0.712485671043396 0.597361147403717 -0.36813563108444214
vn -0.6478252410888672 0.6808211803436279 -0.3417675793170929
vn -0.37052980065345764 0.8830125331878662 -0.28809139132499695
vn 0.4991333484649658 0.8442333936691284 -0.19528432190418243
vn -0.19020965695381165 0.9466267824172974 -0.26022690534591675
vn -0.01331173162907362 0.9758678674697876 -0.21795593202114105
vn 0.14615745842456818 0.9735239744186401 -0.1757529377937317
vn 0.3190178871154785 0.9329332709312439 -0.1669224202632904
vn -0.620053231716156 0.6941831707954407 -0.36557331681251526
vn -0.5262818336486816 0.7845618724822998 -0.32785701751708984
vn -0.6675119400024414 -0.7294681668281555 0.14934538304805756
vn -0.48323917388916016 -0.8461092710494995 0.22489796578884125
vn -0.29344674944877625 -0.8855265378952026 0.36018308997154236
vn 0.0473291352391243 -0.8927775621414185 0.44800466299057007
vn 0.3062283396720886 -0.8341761231422424 0.4586659073829651
vn 0.5012428760528564 -0.7454147934913635 0.4394455850124359
vn -0.8557376265525818 -0.5114638805389404 0.07821647822856903
vn 0.5847423672676086 -0.688837468624115 0.4284617006778717
vn -0.9359999299049377 -0.3484390079975128 0.04994366317987442
vn 0.656251847743988 -0.6215863823890686 0.4277428388595581
vn 0.7409788370132446 -0.5375123620033264 0.4025304913520813
vn 0.7964351773262024 -0.4762769639492035 0.3726276159286499
vn -0.9660547971725464 -0.2583327293395996 -0.0015491727972403169
vn 0.8459933996200562 -0.40267592668533325 0.34949567914009094
vn -0.9771108627319336 -0.19735363125801086 -0.0794103667140007
vn 0.892558753490448 -0.3140616714954376 0.323580265045166
vn -0.9609677195549011 -0.1726064532995224 -0.21621327102184296
vn 0.9418311715126038 -0.11363845318555832 0.31629154086112976
vn -0.8983279466629028 -0.3553871810436249 -0.2582768201828003
vn -0.903599202632904 -0.3557785451412201 -0.23860041797161102
vn -0.9463978409767151 -0.0043899063020944595 -0.3229735195636749
vn 0.9567835927009583 0.18663178384304047 0.22301077842712402
vn -0.9297186136245728 -0.17827248573303223 -0.3222455382347107
vn -0.9304971098899841 -0.1876334547996521 -0.31459319591522217
vn -0.9082828164100647 0.16515187919139862 -0.3843790292739868
vn 0.9603480696678162 0.2701207399368286 0.06903908401727676
vn -0.9400458931922913 -0.025865301489830017 -0.3400658667087555
vn -0.9282735586166382 -0.01498480886220932 -0.37159621715545654
vn -0.8443067669868469 0.33805668354034424 -0.41576898097991943
vn 0.9482117891311646 0.31341686844825745 -0.05161729454994202
vn 0.7988539338111877 0.5780913233757019 -0.16626162827014923
vn 0.8895984292030334 0.43706652522087097 -0.13261817395687103
vn -0.9421964287757874 0.10076937824487686 -0.31954875588417053
vn -0.9049786925315857 0.15031655132770538 -0.39801833033561707
vn -0.7510195970535278 0.5297792553901672 -0.39408573508262634
vn 0.6659917235374451 0.7212063670158386 -0.19056861102581024
vn 0.6929912567138672 0.7033825516700745 -0.15816515684127808
vn 0.8508265614509583 0.5085195899009705 -0.13229520618915558
vn -0.624672532081604 0.6931288242340088 -0.35966190695762634
vn 0.5068339705467224 0.8455117344856262 -0.16801583766937256
vn -0.47106286883354187 0.8216387629508972 -0.3209511935710907
vn -0.3348633944988251 0.8947423100471497 -0.29547038674354553
vn -0.167730450630188 0.9437244534492493 -0.2850450873374939
vn 0.011342148296535015 0.9648422598838806 -0.2625848650932312
vn 0.1855187565088272 0.9602019786834717 -0.2087939828634262
vn 0.3578803539276123 0.920176088809967 -0.15873777866363525
vn 0.5479570031166077 0.8240677714347839 -0.14371997117996216
vn 0.728784441947937 0.6716010570526123 -0.13351155817508698
vn -0.15933232009410858 0.947946310043335 -0.27570095658302307
vn -0.046343643218278885 0.9655857682228088 -0.25592267513275146
vn -0.6546944975852966 -0.7309762239456177 0.1924809366464615
vn -0.3964877426624298 -0.8867661356925964 0.2375781536102295
vn -0.18281090259552002 -0.9278010725975037 0.3252159059047699
vn 0.004393699578940868 -0.9184485673904419 0.39551615715026855
vn 0.25685903429985046 -0.8601954579353333 0.44055330753326416
vn 0.43996837735176086 -0.7791897654533386 0.44642043113708496
vn -0.8325115442276001 -0.5402191281318665 0.12283283472061157
vn 0.545245885848999 -0.7095175981521606 0.4464209973812103
vn -0.770930826663971 -0.6006643772125244 0.21182088553905487
vn -0.5446641445159912 -0.7864571809768677 0.29124927520751953
vn 0.3534024953842163 -0.8294671773910522 0.4325401186943054
vn 0.42468535900115967 -0.7821317911148071 0.45597389340400696
vn -0.8966956734657288 -0.4325270354747772 0.09411294013261795
vn 0.6151355504989624 -0.6374619603157043 0.4639510214328766
vn 0.6854619383811951 -0.5986948609352112 0.41437479853630066
vn 0.7823955416679382 -0.49959057569503784 0.3718419671058655
vn -0.7986056208610535 -0.5648808479309082 0.2076987773180008
vn -0.6170312762260437 -0.7149415016174316 0.3288329541683197
vn 0.41459229588508606 -0.8008620142936707 0.4321264624595642
vn 0.5306558609008789 -0.7175541520118713 0.4511323571205139
vn -0.9384444355964661 -0.3453387916088104 0.007953698746860027
vn 0.837515652179718 -0.4300686717033386 0.3370586633682251
vn 0.7130368947982788 -0.6028146147727966 0.35804060101509094
vn 0.7669539451599121 -0.5348177552223206 0.35461482405662537
vn -0.9098405838012695 -0.40141817927360535 -0.10513640195131302
vn 0.9018914103507996 -0.3188279867172241 0.29144564270973206
vn -0.8735882639884949 -0.4612441956996918 -0.15523311495780945
vn -0.8590214848518372 -0.4883188009262085 -0.15371045470237732
vn 0.7391713261604309 -0.5845309495925903 0.33458825945854187
vn 0.8107432723045349 -0.4909421503543854 0.31885918974876404
vn -0.9209888577461243 -0.31135231256484985 -0.23417814075946808
vn 0.9651104807853699 -0.11198452860116959 0.23668809235095978
vn -0.9553475379943848 -0.16957049071788788 -0.24198538064956665
vn 0.9880189299583435 -0.005522145424038172 0.15423397719860077
vn -0.9696582555770874 -0.02978229522705078 -0.24264377355575562
vn 0.9964289665222168 0.07315786927938461 0.042157132178545
vn -0.9586318731307983 0.15275408327579498 -0.2401898205280304
vn 0.990638017654419 0.1346110999584198 -0.022721653804183006
vn -0.9097579121589661 0.2577846050262451 -0.32540369033813477
vn -0.8521127104759216 0.33701106905937195 -0.4004090428352356
vn -0.758863627910614 0.5263676643371582 -0.38348785042762756
vn 0.9502198100090027 0.30015140771865845 -0.08361470699310303
vn -0.8882500529289246 0.36844727396965027 -0.2743327021598816
vn -0.833477258682251 0.4436194896697998 -0.3294197916984558
vn -0.6523033976554871 0.6837652325630188 -0.32705557346343994
vn 0.8869158029556274 0.44828087091445923 -0.11146599054336548
vn -0.5039761662483215 0.7990908026695251 -0.32781410217285156
vn -0.31217899918556213 0.9004791975021362 -0.3027895987033844
vn 0.21544882655143738 0.9445638060569763 -0.24775193631649017
vn 0.40175509452819824 0.8937546610832214 -0.1994880586862564
vn 0.5619791150093079 0.8158929944038391 -0.1360078901052475
vn 0.7596293091773987 0.6404162645339966 -0.11327128857374191
vn -0.856900691986084 0.4403749108314514 -0.2679387629032135
vn -0.7332700490951538 0.6017483472824097 -0.3165658712387085
vn -0.19413045048713684 0.9409905076026917 -0.27721887826919556
vn 0.079253651201725 0.9658275246620178 -0.2467712163925171
vn -0.044975269585847855 0.9699447751045227 -0.23913243412971497
vn 0.06177239865064621 0.9779952168464661 -0.1992725431919098
vn -0.4207567274570465 0.8464813232421875 -0.3262411952018738
vn -0.3068712055683136 0.8991599082946777 -0.3119961619377136
vn 0.16863620281219482 0.9647890329360962 -0.20185165107250214
vn 0.30280670523643494 0.93192058801651 -0.19957993924617767
vn -0.08938060700893402 -0.9422727227210999 0.3226969838142395
vn 0.12381366640329361 -0.9140640497207642 0.38620853424072266
vn -0.27841857075691223 -0.9027740359306335 0.3278448283672333
vn 0.27307963371276855 -0.862769365310669 0.4255073666572571
vn -0.06710224598646164 -0.903857946395874 0.42253774404525757
vn 0.10430113226175308 -0.9083291292190552 0.4050426185131073
vn -0.35460352897644043 -0.8392865657806396 0.41213399171829224
vn 0.34256359934806824 -0.8183819055557251 0.4614122211933136
vn -0.61847984790802 -0.7440794706344604 0.2526429295539856
vn -0.355685293674469 -0.8287622332572937 0.4320198893547058
vn 0.47443366050720215 -0.7673436403274536 0.4313890337944031
vn 0.6037721037864685 -0.6939098834991455 0.3923625648021698
vn -0.10907377302646637 -0.8701052069664001 0.4806452989578247
vn 0.15866626799106598 -0.8672775626182556 0.4718630313873291
vn -0.8434610366821289 -0.5308944582939148 0.08200392127037048
vn 0.6529693007469177 -0.6657376289367676 0.36114341020584106
vn -0.8001041412353516 -0.5986427068710327 -0.03821521997451782
vn 0.7074155807495117 -0.6146148443222046 0.349015474319458
vn -0.8596804141998291 -0.5071755647659302 -0.06101277098059654
vn -0.8082300424575806 -0.5853948593139648 -0.06385184079408646
vn 0.7948474287986755 -0.5152587890625 0.32050901651382446
vn 0.8672670125961304 -0.4094037413597107 0.2832604646682739
vn -0.9284619092941284 -0.34299466013908386 -0.14252422749996185
vn 0.9381945729255676 -0.26158595085144043 0.22663578391075134
vn -0.9663307070732117 -0.20534074306488037 -0.15504898130893707
vn 0.9784390330314636 -0.15948934853076935 0.1312260925769806
vn -0.9836205244064331 -0.05873054638504982 -0.17041565477848053
vn 0.9966464638710022 -0.06054431200027466 0.055046871304512024
vn -0.9830993413925171 0.0818730816245079 -0.16374550759792328
vn 0.9955426454544067 0.09410233795642853 -0.006301505025476217
vn -0.9462125897407532 0.257243275642395 -0.1962338387966156
vn 0.9697722792625427 0.23923896253108978 -0.04802613705396652
vn -0.8920271396636963 0.40646737813949585 -0.19766618311405182
vn 0.8908478021621704 0.44873949885368347 -0.07087405771017075
vn -0.7603710889816284 0.586703360080719 -0.2785946726799011
vn -0.5930629968643188 0.7351860404014587 -0.3282954692840576
vn 0.5831500887870789 0.8008607625961304 -0.13622792065143585
vn 0.7307037711143494 0.6756715178489685 -0.0976729691028595
vn -0.4571387469768524 0.8404272794723511 -0.2910432517528534
vn 0.4576638340950012 0.8720265626907349 -0.1735326498746872
vn -0.29422712326049805 0.910083532333374 -0.2918533682823181
vn -0.1467556357383728 0.9497766494750977 -0.27638208866119385
vn 0.02431802824139595 0.969154953956604 -0.24524961411952972
vn 0.1238807663321495 0.9716938734054565 -0.201158344745636
vn 0.2098291516304016 0.9659199118614197 -0.151560440659523
vn 0.34007957577705383 0.9309093356132507 -0.13324351608753204
vn -0.43686139583587646 -0.8777291774749756 0.19683407247066498
vn -0.24714158475399017 -0.9154520034790039 0.3175983130931854
vn 0.03197186067700386 -0.895420253276825 0.44407254457473755
vn 0.30757737159729004 -0.8384461998939514 0.4498934745788574
vn 0.4429488182067871 -0.8004189133644104 0.4038885831832886
vn 0.554696798324585 -0.7376226186752319 0.38499924540519714
vn -0.6735788583755493 -0.7336209416389465 0.08995520323514938
vn 0.6196876168251038 -0.6925417184829712 0.36928775906562805
vn 0.4710752069950104 -0.7992876172065735 0.37313202023506165
vn 0.5364922285079956 -0.7493759393692017 0.38808733224868774
vn -0.7147079706192017 -0.6987156271934509 0.03145035356283188
vn 0.6739581227302551 -0.6353384852409363 0.3769954442977905
vn -0.8354223370552063 -0.5491669178009033 0.022028950974345207
vn -0.771756112575531 -0.6354483366012573 0.02445458620786667
vn 0.7390428781509399 -0.5883193612098694 0.3281708061695099
vn 0.8511905074119568 -0.4486660361289978 0.27234822511672974
vn 0.51189786195755 -0.7837591767311096 0.35168495774269104
vn 0.6054137945175171 -0.7060688734054565 0.36734315752983093
vn -0.9197484850883484 -0.38715261220932007 -0.06461931765079498
vn 0.9110804796218872 -0.35645627975463867 0.20705406367778778
vn 0.7619981169700623 -0.5827272534370422 0.2824672758579254
vn 0.8252333998680115 -0.5025572180747986 0.2577323615550995
vn -0.9655687212944031 -0.2478027641773224 -0.0791889950633049
vn 0.9540783762931824 -0.264688640832901 0.1402658224105835
vn 0.7853530645370483 -0.5564863681793213 0.27118924260139465
vn 0.8636878728866577 -0.4537815451622009 0.21937546133995056
vn -0.9920104146003723 -0.09194405376911163 -0.08638051152229309
vn 0.9925541281700134 -0.0956193134188652 0.07545416057109833
vn -0.9913205504417419 0.08398126065731049 -0.10114733129739761
vn 0.9984866380691528 0.0314352884888649 0.04512539878487587
vn -0.9656323194503784 0.22793102264404297 -0.12490686774253845
vn 0.9778748154640198 0.20918166637420654 -0.0019770499784499407
vn -0.9147731065750122 0.3799857497215271 -0.13711704313755035
vn 0.889349102973938 0.45513683557510376 -0.04368836432695389
vn -0.8011272549629211 0.5593953728675842 -0.2127721756696701
vn -0.6377221345901489 0.7203942537307739 -0.27265849709510803
vn 0.6027094721794128 0.7958573698997498 -0.05790051817893982
vn 0.7360628843307495 0.67331862449646 -0.06966701149940491
vn -0.508281409740448 0.8251124024391174 -0.24665668606758118
vn 0.48066943883895874 0.8713440299034119 -0.09857242554426193
vn -0.35027143359184265 0.8983607888221741 -0.2650618255138397
vn -0.19835427403450012 0.9384470582008362 -0.28279465436935425
vn -0.017626840621232986 0.9540306925773621 -0.29919007420539856
vn 0.2259630709886551 0.9437307715415955 -0.24148070812225342
vn 0.288801372051239 0.947350025177002 -0.1382814347743988
vn 0.3514000177383423 0.9319941997528076 -0.08890943229198456
vn -0.8104043006896973 0.5641344785690308 -0.15810519456863403
vn -0.6658748388290405 0.7167159914970398 -0.2071928232908249
vn -0.03360972926020622 0.9438765645027161 -0.32858404517173767
vn 0.18828196823596954 0.9305692315101624 -0.3139916956424713
vn -0.030028443783521652 0.9622936248779297 -0.2703503668308258
vn 0.14881227910518646 0.946285605430603 -0.28705134987831116
vn -0.33708831667900085 -0.9191526174545288 0.20378921926021576
vn -0.15629693865776062 -0.9514728784561157 0.2650863230228424
vn 0.05922411009669304 -0.9414765238761902 0.3318350315093994
vn 0.2970815896987915 -0.8766389489173889 0.37847959995269775
vn -0.561872124671936 -0.817853569984436 0.12415850907564163
vn 0.40169811248779297 -0.8459635972976685 0.3506910800933838
vn -0.6574497222900391 -0.7455049157142639 0.10946368426084518
vn 0.474846214056015 -0.8031313419342041 0.359862744808197
vn -0.7857781648635864 -0.6122297644615173 0.08790592849254608
vn -0.7284793853759766 -0.6752988696098328 0.11527884006500244
vn 0.5750337839126587 -0.7394334077835083 0.3501063287258148
vn 0.6642853021621704 -0.6741637587547302 0.32284411787986755
vn -0.900948166847229 -0.43389996886253357 0.004819123074412346
vn 0.7047499418258667 -0.6367984414100647 0.31275448203086853
vn -0.9596027135848999 -0.2810637354850769 -0.012877670116722584
vn 0.7622746825218201 -0.5676441192626953 0.31099438667297363
vn 0.8457027673721313 -0.4713435173034668 0.2502441108226776
vn 0.9163374304771423 -0.3574862778186798 0.1803588569164276
vn -0.9934468269348145 -0.11096947640180588 -0.027371970936655998
vn 0.9729712605476379 -0.1884557008743286 0.13345956802368164
vn -0.9978731274604797 0.04304386302828789 -0.04895384982228279
vn 0.9956263899803162 -0.025237396359443665 0.08995076268911362
vn -0.9812689423561096 0.17854195833206177 -0.07234688103199005
vn 0.9827646613121033 0.18098947405815125 0.037636399269104004
vn -0.9508206248283386 0.3007395267486572 -0.0741342157125473
vn 0.8874253034591675 0.4609515070915222 0.0002937887911684811
vn 0.5929723978042603 0.8042818307876587 0.03891672194004059
vn 0.7344487309455872 0.6786154508590698 0.008142217993736267
vn -0.8722689151763916 0.47703710198402405 -0.1076226681470871
vn 0.48302313685417175 0.8751282095909119 -0.02897084318101406
vn -0.7143320441246033 0.6795961260795593 -0.1669696867465973
vn -0.5181074738502502 0.8253582119941711 -0.22438494861125946
vn -0.36502590775489807 0.8926494121551514 -0.2644488215446472
vn -0.2112644761800766 0.9305683970451355 -0.299014687538147
vn 0.46330732107162476 0.874898374080658 -0.14106445014476776
vn 0.433056116104126 0.8999944925308228 -0.049722328782081604
vn -0.17357613146305084 0.943530261516571 -0.2821739614009857
vn 0.397978812456131 0.883421003818512 -0.24734635651111603
vn -0.08057376742362976 0.9749065041542053 -0.2075214982032776
vn 0.36826929450035095 0.8976377248764038 -0.24212458729743958
vn 0.09184607118368149 0.9775729179382324 -0.1895139217376709
vn 0.2809704840183258 0.9394543766975403 -0.1961660534143448
vn -0.28741368651390076 -0.9197363257408142 0.2673545777797699
vn -0.10314155369997025 -0.9519263505935669 0.288441002368927
vn 0.06669522821903229 -0.9466984868049622 0.31514087319374084
vn 0.246782124042511 -0.9094740748405457 0.33459755778312683
vn -0.4935453534126282 -0.8483531475067139 0.1915983259677887
vn 0.3536515533924103 -0.8623431324958801 0.3623466193675995
vn -0.3750092089176178 -0.8794561624526978 0.2931296229362488
vn -0.1195211410522461 -0.9294427037239075 0.34907153248786926
vn 0.07954110950231552 -0.928032636642456 0.3639075458049774
vn 0.213115394115448 -0.9084977507591248 0.3594631254673004
vn -0.5837493538856506 -0.7862956523895264 0.20242522656917572
vn 0.4154457151889801 -0.8284988403320312 0.3754924237728119
vn -0.724465012550354 -0.6807576417922974 0.10825635492801666
vn -0.6105312705039978 -0.7679242491722107 0.19376252591609955
vn 0.5254347324371338 -0.7731055617332458 0.35528334975242615
vn 0.6246126294136047 -0.7047788500785828 0.33637163043022156
vn -0.4519161283969879 -0.8431328535079956 0.2913742959499359
vn -0.1858847588300705 -0.9171378016471863 0.3525694012641907
vn 0.07015697658061981 -0.9234890937805176 0.3771551251411438
vn 0.2664431929588318 -0.883255660533905 0.38583362102508545
vn -0.8756971955299377 -0.480054646730423 0.05198147892951965
vn 0.6872812509536743 -0.6457141041755676 0.33271288871765137
vn -0.9518679976463318 -0.30472424626350403 0.03302251920104027
vn 0.7588645219802856 -0.5598224401473999 0.3327515423297882
vn 0.8293637633323669 -0.4780026972293854 0.2892562747001648
vn 0.9123430848121643 -0.35125070810317993 0.2103641927242279
vn -0.9901006817817688 -0.13927732408046722 0.017393426969647408
vn 0.9618543386459351 -0.20720553398132324 0.17861172556877136
vn 0.8417304754257202 -0.437217116355896 0.3167508840560913
vn 0.8987758755683899 -0.3556601405143738 0.25633540749549866
vn -0.9999935626983643 0.003163689048960805 -0.0017086907755583525
vn 0.9877986907958984 -0.05701841786503792 0.1449231654405594
vn 0.8663210272789001 -0.36573341488838196 0.3401867747306824
vn 0.9279574751853943 -0.27233001589775085 0.25442346930503845
vn -0.990260660648346 0.13847213983535767 -0.014468171633780003
vn 0.9740139245986938 0.20751002430915833 0.09075518697500229
vn -0.9573107957839966 0.28598126769065857 -0.04208148270845413
vn 0.885317325592041 0.4550628662109375 0.0955568328499794
vn 0.6321357488632202 0.7589967250823975 0.15597592294216156
vn 0.726513147354126 0.6758352518081665 0.12419933080673218
vn -0.9019784927368164 0.4211280643939972 -0.09532096236944199
vn 0.5300316214561462 0.8463430404663086 0.052630968391895294
vn -0.7716549634933472 0.6179659962654114 -0.1505545824766159
vn -0.6161018013954163 0.7625828385353088 -0.19719551503658295
vn -0.4563422203063965 0.8579695820808411 -0.23588137328624725
vn -0.30428600311279297 0.913753092288971 -0.2691938579082489
vn 0.6155621409416199 0.7853912711143494 -0.06514480710029602
vn 0.5716214179992676 0.8205137252807617 -0.0024861765559762716
vn -0.21794314682483673 0.9480448365211487 -0.2317580282688141
vn 0.519181489944458 0.84068763256073 -0.15393149852752686
vn -0.4226713478565216 0.8753184080123901 -0.23487599194049835
vn -0.33681127429008484 0.9112212061882019 -0.23713722825050354
vn -0.10986512899398804 0.9791625142097473 -0.1707935333251953
vn 0.45480111241340637 0.8799471855163574 -0.13729172945022583
vn 0.07687313109636307 0.9876589179039001 -0.13645663857460022
vn 0.27841857075691223 0.9530832171440125 -0.11880845576524734
vn -0.3295232355594635 0.9210053086280823 -0.2077588438987732
vn -0.2326219528913498 0.9527360200881958 -0.1954001486301422
vn -0.6900328993797302 -0.7161296010017395 0.1049429178237915
vn -0.496027410030365 -0.8537436723709106 0.15836241841316223
vn -0.2937639057636261 -0.9167937636375427 0.27054017782211304
vn 0.015191647224128246 -0.9418354034423828 0.33573105931282043
vn 0.2443362921476364 -0.9013457298278809 0.35759711265563965
vn 0.40453994274139404 -0.8393462896347046 0.36310508847236633
vn 0.5151593685150146 -0.7865633964538574 0.3404834270477295
vn 0.6073534488677979 -0.7205341458320618 0.33459270000457764
vn -0.8575583696365356 -0.5086849331855774 0.07637565582990646
vn 0.6818609833717346 -0.651364803314209 0.33285072445869446
vn 0.5474223494529724 -0.7719792723655701 0.3230741322040558
vn 0.6025463938713074 -0.7248996496200562 0.3338537812232971
vn -0.9460808634757996 -0.3168253004550934 0.06747417151927948
vn 0.7424067854881287 -0.5801273584365845 0.33508872985839844
vn 0.5969575047492981 -0.7393287420272827 0.3115040063858032
vn 0.6582668423652649 -0.6791332364082336 0.32475048303604126
vn -0.9851184487342834 -0.16343751549720764 0.053197409957647324
vn 0.8086679577827454 -0.47148779034614563 0.35178902745246887
vn -0.9990198612213135 -0.022603711113333702 0.03805827721953392
vn 0.8766698241233826 -0.29589593410491943 0.37933579087257385
vn 0.9113085269927979 -0.21941304206848145 0.3483887314796448
vn 0.9649854302406311 -0.12255236506462097 0.23191410303115845
vn -0.9948275685310364 0.10055661201477051 0.01436889823526144
vn 0.9696863293647766 0.14719638228416443 0.19504289329051971
vn 0.9113389253616333 -0.0068871257826685905 0.4115993082523346
vn 0.9459558725357056 0.003617961425334215 0.32427525520324707
vn -0.9744523763656616 0.2219984233379364 -0.03404872491955757
vn 0.8737553954124451 0.43786969780921936 0.21171142160892487
vn 0.7307563424110413 0.6239312291145325 0.27695679664611816
vn 0.7724050283432007 0.5725379586219788 0.2749377191066742
vn 0.8672803640365601 0.3255268335342407 0.3766392767429352
vn 0.9026986360549927 0.26475298404693604 0.3391771912574768
vn -0.9314083456993103 0.3514440655708313 -0.09468667209148407
vn 0.6811306476593018 0.7179053425788879 0.14378121495246887
vn -0.8147255778312683 0.5572662949562073 -0.16023924946784973
vn -0.6231619119644165 0.7528684735298157 -0.21179765462875366
vn 0.688885509967804 0.7246955037117004 -0.015912551432847977
vn 0.7100241184234619 0.703494131565094 0.031012356281280518
vn -0.506276547908783 0.8333115577697754 -0.2219819724559784
vn 0.5862221121788025 0.8065264225006104 -0.07654251158237457
vn -0.34790048003196716 0.9214656352996826 -0.17281903326511383
vn 0.47551530599594116 0.8766161799430847 -0.0736837089061737
vn -0.171990305185318 0.9728233218193054 -0.15502959489822388
vn -0.03865092247724533 0.9909456968307495 -0.12858007848262787
vn 0.15322326123714447 0.984028160572052 -0.09061555564403534
vn 0.3111501932144165 0.946704626083374 -0.08328235894441605
vn -0.7055178284645081 -0.7003341317176819 0.10852105915546417
vn -0.4599480926990509 -0.8785521984100342 0.12881694734096527
vn -0.22918395698070526 -0.9550176858901978 0.18819135427474976
vn 0.00554112670943141 -0.9688822627067566 0.2474600225687027
vn 0.22449535131454468 -0.9289137125015259 0.2944846451282501
vn 0.4081166088581085 -0.8536864519119263 0.32351237535476685
vn -0.856465756893158 -0.50788813829422 0.09228245913982391
vn 0.5048503875732422 -0.8096866011619568 0.29922202229499817
vn -0.8415142297744751 -0.5271353721618652 0.11824599653482437
vn -0.6555590629577637 -0.7440570592880249 0.12892425060272217
vn -0.9414356350898743 -0.3236064612865448 0.09475149214267731
vn 0.5912492275238037 -0.7487034201622009 0.29977908730506897
vn 0.6720916032791138 -0.6700472235679626 0.3151659369468689
vn 0.7333865761756897 -0.5985831618309021 0.3222458064556122
vn -0.9093949794769287 -0.3955950438976288 0.1284734159708023
vn -0.8038369417190552 -0.5763446688652039 0.14721757173538208
vn -0.9830849766731262 -0.16447117924690247 0.08058038353919983
vn 0.8121340274810791 -0.48206329345703125 0.3287147581577301
vn -0.9954665303230286 -0.07195848971605301 0.06219623610377312
vn 0.8928167819976807 -0.31912359595298767 0.3178653419017792
vn -0.999439001083374 0.03135676309466362 0.011766044422984123
vn 0.9381192922592163 -0.026955096051096916 0.34526172280311584
vn -0.9877340793609619 0.14909926056861877 -0.04637733846902847
vn 0.8887333869934082 0.38145703077316284 0.25425097346305847
vn -0.9480302929878235 0.2983103394508362 -0.11067728698253632
vn 0.8469989895820618 0.520745038986206 0.10685255378484726
vn -0.8552065491676331 0.49637314677238464 -0.14911571145057678
vn -0.7002224326133728 0.6832628846168518 -0.20697948336601257
vn 0.7335677146911621 0.6796000003814697 0.0047318218275904655
vn 0.7977474331855774 0.6018118262290955 0.037705957889556885
vn -0.5494611859321594 0.8152593374252319 -0.1828787922859192
vn 0.6182273030281067 0.7854050993919373 -0.030558917671442032
vn -0.8295448422431946 0.5407795310020447 -0.1393304169178009
vn -0.7298976182937622 0.6641343832015991 -0.1617867797613144
vn -0.4008392095565796 0.9063181281089783 -0.1338484138250351
vn 0.4962928891181946 0.8674047589302063 -0.036090217530727386
vn -0.17981022596359253 0.9762150049209595 -0.12113042175769806
vn -0.005504904314875603 0.995094358921051 -0.098777174949646
vn 0.14973793923854828 0.986594021320343 -0.06489110738039017
vn 0.3356424868106842 0.9410520195960999 -0.04201582819223404
vn -0.7518665194511414 0.64536052942276 -0.13493190705776215
vn -0.6032188534736633 0.7860383987426758 -0.1351693570613861
vn -0.16970409452915192 -0.9733923077583313 0.15397389233112335
vn 0.00067517050774768 -0.9793787598609924 0.20203165709972382
vn 0.22170299291610718 -0.946558952331543 0.23425209522247314
vn 0.3786331117153168 -0.8835432529449463 0.27565982937812805
vn -0.4179556667804718 -0.8985981941223145 0.13354551792144775
vn 0.49738597869873047 -0.8231323957443237 0.27397146821022034
vn 0.34156057238578796 -0.9153240919113159 0.21335004270076752
vn 0.3890443742275238 -0.8867308497428894 0.24970579147338867
vn -0.6067453026771545 -0.7786691188812256 0.15979567170143127
vn 0.5823590159416199 -0.7644690275192261 0.27648717164993286
vn -0.8845774531364441 -0.44440069794654846 0.14153029024600983
vn -0.761820912361145 -0.623794674873352 0.17466886341571808
vn 0.6739460229873657 -0.6826674342155457 0.28242170810699463
vn 0.7520537972450256 -0.5839316248893738 0.30567795038223267
vn 0.4407694935798645 -0.8722472190856934 0.21191295981407166
vn 0.4959804117679596 -0.8327035903930664 0.2461872398853302
vn -0.9617559909820557 -0.25417229533195496 0.10208780318498611
vn 0.8388356566429138 -0.46139630675315857 0.2889087498188019
vn -0.9869208931922913 -0.15505172312259674 0.044115208089351654
vn 0.9238943457603455 -0.2784610986709595 0.2624475657939911
vn -0.9985917806625366 -0.05041668564081192 -0.016513889655470848
vn 0.9773513674736023 -0.010986199602484703 0.21133790910243988
vn -0.9945203065872192 0.06593684107065201 -0.0811280757188797
vn 0.9616010189056396 0.2373112440109253 0.13786564767360687
vn -0.9749507308006287 0.18974387645721436 -0.1160535141825676
vn 0.911647617816925 0.40474334359169006 0.07128440588712692
vn 0.7589768171310425 0.6510735154151917 0.0075872777961194515
vn 0.8456120491027832 0.5331040620803833 0.027210770174860954
vn -0.9015912413597107 0.4127577543258667 -0.12947697937488556
vn 0.6380360126495361 0.769976019859314 -0.006852461025118828
vn -0.7524347305297852 0.6482925415039062 -0.11644267290830612
vn 0.5067457556724548 0.8620281219482422 -0.01078591775149107
vn -0.5476126074790955 0.8289234042167664 -0.11404597759246826
vn -0.33672580122947693 0.9358859658241272 -0.10360116511583328
vn -0.11659365147352219 0.9899179339408875 -0.08042644709348679
vn 0.036599867045879364 0.9966269135475159 -0.07345233857631683
vn 0.1856200248003006 0.9816309809684753 -0.044112350791692734
vn 0.34564486145973206 0.9381405711174011 -0.020539291203022003
vn -0.07952680438756943 -0.9865928292274475 0.14251378178596497
vn 0.12369491159915924 -0.976588785648346 0.17599420249462128
vn -0.34519150853157043 -0.9251026511192322 0.15820243954658508
vn 0.31874802708625793 -0.9297164678573608 0.1844642013311386
vn -0.5795515775680542 -0.7931181192398071 0.18730606138706207
vn 0.44691282510757446 -0.8707168102264404 0.20523454248905182
vn -0.8480973839759827 -0.5150188207626343 0.12444499880075455
vn -0.7593811750411987 -0.6254140734672546 0.1794368326663971
vn 0.5419102311134338 -0.8106772899627686 0.22166605293750763
vn 0.6093787550926208 -0.7537136077880859 0.24611657857894897
vn 0.7018423080444336 -0.6726803779602051 0.23434732854366302
vn 0.7684001922607422 -0.58468097448349 0.260210245847702
vn -0.937990128993988 -0.3380616307258606 0.07673916965723038
vn 0.8543270230293274 -0.46626636385917664 0.22961090505123138
vn 0.7306202054023743 -0.6580755710601807 0.1820182204246521
vn 0.7764110565185547 -0.5917486548423767 0.2168397605419159
vn -0.9704156517982483 -0.24118326604366302 0.011145107448101044
vn 0.939121663570404 -0.29890280961990356 0.1694333553314209
vn 0.7522124648094177 -0.6455721855163574 0.13195860385894775
vn 0.8291484117507935 -0.5361877679824829 0.15816321969032288
vn -0.9899016618728638 -0.13094837963581085 -0.054289333522319794
vn 0.9901146292686462 -0.03235388919711113 0.136477991938591
vn -0.9948647618293762 0.01276131346821785 -0.1004059836268425
vn 0.9868183732032776 0.13661102950572968 0.08675806224346161
vn -0.969124972820282 0.21125301718711853 -0.12715715169906616
vn 0.9465909600257874 0.32046788930892944 0.03557976707816124
vn 0.7708815932273865 0.6369742155075073 0.0023375663440674543
vn 0.8715750575065613 0.49015697836875916 0.010156390257179737
vn -0.8852856159210205 0.4468615651130676 -0.128779798746109
vn 0.6476064324378967 0.7619711756706238 0.002424261998385191
vn -0.7252692580223083 0.6815342307090759 -0.09744573384523392
vn 0.5120189785957336 0.858974039554596 0.00040343383443541825
vn -0.5375282168388367 0.8389217257499695 -0.08528697490692139
vn -0.3251182436943054 0.9426969289779663 -0.07497097551822662
vn -0.13283498585224152 0.9897856116294861 -0.051762983202934265
vn 0.05835273861885071 0.9977234601974487 -0.033806294202804565
vn 0.21579143404960632 0.9761772751808167 -0.022628633305430412
vn 0.36359208822250366 0.9315268993377686 -0.00764732388779521
vn -0.07893818616867065 -0.9843777418136597 0.15738241374492645
vn 0.15414763987064362 -0.9756544828414917 0.15600284934043884
vn -0.33535003662109375 -0.9262587428092957 0.17200352251529694
vn 0.3254977762699127 -0.9257668256759644 0.1923718899488449
vn -0.571845293045044 -0.7948753237724304 0.2028946578502655
vn 0.41601845622062683 -0.8856927156448364 0.20609956979751587
vn -0.7718520164489746 -0.6268449425697327 0.10634785145521164
vn -0.706602156162262 -0.6827781200408936 0.1858157366514206
vn 0.5290014743804932 -0.8262431025505066 0.19359701871871948
vn 0.6307947039604187 -0.7503611445426941 0.197626531124115
vn -0.9003368020057678 -0.43244677782058716 0.04882099851965904
vn 0.6764456033706665 -0.722713053226471 0.14180029928684235
vn -0.9424802660942078 -0.3329157829284668 -0.029966536909341812
vn 0.7289007902145386 -0.6768093109130859 0.10311520099639893
vn 0.8205305337905884 -0.5616516470909119 0.10619378089904785
vn 0.902646005153656 -0.4163844883441925 0.10887724161148071
vn -0.9757422804832458 -0.19511151313781738 -0.09929058700799942
vn 0.9794605374336243 -0.18216094374656677 0.0864555761218071
vn -0.990492582321167 0.0130423903465271 -0.13694685697555542
vn 0.9984129071235657 0.045867159962654114 0.032678257673978806
vn -0.9551547169685364 0.26000940799713135 -0.14168474078178406
vn 0.9631606340408325 0.2688474655151367 0.00653916085138917
vn 0.7734425067901611 0.6338554620742798 -0.0037417321000248194
vn 0.8828803300857544 0.4695833921432495 -0.0037212136667221785
vn -0.8541320562362671 0.5075432658195496 -0.11339471489191055
vn 0.6503070592880249 0.7596654295921326 0.003041995456442237
vn -0.6931706070899963 0.7172883152961731 -0.07079615443944931
vn 0.5158200263977051 0.8566862940788269 0.004283683840185404
vn -0.5170024633407593 0.8539525270462036 -0.05893666669726372
vn -0.31180453300476074 0.9489443302154541 -0.047776609659194946
vn -0.1149771586060524 0.99284428358078 -0.03225705772638321
vn 0.06408203393220901 0.9978315830230713 -0.015022631734609604
vn 0.2284059077501297 0.9735550880432129 -0.004604578483849764
vn 0.37501370906829834 0.9270181059837341 0.001476795063354075
vn -0.0939815565943718 -0.9711697101593018 0.2190822809934616
vn 0.15853841602802277 -0.9691780805587769 0.18857233226299286
vn -0.3435180187225342 -0.9150647521018982 0.2113099992275238
vn 0.2744198441505432 -0.9308950901031494 0.24109771847724915
vn -0.23124906420707703 -0.927399218082428 0.29403170943260193
vn 0.06382763385772705 -0.9592655897140503 0.27520114183425903
vn -0.49752795696258545 -0.8329839110374451 0.2420821487903595
vn 0.3157399892807007 -0.9212020635604858 0.22736559808254242
vn -0.6634787917137146 -0.7460321187973022 0.056850504130125046
vn -0.5432273149490356 -0.8180925250053406 0.18875552713871002
vn 0.45253971219062805 -0.8753897547721863 0.17000176012516022
vn 0.5798022747039795 -0.8008274435997009 0.15001599490642548
vn -0.31478017568588257 -0.9055560827255249 0.2843969464302063
vn 0.050702571868896484 -0.9559729099273682 0.28904157876968384
vn -0.8393743634223938 -0.5434743165969849 0.009293104521930218
vn 0.6376827359199524 -0.7632156014442444 0.10422445088624954
vn -0.8991667032241821 -0.43021416664123535 -0.0800938531756401
vn 0.7041193246841431 -0.7064239978790283 0.07198047637939453
vn 0.8039137721061707 -0.5905248522758484 0.07073288410902023
vn 0.9026280641555786 -0.4249327778816223 0.0685180127620697
vn -0.947248637676239 -0.25402772426605225 -0.19542253017425537
vn 0.9727998971939087 -0.22912311553955078 0.034104153513908386
vn -0.9030013680458069 -0.3700639307498932 -0.21826870739459991
vn -0.8700401782989502 -0.4289417862892151 -0.2429797500371933
vn -0.9732636213302612 0.12642227113246918 -0.19176916778087616
vn 0.9999583959579468 0.004352023359388113 0.008018461056053638
vn -0.9734119176864624 -0.08111894130706787 -0.21421724557876587
vn -0.9552522897720337 -0.09328176826238632 -0.2806985378265381
vn -0.9253445267677307 0.35875216126441956 -0.12261510640382767
vn 0.9689474701881409 0.24722038209438324 -0.004793781321495771
vn 0.7701430916786194 0.6378422379493713 -0.006083094514906406
vn 0.8855029344558716 0.4645550847053528 -0.008551028557121754
vn -0.8185027837753296 0.5686085224151611 -0.08208179473876953
vn 0.6480949521064758 0.7615591883659363 0.0007266486645676196
vn -0.6696951985359192 0.7410179376602173 -0.04899831861257553
vn 0.5156059265136719 0.8568133115768433 0.004644065164029598
vn -0.502991259098053 0.8632500767707825 -0.04241733253002167
vn -0.3019716441631317 0.9526275992393494 -0.036246489733457565
vn -0.0993989035487175 0.9946945905685425 -0.02650533802807331
vn 0.08030355721712112 0.9966874718666077 -0.012865286320447922
vn 0.2372923642396927 0.9714377522468567 -0.0010406370274722576
vn 0.3798827528953552 0.9250229597091675 0.00465907109901309
vn -0.5683287978172302 -0.8226835131645203 0.01393738854676485
vn -0.39951393008232117 -0.9128357768058777 0.08437647670507431
vn -0.14445509016513824 -0.9720212817192078 0.18522286415100098
vn 0.24011382460594177 -0.955371618270874 0.17207692563533783
vn 0.41925209760665894 -0.9006792306900024 0.11403780430555344
vn 0.5374922156333923 -0.8364653587341309 0.10690145194530487
vn -0.7585473656654358 -0.6509029269218445 -0.030517227947711945
vn 0.6083558201789856 -0.7902346253395081 0.07370591908693314
vn -0.8067734241485596 -0.575146496295929 -0.13536347448825836
vn 0.6885964274406433 -0.7230678796768188 0.05484291911125183
vn -0.8833160996437073 -0.46404021978378296 -0.06647883355617523
vn -0.809366762638092 -0.5732996463775635 -0.12748712301254272
vn 0.7878835201263428 -0.6137405037879944 0.050617799162864685
vn 0.8903809785842896 -0.4532693326473236 0.042056385427713394
vn -0.9655311703681946 -0.23362645506858826 -0.11475344002246857
vn 0.9661758542060852 -0.25700247287750244 0.0213091429322958
vn -0.9953637719154358 0.04448932781815529 -0.08527397364377975
vn 0.9998719096183777 -0.01356913335621357 0.00848995428532362
vn -0.9684533476829529 0.14689837396144867 -0.20129339396953583
vn -0.9473200440406799 0.2260618507862091 -0.22689396142959595
vn -0.8869817852973938 0.44277113676071167 -0.13121406733989716
vn 0.9706140756607056 0.2406403124332428 0.0007804367342032492
vn 0.7632278203964233 0.6461262106895447 -0.0020464754197746515
vn 0.8840646743774414 0.4673520624637604 -0.0034252835903316736
vn -0.9626305103302002 0.2513684332370758 -0.10077948868274689
vn -0.9193980693817139 0.3625051975250244 -0.15263429284095764
vn -0.7848005890846252 0.6171457171440125 -0.0567384734749794
vn 0.6422891616821289 0.7664622068405151 -0.0006248131394386292
vn -0.66743004322052 0.7438591718673706 -0.03479612246155739
vn 0.5139741897583008 0.8578005433082581 0.0029552343767136335
vn -0.5117810964584351 0.8582536578178406 -0.03848253935575485
vn -0.3096766769886017 0.9498278498649597 -0.04390249401330948
vn -0.09088543057441711 0.9949629902839661 -0.04229125380516052
vn 0.10256768018007278 0.9942768812179565 -0.02988896518945694
vn 0.25630152225494385 0.9665176868438721 -0.012375486083328724
vn 0.3877617120742798 0.9217596054077148 -0.00023352734569925815
vn -0.5130060315132141 -0.858384370803833 0.0011145410826429725
vn -0.3347600996494293 -0.9417982697486877 0.030850401148200035
vn -0.11577028781175613 -0.9908512234687805 0.0693625882267952
vn 0.13760589063167572 -0.986378014087677 0.0901278406381607
vn 0.3551276922225952 -0.9306010007858276 0.08869174122810364
vn 0.5003601312637329 -0.8621673583984375 0.07941831648349762
vn -0.6813549995422363 -0.7309632301330566 -0.0380549393594265
vn 0.5907888412475586 -0.8048955202102661 0.0557839497923851
vn -0.7377889156341553 -0.6732030510902405 -0.0496499203145504
vn 0.6887837648391724 -0.7229957580566406 0.053423382341861725
vn -0.9017043709754944 -0.43146753311157227 0.027660023421049118
vn -0.8088405132293701 -0.5879707932472229 -0.008213900029659271
vn 0.7831546068191528 -0.6198437213897705 0.04962455481290817
vn 0.882087767124176 -0.4695535898208618 0.03795484080910683
vn -0.9731300473213196 -0.22966040670871735 -0.01655540056526661
vn 0.9638547301292419 -0.26448890566825867 0.0320899672806263
vn -0.9999437928199768 -0.010412775911390781 -0.002022865926846862
vn 0.9994848370552063 -0.014874099753797054 0.028441118076443672
vn -0.9750813245773315 0.22022424638271332 -0.026788726449012756
vn 0.9705044031143188 0.24026675522327423 0.019825981929898262
vn -0.9075090289115906 0.4145832359790802 -0.06744013726711273
vn -0.8467292785644531 0.5228132009506226 -0.09856948256492615
vn 0.7534485459327698 0.6573973298072815 0.012005320750176907
vn 0.8801473379135132 0.47457459568977356 0.010939953848719597
vn -0.7726742625236511 0.6317532658576965 -0.06214692071080208
vn 0.6357218623161316 0.7719148397445679 0.0023073675110936165
vn -0.6674311757087708 0.7435455918312073 -0.04093429073691368
vn 0.5186069011688232 0.855012059211731 0.0010740455472841859
vn -0.5415236949920654 0.8394076228141785 -0.0463351234793663
vn -0.3545316457748413 0.932616114616394 -0.06733904033899307
vn -0.10345446318387985 0.9910711646080017 -0.08411392569541931
vn 0.1357053518295288 0.987896740436554 -0.07512722909450531
vn 0.29649466276168823 0.9541069865226746 -0.042080964893102646
vn 0.41151249408721924 0.9113066792488098 -0.01333310641348362
vn -0.49491238594055176 -0.8689080476760864 0.007785935420542955
vn -0.3058963119983673 -0.9520062208175659 0.010563218034803867
vn -0.09671302139759064 -0.9950379729270935 0.023368554189801216
vn 0.11880218982696533 -0.9921919107437134 0.03796587511897087
vn 0.3165247440338135 -0.9473401308059692 0.04856780916452408
vn 0.47390487790107727 -0.8789132237434387 0.05409099534153938
vn -0.6511479020118713 -0.758933961391449 -0.00507411127910018
vn 0.5928504467010498 -0.8039525747299194 0.04678412526845932
vn -0.7639511227607727 -0.6448484063148499 0.023438679054379463
vn 0.7100645899772644 -0.7012535333633423 0.06365446746349335
vn -0.921149730682373 -0.3815104365348816 0.07702634483575821
vn -0.8503750562667847 -0.5224910378456116 0.062173355370759964
vn 0.7932372689247131 -0.6054944396018982 0.06442923098802567
vn 0.8841497302055359 -0.4642629027366638 0.05233703553676605
vn -0.9744096398353577 -0.2193383127450943 0.04915861412882805
vn 0.9665583968162537 -0.24939019978046417 0.059744007885456085
vn -0.9676595330238342 -0.2399958074092865 0.07769884914159775
vn -0.9078646302223206 -0.40982943773269653 0.08843994140625
vn -0.9992977380752563 0.0074908253736793995 0.03671593964099884
vn 0.9980230927467346 -0.006294294260442257 0.06253188848495483
vn -0.9923554062843323 -0.10950571298599243 0.05691508576273918
vn -0.9522342681884766 -0.29653817415237427 0.07290423661470413
vn -0.9675859808921814 0.25251948833465576 0.003383395029231906
vn 0.9693355560302734 0.2412983775138855 0.04651624709367752
vn -0.9027284979820251 0.42917531728744507 -0.029830601066350937
vn -0.8237478733062744 0.5646310448646545 -0.05129547044634819
vn 0.747528612613678 0.6628058552742004 0.043467313051223755
vn 0.8695641756057739 0.492419958114624 0.03715960308909416
vn -0.7417615056037903 0.6692491769790649 -0.04353656247258186
vn 0.6349473595619202 0.7724226117134094 0.01432668138295412
vn -0.6695716977119446 0.7410585284233093 -0.050060007721185684
vn 0.5429652333259583 0.8397529721260071 0.0019534605089575052
vn -0.5728180408477783 0.8176564574241638 -0.057598091661930084
vn -0.4301548898220062 0.8993375301361084 -0.0784786194562912
vn -0.19643007218837738 0.9673506617546082 -0.16014964878559113
vn 0.19997939467430115 0.9615250825881958 -0.18835550546646118
vn 0.3785078227519989 0.9203922748565674 -0.09803017973899841
vn 0.4700346291065216 0.881935715675354 -0.03545154258608818
vn -0.26020359992980957 0.9367516040802002 -0.23407383263111115
vn 0.07808869332075119 0.9549379348754883 -0.28634893894195557
vn -0.2747407555580139 0.9378820657730103 -0.21188388764858246
vn -0.01932000182569027 0.9597330093383789 -0.280248761177063
vn -0.5006316900253296 -0.8654726147651672 0.01803240180015564
vn -0.3030864894390106 -0.9529312252998352 0.007787753362208605
vn -0.09025468677282333 -0.9959098696708679 0.004205265548080206
vn 0.11914796382188797 -0.9928473234176636 0.007614638656377792
vn 0.3109365403652191 -0.9502809643745422 0.0168710146099329
vn 0.4719488024711609 -0.8810628652572632 0.03150635212659836
vn -0.650485098361969 -0.7593345642089844 0.016741018742322922
vn 0.6217803955078125 -0.7822279930114746 0.03884025290608406
vn -0.7602120041847229 -0.6485956907272339 0.03743588551878929
vn 0.7705210447311401 -0.6333634257316589 0.07175032794475555
vn 0.8205313682556152 -0.5641196370124817 0.09218095988035202
vn 0.8966297507286072 -0.4358135461807251 0.0782407596707344
vn -0.8465451002120972 -0.529080331325531 0.05861205235123634
vn 0.9707740545272827 -0.21920259296894073 0.09771382808685303
vn 0.8794599771499634 -0.4595903158187866 0.1238023191690445
vn 0.9115926027297974 -0.39457428455352783 0.11536940932273865
vn -0.9100766181945801 -0.41016629338264465 0.05936571955680847
vn 0.9951657056808472 0.0029988563619554043 0.09816433489322662
vn -0.9887460470199585 -0.14750832319259644 0.02494981698691845
vn -0.9463217258453369 -0.3206638991832733 0.040618594735860825
vn 0.9295247197151184 -0.3353843688964844 0.15330089628696442
vn 0.9605372548103333 -0.244833305478096 0.1320033073425293
vn -0.9901132583618164 0.13875822722911835 0.020539678633213043
vn 0.9566854238510132 0.2802733778953552 0.07873938977718353
vn -0.9123173952102661 0.4093964397907257 -0.008458332158625126
vn -0.8198578357696533 0.5716848373413086 -0.031775906682014465
vn 0.7560641765594482 0.6478692889213562 0.09291090816259384
vn 0.867054283618927 0.4906380772590637 0.0865519568324089
vn -0.7453110218048096 0.665177047252655 -0.04528915882110596
vn 0.6523889899253845 0.7567654848098755 0.04116659238934517
vn -0.6892112493515015 0.7209011912345886 -0.07272839546203613
vn 0.6083023548126221 0.7936654686927795 0.007969165220856667
vn -0.6078645586967468 0.7894241809844971 -0.08549926429986954
vn -0.4648328423500061 0.8758363127708435 -0.1297738254070282
vn 0.5596997141838074 0.8056577444076538 -0.19404104351997375
vn 0.5878233909606934 0.8061687350273132 -0.06749562919139862
vn -0.4455637037754059 0.878878653049469 -0.17042705416679382
vn 0.40106716752052307 0.8717578649520874 -0.2813953757286072
vn -0.34511712193489075 0.9260461926460266 -0.15275035798549652
vn 0.31532585620880127 0.902072548866272 -0.29467740654945374
vn -0.11357267946004868 0.9759085774421692 -0.18628954887390137
vn 0.16340655088424683 0.9565191268920898 -0.24159784615039825
vn -0.5165578126907349 -0.8560051918029785 0.02057189680635929
vn -0.3155922591686249 -0.9488435983657837 0.009867792949080467
vn -0.0963628962635994 -0.9953458905220032 -0.0008812867454253137
vn 0.11926370859146118 -0.9928451180458069 -0.005901006516069174
vn 0.31660541892051697 -0.9485549926757812 -0.0021229153499007225
vn 0.48664164543151855 -0.8735255599021912 0.011533020995557308
vn -0.664148211479187 -0.7468672394752502 0.03311329707503319
vn 0.6502121090888977 -0.759436845779419 0.021908696740865707
vn -0.7852862477302551 -0.6179161071777344 0.038798462599515915
vn 0.779483437538147 -0.6241238713264465 0.053619999438524246
vn -0.8660025596618652 -0.49912703037261963 0.03019651211798191
vn 0.8801239728927612 -0.4611974060535431 0.11260045319795609
vn -0.9177937507629395 -0.3967406451702118 0.015860889106988907
vn 0.948508083820343 -0.2603082060813904 0.18047736585140228
vn -0.9898697733879089 -0.13757535815238953 -0.035083893686532974
vn -0.9520832896232605 -0.3057574927806854 -0.007055623922497034
vn 0.9685333371162415 -0.17435674369335175 0.17760320007801056
vn 0.9895324110984802 -0.055229831486940384 0.13332411646842957
vn -0.9932563900947571 0.11334343254566193 -0.02439478226006031
vn 0.970611572265625 0.21017968654632568 0.11720818281173706
vn -0.9283913373947144 0.3705648183822632 -0.027771908789873123
vn -0.8310644030570984 0.5549261569976807 -0.03726905584335327
vn 0.7937270402908325 0.5853219032287598 0.16551662981510162
vn 0.8683309555053711 0.4768010675907135 0.13660970330238342
vn -0.761013925075531 0.6450127363204956 -0.06940057128667831
vn 0.7056495547294617 0.7032456994056702 0.08662699908018112
vn -0.7123668193817139 0.693604588508606 -0.10698706656694412
vn 0.7329484224319458 0.6802058815956116 0.010324792005121708
vn -0.6490558981895447 0.7526150345802307 -0.11089228093624115
vn -0.5672136545181274 0.8132058382034302 -0.1302499920129776
vn 0.7298778891563416 0.6567784547805786 -0.1895267814397812
vn 0.7403464317321777 0.6645841598510742 -0.10106969624757767
vn -0.49737003445625305 0.8551880717277527 -0.14586447179317474
vn 0.5570372939109802 0.7922370433807373 -0.24913865327835083
vn -0.35226163268089294 0.9264651536941528 -0.13256731629371643
vn 0.4147239327430725 0.8808492422103882 -0.22827337682247162
vn -0.14617164433002472 0.9805409908294678 -0.13104641437530518
vn 0.13266310095787048 0.9773077964782715 -0.1651362180709839
vn -0.5214741826057434 -0.8532320857048035 0.007727211341261864
vn -0.3291284441947937 -0.944252073764801 0.007908609695732594
vn -0.10886111855506897 -0.9940564036369324 -0.0010937731713056564
vn 0.11570775508880615 -0.9932393431663513 -0.009344099089503288
vn 0.32481902837753296 -0.9457314610481262 -0.00920223630964756
vn 0.5046790242195129 -0.8633043766021729 0.0021649091504514217
vn -0.6779323220252991 -0.7348157167434692 0.021302228793501854
vn 0.6804507374763489 -0.7322432994842529 0.028402211144566536
vn -0.7898675799369812 -0.6132657527923584 0.0037891827523708344
vn 0.8313677906990051 -0.5515490174293518 0.06798093020915985
vn -0.869545042514801 -0.49298375844955444 -0.029299654066562653
vn 0.9328795075416565 -0.34082725644111633 0.11650196462869644
vn -0.8849541544914246 -0.4550881087779999 -0.09874743968248367
vn -0.8463475704193115 -0.5265752077102661 -0.0800902396440506
vn -0.9199274182319641 -0.39071163535118103 -0.03283369168639183
vn 0.9785972833633423 -0.09069035202264786 0.18472318351268768
vn -0.9833459258079529 -0.1672455370426178 -0.07113242149353027
vn -0.9507337808609009 -0.30461591482162476 -0.05757129192352295
vn 0.9714017510414124 -0.06131567060947418 0.22938838601112366
vn 0.9840090274810791 0.019891727715730667 0.1770043969154358
vn -0.944233775138855 -0.3167867362499237 -0.08982627838850021
vn -0.9054609537124634 -0.4176197350025177 -0.0757247805595398
vn -0.9951844215393066 0.06639054417610168 -0.07211333513259888
vn 0.947849452495575 0.2675827145576477 0.17315040528774261
vn -0.9398294687271118 0.335191935300827 -0.06608300656080246
vn -0.8474501967430115 0.5265560150146484 -0.06757979840040207
vn 0.8642510771751404 0.4414452910423279 0.2412387877702713
vn 0.88347327709198 0.40664464235305786 0.2326265275478363
vn 0.9490187764167786 0.17343507707118988 0.263217955827713
vn 0.9575315117835999 0.15307600796222687 0.24433819949626923
vn -0.7786223888397217 0.6180137395858765 -0.10865581035614014
vn 0.8382242321968079 0.5294414758682251 0.1306595653295517
vn -0.7268099784851074 0.6717768311500549 -0.14304979145526886
vn 0.8603114485740662 0.5096226930618286 -0.012201382778584957
vn -0.6702224016189575 0.7286848425865173 -0.1407846361398697
vn -0.5997492671012878 0.7875768542289734 -0.1415044069290161
vn 0.7868605852127075 0.592515230178833 -0.1725577712059021
vn 0.8493223190307617 0.516493022441864 -0.10902638733386993
vn -0.502371072769165 0.8518925905227661 -0.14799438416957855
vn 0.6226447820663452 0.7537068128585815 -0.21033194661140442
vn -0.339179664850235 0.9322977662086487 -0.12561076879501343
vn 0.3878359794616699 0.9055441617965698 -0.1719682365655899
vn -0.14019881188869476 0.984763503074646 -0.1028844565153122
vn 0.09676491469144821 0.9884750843048096 -0.11642008274793625
vn -0.5020350813865662 -0.8647832870483398 -0.010522078722715378
vn -0.3301858603954315 -0.9439149498939514 0.0014089068863540888
vn -0.11942563205957413 -0.9928426146507263 -0.001072184182703495
vn 0.11030605435371399 -0.9938595294952393 -0.008712070994079113
vn 0.33470451831817627 -0.9422653913497925 -0.010434147901833057
vn 0.5300307273864746 -0.8479767441749573 0.0017056978540495038
vn -0.6663572788238525 -0.7455683946609497 -0.009788972325623035
vn 0.7245664000511169 -0.6887000203132629 0.026380520313978195
vn -0.7653236985206604 -0.6413714289665222 -0.054059453308582306
vn 0.873997151851654 -0.4826156795024872 0.05666746571660042
vn -0.8700596690177917 -0.48365306854248047 -0.09526792168617249
vn -0.8085001707077026 -0.5817391276359558 -0.08892214298248291
vn -0.932686448097229 -0.3461748957633972 -0.10128644108772278
vn 0.9601370692253113 -0.2657456696033478 0.08669505268335342
vn -0.9826430082321167 -0.15867693722248077 -0.09609556198120117
vn 0.9918487668037415 -0.0683009922504425 0.10756845772266388
vn -0.9903426766395569 0.07879070937633514 -0.11407642811536789
vn 0.9679049849510193 0.19506481289863586 0.15846030414104462
vn -0.9457241296768188 0.30399855971336365 -0.11485133320093155
vn -0.8613489270210266 0.4955648183822632 -0.11177502572536469
vn -0.7891508340835571 0.5963548421859741 -0.14697594940662384
vn 0.9477176070213318 0.31530073285102844 0.049161721020936966
vn -0.7251223921775818 0.6694028377532959 -0.16154669225215912
vn 0.932546079158783 0.3590790629386902 -0.03768414631485939
vn -0.6737895011901855 0.7211148142814636 -0.1612486094236374
vn -0.6060875654220581 0.779426634311676 -0.15859375894069672
vn 0.7831079959869385 0.6063583493232727 -0.13809967041015625
vn 0.8859109282493591 0.45217591524124146 -0.10343461483716965
vn -0.49638840556144714 0.8556565642356873 -0.146459698677063
vn 0.6136331558227539 0.7704219818115234 -0.17292878031730652
vn -0.6378166079521179 0.753347635269165 -0.16017912328243256
vn -0.5968949794769287 0.7872490882873535 -0.15477485954761505
vn 0.6213741302490234 0.7749219536781311 -0.11571594327688217
vn 0.8268930315971375 0.5558838844299316 -0.08509483933448792
vn -0.35602688789367676 0.9282007217407227 -0.10811268538236618
vn 0.35164931416511536 0.9277591705322266 -0.12492280453443527
vn -0.14046776294708252 0.9859282970428467 -0.09063269197940826
vn 0.10505786538124084 0.9917296171188354 -0.07372412830591202
vn -0.5720970630645752 0.8088262677192688 -0.136033296585083
vn -0.4887748062610626 0.8628575205802917 -0.12874799966812134
vn 0.3780324161052704 0.9228584170341492 -0.07364656031131744
vn 0.631718635559082 0.7722775936126709 -0.067222960293293
vn -0.4656379520893097 -0.8847777247428894 -0.018700774759054184
vn -0.31619301438331604 -0.9486913084983826 -0.002618661615997553
vn -0.12295740842819214 -0.9924119710922241 0.00004489915954764001
vn 0.10464547574520111 -0.9944903254508972 -0.006200041156262159
vn 0.3429885804653168 -0.9392817616462708 -0.010421783663332462
vn 0.5587522387504578 -0.8293336033821106 -0.0013354929396882653
vn -0.6237233281135559 -0.7806199789047241 -0.04002152010798454
vn 0.7602987885475159 -0.6493808627128601 0.015819169580936432
vn -0.7027969360351562 -0.7080233097076416 -0.06913384795188904
vn 0.9013732075691223 -0.43145760893821716 0.03702421486377716
vn -0.8620180487632751 -0.4998880624771118 -0.08388662338256836
vn -0.779513418674469 -0.6211807131767273 -0.08058163523674011
vn -0.9390742778778076 -0.32941335439682007 -0.09811380505561829
vn 0.9746098518371582 -0.21605543792247772 0.05878512188792229
vn -0.9847862720489502 -0.13451622426509857 -0.11000644415616989
vn 0.9971612691879272 -0.0311850905418396 0.06853438913822174
vn -0.9875491857528687 0.0925668329000473 -0.12719249725341797
vn 0.9901766180992126 0.12943756580352783 0.05287922918796539
vn -0.9465929269790649 0.2906840145587921 -0.13951601088047028
vn -0.8696620464324951 0.4700014591217041 -0.15095210075378418
vn -0.7949057817459106 0.584830641746521 -0.16154862940311432
vn 0.9767817258834839 0.21414023637771606 0.0064408122561872005
vn -0.928553581237793 0.3454906642436981 -0.135736882686615
vn -0.8743395209312439 0.46074751019477844 -0.15245383977890015
vn -0.7392110824584961 0.6597974896430969 -0.13503475487232208
vn 0.9631704092025757 0.2682338356971741 -0.018797453492879868
vn -0.8855099678039551 0.45211902260780334 -0.1070539578795433
vn -0.8196643590927124 0.557249903678894 -0.13275134563446045
vn -0.68024742603302 0.7206802368164062 -0.13372920453548431
vn 0.9258365035057068 0.37516897916793823 -0.045553725212812424
vn -0.584018349647522 0.8063399195671082 -0.09348007291555405
vn 0.8418321013450623 0.536980926990509 -0.05449976027011871
vn -0.4200373589992523 0.9027872681617737 -0.09243237972259521
vn -0.28567561507225037 0.955875039100647 -0.06850076466798782
vn -0.09023933112621307 0.9950830936431885 -0.04082244262099266
vn 0.1118098795413971 0.9928774237632751 -0.04114628955721855
vn 0.3326990306377411 0.9428172707557678 -0.020174691453576088
vn 0.6237689256668091 0.7811450362205505 -0.02692238800227642
vn -0.430907279253006 -0.9022970795631409 -0.013378036208450794
vn -0.2952943742275238 -0.9554063677787781 0.00015743520634714514
vn -0.12019071727991104 -0.9927403330802917 0.004564453847706318
vn 0.0991964265704155 -0.9950673580169678 -0.0010499309282749891
vn 0.3461846113204956 -0.938126266002655 -0.008683448657393456
vn 0.580176830291748 -0.8144690990447998 -0.005918949376791716
vn -0.5757503509521484 -0.8166093230247498 -0.040753405541181564
vn 0.7845337986946106 -0.6200728416442871 0.004034762270748615
vn -0.6697350144386292 -0.7405068278312683 -0.05572040006518364
vn 0.9185777306556702 -0.39486822485923767 0.01715034246444702
vn -0.8526773452758789 -0.5181885957717896 -0.06649791449308395
vn -0.7631591558456421 -0.6432177424430847 -0.06212134286761284
vn -0.9343593120574951 -0.3442489206790924 -0.09200792759656906
vn 0.981731116771698 -0.18834543228149414 0.027019253000617027
vn -0.9799163341522217 -0.1679692268371582 -0.10747285187244415
vn 0.9993130564689636 -0.025886710733175278 0.02651936374604702
vn -0.9948303699493408 0.004899410530924797 -0.10143250226974487
vn 0.9957485795021057 0.0910070538520813 0.014229529537260532
vn -0.96592777967453 0.23966024816036224 -0.09770647436380386
vn 0.98347407579422 0.18101707100868225 0.003422398818656802
vn -0.8800479769706726 0.4718379080295563 -0.05370844900608063
vn 0.95972740650177 0.28093257546424866 -0.0004632360942196101
vn -0.7823771834373474 0.6199985146522522 -0.05905723571777344
vn -0.7395592927932739 0.668948769569397 -0.07456297427415848
vn -0.6938344836235046 0.7179920673370361 -0.055508535355329514
vn 0.9130774140357971 0.40778622031211853 0.000380590558052063
vn 0.7430819869041443 0.6585895419120789 0.11869722604751587
vn 0.8823354840278625 0.46681278944015503 0.05974922329187393
vn -0.6063855290412903 0.7946736216545105 -0.028115134686231613
vn 0.7767868041992188 0.6296248435974121 0.013227717950940132
vn -0.3975709080696106 0.9162343144416809 -0.049517594277858734
vn -0.24745839834213257 0.9688376784324646 -0.010856878012418747
vn -0.11134358495473862 0.9933900237083435 0.027908185496926308
vn 0.07391476631164551 0.9967900514602661 0.030760930851101875
vn 0.2770501673221588 0.9595043063163757 0.05093887448310852
vn 0.5192829966545105 0.8533945083618164 0.045419853180646896
vn 0.522447943687439 0.8478060960769653 0.09095611423254013
vn 0.7602094411849976 0.647068977355957 0.05816686898469925
vn -0.4053676426410675 -0.9140985608100891 -0.010048538446426392
vn -0.2752055823802948 -0.9613786935806274 0.0036009366158396006
vn -0.11415229737758636 -0.9934107661247253 0.010214089415967464
vn 0.09413138777017593 -0.9955394864082336 0.006356028839945793
vn 0.3440077006816864 -0.938959002494812 -0.0038399863988161087
vn 0.5924286842346191 -0.8055779337882996 -0.008508466184139252
vn -0.5436813831329346 -0.8388065695762634 -0.02853458561003208
vn 0.7992911338806152 -0.6009235382080078 -0.0049625239335000515
vn -0.6493232846260071 -0.7594802975654602 -0.03960995748639107
vn 0.9279220104217529 -0.3727744221687317 0.00024027428298722953
vn -0.847351610660553 -0.528703510761261 -0.049677491188049316
vn -0.7521799206733704 -0.657311201095581 -0.04655478522181511
vn -0.9272104501724243 -0.36773616075515747 -0.0710698813199997
vn 0.9843165874481201 -0.17637845873832703 0.003391051897779107
vn -0.9798000454902649 -0.18907548487186432 -0.06513289362192154
vn 0.9995813369750977 -0.028727266937494278 0.0034612398594617844
vn -0.9977682828903198 0.037702299654483795 -0.055108584463596344
vn 0.9962607026100159 0.08625329285860062 0.004999284632503986
vn -0.9622188806533813 0.26930126547813416 -0.04014622047543526
vn 0.9804705381393433 0.19616180658340454 0.014076110906898975
vn -0.8582771420478821 0.5131681561470032 -0.004334655124694109
vn 0.9470418691635132 0.3187887966632843 0.03854168951511383
vn -0.7374914884567261 0.6753486394882202 0.0032477451022714376
vn -0.6813163757324219 0.7313652038574219 0.030216572806239128
vn 0.6963096857070923 0.691360354423523 0.19280484318733215
vn 0.86327064037323 0.4907786250114441 0.11789911985397339
vn -0.6789838075637817 0.7290606498718262 0.08632265031337738
vn 0.5520032644271851 0.81815505027771 0.1609804481267929
vn -0.5362076163291931 0.8228417038917542 0.18818356096744537
vn -0.38501203060150146 0.8944920301437378 0.22726579010486603
vn -0.5832814574241638 0.8071135878562927 0.09138058871030807
vn 0.3349411189556122 0.9331347346305847 0.13066786527633667
vn -0.4118010997772217 0.9112197160720825 0.009928042069077492
vn -0.21973074972629547 0.973863422870636 0.05751941725611687
vn -0.08574115484952927 0.993353545665741 0.07679367810487747
vn 0.11462986469268799 0.9887396693229675 0.09619731456041336
vn -0.3837694525718689 0.9149417877197266 0.12491030991077423
vn -0.2828851342201233 0.9449719190597534 0.1643293797969818
vn -0.38662785291671753 -0.9219030737876892 -0.024771995842456818
vn -0.25635549426078796 -0.966564953327179 -0.005844900384545326
vn -0.10470128059387207 -0.9944705963134766 0.00811756495386362
vn 0.09123437106609344 -0.995764970779419 0.011333934962749481
vn 0.33830389380455017 -0.9410313963890076 0.0032318951562047005
vn 0.5967731475830078 -0.8023797273635864 -0.006975457537919283
vn -0.5229379534721375 -0.8520054221153259 -0.024953151121735573
vn 0.8064982891082764 -0.5911779999732971 -0.008310796692967415
vn -0.6372782588005066 -0.7697243094444275 -0.0374271534383297
vn 0.9322645664215088 -0.36169469356536865 -0.007730846758931875
vn -0.8508341312408447 -0.5235673785209656 -0.04425476863980293
vn -0.7480436563491821 -0.6621008515357971 -0.04531197249889374
vn -0.9283232092857361 -0.3691241443157196 -0.04431076720356941
vn 0.9856358766555786 -0.16878633201122284 -0.0057504745200276375
vn -0.985308825969696 -0.1684277504682541 -0.028258735314011574
vn 0.9997955560684204 -0.02021339349448681 -0.000506657874211669
vn -0.9982897043228149 0.058051254600286484 -0.006909606978297234
vn 0.9943304657936096 0.1056678369641304 0.011890916153788567
vn -0.9554867744445801 0.29447025060653687 0.018229207023978233
vn 0.9721102118492126 0.23165148496627808 0.03659823536872864
vn -0.8438707590103149 0.5350491404533386 0.04005768895149231
vn 0.9201165437698364 0.3815285861492157 0.08843892067670822
vn -0.6907448172569275 0.7216980457305908 0.04498440772294998
vn -0.5891367197036743 0.8032083511352539 0.08817227929830551
vn -0.584065318107605 0.7911748886108398 0.18141138553619385
vn -0.5204007029533386 0.8097085356712341 0.27121078968048096
vn 0.6053498983383179 0.7612729668617249 0.23241108655929565
vn 0.8001389503479004 0.5759567022323608 0.16748619079589844
vn -0.3622680902481079 0.8786358833312988 0.3110642433166504
vn 0.46980637311935425 0.8564654588699341 0.21389003098011017
vn -0.24036704003810883 0.9383896589279175 0.24829111993312836
vn 0.27848896384239197 0.9458328485488892 0.1668657511472702
vn -0.11740593612194061 0.9834054708480835 0.13830968737602234
vn 0.07233218848705292 0.9888260960578918 0.13034987449645996
vn -0.3764960467815399 -0.9240655899047852 -0.06598202139139175
vn -0.23763826489448547 -0.9705166220664978 -0.04031869396567345
vn -0.08834537863731384 -0.9959927797317505 -0.013911563903093338
vn 0.09554316103458405 -0.9954150319099426 0.004521757364273071
vn 0.33327871561050415 -0.9427969455718994 0.007697294000536203
vn 0.5956268906593323 -0.8032599091529846 -0.0014683242188766599
vn -0.5116255283355713 -0.8581289052963257 -0.04306003823876381
vn 0.8088392615318298 -0.5880104303359985 -0.004776895046234131
vn -0.6351532936096191 -0.7702961564064026 -0.05678214132785797
vn 0.9348268508911133 -0.35506200790405273 -0.005457586143165827
vn -0.8631246089935303 -0.5022552013397217 -0.0524943508207798
vn -0.7536025047302246 -0.6543796062469482 -0.06221398711204529
vn -0.9376963376998901 -0.3463004231452942 -0.028313355520367622
vn 0.9875171184539795 -0.1574994921684265 -0.001967452699318528
vn -0.9912708401679993 -0.1318080723285675 0.002970706904307008
vn 0.9999604821205139 0.0010246892925351858 0.008828004822134972
vn -0.9941989779472351 0.09953488409519196 0.04075843095779419
vn 0.9893721342086792 0.1421160250902176 0.03075462393462658
vn -0.9429813027381897 0.32466068863868713 0.07336071878671646
vn 0.9545871019363403 0.2898969352245331 0.06872639805078506
vn -0.8364603519439697 0.5421712398529053 0.07990352809429169
vn 0.8743784427642822 0.4689500331878662 0.12469244748353958
vn -0.6588055491447449 0.7492877244949341 0.06740342825651169
vn -0.5160061717033386 0.8494417071342468 0.11039196699857712
vn -0.43849581480026245 0.8816154599189758 0.17457285523414612
vn -0.39459115266799927 0.8703451156616211 0.29461371898651123
vn 0.49051764607429504 0.8342512249946594 0.2518279552459717
vn 0.7179484367370605 0.6699458360671997 0.18900428712368011
vn -0.23889292776584625 0.9019182920455933 0.3598244786262512
vn 0.39892128109931946 0.882509708404541 0.24907517433166504
vn 0.03399268165230751 0.9269745945930481 0.3735808730125427
vn 0.29509449005126953 0.9031102657318115 0.3119473457336426
vn -0.15384815633296967 0.925006091594696 0.3474111557006836
vn 0.23114345967769623 0.9513576030731201 0.20369480550289154
vn -0.10208796709775925 0.9689944386482239 0.22500628232955933
vn 0.0659380629658699 0.9788720011711121 0.19355089962482452
vn 0.037533972412347794 0.9520211815834045 0.30372175574302673
vn 0.21602000296115875 0.9324025511741638 0.2897599935531616
vn -0.38575229048728943 -0.9130268096923828 -0.13257941603660583
vn -0.2248719483613968 -0.968703031539917 -0.10510529577732086
vn -0.06418605893850327 -0.9957463145256042 -0.06610158830881119
vn 0.11402685940265656 -0.9931430220603943 -0.025786546990275383
vn 0.3361949920654297 -0.9417923092842102 0.00045834993943572044
vn 0.5931292176246643 -0.8050976991653442 0.003916328772902489
vn -0.5149784088134766 -0.8530141115188599 -0.08464165776968002
vn 0.809585452079773 -0.5869994759559631 0.0017759565962478518
vn -0.6498287320137024 -0.7544403672218323 -0.09242548793554306
vn 0.9374819397926331 -0.3480271100997925 0.0021879803389310837
vn -0.8782875537872314 -0.47303634881973267 -0.06962499767541885
vn -0.7680847644805908 -0.634037971496582 -0.08967557549476624
vn -0.95157790184021 -0.3066122531890869 -0.02210005186498165
vn 0.9901429414749146 -0.13980594277381897 0.008443286642432213
vn -0.9971430897712708 -0.07122693955898285 0.025148116052150726
vn 0.9990991353988647 0.03442513570189476 0.02481488138437271
vn -0.9814872741699219 0.1764838993549347 0.07440564781427383
vn 0.97938472032547 0.19464822113513947 0.05401550605893135
vn -0.901315450668335 0.41507548093795776 0.12386626750230789
vn 0.9275738000869751 0.3615949749946594 0.09410611540079117
vn -0.7489258646965027 0.644859254360199 0.15253406763076782
vn -0.6368816494941711 0.7587116360664368 0.13688820600509644
vn -0.7908146381378174 0.5949262976646423 0.14378784596920013
vn 0.8221202492713928 0.552340567111969 0.13797912001609802
vn -0.6651928424835205 0.7403444647789001 0.09699783474206924
vn -0.4880569279193878 0.8644355535507202 0.12063020467758179
vn -0.3631497919559479 0.9193660616874695 0.1512889266014099
vn -0.24577462673187256 0.9475116729736328 0.2044907659292221
vn -0.08313789963722229 0.9538713097572327 0.2884747385978699
vn 0.23533649742603302 0.9296070337295532 0.28363263607025146
vn 0.4643262028694153 0.8564987778663635 0.225412979722023
vn 0.652661919593811 0.7348108887672424 0.184622123837471
vn -0.6290971636772156 0.761879563331604 0.15419602394104004
vn -0.54450923204422 0.8267269730567932 0.141535684466362
vn -0.43095719814300537 -0.8764417171478271 -0.21476927399635315
vn -0.23284485936164856 -0.9522926211357117 -0.19728682935237885
vn -0.04131875932216644 -0.9873142838478088 -0.15330770611763
vn 0.15181627869606018 -0.9842981100082397 -0.09005073457956314
vn 0.3569053113460541 -0.9336724281311035 -0.029571756720542908
vn 0.5957753658294678 -0.8031511306762695 0.00019350230286363512
vn -0.5551844239234924 -0.8194805979728699 -0.14220353960990906
vn 0.8126421570777893 -0.5827594995498657 0.0020292908884584904
vn -0.6846723556518555 -0.7060653567314148 -0.18081896007061005
vn -0.5768481492996216 -0.7950746417045593 -0.18735665082931519
vn -0.6784120202064514 -0.7248432040214539 -0.11983103305101395
vn 0.9416409134864807 -0.3365640938282013 0.006083529442548752
vn -0.8755532503128052 -0.473955899477005 -0.0936601534485817
vn -0.7785255312919617 -0.6170893907546997 -0.11445009708404541
vn -0.7913473844528198 -0.5961757302284241 -0.13543973863124847
vn -0.6745721101760864 -0.7219054698944092 -0.1542888581752777
vn -0.9637791514396667 -0.26407861709594727 -0.03731384500861168
vn 0.9932955503463745 -0.11435948312282562 0.016907956451177597
vn -0.9996635913848877 0.016541240736842155 0.01997978612780571
vn 0.9961815476417542 0.0784626379609108 0.03828810527920723
vn -0.9529997110366821 0.29379740357398987 0.07399161905050278
vn 0.9638969898223877 0.25707799196243286 0.06937984377145767
vn -0.8544988632202148 0.5042325854301453 0.12482484430074692
vn -0.7494139075279236 0.6464727520942688 0.14300990104675293
vn -0.6611204743385315 0.7361331582069397 0.1450096070766449
vn 0.8855599761009216 0.45206838846206665 0.10685424506664276
vn 0.754478931427002 0.6423995494842529 0.1344785839319229
vn 0.8615853786468506 0.49604523181915283 0.10774879157543182
vn -0.5173835158348083 0.8473442792892456 0.11967477947473526
vn 0.7603177428245544 0.6310920715332031 0.15375187993049622
vn -0.35854145884513855 0.9258981347084045 0.11899916082620621
vn -0.18745429813861847 0.9719871878623962 0.1417807787656784
vn -0.023058220744132996 0.9820140600204468 0.18739469349384308
vn 0.14579851925373077 0.964833676815033 0.21872097253799438
vn 0.38609203696250916 0.8993288278579712 0.20528197288513184
vn 0.5982450842857361 0.7780144810676575 0.19182367622852325
vn 0.5976552367210388 0.7860094904899597 0.15810582041740417
vn 0.7582390308380127 0.6368070244789124 0.13982301950454712
vn -0.1817042976617813 -0.9376216530799866 -0.29639381170272827
vn -0.013452260755002499 -0.949940025806427 -0.3121427297592163
vn 0.19813552498817444 -0.9218965172767639 -0.3329402804374695
vn 0.41920846700668335 -0.8594937920570374 -0.2924633026123047
vn -0.7133160829544067 -0.6727023124694824 -0.19660069048404694
vn -0.5771242380142212 -0.7855769991874695 -0.22315093874931335
vn -0.45598888397216797 -0.8466810584068298 -0.2742360234260559
vn -0.26961737871170044 -0.9191113710403442 -0.28729918599128723
vn -0.0480850487947464 -0.9609428644180298 -0.27253738045692444
vn 0.21919380128383636 -0.9519917964935303 -0.21369558572769165
vn 0.40715551376342773 -0.9089381694793701 -0.0897546336054802
vn 0.6129093766212463 -0.7898093461990356 -0.023309998214244843
vn -0.3188020586967468 -0.8939329981803894 -0.31503826379776
vn -0.12264467775821686 -0.9364920258522034 -0.3285438120365143
vn 0.11091209203004837 -0.9366415143013 -0.3322666883468628
vn 0.3855442404747009 -0.8715614676475525 -0.30288010835647583
vn -0.7950917482376099 -0.5852892994880676 -0.15895134210586548
vn 0.823771059513092 -0.5667581558227539 -0.013656498864293098
vn -0.9041202664375305 -0.41353264451026917 -0.10750556737184525
vn 0.9490237832069397 -0.31520169973373413 -0.0013603325933218002
vn -0.9868185520172119 -0.15262439846992493 -0.05380619317293167
vn 0.9965188503265381 -0.08176803588867188 0.016252893954515457
vn -0.9941970705986023 0.10746954381465912 -0.004744083620607853
vn 0.9914043545722961 0.12458809465169907 0.03994027152657509
vn -0.9382593035697937 0.3438894748687744 0.0375443696975708
vn 0.94416344165802 0.321806937456131 0.07068043202161789
vn -0.8671801686286926 0.4890678822994232 0.09386833757162094
vn -0.7708678841590881 0.6226639151573181 0.13435913622379303
vn 0.7384880185127258 0.6586132049560547 0.14444422721862793
vn 0.862822949886322 0.4937627911567688 0.10832765698432922
vn -0.6542384624481201 0.747157633304596 0.11716462671756744
vn 0.6258934736251831 0.7650682330131531 0.15142002701759338
vn -0.5091759562492371 0.8566830158233643 0.08266814798116684
vn 0.4587697982788086 0.8745169043540955 0.15732285380363464
vn -0.33082151412963867 0.9406347870826721 0.07591661810874939
vn -0.15236316621303558 0.9846583604812622 0.08505021780729294
vn 0.028759341686964035 0.9932039380073547 0.11277831345796585
vn 0.23061639070510864 0.9606767892837524 0.15464875102043152
vn -0.22206316888332367 -0.9453632831573486 -0.23869699239730835
vn -0.06714968383312225 -0.9692226648330688 -0.23685094714164734
vn 0.07635318487882614 -0.9686025381088257 -0.23659959435462952
vn 0.2549903094768524 -0.9356454014778137 -0.2440238893032074
vn -0.3335493505001068 -0.899886965751648 -0.28097739815711975
vn 0.42509740591049194 -0.8838477730751038 -0.19520598649978638
vn -0.47053784132003784 -0.8352369070053101 -0.28455859422683716
vn 0.546076774597168 -0.8088107109069824 -0.21823246777057648
vn -0.7628612518310547 -0.6086854934692383 -0.21804748475551605
vn -0.6106402277946472 -0.7499832510948181 -0.25425127148628235
vn 0.5231156349182129 -0.8333228826522827 -0.17867033183574677
vn 0.6574113368988037 -0.7504274845123291 -0.06832998245954514
vn -0.8439307808876038 -0.5117383599281311 -0.16094954311847687
vn 0.8476976156234741 -0.5286839008331299 -0.04361515864729881
vn -0.9473944306373596 -0.29743847250938416 -0.11821281164884567
vn 0.9595786333084106 -0.2808568477630615 -0.018118994310498238
vn -0.995680034160614 -0.05673164501786232 -0.07350358366966248
vn 0.9988101124763489 -0.04834221303462982 0.006438421551138163
vn -0.9807872176170349 0.19263598322868347 -0.030786586925387383
vn 0.9867593050003052 0.1590682566165924 0.03167644143104553
vn -0.9086716771125793 0.41742467880249023 0.008514519780874252
vn 0.9328674077987671 0.35341107845306396 0.06970702856779099
vn -0.8477072715759277 0.5266665816307068 0.06336062401533127
vn -0.7665608525276184 0.6343889832496643 0.09967561811208725
vn 0.6962742805480957 0.7023122906684875 0.14818808436393738
vn 0.8333266377449036 0.5405700206756592 0.11554599553346634
vn -0.6548500657081604 0.7507922053337097 0.08650170266628265
vn 0.5798425078392029 0.799796998500824 0.15526604652404785
vn -0.5225002765655518 0.8500662446022034 0.06618767231702805
vn 0.4134877920150757 0.9006375670433044 0.13371579349040985
vn -0.33005914092063904 0.9424009323120117 0.05423606187105179
vn -0.1335156410932541 0.9892709851264954 0.05929989367723465
vn 0.04649689793586731 0.9959205389022827 0.07733286172151566
vn 0.23121315240859985 0.9673662781715393 0.10364831984043121
vn -0.2542428970336914 -0.937069296836853 -0.23929454386234283
vn -0.06907839328050613 -0.9761412739753723 -0.20585528016090393
vn 0.08769048750400543 -0.9803517460823059 -0.17669449746608734
vn 0.24808648228645325 -0.9555345773696899 -0.1593949794769287
vn -0.39609625935554504 -0.8828012943267822 -0.25252652168273926
vn 0.45243293046951294 -0.8772962689399719 -0.16017408668994904
vn -0.5466987490653992 -0.792229413986206 -0.2710960805416107
vn 0.5857424139976501 -0.7899741530418396 -0.18123666942119598
vn -0.8048654198646545 -0.5439714193344116 -0.23724813759326935
vn -0.6842259764671326 -0.6801332235336304 -0.26316097378730774
vn 0.6567423343658447 -0.7338324189186096 -0.17372272908687592
vn 0.7262094616889954 -0.6780868768692017 -0.11321669816970825
vn -0.8845011591911316 -0.4302535653114319 -0.18038733303546906
vn 0.8804465532302856 -0.46879318356513977 -0.07104096561670303
vn -0.9674786329269409 -0.20952609181404114 -0.1417182981967926
vn 0.9708879590034485 -0.2372075617313385 -0.033304281532764435
vn -0.9936385750770569 0.039365675300359726 -0.10551238059997559
vn 0.9999243021011353 -0.012254065833985806 -0.0011560862185433507
vn -0.9533441662788391 0.295048326253891 -0.06388678401708603
vn 0.9782894849777222 0.20425617694854736 0.03505869582295418
vn -0.8552325963973999 0.5179708003997803 -0.016836529597640038
vn 0.9061710238456726 0.41521739959716797 0.08030282706022263
vn -0.8066280484199524 0.5893340110778809 0.045129768550395966
vn -0.7493936419487 0.6575352549552917 0.07782474905252457
vn 0.6463134288787842 0.7469494938850403 0.1560305953025818
vn 0.7868888974189758 0.6044225692749023 0.12441562861204147
vn -0.6546697616577148 0.7510696053504944 0.08545217663049698
vn 0.5495836734771729 0.8217099905014038 0.1508328765630722
vn -0.5400194525718689 0.8371890187263489 0.08656519651412964
vn 0.40196067094802856 0.9071359634399414 0.12462735921144485
vn -0.3456537127494812 0.9366572499275208 0.05653931200504303
vn -0.12097126990556717 0.9908314943313599 0.060157883912324905
vn 0.056394584476947784 0.9949418902397156 0.08312858641147614
vn 0.22550678253173828 0.9691934585571289 0.09904960542917252
vn -0.2822680175304413 -0.9087212085723877 -0.30749085545539856
vn -0.05660226196050644 -0.966869056224823 -0.24891860783100128
vn 0.1322508305311203 -0.9727848768234253 -0.19026143848896027
vn 0.2892996370792389 -0.9447340369224548 -0.15421850979328156
vn -0.4518113136291504 -0.849381148815155 -0.27279719710350037
vn 0.4736082851886749 -0.8650636076927185 -0.16540905833244324
vn -0.5917239189147949 -0.7368603348731995 -0.3269551396369934
vn -0.46895092725753784 -0.8269362449645996 -0.31026050448417664
vn -0.5997177362442017 -0.7519643306732178 -0.2736574411392212
vn 0.6080832481384277 -0.7723581194877625 -0.18356956541538239
vn -0.8028556704521179 -0.5329422354698181 -0.26719930768013
vn -0.7120873332023621 -0.6477406620979309 -0.2708573639392853
vn 0.709389865398407 -0.6823611259460449 -0.17649172246456146
vn 0.792193591594696 -0.5957886576652527 -0.13215631246566772
vn -0.7147718071937561 -0.633560299873352 -0.29614630341529846
vn -0.5964678525924683 -0.7473441958427429 -0.29275044798851013
vn -0.9009913802146912 -0.3691861033439636 -0.22785122692584991
vn 0.9107915163040161 -0.4041774868965149 -0.08425786346197128
vn -0.97564697265625 -0.10714869946241379 -0.19139541685581207
vn 0.9816028475761414 -0.18688835203647614 -0.0390973761677742
vn -0.9751705527305603 0.16629503667354584 -0.1462477147579193
vn 0.9991224408149719 0.04178834706544876 0.0028611014131456614
vn -0.9035216569900513 0.4182497560977936 -0.09335821866989136
vn 0.9610346555709839 0.2720617353916168 0.048936352133750916
vn -0.7735235095024109 0.6327602863311768 -0.035718828439712524
vn 0.8684309124946594 0.4871520400047302 0.09225349873304367
vn -0.7238426804542542 0.6887909173965454 0.04023599252104759
vn -0.709777295589447 0.6986010670661926 0.09040407091379166
vn 0.5774972438812256 0.7973120808601379 0.17547203600406647
vn 0.7307609915733337 0.669958233833313 0.13093675673007965
vn -0.6368699073791504 0.7584917545318604 0.1381554752588272
vn 0.5103712677955627 0.8440889120101929 0.1644236296415329
vn 0.35399675369262695 0.9012262225151062 0.24995529651641846
vn 0.47093719244003296 0.8571294546127319 0.20867978036403656
vn -0.54502272605896 0.8220281600952148 0.16498494148254395
vn 0.36772671341896057 0.9190388917922974 0.1419319361448288
vn -0.33749452233314514 0.9360023736953735 0.09998519718647003
vn -0.1376209408044815 0.9865508079528809 0.088192880153656
vn 0.07292480021715164 0.9900854229927063 0.1200539618730545
vn 0.22242262959480286 0.9651612043380737 0.13781198859214783
vn 0.24834273755550385 0.9486984610557556 0.19569648802280426
vn 0.37689492106437683 0.9070587158203125 0.18760262429714203
vn -0.03714222460985184 -0.9108392596244812 -0.411086767911911
vn 0.11428307741880417 -0.9107763767242432 -0.396769255399704
vn -0.5872595310211182 -0.7185819149017334 -0.3725135028362274
vn -0.4465450942516327 -0.8207423090934753 -0.3563419580459595
vn -0.27376213669776917 -0.8745428919792175 -0.4002862572669983
vn -0.031629495322704315 -0.9292812347412109 -0.36801639199256897
vn 0.18400320410728455 -0.9443416595458984 -0.2726934850215912
vn 0.36755892634391785 -0.9092792868614197 -0.1952219158411026
vn -0.13147984445095062 -0.8919723033905029 -0.4325488209724426
vn 0.07442320883274078 -0.9001877307891846 -0.4290958046913147
vn -0.6926605105400085 -0.6348817348480225 -0.34226706624031067
vn 0.5335071086883545 -0.8283660411834717 -0.17082126438617706
vn 0.6815548539161682 -0.7121752500534058 -0.1681947559118271
vn 0.7986472845077515 -0.5811182856559753 -0.15641023218631744
vn -0.811302125453949 -0.49220040440559387 -0.31547999382019043
vn 0.6498797535896301 -0.7408652901649475 -0.16963203251361847
vn 0.7255696654319763 -0.6633581519126892 -0.18304260075092316
vn 0.8317186236381531 -0.5356922149658203 -0.1458699256181717
vn 0.7622463703155518 -0.6284394264221191 -0.15506263077259064
vn 0.840508759021759 -0.5226801633834839 -0.14265525341033936
vn -0.9153050780296326 -0.24593724310398102 -0.31895384192466736
vn 0.9344655275344849 -0.344107985496521 -0.09145483374595642
vn -0.9198490381240845 -0.1830480992794037 -0.34694546461105347
vn -0.8850012421607971 -0.2642062306404114 -0.3833640217781067
vn -0.9649011492729187 0.08149980753660202 -0.24964694678783417
vn 0.9930593967437744 -0.11339715123176575 -0.031210456043481827
vn -0.9573618173599243 -0.024695344269275665 -0.2878342866897583
vn -0.9369561076164246 -0.05570568889379501 -0.34497860074043274
vn -0.9372052550315857 0.3126044273376465 -0.15467658638954163
vn 0.9918854236602783 0.12471848726272583 0.02466868795454502
vn -0.8373816013336182 0.5372017025947571 -0.10102704167366028
vn 0.9336478114128113 0.35079124569892883 0.0724380761384964
vn -0.6737898588180542 0.7375243902206421 -0.045443691313266754
vn 0.8264282941818237 0.5536389946937561 0.10246963053941727
vn -0.602989673614502 0.7972253561019897 0.028899535536766052
vn -0.5802158713340759 0.8026196360588074 0.1383877545595169
vn 0.26965752243995667 0.9169160723686218 0.29419347643852234
vn 0.4368056058883667 0.8683681488037109 0.23481418192386627
vn 0.5247644186019897 0.8307690620422363 0.18559370934963226
vn 0.6762423515319824 0.7239793539047241 0.1361992508172989
vn 0.6384159326553345 0.7525498270988464 0.1615363508462906
vn 0.7756448984146118 0.6186801791191101 0.12493975460529327
vn -0.536782443523407 0.7995547652244568 0.2694007158279419
vn 0.2178361713886261 0.9338181018829346 0.2837802469730377
vn -0.2131342738866806 0.9010127782821655 0.37782254815101624
vn 0.08663219213485718 0.9335514903068542 0.3478168249130249
vn -0.4374849200248718 0.8438568115234375 0.31066474318504333
vn 0.12358060479164124 0.9699349403381348 0.20965231955051422
vn -0.31390613317489624 0.9314555525779724 0.18399350345134735
vn -0.0576745979487896 0.9842159152030945 0.1673102229833603
vn -0.15908437967300415 0.9408825039863586 0.2990524470806122
vn 0.03219739347696304 0.9508649110794067 0.30792734026908875
vn -0.06386957317590714 -0.908685564994812 -0.4125666320323944
vn 0.09243210405111313 -0.9301157593727112 -0.35544487833976746
vn -0.20017237961292267 -0.8784449100494385 -0.4338957965373993
vn 0.2326456755399704 -0.9088718295097351 -0.34616196155548096
vn -0.3911413550376892 -0.7936552166938782 -0.46596115827560425
vn -0.2503967583179474 -0.8593680262565613 -0.4458565413951874
vn 0.39486122131347656 -0.8540551662445068 -0.3386361002922058
vn 0.5515642762184143 -0.7804509997367859 -0.29440274834632874
vn -0.2966458797454834 -0.8487368822097778 -0.43777504563331604
vn 0.25820422172546387 -0.881034791469574 -0.39636895060539246
vn -0.587805449962616 -0.6972978115081787 -0.4101956784725189
vn -0.45196667313575745 -0.7880080342292786 -0.4180544912815094
vn 0.23921510577201843 -0.89069002866745 -0.3865843415260315
vn 0.43621474504470825 -0.8516812920570374 -0.2904406487941742
vn 0.5491625070571899 -0.8128646016120911 -0.19409196078777313
vn 0.6743502020835876 -0.7200444340705872 -0.1636701077222824
vn -0.5526367425918579 -0.701460599899292 -0.4500507712364197
vn -0.37501657009124756 -0.8106563687324524 -0.44966524839401245
vn 0.3963574469089508 -0.843967616558075 -0.36141327023506165
vn 0.5497360825538635 -0.7793358564376831 -0.300709068775177
vn -0.6994072198867798 -0.5955379605293274 -0.39517611265182495
vn 0.7963274717330933 -0.5943303108215332 -0.11240168660879135
vn -0.7904556393623352 -0.4682666063308716 -0.3948497474193573
vn -0.6883499622344971 -0.5778645277023315 -0.4384598731994629
vn -0.8152461051940918 -0.42539453506469727 -0.392954558134079
vn 0.904431164264679 -0.41491231322288513 -0.09925740212202072
vn -0.9130595326423645 -0.2546085715293884 -0.3185856342315674
vn -0.8530398011207581 -0.35070210695266724 -0.3864339590072632
vn -0.8598970770835876 -0.3670620024204254 -0.35474294424057007
vn -0.7748934030532837 -0.47762706875801086 -0.41402024030685425
vn -0.9603580236434937 -0.1074085459113121 -0.257246732711792
vn 0.9736958742141724 -0.22191323339939117 -0.05168036371469498
vn -0.9737950563430786 0.085624098777771 -0.21069329977035522
vn 0.9999540448188782 -0.0033198443707078695 0.00899539329111576
vn -0.9562327861785889 0.1285068243741989 -0.2628779709339142
vn -0.9372482895851135 0.18689590692520142 -0.29433929920196533
vn -0.8896064162254333 0.40785062313079834 -0.20556825399398804
vn 0.9725388884544373 0.2236497700214386 0.06441184133291245
vn -0.934761106967926 0.3003269135951996 -0.18980374932289124
vn -0.9146609306335449 0.3330439031124115 -0.22907902300357819
vn -0.7380868196487427 0.6668800711631775 -0.1024642065167427
vn 0.89274001121521 0.43846869468688965 0.10373314470052719
vn 0.6036649346351624 0.7742661833763123 0.19000166654586792
vn 0.7671337723731995 0.6242666244506836 0.14763803780078888
vn -0.8747329115867615 0.4633517265319824 -0.14194202423095703
vn -0.8233019113540649 0.5425860285758972 -0.16665677726268768
vn -0.5805362462997437 0.813570499420166 -0.03287503495812416
vn 0.5042992830276489 0.8405774831771851 0.19776703417301178
vn -0.47698885202407837 0.8788048624992371 0.01355663500726223
vn -0.3937649726867676 0.9140747785568237 0.09703896939754486
vn -0.2891600430011749 0.9278973937034607 0.23535701632499695
vn 0.037031687796115875 0.9534567594528198 0.299247145652771
vn 0.24123559892177582 0.9362685084342957 0.25535598397254944
vn 0.384989857673645 0.89361172914505 0.23074011504650116
vn -0.402608186006546 -0.7909731864929199 -0.4607257544994354
vn -0.20982615649700165 -0.8674640655517578 -0.45108649134635925
vn -0.004103527404367924 -0.9063989520072937 -0.42240288853645325
vn 0.14164455235004425 -0.9159307479858398 -0.375510036945343
vn 0.2766212224960327 -0.9084398150444031 -0.31339725852012634
vn 0.4215743839740753 -0.8603833913803101 -0.28638339042663574
vn -0.515821635723114 -0.7244771122932434 -0.45723193883895874
vn 0.5542680025100708 -0.8000797033309937 -0.22947679460048676
vn -0.6231337785720825 -0.6431151032447815 -0.4450923800468445
vn 0.6613061428070068 -0.7198672294616699 -0.2108682245016098
vn -0.8372019529342651 -0.42752301692962646 -0.34105294942855835
vn -0.7303311824798584 -0.5447332262992859 -0.41216763854026794
vn 0.627251386642456 -0.7512022256851196 -0.20555061101913452
vn 0.685406506061554 -0.716271698474884 -0.13104526698589325
vn -0.880736768245697 -0.351068913936615 -0.31788888573646545
vn 0.84471595287323 -0.5298376083374023 -0.0756777971982956
vn -0.9381141662597656 -0.22673602402210236 -0.2617873251438141
vn 0.9464828372001648 -0.3200201988220215 -0.04192228242754936
vn -0.9740784764289856 -0.06922297179698944 -0.21535858511924744
vn 0.9937785267829895 -0.11080434173345566 0.011259430088102818
vn -0.9796725511550903 0.08770290017127991 -0.18041609227657318
vn 0.9919986724853516 0.10576886683702469 0.06893205642700195
vn -0.9493808150291443 0.27567440271377563 -0.1505981832742691
vn 0.9471681714057922 0.30095207691192627 0.11090638488531113
vn -0.8485453724861145 0.5196091532707214 -0.09988558292388916
vn 0.8655297160148621 0.4808862805366516 0.1400240808725357
vn -0.7420514225959778 0.6636990308761597 -0.09414560347795486
vn -0.6844339370727539 0.7236846089363098 -0.0884922444820404
vn 0.5609249472618103 0.799642026424408 0.21432659029960632
vn 0.7217252254486084 0.6683185696601868 0.18017499148845673
vn -0.5501106977462769 0.834240198135376 -0.037703387439250946
vn 0.4517722427845001 0.8638094663619995 0.22301360964775085
vn -0.39518487453460693 0.9185660481452942 0.008090023882687092
vn -0.27967292070388794 0.9577902555465698 0.0664900541305542
vn -0.1719088852405548 0.9755810499191284 0.13670778274536133
vn -0.007354145869612694 0.9804463982582092 0.1966489851474762
vn 0.18613682687282562 0.9556032419204712 0.22841976583003998
vn 0.3314802050590515 0.9137998819351196 0.23471421003341675
vn -0.2494036704301834 -0.8994758129119873 -0.3588051497936249
vn -0.10311856865882874 -0.9261739253997803 -0.36272358894348145
vn 0.0682964026927948 -0.9195525646209717 -0.3869865834712982
vn 0.2810335159301758 -0.8847410678863525 -0.3718244433403015
vn -0.4411930441856384 -0.7915382981300354 -0.4228662848472595
vn -0.27589061856269836 -0.8558499813079834 -0.4374988377094269
vn -0.06987681239843369 -0.8926558494567871 -0.44528961181640625
vn 0.18382811546325684 -0.8920024633407593 -0.4129633903503418
vn 0.3383263051509857 -0.8846725821495056 -0.32076436281204224
vn 0.44059857726097107 -0.8631835579872131 -0.2465503066778183
vn -0.4168993830680847 -0.8173295855522156 -0.3977024555206299
vn -0.19836001098155975 -0.8856938481330872 -0.4197615087032318
vn 0.026518896222114563 -0.8946541547775269 -0.44597160816192627
vn 0.28499481081962585 -0.8500957489013672 -0.44284895062446594
vn -0.5632510185241699 -0.7150526642799377 -0.41406288743019104
vn 0.6189885139465332 -0.7639148235321045 -0.18244831264019012
vn -0.7214851379394531 -0.6003963351249695 -0.3449397683143616
vn -0.5866659283638 -0.7117635011672974 -0.386284738779068
vn -0.6683965921401978 -0.6221129894256592 -0.40770262479782104
vn 0.7305166125297546 -0.6725350618362427 -0.11849980056285858
vn -0.8628783822059631 -0.40671366453170776 -0.3000415563583374
vn -0.77093106508255 -0.5244177579879761 -0.3614572584629059
vn 0.7370437979698181 -0.663878858089447 -0.12661533057689667
vn 0.7609784603118896 -0.6405295133590698 -0.10311994701623917
vn -0.8061335682868958 -0.4976145625114441 -0.3202008008956909
vn -0.684730589389801 -0.6246231198310852 -0.37548649311065674
vn -0.9196732640266418 -0.2938317358493805 -0.2605073153972626
vn 0.894407331943512 -0.4459797739982605 -0.03372857719659805
vn -0.9627845287322998 -0.16162291169166565 -0.2166195958852768
vn 0.9746286869049072 -0.22231288254261017 0.025998232886195183
vn -0.9841927886009216 -0.01476273313164711 -0.1764843463897705
vn 0.9963369369506836 -0.0015996943693608046 0.08550006151199341
vn -0.9757819175720215 0.16391219198703766 -0.14485329389572144
vn 0.9708946943283081 0.1988821029663086 0.13345186412334442
vn -0.9229089021682739 0.3669314980506897 -0.11662105470895767
vn 0.9054810404777527 0.38832810521125793 0.1711881011724472
vn 0.7673333287239075 0.5883187651634216 0.2551092207431793
vn 0.8671872615814209 0.4479682147502899 0.21751044690608978
vn -0.7994914650917053 0.5952668786048889 -0.08044120669364929
vn 0.8081374168395996 0.5556974411010742 0.19522905349731445
vn -0.669211208820343 0.740807831287384 -0.05796690657734871
vn -0.5669655203819275 0.8235430717468262 -0.0180826336145401
vn 0.5420718789100647 0.801906943321228 0.2512037754058838
vn 0.6748654246330261 0.6998292207717896 0.2340850979089737
vn 0.6128738522529602 0.7479124665260315 0.254975825548172
vn 0.7756910920143127 0.5851147174835205 0.2365252524614334
vn -0.45415815711021423 0.8905928730964661 0.024181712418794632
vn 0.4420810639858246 0.8647395372390747 0.2383064478635788
vn -0.3613692820072174 0.9324192404747009 0.0025831253733485937
vn -0.19236624240875244 0.9806172251701355 0.037217702716588974
vn -0.09256532788276672 0.9907500743865967 0.09922755509614944
vn 0.0016110092401504517 0.9897354245185852 0.142902672290802
vn 0.17638695240020752 0.9703691005706787 0.16514109075069427
vn 0.3252263367176056 0.9229653477668762 0.20582246780395508
vn -0.28927913308143616 0.9561507105827332 0.045754168182611465
vn -0.1320389211177826 0.9898252487182617 0.0530259795486927
vn 0.35484182834625244 0.9203971028327942 0.16418424248695374
vn 0.47743526101112366 0.8537977337837219 0.2075694352388382
vn -0.24876286089420319 -0.9340700507164001 -0.256183922290802
vn -0.12227697670459747 -0.9593806266784668 -0.2542385160923004
vn -0.0009924016194418073 -0.9710528254508972 -0.23886282742023468
vn 0.13116663694381714 -0.9591323137283325 -0.2507198750972748
vn -0.3701772689819336 -0.8631992936134338 -0.3433014154434204
vn 0.3266701400279999 -0.9163207411766052 -0.23160956799983978
vn -0.5040042996406555 -0.787128746509552 -0.3555391728878021
vn 0.44659602642059326 -0.8283573389053345 -0.33819547295570374
vn -0.7734518051147461 -0.5592190623283386 -0.2984064221382141
vn -0.6379771828651428 -0.6894782185554504 -0.3429359197616577
vn 0.4710494875907898 -0.8036677241325378 -0.3636353015899658
vn 0.5476174354553223 -0.8007275462150574 -0.24279753863811493
vn -0.8293843865394592 -0.4756316542625427 -0.29308050870895386
vn 0.7137263417243958 -0.6864951252937317 -0.13899321854114532
vn -0.8971582055091858 -0.3575257360935211 -0.2593889534473419
vn 0.8094480633735657 -0.5867064595222473 -0.02386203594505787
vn 0.8089621067047119 -0.5869094133377075 -0.033434297889471054
vn 0.8391024470329285 -0.5424238443374634 -0.04103098064661026
vn -0.9455385804176331 -0.23259200155735016 -0.22772318124771118
vn 0.9392539858818054 -0.3413223624229431 0.03607102483510971
vn -0.9758517742156982 -0.0986650362610817 -0.19488096237182617
vn 0.9876769781112671 -0.11520055681467056 0.10593878477811813
vn -0.9853736758232117 0.057814549654722214 -0.1603003740310669
vn 0.9836487770080566 0.08770283311605453 0.15729981660842896
vn -0.9628670811653137 0.23692673444747925 -0.12943226099014282
vn 0.9444527626037598 0.2682737708091736 0.18983715772628784
vn 0.7973877191543579 0.5279569625854492 0.29229140281677246
vn 0.8696241974830627 0.4229277968406677 0.25472718477249146
vn -0.8930830359458923 0.4391326904296875 -0.09780219942331314
vn 0.7026775479316711 0.6595479249954224 0.2669096291065216
vn -0.7555487155914307 0.6518468260765076 -0.06512948870658875
vn 0.6184298396110535 0.7495989799499512 0.2358938306570053
vn -0.6000757217407227 0.798844575881958 -0.04191126301884651
vn -0.45069295167922974 0.8926687836647034 -0.004281620029360056
vn -0.3646768629550934 0.92892986536026 0.0640317052602768
vn -0.23703336715698242 0.966435968875885 0.09907962381839752
vn 0.3700128197669983 0.9153008460998535 0.15910673141479492
vn 0.5064808130264282 0.8420866131782532 0.18538421392440796
vn -0.09110467880964279 0.9906660318374634 0.1013939380645752
vn 0.24568293988704681 0.9594208598136902 0.13838930428028107
vn -0.01162322610616684 0.9977914094924927 0.06540099531412125
vn 0.09384068101644516 0.9890427589416504 0.11396685987710953
vn -0.2404339611530304 -0.9570739269256592 -0.1618673950433731
vn -0.10777176916599274 -0.9820687770843506 -0.15468090772628784
vn 0.03941815346479416 -0.9883421063423157 -0.14705820381641388
vn 0.1973087042570114 -0.9719029068946838 -0.12835142016410828
vn -0.3884096145629883 -0.8815352320671082 -0.268390953540802
vn 0.4017532467842102 -0.9004090428352356 -0.16690686345100403
vn 0.5832115411758423 -0.7986292243003845 -0.14851173758506775
vn 0.7638411521911621 -0.6380229592323303 -0.09733179956674576
vn -0.5188626646995544 -0.7993448376655579 -0.303033709526062
vn 0.5295311212539673 -0.8138787150382996 -0.23916170001029968
vn -0.811993420124054 -0.5264845490455627 -0.25195392966270447
vn -0.6818605661392212 -0.667826235294342 -0.29845312237739563
vn 0.60145103931427 -0.7277815341949463 -0.3295310437679291
vn 0.7082227468490601 -0.6639879941940308 -0.23987621068954468
vn 0.6883857250213623 -0.6909613609313965 -0.22067508101463318
vn 0.7964545488357544 -0.5863745212554932 -0.14773353934288025
vn -0.8713105320930481 -0.4218214750289917 -0.25076818466186523
vn 0.8367917537689209 -0.5434839129447937 -0.06636841595172882
vn -0.9190460443496704 -0.3150981366634369 -0.23678600788116455
vn 0.9050680994987488 -0.41386255621910095 0.09782413393259048
vn 0.8721796870231628 -0.48201730847358704 0.08343865722417831
vn 0.8964475393295288 -0.4408003091812134 0.04557380452752113
vn -0.9561740159988403 -0.18607302010059357 -0.22607100009918213
vn 0.9657062888145447 -0.22666184604167938 0.1266327202320099
vn 0.9304688572883606 -0.2945936322212219 0.21781259775161743
vn 0.9313461780548096 -0.330985426902771 0.151799276471138
vn -0.9806704521179199 -0.025969307869672775 -0.19393576681613922
vn 0.9807672500610352 -0.026488857343792915 0.1933753341436386
vn 0.9496638178825378 -0.07360754162073135 0.30450063943862915
vn 0.9624292254447937 -0.13960543274879456 0.23289555311203003
vn -0.9776971340179443 0.1398557424545288 -0.15668025612831116
vn 0.9646275639533997 0.13517946004867554 0.22631894052028656
vn 0.9303464293479919 0.11635452508926392 0.34773150086402893
vn 0.9590242505073547 0.0395498052239418 0.280550092458725
vn -0.941921591758728 0.31471067667007446 -0.11722206324338913
vn 0.9267212152481079 0.27616408467292786 0.2547963857650757
vn 0.822460412979126 0.457183301448822 0.33844107389450073
vn 0.8742849230766296 0.3719896078109741 0.31184887886047363
vn 0.8861832618713379 0.2931477725505829 0.3588087558746338
vn 0.9292212128639221 0.20181389153003693 0.30954673886299133
vn -0.8632897138595581 0.4985256791114807 -0.07875964045524597
vn 0.75100177526474 0.5925968289375305 0.2912482023239136
vn -0.7227722406387329 0.6896126866340637 -0.04510759562253952
vn 0.6651906371116638 0.715175211429596 0.2145829051733017
vn -0.5454738140106201 0.8377703428268433 -0.02447732910513878
vn -0.36655473709106445 0.9303197860717773 0.011950680986046791
vn -0.23781618475914001 0.9693030118942261 0.06241147592663765
vn -0.16254255175590515 0.9774983525276184 0.13445024192333221
vn 0.34696248173713684 0.9203088879585266 0.18068942427635193
vn 0.51064532995224 0.840628981590271 0.1805109977722168
vn -0.043630409985780716 0.985379159450531 0.1646946519613266
vn 0.24382667243480682 0.9609847664833069 0.13060185313224792
vn 0.035626210272312164 0.9938799142837524 0.10456366837024689
vn 0.12798993289470673 0.9864508509635925 0.1026320531964302
vn 0.10217743366956711 0.9802414178848267 0.16937100887298584
vn 0.2213870733976364 0.9625199437141418 0.15666243433952332
vn -0.18842585384845734 -0.9807175397872925 -0.05185374245047569
vn -0.0845017284154892 -0.9953497052192688 -0.04624355956912041
vn 0.04898807033896446 -0.9973525404930115 -0.0537407249212265
vn 0.2136307805776596 -0.9753962159156799 -0.054443709552288055
vn 0.3574768900871277 -0.9319869875907898 -0.060088519006967545
vn 0.5525612235069275 -0.8317974805831909 -0.0528121255338192
vn -0.3601454794406891 -0.9096081256866455 -0.20714342594146729
vn 0.7371256947517395 -0.6741482615470886 0.04658133164048195
vn -0.47422006726264954 -0.8793584704399109 -0.042942289263010025
vn -0.3189312219619751 -0.942939817905426 -0.09564199298620224
vn -0.5471374988555908 -0.7946851849555969 -0.2628992795944214
vn 0.8725824952125549 -0.4882136285305023 0.01572590321302414
vn -0.8232136964797974 -0.538392186164856 -0.18014739453792572
vn -0.7036232948303223 -0.6720271706581116 -0.23085461556911469
vn -0.7021873593330383 -0.6992419958114624 -0.13413988053798676
vn -0.5190040469169617 -0.8354388475418091 -0.18076729774475098
vn -0.8767991662025452 -0.43107640743255615 -0.21306449174880981
vn 0.902716338634491 -0.42301297187805176 0.0785064697265625
vn -0.9130102396011353 -0.3174956440925598 -0.256142258644104
vn 0.9442896246910095 -0.27785524725914 0.17639055848121643
vn -0.955787718296051 -0.1276250034570694 -0.26491841673851013
vn 0.9486808180809021 -0.17200301587581635 0.26536715030670166
vn -0.9768601059913635 -0.08115148544311523 -0.19788596034049988
vn -0.9438859820365906 -0.1525249183177948 -0.2929425537586212
vn -0.9753769040107727 0.08676555007696152 -0.20276013016700745
vn 0.9311848878860474 0.022561322897672653 0.363848477602005
vn -0.9913501739501953 0.028543416410684586 -0.12810185551643372
vn -0.9689760804176331 0.007110481150448322 -0.24705219268798828
vn -0.962585985660553 0.2320592850446701 -0.13991707563400269
vn 0.8993226289749146 0.20325559377670288 0.38717707991600037
vn -0.9181545972824097 0.3861028254032135 -0.08897648006677628
vn 0.8537330627441406 0.38552772998809814 0.3500117063522339
vn -0.8398288488388062 0.5409983396530151 -0.04481559246778488
vn 0.8076024055480957 0.5300788879394531 0.2584468424320221
vn 0.6732378005981445 0.6324251294136047 0.3831309676170349
vn 0.8166904449462891 0.48531949520111084 0.3122207522392273
vn -0.7080093622207642 0.7062025666236877 0.0008113438379950821
vn 0.6609618067741394 0.7210201025009155 0.20798927545547485
vn -0.5061329007148743 0.8624058961868286 0.009253416210412979
vn -0.30258506536483765 0.9517922401428223 0.05033813789486885
vn -0.15457023680210114 0.983144998550415 0.09764175862073898
vn -0.053114742040634155 0.9876075387001038 0.14768309891223907
vn 0.036373432725667953 0.9775273203849792 0.2076474279165268
vn 0.2001737505197525 0.9545348286628723 0.2208932489156723
vn 0.32991304993629456 0.910173773765564 0.2504819631576538
vn 0.49772360920906067 0.8403283953666687 0.21475456655025482
vn 0.4977369010448456 0.814975380897522 0.2967713475227356
vn 0.6842204332351685 0.6837388277053833 0.2536606192588806
vn -0.4619821310043335 -0.8704590201377869 0.1699223667383194
vn -0.2504849433898926 -0.9612122178077698 0.11544863134622574
vn -0.11621315032243729 -0.9799241423606873 0.1619974970817566
vn -0.026439301669597626 -0.9938704967498779 0.10734265297651291
vn 0.07613223046064377 -0.9930675029754639 0.08955926448106766
vn 0.19453828036785126 -0.9794761538505554 0.05273862183094025
vn 0.3360133171081543 -0.9381992220878601 0.08292927592992783
vn 0.5104047060012817 -0.8565784692764282 0.07589764147996902
vn -0.6867346167564392 -0.7267898321151733 0.013120419345796108
vn 0.7684224843978882 -0.6208779215812683 0.15504030883312225
vn 0.4337126910686493 -0.8636199831962585 0.2570095956325531
vn 0.5504688024520874 -0.8141979575157166 0.18456929922103882
vn -0.8239206671714783 -0.5625673532485962 -0.06835785508155823
vn 0.8778132200241089 -0.43585753440856934 0.1986762285232544
vn 0.5341206192970276 -0.7196275591850281 0.44367924332618713
vn 0.7213174700737 -0.6311731338500977 0.2851695120334625
vn -0.81287682056427 -0.5414749979972839 -0.21456044912338257
vn 0.9171773195266724 -0.31882166862487793 0.23903660476207733
vn -0.7792924046516418 -0.6201988458633423 0.08975956588983536
vn -0.7025198340415955 -0.7095065116882324 -0.05537603422999382
vn -0.89083331823349 -0.33036988973617554 -0.31188422441482544
vn 0.92774897813797 -0.15165123343467712 0.34100401401519775
vn -0.9851705431938171 -0.1678861826658249 -0.03540215268731117
vn -0.9304664134979248 -0.26906272768974304 -0.24867162108421326
vn -0.9389426112174988 -0.34289753437042236 -0.02842790074646473
vn -0.8439003825187683 -0.48560789227485657 -0.228072851896286
vn -0.9972150921821594 -0.042097754776477814 0.061562128365039825
vn 0.9131947755813599 -0.02430274896323681 0.4067981243133545
vn -0.9944475889205933 0.0657724067568779 0.0821463093161583
vn 0.8894890546798706 0.10659763216972351 0.4443493187427521
vn -0.9832485914230347 0.1061113253235817 -0.14819778501987457
vn -0.9663026332855225 0.14411406219005585 -0.21328496932983398
vn -0.944316565990448 0.29050275683403015 -0.154513418674469
vn 0.8764798641204834 0.22636069357395172 0.4249046742916107
vn -0.9833248853683472 0.17482632398605347 -0.05007890984416008
vn -0.9602818489074707 0.23065872490406036 -0.15702024102210999
vn -0.8759986162185669 0.48169806599617004 -0.02436198480427265
vn 0.8720804452896118 0.32157349586486816 0.36887142062187195
vn 0.5790266990661621 0.5675243139266968 0.5853583216667175
vn 0.7723007798194885 0.42708343267440796 0.47026726603507996
vn -0.967951774597168 0.25030943751335144 0.02036174386739731
vn -0.912585437297821 0.3930574953556061 -0.11266621947288513
vn -0.8234936594963074 0.5654502511024475 0.04609021544456482
vn 0.4734441041946411 0.7508741021156311 0.4604766368865967
vn -0.734506368637085 0.6682227253913879 0.11823217570781708
vn 0.3296354115009308 0.8615677356719971 0.38605910539627075
vn -0.4946286976337433 0.8650526404380798 0.08382422477006912
vn -0.2508102357387543 0.9580621719360352 0.13860416412353516
vn -0.0976988822221756 0.9760977029800415 0.1941344141960144
vn 0.002442235592752695 0.971977174282074 0.23506274819374084
vn 0.08735491335391998 0.9592977166175842 0.26854613423347473
vn 0.18974842131137848 0.9362339377403259 0.29573896527290344
vn -0.492825984954834 -0.7440180778503418 0.4511759579181671
vn -0.24741730093955994 -0.8675501346588135 0.4314410984516144
vn -0.12036305665969849 -0.8998752236366272 0.4192103147506714
vn 0.009044517762959003 -0.9258254170417786 0.37784332036972046
vn 0.10270176827907562 -0.9496027231216431 0.29615384340286255
vn 0.24121491611003876 -0.9442256689071655 0.22417259216308594
vn -0.7144345641136169 -0.6673527359962463 0.2102941870689392
vn 0.2944854199886322 -0.8190739154815674 0.4923376441001892
vn -0.5779674649238586 -0.5732125043869019 0.580845057964325
vn -0.3105657398700714 -0.6107942461967468 0.728340208530426
vn -0.12129990756511688 -0.6862325668334961 0.7171968221664429
vn 0.006593651138246059 -0.7329499125480652 0.6802507042884827
vn 0.10697720944881439 -0.7840495109558105 0.6114100813865662
vn 0.19266214966773987 -0.8487133383750916 0.49251094460487366
vn -0.6982489228248596 -0.6917357444763184 0.18425583839416504
vn 0.38647809624671936 -0.5583902597427368 0.7340538501739502
vn -0.6114002466201782 -0.5442147850990295 0.5744737386703491
vn -0.5453740954399109 -0.7273162007331848 0.4166272282600403
vn 0.6588878035545349 -0.4661957621574402 0.5903629660606384
vn 0.8358825445175171 -0.40081271529197693 0.37503284215927124
vn -0.44370925426483154 -0.5399282574653625 0.7152619361877441
vn -0.31709548830986023 -0.4100041687488556 0.8551883101463318
vn -0.1462412327528 -0.4149821698665619 0.89799964427948
vn -0.0043894629925489426 -0.46175339818000793 0.8869974613189697
vn 0.11982499063014984 -0.5120062828063965 0.8505830764770508
vn 0.21793703734874725 -0.5737807750701904 0.7894802689552307
vn -0.8583584427833557 -0.36180898547172546 0.3637513518333435
vn 0.8799911737442017 -0.21620401740074158 0.4229319989681244
vn -0.634680986404419 -0.24723419547080994 0.7321580052375793
vn -0.4050787389278412 -0.399595707654953 0.8223347663879395
vn -0.28586238622665405 -0.31627699732780457 0.904572606086731
vn -0.23114916682243347 -0.28563088178634644 0.9300457239151001
vn -0.1363188624382019 -0.23320607841014862 0.9628251194953918
vn -0.019946319982409477 -0.2358364462852478 0.9715880751609802
vn 0.1117650493979454 -0.2662111520767212 0.9574133157730103
vn 0.2577286660671234 -0.2960589528083801 0.9197418689727783
vn 0.4423581063747406 -0.27424171566963196 0.8538798689842224
vn 0.7294210195541382 -0.23638193309307098 0.6419256329536438
vn -0.9210607409477234 -0.157048299908638 0.35634663701057434
vn 0.8434734344482422 -0.06346946954727173 0.5334081649780273
vn -0.6615192294120789 -0.13000299036502838 0.7385739684104919
vn -0.39947450160980225 -0.18167994916439056 0.8985613584518433
vn -0.2659050524234772 -0.17834848165512085 0.9473575353622437
vn -0.1638973206281662 -0.1520722508430481 0.9746854901313782
vn -0.0974908396601677 -0.12319359928369522 0.9875823855400085
vn -0.014988318085670471 -0.09998144954442978 0.9948764443397522
vn 0.10195276886224747 -0.10058072954416275 0.989691436290741
vn 0.259405255317688 -0.11386392265558243 0.9590328335762024
vn 0.45692700147628784 -0.11584524065256119 0.8819283843040466
vn 0.6932499408721924 -0.10840336233377457 0.7124979496002197
vn -0.9040966033935547 -0.05561598017811775 0.4236936569213867
vn 0.821114718914032 0.044580526649951935 0.5690195560455322
vn -0.6412556171417236 -0.024154098704457283 0.7669471502304077
vn -0.39860862493515015 -0.06342313438653946 0.9149255156517029
vn -0.23751750588417053 -0.07976379245519638 0.9681028723716736
vn -0.13725703954696655 -0.07073426246643066 0.9880067110061646
vn -0.06385883688926697 -0.04949913173913956 0.996730625629425
vn 0.007509877905249596 -0.025002526119351387 0.9996591806411743
vn 0.10942236334085464 -0.006626236718147993 0.9939732551574707
vn 0.25994202494621277 -0.00019154521578457206 0.965624213218689
vn 0.4581173360347748 -0.0017395238392055035 0.8888900279998779
vn 0.672156572341919 -0.01187632791697979 0.7403138279914856
vn -0.8783549070358276 0.04475432634353638 0.47590941190719604
vn 0.8120881915092468 0.13416123390197754 0.5679028034210205
vn -0.655549943447113 0.13436751067638397 0.7431013584136963
vn -0.4089677631855011 0.07885687798261642 0.9091352820396423
vn -0.23816148936748505 0.028382176533341408 0.9708108305931091
vn -0.12120460718870163 0.00769617548212409 0.992597758769989
vn -0.03945346176624298 0.013549059629440308 0.9991295337677002
vn 0.03284817561507225 0.03173470497131348 0.9989564418792725
vn 0.13099761307239532 0.052238136529922485 0.9900054931640625
vn 0.2720569372177124 0.07211066037416458 0.9595754742622375
vn 0.4611826241016388 0.07913915812969208 0.8837689757347107
vn 0.6647206544876099 0.07235287874937057 0.7435802817344666
vn -0.9282580018043518 0.1252463310956955 0.35021480917930603
vn 0.8166141510009766 0.19829340279102325 0.5420526266098022
vn -0.6402899622917175 0.3024637699127197 0.7060768008232117
vn -0.45383429527282715 0.28788885474205017 0.8432997465133667
vn -0.277103453874588 0.19310110807418823 0.9412362575531006
vn -0.12992875277996063 0.13195349276065826 0.9827038645744324
vn -0.025210682302713394 0.11262407898902893 0.9933177828788757
vn 0.055409159511327744 0.12082722038030624 0.9911259412765503
vn 0.14550240337848663 0.1294393539428711 0.9808539748191833
vn 0.29091715812683105 0.1426592469215393 0.946052610874176
vn 0.4609573781490326 0.15586300194263458 0.8736275434494019
vn 0.6646080017089844 0.1399361789226532 0.7339714765548706
vn -0.8685827851295471 0.31586754322052 0.381826788187027
vn 0.7937695384025574 0.2755886912345886 0.5421999096870422
vn -0.8669547438621521 0.4941248893737793 0.06503960490226746
vn -0.7780212163925171 0.6149114370346069 0.12871277332305908
vn 0.44110405445098877 0.48175954818725586 0.7571888566017151
vn 0.6310877799987793 0.36269864439964294 0.6856951713562012
vn -0.7034137845039368 0.5660399198532104 0.429892897605896
vn -0.5859051942825317 0.5505622029304504 0.5946397185325623
vn -0.3713478744029999 0.4031562805175781 0.8364005088806152
vn -0.16904495656490326 0.3181414008140564 0.9328503608703613
vn -0.026817357167601585 0.2785921096801758 0.9600350856781006
vn 0.07603204250335693 0.27077093720436096 0.9596365690231323
vn 0.16663479804992676 0.2815755605697632 0.944959282875061
vn 0.27229079604148865 0.2587747275829315 0.9267650842666626
vn 0.43938177824020386 0.28036221861839294 0.853428840637207
vn 0.6486026644706726 0.2170124053955078 0.7295342683792114
vn -0.7846613526344299 0.5639154314994812 0.25749945640563965
vn 0.35546746850013733 0.6926226615905762 0.6276279091835022
vn -0.5069293975830078 0.5387083292007446 0.6729159951210022
vn -0.21264897286891937 0.5245837569236755 0.8243739604949951
vn -0.03787841275334358 0.5054805874824524 0.8620061278343201
vn 0.07997383177280426 0.49214422702789307 0.8668323159217834
vn 0.18481402099132538 0.4791385233402252 0.8580617904663086
vn 0.29671454429626465 0.46214208006858826 0.8356944918632507
vn -0.6982717514038086 0.5972428917884827 0.39461058378219604
vn 0.25981009006500244 0.8395302295684814 0.47716647386550903
vn -0.532681941986084 0.8062717318534851 0.25724655389785767
vn -0.22785215079784393 0.9143886566162109 0.33462947607040405
vn -0.07199904322624207 0.9162795543670654 0.3940151333808899
vn 0.02026882953941822 0.9071652889251709 0.4202859699726105
vn 0.09622274339199066 0.893742561340332 0.4381386339664459
vn 0.1668606847524643 0.8745172023773193 0.4553869664669037
vn -0.39621278643608093 0.7254026532173157 0.5628557205200195
vn -0.17311635613441467 0.7268449664115906 0.6646255850791931
vn -0.03613164275884628 0.7401345372200012 0.6714875102043152
vn 0.06451897323131561 0.7353196740150452 0.6746423244476318
vn 0.1515941470861435 0.7196054458618164 0.67763352394104
vn 0.24609796702861786 0.6883684396743774 0.6823376417160034

g grp1
usemtl mtl1
f 1//1 55//55 59//59 
f 1//1 2//2 56//56 
f 55//55 1//1 56//56 
f 2//2 3//3 57//57 
f 56//56 2//2 57//57 
f 3//3 4//4 58//58 
f 57//57 3//3 58//58 
f 58//58 4//4 60//60 
f 5//5 1//1 59//59 
f 64//64 5//5 59//59 
f 2//2 1//1 6//6 
f 6//6 1//1 5//5 
f 3//3 2//2 7//7 
f 7//7 2//2 6//6 
f 4//4 3//3 8//8 
f 8//8 3//3 7//7 
f 65//65 60//60 4//4 
f 8//8 65//65 4//4 
f 9//9 66//66 72//72 
f 9//9 10//10 67//67 
f 66//66 9//9 67//67 
f 64//64 67//67 10//10 
f 64//64 10//10 5//5 
f 5//5 10//10 11//11 
f 6//6 5//5 12//12 
f 12//12 5//5 11//11 
f 7//7 6//6 13//13 
f 13//13 6//6 12//12 
f 8//8 7//7 14//14 
f 14//14 7//7 13//13 
f 68//68 65//65 8//8 
f 68//68 8//8 15//15 
f 15//15 8//8 14//14 
f 68//68 15//15 73//73 
f 16//16 9//9 72//72 
f 74//74 16//16 72//72 
f 10//10 9//9 17//17 
f 17//17 9//9 16//16 
f 11//11 10//10 18//18 
f 18//18 10//10 17//17 
f 12//12 11//11 19//19 
f 19//19 11//11 18//18 
f 13//13 12//12 20//20 
f 20//20 12//12 19//19 
f 14//14 13//13 21//21 
f 21//21 13//13 20//20 
f 15//15 14//14 22//22 
f 22//22 14//14 21//21 
f 75//75 73//73 15//15 
f 22//22 75//75 15//15 
f 23//23 16//16 74//74 
f 78//78 23//23 74//74 
f 17//17 16//16 24//24 
f 24//24 16//16 23//23 
f 18//18 17//17 25//25 
f 25//25 17//17 24//24 
f 19//19 18//18 26//26 
f 26//26 18//18 25//25 
f 20//20 19//19 27//27 
f 27//27 19//19 26//26 
f 21//21 20//20 28//28 
f 28//28 20//20 27//27 
f 22//22 21//21 29//29 
f 29//29 21//21 28//28 
f 76//76 75//75 22//22 
f 76//76 22//22 30//30 
f 30//30 22//22 29//29 
f 30//30 31//31 77//77 
f 76//76 30//30 77//77 
f 77//77 31//31 79//79 
f 32//32 23//23 78//78 
f 80//80 32//32 78//78 
f 24//24 23//23 33//33 
f 33//33 23//23 32//32 
f 25//25 24//24 34//34 
f 34//34 24//24 33//33 
f 26//26 25//25 35//35 
f 35//35 25//25 34//34 
f 27//27 26//26 36//36 
f 36//36 26//26 35//35 
f 28//28 27//27 37//37 
f 37//37 27//27 36//36 
f 29//29 28//28 38//38 
f 38//38 28//28 37//37 
f 30//30 29//29 39//39 
f 39//39 29//29 38//38 
f 31//31 30//30 40//40 
f 40//40 30//30 39//39 
f 81//81 79//79 31//31 
f 40//40 81//81 31//31 
f 32//32 80//80 82//82 
f 33//33 32//32 82//82 
f 83//83 33//33 82//82 
f 83//83 84//84 41//41 
f 83//83 41//41 33//33 
f 33//33 41//41 34//34 
f 35//35 34//34 42//42 
f 42//42 34//34 41//41 
f 36//36 35//35 43//43 
f 43//43 35//35 42//42 
f 37//37 36//36 44//44 
f 44//44 36//36 43//43 
f 38//38 37//37 45//45 
f 45//45 37//37 44//44 
f 39//39 38//38 46//46 
f 46//46 38//38 45//45 
f 40//40 39//39 47//47 
f 47//47 39//39 46//46 
f 85//85 81//81 40//40 
f 47//47 85//85 40//40 
f 48//48 41//41 84//84 
f 86//86 48//48 84//84 
f 42//42 41//41 49//49 
f 49//49 41//41 48//48 
f 43//43 42//42 50//50 
f 50//50 42//42 49//49 
f 44//44 43//43 51//51 
f 51//51 43//43 50//50 
f 45//45 44//44 52//52 
f 52//52 44//44 51//51 
f 46//46 45//45 53//53 
f 53//53 45//45 52//52 
f 47//47 46//46 54//54 
f 54//54 46//46 53//53 
f 87//87 85//85 47//47 
f 54//54 87//87 47//47 
f 48//48 86//86 88//88 
f 49//49 48//48 88//88 
f 89//89 49//49 88//88 
f 50//50 49//49 89//89 
f 90//90 50//50 89//89 
f 51//51 50//50 90//90 
f 91//91 51//51 90//90 
f 52//52 51//51 91//91 
f 92//92 52//52 91//91 
f 53//53 52//52 92//92 
f 93//93 53//53 92//92 
f 54//54 53//53 93//93 
f 94//94 54//54 93//93 
f 87//87 54//54 94//94 
f 61//61 101//101 108//108 
f 61//61 62//62 102//102 
f 101//101 61//61 102//102 
f 62//62 59//59 55//55 
f 62//62 55//55 102//102 
f 102//102 55//55 103//103 
f 56//56 104//104 55//55 
f 55//55 104//104 103//103 
f 57//57 105//105 56//56 
f 56//56 105//105 104//104 
f 58//58 106//106 57//57 
f 57//57 106//106 105//105 
f 60//60 63//63 107//107 
f 60//60 107//107 58//58 
f 58//58 107//107 106//106 
f 107//107 63//63 109//109 
f 69//69 61//61 108//108 
f 110//110 69//69 108//108 
f 62//62 61//61 70//70 
f 70//70 61//61 69//69 
f 59//59 70//70 64//64 
f 62//62 70//70 59//59 
f 63//63 65//65 71//71 
f 60//60 65//65 63//63 
f 111//111 109//109 63//63 
f 71//71 111//111 63//63 
f 66//66 69//69 110//110 
f 66//66 110//110 72//72 
f 72//72 110//110 112//112 
f 67//67 69//69 66//66 
f 70//70 69//69 67//67 
f 64//64 70//70 67//67 
f 65//65 68//68 71//71 
f 71//71 68//68 73//73 
f 71//71 73//73 111//111 
f 111//111 73//73 113//113 
f 72//72 112//112 74//74 
f 112//112 116//116 74//74 
f 73//73 75//75 113//113 
f 113//113 75//75 117//117 
f 74//74 116//116 78//78 
f 116//116 122//122 78//78 
f 75//75 118//118 117//117 
f 76//76 118//118 75//75 
f 77//77 119//119 76//76 
f 76//76 119//119 118//118 
f 119//119 77//77 79//79 
f 123//123 119//119 79//79 
f 78//78 122//122 80//80 
f 122//122 126//126 80//80 
f 79//79 81//81 123//123 
f 123//123 81//81 127//127 
f 80//80 126//126 128//128 
f 82//82 80//80 128//128 
f 83//83 82//82 129//129 
f 82//82 128//128 129//129 
f 129//129 84//84 83//83 
f 132//132 84//84 129//129 
f 81//81 85//85 127//127 
f 127//127 85//85 133//133 
f 84//84 132//132 86//86 
f 132//132 138//138 86//86 
f 85//85 87//87 133//133 
f 133//133 87//87 139//139 
f 86//86 138//138 140//140 
f 88//88 86//86 140//140 
f 89//89 88//88 141//141 
f 88//88 140//140 141//141 
f 95//95 141//141 148//148 
f 95//95 90//90 141//141 
f 90//90 89//89 141//141 
f 90//90 96//96 91//91 
f 95//95 96//96 90//90 
f 91//91 97//97 92//92 
f 96//96 97//97 91//91 
f 149//149 92//92 97//97 
f 149//149 142//142 92//92 
f 142//142 93//93 92//92 
f 94//94 93//93 143//143 
f 93//93 142//142 143//143 
f 139//139 87//87 94//94 
f 143//143 139//139 94//94 
f 98//98 95//95 148//148 
f 150//150 98//98 148//148 
f 96//96 95//95 99//99 
f 99//99 95//95 98//98 
f 97//97 96//96 100//100 
f 100//100 96//96 99//99 
f 151//151 149//149 97//97 
f 100//100 151//151 97//97 
f 98//98 150//150 152//152 
f 99//99 98//98 152//152 
f 153//153 99//99 152//152 
f 100//100 99//99 153//153 
f 154//154 100//100 153//153 
f 151//151 100//100 154//154 
f 101//101 155//155 162//162 
f 108//108 101//101 162//162 
f 102//102 156//156 101//101 
f 101//101 156//156 155//155 
f 103//103 157//157 102//102 
f 102//102 157//157 156//156 
f 104//104 158//158 103//103 
f 103//103 158//158 157//157 
f 105//105 159//159 104//104 
f 104//104 159//159 158//158 
f 106//106 160//160 105//105 
f 105//105 160//160 159//159 
f 107//107 161//161 106//106 
f 106//106 161//161 160//160 
f 161//161 107//107 109//109 
f 163//163 161//161 109//109 
f 108//108 162//162 110//110 
f 162//162 164//164 110//110 
f 109//109 111//111 163//163 
f 163//163 111//111 165//165 
f 114//114 166//166 168//168 
f 114//114 115//115 167//167 
f 166//166 114//114 167//167 
f 115//115 164//164 167//167 
f 115//115 112//112 164//164 
f 112//112 110//110 164//164 
f 111//111 113//113 165//165 
f 165//165 113//113 169//169 
f 120//120 114//114 168//168 
f 170//170 120//120 168//168 
f 115//115 114//114 121//121 
f 121//121 114//114 120//120 
f 112//112 121//121 116//116 
f 115//115 121//121 112//112 
f 113//113 117//117 169//169 
f 169//169 117//117 171//171 
f 124//124 120//120 170//170 
f 174//174 124//124 170//170 
f 121//121 120//120 125//125 
f 125//125 120//120 124//124 
f 116//116 125//125 122//122 
f 121//121 125//125 116//116 
f 117//117 172//172 171//171 
f 118//118 172//172 117//117 
f 119//119 173//173 118//118 
f 118//118 173//173 172//172 
f 173//173 119//119 123//123 
f 175//175 173//173 123//123 
f 130//130 124//124 174//174 
f 178//178 130//130 174//174 
f 125//125 124//124 131//131 
f 131//131 124//124 130//130 
f 122//122 131//131 126//126 
f 125//125 131//131 122//122 
f 123//123 127//127 175//175 
f 175//175 127//127 179//179 
f 130//130 178//178 180//180 
f 131//131 130//130 180//180 
f 181//181 131//131 180//180 
f 134//134 181//181 186//186 
f 128//128 181//181 134//134 
f 128//128 131//131 181//181 
f 128//128 126//126 131//131 
f 128//128 135//135 129//129 
f 134//134 135//135 128//128 
f 129//129 135//135 132//132 
f 136//136 187//187 182//182 
f 136//136 183//183 137//137 
f 182//182 183//183 136//136 
f 137//137 183//183 179//179 
f 137//137 179//179 133//133 
f 133//133 179//179 127//127 
f 144//144 134//134 186//186 
f 188//188 144//144 186//186 
f 135//135 134//134 145//145 
f 145//145 134//134 144//144 
f 132//132 145//145 138//138 
f 135//135 145//145 132//132 
f 146//146 187//187 136//136 
f 189//189 187//187 146//146 
f 137//137 147//147 136//136 
f 147//147 146//146 136//136 
f 133//133 139//139 147//147 
f 137//137 133//133 147//147 
f 144//144 188//188 190//190 
f 145//145 144//144 190//190 
f 191//191 145//145 190//190 
f 138//138 145//145 191//191 
f 138//138 191//191 140//140 
f 140//140 191//191 192//192 
f 141//141 140//140 193//193 
f 140//140 192//192 193//193 
f 193//193 148//148 141//141 
f 194//194 148//148 193//193 
f 142//142 189//189 146//146 
f 142//142 149//149 189//189 
f 149//149 195//195 189//189 
f 143//143 142//142 146//146 
f 147//147 143//143 146//146 
f 139//139 143//143 147//147 
f 148//148 194//194 150//150 
f 194//194 199//199 150//150 
f 149//149 151//151 195//195 
f 195//195 151//151 200//200 
f 150//150 199//199 201//201 
f 152//152 150//150 201//201 
f 153//153 152//152 202//202 
f 152//152 201//201 202//202 
f 154//154 153//153 203//203 
f 153//153 202//202 203//203 
f 200//200 151//151 154//154 
f 203//203 200//200 154//154 
f 155//155 207//207 214//214 
f 162//162 155//155 214//214 
f 156//156 208//208 155//155 
f 155//155 208//208 207//207 
f 157//157 209//209 156//156 
f 156//156 209//209 208//208 
f 158//158 210//210 157//157 
f 157//157 210//210 209//209 
f 159//159 211//211 158//158 
f 158//158 211//211 210//210 
f 160//160 212//212 159//159 
f 159//159 212//212 211//211 
f 161//161 213//213 160//160 
f 160//160 213//213 212//212 
f 213//213 161//161 163//163 
f 215//215 213//213 163//163 
f 162//162 214//214 164//164 
f 214//214 216//216 164//164 
f 163//163 165//165 215//215 
f 215//215 165//165 217//217 
f 166//166 218//218 220//220 
f 168//168 166//166 220//220 
f 167//167 219//219 166//166 
f 166//166 219//219 218//218 
f 216//216 167//167 164//164 
f 219//219 167//167 216//216 
f 165//165 169//169 217//217 
f 217//217 169//169 221//221 
f 168//168 220//220 170//170 
f 220//220 222//222 170//170 
f 169//169 171//171 221//221 
f 221//221 171//171 223//223 
f 170//170 222//222 174//174 
f 222//222 224//224 174//174 
f 176//176 171//171 172//172 
f 176//176 225//225 171//171 
f 225//225 223//223 171//171 
f 172//172 173//173 177//177 
f 176//176 172//172 177//177 
f 173//173 175//175 177//177 
f 174//174 224//224 178//178 
f 224//224 226//226 178//178 
f 184//184 225//225 176//176 
f 227//227 225//225 184//184 
f 177//177 185//185 176//176 
f 185//185 184//184 176//176 
f 175//175 179//179 185//185 
f 177//177 175//175 185//185 
f 178//178 226//226 228//228 
f 180//180 178//178 228//228 
f 181//181 180//180 229//229 
f 180//180 228//228 229//229 
f 229//229 186//186 181//181 
f 230//230 186//186 229//229 
f 182//182 227//227 184//184 
f 182//182 187//187 227//227 
f 187//187 231//231 227//227 
f 183//183 182//182 184//184 
f 185//185 183//183 184//184 
f 179//179 183//183 185//185 
f 186//186 230//230 188//188 
f 230//230 232//232 188//188 
f 187//187 189//189 231//231 
f 231//231 189//189 233//233 
f 188//188 232//232 234//234 
f 190//190 188//188 234//234 
f 191//191 190//190 235//235 
f 190//190 234//234 235//235 
f 196//196 235//235 237//237 
f 196//196 192//192 235//235 
f 192//192 191//191 235//235 
f 192//192 197//197 193//193 
f 196//196 197//197 192//192 
f 193//193 197//197 194//194 
f 198//198 238//238 236//236 
f 198//198 236//236 233//233 
f 198//198 233//233 195//195 
f 195//195 233//233 189//189 
f 204//204 196//196 237//237 
f 239//239 204//204 237//237 
f 197//197 196//196 205//205 
f 205//205 196//196 204//204 
f 194//194 205//205 199//199 
f 197//197 205//205 194//194 
f 206//206 238//238 198//198 
f 240//240 238//238 206//206 
f 195//195 200//200 206//206 
f 198//198 195//195 206//206 
f 204//204 239//239 241//241 
f 205//205 204//204 241//241 
f 242//242 205//205 241//241 
f 199//199 205//205 242//242 
f 199//199 242//242 201//201 
f 201//201 242//242 243//243 
f 202//202 201//201 244//244 
f 201//201 243//243 244//244 
f 240//240 206//206 203//203 
f 240//240 203//203 244//244 
f 244//244 203//203 202//202 
f 200//200 203//203 206//206 
f 207//207 245//245 252//252 
f 214//214 207//207 252//252 
f 208//208 246//246 207//207 
f 207//207 246//246 245//245 
f 209//209 247//247 208//208 
f 208//208 247//247 246//246 
f 210//210 248//248 209//209 
f 209//209 248//248 247//247 
f 211//211 249//249 210//210 
f 210//210 249//249 248//248 
f 212//212 250//250 211//211 
f 211//211 250//250 249//249 
f 213//213 251//251 212//212 
f 212//212 251//251 250//250 
f 251//251 213//213 215//215 
f 253//253 251//251 215//215 
f 214//214 252//252 216//216 
f 252//252 256//256 216//216 
f 215//215 217//217 253//253 
f 253//253 217//217 257//257 
f 218//218 258//258 262//262 
f 220//220 218//218 262//262 
f 219//219 259//259 218//218 
f 218//218 259//259 258//258 
f 256//256 219//219 216//216 
f 259//259 219//219 256//256 
f 217//217 221//221 257//257 
f 257//257 221//221 263//263 
f 220//220 262//262 222//222 
f 262//262 264//264 222//222 
f 221//221 223//223 263//263 
f 263//263 223//223 265//265 
f 222//222 264//264 224//224 
f 264//264 266//266 224//224 
f 223//223 225//225 265//265 
f 265//265 225//225 267//267 
f 224//224 266//266 226//226 
f 266//266 268//268 226//226 
f 225//225 227//227 267//267 
f 267//267 227//227 269//269 
f 226//226 268//268 270//270 
f 228//228 226//226 270//270 
f 229//229 228//228 271//271 
f 228//228 270//270 271//271 
f 271//271 230//230 229//229 
f 272//272 230//230 271//271 
f 227//227 231//231 269//269 
f 269//269 231//231 273//273 
f 230//230 272//272 232//232 
f 272//272 276//276 232//232 
f 231//231 233//233 273//273 
f 273//273 233//233 277//277 
f 232//232 276//276 278//278 
f 234//234 232//232 278//278 
f 235//235 234//234 279//279 
f 234//234 278//278 279//279 
f 279//279 237//237 235//235 
f 283//283 237//237 279//279 
f 236//236 284//284 280//280 
f 238//238 284//284 236//236 
f 277//277 233//233 236//236 
f 280//280 277//277 236//236 
f 237//237 283//283 239//239 
f 283//283 285//285 239//239 
f 238//238 240//240 284//284 
f 284//284 240//240 286//286 
f 239//239 285//285 287//287 
f 241//241 239//239 287//287 
f 242//242 241//241 288//288 
f 241//241 287//287 288//288 
f 243//243 242//242 289//289 
f 242//242 288//288 289//289 
f 244//244 243//243 290//290 
f 243//243 289//289 290//290 
f 286//286 240//240 244//244 
f 290//290 286//286 244//244 
f 254//254 291//291 300//300 
f 254//254 255//255 292//292 
f 291//291 254//254 292//292 
f 255//255 252//252 245//245 
f 255//255 245//245 292//292 
f 292//292 245//245 293//293 
f 246//246 294//294 245//245 
f 245//245 294//294 293//293 
f 247//247 295//295 246//246 
f 246//246 295//295 294//294 
f 248//248 296//296 247//247 
f 247//247 296//296 295//295 
f 249//249 297//297 248//248 
f 248//248 297//297 296//296 
f 250//250 298//298 249//249 
f 249//249 298//298 297//297 
f 251//251 299//299 250//250 
f 250//250 299//299 298//298 
f 299//299 251//251 253//253 
f 301//301 299//299 253//253 
f 260//260 254//254 300//300 
f 303//303 260//260 300//300 
f 255//255 254//254 261//261 
f 261//261 254//254 260//260 
f 252//252 261//261 256//256 
f 255//255 261//261 252//252 
f 253//253 257//257 301//301 
f 301//301 257//257 304//304 
f 258//258 260//260 303//303 
f 258//258 303//303 262//262 
f 262//262 303//303 306//306 
f 259//259 260//260 258//258 
f 261//261 260//260 259//259 
f 256//256 261//261 259//259 
f 257//257 263//263 304//304 
f 304//304 263//263 307//307 
f 262//262 306//306 264//264 
f 306//306 308//308 264//264 
f 263//263 265//265 307//307 
f 307//307 265//265 309//309 
f 264//264 308//308 266//266 
f 308//308 310//310 266//266 
f 265//265 267//267 309//309 
f 309//309 267//267 311//311 
f 266//266 310//310 268//268 
f 310//310 312//312 268//268 
f 267//267 269//269 311//311 
f 311//311 269//269 313//313 
f 274//274 270//270 268//268 
f 274//274 268//268 314//314 
f 314//314 268//268 312//312 
f 270//270 275//275 271//271 
f 274//274 275//275 270//270 
f 271//271 275//275 272//272 
f 269//269 273//273 313//313 
f 313//313 273//273 315//315 
f 281//281 274//274 314//314 
f 317//317 281//281 314//314 
f 275//275 274//274 282//282 
f 282//282 274//274 281//281 
f 272//272 282//282 276//276 
f 275//275 282//282 272//272 
f 273//273 277//277 315//315 
f 315//315 277//277 318//318 
f 281//281 317//317 319//319 
f 282//282 281//281 319//319 
f 320//320 282//282 319//319 
f 276//276 282//282 320//320 
f 276//276 320//320 278//278 
f 278//278 320//320 321//321 
f 279//279 278//278 322//322 
f 278//278 321//321 322//322 
f 322//322 283//283 279//279 
f 325//325 283//283 322//322 
f 280//280 326//326 323//323 
f 284//284 326//326 280//280 
f 318//318 277//277 280//280 
f 323//323 318//318 280//280 
f 283//283 325//325 285//285 
f 325//325 331//331 285//285 
f 284//284 286//286 326//326 
f 326//326 286//286 332//332 
f 285//285 331//331 333//333 
f 287//287 285//285 333//333 
f 288//288 287//287 334//334 
f 287//287 333//333 334//334 
f 289//289 288//288 335//335 
f 288//288 334//334 335//335 
f 290//290 289//289 336//336 
f 289//289 335//335 336//336 
f 332//332 286//286 290//290 
f 336//336 332//332 290//290 
f 291//291 341//341 349//349 
f 300//300 291//291 349//349 
f 292//292 342//342 291//291 
f 291//291 342//342 341//341 
f 293//293 343//343 292//292 
f 292//292 343//343 342//342 
f 294//294 344//344 293//293 
f 293//293 344//344 343//343 
f 295//295 345//345 294//294 
f 294//294 345//345 344//344 
f 296//296 346//346 295//295 
f 295//295 346//346 345//345 
f 297//297 347//347 296//296 
f 296//296 347//347 346//346 
f 298//298 348//348 297//297 
f 297//297 348//348 347//347 
f 302//302 350//350 348//348 
f 302//302 348//348 299//299 
f 299//299 348//348 298//298 
f 299//299 301//301 302//302 
f 300//300 349//349 303//303 
f 349//349 351//351 303//303 
f 305//305 350//350 302//302 
f 352//352 350//350 305//305 
f 301//301 304//304 305//305 
f 302//302 301//301 305//305 
f 303//303 351//351 306//306 
f 351//351 354//354 306//306 
f 305//305 353//353 352//352 
f 353//353 305//305 304//304 
f 353//353 304//304 355//355 
f 355//355 304//304 307//307 
f 306//306 354//354 308//308 
f 354//354 357//357 308//308 
f 307//307 309//309 355//355 
f 355//355 309//309 358//358 
f 308//308 357//357 310//310 
f 357//357 360//360 310//310 
f 309//309 311//311 358//358 
f 358//358 311//311 361//361 
f 310//310 360//360 312//312 
f 360//360 365//365 312//312 
f 311//311 313//313 361//361 
f 361//361 313//313 366//366 
f 312//312 365//365 314//314 
f 365//365 371//371 314//314 
f 316//316 372//372 367//367 
f 316//316 367//367 366//366 
f 316//316 366//366 315//315 
f 315//315 366//366 313//313 
f 314//314 371//371 317//317 
f 371//371 373//373 317//317 
f 324//324 372//372 316//316 
f 374//374 372//372 324//324 
f 315//315 318//318 324//324 
f 316//316 315//315 324//324 
f 317//317 373//373 375//375 
f 319//319 317//317 375//375 
f 320//320 319//319 376//376 
f 319//319 375//375 376//376 
f 327//327 376//376 379//379 
f 327//327 321//321 376//376 
f 321//321 320//320 376//376 
f 321//321 328//328 322//322 
f 327//327 328//328 321//321 
f 322//322 328//328 325//325 
f 329//329 380//380 377//377 
f 329//329 378//378 330//330 
f 377//377 378//378 329//329 
f 374//374 330//330 378//378 
f 324//324 330//330 374//374 
f 324//324 326//326 330//330 
f 324//324 323//323 326//326 
f 318//318 323//323 324//324 
f 337//337 327//327 379//379 
f 381//381 337//337 379//379 
f 328//328 327//327 338//338 
f 338//338 327//327 337//337 
f 325//325 338//338 331//331 
f 328//328 338//338 325//325 
f 339//339 380//380 329//329 
f 382//382 380//380 339//339 
f 330//330 340//340 329//329 
f 340//340 339//339 329//329 
f 326//326 332//332 340//340 
f 330//330 326//326 340//340 
f 337//337 381//381 383//383 
f 338//338 337//337 383//383 
f 384//384 338//338 383//383 
f 331//331 338//338 384//384 
f 331//331 384//384 333//333 
f 333//333 384//384 385//385 
f 334//334 333//333 386//386 
f 333//333 385//385 386//386 
f 382//382 339//339 335//335 
f 382//382 335//335 386//386 
f 386//386 335//335 334//334 
f 336//336 335//335 339//339 
f 340//340 336//336 339//339 
f 332//332 336//336 340//340 
f 341//341 387//387 395//395 
f 349//349 341//341 395//395 
f 342//342 388//388 341//341 
f 341//341 388//388 387//387 
f 343//343 389//389 342//342 
f 342//342 389//389 388//388 
f 344//344 390//390 343//343 
f 343//343 390//390 389//389 
f 345//345 391//391 344//344 
f 344//344 391//391 390//390 
f 346//346 392//392 345//345 
f 345//345 392//392 391//391 
f 347//347 393//393 346//346 
f 346//346 393//393 392//392 
f 348//348 394//394 347//347 
f 347//347 394//394 393//393 
f 394//394 348//348 350//350 
f 396//396 394//394 350//350 
f 349//349 395//395 351//351 
f 395//395 399//399 351//351 
f 350//350 352//352 396//396 
f 396//396 352//352 400//400 
f 351//351 399//399 354//354 
f 399//399 403//403 354//354 
f 356//356 352//352 353//353 
f 356//356 404//404 352//352 
f 404//404 400//400 352//352 
f 353//353 355//355 356//356 
f 354//354 403//403 357//357 
f 403//403 407//407 357//357 
f 359//359 404//404 356//356 
f 408//408 404//404 359//359 
f 355//355 358//358 359//359 
f 356//356 355//355 359//359 
f 362//362 409//409 413//413 
f 362//362 363//363 410//410 
f 409//409 362//362 410//410 
f 363//363 407//407 410//410 
f 363//363 360//360 407//407 
f 360//360 357//357 407//407 
f 364//364 408//408 359//359 
f 414//414 408//408 364//364 
f 358//358 361//361 364//364 
f 359//359 358//358 364//364 
f 368//368 362//362 413//413 
f 415//415 368//368 413//413 
f 363//363 362//362 369//369 
f 369//369 362//362 368//368 
f 360//360 369//369 365//365 
f 363//363 369//369 360//360 
f 370//370 414//414 364//364 
f 416//416 414//414 370//370 
f 361//361 366//366 370//370 
f 364//364 361//361 370//370 
f 368//368 415//415 417//417 
f 369//369 368//368 417//417 
f 418//418 369//369 417//417 
f 418//418 365//365 369//369 
f 418//418 419//419 365//365 
f 419//419 371//371 365//365 
f 367//367 416//416 370//370 
f 367//367 372//372 416//416 
f 372//372 420//420 416//416 
f 366//366 367//367 370//370 
f 371//371 419//419 373//373 
f 419//419 423//423 373//373 
f 372//372 374//374 420//420 
f 420//420 374//374 424//424 
f 373//373 423//423 425//425 
f 375//375 373//373 425//425 
f 376//376 375//375 426//426 
f 375//375 425//425 426//426 
f 426//426 379//379 376//376 
f 431//431 379//379 426//426 
f 377//377 432//432 427//427 
f 380//380 432//432 377//377 
f 378//378 377//377 428//428 
f 377//377 427//427 428//428 
f 424//424 374//374 378//378 
f 428//428 424//424 378//378 
f 379//379 431//431 381//381 
f 431//431 433//433 381//381 
f 380//380 382//382 432//432 
f 432//432 382//382 434//434 
f 381//381 433//433 435//435 
f 383//383 381//381 435//435 
f 384//384 383//383 436//436 
f 383//383 435//435 436//436 
f 385//385 384//384 437//437 
f 384//384 436//436 437//437 
f 386//386 385//385 438//438 
f 385//385 437//437 438//438 
f 434//434 382//382 386//386 
f 438//438 434//434 386//386 
f 387//387 439//439 445//445 
f 395//395 387//387 445//445 
f 388//388 440//440 387//387 
f 387//387 440//440 439//439 
f 389//389 441//441 388//388 
f 388//388 441//441 440//440 
f 390//390 442//442 389//389 
f 389//389 442//442 441//441 
f 391//391 443//443 390//390 
f 390//390 443//443 442//442 
f 392//392 444//444 391//391 
f 391//391 444//444 443//443 
f 397//397 446//446 444//444 
f 397//397 444//444 393//393 
f 393//393 444//444 392//392 
f 393//393 394//394 398//398 
f 397//397 393//393 398//398 
f 394//394 396//396 398//398 
f 395//395 445//445 399//399 
f 445//445 449//449 399//399 
f 401//401 446//446 397//397 
f 450//450 446//446 401//401 
f 398//398 402//402 397//397 
f 402//402 401//401 397//397 
f 396//396 400//400 402//402 
f 398//398 396//396 402//402 
f 405//405 451//451 457//457 
f 405//405 406//406 452//452 
f 451//451 405//405 452//452 
f 406//406 449//449 452//452 
f 406//406 403//403 449//449 
f 403//403 399//399 449//449 
f 401//401 453//453 450//450 
f 402//402 453//453 401//401 
f 454//454 453//453 402//402 
f 454//454 402//402 400//400 
f 454//454 400//400 458//458 
f 458//458 400//400 404//404 
f 411//411 405//405 457//457 
f 459//459 411//411 457//457 
f 406//406 405//405 412//412 
f 412//412 405//405 411//411 
f 403//403 412//412 407//407 
f 406//406 412//412 403//403 
f 404//404 408//408 458//458 
f 458//458 408//408 460//460 
f 409//409 411//411 459//459 
f 409//409 459//459 413//413 
f 413//413 459//459 461//461 
f 410//410 411//411 409//409 
f 412//412 411//411 410//410 
f 407//407 412//412 410//410 
f 408//408 414//414 460//460 
f 460//460 414//414 462//462 
f 413//413 461//461 415//415 
f 461//461 463//463 415//415 
f 414//414 416//416 462//462 
f 462//462 416//416 464//464 
f 421//421 417//417 415//415 
f 421//421 415//415 465//465 
f 465//465 415//415 463//463 
f 417//417 422//422 418//418 
f 421//421 422//422 417//417 
f 418//418 422//422 419//419 
f 416//416 420//420 464//464 
f 464//464 420//420 466//466 
f 429//429 421//421 465//465 
f 469//469 429//429 465//465 
f 422//422 421//421 430//430 
f 430//430 421//421 429//429 
f 419//419 430//430 423//423 
f 422//422 430//430 419//419 
f 420//420 424//424 466//466 
f 466//466 424//424 470//470 
f 429//429 469//469 471//471 
f 430//430 429//429 471//471 
f 472//472 430//430 471//471 
f 423//423 430//430 472//472 
f 423//423 472//472 425//425 
f 425//425 472//472 473//473 
f 426//426 425//425 474//474 
f 425//425 473//473 474//474 
f 474//474 431//431 426//426 
f 479//479 431//431 474//474 
f 427//427 480//480 475//475 
f 432//432 480//480 427//427 
f 428//428 427//427 476//476 
f 427//427 475//475 476//476 
f 470//470 424//424 428//428 
f 476//476 470//470 428//428 
f 431//431 479//479 433//433 
f 479//479 485//485 433//433 
f 432//432 434//434 480//480 
f 480//480 434//434 486//486 
f 433//433 485//485 487//487 
f 435//435 433//433 487//487 
f 436//436 435//435 488//488 
f 435//435 487//487 488//488 
f 437//437 436//436 489//489 
f 436//436 488//488 489//489 
f 438//438 437//437 490//490 
f 437//437 489//489 490//490 
f 486//486 434//434 438//438 
f 490//490 486//486 438//438 
f 447//447 495//495 503//503 
f 447//447 448//448 496//496 
f 495//495 447//447 496//496 
f 448//448 445//445 439//439 
f 448//448 439//439 496//496 
f 496//496 439//439 497//497 
f 440//440 498//498 439//439 
f 439//439 498//498 497//497 
f 441//441 499//499 440//440 
f 440//440 499//499 498//498 
f 442//442 500//500 441//441 
f 441//441 500//500 499//499 
f 443//443 501//501 442//442 
f 442//442 501//501 500//500 
f 444//444 502//502 443//443 
f 443//443 502//502 501//501 
f 502//502 444//444 446//446 
f 504//504 502//502 446//446 
f 455//455 447//447 503//503 
f 505//505 455//455 503//503 
f 448//448 447//447 456//456 
f 456//456 447//447 455//455 
f 445//445 456//456 449//449 
f 448//448 456//456 445//445 
f 446//446 450//450 504//504 
f 504//504 450//450 506//506 
f 451//451 455//455 505//505 
f 451//451 505//505 457//457 
f 457//457 505//505 509//509 
f 452//452 455//455 451//451 
f 456//456 455//455 452//452 
f 449//449 456//456 452//452 
f 450//450 507//507 506//506 
f 453//453 507//507 450//450 
f 454//454 508//508 453//453 
f 453//453 508//508 507//507 
f 508//508 454//454 458//458 
f 510//510 508//508 458//458 
f 457//457 509//509 459//459 
f 509//509 511//511 459//459 
f 458//458 460//460 510//510 
f 510//510 460//460 512//512 
f 459//459 511//511 461//461 
f 511//511 513//513 461//461 
f 460//460 462//462 512//512 
f 512//512 462//462 514//514 
f 461//461 513//513 463//463 
f 513//513 515//515 463//463 
f 462//462 464//464 514//514 
f 514//514 464//464 516//516 
f 463//463 515//515 465//465 
f 515//515 519//519 465//465 
f 467//467 520//520 517//517 
f 467//467 518//518 468//468 
f 517//517 518//518 467//467 
f 468//468 518//518 516//516 
f 468//468 516//516 466//466 
f 466//466 516//516 464//464 
f 465//465 519//519 469//469 
f 519//519 521//521 469//469 
f 477//477 520//520 467//467 
f 522//522 520//520 477//477 
f 468//468 478//478 467//467 
f 478//478 477//477 467//467 
f 466//466 470//470 478//478 
f 468//468 466//466 478//478 
f 469//469 521//521 523//523 
f 471//471 469//469 523//523 
f 472//472 471//471 524//524 
f 471//471 523//523 524//524 
f 481//481 524//524 527//527 
f 481//481 473//473 524//524 
f 473//473 472//472 524//524 
f 473//473 482//482 474//474 
f 481//481 482//482 473//473 
f 474//474 482//482 479//479 
f 483//483 528//528 525//525 
f 483//483 526//526 484//484 
f 525//525 526//526 483//483 
f 522//522 484//484 526//526 
f 477//477 484//484 522//522 
f 477//477 480//480 484//484 
f 477//477 475//475 480//480 
f 476//476 475//475 477//477 
f 478//478 476//476 477//477 
f 470//470 476//476 478//478 
f 491//491 481//481 527//527 
f 529//529 491//491 527//527 
f 482//482 481//481 492//492 
f 492//492 481//481 491//491 
f 479//479 492//492 485//485 
f 482//482 492//492 479//479 
f 493//493 528//528 483//483 
f 530//530 528//528 493//493 
f 484//484 494//494 483//483 
f 494//494 493//493 483//483 
f 480//480 486//486 494//494 
f 484//484 480//480 494//494 
f 491//491 529//529 531//531 
f 492//492 491//491 531//531 
f 532//532 492//492 531//531 
f 485//485 492//492 532//532 
f 485//485 532//532 487//487 
f 487//487 532//532 533//533 
f 488//488 487//487 534//534 
f 487//487 533//533 534//534 
f 530//530 493//493 489//489 
f 530//530 489//489 534//534 
f 534//534 489//489 488//488 
f 490//490 489//489 493//493 
f 494//494 490//490 493//493 
f 486//486 490//490 494//494 
f 495//495 535//535 543//543 
f 503//503 495//495 543//543 
f 496//496 536//536 495//495 
f 495//495 536//536 535//535 
f 497//497 537//537 496//496 
f 496//496 537//537 536//536 
f 498//498 538//538 497//497 
f 497//497 538//538 537//537 
f 499//499 539//539 498//498 
f 498//498 539//539 538//538 
f 500//500 540//540 499//499 
f 499//499 540//540 539//539 
f 501//501 541//541 500//500 
f 500//500 541//541 540//540 
f 502//502 542//542 501//501 
f 501//501 542//542 541//541 
f 542//542 502//502 504//504 
f 544//544 542//542 504//504 
f 503//503 543//543 505//505 
f 543//543 545//545 505//505 
f 504//504 506//506 544//544 
f 544//544 506//506 546//546 
f 505//505 545//545 509//509 
f 545//545 549//549 509//509 
f 506//506 547//547 546//546 
f 507//507 547//547 506//506 
f 508//508 548//548 507//507 
f 507//507 548//548 547//547 
f 548//548 508//508 510//510 
f 550//550 548//548 510//510 
f 509//509 549//549 511//511 
f 549//549 553//553 511//511 
f 510//510 512//512 550//550 
f 550//550 512//512 554//554 
f 511//511 553//553 513//513 
f 553//553 557//557 513//513 
f 512//512 514//514 554//554 
f 554//554 514//514 558//558 
f 513//513 557//557 515//515 
f 557//557 563//563 515//515 
f 514//514 516//516 558//558 
f 558//558 516//516 564//564 
f 515//515 563//563 519//519 
f 563//563 571//571 519//519 
f 517//517 572//572 565//565 
f 520//520 572//572 517//517 
f 518//518 517//517 566//566 
f 517//517 565//565 566//566 
f 564//564 516//516 518//518 
f 566//566 564//564 518//518 
f 519//519 571//571 521//521 
f 571//571 573//573 521//521 
f 520//520 522//522 572//572 
f 572//572 522//522 574//574 
f 521//521 573//573 575//575 
f 523//523 521//521 575//575 
f 524//524 523//523 576//576 
f 523//523 575//575 576//576 
f 576//576 527//527 524//524 
f 579//579 527//527 576//576 
f 525//525 580//580 577//577 
f 528//528 580//580 525//525 
f 526//526 525//525 578//578 
f 525//525 577//577 578//578 
f 574//574 522//522 526//526 
f 578//578 574//574 526//526 
f 527//527 579//579 529//529 
f 579//579 583//583 529//529 
f 528//528 530//530 580//580 
f 580//580 530//530 584//584 
f 529//529 583//583 585//585 
f 531//531 529//529 585//585 
f 532//532 531//531 586//586 
f 531//531 585//585 586//586 
f 533//533 532//532 587//587 
f 532//532 586//586 587//587 
f 534//534 533//533 588//588 
f 533//533 587//587 588//588 
f 584//584 530//530 534//534 
f 588//588 584//584 534//534 
f 535//535 591//591 599//599 
f 543//543 535//535 599//599 
f 536//536 592//592 535//535 
f 535//535 592//592 591//591 
f 537//537 593//593 536//536 
f 536//536 593//593 592//592 
f 538//538 594//594 537//537 
f 537//537 594//594 593//593 
f 539//539 595//595 538//538 
f 538//538 595//595 594//594 
f 540//540 596//596 539//539 
f 539//539 596//596 595//595 
f 541//541 597//597 540//540 
f 540//540 597//597 596//596 
f 542//542 598//598 541//541 
f 541//541 598//598 597//597 
f 598//598 542//542 544//544 
f 600//600 598//598 544//544 
f 543//543 599//599 545//545 
f 599//599 603//603 545//545 
f 544//544 546//546 600//600 
f 600//600 546//546 604//604 
f 545//545 603//603 549//549 
f 603//603 607//607 549//549 
f 551//551 546//546 547//547 
f 551//551 608//608 546//546 
f 608//608 604//604 546//546 
f 547//547 548//548 552//552 
f 551//551 547//547 552//552 
f 548//548 550//550 552//552 
f 549//549 607//607 553//553 
f 607//607 611//611 553//553 
f 555//555 608//608 551//551 
f 612//612 608//608 555//555 
f 552//552 556//556 551//551 
f 556//556 555//555 551//551 
f 550//550 554//554 556//556 
f 552//552 550//550 556//556 
f 559//559 613//613 617//617 
f 559//559 560//560 614//614 
f 613//613 559//559 614//614 
f 560//560 611//611 614//614 
f 560//560 557//557 611//611 
f 557//557 553//553 611//611 
f 561//561 612//612 555//555 
f 618//618 612//612 561//561 
f 556//556 562//562 555//555 
f 562//562 561//561 555//555 
f 554//554 558//558 562//562 
f 556//556 554//554 562//562 
f 567//567 559//559 617//617 
f 619//619 567//567 617//617 
f 560//560 559//559 568//568 
f 568//568 559//559 567//567 
f 557//557 568//568 563//563 
f 560//560 568//568 557//557 
f 569//569 618//618 561//561 
f 620//620 618//618 569//569 
f 562//562 570//570 561//561 
f 570//570 569//569 561//561 
f 558//558 564//564 570//570 
f 562//562 558//558 570//570 
f 567//567 619//619 621//621 
f 568//568 567//567 621//621 
f 622//622 568//568 621//621 
f 622//622 563//563 568//568 
f 622//622 623//623 563//563 
f 623//623 571//571 563//563 
f 565//565 620//620 569//569 
f 565//565 572//572 620//620 
f 572//572 624//624 620//620 
f 566//566 565//565 569//569 
f 570//570 566//566 569//569 
f 564//564 566//566 570//570 
f 571//571 623//623 573//573 
f 623//623 627//627 573//573 
f 572//572 574//574 624//624 
f 624//624 574//574 628//628 
f 581//581 575//575 573//573 
f 581//581 573//573 633//633 
f 633//633 573//573 627//627 
f 575//575 582//582 576//576 
f 581//581 582//582 575//575 
f 576//576 582//582 579//579 
f 577//577 634//634 629//629 
f 580//580 634//634 577//577 
f 578//578 577//577 630//630 
f 577//577 629//629 630//630 
f 628//628 574//574 578//578 
f 630//630 628//628 578//578 
f 589//589 581//581 633//633 
f 635//635 589//589 633//633 
f 582//582 581//581 590//590 
f 590//590 581//581 589//589 
f 579//579 590//590 583//583 
f 582//582 590//590 579//579 
f 580//580 584//584 634//634 
f 634//634 584//584 636//636 
f 589//589 635//635 637//637 
f 590//590 589//589 637//637 
f 638//638 590//590 637//637 
f 583//583 590//590 638//638 
f 583//583 638//638 585//585 
f 585//585 638//638 639//639 
f 586//586 585//585 640//640 
f 585//585 639//639 640//640 
f 587//587 586//586 641//641 
f 586//586 640//640 641//641 
f 588//588 587//587 642//642 
f 587//587 641//641 642//642 
f 636//636 584//584 588//588 
f 642//642 636//636 588//588 
f 591//591 643//643 649//649 
f 599//599 591//591 649//649 
f 592//592 644//644 591//591 
f 591//591 644//644 643//643 
f 593//593 645//645 592//592 
f 592//592 645//645 644//644 
f 594//594 646//646 593//593 
f 593//593 646//646 645//645 
f 595//595 647//647 594//594 
f 594//594 647//647 646//646 
f 596//596 648//648 595//595 
f 595//595 648//648 647//647 
f 601//601 650//650 648//648 
f 601//601 648//648 597//597 
f 597//597 648//648 596//596 
f 597//597 598//598 602//602 
f 601//601 597//597 602//602 
f 598//598 600//600 602//602 
f 599//599 649//649 603//603 
f 649//649 651//651 603//603 
f 605//605 650//650 601//601 
f 652//652 650//650 605//605 
f 602//602 606//606 601//601 
f 606//606 605//605 601//601 
f 600//600 604//604 606//606 
f 602//602 600//600 606//606 
f 609//609 653//653 657//657 
f 609//609 610//610 654//654 
f 653//653 609//609 654//654 
f 610//610 651//651 654//654 
f 610//610 607//607 651//651 
f 607//607 603//603 651//651 
f 605//605 655//655 652//652 
f 606//606 655//655 605//605 
f 656//656 655//655 606//606 
f 656//656 606//606 604//604 
f 656//656 604//604 658//658 
f 658//658 604//604 608//608 
f 615//615 609//609 657//657 
f 659//659 615//615 657//657 
f 610//610 609//609 616//616 
f 616//616 609//609 615//615 
f 607//607 616//616 611//611 
f 610//610 616//616 607//607 
f 608//608 612//612 658//658 
f 658//658 612//612 660//660 
f 613//613 615//615 659//659 
f 613//613 659//659 617//617 
f 617//617 659//659 661//661 
f 614//614 615//615 613//613 
f 616//616 615//615 614//614 
f 611//611 616//616 614//614 
f 612//612 618//618 660//660 
f 660//660 618//618 662//662 
f 617//617 661//661 619//619 
f 661//661 663//663 619//619 
f 618//618 620//620 662//662 
f 662//662 620//620 664//664 
f 625//625 621//621 619//619 
f 625//625 619//619 665//665 
f 665//665 619//619 663//663 
f 621//621 626//626 622//622 
f 625//625 626//626 621//621 
f 622//622 626//626 623//623 
f 620//620 624//624 664//664 
f 664//664 624//624 666//666 
f 631//631 625//625 665//665 
f 667//667 631//631 665//665 
f 626//626 625//625 632//632 
f 632//632 625//625 631//631 
f 623//623 632//632 627//627 
f 626//626 632//632 623//623 
f 624//624 628//628 666//666 
f 666//666 628//628 668//668 
f 631//631 667//667 669//669 
f 632//632 631//631 669//669 
f 670//670 632//632 669//669 
f 670//670 627//627 632//632 
f 670//670 673//673 627//627 
f 673//673 633//633 627//627 
f 629//629 674//674 671//671 
f 634//634 674//674 629//629 
f 630//630 629//629 672//672 
f 629//629 671//671 672//672 
f 668//668 628//628 630//630 
f 672//672 668//668 630//630 
f 633//633 673//673 635//635 
f 673//673 677//677 635//635 
f 634//634 636//636 674//674 
f 674//674 636//636 678//678 
f 635//635 677//677 679//679 
f 637//637 635//635 679//679 
f 638//638 637//637 680//680 
f 637//637 679//679 680//680 
f 639//639 638//638 681//681 
f 638//638 680//680 681//681 
f 640//640 639//639 682//682 
f 639//639 681//681 682//682 
f 641//641 640//640 683//683 
f 640//640 682//682 683//683 
f 642//642 641//641 684//684 
f 641//641 683//683 684//684 
f 678//678 636//636 642//642 
f 684//684 678//678 642//642 
f 643//643 687//687 693//693 
f 649//649 643//643 693//693 
f 644//644 688//688 643//643 
f 643//643 688//688 687//687 
f 645//645 689//689 644//644 
f 644//644 689//689 688//688 
f 646//646 690//690 645//645 
f 645//645 690//690 689//689 
f 647//647 691//691 646//646 
f 646//646 691//691 690//690 
f 648//648 692//692 647//647 
f 647//647 692//692 691//691 
f 692//692 648//648 650//650 
f 694//694 692//692 650//650 
f 649//649 693//693 651//651 
f 693//693 697//697 651//651 
f 650//650 652//652 694//694 
f 694//694 652//652 698//698 
f 653//653 699//699 705//705 
f 657//657 653//653 705//705 
f 654//654 700//700 653//653 
f 653//653 700//700 699//699 
f 697//697 654//654 651//651 
f 700//700 654//654 697//697 
f 652//652 701//701 698//698 
f 655//655 701//701 652//652 
f 656//656 702//702 655//655 
f 655//655 702//702 701//701 
f 702//702 656//656 658//658 
f 706//706 702//702 658//658 
f 657//657 705//705 659//659 
f 705//705 709//709 659//659 
f 658//658 660//660 706//706 
f 706//706 660//660 710//710 
f 659//659 709//709 661//661 
f 709//709 713//713 661//661 
f 660//660 662//662 710//710 
f 710//710 662//662 714//714 
f 661//661 713//713 663//663 
f 713//713 719//719 663//663 
f 662//662 664//664 714//714 
f 714//714 664//664 720//720 
f 663//663 719//719 665//665 
f 719//719 725//725 665//665 
f 664//664 666//666 720//720 
f 720//720 666//666 726//726 
f 665//665 725//725 667//667 
f 725//725 731//731 667//667 
f 666//666 668//668 726//726 
f 726//726 668//668 732//732 
f 675//675 669//669 667//667 
f 675//675 667//667 739//739 
f 739//739 667//667 731//731 
f 669//669 676//676 670//670 
f 675//675 676//676 669//669 
f 670//670 676//676 673//673 
f 671//671 740//740 733//733 
f 674//674 740//740 671//671 
f 672//672 671//671 734//734 
f 671//671 733//733 734//734 
f 732//732 668//668 672//672 
f 734//734 732//732 672//672 
f 685//685 675//675 739//739 
f 741//741 685//685 739//739 
f 676//676 675//675 686//686 
f 686//686 675//675 685//685 
f 673//673 686//686 677//677 
f 676//676 686//686 673//673 
f 674//674 678//678 740//740 
f 740//740 678//678 742//742 
f 685//685 741//741 743//743 
f 686//686 685//685 743//743 
f 744//744 686//686 743//743 
f 677//677 686//686 744//744 
f 677//677 744//744 679//679 
f 679//679 744//744 745//745 
f 680//680 679//679 746//746 
f 679//679 745//745 746//746 
f 681//681 680//680 747//747 
f 680//680 746//746 747//747 
f 682//682 681//681 748//748 
f 681//681 747//747 748//748 
f 683//683 682//682 749//749 
f 682//682 748//748 749//749 
f 684//684 683//683 750//750 
f 683//683 749//749 750//750 
f 742//742 678//678 684//684 
f 750//750 742//742 684//684 
f 687//687 755//755 759//759 
f 693//693 687//687 759//759 
f 688//688 756//756 687//687 
f 687//687 756//756 755//755 
f 689//689 757//757 688//688 
f 688//688 757//757 756//756 
f 690//690 758//758 689//689 
f 689//689 758//758 757//757 
f 695//695 760//760 758//758 
f 695//695 758//758 691//691 
f 691//691 758//758 690//690 
f 691//691 692//692 696//696 
f 695//695 691//691 696//696 
f 692//692 694//694 696//696 
f 693//693 759//759 697//697 
f 759//759 765//765 697//697 
f 703//703 760//760 695//695 
f 766//766 760//760 703//703 
f 696//696 704//704 695//695 
f 704//704 703//703 695//695 
f 694//694 698//698 704//704 
f 696//696 694//694 704//704 
f 699//699 767//767 775//775 
f 705//705 699//699 775//775 
f 700//700 768//768 699//699 
f 699//699 768//768 767//767 
f 765//765 700//700 697//697 
f 768//768 700//700 765//765 
f 703//703 769//769 766//766 
f 704//704 769//769 703//703 
f 770//770 769//769 704//704 
f 707//707 776//776 770//770 
f 701//701 707//707 770//770 
f 701//701 770//770 704//704 
f 701//701 704//704 698//698 
f 701//701 702//702 708//708 
f 707//707 701//701 708//708 
f 702//702 706//706 708//708 
f 705//705 775//775 709//709 
f 775//775 777//777 709//709 
f 711//711 776//776 707//707 
f 778//778 776//776 711//711 
f 708//708 712//712 707//707 
f 712//712 711//711 707//707 
f 706//706 710//710 712//712 
f 708//708 706//706 712//712 
f 715//715 779//779 781//781 
f 715//715 716//716 780//780 
f 779//779 715//715 780//780 
f 716//716 777//777 780//780 
f 716//716 713//713 777//777 
f 713//713 709//709 777//777 
f 717//717 778//778 711//711 
f 782//782 778//778 717//717 
f 712//712 718//718 711//711 
f 718//718 717//717 711//711 
f 710//710 714//714 718//718 
f 712//712 710//710 718//718 
f 721//721 715//715 781//781 
f 783//783 721//721 781//781 
f 716//716 715//715 722//722 
f 722//722 715//715 721//721 
f 713//713 722//722 719//719 
f 716//716 722//722 713//713 
f 723//723 782//782 717//717 
f 784//784 782//782 723//723 
f 718//718 724//724 717//717 
f 724//724 723//723 717//717 
f 714//714 720//720 724//724 
f 718//718 714//714 724//724 
f 727//727 721//721 783//783 
f 785//785 727//727 783//783 
f 722//722 721//721 728//728 
f 728//728 721//721 727//727 
f 719//719 728//728 725//725 
f 722//722 728//728 719//719 
f 729//729 784//784 723//723 
f 786//786 784//784 729//729 
f 724//724 730//730 723//723 
f 730//730 729//729 723//723 
f 720//720 726//726 730//730 
f 724//724 720//720 730//730 
f 735//735 727//727 785//785 
f 787//787 735//735 785//785 
f 728//728 727//727 736//736 
f 736//736 727//727 735//735 
f 725//725 736//736 731//731 
f 728//728 736//736 725//725 
f 737//737 786//786 729//729 
f 788//788 786//786 737//737 
f 730//730 738//738 729//729 
f 738//738 737//737 729//729 
f 726//726 732//732 738//738 
f 730//730 726//726 738//738 
f 735//735 787//787 789//789 
f 736//736 735//735 789//789 
f 790//790 736//736 789//789 
f 790//790 731//731 736//736 
f 790//790 791//791 731//731 
f 791//791 739//739 731//731 
f 733//733 788//788 737//737 
f 733//733 740//740 788//788 
f 740//740 792//792 788//788 
f 734//734 733//733 737//737 
f 738//738 734//734 737//737 
f 732//732 734//734 738//738 
f 739//739 791//791 741//741 
f 791//791 795//795 741//741 
f 740//740 742//742 792//792 
f 792//792 742//742 796//796 
f 741//741 795//795 797//797 
f 743//743 741//741 797//797 
f 744//744 743//743 798//798 
f 743//743 797//797 798//798 
f 751//751 798//798 805//805 
f 751//751 745//745 798//798 
f 745//745 744//744 798//798 
f 745//745 752//752 746//746 
f 751//751 752//752 745//745 
f 806//806 746//746 752//752 
f 806//806 799//799 746//746 
f 799//799 747//747 746//746 
f 748//748 747//747 800//800 
f 747//747 799//799 800//800 
f 749//749 748//748 801//801 
f 748//748 800//800 801//801 
f 750//750 749//749 802//802 
f 749//749 801//801 802//802 
f 796//796 742//742 750//750 
f 802//802 796//796 750//750 
f 753//753 751//751 805//805 
f 809//809 753//753 805//805 
f 752//752 751//751 754//754 
f 754//754 751//751 753//753 
f 810//810 806//806 752//752 
f 754//754 810//810 752//752 
f 753//753 809//809 811//811 
f 754//754 753//753 811//811 
f 812//812 754//754 811//811 
f 810//810 754//754 812//812 
f 755//755 761//761 759//759 
f 755//755 756//756 762//762 
f 761//761 755//755 762//762 
f 756//756 757//757 763//763 
f 762//762 756//756 763//763 
f 757//757 758//758 764//764 
f 763//763 757//757 764//764 
f 758//758 760//760 764//764 
f 761//761 771//771 765//765 
f 759//759 761//761 765//765 
f 762//762 772//772 761//761 
f 772//772 771//771 761//761 
f 763//763 773//773 762//762 
f 773//773 772//772 762//762 
f 764//764 774//774 763//763 
f 774//774 773//773 763//763 
f 760//760 766//766 774//774 
f 764//764 760//760 774//774 
f 767//767 815//815 823//823 
f 775//775 767//767 823//823 
f 768//768 816//816 767//767 
f 767//767 816//816 815//815 
f 771//771 768//768 765//765 
f 771//771 817//817 768//768 
f 817//817 816//816 768//768 
f 772//772 817//817 771//771 
f 818//818 817//817 772//772 
f 773//773 818//818 772//772 
f 819//819 818//818 773//773 
f 774//774 819//819 773//773 
f 820//820 819//819 774//774 
f 766//766 820//820 774//774 
f 766//766 769//769 820//820 
f 769//769 821//821 820//820 
f 770//770 822//822 769//769 
f 769//769 822//822 821//821 
f 822//822 770//770 776//776 
f 824//824 822//822 776//776 
f 775//775 823//823 777//777 
f 823//823 825//825 777//777 
f 776//776 778//778 824//824 
f 824//824 778//778 826//826 
f 779//779 827//827 829//829 
f 781//781 779//779 829//829 
f 780//780 828//828 779//779 
f 779//779 828//828 827//827 
f 825//825 780//780 777//777 
f 828//828 780//780 825//825 
f 778//778 782//782 826//826 
f 826//826 782//782 830//830 
f 781//781 829//829 783//783 
f 829//829 831//831 783//783 
f 782//782 784//784 830//830 
f 830//830 784//784 832//832 
f 783//783 831//831 785//785 
f 831//831 833//833 785//785 
f 784//784 786//786 832//832 
f 832//832 786//786 834//834 
f 785//785 833//833 787//787 
f 833//833 835//835 787//787 
f 786//786 788//788 834//834 
f 834//834 788//788 836//836 
f 793//793 789//789 787//787 
f 793//793 787//787 837//837 
f 837//837 787//787 835//835 
f 789//789 794//794 790//790 
f 793//793 794//794 789//789 
f 790//790 794//794 791//791 
f 788//788 792//792 836//836 
f 836//836 792//792 838//838 
f 803//803 793//793 837//837 
f 839//839 803//803 837//837 
f 794//794 793//793 804//804 
f 804//804 793//793 803//803 
f 791//791 804//804 795//795 
f 794//794 804//804 791//791 
f 792//792 796//796 838//838 
f 838//838 796//796 840//840 
f 803//803 839//839 841//841 
f 804//804 803//803 841//841 
f 842//842 804//804 841//841 
f 807//807 842//842 847//847 
f 797//797 842//842 807//807 
f 797//797 804//804 842//842 
f 797//797 795//795 804//804 
f 797//797 808//808 798//798 
f 807//807 808//808 797//797 
f 798//798 808//808 805//805 
f 799//799 848//848 843//843 
f 806//806 848//848 799//799 
f 800//800 799//799 844//844 
f 799//799 843//843 844//844 
f 801//801 800//800 845//845 
f 800//800 844//844 845//845 
f 802//802 801//801 846//846 
f 801//801 845//845 846//846 
f 840//840 796//796 802//802 
f 846//846 840//840 802//802 
f 813//813 807//807 847//847 
f 849//849 813//813 847//847 
f 808//808 807//807 814//814 
f 814//814 807//807 813//813 
f 805//805 814//814 809//809 
f 808//808 814//814 805//805 
f 806//806 810//810 848//848 
f 848//848 810//810 850//850 
f 813//813 849//849 851//851 
f 814//814 813//813 851//851 
f 852//852 814//814 851//851 
f 809//809 814//814 852//852 
f 809//809 852//852 811//811 
f 811//811 852//852 853//853 
f 812//812 811//811 854//854 
f 811//811 853//853 854//854 
f 850//850 810//810 812//812 
f 854//854 850//850 812//812 
f 815//815 855//855 863//863 
f 823//823 815//815 863//863 
f 816//816 856//856 815//815 
f 815//815 856//856 855//855 
f 817//817 857//857 816//816 
f 816//816 857//857 856//856 
f 818//818 858//858 817//817 
f 817//817 858//858 857//857 
f 819//819 859//859 818//818 
f 818//818 859//859 858//858 
f 820//820 860//860 819//819 
f 819//819 860//860 859//859 
f 821//821 861//861 820//820 
f 820//820 861//861 860//860 
f 822//822 862//862 821//821 
f 821//821 862//862 861//861 
f 862//862 822//822 824//824 
f 864//864 862//862 824//824 
f 823//823 863//863 825//825 
f 863//863 869//869 825//825 
f 824//824 826//826 864//864 
f 864//864 826//826 870//870 
f 827//827 871//871 877//877 
f 829//829 827//827 877//877 
f 828//828 872//872 827//827 
f 827//827 872//872 871//871 
f 869//869 828//828 825//825 
f 872//872 828//828 869//869 
f 826//826 830//830 870//870 
f 870//870 830//830 878//878 
f 829//829 877//877 831//831 
f 877//877 879//879 831//831 
f 830//830 832//832 878//878 
f 878//878 832//832 880//880 
f 831//831 879//879 833//833 
f 879//879 881//881 833//833 
f 832//832 834//834 880//880 
f 880//880 834//834 882//882 
f 833//833 881//881 835//835 
f 881//881 883//883 835//835 
f 834//834 836//836 882//882 
f 882//882 836//836 884//884 
f 835//835 883//883 837//837 
f 883//883 885//885 837//837 
f 836//836 838//838 884//884 
f 884//884 838//838 886//886 
f 837//837 885//885 839//839 
f 885//885 889//889 839//839 
f 838//838 840//840 886//886 
f 886//886 840//840 890//890 
f 839//839 889//889 891//891 
f 841//841 839//839 891//891 
f 842//842 841//841 892//892 
f 841//841 891//891 892//892 
f 892//892 847//847 842//842 
f 899//899 847//847 892//892 
f 843//843 900//900 893//893 
f 848//848 900//900 843//843 
f 844//844 843//843 894//894 
f 843//843 893//893 894//894 
f 845//845 844//844 895//895 
f 844//844 894//894 895//895 
f 846//846 845//845 896//896 
f 845//845 895//895 896//896 
f 890//890 840//840 846//846 
f 896//896 890//890 846//846 
f 847//847 899//899 849//849 
f 899//899 903//903 849//849 
f 848//848 850//850 900//900 
f 900//900 850//850 904//904 
f 849//849 903//903 905//905 
f 851//851 849//849 905//905 
f 852//852 851//851 906//906 
f 851//851 905//905 906//906 
f 853//853 852//852 907//907 
f 852//852 906//906 907//907 
f 854//854 853//853 908//908 
f 853//853 907//907 908//908 
f 904//904 850//850 854//854 
f 908//908 904//904 854//854 
f 865//865 911//911 919//919 
f 865//865 866//866 912//912 
f 911//911 865//865 912//912 
f 866//866 863//863 855//855 
f 866//866 855//855 912//912 
f 912//912 855//855 913//913 
f 856//856 914//914 855//855 
f 855//855 914//914 913//913 
f 857//857 915//915 856//856 
f 856//856 915//915 914//914 
f 858//858 916//916 857//857 
f 857//857 916//916 915//915 
f 859//859 917//917 858//858 
f 858//858 917//917 916//916 
f 860//860 918//918 859//859 
f 859//859 918//918 917//917 
f 867//867 920//920 918//918 
f 867//867 918//918 861//861 
f 861//861 918//918 860//860 
f 861//861 862//862 868//868 
f 867//867 861//861 868//868 
f 862//862 864//864 868//868 
f 873//873 865//865 919//919 
f 921//921 873//873 919//919 
f 866//866 865//865 874//874 
f 874//874 865//865 873//873 
f 863//863 874//874 869//869 
f 866//866 874//874 863//863 
f 875//875 920//920 867//867 
f 922//922 920//920 875//875 
f 868//868 876//876 867//867 
f 876//876 875//875 867//867 
f 864//864 870//870 876//876 
f 868//868 864//864 876//876 
f 871//871 873//873 921//921 
f 871//871 921//921 877//877 
f 877//877 921//921 925//925 
f 872//872 873//873 871//871 
f 874//874 873//873 872//872 
f 869//869 874//874 872//872 
f 875//875 923//923 922//922 
f 876//876 923//923 875//875 
f 924//924 923//923 876//876 
f 924//924 876//876 870//870 
f 924//924 870//870 926//926 
f 926//926 870//870 878//878 
f 877//877 925//925 879//879 
f 925//925 929//929 879//879 
f 878//878 880//880 926//926 
f 926//926 880//880 930//930 
f 879//879 929//929 881//881 
f 929//929 933//933 881//881 
f 880//880 882//882 930//930 
f 930//930 882//882 934//934 
f 881//881 933//933 883//883 
f 933//933 939//939 883//883 
f 882//882 884//884 934//934 
f 934//934 884//884 940//940 
f 883//883 939//939 885//885 
f 939//939 947//947 885//885 
f 887//887 948//948 941//941 
f 887//887 942//942 888//888 
f 941//941 942//942 887//887 
f 888//888 942//942 940//940 
f 888//888 940//940 886//886 
f 886//886 940//940 884//884 
f 885//885 947//947 889//889 
f 947//947 949//949 889//889 
f 897//897 948//948 887//887 
f 950//950 948//948 897//897 
f 888//888 898//898 887//887 
f 898//898 897//897 887//887 
f 886//886 890//890 898//898 
f 888//888 886//886 898//898 
f 901//901 891//891 889//889 
f 901//901 889//889 953//953 
f 953//953 889//889 949//949 
f 891//891 902//902 892//892 
f 901//901 902//902 891//891 
f 892//892 902//902 899//899 
f 893//893 954//954 951//951 
f 900//900 954//954 893//893 
f 894//894 893//893 952//952 
f 893//893 951//951 952//952 
f 950//950 897//897 895//895 
f 950//950 895//895 952//952 
f 952//952 895//895 894//894 
f 896//896 895//895 897//897 
f 898//898 896//896 897//897 
f 890//890 896//896 898//898 
f 909//909 901//901 953//953 
f 955//955 909//909 953//953 
f 902//902 901//901 910//910 
f 910//910 901//901 909//909 
f 899//899 910//910 903//903 
f 902//902 910//910 899//899 
f 900//900 904//904 954//954 
f 954//954 904//904 956//956 
f 909//909 955//955 957//957 
f 910//910 909//909 957//957 
f 958//958 910//910 957//957 
f 903//903 910//910 958//958 
f 903//903 958//958 905//905 
f 905//905 958//958 959//959 
f 906//906 905//905 960//960 
f 905//905 959//959 960//960 
f 907//907 906//906 961//961 
f 906//906 960//960 961//961 
f 908//908 907//907 962//962 
f 907//907 961//961 962//962 
f 956//956 904//904 908//908 
f 962//962 956//956 908//908 
f 911//911 963//963 971//971 
f 919//919 911//911 971//971 
f 912//912 964//964 911//911 
f 911//911 964//964 963//963 
f 913//913 965//965 912//912 
f 912//912 965//965 964//964 
f 914//914 966//966 913//913 
f 913//913 966//966 965//965 
f 915//915 967//967 914//914 
f 914//914 967//967 966//966 
f 916//916 968//968 915//915 
f 915//915 968//968 967//967 
f 917//917 969//969 916//916 
f 916//916 969//969 968//968 
f 918//918 970//970 917//917 
f 917//917 970//970 969//969 
f 970//970 918//918 920//920 
f 972//972 970//970 920//920 
f 919//919 971//971 921//921 
f 971//971 975//975 921//921 
f 920//920 922//922 972//972 
f 972//972 922//922 976//976 
f 921//921 975//975 925//925 
f 975//975 979//979 925//925 
f 927//927 922//922 923//923 
f 927//927 980//980 922//922 
f 980//980 976//976 922//922 
f 923//923 924//924 928//928 
f 927//927 923//923 928//928 
f 924//924 926//926 928//928 
f 925//925 979//979 929//929 
f 979//979 983//983 929//929 
f 931//931 980//980 927//927 
f 984//984 980//980 931//931 
f 928//928 932//932 927//927 
f 932//932 931//931 927//927 
f 926//926 930//930 932//932 
f 928//928 926//926 932//932 
f 935//935 985//985 989//989 
f 935//935 936//936 986//986 
f 985//985 935//935 986//986 
f 936//936 983//983 986//986 
f 936//936 933//933 983//983 
f 933//933 929//929 983//983 
f 937//937 984//984 931//931 
f 990//990 984//984 937//937 
f 932//932 938//938 931//931 
f 938//938 937//937 931//931 
f 930//930 934//934 938//938 
f 932//932 930//930 938//938 
f 943//943 935//935 989//989 
f 991//991 943//943 989//989 
f 936//936 935//935 944//944 
f 944//944 935//935 943//943 
f 933//933 944//944 939//939 
f 936//936 944//944 933//933 
f 945//945 990//990 937//937 
f 992//992 990//990 945//945 
f 938//938 946//946 937//937 
f 946//946 945//945 937//937 
f 934//934 940//940 946//946 
f 938//938 934//934 946//946 
f 943//943 991//991 993//993 
f 944//944 943//943 993//993 
f 994//994 944//944 993//993 
f 994//994 939//939 944//944 
f 994//994 995//995 939//939 
f 995//995 947//947 939//939 
f 941//941 992//992 945//945 
f 941//941 948//948 992//992 
f 948//948 996//996 992//992 
f 942//942 941//941 945//945 
f 946//946 942//942 945//945 
f 940//940 942//942 946//946 
f 947//947 995//995 949//949 
f 995//995 999//999 949//949 
f 948//948 950//950 996//996 
f 996//996 950//950 1000//1000 
f 949//949 999//999 953//953 
f 999//999 1005//1005 953//953 
f 951//951 1006//1006 1001//1001 
f 954//954 1006//1006 951//951 
f 952//952 951//951 1002//1002 
f 951//951 1001//1001 1002//1002 
f 1000//1000 950//950 952//952 
f 1002//1002 1000//1000 952//952 
f 953//953 1005//1005 955//955 
f 1005//1005 1007//1007 955//955 
f 954//954 956//956 1006//1006 
f 1006//1006 956//956 1008//1008 
f 955//955 1007//1007 1009//1009 
f 957//957 955//955 1009//1009 
f 958//958 957//957 1010//1010 
f 957//957 1009//1009 1010//1010 
f 959//959 958//958 1011//1011 
f 958//958 1010//1010 1011//1011 
f 960//960 959//959 1012//1012 
f 959//959 1011//1011 1012//1012 
f 961//961 960//960 1013//1013 
f 960//960 1012//1012 1013//1013 
f 962//962 961//961 1014//1014 
f 961//961 1013//1013 1014//1014 
f 1008//1008 956//956 962//962 
f 1014//1014 1008//1008 962//962 
f 963//963 1015//1015 1021//1021 
f 971//971 963//963 1021//1021 
f 964//964 1016//1016 963//963 
f 963//963 1016//1016 1015//1015 
f 965//965 1017//1017 964//964 
f 964//964 1017//1017 1016//1016 
f 966//966 1018//1018 965//965 
f 965//965 1018//1018 1017//1017 
f 967//967 1019//1019 966//966 
f 966//966 1019//1019 1018//1018 
f 968//968 1020//1020 967//967 
f 967//967 1020//1020 1019//1019 
f 973//973 1022//1022 1020//1020 
f 973//973 1020//1020 969//969 
f 969//969 1020//1020 968//968 
f 969//969 970//970 974//974 
f 973//973 969//969 974//974 
f 970//970 972//972 974//974 
f 971//971 1021//1021 975//975 
f 1021//1021 1023//1023 975//975 
f 977//977 1022//1022 973//973 
f 1024//1024 1022//1022 977//977 
f 974//974 978//978 973//973 
f 978//978 977//977 973//973 
f 972//972 976//976 978//978 
f 974//974 972//972 978//978 
f 981//981 1025//1025 1029//1029 
f 981//981 982//982 1026//1026 
f 1025//1025 981//981 1026//1026 
f 982//982 1023//1023 1026//1026 
f 982//982 979//979 1023//1023 
f 979//979 975//975 1023//1023 
f 977//977 1027//1027 1024//1024 
f 978//978 1027//1027 977//977 
f 1028//1028 1027//1027 978//978 
f 1028//1028 978//978 976//976 
f 1028//1028 976//976 1030//1030 
f 1030//1030 976//976 980//980 
f 987//987 981//981 1029//1029 
f 1031//1031 987//987 1029//1029 
f 982//982 981//981 988//988 
f 988//988 981//981 987//987 
f 979//979 988//988 983//983 
f 982//982 988//988 979//979 
f 980//980 984//984 1030//1030 
f 1030//1030 984//984 1032//1032 
f 985//985 987//987 1031//1031 
f 985//985 1031//1031 989//989 
f 989//989 1031//1031 1033//1033 
f 986//986 987//987 985//985 
f 988//988 987//987 986//986 
f 983//983 988//988 986//986 
f 984//984 990//990 1032//1032 
f 1032//1032 990//990 1034//1034 
f 989//989 1033//1033 991//991 
f 1033//1033 1035//1035 991//991 
f 990//990 992//992 1034//1034 
f 1034//1034 992//992 1036//1036 
f 997//997 993//993 991//991 
f 997//997 991//991 1037//1037 
f 1037//1037 991//991 1035//1035 
f 993//993 998//998 994//994 
f 997//997 998//998 993//993 
f 994//994 998//998 995//995 
f 992//992 996//996 1036//1036 
f 1036//1036 996//996 1038//1038 
f 1003//1003 997//997 1037//1037 
f 1039//1039 1003//1003 1037//1037 
f 998//998 997//997 1004//1004 
f 1004//1004 997//997 1003//1003 
f 995//995 1004//1004 999//999 
f 998//998 1004//1004 995//995 
f 996//996 1000//1000 1038//1038 
f 1038//1038 1000//1000 1040//1040 
f 1003//1003 1039//1039 1041//1041 
f 1004//1004 1003//1003 1041//1041 
f 1042//1042 1004//1004 1041//1041 
f 1042//1042 999//999 1004//1004 
f 1042//1042 1045//1045 999//999 
f 1045//1045 1005//1005 999//999 
f 1001//1001 1046//1046 1043//1043 
f 1006//1006 1046//1046 1001//1001 
f 1002//1002 1001//1001 1044//1044 
f 1001//1001 1043//1043 1044//1044 
f 1040//1040 1000//1000 1002//1002 
f 1044//1044 1040//1040 1002//1002 
f 1005//1005 1045//1045 1007//1007 
f 1045//1045 1049//1049 1007//1007 
f 1006//1006 1008//1008 1046//1046 
f 1046//1046 1008//1008 1050//1050 
f 1007//1007 1049//1049 1051//1051 
f 1009//1009 1007//1007 1051//1051 
f 1010//1010 1009//1009 1052//1052 
f 1009//1009 1051//1051 1052//1052 
f 1011//1011 1010//1010 1053//1053 
f 1010//1010 1052//1052 1053//1053 
f 1012//1012 1011//1011 1054//1054 
f 1011//1011 1053//1053 1054//1054 
f 1013//1013 1012//1012 1055//1055 
f 1012//1012 1054//1054 1055//1055 
f 1014//1014 1013//1013 1056//1056 
f 1013//1013 1055//1055 1056//1056 
f 1050//1050 1008//1008 1014//1014 
f 1056//1056 1050//1050 1014//1014 
f 1015//1015 1063//1063 1069//1069 
f 1021//1021 1015//1015 1069//1069 
f 1016//1016 1064//1064 1015//1015 
f 1015//1015 1064//1064 1063//1063 
f 1017//1017 1065//1065 1016//1016 
f 1016//1016 1065//1065 1064//1064 
f 1018//1018 1066//1066 1017//1017 
f 1017//1017 1066//1066 1065//1065 
f 1019//1019 1067//1067 1018//1018 
f 1018//1018 1067//1067 1066//1066 
f 1020//1020 1068//1068 1019//1019 
f 1019//1019 1068//1068 1067//1067 
f 1068//1068 1020//1020 1022//1022 
f 1070//1070 1068//1068 1022//1022 
f 1021//1021 1069//1069 1023//1023 
f 1069//1069 1073//1073 1023//1023 
f 1022//1022 1024//1024 1070//1070 
f 1070//1070 1024//1024 1074//1074 
f 1025//1025 1075//1075 1081//1081 
f 1029//1029 1025//1025 1081//1081 
f 1026//1026 1076//1076 1025//1025 
f 1025//1025 1076//1076 1075//1075 
f 1073//1073 1026//1026 1023//1023 
f 1076//1076 1026//1026 1073//1073 
f 1024//1024 1077//1077 1074//1074 
f 1027//1027 1077//1077 1024//1024 
f 1028//1028 1078//1078 1027//1027 
f 1027//1027 1078//1078 1077//1077 
f 1078//1078 1028//1028 1030//1030 
f 1082//1082 1078//1078 1030//1030 
f 1029//1029 1081//1081 1031//1031 
f 1081//1081 1085//1085 1031//1031 
f 1030//1030 1032//1032 1082//1082 
f 1082//1082 1032//1032 1086//1086 
f 1031//1031 1085//1085 1033//1033 
f 1085//1085 1089//1089 1033//1033 
f 1032//1032 1034//1034 1086//1086 
f 1086//1086 1034//1034 1090//1090 
f 1033//1033 1089//1089 1035//1035 
f 1089//1089 1093//1093 1035//1035 
f 1034//1034 1036//1036 1090//1090 
f 1090//1090 1036//1036 1094//1094 
f 1035//1035 1093//1093 1037//1037 
f 1093//1093 1097//1097 1037//1037 
f 1036//1036 1038//1038 1094//1094 
f 1094//1094 1038//1038 1098//1098 
f 1037//1037 1097//1097 1039//1039 
f 1097//1097 1099//1099 1039//1039 
f 1038//1038 1040//1040 1098//1098 
f 1098//1098 1040//1040 1100//1100 
f 1047//1047 1041//1041 1039//1039 
f 1047//1047 1039//1039 1103//1103 
f 1103//1103 1039//1039 1099//1099 
f 1041//1041 1048//1048 1042//1042 
f 1047//1047 1048//1048 1041//1041 
f 1042//1042 1048//1048 1045//1045 
f 1043//1043 1104//1104 1101//1101 
f 1046//1046 1104//1104 1043//1043 
f 1044//1044 1043//1043 1102//1102 
f 1043//1043 1101//1101 1102//1102 
f 1100//1100 1040//1040 1044//1044 
f 1102//1102 1100//1100 1044//1044 
f 1057//1057 1047//1047 1103//1103 
f 1105//1105 1057//1057 1103//1103 
f 1048//1048 1047//1047 1058//1058 
f 1058//1058 1047//1047 1057//1057 
f 1045//1045 1058//1058 1049//1049 
f 1048//1048 1058//1058 1045//1045 
f 1046//1046 1050//1050 1104//1104 
f 1104//1104 1050//1050 1106//1106 
f 1057//1057 1105//1105 1107//1107 
f 1058//1058 1057//1057 1107//1107 
f 1108//1108 1058//1058 1107//1107 
f 1049//1049 1058//1058 1108//1108 
f 1049//1049 1108//1108 1051//1051 
f 1051//1051 1108//1108 1109//1109 
f 1052//1052 1051//1051 1110//1110 
f 1051//1051 1109//1109 1110//1110 
f 1059//1059 1110//1110 1113//1113 
f 1059//1059 1053//1053 1110//1110 
f 1053//1053 1052//1052 1110//1110 
f 1053//1053 1060//1060 1054//1054 
f 1059//1059 1060//1060 1053//1053 
f 1114//1114 1054//1054 1060//1060 
f 1114//1114 1111//1111 1054//1054 
f 1111//1111 1055//1055 1054//1054 
f 1056//1056 1055//1055 1112//1112 
f 1055//1055 1111//1111 1112//1112 
f 1106//1106 1050//1050 1056//1056 
f 1112//1112 1106//1106 1056//1056 
f 1061//1061 1059//1059 1113//1113 
f 1117//1117 1061//1061 1113//1113 
f 1060//1060 1059//1059 1062//1062 
f 1062//1062 1059//1059 1061//1061 
f 1118//1118 1114//1114 1060//1060 
f 1062//1062 1118//1118 1060//1060 
f 1061//1061 1117//1117 1119//1119 
f 1062//1062 1061//1061 1119//1119 
f 1120//1120 1062//1062 1119//1119 
f 1118//1118 1062//1062 1120//1120 
f 1063//1063 1123//1123 1127//1127 
f 1069//1069 1063//1063 1127//1127 
f 1064//1064 1124//1124 1063//1063 
f 1063//1063 1124//1124 1123//1123 
f 1065//1065 1125//1125 1064//1064 
f 1064//1064 1125//1125 1124//1124 
f 1066//1066 1126//1126 1065//1065 
f 1065//1065 1126//1126 1125//1125 
f 1071//1071 1128//1128 1126//1126 
f 1071//1071 1126//1126 1067//1067 
f 1067//1067 1126//1126 1066//1066 
f 1067//1067 1068//1068 1072//1072 
f 1071//1071 1067//1067 1072//1072 
f 1068//1068 1070//1070 1072//1072 
f 1069//1069 1127//1127 1073//1073 
f 1127//1127 1129//1129 1073//1073 
f 1079//1079 1128//1128 1071//1071 
f 1130//1130 1128//1128 1079//1079 
f 1072//1072 1080//1080 1071//1071 
f 1080//1080 1079//1079 1071//1071 
f 1070//1070 1074//1074 1080//1080 
f 1072//1072 1070//1070 1080//1080 
f 1075//1075 1131//1131 1135//1135 
f 1081//1081 1075//1075 1135//1135 
f 1076//1076 1132//1132 1075//1075 
f 1075//1075 1132//1132 1131//1131 
f 1129//1129 1076//1076 1073//1073 
f 1132//1132 1076//1076 1129//1129 
f 1079//1079 1133//1133 1130//1130 
f 1080//1080 1133//1133 1079//1079 
f 1134//1134 1133//1133 1080//1080 
f 1083//1083 1136//1136 1134//1134 
f 1077//1077 1083//1083 1134//1134 
f 1077//1077 1134//1134 1080//1080 
f 1077//1077 1080//1080 1074//1074 
f 1077//1077 1078//1078 1084//1084 
f 1083//1083 1077//1077 1084//1084 
f 1078//1078 1082//1082 1084//1084 
f 1081//1081 1135//1135 1085//1085 
f 1135//1135 1137//1137 1085//1085 
f 1087//1087 1136//1136 1083//1083 
f 1138//1138 1136//1136 1087//1087 
f 1084//1084 1088//1088 1083//1083 
f 1088//1088 1087//1087 1083//1083 
f 1082//1082 1086//1086 1088//1088 
f 1084//1084 1082//1082 1088//1088 
f 1085//1085 1137//1137 1089//1089 
f 1137//1137 1139//1139 1089//1089 
f 1091//1091 1138//1138 1087//1087 
f 1140//1140 1138//1138 1091//1091 
f 1088//1088 1092//1092 1087//1087 
f 1092//1092 1091//1091 1087//1087 
f 1086//1086 1090//1090 1092//1092 
f 1088//1088 1086//1086 1092//1092 
f 1089//1089 1139//1139 1093//1093 
f 1139//1139 1141//1141 1093//1093 
f 1095//1095 1140//1140 1091//1091 
f 1142//1142 1140//1140 1095//1095 
f 1092//1092 1096//1096 1091//1091 
f 1096//1096 1095//1095 1091//1091 
f 1090//1090 1094//1094 1096//1096 
f 1092//1092 1090//1090 1096//1096 
f 1093//1093 1141//1141 1097//1097 
f 1141//1141 1145//1145 1097//1097 
f 1095//1095 1143//1143 1142//1142 
f 1096//1096 1143//1143 1095//1095 
f 1144//1144 1143//1143 1096//1096 
f 1144//1144 1096//1096 1094//1094 
f 1144//1144 1094//1094 1146//1146 
f 1146//1146 1094//1094 1098//1098 
f 1097//1097 1145//1145 1099//1099 
f 1145//1145 1147//1147 1099//1099 
f 1098//1098 1100//1100 1146//1146 
f 1146//1146 1100//1100 1148//1148 
f 1099//1099 1147//1147 1103//1103 
f 1147//1147 1151//1151 1103//1103 
f 1101//1101 1152//1152 1149//1149 
f 1104//1104 1152//1152 1101//1101 
f 1102//1102 1101//1101 1150//1150 
f 1101//1101 1149//1149 1150//1150 
f 1148//1148 1100//1100 1102//1102 
f 1150//1150 1148//1148 1102//1102 
f 1103//1103 1151//1151 1105//1105 
f 1151//1151 1153//1153 1105//1105 
f 1104//1104 1106//1106 1152//1152 
f 1152//1152 1106//1106 1154//1154 
f 1105//1105 1153//1153 1155//1155 
f 1107//1107 1105//1105 1155//1155 
f 1108//1108 1107//1107 1156//1156 
f 1107//1107 1155//1155 1156//1156 
f 1115//1115 1156//1156 1159//1159 
f 1115//1115 1109//1109 1156//1156 
f 1109//1109 1108//1108 1156//1156 
f 1109//1109 1116//1116 1110//1110 
f 1115//1115 1116//1116 1109//1109 
f 1110//1110 1116//1116 1113//1113 
f 1111//1111 1160//1160 1157//1157 
f 1114//1114 1160//1160 1111//1111 
f 1112//1112 1111//1111 1158//1158 
f 1111//1111 1157//1157 1158//1158 
f 1154//1154 1106//1106 1112//1112 
f 1158//1158 1154//1154 1112//1112 
f 1121//1121 1115//1115 1159//1159 
f 1161//1161 1121//1121 1159//1159 
f 1116//1116 1115//1115 1122//1122 
f 1122//1122 1115//1115 1121//1121 
f 1113//1113 1122//1122 1117//1117 
f 1116//1116 1122//1122 1113//1113 
f 1114//1114 1118//1118 1160//1160 
f 1160//1160 1118//1118 1162//1162 
f 1121//1121 1161//1161 1163//1163 
f 1122//1122 1121//1121 1163//1163 
f 1164//1164 1122//1122 1163//1163 
f 1117//1117 1122//1122 1164//1164 
f 1117//1117 1164//1164 1119//1119 
f 1119//1119 1164//1164 1165//1165 
f 1120//1120 1119//1119 1166//1166 
f 1119//1119 1165//1165 1166//1166 
f 1162//1162 1118//1118 1120//1120 
f 1166//1166 1162//1162 1120//1120 
f 1123//1123 1167//1167 1171//1171 
f 1127//1127 1123//1123 1171//1171 
f 1124//1124 1168//1168 1123//1123 
f 1123//1123 1168//1168 1167//1167 
f 1125//1125 1169//1169 1124//1124 
f 1124//1124 1169//1169 1168//1168 
f 1126//1126 1170//1170 1125//1125 
f 1125//1125 1170//1170 1169//1169 
f 1170//1170 1126//1126 1128//1128 
f 1172//1172 1170//1170 1128//1128 
f 1127//1127 1171//1171 1129//1129 
f 1171//1171 1177//1177 1129//1129 
f 1128//1128 1130//1130 1172//1172 
f 1172//1172 1130//1130 1178//1178 
f 1131//1131 1179//1179 1187//1187 
f 1135//1135 1131//1131 1187//1187 
f 1132//1132 1180//1180 1131//1131 
f 1131//1131 1180//1180 1179//1179 
f 1177//1177 1132//1132 1129//1129 
f 1180//1180 1132//1132 1177//1177 
f 1130//1130 1181//1181 1178//1178 
f 1133//1133 1181//1181 1130//1130 
f 1134//1134 1182//1182 1133//1133 
f 1133//1133 1182//1182 1181//1181 
f 1182//1182 1134//1134 1136//1136 
f 1188//1188 1182//1182 1136//1136 
f 1135//1135 1187//1187 1137//1137 
f 1187//1187 1191//1191 1137//1137 
f 1136//1136 1138//1138 1188//1188 
f 1188//1188 1138//1138 1192//1192 
f 1137//1137 1191//1191 1139//1139 
f 1191//1191 1195//1195 1139//1139 
f 1138//1138 1140//1140 1192//1192 
f 1192//1192 1140//1140 1196//1196 
f 1139//1139 1195//1195 1141//1141 
f 1195//1195 1197//1197 1141//1141 
f 1140//1140 1142//1142 1196//1196 
f 1196//1196 1142//1142 1198//1198 
f 1141//1141 1197//1197 1145//1145 
f 1197//1197 1201//1201 1145//1145 
f 1142//1142 1199//1199 1198//1198 
f 1143//1143 1199//1199 1142//1142 
f 1144//1144 1200//1200 1143//1143 
f 1143//1143 1200//1200 1199//1199 
f 1200//1200 1144//1144 1146//1146 
f 1202//1202 1200//1200 1146//1146 
f 1145//1145 1201//1201 1147//1147 
f 1201//1201 1205//1205 1147//1147 
f 1146//1146 1148//1148 1202//1202 
f 1202//1202 1148//1148 1206//1206 
f 1147//1147 1205//1205 1151//1151 
f 1205//1205 1211//1211 1151//1151 
f 1149//1149 1212//1212 1207//1207 
f 1152//1152 1212//1212 1149//1149 
f 1150//1150 1149//1149 1208//1208 
f 1149//1149 1207//1207 1208//1208 
f 1206//1206 1148//1148 1150//1150 
f 1208//1208 1206//1206 1150//1150 
f 1151//1151 1211//1211 1153//1153 
f 1211//1211 1213//1213 1153//1153 
f 1152//1152 1154//1154 1212//1212 
f 1212//1212 1154//1154 1214//1214 
f 1153//1153 1213//1213 1215//1215 
f 1155//1155 1153//1153 1215//1215 
f 1156//1156 1155//1155 1216//1216 
f 1155//1155 1215//1215 1216//1216 
f 1216//1216 1159//1159 1156//1156 
f 1219//1219 1159//1159 1216//1216 
f 1157//1157 1220//1220 1217//1217 
f 1160//1160 1220//1220 1157//1157 
f 1158//1158 1157//1157 1218//1218 
f 1157//1157 1217//1217 1218//1218 
f 1214//1214 1154//1154 1158//1158 
f 1218//1218 1214//1214 1158//1158 
f 1159//1159 1219//1219 1161//1161 
f 1219//1219 1223//1223 1161//1161 
f 1160//1160 1162//1162 1220//1220 
f 1220//1220 1162//1162 1224//1224 
f 1161//1161 1223//1223 1225//1225 
f 1163//1163 1161//1161 1225//1225 
f 1164//1164 1163//1163 1226//1226 
f 1163//1163 1225//1225 1226//1226 
f 1165//1165 1164//1164 1227//1227 
f 1164//1164 1226//1226 1227//1227 
f 1166//1166 1165//1165 1228//1228 
f 1165//1165 1227//1227 1228//1228 
f 1224//1224 1162//1162 1166//1166 
f 1228//1228 1224//1224 1166//1166 
f 1167//1167 1173//1173 1171//1171 
f 1167//1167 1168//1168 1174//1174 
f 1173//1173 1167//1167 1174//1174 
f 1168//1168 1169//1169 1175//1175 
f 1174//1174 1168//1168 1175//1175 
f 1169//1169 1170//1170 1176//1176 
f 1175//1175 1169//1169 1176//1176 
f 1170//1170 1172//1172 1176//1176 
f 1173//1173 1183//1183 1177//1177 
f 1171//1171 1173//1173 1177//1177 
f 1174//1174 1184//1184 1173//1173 
f 1184//1184 1183//1183 1173//1173 
f 1175//1175 1185//1185 1174//1174 
f 1185//1185 1184//1184 1174//1174 
f 1176//1176 1186//1186 1175//1175 
f 1186//1186 1185//1185 1175//1175 
f 1172//1172 1178//1178 1186//1186 
f 1176//1176 1172//1172 1186//1186 
f 1179//1179 1231//1231 1237//1237 
f 1187//1187 1179//1179 1237//1237 
f 1180//1180 1232//1232 1179//1179 
f 1179//1179 1232//1232 1231//1231 
f 1183//1183 1180//1180 1177//1177 
f 1183//1183 1233//1233 1180//1180 
f 1233//1233 1232//1232 1180//1180 
f 1184//1184 1233//1233 1183//1183 
f 1234//1234 1233//1233 1184//1184 
f 1185//1185 1234//1234 1184//1184 
f 1235//1235 1234//1234 1185//1185 
f 1186//1186 1235//1235 1185//1185 
f 1236//1236 1235//1235 1186//1186 
f 1189//1189 1238//1238 1236//1236 
f 1181//1181 1189//1189 1236//1236 
f 1181//1181 1236//1236 1186//1186 
f 1181//1181 1186//1186 1178//1178 
f 1181//1181 1182//1182 1190//1190 
f 1189//1189 1181//1181 1190//1190 
f 1182//1182 1188//1188 1190//1190 
f 1187//1187 1237//1237 1191//1191 
f 1237//1237 1239//1239 1191//1191 
f 1193//1193 1238//1238 1189//1189 
f 1240//1240 1238//1238 1193//1193 
f 1190//1190 1194//1194 1189//1189 
f 1194//1194 1193//1193 1189//1189 
f 1188//1188 1192//1192 1194//1194 
f 1190//1190 1188//1188 1194//1194 
f 1191//1191 1239//1239 1195//1195 
f 1239//1239 1243//1243 1195//1195 
f 1193//1193 1241//1241 1240//1240 
f 1194//1194 1241//1241 1193//1193 
f 1242//1242 1241//1241 1194//1194 
f 1242//1242 1194//1194 1192//1192 
f 1242//1242 1192//1192 1244//1244 
f 1244//1244 1192//1192 1196//1196 
f 1195//1195 1243//1243 1197//1197 
f 1243//1243 1245//1245 1197//1197 
f 1196//1196 1198//1198 1244//1244 
f 1244//1244 1198//1198 1246//1246 
f 1197//1197 1245//1245 1201//1201 
f 1245//1245 1247//1247 1201//1201 
f 1203//1203 1198//1198 1199//1199 
f 1203//1203 1248//1248 1198//1198 
f 1248//1248 1246//1246 1198//1198 
f 1199//1199 1200//1200 1204//1204 
f 1203//1203 1199//1199 1204//1204 
f 1200//1200 1202//1202 1204//1204 
f 1201//1201 1247//1247 1205//1205 
f 1247//1247 1251//1251 1205//1205 
f 1209//1209 1248//1248 1203//1203 
f 1252//1252 1248//1248 1209//1209 
f 1204//1204 1210//1210 1203//1203 
f 1210//1210 1209//1209 1203//1203 
f 1202//1202 1206//1206 1210//1210 
f 1204//1204 1202//1202 1210//1210 
f 1205//1205 1251//1251 1211//1211 
f 1251//1251 1255//1255 1211//1211 
f 1207//1207 1252//1252 1209//1209 
f 1207//1207 1212//1212 1252//1252 
f 1212//1212 1256//1256 1252//1252 
f 1208//1208 1207//1207 1209//1209 
f 1210//1210 1208//1208 1209//1209 
f 1206//1206 1208//1208 1210//1210 
f 1211//1211 1255//1255 1213//1213 
f 1255//1255 1259//1259 1213//1213 
f 1212//1212 1214//1214 1256//1256 
f 1256//1256 1214//1214 1260//1260 
f 1221//1221 1215//1215 1213//1213 
f 1221//1221 1213//1213 1265//1265 
f 1265//1265 1213//1213 1259//1259 
f 1215//1215 1222//1222 1216//1216 
f 1221//1221 1222//1222 1215//1215 
f 1216//1216 1222//1222 1219//1219 
f 1217//1217 1266//1266 1261//1261 
f 1220//1220 1266//1266 1217//1217 
f 1218//1218 1217//1217 1262//1262 
f 1217//1217 1261//1261 1262//1262 
f 1260//1260 1214//1214 1218//1218 
f 1262//1262 1260//1260 1218//1218 
f 1229//1229 1221//1221 1265//1265 
f 1269//1269 1229//1229 1265//1265 
f 1222//1222 1221//1221 1230//1230 
f 1230//1230 1221//1221 1229//1229 
f 1219//1219 1230//1230 1223//1223 
f 1222//1222 1230//1230 1219//1219 
f 1220//1220 1224//1224 1266//1266 
f 1266//1266 1224//1224 1270//1270 
f 1229//1229 1269//1269 1271//1271 
f 1230//1230 1229//1229 1271//1271 
f 1272//1272 1230//1230 1271//1271 
f 1223//1223 1230//1230 1272//1272 
f 1223//1223 1272//1272 1225//1225 
f 1225//1225 1272//1272 1273//1273 
f 1226//1226 1225//1225 1274//1274 
f 1225//1225 1273//1273 1274//1274 
f 1227//1227 1226//1226 1275//1275 
f 1226//1226 1274//1274 1275//1275 
f 1228//1228 1227//1227 1276//1276 
f 1227//1227 1275//1275 1276//1276 
f 1270//1270 1224//1224 1228//1228 
f 1276//1276 1270//1270 1228//1228 
f 1231//1231 1281//1281 1287//1287 
f 1237//1237 1231//1231 1287//1287 
f 1232//1232 1282//1282 1231//1231 
f 1231//1231 1282//1282 1281//1281 
f 1233//1233 1283//1283 1232//1232 
f 1232//1232 1283//1283 1282//1282 
f 1234//1234 1284//1284 1233//1233 
f 1233//1233 1284//1284 1283//1283 
f 1235//1235 1285//1285 1234//1234 
f 1234//1234 1285//1285 1284//1284 
f 1236//1236 1286//1286 1235//1235 
f 1235//1235 1286//1286 1285//1285 
f 1286//1286 1236//1236 1238//1238 
f 1288//1288 1286//1286 1238//1238 
f 1237//1237 1287//1287 1239//1239 
f 1287//1287 1293//1293 1239//1239 
f 1238//1238 1240//1240 1288//1288 
f 1288//1288 1240//1240 1294//1294 
f 1239//1239 1293//1293 1243//1243 
f 1293//1293 1301//1301 1243//1243 
f 1240//1240 1295//1295 1294//1294 
f 1241//1241 1295//1295 1240//1240 
f 1242//1242 1296//1296 1241//1241 
f 1241//1241 1296//1296 1295//1295 
f 1296//1296 1242//1242 1244//1244 
f 1302//1302 1296//1296 1244//1244 
f 1243//1243 1301//1301 1245//1245 
f 1301//1301 1305//1305 1245//1245 
f 1244//1244 1246//1246 1302//1302 
f 1302//1302 1246//1246 1306//1306 
f 1249//1249 1307//1307 1311//1311 
f 1249//1249 1250//1250 1308//1308 
f 1307//1307 1249//1249 1308//1308 
f 1250//1250 1305//1305 1308//1308 
f 1250//1250 1247//1247 1305//1305 
f 1247//1247 1245//1245 1305//1305 
f 1246//1246 1248//1248 1306//1306 
f 1306//1306 1248//1248 1312//1312 
f 1253//1253 1249//1249 1311//1311 
f 1313//1313 1253//1253 1311//1311 
f 1250//1250 1249//1249 1254//1254 
f 1254//1254 1249//1249 1253//1253 
f 1247//1247 1254//1254 1251//1251 
f 1250//1250 1254//1254 1247//1247 
f 1248//1248 1252//1252 1312//1312 
f 1312//1312 1252//1252 1314//1314 
f 1257//1257 1253//1253 1313//1313 
f 1315//1315 1257//1257 1313//1313 
f 1254//1254 1253//1253 1258//1258 
f 1258//1258 1253//1253 1257//1257 
f 1251//1251 1258//1258 1255//1255 
f 1254//1254 1258//1258 1251//1251 
f 1252//1252 1256//1256 1314//1314 
f 1314//1314 1256//1256 1316//1316 
f 1263//1263 1257//1257 1315//1315 
f 1317//1317 1263//1263 1315//1315 
f 1258//1258 1257//1257 1264//1264 
f 1264//1264 1257//1257 1263//1263 
f 1255//1255 1264//1264 1259//1259 
f 1258//1258 1264//1264 1255//1255 
f 1256//1256 1260//1260 1316//1316 
f 1316//1316 1260//1260 1318//1318 
f 1263//1263 1317//1317 1319//1319 
f 1264//1264 1263//1263 1319//1319 
f 1320//1320 1264//1264 1319//1319 
f 1320//1320 1259//1259 1264//1264 
f 1320//1320 1321//1321 1259//1259 
f 1321//1321 1265//1265 1259//1259 
f 1261//1261 1266//1266 1267//1267 
f 1261//1261 1268//1268 1262//1262 
f 1267//1267 1268//1268 1261//1261 
f 1262//1262 1268//1268 1322//1322 
f 1262//1262 1322//1322 1260//1260 
f 1260//1260 1322//1322 1318//1318 
f 1265//1265 1321//1321 1269//1269 
f 1321//1321 1325//1325 1269//1269 
f 1267//1267 1270//1270 1277//1277 
f 1266//1266 1270//1270 1267//1267 
f 1268//1268 1267//1267 1278//1278 
f 1278//1278 1267//1267 1277//1277 
f 1326//1326 1322//1322 1268//1268 
f 1278//1278 1326//1326 1268//1268 
f 1269//1269 1325//1325 1327//1327 
f 1271//1271 1269//1269 1327//1327 
f 1272//1272 1271//1271 1328//1328 
f 1271//1271 1327//1327 1328//1328 
f 1279//1279 1328//1328 1335//1335 
f 1279//1279 1273//1273 1328//1328 
f 1273//1273 1272//1272 1328//1328 
f 1273//1273 1280//1280 1274//1274 
f 1279//1279 1280//1280 1273//1273 
f 1336//1336 1274//1274 1280//1280 
f 1336//1336 1329//1329 1274//1274 
f 1329//1329 1275//1275 1274//1274 
f 1276//1276 1275//1275 1330//1330 
f 1275//1275 1329//1329 1330//1330 
f 1277//1277 1270//1270 1276//1276 
f 1277//1277 1276//1276 1331//1331 
f 1331//1331 1276//1276 1330//1330 
f 1278//1278 1277//1277 1331//1331 
f 1332//1332 1278//1278 1331//1331 
f 1326//1326 1278//1278 1332//1332 
f 1279//1279 1335//1335 1337//1337 
f 1280//1280 1279//1279 1337//1337 
f 1338//1338 1280//1280 1337//1337 
f 1336//1336 1280//1280 1338//1338 
f 1281//1281 1289//1289 1287//1287 
f 1281//1281 1282//1282 1290//1290 
f 1289//1289 1281//1281 1290//1290 
f 1345//1345 1290//1290 1282//1282 
f 1345//1345 1282//1282 1343//1343 
f 1343//1343 1282//1282 1283//1283 
f 1284//1284 1344//1344 1283//1283 
f 1283//1283 1344//1344 1343//1343 
f 1291//1291 1346//1346 1344//1344 
f 1291//1291 1344//1344 1285//1285 
f 1285//1285 1344//1344 1284//1284 
f 1285//1285 1286//1286 1292//1292 
f 1291//1291 1285//1285 1292//1292 
f 1286//1286 1288//1288 1292//1292 
f 1289//1289 1297//1297 1293//1293 
f 1287//1287 1289//1289 1293//1293 
f 1290//1290 1298//1298 1289//1289 
f 1298//1298 1297//1297 1289//1289 
f 1349//1349 1290//1290 1345//1345 
f 1298//1298 1290//1290 1349//1349 
f 1299//1299 1346//1346 1291//1291 
f 1350//1350 1346//1346 1299//1299 
f 1292//1292 1300//1300 1291//1291 
f 1300//1300 1299//1299 1291//1291 
f 1288//1288 1294//1294 1300//1300 
f 1292//1292 1288//1288 1300//1300 
f 1297//1297 1351//1351 1357//1357 
f 1297//1297 1357//1357 1293//1293 
f 1293//1293 1357//1357 1301//1301 
f 1298//1298 1351//1351 1297//1297 
f 1352//1352 1351//1351 1298//1298 
f 1349//1349 1352//1352 1298//1298 
f 1299//1299 1353//1353 1350//1350 
f 1300//1300 1353//1353 1299//1299 
f 1354//1354 1353//1353 1300//1300 
f 1303//1303 1358//1358 1354//1354 
f 1295//1295 1303//1303 1354//1354 
f 1295//1295 1354//1354 1300//1300 
f 1295//1295 1300//1300 1294//1294 
f 1295//1295 1296//1296 1304//1304 
f 1303//1303 1295//1295 1304//1304 
f 1296//1296 1302//1302 1304//1304 
f 1301//1301 1357//1357 1305//1305 
f 1357//1357 1359//1359 1305//1305 
f 1309//1309 1358//1358 1303//1303 
f 1360//1360 1358//1358 1309//1309 
f 1304//1304 1310//1310 1303//1303 
f 1310//1310 1309//1309 1303//1303 
f 1302//1302 1306//1306 1310//1310 
f 1304//1304 1302//1302 1310//1310 
f 1307//1307 1361//1361 1365//1365 
f 1311//1311 1307//1307 1365//1365 
f 1308//1308 1362//1362 1307//1307 
f 1307//1307 1362//1362 1361//1361 
f 1359//1359 1308//1308 1305//1305 
f 1362//1362 1308//1308 1359//1359 
f 1309//1309 1363//1363 1360//1360 
f 1310//1310 1363//1363 1309//1309 
f 1364//1364 1363//1363 1310//1310 
f 1364//1364 1310//1310 1306//1306 
f 1364//1364 1306//1306 1366//1366 
f 1366//1366 1306//1306 1312//1312 
f 1311//1311 1365//1365 1313//1313 
f 1365//1365 1367//1367 1313//1313 
f 1312//1312 1314//1314 1366//1366 
f 1366//1366 1314//1314 1368//1368 
f 1313//1313 1367//1367 1315//1315 
f 1367//1367 1369//1369 1315//1315 
f 1314//1314 1316//1316 1368//1368 
f 1368//1368 1316//1316 1370//1370 
f 1315//1315 1369//1369 1317//1317 
f 1369//1369 1371//1371 1317//1317 
f 1316//1316 1318//1318 1370//1370 
f 1370//1370 1318//1318 1372//1372 
f 1323//1323 1319//1319 1317//1317 
f 1323//1323 1317//1317 1373//1373 
f 1373//1373 1317//1317 1371//1371 
f 1319//1319 1324//1324 1320//1320 
f 1323//1323 1324//1324 1319//1319 
f 1320//1320 1324//1324 1321//1321 
f 1318//1318 1322//1322 1372//1372 
f 1372//1372 1322//1322 1374//1374 
f 1333//1333 1323//1323 1373//1373 
f 1375//1375 1333//1333 1373//1373 
f 1324//1324 1323//1323 1334//1334 
f 1334//1334 1323//1323 1333//1333 
f 1321//1321 1334//1334 1325//1325 
f 1324//1324 1334//1334 1321//1321 
f 1322//1322 1326//1326 1374//1374 
f 1374//1374 1326//1326 1376//1376 
f 1333//1333 1375//1375 1377//1377 
f 1334//1334 1333//1333 1377//1377 
f 1378//1378 1334//1334 1377//1377 
f 1339//1339 1378//1378 1381//1381 
f 1327//1327 1378//1378 1339//1339 
f 1327//1327 1334//1334 1378//1378 
f 1327//1327 1325//1325 1334//1334 
f 1327//1327 1340//1340 1328//1328 
f 1339//1339 1340//1340 1327//1327 
f 1328//1328 1340//1340 1335//1335 
f 1329//1329 1336//1336 1341//1341 
f 1329//1329 1342//1342 1330//1330 
f 1341//1341 1342//1342 1329//1329 
f 1382//1382 1330//1330 1342//1342 
f 1382//1382 1379//1379 1330//1330 
f 1379//1379 1331//1331 1330//1330 
f 1332//1332 1331//1331 1380//1380 
f 1331//1331 1379//1379 1380//1380 
f 1376//1376 1326//1326 1332//1332 
f 1380//1380 1376//1376 1332//1332 
f 1339//1339 1381//1381 1383//1383 
f 1340//1340 1339//1339 1383//1383 
f 1384//1384 1340//1340 1383//1383 
f 1335//1335 1340//1340 1384//1384 
f 1335//1335 1384//1384 1337//1337 
f 1337//1337 1384//1384 1385//1385 
f 1338//1338 1337//1337 1386//1386 
f 1337//1337 1385//1385 1386//1386 
f 1341//1341 1336//1336 1338//1338 
f 1341//1341 1338//1338 1387//1387 
f 1387//1387 1338//1338 1386//1386 
f 1342//1342 1341//1341 1387//1387 
f 1388//1388 1342//1342 1387//1387 
f 1382//1382 1342//1342 1388//1388 
f 1343//1343 1347//1347 1345//1345 
f 1343//1343 1344//1344 1348//1348 
f 1347//1347 1343//1343 1348//1348 
f 1344//1344 1346//1346 1348//1348 
f 1347//1347 1355//1355 1349//1349 
f 1345//1345 1347//1347 1349//1349 
f 1348//1348 1356//1356 1347//1347 
f 1356//1356 1355//1355 1347//1347 
f 1346//1346 1350//1350 1356//1356 
f 1348//1348 1346//1346 1356//1356 
f 1351//1351 1389//1389 1395//1395 
f 1357//1357 1351//1351 1395//1395 
f 1352//1352 1390//1390 1351//1351 
f 1351//1351 1390//1390 1389//1389 
f 1355//1355 1352//1352 1349//1349 
f 1355//1355 1391//1391 1352//1352 
f 1391//1391 1390//1390 1352//1352 
f 1356//1356 1391//1391 1355//1355 
f 1392//1392 1391//1391 1356//1356 
f 1350//1350 1392//1392 1356//1356 
f 1350//1350 1353//1353 1392//1392 
f 1353//1353 1393//1393 1392//1392 
f 1354//1354 1394//1394 1353//1353 
f 1353//1353 1394//1394 1393//1393 
f 1394//1394 1354//1354 1358//1358 
f 1396//1396 1394//1394 1358//1358 
f 1357//1357 1395//1395 1359//1359 
f 1395//1395 1399//1399 1359//1359 
f 1358//1358 1360//1360 1396//1396 
f 1396//1396 1360//1360 1400//1400 
f 1361//1361 1401//1401 1407//1407 
f 1365//1365 1361//1361 1407//1407 
f 1362//1362 1402//1402 1361//1361 
f 1361//1361 1402//1402 1401//1401 
f 1399//1399 1362//1362 1359//1359 
f 1402//1402 1362//1362 1399//1399 
f 1360//1360 1403//1403 1400//1400 
f 1363//1363 1403//1403 1360//1360 
f 1364//1364 1404//1404 1363//1363 
f 1363//1363 1404//1404 1403//1403 
f 1404//1404 1364//1364 1366//1366 
f 1408//1408 1404//1404 1366//1366 
f 1365//1365 1407//1407 1367//1367 
f 1407//1407 1411//1411 1367//1367 
f 1366//1366 1368//1368 1408//1408 
f 1408//1408 1368//1368 1412//1412 
f 1367//1367 1411//1411 1369//1369 
f 1411//1411 1415//1415 1369//1369 
f 1368//1368 1370//1370 1412//1412 
f 1412//1412 1370//1370 1416//1416 
f 1369//1369 1415//1415 1371//1371 
f 1415//1415 1417//1417 1371//1371 
f 1370//1370 1372//1372 1416//1416 
f 1416//1416 1372//1372 1418//1418 
f 1371//1371 1417//1417 1373//1373 
f 1417//1417 1419//1419 1373//1373 
f 1372//1372 1374//1374 1418//1418 
f 1418//1418 1374//1374 1420//1420 
f 1373//1373 1419//1419 1375//1375 
f 1419//1419 1421//1421 1375//1375 
f 1374//1374 1376//1376 1420//1420 
f 1420//1420 1376//1376 1422//1422 
f 1375//1375 1421//1421 1423//1423 
f 1377//1377 1375//1375 1423//1423 
f 1378//1378 1377//1377 1424//1424 
f 1377//1377 1423//1423 1424//1424 
f 1424//1424 1381//1381 1378//1378 
f 1427//1427 1381//1381 1424//1424 
f 1379//1379 1428//1428 1425//1425 
f 1382//1382 1428//1428 1379//1379 
f 1380//1380 1379//1379 1426//1426 
f 1379//1379 1425//1425 1426//1426 
f 1422//1422 1376//1376 1380//1380 
f 1426//1426 1422//1422 1380//1380 
f 1381//1381 1427//1427 1429//1429 
f 1383//1383 1381//1381 1429//1429 
f 1384//1384 1383//1383 1430//1430 
f 1383//1383 1429//1429 1430//1430 
f 1385//1385 1384//1384 1431//1431 
f 1384//1384 1430//1430 1431//1431 
f 1386//1386 1385//1385 1432//1432 
f 1385//1385 1431//1431 1432//1432 
f 1387//1387 1386//1386 1433//1433 
f 1386//1386 1432//1432 1433//1433 
f 1388//1388 1387//1387 1434//1434 
f 1387//1387 1433//1433 1434//1434 
f 1428//1428 1382//1382 1388//1388 
f 1434//1434 1428//1428 1388//1388 
f 1389//1389 1441//1441 1445//1445 
f 1395//1395 1389//1389 1445//1445 
f 1390//1390 1442//1442 1389//1389 
f 1389//1389 1442//1442 1441//1441 
f 1391//1391 1443//1443 1390//1390 
f 1390//1390 1443//1443 1442//1442 
f 1392//1392 1444//1444 1391//1391 
f 1391//1391 1444//1444 1443//1443 
f 1397//1397 1446//1446 1444//1444 
f 1397//1397 1444//1444 1393//1393 
f 1393//1393 1444//1444 1392//1392 
f 1393//1393 1394//1394 1398//1398 
f 1397//1397 1393//1393 1398//1398 
f 1394//1394 1396//1396 1398//1398 
f 1395//1395 1445//1445 1399//1399 
f 1445//1445 1447//1447 1399//1399 
f 1405//1405 1446//1446 1397//1397 
f 1448//1448 1446//1446 1405//1405 
f 1398//1398 1406//1406 1397//1397 
f 1406//1406 1405//1405 1397//1397 
f 1396//1396 1400//1400 1406//1406 
f 1398//1398 1396//1396 1406//1406 
f 1401//1401 1449//1449 1453//1453 
f 1407//1407 1401//1401 1453//1453 
f 1402//1402 1450//1450 1401//1401 
f 1401//1401 1450//1450 1449//1449 
f 1447//1447 1402//1402 1399//1399 
f 1450//1450 1402//1402 1447//1447 
f 1405//1405 1451//1451 1448//1448 
f 1406//1406 1451//1451 1405//1405 
f 1452//1452 1451//1451 1406//1406 
f 1409//1409 1454//1454 1452//1452 
f 1403//1403 1409//1409 1452//1452 
f 1403//1403 1452//1452 1406//1406 
f 1403//1403 1406//1406 1400//1400 
f 1403//1403 1404//1404 1410//1410 
f 1409//1409 1403//1403 1410//1410 
f 1404//1404 1408//1408 1410//1410 
f 1407//1407 1453//1453 1411//1411 
f 1453//1453 1455//1455 1411//1411 
f 1413//1413 1454//1454 1409//1409 
f 1456//1456 1454//1454 1413//1413 
f 1410//1410 1414//1414 1409//1409 
f 1414//1414 1413//1413 1409//1409 
f 1408//1408 1412//1412 1414//1414 
f 1410//1410 1408//1408 1414//1414 
f 1411//1411 1455//1455 1415//1415 
f 1455//1455 1459//1459 1415//1415 
f 1413//1413 1457//1457 1456//1456 
f 1414//1414 1457//1457 1413//1413 
f 1458//1458 1457//1457 1414//1414 
f 1458//1458 1414//1414 1412//1412 
f 1458//1458 1412//1412 1460//1460 
f 1460//1460 1412//1412 1416//1416 
f 1415//1415 1459//1459 1417//1417 
f 1459//1459 1461//1461 1417//1417 
f 1416//1416 1418//1418 1460//1460 
f 1460//1460 1418//1418 1462//1462 
f 1417//1417 1461//1461 1419//1419 
f 1461//1461 1463//1463 1419//1419 
f 1418//1418 1420//1420 1462//1462 
f 1462//1462 1420//1420 1464//1464 
f 1419//1419 1463//1463 1421//1421 
f 1463//1463 1465//1465 1421//1421 
f 1420//1420 1422//1422 1464//1464 
f 1464//1464 1422//1422 1466//1466 
f 1435//1435 1423//1423 1421//1421 
f 1435//1435 1421//1421 1469//1469 
f 1469//1469 1421//1421 1465//1465 
f 1423//1423 1436//1436 1424//1424 
f 1435//1435 1436//1436 1423//1423 
f 1424//1424 1436//1436 1427//1427 
f 1425//1425 1470//1470 1467//1467 
f 1428//1428 1470//1470 1425//1425 
f 1426//1426 1425//1425 1468//1468 
f 1425//1425 1467//1467 1468//1468 
f 1466//1466 1422//1422 1426//1426 
f 1468//1468 1466//1466 1426//1426 
f 1435//1435 1469//1469 1471//1471 
f 1436//1436 1435//1435 1471//1471 
f 1472//1472 1436//1436 1471//1471 
f 1427//1427 1436//1436 1472//1472 
f 1427//1427 1472//1472 1429//1429 
f 1429//1429 1472//1472 1473//1473 
f 1430//1430 1429//1429 1474//1474 
f 1429//1429 1473//1473 1474//1474 
f 1437//1437 1474//1474 1477//1477 
f 1437//1437 1431//1431 1474//1474 
f 1431//1431 1430//1430 1474//1474 
f 1431//1431 1438//1438 1432//1432 
f 1437//1437 1438//1438 1431//1431 
f 1478//1478 1432//1432 1438//1438 
f 1478//1478 1475//1475 1432//1432 
f 1475//1475 1433//1433 1432//1432 
f 1434//1434 1433//1433 1476//1476 
f 1433//1433 1475//1475 1476//1476 
f 1470//1470 1428//1428 1434//1434 
f 1476//1476 1470//1470 1434//1434 
f 1439//1439 1437//1437 1477//1477 
f 1479//1479 1439//1439 1477//1477 
f 1438//1438 1437//1437 1440//1440 
f 1440//1440 1437//1437 1439//1439 
f 1480//1480 1478//1478 1438//1438 
f 1440//1440 1480//1480 1438//1438 
f 1439//1439 1479//1479 1481//1481 
f 1440//1440 1439//1439 1481//1481 
f 1482//1482 1440//1440 1481//1481 
f 1480//1480 1440//1440 1482//1482 
f 1441//1441 1483//1483 1487//1487 
f 1445//1445 1441//1441 1487//1487 
f 1442//1442 1484//1484 1441//1441 
f 1441//1441 1484//1484 1483//1483 
f 1443//1443 1485//1485 1442//1442 
f 1442//1442 1485//1485 1484//1484 
f 1444//1444 1486//1486 1443//1443 
f 1443//1443 1486//1486 1485//1485 
f 1486//1486 1444//1444 1446//1446 
f 1488//1488 1486//1486 1446//1446 
f 1445//1445 1487//1487 1447//1447 
f 1487//1487 1493//1493 1447//1447 
f 1446//1446 1448//1448 1488//1488 
f 1488//1488 1448//1448 1494//1494 
f 1449//1449 1495//1495 1503//1503 
f 1453//1453 1449//1449 1503//1503 
f 1450//1450 1496//1496 1449//1449 
f 1449//1449 1496//1496 1495//1495 
f 1493//1493 1450//1450 1447//1447 
f 1496//1496 1450//1450 1493//1493 
f 1448//1448 1497//1497 1494//1494 
f 1451//1451 1497//1497 1448//1448 
f 1452//1452 1498//1498 1451//1451 
f 1451//1451 1498//1498 1497//1497 
f 1498//1498 1452//1452 1454//1454 
f 1504//1504 1498//1498 1454//1454 
f 1453//1453 1503//1503 1455//1455 
f 1503//1503 1505//1505 1455//1455 
f 1454//1454 1456//1456 1504//1504 
f 1504//1504 1456//1456 1506//1506 
f 1455//1455 1505//1505 1459//1459 
f 1505//1505 1509//1509 1459//1459 
f 1456//1456 1507//1507 1506//1506 
f 1457//1457 1507//1507 1456//1456 
f 1458//1458 1508//1508 1457//1457 
f 1457//1457 1508//1508 1507//1507 
f 1508//1508 1458//1458 1460//1460 
f 1510//1510 1508//1508 1460//1460 
f 1459//1459 1509//1509 1461//1461 
f 1509//1509 1513//1513 1461//1461 
f 1460//1460 1462//1462 1510//1510 
f 1510//1510 1462//1462 1514//1514 
f 1461//1461 1513//1513 1463//1463 
f 1513//1513 1517//1517 1463//1463 
f 1462//1462 1464//1464 1514//1514 
f 1514//1514 1464//1464 1518//1518 
f 1463//1463 1517//1517 1465//1465 
f 1517//1517 1519//1519 1465//1465 
f 1464//1464 1466//1466 1518//1518 
f 1518//1518 1466//1466 1520//1520 
f 1465//1465 1519//1519 1469//1469 
f 1519//1519 1523//1523 1469//1469 
f 1467//1467 1524//1524 1521//1521 
f 1470//1470 1524//1524 1467//1467 
f 1468//1468 1467//1467 1522//1522 
f 1467//1467 1521//1521 1522//1522 
f 1520//1520 1466//1466 1468//1468 
f 1522//1522 1520//1520 1468//1468 
f 1469//1469 1523//1523 1525//1525 
f 1471//1471 1469//1469 1525//1525 
f 1472//1472 1471//1471 1526//1526 
f 1471//1471 1525//1525 1526//1526 
f 1473//1473 1472//1472 1527//1527 
f 1472//1472 1526//1526 1527//1527 
f 1474//1474 1473//1473 1528//1528 
f 1473//1473 1527//1527 1528//1528 
f 1528//1528 1477//1477 1474//1474 
f 1531//1531 1477//1477 1528//1528 
f 1475//1475 1532//1532 1529//1529 
f 1478//1478 1532//1532 1475//1475 
f 1476//1476 1475//1475 1530//1530 
f 1475//1475 1529//1529 1530//1530 
f 1524//1524 1470//1470 1476//1476 
f 1530//1530 1524//1524 1476//1476 
f 1477//1477 1531//1531 1479//1479 
f 1531//1531 1535//1535 1479//1479 
f 1478//1478 1480//1480 1532//1532 
f 1532//1532 1480//1480 1536//1536 
f 1479//1479 1535//1535 1537//1537 
f 1481//1481 1479//1479 1537//1537 
f 1482//1482 1481//1481 1538//1538 
f 1481//1481 1537//1537 1538//1538 
f 1536//1536 1480//1480 1482//1482 
f 1538//1538 1536//1536 1482//1482 
f 1483//1483 1489//1489 1487//1487 
f 1483//1483 1484//1484 1490//1490 
f 1489//1489 1483//1483 1490//1490 
f 1484//1484 1485//1485 1491//1491 
f 1490//1490 1484//1484 1491//1491 
f 1485//1485 1486//1486 1492//1492 
f 1491//1491 1485//1485 1492//1492 
f 1486//1486 1488//1488 1492//1492 
f 1489//1489 1499//1499 1493//1493 
f 1487//1487 1489//1489 1493//1493 
f 1490//1490 1500//1500 1489//1489 
f 1500//1500 1499//1499 1489//1489 
f 1491//1491 1501//1501 1490//1490 
f 1501//1501 1500//1500 1490//1490 
f 1492//1492 1502//1502 1491//1491 
f 1502//1502 1501//1501 1491//1491 
f 1488//1488 1494//1494 1502//1502 
f 1492//1492 1488//1488 1502//1502 
f 1495//1495 1541//1541 1549//1549 
f 1503//1503 1495//1495 1549//1549 
f 1496//1496 1542//1542 1495//1495 
f 1495//1495 1542//1542 1541//1541 
f 1499//1499 1496//1496 1493//1493 
f 1499//1499 1543//1543 1496//1496 
f 1543//1543 1542//1542 1496//1496 
f 1500//1500 1543//1543 1499//1499 
f 1544//1544 1543//1543 1500//1500 
f 1501//1501 1544//1544 1500//1500 
f 1545//1545 1544//1544 1501//1501 
f 1502//1502 1545//1545 1501//1501 
f 1546//1546 1545//1545 1502//1502 
f 1494//1494 1546//1546 1502//1502 
f 1494//1494 1497//1497 1546//1546 
f 1497//1497 1547//1547 1546//1546 
f 1498//1498 1548//1548 1497//1497 
f 1497//1497 1548//1548 1547//1547 
f 1548//1548 1498//1498 1504//1504 
f 1550//1550 1548//1548 1504//1504 
f 1503//1503 1549//1549 1505//1505 
f 1549//1549 1553//1553 1505//1505 
f 1504//1504 1506//1506 1550//1550 
f 1550//1550 1506//1506 1554//1554 
f 1505//1505 1553//1553 1509//1509 
f 1553//1553 1557//1557 1509//1509 
f 1511//1511 1506//1506 1507//1507 
f 1511//1511 1558//1558 1506//1506 
f 1558//1558 1554//1554 1506//1506 
f 1507//1507 1508//1508 1512//1512 
f 1511//1511 1507//1507 1512//1512 
f 1508//1508 1510//1510 1512//1512 
f 1509//1509 1557//1557 1513//1513 
f 1557//1557 1559//1559 1513//1513 
f 1515//1515 1558//1558 1511//1511 
f 1560//1560 1558//1558 1515//1515 
f 1512//1512 1516//1516 1511//1511 
f 1516//1516 1515//1515 1511//1511 
f 1510//1510 1514//1514 1516//1516 
f 1512//1512 1510//1510 1516//1516 
f 1513//1513 1559//1559 1517//1517 
f 1559//1559 1563//1563 1517//1517 
f 1515//1515 1561//1561 1560//1560 
f 1516//1516 1561//1561 1515//1515 
f 1562//1562 1561//1561 1516//1516 
f 1562//1562 1516//1516 1514//1514 
f 1562//1562 1514//1514 1564//1564 
f 1564//1564 1514//1514 1518//1518 
f 1517//1517 1563//1563 1519//1519 
f 1563//1563 1567//1567 1519//1519 
f 1518//1518 1520//1520 1564//1564 
f 1564//1564 1520//1520 1568//1568 
f 1519//1519 1567//1567 1523//1523 
f 1567//1567 1573//1573 1523//1523 
f 1521//1521 1574//1574 1569//1569 
f 1524//1524 1574//1574 1521//1521 
f 1522//1522 1521//1521 1570//1570 
f 1521//1521 1569//1569 1570//1570 
f 1568//1568 1520//1520 1522//1522 
f 1570//1570 1568//1568 1522//1522 
f 1523//1523 1573//1573 1575//1575 
f 1525//1525 1523//1523 1575//1575 
f 1526//1526 1525//1525 1576//1576 
f 1525//1525 1575//1575 1576//1576 
f 1533//1533 1576//1576 1579//1579 
f 1533//1533 1527//1527 1576//1576 
f 1527//1527 1526//1526 1576//1576 
f 1527//1527 1534//1534 1528//1528 
f 1533//1533 1534//1534 1527//1527 
f 1528//1528 1534//1534 1531//1531 
f 1529//1529 1580//1580 1577//1577 
f 1532//1532 1580//1580 1529//1529 
f 1530//1530 1529//1529 1578//1578 
f 1529//1529 1577//1577 1578//1578 
f 1574//1574 1524//1524 1530//1530 
f 1578//1578 1574//1574 1530//1530 
f 1539//1539 1533//1533 1579//1579 
f 1581//1581 1539//1539 1579//1579 
f 1534//1534 1533//1533 1540//1540 
f 1540//1540 1533//1533 1539//1539 
f 1531//1531 1540//1540 1535//1535 
f 1534//1534 1540//1540 1531//1531 
f 1532//1532 1536//1536 1580//1580 
f 1580//1580 1536//1536 1582//1582 
f 1539//1539 1581//1581 1583//1583 
f 1540//1540 1539//1539 1583//1583 
f 1584//1584 1540//1540 1583//1583 
f 1535//1535 1540//1540 1584//1584 
f 1535//1535 1584//1584 1537//1537 
f 1537//1537 1584//1584 1585//1585 
f 1538//1538 1537//1537 1586//1586 
f 1537//1537 1585//1585 1586//1586 
f 1582//1582 1536//1536 1538//1538 
f 1586//1586 1582//1582 1538//1538 
f 1541//1541 1587//1587 1593//1593 
f 1549//1549 1541//1541 1593//1593 
f 1542//1542 1588//1588 1541//1541 
f 1541//1541 1588//1588 1587//1587 
f 1543//1543 1589//1589 1542//1542 
f 1542//1542 1589//1589 1588//1588 
f 1544//1544 1590//1590 1543//1543 
f 1543//1543 1590//1590 1589//1589 
f 1545//1545 1591//1591 1544//1544 
f 1544//1544 1591//1591 1590//1590 
f 1546//1546 1592//1592 1545//1545 
f 1545//1545 1592//1592 1591//1591 
f 1551//1551 1594//1594 1592//1592 
f 1551//1551 1592//1592 1547//1547 
f 1547//1547 1592//1592 1546//1546 
f 1547//1547 1548//1548 1552//1552 
f 1551//1551 1547//1547 1552//1552 
f 1548//1548 1550//1550 1552//1552 
f 1549//1549 1593//1593 1553//1553 
f 1593//1593 1597//1597 1553//1553 
f 1555//1555 1594//1594 1551//1551 
f 1598//1598 1594//1594 1555//1555 
f 1552//1552 1556//1556 1551//1551 
f 1556//1556 1555//1555 1551//1551 
f 1550//1550 1554//1554 1556//1556 
f 1552//1552 1550//1550 1556//1556 
f 1553//1553 1597//1597 1557//1557 
f 1597//1597 1603//1603 1557//1557 
f 1555//1555 1599//1599 1598//1598 
f 1556//1556 1599//1599 1555//1555 
f 1600//1600 1599//1599 1556//1556 
f 1600//1600 1556//1556 1554//1554 
f 1600//1600 1554//1554 1604//1604 
f 1604//1604 1554//1554 1558//1558 
f 1557//1557 1603//1603 1559//1559 
f 1603//1603 1605//1605 1559//1559 
f 1558//1558 1560//1560 1604//1604 
f 1604//1604 1560//1560 1606//1606 
f 1559//1559 1605//1605 1563//1563 
f 1605//1605 1607//1607 1563//1563 
f 1565//1565 1560//1560 1561//1561 
f 1565//1565 1608//1608 1560//1560 
f 1608//1608 1606//1606 1560//1560 
f 1561//1561 1562//1562 1566//1566 
f 1565//1565 1561//1561 1566//1566 
f 1562//1562 1564//1564 1566//1566 
f 1563//1563 1607//1607 1567//1567 
f 1607//1607 1609//1609 1567//1567 
f 1571//1571 1608//1608 1565//1565 
f 1610//1610 1608//1608 1571//1571 
f 1566//1566 1572//1572 1565//1565 
f 1572//1572 1571//1571 1565//1565 
f 1564//1564 1568//1568 1572//1572 
f 1566//1566 1564//1564 1572//1572 
f 1567//1567 1609//1609 1573//1573 
f 1609//1609 1611//1611 1573//1573 
f 1569//1569 1610//1610 1571//1571 
f 1569//1569 1574//1574 1610//1610 
f 1574//1574 1612//1612 1610//1610 
f 1570//1570 1569//1569 1571//1571 
f 1572//1572 1570//1570 1571//1571 
f 1568//1568 1570//1570 1572//1572 
f 1573//1573 1611//1611 1613//1613 
f 1575//1575 1573//1573 1613//1613 
f 1576//1576 1575//1575 1614//1614 
f 1575//1575 1613//1613 1614//1614 
f 1614//1614 1579//1579 1576//1576 
f 1617//1617 1579//1579 1614//1614 
f 1577//1577 1618//1618 1615//1615 
f 1580//1580 1618//1618 1577//1577 
f 1578//1578 1577//1577 1616//1616 
f 1577//1577 1615//1615 1616//1616 
f 1612//1612 1574//1574 1578//1578 
f 1616//1616 1612//1612 1578//1578 
f 1579//1579 1617//1617 1581//1581 
f 1617//1617 1621//1621 1581//1581 
f 1580//1580 1582//1582 1618//1618 
f 1618//1618 1582//1582 1622//1622 
f 1581//1581 1621//1621 1623//1623 
f 1583//1583 1581//1581 1623//1623 
f 1584//1584 1583//1583 1624//1624 
f 1583//1583 1623//1623 1624//1624 
f 1585//1585 1584//1584 1625//1625 
f 1584//1584 1624//1624 1625//1625 
f 1586//1586 1585//1585 1626//1626 
f 1585//1585 1625//1625 1626//1626 
f 1622//1622 1582//1582 1586//1586 
f 1626//1626 1622//1622 1586//1586 
f 1587//1587 1595//1595 1593//1593 
f 1587//1587 1588//1588 1596//1596 
f 1595//1595 1587//1587 1596//1596 
f 1633//1633 1596//1596 1588//1588 
f 1633//1633 1588//1588 1629//1629 
f 1629//1629 1588//1588 1589//1589 
f 1590//1590 1630//1630 1589//1589 
f 1589//1589 1630//1630 1629//1629 
f 1591//1591 1631//1631 1590//1590 
f 1590//1590 1631//1631 1630//1630 
f 1592//1592 1632//1632 1591//1591 
f 1591//1591 1632//1632 1631//1631 
f 1632//1632 1592//1592 1594//1594 
f 1634//1634 1632//1632 1594//1594 
f 1595//1595 1601//1601 1597//1597 
f 1593//1593 1595//1595 1597//1597 
f 1596//1596 1602//1602 1595//1595 
f 1602//1602 1601//1601 1595//1595 
f 1637//1637 1596//1596 1633//1633 
f 1602//1602 1596//1596 1637//1637 
f 1594//1594 1598//1598 1634//1634 
f 1634//1634 1598//1598 1638//1638 
f 1601//1601 1639//1639 1645//1645 
f 1601//1601 1645//1645 1597//1597 
f 1597//1597 1645//1645 1603//1603 
f 1602//1602 1639//1639 1601//1601 
f 1640//1640 1639//1639 1602//1602 
f 1637//1637 1640//1640 1602//1602 
f 1598//1598 1641//1641 1638//1638 
f 1599//1599 1641//1641 1598//1598 
f 1600//1600 1642//1642 1599//1599 
f 1599//1599 1642//1642 1641//1641 
f 1642//1642 1600//1600 1604//1604 
f 1646//1646 1642//1642 1604//1604 
f 1603//1603 1645//1645 1605//1605 
f 1645//1645 1647//1647 1605//1605 
f 1604//1604 1606//1606 1646//1646 
f 1646//1646 1606//1606 1648//1648 
f 1605//1605 1647//1647 1607//1607 
f 1647//1647 1649//1649 1607//1607 
f 1606//1606 1608//1608 1648//1648 
f 1648//1648 1608//1608 1650//1650 
f 1607//1607 1649//1649 1609//1609 
f 1649//1649 1651//1651 1609//1609 
f 1608//1608 1610//1610 1650//1650 
f 1650//1650 1610//1610 1652//1652 
f 1609//1609 1651//1651 1611//1611 
f 1651//1651 1653//1653 1611//1611 
f 1610//1610 1612//1612 1652//1652 
f 1652//1652 1612//1612 1654//1654 
f 1619//1619 1613//1613 1611//1611 
f 1619//1619 1611//1611 1657//1657 
f 1657//1657 1611//1611 1653//1653 
f 1613//1613 1620//1620 1614//1614 
f 1619//1619 1620//1620 1613//1613 
f 1614//1614 1620//1620 1617//1617 
f 1615//1615 1658//1658 1655//1655 
f 1618//1618 1658//1658 1615//1615 
f 1616//1616 1615//1615 1656//1656 
f 1615//1615 1655//1655 1656//1656 
f 1654//1654 1612//1612 1616//1616 
f 1656//1656 1654//1654 1616//1616 
f 1627//1627 1619//1619 1657//1657 
f 1659//1659 1627//1627 1657//1657 
f 1620//1620 1619//1619 1628//1628 
f 1628//1628 1619//1619 1627//1627 
f 1617//1617 1628//1628 1621//1621 
f 1620//1620 1628//1628 1617//1617 
f 1618//1618 1622//1622 1658//1658 
f 1658//1658 1622//1622 1660//1660 
f 1627//1627 1659//1659 1661//1661 
f 1628//1628 1627//1627 1661//1661 
f 1662//1662 1628//1628 1661//1661 
f 1621//1621 1628//1628 1662//1662 
f 1621//1621 1662//1662 1623//1623 
f 1623//1623 1662//1662 1663//1663 
f 1624//1624 1623//1623 1664//1664 
f 1623//1623 1663//1663 1664//1664 
f 1625//1625 1624//1624 1665//1665 
f 1624//1624 1664//1664 1665//1665 
f 1626//1626 1625//1625 1666//1666 
f 1625//1625 1665//1665 1666//1666 
f 1660//1660 1622//1622 1626//1626 
f 1666//1666 1660//1660 1626//1626 
f 1629//1629 1667//1667 1669//1669 
f 1633//1633 1629//1629 1669//1669 
f 1630//1630 1668//1668 1629//1629 
f 1629//1629 1668//1668 1667//1667 
f 1635//1635 1670//1670 1668//1668 
f 1635//1635 1668//1668 1631//1631 
f 1631//1631 1668//1668 1630//1630 
f 1631//1631 1632//1632 1636//1636 
f 1635//1635 1631//1631 1636//1636 
f 1632//1632 1634//1634 1636//1636 
f 1633//1633 1669//1669 1637//1637 
f 1669//1669 1671//1671 1637//1637 
f 1643//1643 1670//1670 1635//1635 
f 1672//1672 1670//1670 1643//1643 
f 1636//1636 1644//1644 1635//1635 
f 1644//1644 1643//1643 1635//1635 
f 1634//1634 1638//1638 1644//1644 
f 1636//1636 1634//1634 1644//1644 
f 1639//1639 1673//1673 1679//1679 
f 1645//1645 1639//1639 1679//1679 
f 1640//1640 1674//1674 1639//1639 
f 1639//1639 1674//1674 1673//1673 
f 1671//1671 1640//1640 1637//1637 
f 1674//1674 1640//1640 1671//1671 
f 1643//1643 1675//1675 1672//1672 
f 1644//1644 1675//1675 1643//1643 
f 1676//1676 1675//1675 1644//1644 
f 1638//1638 1676//1676 1644//1644 
f 1638//1638 1641//1641 1676//1676 
f 1641//1641 1677//1677 1676//1676 
f 1642//1642 1678//1678 1641//1641 
f 1641//1641 1678//1678 1677//1677 
f 1678//1678 1642//1642 1646//1646 
f 1680//1680 1678//1678 1646//1646 
f 1645//1645 1679//1679 1647//1647 
f 1679//1679 1683//1683 1647//1647 
f 1646//1646 1648//1648 1680//1680 
f 1680//1680 1648//1648 1684//1684 
f 1647//1647 1683//1683 1649//1649 
f 1683//1683 1687//1687 1649//1649 
f 1648//1648 1650//1650 1684//1684 
f 1684//1684 1650//1650 1688//1688 
f 1649//1649 1687//1687 1651//1651 
f 1687//1687 1689//1689 1651//1651 
f 1650//1650 1652//1652 1688//1688 
f 1688//1688 1652//1652 1690//1690 
f 1651//1651 1689//1689 1653//1653 
f 1689//1689 1691//1691 1653//1653 
f 1652//1652 1654//1654 1690//1690 
f 1690//1690 1654//1654 1692//1692 
f 1653//1653 1691//1691 1657//1657 
f 1691//1691 1695//1695 1657//1657 
f 1655//1655 1696//1696 1693//1693 
f 1658//1658 1696//1696 1655//1655 
f 1656//1656 1655//1655 1694//1694 
f 1655//1655 1693//1693 1694//1694 
f 1692//1692 1654//1654 1656//1656 
f 1694//1694 1692//1692 1656//1656 
f 1657//1657 1695//1695 1659//1659 
f 1695//1695 1697//1697 1659//1659 
f 1658//1658 1660//1660 1696//1696 
f 1696//1696 1660//1660 1698//1698 
f 1659//1659 1697//1697 1699//1699 
f 1661//1661 1659//1659 1699//1699 
f 1662//1662 1661//1661 1700//1700 
f 1661//1661 1699//1699 1700//1700 
f 1663//1663 1662//1662 1701//1701 
f 1662//1662 1700//1700 1701//1701 
f 1664//1664 1663//1663 1702//1702 
f 1663//1663 1701//1701 1702//1702 
f 1665//1665 1664//1664 1703//1703 
f 1664//1664 1702//1702 1703//1703 
f 1666//1666 1665//1665 1704//1704 
f 1665//1665 1703//1703 1704//1704 
f 1698//1698 1660//1660 1666//1666 
f 1704//1704 1698//1698 1666//1666 
f 1667//1667 1705//1705 1707//1707 
f 1669//1669 1667//1667 1707//1707 
f 1668//1668 1706//1706 1667//1667 
f 1667//1667 1706//1706 1705//1705 
f 1706//1706 1668//1668 1670//1670 
f 1708//1708 1706//1706 1670//1670 
f 1669//1669 1707//1707 1671//1671 
f 1707//1707 1709//1709 1671//1671 
f 1670//1670 1672//1672 1708//1708 
f 1708//1708 1672//1672 1710//1710 
f 1673//1673 1711//1711 1715//1715 
f 1679//1679 1673//1673 1715//1715 
f 1674//1674 1712//1712 1673//1673 
f 1673//1673 1712//1712 1711//1711 
f 1709//1709 1674//1674 1671//1671 
f 1712//1712 1674//1674 1709//1709 
f 1672//1672 1713//1713 1710//1710 
f 1675//1675 1713//1713 1672//1672 
f 1676//1676 1714//1714 1675//1675 
f 1675//1675 1714//1714 1713//1713 
f 1681//1681 1716//1716 1714//1714 
f 1681//1681 1714//1714 1677//1677 
f 1677//1677 1714//1714 1676//1676 
f 1677//1677 1678//1678 1682//1682 
f 1681//1681 1677//1677 1682//1682 
f 1678//1678 1680//1680 1682//1682 
f 1679//1679 1715//1715 1683//1683 
f 1715//1715 1717//1717 1683//1683 
f 1685//1685 1716//1716 1681//1681 
f 1718//1718 1716//1716 1685//1685 
f 1682//1682 1686//1686 1681//1681 
f 1686//1686 1685//1685 1681//1681 
f 1680//1680 1684//1684 1686//1686 
f 1682//1682 1680//1680 1686//1686 
f 1683//1683 1717//1717 1687//1687 
f 1717//1717 1721//1721 1687//1687 
f 1685//1685 1719//1719 1718//1718 
f 1686//1686 1719//1719 1685//1685 
f 1720//1720 1719//1719 1686//1686 
f 1720//1720 1686//1686 1684//1684 
f 1720//1720 1684//1684 1722//1722 
f 1722//1722 1684//1684 1688//1688 
f 1687//1687 1721//1721 1689//1689 
f 1721//1721 1723//1723 1689//1689 
f 1688//1688 1690//1690 1722//1722 
f 1722//1722 1690//1690 1724//1724 
f 1689//1689 1723//1723 1691//1691 
f 1723//1723 1725//1725 1691//1691 
f 1690//1690 1692//1692 1724//1724 
f 1724//1724 1692//1692 1726//1726 
f 1691//1691 1725//1725 1695//1695 
f 1725//1725 1729//1729 1695//1695 
f 1693//1693 1730//1730 1727//1727 
f 1696//1696 1730//1730 1693//1693 
f 1694//1694 1693//1693 1728//1728 
f 1693//1693 1727//1727 1728//1728 
f 1726//1726 1692//1692 1694//1694 
f 1728//1728 1726//1726 1694//1694 
f 1695//1695 1729//1729 1697//1697 
f 1729//1729 1731//1731 1697//1697 
f 1696//1696 1698//1698 1730//1730 
f 1730//1730 1698//1698 1732//1732 
f 1697//1697 1731//1731 1733//1733 
f 1699//1699 1697//1697 1733//1733 
f 1700//1700 1699//1699 1734//1734 
f 1699//1699 1733//1733 1734//1734 
f 1701//1701 1700//1700 1735//1735 
f 1700//1700 1734//1734 1735//1735 
f 1702//1702 1701//1701 1736//1736 
f 1701//1701 1735//1735 1736//1736 
f 1703//1703 1702//1702 1737//1737 
f 1702//1702 1736//1736 1737//1737 
f 1704//1704 1703//1703 1738//1738 
f 1703//1703 1737//1737 1738//1738 
f 1732//1732 1698//1698 1704//1704 
f 1738//1738 1732//1732 1704//1704 
f 1705//1705 1739//1739 1741//1741 
f 1707//1707 1705//1705 1741//1741 
f 1706//1706 1740//1740 1705//1705 
f 1705//1705 1740//1740 1739//1739 
f 1740//1740 1706//1706 1708//1708 
f 1742//1742 1740//1740 1708//1708 
f 1707//1707 1741//1741 1709//1709 
f 1741//1741 1745//1745 1709//1709 
f 1708//1708 1710//1710 1742//1742 
f 1742//1742 1710//1710 1746//1746 
f 1711//1711 1747//1747 1753//1753 
f 1715//1715 1711//1711 1753//1753 
f 1712//1712 1748//1748 1711//1711 
f 1711//1711 1748//1748 1747//1747 
f 1745//1745 1712//1712 1709//1709 
f 1748//1748 1712//1712 1745//1745 
f 1710//1710 1749//1749 1746//1746 
f 1713//1713 1749//1749 1710//1710 
f 1714//1714 1750//1750 1713//1713 
f 1713//1713 1750//1750 1749//1749 
f 1750//1750 1714//1714 1716//1716 
f 1754//1754 1750//1750 1716//1716 
f 1715//1715 1753//1753 1717//1717 
f 1753//1753 1755//1755 1717//1717 
f 1716//1716 1718//1718 1754//1754 
f 1754//1754 1718//1718 1756//1756 
f 1717//1717 1755//1755 1721//1721 
f 1755//1755 1759//1759 1721//1721 
f 1718//1718 1757//1757 1756//1756 
f 1719//1719 1757//1757 1718//1718 
f 1720//1720 1758//1758 1719//1719 
f 1719//1719 1758//1758 1757//1757 
f 1758//1758 1720//1720 1722//1722 
f 1760//1760 1758//1758 1722//1722 
f 1721//1721 1759//1759 1723//1723 
f 1759//1759 1763//1763 1723//1723 
f 1722//1722 1724//1724 1760//1760 
f 1760//1760 1724//1724 1764//1764 
f 1723//1723 1763//1763 1725//1725 
f 1763//1763 1767//1767 1725//1725 
f 1724//1724 1726//1726 1764//1764 
f 1764//1764 1726//1726 1768//1768 
f 1725//1725 1767//1767 1729//1729 
f 1767//1767 1771//1771 1729//1729 
f 1727//1727 1772//1772 1769//1769 
f 1730//1730 1772//1772 1727//1727 
f 1728//1728 1727//1727 1770//1770 
f 1727//1727 1769//1769 1770//1770 
f 1768//1768 1726//1726 1728//1728 
f 1770//1770 1768//1768 1728//1728 
f 1729//1729 1771//1771 1731//1731 
f 1771//1771 1773//1773 1731//1731 
f 1730//1730 1732//1732 1772//1772 
f 1772//1772 1732//1732 1774//1774 
f 1731//1731 1773//1773 1775//1775 
f 1733//1733 1731//1731 1775//1775 
f 1734//1734 1733//1733 1776//1776 
f 1733//1733 1775//1775 1776//1776 
f 1735//1735 1734//1734 1777//1777 
f 1734//1734 1776//1776 1777//1777 
f 1736//1736 1735//1735 1778//1778 
f 1735//1735 1777//1777 1778//1778 
f 1737//1737 1736//1736 1779//1779 
f 1736//1736 1778//1778 1779//1779 
f 1738//1738 1737//1737 1780//1780 
f 1737//1737 1779//1779 1780//1780 
f 1774//1774 1732//1732 1738//1738 
f 1780//1780 1774//1774 1738//1738 
f 1739//1739 1743//1743 1741//1741 
f 1739//1739 1740//1740 1744//1744 
f 1743//1743 1739//1739 1744//1744 
f 1740//1740 1742//1742 1744//1744 
f 1743//1743 1751//1751 1745//1745 
f 1741//1741 1743//1743 1745//1745 
f 1744//1744 1752//1752 1743//1743 
f 1752//1752 1751//1751 1743//1743 
f 1742//1742 1746//1746 1752//1752 
f 1744//1744 1742//1742 1752//1752 
f 1747//1747 1781//1781 1787//1787 
f 1753//1753 1747//1747 1787//1787 
f 1748//1748 1782//1782 1747//1747 
f 1747//1747 1782//1782 1781//1781 
f 1751//1751 1748//1748 1745//1745 
f 1751//1751 1783//1783 1748//1748 
f 1783//1783 1782//1782 1748//1748 
f 1752//1752 1783//1783 1751//1751 
f 1784//1784 1783//1783 1752//1752 
f 1746//1746 1784//1784 1752//1752 
f 1746//1746 1749//1749 1784//1784 
f 1749//1749 1785//1785 1784//1784 
f 1750//1750 1786//1786 1749//1749 
f 1749//1749 1786//1786 1785//1785 
f 1786//1786 1750//1750 1754//1754 
f 1788//1788 1786//1786 1754//1754 
f 1753//1753 1787//1787 1755//1755 
f 1787//1787 1789//1789 1755//1755 
f 1754//1754 1756//1756 1788//1788 
f 1788//1788 1756//1756 1790//1790 
f 1761//1761 1791//1791 1795//1795 
f 1761//1761 1762//1762 1792//1792 
f 1791//1791 1761//1761 1792//1792 
f 1762//1762 1789//1789 1792//1792 
f 1762//1762 1759//1759 1789//1789 
f 1759//1759 1755//1755 1789//1789 
f 1756//1756 1793//1793 1790//1790 
f 1757//1757 1793//1793 1756//1756 
f 1758//1758 1794//1794 1757//1757 
f 1757//1757 1794//1794 1793//1793 
f 1794//1794 1758//1758 1760//1760 
f 1796//1796 1794//1794 1760//1760 
f 1765//1765 1761//1761 1795//1795 
f 1797//1797 1765//1765 1795//1795 
f 1762//1762 1761//1761 1766//1766 
f 1766//1766 1761//1761 1765//1765 
f 1759//1759 1766//1766 1763//1763 
f 1762//1762 1766//1766 1759//1759 
f 1760//1760 1764//1764 1796//1796 
f 1796//1796 1764//1764 1798//1798 
f 1765//1765 1797//1797 1799//1799 
f 1766//1766 1765//1765 1799//1799 
f 1800//1800 1766//1766 1799//1799 
f 1800//1800 1763//1763 1766//1766 
f 1800//1800 1801//1801 1763//1763 
f 1801//1801 1767//1767 1763//1763 
f 1764//1764 1768//1768 1798//1798 
f 1798//1798 1768//1768 1802//1802 
f 1767//1767 1801//1801 1771//1771 
f 1801//1801 1807//1807 1771//1771 
f 1769//1769 1808//1808 1803//1803 
f 1772//1772 1808//1808 1769//1769 
f 1770//1770 1769//1769 1804//1804 
f 1769//1769 1803//1803 1804//1804 
f 1802//1802 1768//1768 1770//1770 
f 1804//1804 1802//1802 1770//1770 
f 1771//1771 1807//1807 1773//1773 
f 1807//1807 1809//1809 1773//1773 
f 1772//1772 1774//1774 1808//1808 
f 1808//1808 1774//1774 1810//1810 
f 1773//1773 1809//1809 1811//1811 
f 1775//1775 1773//1773 1811//1811 
f 1776//1776 1775//1775 1812//1812 
f 1775//1775 1811//1811 1812//1812 
f 1777//1777 1776//1776 1813//1813 
f 1776//1776 1812//1812 1813//1813 
f 1778//1778 1777//1777 1814//1814 
f 1777//1777 1813//1813 1814//1814 
f 1779//1779 1778//1778 1815//1815 
f 1778//1778 1814//1814 1815//1815 
f 1780//1780 1779//1779 1816//1816 
f 1779//1779 1815//1815 1816//1816 
f 1810//1810 1774//1774 1780//1780 
f 1816//1816 1810//1810 1780//1780 
f 1781//1781 1817//1817 1823//1823 
f 1787//1787 1781//1781 1823//1823 
f 1782//1782 1818//1818 1781//1781 
f 1781//1781 1818//1818 1817//1817 
f 1783//1783 1819//1819 1782//1782 
f 1782//1782 1819//1819 1818//1818 
f 1784//1784 1820//1820 1783//1783 
f 1783//1783 1820//1820 1819//1819 
f 1785//1785 1821//1821 1784//1784 
f 1784//1784 1821//1821 1820//1820 
f 1786//1786 1822//1822 1785//1785 
f 1785//1785 1822//1822 1821//1821 
f 1822//1822 1786//1786 1788//1788 
f 1824//1824 1822//1822 1788//1788 
f 1787//1787 1823//1823 1789//1789 
f 1823//1823 1825//1825 1789//1789 
f 1788//1788 1790//1790 1824//1824 
f 1824//1824 1790//1790 1826//1826 
f 1791//1791 1827//1827 1831//1831 
f 1795//1795 1791//1791 1831//1831 
f 1792//1792 1828//1828 1791//1791 
f 1791//1791 1828//1828 1827//1827 
f 1825//1825 1792//1792 1789//1789 
f 1828//1828 1792//1792 1825//1825 
f 1790//1790 1829//1829 1826//1826 
f 1793//1793 1829//1829 1790//1790 
f 1794//1794 1830//1830 1793//1793 
f 1793//1793 1830//1830 1829//1829 
f 1830//1830 1794//1794 1796//1796 
f 1832//1832 1830//1830 1796//1796 
f 1795//1795 1831//1831 1797//1797 
f 1831//1831 1833//1833 1797//1797 
f 1796//1796 1798//1798 1832//1832 
f 1832//1832 1798//1798 1834//1834 
f 1805//1805 1799//1799 1797//1797 
f 1805//1805 1797//1797 1835//1835 
f 1835//1835 1797//1797 1833//1833 
f 1799//1799 1806//1806 1800//1800 
f 1805//1805 1806//1806 1799//1799 
f 1800//1800 1806//1806 1801//1801 
f 1798//1798 1802//1802 1834//1834 
f 1834//1834 1802//1802 1836//1836 
f 1805//1805 1835//1835 1837//1837 
f 1806//1806 1805//1805 1837//1837 
f 1838//1838 1806//1806 1837//1837 
f 1838//1838 1801//1801 1806//1806 
f 1838//1838 1841//1841 1801//1801 
f 1841//1841 1807//1807 1801//1801 
f 1803//1803 1842//1842 1839//1839 
f 1808//1808 1842//1842 1803//1803 
f 1804//1804 1803//1803 1840//1840 
f 1803//1803 1839//1839 1840//1840 
f 1836//1836 1802//1802 1804//1804 
f 1840//1840 1836//1836 1804//1804 
f 1807//1807 1841//1841 1809//1809 
f 1841//1841 1843//1843 1809//1809 
f 1808//1808 1810//1810 1842//1842 
f 1842//1842 1810//1810 1844//1844 
f 1809//1809 1843//1843 1845//1845 
f 1811//1811 1809//1809 1845//1845 
f 1812//1812 1811//1811 1846//1846 
f 1811//1811 1845//1845 1846//1846 
f 1813//1813 1812//1812 1847//1847 
f 1812//1812 1846//1846 1847//1847 
f 1814//1814 1813//1813 1848//1848 
f 1813//1813 1847//1847 1848//1848 
f 1815//1815 1814//1814 1849//1849 
f 1814//1814 1848//1848 1849//1849 
f 1816//1816 1815//1815 1850//1850 
f 1815//1815 1849//1849 1850//1850 
f 1844//1844 1810//1810 1816//1816 
f 1850//1850 1844//1844 1816//1816 
f 1817//1817 1851//1851 1857//1857 
f 1823//1823 1817//1817 1857//1857 
f 1818//1818 1852//1852 1817//1817 
f 1817//1817 1852//1852 1851//1851 
f 1819//1819 1853//1853 1818//1818 
f 1818//1818 1853//1853 1852//1852 
f 1820//1820 1854//1854 1819//1819 
f 1819//1819 1854//1854 1853//1853 
f 1821//1821 1855//1855 1820//1820 
f 1820//1820 1855//1855 1854//1854 
f 1822//1822 1856//1856 1821//1821 
f 1821//1821 1856//1856 1855//1855 
f 1856//1856 1822//1822 1824//1824 
f 1858//1858 1856//1856 1824//1824 
f 1823//1823 1857//1857 1825//1825 
f 1857//1857 1859//1859 1825//1825 
f 1824//1824 1826//1826 1858//1858 
f 1858//1858 1826//1826 1860//1860 
f 1827//1827 1861//1861 1865//1865 
f 1831//1831 1827//1827 1865//1865 
f 1828//1828 1862//1862 1827//1827 
f 1827//1827 1862//1862 1861//1861 
f 1859//1859 1828//1828 1825//1825 
f 1862//1862 1828//1828 1859//1859 
f 1826//1826 1863//1863 1860//1860 
f 1829//1829 1863//1863 1826//1826 
f 1830//1830 1864//1864 1829//1829 
f 1829//1829 1864//1864 1863//1863 
f 1864//1864 1830//1830 1832//1832 
f 1866//1866 1864//1864 1832//1832 
f 1831//1831 1865//1865 1833//1833 
f 1865//1865 1869//1869 1833//1833 
f 1832//1832 1834//1834 1866//1866 
f 1866//1866 1834//1834 1870//1870 
f 1833//1833 1869//1869 1835//1835 
f 1869//1869 1873//1873 1835//1835 
f 1834//1834 1836//1836 1870//1870 
f 1870//1870 1836//1836 1874//1874 
f 1835//1835 1873//1873 1875//1875 
f 1837//1837 1835//1835 1875//1875 
f 1838//1838 1837//1837 1876//1876 
f 1837//1837 1875//1875 1876//1876 
f 1876//1876 1841//1841 1838//1838 
f 1879//1879 1841//1841 1876//1876 
f 1839//1839 1880//1880 1877//1877 
f 1842//1842 1880//1880 1839//1839 
f 1840//1840 1839//1839 1878//1878 
f 1839//1839 1877//1877 1878//1878 
f 1874//1874 1836//1836 1840//1840 
f 1878//1878 1874//1874 1840//1840 
f 1841//1841 1879//1879 1843//1843 
f 1879//1879 1881//1881 1843//1843 
f 1842//1842 1844//1844 1880//1880 
f 1880//1880 1844//1844 1882//1882 
f 1843//1843 1881//1881 1883//1883 
f 1845//1845 1843//1843 1883//1883 
f 1846//1846 1845//1845 1884//1884 
f 1845//1845 1883//1883 1884//1884 
f 1847//1847 1846//1846 1885//1885 
f 1846//1846 1884//1884 1885//1885 
f 1848//1848 1847//1847 1886//1886 
f 1847//1847 1885//1885 1886//1886 
f 1849//1849 1848//1848 1887//1887 
f 1848//1848 1886//1886 1887//1887 
f 1850//1850 1849//1849 1888//1888 
f 1849//1849 1887//1887 1888//1888 
f 1882//1882 1844//1844 1850//1850 
f 1888//1888 1882//1882 1850//1850 
f 1851//1851 1893//1893 1899//1899 
f 1857//1857 1851//1851 1899//1899 
f 1852//1852 1894//1894 1851//1851 
f 1851//1851 1894//1894 1893//1893 
f 1853//1853 1895//1895 1852//1852 
f 1852//1852 1895//1895 1894//1894 
f 1854//1854 1896//1896 1853//1853 
f 1853//1853 1896//1896 1895//1895 
f 1855//1855 1897//1897 1854//1854 
f 1854//1854 1897//1897 1896//1896 
f 1856//1856 1898//1898 1855//1855 
f 1855//1855 1898//1898 1897//1897 
f 1898//1898 1856//1856 1858//1858 
f 1900//1900 1898//1898 1858//1858 
f 1857//1857 1899//1899 1859//1859 
f 1899//1899 1901//1901 1859//1859 
f 1858//1858 1860//1860 1900//1900 
f 1900//1900 1860//1860 1902//1902 
f 1861//1861 1867//1867 1865//1865 
f 1861//1861 1862//1862 1868//1868 
f 1867//1867 1861//1861 1868//1868 
f 1862//1862 1905//1905 1868//1868 
f 1862//1862 1859//1859 1905//1905 
f 1859//1859 1901//1901 1905//1905 
f 1860//1860 1903//1903 1902//1902 
f 1863//1863 1903//1903 1860//1860 
f 1864//1864 1904//1904 1863//1863 
f 1863//1863 1904//1904 1903//1903 
f 1904//1904 1864//1864 1866//1866 
f 1906//1906 1904//1904 1866//1866 
f 1867//1867 1871//1871 1869//1869 
f 1865//1865 1867//1867 1869//1869 
f 1868//1868 1872//1872 1867//1867 
f 1872//1872 1871//1871 1867//1867 
f 1909//1909 1868//1868 1905//1905 
f 1872//1872 1868//1868 1909//1909 
f 1866//1866 1870//1870 1906//1906 
f 1906//1906 1870//1870 1910//1910 
f 1871//1871 1911//1911 1915//1915 
f 1871//1871 1915//1915 1869//1869 
f 1869//1869 1915//1915 1873//1873 
f 1872//1872 1911//1911 1871//1871 
f 1912//1912 1911//1911 1872//1872 
f 1909//1909 1912//1912 1872//1872 
f 1870//1870 1874//1874 1910//1910 
f 1910//1910 1874//1874 1916//1916 
f 1873//1873 1915//1915 1917//1917 
f 1875//1875 1873//1873 1917//1917 
f 1876//1876 1875//1875 1918//1918 
f 1875//1875 1917//1917 1918//1918 
f 1918//1918 1879//1879 1876//1876 
f 1921//1921 1879//1879 1918//1918 
f 1877//1877 1922//1922 1919//1919 
f 1880//1880 1922//1922 1877//1877 
f 1878//1878 1877//1877 1920//1920 
f 1877//1877 1919//1919 1920//1920 
f 1916//1916 1874//1874 1878//1878 
f 1920//1920 1916//1916 1878//1878 
f 1879//1879 1921//1921 1881//1881 
f 1921//1921 1923//1923 1881//1881 
f 1880//1880 1882//1882 1922//1922 
f 1922//1922 1882//1882 1924//1924 
f 1881//1881 1923//1923 1925//1925 
f 1883//1883 1881//1881 1925//1925 
f 1884//1884 1883//1883 1926//1926 
f 1883//1883 1925//1925 1926//1926 
f 1889//1889 1926//1926 1929//1929 
f 1889//1889 1885//1885 1926//1926 
f 1885//1885 1884//1884 1926//1926 
f 1885//1885 1890//1890 1886//1886 
f 1889//1889 1890//1890 1885//1885 
f 1930//1930 1886//1886 1890//1890 
f 1930//1930 1927//1927 1886//1886 
f 1927//1927 1887//1887 1886//1886 
f 1888//1888 1887//1887 1928//1928 
f 1887//1887 1927//1927 1928//1928 
f 1924//1924 1882//1882 1888//1888 
f 1928//1928 1924//1924 1888//1888 
f 1891//1891 1889//1889 1929//1929 
f 1931//1931 1891//1891 1929//1929 
f 1890//1890 1889//1889 1892//1892 
f 1892//1892 1889//1889 1891//1891 
f 1932//1932 1930//1930 1890//1890 
f 1892//1892 1932//1932 1890//1890 
f 1891//1891 1931//1931 1933//1933 
f 1892//1892 1891//1891 1933//1933 
f 1934//1934 1892//1892 1933//1933 
f 1932//1932 1892//1892 1934//1934 
f 1893//1893 1935//1935 1941//1941 
f 1899//1899 1893//1893 1941//1941 
f 1894//1894 1936//1936 1893//1893 
f 1893//1893 1936//1936 1935//1935 
f 1895//1895 1937//1937 1894//1894 
f 1894//1894 1937//1937 1936//1936 
f 1896//1896 1938//1938 1895//1895 
f 1895//1895 1938//1938 1937//1937 
f 1897//1897 1939//1939 1896//1896 
f 1896//1896 1939//1939 1938//1938 
f 1898//1898 1940//1940 1897//1897 
f 1897//1897 1940//1940 1939//1939 
f 1940//1940 1898//1898 1900//1900 
f 1942//1942 1940//1940 1900//1900 
f 1899//1899 1941//1941 1901//1901 
f 1941//1941 1943//1943 1901//1901 
f 1900//1900 1902//1902 1942//1942 
f 1942//1942 1902//1902 1944//1944 
f 1901//1901 1943//1943 1905//1905 
f 1943//1943 1945//1945 1905//1905 
f 1907//1907 1902//1902 1903//1903 
f 1907//1907 1946//1946 1902//1902 
f 1946//1946 1944//1944 1902//1902 
f 1903//1903 1904//1904 1908//1908 
f 1907//1907 1903//1903 1908//1908 
f 1904//1904 1906//1906 1908//1908 
f 1905//1905 1945//1945 1909//1909 
f 1945//1945 1947//1947 1909//1909 
f 1913//1913 1946//1946 1907//1907 
f 1948//1948 1946//1946 1913//1913 
f 1908//1908 1914//1914 1907//1907 
f 1914//1914 1913//1913 1907//1907 
f 1906//1906 1910//1910 1914//1914 
f 1908//1908 1906//1906 1914//1914 
f 1911//1911 1949//1949 1953//1953 
f 1915//1915 1911//1911 1953//1953 
f 1912//1912 1950//1950 1911//1911 
f 1911//1911 1950//1950 1949//1949 
f 1947//1947 1912//1912 1909//1909 
f 1950//1950 1912//1912 1947//1947 
f 1913//1913 1951//1951 1948//1948 
f 1914//1914 1951//1951 1913//1913 
f 1952//1952 1951//1951 1914//1914 
f 1952//1952 1914//1914 1910//1910 
f 1952//1952 1910//1910 1954//1954 
f 1954//1954 1910//1910 1916//1916 
f 1915//1915 1953//1953 1955//1955 
f 1917//1917 1915//1915 1955//1955 
f 1918//1918 1917//1917 1956//1956 
f 1917//1917 1955//1955 1956//1956 
f 1956//1956 1921//1921 1918//1918 
f 1959//1959 1921//1921 1956//1956 
f 1919//1919 1960//1960 1957//1957 
f 1922//1922 1960//1960 1919//1919 
f 1920//1920 1919//1919 1958//1958 
f 1919//1919 1957//1957 1958//1958 
f 1954//1954 1916//1916 1920//1920 
f 1958//1958 1954//1954 1920//1920 
f 1921//1921 1959//1959 1923//1923 
f 1959//1959 1961//1961 1923//1923 
f 1922//1922 1924//1924 1960//1960 
f 1960//1960 1924//1924 1962//1962 
f 1923//1923 1961//1961 1963//1963 
f 1925//1925 1923//1923 1963//1963 
f 1926//1926 1925//1925 1964//1964 
f 1925//1925 1963//1963 1964//1964 
f 1964//1964 1929//1929 1926//1926 
f 1967//1967 1929//1929 1964//1964 
f 1927//1927 1968//1968 1965//1965 
f 1930//1930 1968//1968 1927//1927 
f 1928//1928 1927//1927 1966//1966 
f 1927//1927 1965//1965 1966//1966 
f 1962//1962 1924//1924 1928//1928 
f 1966//1966 1962//1962 1928//1928 
f 1929//1929 1967//1967 1931//1931 
f 1967//1967 1969//1969 1931//1931 
f 1930//1930 1932//1932 1968//1968 
f 1968//1968 1932//1932 1970//1970 
f 1931//1931 1969//1969 1971//1971 
f 1933//1933 1931//1931 1971//1971 
f 1934//1934 1933//1933 1972//1972 
f 1933//1933 1971//1971 1972//1972 
f 1970//1970 1932//1932 1934//1934 
f 1972//1972 1970//1970 1934//1934 
f 1935//1935 1973//1973 1979//1979 
f 1941//1941 1935//1935 1979//1979 
f 1936//1936 1974//1974 1935//1935 
f 1935//1935 1974//1974 1973//1973 
f 1937//1937 1975//1975 1936//1936 
f 1936//1936 1975//1975 1974//1974 
f 1938//1938 1976//1976 1937//1937 
f 1937//1937 1976//1976 1975//1975 
f 1939//1939 1977//1977 1938//1938 
f 1938//1938 1977//1977 1976//1976 
f 1940//1940 1978//1978 1939//1939 
f 1939//1939 1978//1978 1977//1977 
f 1978//1978 1940//1940 1942//1942 
f 1980//1980 1978//1978 1942//1942 
f 1941//1941 1979//1979 1943//1943 
f 1979//1979 1981//1981 1943//1943 
f 1942//1942 1944//1944 1980//1980 
f 1980//1980 1944//1944 1982//1982 
f 1943//1943 1981//1981 1945//1945 
f 1981//1981 1983//1983 1945//1945 
f 1944//1944 1946//1946 1982//1982 
f 1982//1982 1946//1946 1984//1984 
f 1945//1945 1983//1983 1947//1947 
f 1983//1983 1987//1987 1947//1947 
f 1946//1946 1948//1948 1984//1984 
f 1984//1984 1948//1948 1988//1988 
f 1949//1949 1989//1989 1995//1995 
f 1953//1953 1949//1949 1995//1995 
f 1950//1950 1990//1990 1949//1949 
f 1949//1949 1990//1990 1989//1989 
f 1987//1987 1950//1950 1947//1947 
f 1990//1990 1950//1950 1987//1987 
f 1948//1948 1991//1991 1988//1988 
f 1951//1951 1991//1991 1948//1948 
f 1952//1952 1992//1992 1951//1951 
f 1951//1951 1992//1992 1991//1991 
f 1992//1992 1952//1952 1954//1954 
f 1996//1996 1992//1992 1954//1954 
f 1953//1953 1995//1995 1997//1997 
f 1955//1955 1953//1953 1997//1997 
f 1956//1956 1955//1955 1998//1998 
f 1955//1955 1997//1997 1998//1998 
f 1998//1998 1959//1959 1956//1956 
f 2003//2003 1959//1959 1998//1998 
f 1957//1957 2004//2004 1999//1999 
f 1960//1960 2004//2004 1957//1957 
f 1958//1958 1957//1957 2000//2000 
f 1957//1957 1999//1999 2000//2000 
f 1996//1996 1954//1954 1958//1958 
f 2000//2000 1996//1996 1958//1958 
f 1959//1959 2003//2003 1961//1961 
f 2003//2003 2005//2005 1961//1961 
f 1960//1960 1962//1962 2004//2004 
f 2004//2004 1962//1962 2006//2006 
f 1961//1961 2005//2005 2007//2007 
f 1963//1963 1961//1961 2007//2007 
f 1964//1964 1963//1963 2008//2008 
f 1963//1963 2007//2007 2008//2008 
f 2008//2008 1967//1967 1964//1964 
f 2011//2011 1967//1967 2008//2008 
f 1965//1965 2012//2012 2009//2009 
f 1968//1968 2012//2012 1965//1965 
f 1966//1966 1965//1965 2010//2010 
f 1965//1965 2009//2009 2010//2010 
f 2006//2006 1962//1962 1966//1966 
f 2010//2010 2006//2006 1966//1966 
f 1967//1967 2011//2011 1969//1969 
f 2011//2011 2013//2013 1969//1969 
f 1968//1968 1970//1970 2012//2012 
f 2012//2012 1970//1970 2014//2014 
f 1969//1969 2013//2013 2015//2015 
f 1971//1971 1969//1969 2015//2015 
f 1972//1972 1971//1971 2016//2016 
f 1971//1971 2015//2015 2016//2016 
f 2014//2014 1970//1970 1972//1972 
f 2016//2016 2014//2014 1972//1972 
f 1973//1973 2017//2017 2023//2023 
f 1979//1979 1973//1973 2023//2023 
f 1974//1974 2018//2018 1973//1973 
f 1973//1973 2018//2018 2017//2017 
f 1975//1975 2019//2019 1974//1974 
f 1974//1974 2019//2019 2018//2018 
f 1976//1976 2020//2020 1975//1975 
f 1975//1975 2020//2020 2019//2019 
f 1977//1977 2021//2021 1976//1976 
f 1976//1976 2021//2021 2020//2020 
f 1978//1978 2022//2022 1977//1977 
f 1977//1977 2022//2022 2021//2021 
f 2022//2022 1978//1978 1980//1980 
f 2024//2024 2022//2022 1980//1980 
f 1979//1979 2023//2023 1981//1981 
f 2023//2023 2025//2025 1981//1981 
f 1980//1980 1982//1982 2024//2024 
f 2024//2024 1982//1982 2026//2026 
f 1985//1985 2027//2027 2029//2029 
f 1985//1985 1986//1986 2028//2028 
f 2027//2027 1985//1985 2028//2028 
f 1986//1986 2025//2025 2028//2028 
f 1986//1986 1983//1983 2025//2025 
f 1983//1983 1981//1981 2025//2025 
f 1982//1982 1984//1984 2026//2026 
f 2026//2026 1984//1984 2030//2030 
f 1993//1993 1985//1985 2029//2029 
f 2031//2031 1993//1993 2029//2029 
f 1986//1986 1985//1985 1994//1994 
f 1994//1994 1985//1985 1993//1993 
f 1983//1983 1994//1994 1987//1987 
f 1986//1986 1994//1994 1983//1983 
f 1984//1984 1988//1988 2030//2030 
f 2030//2030 1988//1988 2032//2032 
f 1989//1989 1993//1993 2031//2031 
f 1989//1989 2031//2031 1995//1995 
f 1995//1995 2031//2031 2033//2033 
f 1990//1990 1993//1993 1989//1989 
f 1994//1994 1993//1993 1990//1990 
f 1987//1987 1994//1994 1990//1990 
f 2001//2001 1988//1988 1991//1991 
f 2001//2001 2034//2034 1988//1988 
f 2034//2034 2032//2032 1988//1988 
f 1991//1991 1992//1992 2002//2002 
f 2001//2001 1991//1991 2002//2002 
f 1992//1992 1996//1996 2002//2002 
f 1995//1995 2033//2033 2035//2035 
f 1997//1997 1995//1995 2035//2035 
f 1998//1998 1997//1997 2036//2036 
f 1997//1997 2035//2035 2036//2036 
f 2036//2036 2003//2003 1998//1998 
f 2037//2037 2003//2003 2036//2036 
f 1999//1999 2034//2034 2001//2001 
f 1999//1999 2004//2004 2034//2034 
f 2004//2004 2038//2038 2034//2034 
f 2000//2000 1999//1999 2001//2001 
f 2002//2002 2000//2000 2001//2001 
f 1996//1996 2000//2000 2002//2002 
f 2003//2003 2037//2037 2005//2005 
f 2037//2037 2039//2039 2005//2005 
f 2004//2004 2006//2006 2038//2038 
f 2038//2038 2006//2006 2040//2040 
f 2005//2005 2039//2039 2041//2041 
f 2007//2007 2005//2005 2041//2041 
f 2008//2008 2007//2007 2042//2042 
f 2007//2007 2041//2041 2042//2042 
f 2042//2042 2011//2011 2008//2008 
f 2045//2045 2011//2011 2042//2042 
f 2009//2009 2046//2046 2043//2043 
f 2012//2012 2046//2046 2009//2009 
f 2010//2010 2009//2009 2044//2044 
f 2009//2009 2043//2043 2044//2044 
f 2040//2040 2006//2006 2010//2010 
f 2044//2044 2040//2040 2010//2010 
f 2011//2011 2045//2045 2013//2013 
f 2045//2045 2051//2051 2013//2013 
f 2012//2012 2014//2014 2046//2046 
f 2046//2046 2014//2014 2052//2052 
f 2013//2013 2051//2051 2053//2053 
f 2015//2015 2013//2013 2053//2053 
f 2016//2016 2015//2015 2054//2054 
f 2015//2015 2053//2053 2054//2054 
f 2052//2052 2014//2014 2016//2016 
f 2054//2054 2052//2052 2016//2016 
f 2017//2017 2059//2059 2065//2065 
f 2023//2023 2017//2017 2065//2065 
f 2018//2018 2060//2060 2017//2017 
f 2017//2017 2060//2060 2059//2059 
f 2019//2019 2061//2061 2018//2018 
f 2018//2018 2061//2061 2060//2060 
f 2020//2020 2062//2062 2019//2019 
f 2019//2019 2062//2062 2061//2061 
f 2021//2021 2063//2063 2020//2020 
f 2020//2020 2063//2063 2062//2062 
f 2022//2022 2064//2064 2021//2021 
f 2021//2021 2064//2064 2063//2063 
f 2064//2064 2022//2022 2024//2024 
f 2066//2066 2064//2064 2024//2024 
f 2023//2023 2065//2065 2025//2025 
f 2065//2065 2067//2067 2025//2025 
f 2024//2024 2026//2026 2066//2066 
f 2066//2066 2026//2026 2068//2068 
f 2027//2027 2069//2069 2071//2071 
f 2029//2029 2027//2027 2071//2071 
f 2028//2028 2070//2070 2027//2027 
f 2027//2027 2070//2070 2069//2069 
f 2067//2067 2028//2028 2025//2025 
f 2070//2070 2028//2028 2067//2067 
f 2026//2026 2030//2030 2068//2068 
f 2068//2068 2030//2030 2072//2072 
f 2029//2029 2071//2071 2031//2031 
f 2071//2071 2073//2073 2031//2031 
f 2030//2030 2032//2032 2072//2072 
f 2072//2072 2032//2032 2074//2074 
f 2031//2031 2073//2073 2033//2033 
f 2073//2073 2075//2075 2033//2033 
f 2032//2032 2034//2034 2074//2074 
f 2074//2074 2034//2034 2076//2076 
f 2033//2033 2075//2075 2077//2077 
f 2035//2035 2033//2033 2077//2077 
f 2036//2036 2035//2035 2078//2078 
f 2035//2035 2077//2077 2078//2078 
f 2078//2078 2037//2037 2036//2036 
f 2079//2079 2037//2037 2078//2078 
f 2034//2034 2038//2038 2076//2076 
f 2076//2076 2038//2038 2080//2080 
f 2037//2037 2079//2079 2039//2039 
f 2079//2079 2083//2083 2039//2039 
f 2038//2038 2040//2040 2080//2080 
f 2080//2080 2040//2040 2084//2084 
f 2047//2047 2041//2041 2039//2039 
f 2047//2047 2039//2039 2087//2087 
f 2087//2087 2039//2039 2083//2083 
f 2041//2041 2048//2048 2042//2042 
f 2047//2047 2048//2048 2041//2041 
f 2042//2042 2048//2048 2045//2045 
f 2043//2043 2046//2046 2049//2049 
f 2043//2043 2050//2050 2044//2044 
f 2049//2049 2050//2050 2043//2043 
f 2044//2044 2050//2050 2088//2088 
f 2044//2044 2088//2088 2040//2040 
f 2040//2040 2088//2088 2084//2084 
f 2055//2055 2047//2047 2087//2087 
f 2089//2089 2055//2055 2087//2087 
f 2048//2048 2047//2047 2056//2056 
f 2056//2056 2047//2047 2055//2055 
f 2045//2045 2056//2056 2051//2051 
f 2048//2048 2056//2056 2045//2045 
f 2049//2049 2052//2052 2057//2057 
f 2046//2046 2052//2052 2049//2049 
f 2050//2050 2049//2049 2058//2058 
f 2058//2058 2049//2049 2057//2057 
f 2090//2090 2088//2088 2050//2050 
f 2058//2058 2090//2090 2050//2050 
f 2055//2055 2089//2089 2091//2091 
f 2056//2056 2055//2055 2091//2091 
f 2092//2092 2056//2056 2091//2091 
f 2051//2051 2056//2056 2092//2092 
f 2051//2051 2092//2092 2053//2053 
f 2053//2053 2092//2092 2093//2093 
f 2054//2054 2053//2053 2094//2094 
f 2053//2053 2093//2093 2094//2094 
f 2057//2057 2052//2052 2054//2054 
f 2057//2057 2054//2054 2095//2095 
f 2095//2095 2054//2054 2094//2094 
f 2058//2058 2057//2057 2095//2095 
f 2096//2096 2058//2058 2095//2095 
f 2090//2090 2058//2058 2096//2096 
f 2059//2059 2097//2097 2103//2103 
f 2065//2065 2059//2059 2103//2103 
f 2060//2060 2098//2098 2059//2059 
f 2059//2059 2098//2098 2097//2097 
f 2061//2061 2099//2099 2060//2060 
f 2060//2060 2099//2099 2098//2098 
f 2062//2062 2100//2100 2061//2061 
f 2061//2061 2100//2100 2099//2099 
f 2063//2063 2101//2101 2062//2062 
f 2062//2062 2101//2101 2100//2100 
f 2064//2064 2102//2102 2063//2063 
f 2063//2063 2102//2102 2101//2101 
f 2102//2102 2064//2064 2066//2066 
f 2104//2104 2102//2102 2066//2066 
f 2065//2065 2103//2103 2067//2067 
f 2103//2103 2105//2105 2067//2067 
f 2066//2066 2068//2068 2104//2104 
f 2104//2104 2068//2068 2106//2106 
f 2069//2069 2107//2107 2109//2109 
f 2071//2071 2069//2069 2109//2109 
f 2070//2070 2108//2108 2069//2069 
f 2069//2069 2108//2108 2107//2107 
f 2105//2105 2070//2070 2067//2067 
f 2108//2108 2070//2070 2105//2105 
f 2068//2068 2072//2072 2106//2106 
f 2106//2106 2072//2072 2110//2110 
f 2071//2071 2109//2109 2073//2073 
f 2109//2109 2111//2111 2073//2073 
f 2072//2072 2074//2074 2110//2110 
f 2110//2110 2074//2074 2112//2112 
f 2073//2073 2111//2111 2075//2075 
f 2111//2111 2113//2113 2075//2075 
f 2074//2074 2076//2076 2112//2112 
f 2112//2112 2076//2076 2114//2114 
f 2081//2081 2077//2077 2075//2075 
f 2081//2081 2075//2075 2115//2115 
f 2115//2115 2075//2075 2113//2113 
f 2077//2077 2082//2082 2078//2078 
f 2081//2081 2082//2082 2077//2077 
f 2078//2078 2082//2082 2079//2079 
f 2076//2076 2080//2080 2114//2114 
f 2114//2114 2080//2080 2116//2116 
f 2085//2085 2081//2081 2115//2115 
f 2117//2117 2085//2085 2115//2115 
f 2082//2082 2081//2081 2086//2086 
f 2086//2086 2081//2081 2085//2085 
f 2079//2079 2086//2086 2083//2083 
f 2082//2082 2086//2086 2079//2079 
f 2080//2080 2084//2084 2116//2116 
f 2116//2116 2084//2084 2118//2118 
f 2085//2085 2117//2117 2119//2119 
f 2086//2086 2085//2085 2119//2119 
f 2120//2120 2086//2086 2119//2119 
f 2120//2120 2083//2083 2086//2086 
f 2120//2120 2121//2121 2083//2083 
f 2121//2121 2087//2087 2083//2083 
f 2084//2084 2088//2088 2118//2118 
f 2118//2118 2088//2088 2122//2122 
f 2087//2087 2121//2121 2089//2089 
f 2121//2121 2125//2125 2089//2089 
f 2088//2088 2090//2090 2122//2122 
f 2122//2122 2090//2090 2126//2126 
f 2089//2089 2125//2125 2127//2127 
f 2091//2091 2089//2089 2127//2127 
f 2092//2092 2091//2091 2128//2128 
f 2091//2091 2127//2127 2128//2128 
f 2093//2093 2092//2092 2129//2129 
f 2092//2092 2128//2128 2129//2129 
f 2094//2094 2093//2093 2130//2130 
f 2093//2093 2129//2129 2130//2130 
f 2095//2095 2094//2094 2131//2131 
f 2094//2094 2130//2130 2131//2131 
f 2096//2096 2095//2095 2132//2132 
f 2095//2095 2131//2131 2132//2132 
f 2126//2126 2090//2090 2096//2096 
f 2132//2132 2126//2126 2096//2096 
f 2097//2097 2135//2135 2141//2141 
f 2103//2103 2097//2097 2141//2141 
f 2098//2098 2136//2136 2097//2097 
f 2097//2097 2136//2136 2135//2135 
f 2099//2099 2137//2137 2098//2098 
f 2098//2098 2137//2137 2136//2136 
f 2100//2100 2138//2138 2099//2099 
f 2099//2099 2138//2138 2137//2137 
f 2101//2101 2139//2139 2100//2100 
f 2100//2100 2139//2139 2138//2138 
f 2102//2102 2140//2140 2101//2101 
f 2101//2101 2140//2140 2139//2139 
f 2140//2140 2102//2102 2104//2104 
f 2142//2142 2140//2140 2104//2104 
f 2103//2103 2141//2141 2105//2105 
f 2141//2141 2143//2143 2105//2105 
f 2104//2104 2106//2106 2142//2142 
f 2142//2142 2106//2106 2144//2144 
f 2107//2107 2145//2145 2147//2147 
f 2109//2109 2107//2107 2147//2147 
f 2108//2108 2146//2146 2107//2107 
f 2107//2107 2146//2146 2145//2145 
f 2143//2143 2108//2108 2105//2105 
f 2146//2146 2108//2108 2143//2143 
f 2106//2106 2110//2110 2144//2144 
f 2144//2144 2110//2110 2148//2148 
f 2109//2109 2147//2147 2111//2111 
f 2147//2147 2149//2149 2111//2111 
f 2110//2110 2112//2112 2148//2148 
f 2148//2148 2112//2112 2150//2150 
f 2111//2111 2149//2149 2113//2113 
f 2149//2149 2151//2151 2113//2113 
f 2112//2112 2114//2114 2150//2150 
f 2150//2150 2114//2114 2152//2152 
f 2113//2113 2151//2151 2115//2115 
f 2151//2151 2153//2153 2115//2115 
f 2114//2114 2116//2116 2152//2152 
f 2152//2152 2116//2116 2154//2154 
f 2115//2115 2153//2153 2117//2117 
f 2153//2153 2155//2155 2117//2117 
f 2116//2116 2118//2118 2154//2154 
f 2154//2154 2118//2118 2156//2156 
f 2117//2117 2155//2155 2157//2157 
f 2119//2119 2117//2117 2157//2157 
f 2120//2120 2119//2119 2158//2158 
f 2119//2119 2157//2157 2158//2158 
f 2158//2158 2121//2121 2120//2120 
f 2161//2161 2121//2121 2158//2158 
f 2123//2123 2162//2162 2159//2159 
f 2123//2123 2160//2160 2124//2124 
f 2159//2159 2160//2160 2123//2123 
f 2124//2124 2160//2160 2156//2156 
f 2124//2124 2156//2156 2122//2122 
f 2122//2122 2156//2156 2118//2118 
f 2121//2121 2161//2161 2125//2125 
f 2161//2161 2165//2165 2125//2125 
f 2133//2133 2162//2162 2123//2123 
f 2166//2166 2162//2162 2133//2133 
f 2124//2124 2134//2134 2123//2123 
f 2134//2134 2133//2133 2123//2123 
f 2122//2122 2126//2126 2134//2134 
f 2124//2124 2122//2122 2134//2134 
f 2125//2125 2165//2165 2167//2167 
f 2127//2127 2125//2125 2167//2167 
f 2128//2128 2127//2127 2168//2168 
f 2127//2127 2167//2167 2168//2168 
f 2129//2129 2128//2128 2169//2169 
f 2128//2128 2168//2168 2169//2169 
f 2130//2130 2129//2129 2170//2170 
f 2129//2129 2169//2169 2170//2170 
f 2166//2166 2133//2133 2131//2131 
f 2166//2166 2131//2131 2170//2170 
f 2170//2170 2131//2131 2130//2130 
f 2132//2132 2131//2131 2133//2133 
f 2134//2134 2132//2132 2133//2133 
f 2126//2126 2132//2132 2134//2134 
f 2135//2135 2173//2173 2179//2179 
f 2141//2141 2135//2135 2179//2179 
f 2136//2136 2174//2174 2135//2135 
f 2135//2135 2174//2174 2173//2173 
f 2137//2137 2175//2175 2136//2136 
f 2136//2136 2175//2175 2174//2174 
f 2138//2138 2176//2176 2137//2137 
f 2137//2137 2176//2176 2175//2175 
f 2139//2139 2177//2177 2138//2138 
f 2138//2138 2177//2177 2176//2176 
f 2140//2140 2178//2178 2139//2139 
f 2139//2139 2178//2178 2177//2177 
f 2178//2178 2140//2140 2142//2142 
f 2180//2180 2178//2178 2142//2142 
f 2141//2141 2179//2179 2143//2143 
f 2179//2179 2181//2181 2143//2143 
f 2142//2142 2144//2144 2180//2180 
f 2180//2180 2144//2144 2182//2182 
f 2145//2145 2183//2183 2185//2185 
f 2147//2147 2145//2145 2185//2185 
f 2146//2146 2184//2184 2145//2145 
f 2145//2145 2184//2184 2183//2183 
f 2181//2181 2146//2146 2143//2143 
f 2184//2184 2146//2146 2181//2181 
f 2144//2144 2148//2148 2182//2182 
f 2182//2182 2148//2148 2186//2186 
f 2147//2147 2185//2185 2149//2149 
f 2185//2185 2187//2187 2149//2149 
f 2148//2148 2150//2150 2186//2186 
f 2186//2186 2150//2150 2188//2188 
f 2149//2149 2187//2187 2151//2151 
f 2187//2187 2189//2189 2151//2151 
f 2150//2150 2152//2152 2188//2188 
f 2188//2188 2152//2152 2190//2190 
f 2151//2151 2189//2189 2153//2153 
f 2189//2189 2191//2191 2153//2153 
f 2152//2152 2154//2154 2190//2190 
f 2190//2190 2154//2154 2192//2192 
f 2153//2153 2191//2191 2155//2155 
f 2191//2191 2193//2193 2155//2155 
f 2154//2154 2156//2156 2192//2192 
f 2192//2192 2156//2156 2194//2194 
f 2155//2155 2193//2193 2195//2195 
f 2157//2157 2155//2155 2195//2195 
f 2158//2158 2157//2157 2196//2196 
f 2157//2157 2195//2195 2196//2196 
f 2161//2161 2197//2197 2163//2163 
f 2161//2161 2158//2158 2197//2197 
f 2158//2158 2196//2196 2197//2197 
f 2163//2163 2198//2198 2164//2164 
f 2197//2197 2198//2198 2163//2163 
f 2198//2198 2201//2201 2164//2164 
f 2159//2159 2202//2202 2199//2199 
f 2162//2162 2202//2202 2159//2159 
f 2160//2160 2159//2159 2200//2200 
f 2159//2159 2199//2199 2200//2200 
f 2194//2194 2156//2156 2160//2160 
f 2200//2200 2194//2194 2160//2160 
f 2163//2163 2171//2171 2165//2165 
f 2161//2161 2163//2163 2165//2165 
f 2164//2164 2172//2172 2163//2163 
f 2172//2172 2171//2171 2163//2163 
f 2203//2203 2164//2164 2201//2201 
f 2172//2172 2164//2164 2203//2203 
f 2162//2162 2166//2166 2202//2202 
f 2202//2202 2166//2166 2204//2204 
f 2165//2165 2171//2171 2167//2167 
f 2168//2168 2167//2167 2171//2171 
f 2172//2172 2168//2168 2171//2171 
f 2172//2172 2203//2203 2205//2205 
f 2172//2172 2205//2205 2168//2168 
f 2168//2168 2205//2205 2169//2169 
f 2170//2170 2169//2169 2206//2206 
f 2169//2169 2205//2205 2206//2206 
f 2204//2204 2166//2166 2170//2170 
f 2206//2206 2204//2204 2170//2170 
f 2173//2173 2207//2207 2213//2213 
f 2179//2179 2173//2173 2213//2213 
f 2174//2174 2208//2208 2173//2173 
f 2173//2173 2208//2208 2207//2207 
f 2175//2175 2209//2209 2174//2174 
f 2174//2174 2209//2209 2208//2208 
f 2176//2176 2210//2210 2175//2175 
f 2175//2175 2210//2210 2209//2209 
f 2177//2177 2211//2211 2176//2176 
f 2176//2176 2211//2211 2210//2210 
f 2178//2178 2212//2212 2177//2177 
f 2177//2177 2212//2212 2211//2211 
f 2212//2212 2178//2178 2180//2180 
f 2214//2214 2212//2212 2180//2180 
f 2179//2179 2213//2213 2181//2181 
f 2213//2213 2215//2215 2181//2181 
f 2180//2180 2182//2182 2214//2214 
f 2214//2214 2182//2182 2216//2216 
f 2183//2183 2217//2217 2219//2219 
f 2185//2185 2183//2183 2219//2219 
f 2184//2184 2218//2218 2183//2183 
f 2183//2183 2218//2218 2217//2217 
f 2215//2215 2184//2184 2181//2181 
f 2218//2218 2184//2184 2215//2215 
f 2182//2182 2186//2186 2216//2216 
f 2216//2216 2186//2186 2220//2220 
f 2185//2185 2219//2219 2187//2187 
f 2219//2219 2221//2221 2187//2187 
f 2186//2186 2188//2188 2220//2220 
f 2220//2220 2188//2188 2222//2222 
f 2187//2187 2221//2221 2189//2189 
f 2221//2221 2223//2223 2189//2189 
f 2188//2188 2190//2190 2222//2222 
f 2222//2222 2190//2190 2224//2224 
f 2189//2189 2223//2223 2191//2191 
f 2223//2223 2225//2225 2191//2191 
f 2190//2190 2192//2192 2224//2224 
f 2224//2224 2192//2192 2226//2226 
f 2191//2191 2225//2225 2193//2193 
f 2225//2225 2227//2227 2193//2193 
f 2192//2192 2194//2194 2226//2226 
f 2226//2226 2194//2194 2228//2228 
f 2193//2193 2227//2227 2229//2229 
f 2195//2195 2193//2193 2229//2229 
f 2196//2196 2195//2195 2230//2230 
f 2195//2195 2229//2229 2230//2230 
f 2197//2197 2196//2196 2231//2231 
f 2196//2196 2230//2230 2231//2231 
f 2198//2198 2197//2197 2232//2232 
f 2197//2197 2231//2231 2232//2232 
f 2232//2232 2201//2201 2198//2198 
f 2235//2235 2201//2201 2232//2232 
f 2199//2199 2236//2236 2233//2233 
f 2202//2202 2236//2236 2199//2199 
f 2200//2200 2199//2199 2234//2234 
f 2199//2199 2233//2233 2234//2234 
f 2228//2228 2194//2194 2200//2200 
f 2234//2234 2228//2228 2200//2200 
f 2201//2201 2235//2235 2203//2203 
f 2235//2235 2239//2239 2203//2203 
f 2202//2202 2204//2204 2236//2236 
f 2236//2236 2204//2204 2240//2240 
f 2203//2203 2239//2239 2241//2241 
f 2205//2205 2203//2203 2241//2241 
f 2206//2206 2205//2205 2242//2242 
f 2205//2205 2241//2241 2242//2242 
f 2240//2240 2204//2204 2206//2206 
f 2242//2242 2240//2240 2206//2206 
f 2207//2207 2245//2245 2251//2251 
f 2213//2213 2207//2207 2251//2251 
f 2208//2208 2246//2246 2207//2207 
f 2207//2207 2246//2246 2245//2245 
f 2209//2209 2247//2247 2208//2208 
f 2208//2208 2247//2247 2246//2246 
f 2210//2210 2248//2248 2209//2209 
f 2209//2209 2248//2248 2247//2247 
f 2211//2211 2249//2249 2210//2210 
f 2210//2210 2249//2249 2248//2248 
f 2212//2212 2250//2250 2211//2211 
f 2211//2211 2250//2250 2249//2249 
f 2250//2250 2212//2212 2214//2214 
f 2252//2252 2250//2250 2214//2214 
f 2213//2213 2251//2251 2215//2215 
f 2251//2251 2253//2253 2215//2215 
f 2214//2214 2216//2216 2252//2252 
f 2252//2252 2216//2216 2254//2254 
f 2217//2217 2255//2255 2257//2257 
f 2219//2219 2217//2217 2257//2257 
f 2218//2218 2256//2256 2217//2217 
f 2217//2217 2256//2256 2255//2255 
f 2253//2253 2218//2218 2215//2215 
f 2256//2256 2218//2218 2253//2253 
f 2216//2216 2220//2220 2254//2254 
f 2254//2254 2220//2220 2258//2258 
f 2219//2219 2257//2257 2221//2221 
f 2257//2257 2259//2259 2221//2221 
f 2220//2220 2222//2222 2258//2258 
f 2258//2258 2222//2222 2260//2260 
f 2221//2221 2259//2259 2223//2223 
f 2259//2259 2261//2261 2223//2223 
f 2222//2222 2224//2224 2260//2260 
f 2260//2260 2224//2224 2262//2262 
f 2223//2223 2261//2261 2225//2225 
f 2261//2261 2263//2263 2225//2225 
f 2224//2224 2226//2226 2262//2262 
f 2262//2262 2226//2226 2264//2264 
f 2225//2225 2263//2263 2227//2227 
f 2263//2263 2267//2267 2227//2227 
f 2226//2226 2228//2228 2264//2264 
f 2264//2264 2228//2228 2268//2268 
f 2227//2227 2267//2267 2269//2269 
f 2229//2229 2227//2227 2269//2269 
f 2230//2230 2229//2229 2270//2270 
f 2229//2229 2269//2269 2270//2270 
f 2231//2231 2230//2230 2271//2271 
f 2230//2230 2270//2270 2271//2271 
f 2232//2232 2231//2231 2272//2272 
f 2231//2231 2271//2271 2272//2272 
f 2235//2235 2273//2273 2237//2237 
f 2235//2235 2232//2232 2273//2273 
f 2232//2232 2272//2272 2273//2273 
f 2237//2237 2274//2274 2238//2238 
f 2273//2273 2274//2274 2237//2237 
f 2238//2238 2233//2233 2236//2236 
f 2238//2238 2274//2274 2233//2233 
f 2274//2274 2275//2275 2233//2233 
f 2234//2234 2233//2233 2276//2276 
f 2233//2233 2275//2275 2276//2276 
f 2268//2268 2228//2228 2234//2234 
f 2276//2276 2268//2268 2234//2234 
f 2237//2237 2243//2243 2239//2239 
f 2235//2235 2237//2237 2239//2239 
f 2238//2238 2244//2244 2237//2237 
f 2244//2244 2243//2243 2237//2237 
f 2236//2236 2240//2240 2244//2244 
f 2238//2238 2236//2236 2244//2244 
f 2239//2239 2243//2243 2241//2241 
f 2242//2242 2241//2241 2243//2243 
f 2244//2244 2242//2242 2243//2243 
f 2240//2240 2242//2242 2244//2244 
f 2245//2245 2279//2279 2285//2285 
f 2251//2251 2245//2245 2285//2285 
f 2246//2246 2280//2280 2245//2245 
f 2245//2245 2280//2280 2279//2279 
f 2247//2247 2281//2281 2246//2246 
f 2246//2246 2281//2281 2280//2280 
f 2248//2248 2282//2282 2247//2247 
f 2247//2247 2282//2282 2281//2281 
f 2249//2249 2283//2283 2248//2248 
f 2248//2248 2283//2283 2282//2282 
f 2250//2250 2284//2284 2249//2249 
f 2249//2249 2284//2284 2283//2283 
f 2284//2284 2250//2250 2252//2252 
f 2286//2286 2284//2284 2252//2252 
f 2251//2251 2285//2285 2253//2253 
f 2285//2285 2289//2289 2253//2253 
f 2252//2252 2254//2254 2286//2286 
f 2286//2286 2254//2254 2290//2290 
f 2255//2255 2291//2291 2295//2295 
f 2257//2257 2255//2255 2295//2295 
f 2256//2256 2292//2292 2255//2255 
f 2255//2255 2292//2292 2291//2291 
f 2289//2289 2256//2256 2253//2253 
f 2292//2292 2256//2256 2289//2289 
f 2254//2254 2258//2258 2290//2290 
f 2290//2290 2258//2258 2296//2296 
f 2257//2257 2295//2295 2259//2259 
f 2295//2295 2297//2297 2259//2259 
f 2258//2258 2260//2260 2296//2296 
f 2296//2296 2260//2260 2298//2298 
f 2259//2259 2297//2297 2261//2261 
f 2297//2297 2299//2299 2261//2261 
f 2260//2260 2262//2262 2298//2298 
f 2298//2298 2262//2262 2300//2300 
f 2301//2301 2265//2265 2263//2263 
f 2301//2301 2263//2263 2299//2299 
f 2299//2299 2263//2263 2261//2261 
f 2265//2265 2302//2302 2266//2266 
f 2301//2301 2302//2302 2265//2265 
f 2302//2302 2303//2303 2266//2266 
f 2262//2262 2264//2264 2300//2300 
f 2300//2300 2264//2264 2304//2304 
f 2265//2265 2277//2277 2267//2267 
f 2263//2263 2265//2265 2267//2267 
f 2266//2266 2278//2278 2265//2265 
f 2278//2278 2277//2277 2265//2265 
f 2307//2307 2266//2266 2303//2303 
f 2278//2278 2266//2266 2307//2307 
f 2264//2264 2268//2268 2304//2304 
f 2304//2304 2268//2268 2308//2308 
f 2267//2267 2277//2277 2269//2269 
f 2270//2270 2269//2269 2277//2277 
f 2278//2278 2270//2270 2277//2277 
f 2278//2278 2307//2307 2309//2309 
f 2278//2278 2309//2309 2270//2270 
f 2270//2270 2309//2309 2271//2271 
f 2272//2272 2271//2271 2310//2310 
f 2271//2271 2309//2309 2310//2310 
f 2273//2273 2272//2272 2311//2311 
f 2272//2272 2310//2310 2311//2311 
f 2274//2274 2273//2273 2312//2312 
f 2273//2273 2311//2311 2312//2312 
f 2275//2275 2274//2274 2313//2313 
f 2274//2274 2312//2312 2313//2313 
f 2276//2276 2275//2275 2314//2314 
f 2275//2275 2313//2313 2314//2314 
f 2308//2308 2268//2268 2276//2276 
f 2314//2314 2308//2308 2276//2276 
f 2287//2287 2321//2321 2333//2333 
f 2287//2287 2288//2288 2322//2322 
f 2321//2321 2287//2287 2322//2322 
f 2288//2288 2285//2285 2279//2279 
f 2288//2288 2279//2279 2322//2322 
f 2322//2322 2279//2279 2323//2323 
f 2280//2280 2324//2324 2279//2279 
f 2279//2279 2324//2324 2323//2323 
f 2281//2281 2325//2325 2280//2280 
f 2280//2280 2325//2325 2324//2324 
f 2282//2282 2326//2326 2281//2281 
f 2281//2281 2326//2326 2325//2325 
f 2283//2283 2327//2327 2282//2282 
f 2282//2282 2327//2327 2326//2326 
f 2284//2284 2328//2328 2283//2283 
f 2283//2283 2328//2328 2327//2327 
f 2328//2328 2284//2284 2286//2286 
f 2334//2334 2328//2328 2286//2286 
f 2293//2293 2287//2287 2333//2333 
f 2335//2335 2293//2293 2333//2333 
f 2288//2288 2287//2287 2294//2294 
f 2294//2294 2287//2287 2293//2293 
f 2285//2285 2294//2294 2289//2289 
f 2288//2288 2294//2294 2285//2285 
f 2286//2286 2290//2290 2334//2334 
f 2334//2334 2290//2290 2336//2336 
f 2291//2291 2293//2293 2335//2335 
f 2291//2291 2335//2335 2295//2295 
f 2295//2295 2335//2335 2337//2337 
f 2292//2292 2293//2293 2291//2291 
f 2294//2294 2293//2293 2292//2292 
f 2289//2289 2294//2294 2292//2292 
f 2290//2290 2296//2296 2336//2336 
f 2336//2336 2296//2296 2338//2338 
f 2295//2295 2337//2337 2297//2297 
f 2337//2337 2339//2339 2297//2297 
f 2296//2296 2298//2298 2338//2338 
f 2338//2338 2298//2298 2340//2340 
f 2297//2297 2339//2339 2299//2299 
f 2339//2339 2341//2341 2299//2299 
f 2298//2298 2300//2300 2340//2340 
f 2340//2340 2300//2300 2342//2342 
f 2299//2299 2341//2341 2343//2343 
f 2301//2301 2299//2299 2343//2343 
f 2302//2302 2301//2301 2344//2344 
f 2301//2301 2343//2343 2344//2344 
f 2344//2344 2303//2303 2302//2302 
f 2347//2347 2303//2303 2344//2344 
f 2305//2305 2348//2348 2345//2345 
f 2305//2305 2346//2346 2306//2306 
f 2345//2345 2346//2346 2305//2305 
f 2306//2306 2346//2346 2342//2342 
f 2306//2306 2342//2342 2304//2304 
f 2304//2304 2342//2342 2300//2300 
f 2303//2303 2347//2347 2307//2307 
f 2347//2347 2349//2349 2307//2307 
f 2315//2315 2348//2348 2305//2305 
f 2350//2350 2348//2348 2315//2315 
f 2306//2306 2316//2316 2305//2305 
f 2316//2316 2315//2315 2305//2305 
f 2304//2304 2308//2308 2316//2316 
f 2306//2306 2304//2304 2316//2316 
f 2307//2307 2349//2349 2351//2351 
f 2309//2309 2307//2307 2351//2351 
f 2310//2310 2309//2309 2352//2352 
f 2309//2309 2351//2351 2352//2352 
f 2311//2311 2310//2310 2353//2353 
f 2310//2310 2352//2352 2353//2353 
f 2312//2312 2311//2311 2354//2354 
f 2311//2311 2353//2353 2354//2354 
f 2350//2350 2315//2315 2313//2313 
f 2350//2350 2313//2313 2354//2354 
f 2354//2354 2313//2313 2312//2312 
f 2314//2314 2313//2313 2315//2315 
f 2316//2316 2314//2314 2315//2315 
f 2308//2308 2314//2314 2316//2316 
f 2317//2317 2355//2355 2359//2359 
f 2317//2317 2318//2318 2356//2356 
f 2355//2355 2317//2317 2356//2356 
f 2318//2318 2319//2319 2357//2357 
f 2356//2356 2318//2318 2357//2357 
f 2319//2319 2320//2320 2358//2358 
f 2357//2357 2319//2319 2358//2358 
f 2358//2358 2320//2320 2360//2360 
f 2329//2329 2317//2317 2359//2359 
f 2361//2361 2329//2329 2359//2359 
f 2318//2318 2317//2317 2330//2330 
f 2330//2330 2317//2317 2329//2329 
f 2319//2319 2318//2318 2331//2331 
f 2331//2331 2318//2318 2330//2330 
f 2320//2320 2319//2319 2332//2332 
f 2332//2332 2319//2319 2331//2331 
f 2362//2362 2360//2360 2320//2320 
f 2332//2332 2362//2362 2320//2320 
f 2321//2321 2363//2363 2367//2367 
f 2333//2333 2321//2321 2367//2367 
f 2322//2322 2364//2364 2321//2321 
f 2321//2321 2364//2364 2363//2363 
f 2361//2361 2323//2323 2329//2329 
f 2361//2361 2364//2364 2323//2323 
f 2364//2364 2322//2322 2323//2323 
f 2324//2324 2329//2329 2323//2323 
f 2330//2330 2329//2329 2324//2324 
f 2325//2325 2330//2330 2324//2324 
f 2331//2331 2330//2330 2325//2325 
f 2326//2326 2331//2331 2325//2325 
f 2332//2332 2331//2331 2326//2326 
f 2332//2332 2365//2365 2362//2362 
f 2332//2332 2326//2326 2365//2365 
f 2326//2326 2327//2327 2365//2365 
f 2328//2328 2366//2366 2327//2327 
f 2327//2327 2366//2366 2365//2365 
f 2366//2366 2328//2328 2334//2334 
f 2368//2368 2366//2366 2334//2334 
f 2333//2333 2367//2367 2335//2335 
f 2367//2367 2369//2369 2335//2335 
f 2334//2334 2336//2336 2368//2368 
f 2368//2368 2336//2336 2370//2370 
f 2335//2335 2369//2369 2337//2337 
f 2369//2369 2371//2371 2337//2337 
f 2336//2336 2338//2338 2370//2370 
f 2370//2370 2338//2338 2372//2372 
f 2337//2337 2371//2371 2339//2339 
f 2371//2371 2373//2373 2339//2339 
f 2338//2338 2340//2340 2372//2372 
f 2372//2372 2340//2340 2374//2374 
f 2339//2339 2373//2373 2341//2341 
f 2373//2373 2375//2375 2341//2341 
f 2340//2340 2342//2342 2374//2374 
f 2374//2374 2342//2342 2376//2376 
f 2341//2341 2375//2375 2377//2377 
f 2343//2343 2341//2341 2377//2377 
f 2344//2344 2343//2343 2378//2378 
f 2343//2343 2377//2377 2378//2378 
f 2378//2378 2347//2347 2344//2344 
f 2381//2381 2347//2347 2378//2378 
f 2345//2345 2382//2382 2379//2379 
f 2348//2348 2382//2382 2345//2345 
f 2346//2346 2345//2345 2380//2380 
f 2345//2345 2379//2379 2380//2380 
f 2376//2376 2342//2342 2346//2346 
f 2380//2380 2376//2376 2346//2346 
f 2347//2347 2381//2381 2349//2349 
f 2381//2381 2383//2383 2349//2349 
f 2348//2348 2350//2350 2382//2382 
f 2382//2382 2350//2350 2384//2384 
f 2349//2349 2383//2383 2385//2385 
f 2351//2351 2349//2349 2385//2385 
f 2352//2352 2351//2351 2386//2386 
f 2351//2351 2385//2385 2386//2386 
f 2353//2353 2352//2352 2387//2387 
f 2352//2352 2386//2386 2387//2387 
f 2354//2354 2353//2353 2388//2388 
f 2353//2353 2387//2387 2388//2388 
f 2384//2384 2350//2350 2354//2354 
f 2388//2388 2384//2384 2354//2354 
f 2355//2355 2389//2389 2393//2393 
f 2359//2359 2355//2355 2393//2393 
f 2356//2356 2390//2390 2355//2355 
f 2355//2355 2390//2390 2389//2389 
f 2357//2357 2391//2391 2356//2356 
f 2356//2356 2391//2391 2390//2390 
f 2358//2358 2392//2392 2357//2357 
f 2357//2357 2392//2392 2391//2391 
f 2392//2392 2358//2358 2360//2360 
f 2394//2394 2392//2392 2360//2360 
f 2359//2359 2393//2393 2361//2361 
f 2393//2393 2395//2395 2361//2361 
f 2360//2360 2362//2362 2394//2394 
f 2394//2394 2362//2362 2396//2396 
f 2363//2363 2397//2397 2401//2401 
f 2367//2367 2363//2363 2401//2401 
f 2364//2364 2398//2398 2363//2363 
f 2363//2363 2398//2398 2397//2397 
f 2395//2395 2364//2364 2361//2361 
f 2398//2398 2364//2364 2395//2395 
f 2362//2362 2399//2399 2396//2396 
f 2365//2365 2399//2399 2362//2362 
f 2366//2366 2400//2400 2365//2365 
f 2365//2365 2400//2400 2399//2399 
f 2400//2400 2366//2366 2368//2368 
f 2402//2402 2400//2400 2368//2368 
f 2367//2367 2401//2401 2369//2369 
f 2401//2401 2403//2403 2369//2369 
f 2368//2368 2370//2370 2402//2402 
f 2402//2402 2370//2370 2404//2404 
f 2369//2369 2403//2403 2371//2371 
f 2403//2403 2405//2405 2371//2371 
f 2370//2370 2372//2372 2404//2404 
f 2404//2404 2372//2372 2406//2406 
f 2371//2371 2405//2405 2373//2373 
f 2405//2405 2407//2407 2373//2373 
f 2372//2372 2374//2374 2406//2406 
f 2406//2406 2374//2374 2408//2408 
f 2373//2373 2407//2407 2375//2375 
f 2407//2407 2409//2409 2375//2375 
f 2374//2374 2376//2376 2408//2408 
f 2408//2408 2376//2376 2410//2410 
f 2375//2375 2409//2409 2411//2411 
f 2377//2377 2375//2375 2411//2411 
f 2378//2378 2377//2377 2412//2412 
f 2377//2377 2411//2411 2412//2412 
f 2412//2412 2381//2381 2378//2378 
f 2415//2415 2381//2381 2412//2412 
f 2379//2379 2416//2416 2413//2413 
f 2382//2382 2416//2416 2379//2379 
f 2380//2380 2379//2379 2414//2414 
f 2379//2379 2413//2413 2414//2414 
f 2410//2410 2376//2376 2380//2380 
f 2414//2414 2410//2410 2380//2380 
f 2381//2381 2415//2415 2383//2383 
f 2415//2415 2417//2417 2383//2383 
f 2382//2382 2384//2384 2416//2416 
f 2416//2416 2384//2384 2418//2418 
f 2383//2383 2417//2417 2419//2419 
f 2385//2385 2383//2383 2419//2419 
f 2386//2386 2385//2385 2420//2420 
f 2385//2385 2419//2419 2420//2420 
f 2387//2387 2386//2386 2421//2421 
f 2386//2386 2420//2420 2421//2421 
f 2388//2388 2387//2387 2422//2422 
f 2387//2387 2421//2421 2422//2422 
f 2418//2418 2384//2384 2388//2388 
f 2422//2422 2418//2418 2388//2388 
f 2389//2389 2423//2423 2427//2427 
f 2393//2393 2389//2389 2427//2427 
f 2390//2390 2424//2424 2389//2389 
f 2389//2389 2424//2424 2423//2423 
f 2391//2391 2425//2425 2390//2390 
f 2390//2390 2425//2425 2424//2424 
f 2392//2392 2426//2426 2391//2391 
f 2391//2391 2426//2426 2425//2425 
f 2426//2426 2392//2392 2394//2394 
f 2428//2428 2426//2426 2394//2394 
f 2393//2393 2427//2427 2395//2395 
f 2427//2427 2431//2431 2395//2395 
f 2394//2394 2396//2396 2428//2428 
f 2428//2428 2396//2396 2432//2432 
f 2397//2397 2433//2433 2439//2439 
f 2401//2401 2397//2397 2439//2439 
f 2398//2398 2434//2434 2397//2397 
f 2397//2397 2434//2434 2433//2433 
f 2431//2431 2398//2398 2395//2395 
f 2434//2434 2398//2398 2431//2431 
f 2396//2396 2435//2435 2432//2432 
f 2399//2399 2435//2435 2396//2396 
f 2400//2400 2436//2436 2399//2399 
f 2399//2399 2436//2436 2435//2435 
f 2436//2436 2400//2400 2402//2402 
f 2440//2440 2436//2436 2402//2402 
f 2401//2401 2439//2439 2403//2403 
f 2439//2439 2441//2441 2403//2403 
f 2402//2402 2404//2404 2440//2440 
f 2440//2440 2404//2404 2442//2442 
f 2403//2403 2441//2441 2405//2405 
f 2441//2441 2443//2443 2405//2405 
f 2404//2404 2406//2406 2442//2442 
f 2442//2442 2406//2406 2444//2444 
f 2405//2405 2443//2443 2407//2407 
f 2443//2443 2445//2445 2407//2407 
f 2406//2406 2408//2408 2444//2444 
f 2444//2444 2408//2408 2446//2446 
f 2407//2407 2445//2445 2409//2409 
f 2445//2445 2447//2447 2409//2409 
f 2408//2408 2410//2410 2446//2446 
f 2446//2446 2410//2410 2448//2448 
f 2409//2409 2447//2447 2449//2449 
f 2411//2411 2409//2409 2449//2449 
f 2412//2412 2411//2411 2450//2450 
f 2411//2411 2449//2449 2450//2450 
f 2450//2450 2415//2415 2412//2412 
f 2453//2453 2415//2415 2450//2450 
f 2413//2413 2454//2454 2451//2451 
f 2416//2416 2454//2454 2413//2413 
f 2414//2414 2413//2413 2452//2452 
f 2413//2413 2451//2451 2452//2452 
f 2448//2448 2410//2410 2414//2414 
f 2452//2452 2448//2448 2414//2414 
f 2415//2415 2453//2453 2417//2417 
f 2453//2453 2457//2457 2417//2417 
f 2416//2416 2418//2418 2454//2454 
f 2454//2454 2418//2418 2458//2458 
f 2417//2417 2457//2457 2459//2459 
f 2419//2419 2417//2417 2459//2459 
f 2420//2420 2419//2419 2460//2460 
f 2419//2419 2459//2459 2460//2460 
f 2421//2421 2420//2420 2461//2461 
f 2420//2420 2460//2460 2461//2461 
f 2422//2422 2421//2421 2462//2462 
f 2421//2421 2461//2461 2462//2462 
f 2458//2458 2418//2418 2422//2422 
f 2462//2462 2458//2458 2422//2422 
f 2429//2429 2467//2467 2475//2475 
f 2429//2429 2430//2430 2468//2468 
f 2467//2467 2429//2429 2468//2468 
f 2430//2430 2427//2427 2423//2423 
f 2430//2430 2423//2423 2468//2468 
f 2468//2468 2423//2423 2469//2469 
f 2424//2424 2470//2470 2423//2423 
f 2423//2423 2470//2470 2469//2469 
f 2425//2425 2471//2471 2424//2424 
f 2424//2424 2471//2471 2470//2470 
f 2426//2426 2472//2472 2425//2425 
f 2425//2425 2472//2472 2471//2471 
f 2472//2472 2426//2426 2428//2428 
f 2476//2476 2472//2472 2428//2428 
f 2437//2437 2429//2429 2475//2475 
f 2479//2479 2437//2437 2475//2475 
f 2430//2430 2429//2429 2438//2438 
f 2438//2438 2429//2429 2437//2437 
f 2427//2427 2438//2438 2431//2431 
f 2430//2430 2438//2438 2427//2427 
f 2428//2428 2432//2432 2476//2476 
f 2476//2476 2432//2432 2480//2480 
f 2433//2433 2437//2437 2479//2479 
f 2433//2433 2479//2479 2439//2439 
f 2439//2439 2479//2479 2485//2485 
f 2434//2434 2437//2437 2433//2433 
f 2438//2438 2437//2437 2434//2434 
f 2431//2431 2438//2438 2434//2434 
f 2432//2432 2481//2481 2480//2480 
f 2435//2435 2481//2481 2432//2432 
f 2436//2436 2482//2482 2435//2435 
f 2435//2435 2482//2482 2481//2481 
f 2482//2482 2436//2436 2440//2440 
f 2486//2486 2482//2482 2440//2440 
f 2439//2439 2485//2485 2441//2441 
f 2485//2485 2489//2489 2441//2441 
f 2440//2440 2442//2442 2486//2486 
f 2486//2486 2442//2442 2490//2490 
f 2441//2441 2489//2489 2443//2443 
f 2489//2489 2493//2493 2443//2443 
f 2442//2442 2444//2444 2490//2490 
f 2490//2490 2444//2444 2494//2494 
f 2443//2443 2493//2493 2445//2445 
f 2493//2493 2495//2495 2445//2445 
f 2444//2444 2446//2446 2494//2494 
f 2494//2494 2446//2446 2496//2496 
f 2445//2445 2495//2495 2447//2447 
f 2495//2495 2497//2497 2447//2447 
f 2446//2446 2448//2448 2496//2496 
f 2496//2496 2448//2448 2498//2498 
f 2447//2447 2497//2497 2499//2499 
f 2449//2449 2447//2447 2499//2499 
f 2450//2450 2449//2449 2500//2500 
f 2449//2449 2499//2499 2500//2500 
f 2500//2500 2453//2453 2450//2450 
f 2507//2507 2453//2453 2500//2500 
f 2455//2455 2508//2508 2501//2501 
f 2455//2455 2502//2502 2456//2456 
f 2501//2501 2502//2502 2455//2455 
f 2456//2456 2451//2451 2454//2454 
f 2456//2456 2502//2502 2451//2451 
f 2502//2502 2503//2503 2451//2451 
f 2452//2452 2451//2451 2504//2504 
f 2451//2451 2503//2503 2504//2504 
f 2498//2498 2448//2448 2452//2452 
f 2504//2504 2498//2498 2452//2452 
f 2453//2453 2507//2507 2457//2457 
f 2507//2507 2511//2511 2457//2457 
f 2463//2463 2508//2508 2455//2455 
f 2512//2512 2508//2508 2463//2463 
f 2456//2456 2464//2464 2455//2455 
f 2464//2464 2463//2463 2455//2455 
f 2454//2454 2458//2458 2464//2464 
f 2456//2456 2454//2454 2464//2464 
f 2457//2457 2511//2511 2513//2513 
f 2459//2459 2457//2457 2513//2513 
f 2460//2460 2459//2459 2514//2514 
f 2459//2459 2513//2513 2514//2514 
f 2512//2512 2463//2463 2461//2461 
f 2512//2512 2461//2461 2514//2514 
f 2514//2514 2461//2461 2460//2460 
f 2462//2462 2461//2461 2463//2463 
f 2464//2464 2462//2462 2463//2463 
f 2458//2458 2462//2462 2464//2464 
f 2465//2465 2517//2517 2519//2519 
f 2465//2465 2466//2466 2518//2518 
f 2517//2517 2465//2465 2518//2518 
f 2518//2518 2466//2466 2520//2520 
f 2473//2473 2465//2465 2519//2519 
f 2525//2525 2473//2473 2519//2519 
f 2466//2466 2465//2465 2474//2474 
f 2474//2474 2465//2465 2473//2473 
f 2526//2526 2520//2520 2466//2466 
f 2474//2474 2526//2526 2466//2466 
f 2467//2467 2527//2527 2537//2537 
f 2475//2475 2467//2467 2537//2537 
f 2468//2468 2528//2528 2467//2467 
f 2467//2467 2528//2528 2527//2527 
f 2525//2525 2469//2469 2473//2473 
f 2525//2525 2528//2528 2469//2469 
f 2528//2528 2468//2468 2469//2469 
f 2470//2470 2473//2473 2469//2469 
f 2474//2474 2473//2473 2470//2470 
f 2474//2474 2529//2529 2526//2526 
f 2474//2474 2470//2470 2529//2529 
f 2470//2470 2471//2471 2529//2529 
f 2472//2472 2530//2530 2471//2471 
f 2471//2471 2530//2530 2529//2529 
f 2476//2476 2477//2477 2531//2531 
f 2476//2476 2531//2531 2472//2472 
f 2472//2472 2531//2531 2530//2530 
f 2477//2477 2478//2478 2532//2532 
f 2531//2531 2477//2477 2532//2532 
f 2532//2532 2478//2478 2538//2538 
f 2475//2475 2537//2537 2479//2479 
f 2537//2537 2541//2541 2479//2479 
f 2477//2477 2480//2480 2483//2483 
f 2476//2476 2480//2480 2477//2477 
f 2478//2478 2477//2477 2484//2484 
f 2484//2484 2477//2477 2483//2483 
f 2542//2542 2538//2538 2478//2478 
f 2484//2484 2542//2542 2478//2478 
f 2487//2487 2543//2543 2547//2547 
f 2487//2487 2488//2488 2544//2544 
f 2543//2543 2487//2487 2544//2544 
f 2488//2488 2541//2541 2544//2544 
f 2488//2488 2485//2485 2541//2541 
f 2485//2485 2479//2479 2541//2541 
f 2480//2480 2481//2481 2483//2483 
f 2482//2482 2483//2483 2481//2481 
f 2484//2484 2483//2483 2482//2482 
f 2484//2484 2482//2482 2486//2486 
f 2484//2484 2486//2486 2542//2542 
f 2542//2542 2486//2486 2548//2548 
f 2491//2491 2487//2487 2547//2547 
f 2549//2549 2491//2491 2547//2547 
f 2488//2488 2487//2487 2492//2492 
f 2492//2492 2487//2487 2491//2491 
f 2485//2485 2492//2492 2489//2489 
f 2488//2488 2492//2492 2485//2485 
f 2486//2486 2490//2490 2548//2548 
f 2548//2548 2490//2490 2550//2550 
f 2491//2491 2549//2549 2551//2551 
f 2492//2492 2491//2491 2551//2551 
f 2552//2552 2492//2492 2551//2551 
f 2552//2552 2489//2489 2492//2492 
f 2552//2552 2553//2553 2489//2489 
f 2553//2553 2493//2493 2489//2489 
f 2490//2490 2494//2494 2550//2550 
f 2550//2550 2494//2494 2554//2554 
f 2493//2493 2553//2553 2495//2495 
f 2553//2553 2557//2557 2495//2495 
f 2494//2494 2496//2496 2554//2554 
f 2554//2554 2496//2496 2558//2558 
f 2495//2495 2557//2557 2497//2497 
f 2557//2557 2563//2563 2497//2497 
f 2505//2505 2564//2564 2559//2559 
f 2505//2505 2560//2560 2506//2506 
f 2559//2559 2560//2560 2505//2505 
f 2506//2506 2560//2560 2558//2558 
f 2506//2506 2558//2558 2498//2498 
f 2498//2498 2558//2558 2496//2496 
f 2497//2497 2563//2563 2565//2565 
f 2499//2499 2497//2497 2565//2565 
f 2500//2500 2499//2499 2566//2566 
f 2499//2499 2565//2565 2566//2566 
f 2507//2507 2567//2567 2509//2509 
f 2507//2507 2500//2500 2567//2567 
f 2500//2500 2566//2566 2567//2567 
f 2509//2509 2568//2568 2510//2510 
f 2567//2567 2568//2568 2509//2509 
f 2510//2510 2501//2501 2508//2508 
f 2510//2510 2568//2568 2501//2501 
f 2568//2568 2569//2569 2501//2501 
f 2502//2502 2501//2501 2570//2570 
f 2501//2501 2569//2569 2570//2570 
f 2564//2564 2505//2505 2503//2503 
f 2564//2564 2503//2503 2570//2570 
f 2570//2570 2503//2503 2502//2502 
f 2504//2504 2503//2503 2505//2505 
f 2506//2506 2504//2504 2505//2505 
f 2498//2498 2504//2504 2506//2506 
f 2509//2509 2515//2515 2511//2511 
f 2507//2507 2509//2509 2511//2511 
f 2510//2510 2516//2516 2509//2509 
f 2516//2516 2515//2515 2509//2509 
f 2508//2508 2512//2512 2516//2516 
f 2510//2510 2508//2508 2516//2516 
f 2511//2511 2515//2515 2513//2513 
f 2514//2514 2513//2513 2515//2515 
f 2516//2516 2514//2514 2515//2515 
f 2512//2512 2514//2514 2516//2516 
f 2521//2521 2571//2571 2577//2577 
f 2521//2521 2522//2522 2572//2572 
f 2571//2571 2521//2521 2572//2572 
f 2522//2522 2519//2519 2517//2517 
f 2522//2522 2517//2517 2572//2572 
f 2572//2572 2517//2517 2573//2573 
f 2518//2518 2574//2574 2517//2517 
f 2517//2517 2574//2574 2573//2573 
f 2520//2520 2523//2523 2575//2575 
f 2520//2520 2575//2575 2518//2518 
f 2518//2518 2575//2575 2574//2574 
f 2523//2523 2524//2524 2576//2576 
f 2575//2575 2523//2523 2576//2576 
f 2576//2576 2524//2524 2578//2578 
f 2533//2533 2521//2521 2577//2577 
f 2579//2579 2533//2533 2577//2577 
f 2522//2522 2521//2521 2534//2534 
f 2534//2534 2521//2521 2533//2533 
f 2519//2519 2534//2534 2525//2525 
f 2522//2522 2534//2534 2519//2519 
f 2523//2523 2526//2526 2535//2535 
f 2520//2520 2526//2526 2523//2523 
f 2524//2524 2523//2523 2536//2536 
f 2536//2536 2523//2523 2535//2535 
f 2580//2580 2578//2578 2524//2524 
f 2536//2536 2580//2580 2524//2524 
f 2539//2539 2581//2581 2585//2585 
f 2539//2539 2540//2540 2582//2582 
f 2581//2581 2539//2539 2582//2582 
f 2579//2579 2582//2582 2540//2540 
f 2533//2533 2579//2579 2540//2540 
f 2533//2533 2540//2540 2537//2537 
f 2533//2533 2537//2537 2527//2527 
f 2528//2528 2533//2533 2527//2527 
f 2534//2534 2533//2533 2528//2528 
f 2525//2525 2534//2534 2528//2528 
f 2526//2526 2529//2529 2535//2535 
f 2530//2530 2535//2535 2529//2529 
f 2536//2536 2535//2535 2530//2530 
f 2536//2536 2583//2583 2580//2580 
f 2536//2536 2530//2530 2583//2583 
f 2530//2530 2531//2531 2583//2583 
f 2532//2532 2584//2584 2531//2531 
f 2531//2531 2584//2584 2583//2583 
f 2584//2584 2532//2532 2538//2538 
f 2586//2586 2584//2584 2538//2538 
f 2545//2545 2539//2539 2585//2585 
f 2587//2587 2545//2545 2585//2585 
f 2540//2540 2539//2539 2546//2546 
f 2546//2546 2539//2539 2545//2545 
f 2537//2537 2546//2546 2541//2541 
f 2540//2540 2546//2546 2537//2537 
f 2538//2538 2542//2542 2586//2586 
f 2586//2586 2542//2542 2588//2588 
f 2543//2543 2545//2545 2587//2587 
f 2543//2543 2587//2587 2547//2547 
f 2547//2547 2587//2587 2589//2589 
f 2544//2544 2545//2545 2543//2543 
f 2546//2546 2545//2545 2544//2544 
f 2541//2541 2546//2546 2544//2544 
f 2542//2542 2548//2548 2588//2588 
f 2588//2588 2548//2548 2590//2590 
f 2547//2547 2589//2589 2549//2549 
f 2589//2589 2591//2591 2549//2549 
f 2548//2548 2550//2550 2590//2590 
f 2590//2590 2550//2550 2592//2592 
f 2555//2555 2551//2551 2549//2549 
f 2555//2555 2549//2549 2593//2593 
f 2593//2593 2549//2549 2591//2591 
f 2551//2551 2556//2556 2552//2552 
f 2555//2555 2556//2556 2551//2551 
f 2552//2552 2556//2556 2553//2553 
f 2550//2550 2554//2554 2592//2592 
f 2592//2592 2554//2554 2594//2594 
f 2561//2561 2555//2555 2593//2593 
f 2595//2595 2561//2561 2593//2593 
f 2556//2556 2555//2555 2562//2562 
f 2562//2562 2555//2555 2561//2561 
f 2553//2553 2562//2562 2557//2557 
f 2556//2556 2562//2562 2553//2553 
f 2554//2554 2558//2558 2594//2594 
f 2594//2594 2558//2558 2596//2596 
f 2561//2561 2595//2595 2597//2597 
f 2562//2562 2561//2561 2597//2597 
f 2598//2598 2562//2562 2597//2597 
f 2598//2598 2557//2557 2562//2562 
f 2598//2598 2601//2601 2557//2557 
f 2601//2601 2563//2563 2557//2557 
f 2559//2559 2602//2602 2599//2599 
f 2564//2564 2602//2602 2559//2559 
f 2560//2560 2559//2559 2600//2600 
f 2559//2559 2599//2599 2600//2600 
f 2596//2596 2558//2558 2560//2560 
f 2600//2600 2596//2596 2560//2560 
f 2563//2563 2601//2601 2603//2603 
f 2565//2565 2563//2563 2603//2603 
f 2566//2566 2565//2565 2604//2604 
f 2565//2565 2603//2603 2604//2604 
f 2567//2567 2566//2566 2605//2605 
f 2566//2566 2604//2604 2605//2605 
f 2568//2568 2567//2567 2606//2606 
f 2567//2567 2605//2605 2606//2606 
f 2569//2569 2568//2568 2607//2607 
f 2568//2568 2606//2606 2607//2607 
f 2570//2570 2569//2569 2608//2608 
f 2569//2569 2607//2607 2608//2608 
f 2602//2602 2564//2564 2570//2570 
f 2608//2608 2602//2602 2570//2570 
f 2571//2571 2613//2613 2623//2623 
f 2577//2577 2571//2571 2623//2623 
f 2572//2572 2614//2614 2571//2571 
f 2571//2571 2614//2614 2613//2613 
f 2573//2573 2615//2615 2572//2572 
f 2572//2572 2615//2615 2614//2614 
f 2574//2574 2616//2616 2573//2573 
f 2573//2573 2616//2616 2615//2615 
f 2575//2575 2617//2617 2574//2574 
f 2574//2574 2617//2617 2616//2616 
f 2576//2576 2618//2618 2575//2575 
f 2575//2575 2618//2618 2617//2617 
f 2618//2618 2576//2576 2578//2578 
f 2624//2624 2618//2618 2578//2578 
f 2577//2577 2623//2623 2579//2579 
f 2623//2623 2627//2627 2579//2579 
f 2578//2578 2580//2580 2624//2624 
f 2624//2624 2580//2580 2628//2628 
f 2581//2581 2629//2629 2635//2635 
f 2585//2585 2581//2581 2635//2635 
f 2582//2582 2630//2630 2581//2581 
f 2581//2581 2630//2630 2629//2629 
f 2627//2627 2582//2582 2579//2579 
f 2630//2630 2582//2582 2627//2627 
f 2580//2580 2631//2631 2628//2628 
f 2583//2583 2631//2631 2580//2580 
f 2584//2584 2632//2632 2583//2583 
f 2583//2583 2632//2632 2631//2631 
f 2632//2632 2584//2584 2586//2586 
f 2636//2636 2632//2632 2586//2586 
f 2585//2585 2635//2635 2587//2587 
f 2635//2635 2637//2637 2587//2587 
f 2586//2586 2588//2588 2636//2636 
f 2636//2636 2588//2588 2638//2638 
f 2587//2587 2637//2637 2589//2589 
f 2637//2637 2639//2639 2589//2589 
f 2588//2588 2590//2590 2638//2638 
f 2638//2638 2590//2590 2640//2640 
f 2589//2589 2639//2639 2591//2591 
f 2639//2639 2641//2641 2591//2591 
f 2590//2590 2592//2592 2640//2640 
f 2640//2640 2592//2592 2642//2642 
f 2591//2591 2641//2641 2593//2593 
f 2641//2641 2643//2643 2593//2593 
f 2592//2592 2594//2594 2642//2642 
f 2642//2642 2594//2594 2644//2644 
f 2593//2593 2643//2643 2595//2595 
f 2643//2643 2647//2647 2595//2595 
f 2594//2594 2596//2596 2644//2644 
f 2644//2644 2596//2596 2648//2648 
f 2595//2595 2647//2647 2649//2649 
f 2597//2597 2595//2595 2649//2649 
f 2598//2598 2597//2597 2650//2650 
f 2597//2597 2649//2649 2650//2650 
f 2650//2650 2601//2601 2598//2598 
f 2655//2655 2601//2601 2650//2650 
f 2599//2599 2656//2656 2651//2651 
f 2602//2602 2656//2656 2599//2599 
f 2600//2600 2599//2599 2652//2652 
f 2599//2599 2651//2651 2652//2652 
f 2648//2648 2596//2596 2600//2600 
f 2652//2652 2648//2648 2600//2600 
f 2601//2601 2655//2655 2657//2657 
f 2603//2603 2601//2601 2657//2657 
f 2604//2604 2603//2603 2658//2658 
f 2603//2603 2657//2657 2658//2658 
f 2605//2605 2604//2604 2659//2659 
f 2604//2604 2658//2658 2659//2659 
f 2606//2606 2605//2605 2660//2660 
f 2605//2605 2659//2659 2660//2660 
f 2607//2607 2606//2606 2661//2661 
f 2606//2606 2660//2660 2661//2661 
f 2608//2608 2607//2607 2662//2662 
f 2607//2607 2661//2661 2662//2662 
f 2656//2656 2602//2602 2608//2608 
f 2662//2662 2656//2656 2608//2608 
f 2609//2609 2667//2667 2671//2671 
f 2609//2609 2610//2610 2668//2668 
f 2667//2667 2609//2609 2668//2668 
f 2610//2610 2611//2611 2669//2669 
f 2668//2668 2610//2610 2669//2669 
f 2611//2611 2612//2612 2670//2670 
f 2669//2669 2611//2611 2670//2670 
f 2670//2670 2612//2612 2672//2672 
f 2619//2619 2609//2609 2671//2671 
f 2673//2673 2619//2619 2671//2671 
f 2610//2610 2609//2609 2620//2620 
f 2620//2620 2609//2609 2619//2619 
f 2611//2611 2610//2610 2621//2621 
f 2621//2621 2610//2610 2620//2620 
f 2612//2612 2611//2611 2622//2622 
f 2622//2622 2611//2611 2621//2621 
f 2674//2674 2672//2672 2612//2612 
f 2622//2622 2674//2674 2612//2612 
f 2625//2625 2675//2675 2679//2679 
f 2625//2625 2626//2626 2676//2676 
f 2675//2675 2625//2625 2676//2676 
f 2673//2673 2676//2676 2626//2626 
f 2619//2619 2673//2673 2626//2626 
f 2619//2619 2626//2626 2623//2623 
f 2619//2619 2623//2623 2613//2613 
f 2614//2614 2619//2619 2613//2613 
f 2620//2620 2619//2619 2614//2614 
f 2615//2615 2620//2620 2614//2614 
f 2621//2621 2620//2620 2615//2615 
f 2616//2616 2621//2621 2615//2615 
f 2622//2622 2621//2621 2616//2616 
f 2622//2622 2677//2677 2674//2674 
f 2622//2622 2616//2616 2677//2677 
f 2616//2616 2617//2617 2677//2677 
f 2618//2618 2678//2678 2617//2617 
f 2617//2617 2678//2678 2677//2677 
f 2678//2678 2618//2618 2624//2624 
f 2680//2680 2678//2678 2624//2624 
f 2633//2633 2625//2625 2679//2679 
f 2681//2681 2633//2633 2679//2679 
f 2626//2626 2625//2625 2634//2634 
f 2634//2634 2625//2625 2633//2633 
f 2623//2623 2634//2634 2627//2627 
f 2626//2626 2634//2634 2623//2623 
f 2624//2624 2628//2628 2680//2680 
f 2680//2680 2628//2628 2682//2682 
f 2629//2629 2633//2633 2681//2681 
f 2629//2629 2681//2681 2635//2635 
f 2635//2635 2681//2681 2685//2685 
f 2630//2630 2633//2633 2629//2629 
f 2634//2634 2633//2633 2630//2630 
f 2627//2627 2634//2634 2630//2630 
f 2628//2628 2683//2683 2682//2682 
f 2631//2631 2683//2683 2628//2628 
f 2632//2632 2684//2684 2631//2631 
f 2631//2631 2684//2684 2683//2683 
f 2684//2684 2632//2632 2636//2636 
f 2686//2686 2684//2684 2636//2636 
f 2635//2635 2685//2685 2637//2637 
f 2685//2685 2687//2687 2637//2637 
f 2636//2636 2638//2638 2686//2686 
f 2686//2686 2638//2638 2688//2688 
f 2637//2637 2687//2687 2639//2639 
f 2687//2687 2689//2689 2639//2639 
f 2638//2638 2640//2640 2688//2688 
f 2688//2688 2640//2640 2690//2690 
f 2639//2639 2689//2689 2641//2641 
f 2689//2689 2691//2691 2641//2641 
f 2640//2640 2642//2642 2690//2690 
f 2690//2690 2642//2642 2692//2692 
f 2641//2641 2691//2691 2643//2643 
f 2691//2691 2695//2695 2643//2643 
f 2645//2645 2696//2696 2693//2693 
f 2645//2645 2694//2694 2646//2646 
f 2693//2693 2694//2694 2645//2645 
f 2646//2646 2694//2694 2692//2692 
f 2646//2646 2692//2692 2644//2644 
f 2644//2644 2692//2692 2642//2642 
f 2643//2643 2695//2695 2647//2647 
f 2695//2695 2697//2697 2647//2647 
f 2653//2653 2696//2696 2645//2645 
f 2698//2698 2696//2696 2653//2653 
f 2646//2646 2654//2654 2645//2645 
f 2654//2654 2653//2653 2645//2645 
f 2644//2644 2648//2648 2654//2654 
f 2646//2646 2644//2644 2654//2654 
f 2647//2647 2697//2697 2699//2699 
f 2649//2649 2647//2647 2699//2699 
f 2650//2650 2649//2649 2700//2700 
f 2649//2649 2699//2699 2700//2700 
f 2655//2655 2701//2701 2663//2663 
f 2655//2655 2650//2650 2701//2701 
f 2650//2650 2700//2700 2701//2701 
f 2663//2663 2702//2702 2664//2664 
f 2701//2701 2702//2702 2663//2663 
f 2702//2702 2705//2705 2664//2664 
f 2665//2665 2706//2706 2703//2703 
f 2665//2665 2704//2704 2666//2666 
f 2703//2703 2704//2704 2665//2665 
f 2698//2698 2666//2666 2704//2704 
f 2653//2653 2666//2666 2698//2698 
f 2653//2653 2656//2656 2666//2666 
f 2653//2653 2651//2651 2656//2656 
f 2652//2652 2651//2651 2653//2653 
f 2654//2654 2652//2652 2653//2653 
f 2648//2648 2652//2652 2654//2654 
f 2655//2655 2663//2663 2657//2657 
f 2658//2658 2657//2657 2663//2663 
f 2664//2664 2658//2658 2663//2663 
f 2664//2664 2705//2705 2707//2707 
f 2664//2664 2707//2707 2658//2658 
f 2658//2658 2707//2707 2659//2659 
f 2660//2660 2659//2659 2708//2708 
f 2659//2659 2707//2707 2708//2708 
f 2706//2706 2665//2665 2661//2661 
f 2706//2706 2661//2661 2708//2708 
f 2708//2708 2661//2661 2660//2660 
f 2662//2662 2661//2661 2665//2665 
f 2666//2666 2662//2662 2665//2665 
f 2656//2656 2662//2662 2666//2666 
f 2667//2667 2709//2709 2713//2713 
f 2671//2671 2667//2667 2713//2713 
f 2668//2668 2710//2710 2667//2667 
f 2667//2667 2710//2710 2709//2709 
f 2669//2669 2711//2711 2668//2668 
f 2668//2668 2711//2711 2710//2710 
f 2670//2670 2712//2712 2669//2669 
f 2669//2669 2712//2712 2711//2711 
f 2712//2712 2670//2670 2672//2672 
f 2714//2714 2712//2712 2672//2672 
f 2671//2671 2713//2713 2673//2673 
f 2713//2713 2717//2717 2673//2673 
f 2672//2672 2674//2674 2714//2714 
f 2714//2714 2674//2674 2718//2718 
f 2675//2675 2719//2719 2725//2725 
f 2679//2679 2675//2675 2725//2725 
f 2676//2676 2720//2720 2675//2675 
f 2675//2675 2720//2720 2719//2719 
f 2717//2717 2676//2676 2673//2673 
f 2720//2720 2676//2676 2717//2717 
f 2674//2674 2721//2721 2718//2718 
f 2677//2677 2721//2721 2674//2674 
f 2678//2678 2722//2722 2677//2677 
f 2677//2677 2722//2722 2721//2721 
f 2722//2722 2678//2678 2680//2680 
f 2726//2726 2722//2722 2680//2680 
f 2679//2679 2725//2725 2681//2681 
f 2725//2725 2727//2727 2681//2681 
f 2680//2680 2682//2682 2726//2726 
f 2726//2726 2682//2682 2728//2728 
f 2681//2681 2727//2727 2685//2685 
f 2727//2727 2731//2731 2685//2685 
f 2682//2682 2729//2729 2728//2728 
f 2683//2683 2729//2729 2682//2682 
f 2684//2684 2730//2730 2683//2683 
f 2683//2683 2730//2730 2729//2729 
f 2730//2730 2684//2684 2686//2686 
f 2732//2732 2730//2730 2686//2686 
f 2685//2685 2731//2731 2687//2687 
f 2731//2731 2735//2735 2687//2687 
f 2686//2686 2688//2688 2732//2732 
f 2732//2732 2688//2688 2736//2736 
f 2687//2687 2735//2735 2689//2689 
f 2735//2735 2739//2739 2689//2689 
f 2688//2688 2690//2690 2736//2736 
f 2736//2736 2690//2690 2740//2740 
f 2689//2689 2739//2739 2691//2691 
f 2739//2739 2743//2743 2691//2691 
f 2690//2690 2692//2692 2740//2740 
f 2740//2740 2692//2692 2744//2744 
f 2691//2691 2743//2743 2695//2695 
f 2743//2743 2749//2749 2695//2695 
f 2693//2693 2750//2750 2745//2745 
f 2696//2696 2750//2750 2693//2693 
f 2694//2694 2693//2693 2746//2746 
f 2693//2693 2745//2745 2746//2746 
f 2744//2744 2692//2692 2694//2694 
f 2746//2746 2744//2744 2694//2694 
f 2695//2695 2749//2749 2697//2697 
f 2749//2749 2751//2751 2697//2697 
f 2696//2696 2698//2698 2750//2750 
f 2750//2750 2698//2698 2752//2752 
f 2697//2697 2751//2751 2753//2753 
f 2699//2699 2697//2697 2753//2753 
f 2700//2700 2699//2699 2754//2754 
f 2699//2699 2753//2753 2754//2754 
f 2701//2701 2700//2700 2755//2755 
f 2700//2700 2754//2754 2755//2755 
f 2702//2702 2701//2701 2756//2756 
f 2701//2701 2755//2755 2756//2756 
f 2756//2756 2705//2705 2702//2702 
f 2759//2759 2705//2705 2756//2756 
f 2703//2703 2760//2760 2757//2757 
f 2706//2706 2760//2760 2703//2703 
f 2704//2704 2703//2703 2758//2758 
f 2703//2703 2757//2757 2758//2758 
f 2752//2752 2698//2698 2704//2704 
f 2758//2758 2752//2752 2704//2704 
f 2705//2705 2759//2759 2761//2761 
f 2707//2707 2705//2705 2761//2761 
f 2708//2708 2707//2707 2762//2762 
f 2707//2707 2761//2761 2762//2762 
f 2760//2760 2706//2706 2708//2708 
f 2762//2762 2760//2760 2708//2708 
f 2709//2709 2765//2765 2771//2771 
f 2713//2713 2709//2709 2771//2771 
f 2710//2710 2766//2766 2709//2709 
f 2709//2709 2766//2766 2765//2765 
f 2711//2711 2767//2767 2710//2710 
f 2710//2710 2767//2767 2766//2766 
f 2712//2712 2768//2768 2711//2711 
f 2711//2711 2768//2768 2767//2767 
f 2714//2714 2715//2715 2769//2769 
f 2714//2714 2769//2769 2712//2712 
f 2712//2712 2769//2769 2768//2768 
f 2715//2715 2716//2716 2770//2770 
f 2769//2769 2715//2715 2770//2770 
f 2770//2770 2716//2716 2772//2772 
f 2713//2713 2771//2771 2717//2717 
f 2771//2771 2775//2775 2717//2717 
f 2715//2715 2718//2718 2723//2723 
f 2714//2714 2718//2718 2715//2715 
f 2716//2716 2715//2715 2724//2724 
f 2724//2724 2715//2715 2723//2723 
f 2776//2776 2772//2772 2716//2716 
f 2724//2724 2776//2776 2716//2716 
f 2719//2719 2777//2777 2781//2781 
f 2725//2725 2719//2719 2781//2781 
f 2720//2720 2778//2778 2719//2719 
f 2719//2719 2778//2778 2777//2777 
f 2775//2775 2720//2720 2717//2717 
f 2778//2778 2720//2720 2775//2775 
f 2718//2718 2721//2721 2723//2723 
f 2722//2722 2723//2723 2721//2721 
f 2724//2724 2723//2723 2722//2722 
f 2724//2724 2722//2722 2726//2726 
f 2724//2724 2726//2726 2776//2776 
f 2776//2776 2726//2726 2782//2782 
f 2725//2725 2781//2781 2727//2727 
f 2781//2781 2783//2783 2727//2727 
f 2726//2726 2728//2728 2782//2782 
f 2782//2782 2728//2728 2784//2784 
f 2727//2727 2783//2783 2731//2731 
f 2783//2783 2785//2785 2731//2731 
f 2733//2733 2728//2728 2729//2729 
f 2733//2733 2786//2786 2728//2728 
f 2786//2786 2784//2784 2728//2728 
f 2729//2729 2730//2730 2734//2734 
f 2733//2733 2729//2729 2734//2734 
f 2730//2730 2732//2732 2734//2734 
f 2731//2731 2785//2785 2735//2735 
f 2785//2785 2789//2789 2735//2735 
f 2737//2737 2786//2786 2733//2733 
f 2790//2790 2786//2786 2737//2737 
f 2734//2734 2738//2738 2733//2733 
f 2738//2738 2737//2737 2733//2733 
f 2732//2732 2736//2736 2738//2738 
f 2734//2734 2732//2732 2738//2738 
f 2735//2735 2789//2789 2739//2739 
f 2789//2789 2793//2793 2739//2739 
f 2741//2741 2790//2790 2737//2737 
f 2794//2794 2790//2790 2741//2741 
f 2738//2738 2742//2742 2737//2737 
f 2742//2742 2741//2741 2737//2737 
f 2736//2736 2740//2740 2742//2742 
f 2738//2738 2736//2736 2742//2742 
f 2739//2739 2793//2793 2743//2743 
f 2793//2793 2795//2795 2743//2743 
f 2747//2747 2794//2794 2741//2741 
f 2796//2796 2794//2794 2747//2747 
f 2742//2742 2748//2748 2741//2741 
f 2748//2748 2747//2747 2741//2741 
f 2740//2740 2744//2744 2748//2748 
f 2742//2742 2740//2740 2748//2748 
f 2743//2743 2795//2795 2749//2749 
f 2795//2795 2797//2797 2749//2749 
f 2745//2745 2796//2796 2747//2747 
f 2745//2745 2750//2750 2796//2796 
f 2750//2750 2798//2798 2796//2796 
f 2746//2746 2745//2745 2747//2747 
f 2748//2748 2746//2746 2747//2747 
f 2744//2744 2746//2746 2748//2748 
f 2749//2749 2797//2797 2751//2751 
f 2797//2797 2801//2801 2751//2751 
f 2750//2750 2752//2752 2798//2798 
f 2798//2798 2752//2752 2802//2802 
f 2751//2751 2801//2801 2803//2803 
f 2753//2753 2751//2751 2803//2803 
f 2754//2754 2753//2753 2804//2804 
f 2753//2753 2803//2803 2804//2804 
f 2755//2755 2754//2754 2805//2805 
f 2754//2754 2804//2804 2805//2805 
f 2756//2756 2755//2755 2806//2806 
f 2755//2755 2805//2805 2806//2806 
f 2759//2759 2807//2807 2763//2763 
f 2759//2759 2756//2756 2807//2807 
f 2756//2756 2806//2806 2807//2807 
f 2763//2763 2808//2808 2764//2764 
f 2807//2807 2808//2808 2763//2763 
f 2764//2764 2757//2757 2760//2760 
f 2764//2764 2808//2808 2757//2757 
f 2808//2808 2809//2809 2757//2757 
f 2758//2758 2757//2757 2810//2810 
f 2757//2757 2809//2809 2810//2810 
f 2802//2802 2752//2752 2758//2758 
f 2810//2810 2802//2802 2758//2758 
f 2759//2759 2763//2763 2761//2761 
f 2762//2762 2761//2761 2763//2763 
f 2764//2764 2762//2762 2763//2763 
f 2760//2760 2762//2762 2764//2764 
f 2773//2773 2813//2813 2821//2821 
f 2773//2773 2774//2774 2814//2814 
f 2813//2813 2773//2773 2814//2814 
f 2774//2774 2771//2771 2765//2765 
f 2774//2774 2765//2765 2814//2814 
f 2814//2814 2765//2765 2815//2815 
f 2766//2766 2816//2816 2765//2765 
f 2765//2765 2816//2816 2815//2815 
f 2767//2767 2817//2817 2766//2766 
f 2766//2766 2817//2817 2816//2816 
f 2768//2768 2818//2818 2767//2767 
f 2767//2767 2818//2818 2817//2817 
f 2769//2769 2819//2819 2768//2768 
f 2768//2768 2819//2819 2818//2818 
f 2770//2770 2820//2820 2769//2769 
f 2769//2769 2820//2820 2819//2819 
f 2820//2820 2770//2770 2772//2772 
f 2822//2822 2820//2820 2772//2772 
f 2779//2779 2773//2773 2821//2821 
f 2825//2825 2779//2779 2821//2821 
f 2774//2774 2773//2773 2780//2780 
f 2780//2780 2773//2773 2779//2779 
f 2771//2771 2780//2780 2775//2775 
f 2774//2774 2780//2780 2771//2771 
f 2772//2772 2776//2776 2822//2822 
f 2822//2822 2776//2776 2826//2826 
f 2777//2777 2779//2779 2825//2825 
f 2777//2777 2825//2825 2781//2781 
f 2781//2781 2825//2825 2829//2829 
f 2778//2778 2779//2779 2777//2777 
f 2780//2780 2779//2779 2778//2778 
f 2775//2775 2780//2780 2778//2778 
f 2776//2776 2782//2782 2826//2826 
f 2826//2826 2782//2782 2830//2830 
f 2781//2781 2829//2829 2783//2783 
f 2829//2829 2833//2833 2783//2783 
f 2782//2782 2784//2784 2830//2830 
f 2830//2830 2784//2784 2834//2834 
f 2787//2787 2835//2835 2839//2839 
f 2787//2787 2788//2788 2836//2836 
f 2835//2835 2787//2787 2836//2836 
f 2788//2788 2833//2833 2836//2836 
f 2788//2788 2785//2785 2833//2833 
f 2785//2785 2783//2783 2833//2833 
f 2784//2784 2786//2786 2834//2834 
f 2834//2834 2786//2786 2840//2840 
f 2791//2791 2787//2787 2839//2839 
f 2841//2841 2791//2791 2839//2839 
f 2788//2788 2787//2787 2792//2792 
f 2792//2792 2787//2787 2791//2791 
f 2785//2785 2792//2792 2789//2789 
f 2788//2788 2792//2792 2785//2785 
f 2786//2786 2790//2790 2840//2840 
f 2840//2840 2790//2790 2842//2842 
f 2791//2791 2841//2841 2843//2843 
f 2792//2792 2791//2791 2843//2843 
f 2844//2844 2792//2792 2843//2843 
f 2844//2844 2789//2789 2792//2792 
f 2844//2844 2845//2845 2789//2789 
f 2845//2845 2793//2793 2789//2789 
f 2790//2790 2794//2794 2842//2842 
f 2842//2842 2794//2794 2846//2846 
f 2793//2793 2845//2845 2795//2795 
f 2845//2845 2849//2849 2795//2795 
f 2794//2794 2796//2796 2846//2846 
f 2846//2846 2796//2796 2850//2850 
f 2795//2795 2849//2849 2797//2797 
f 2849//2849 2855//2855 2797//2797 
f 2799//2799 2856//2856 2851//2851 
f 2799//2799 2852//2852 2800//2800 
f 2851//2851 2852//2852 2799//2799 
f 2800//2800 2852//2852 2850//2850 
f 2800//2800 2850//2850 2798//2798 
f 2798//2798 2850//2850 2796//2796 
f 2797//2797 2855//2855 2801//2801 
f 2855//2855 2857//2857 2801//2801 
f 2811//2811 2856//2856 2799//2799 
f 2858//2858 2856//2856 2811//2811 
f 2800//2800 2812//2812 2799//2799 
f 2812//2812 2811//2811 2799//2799 
f 2798//2798 2802//2802 2812//2812 
f 2800//2800 2798//2798 2812//2812 
f 2801//2801 2857//2857 2859//2859 
f 2803//2803 2801//2801 2859//2859 
f 2804//2804 2803//2803 2860//2860 
f 2803//2803 2859//2859 2860//2860 
f 2805//2805 2804//2804 2861//2861 
f 2804//2804 2860//2860 2861//2861 
f 2806//2806 2805//2805 2862//2862 
f 2805//2805 2861//2861 2862//2862 
f 2807//2807 2806//2806 2863//2863 
f 2806//2806 2862//2862 2863//2863 
f 2808//2808 2807//2807 2864//2864 
f 2807//2807 2863//2863 2864//2864 
f 2858//2858 2811//2811 2809//2809 
f 2858//2858 2809//2809 2864//2864 
f 2864//2864 2809//2809 2808//2808 
f 2810//2810 2809//2809 2811//2811 
f 2812//2812 2810//2810 2811//2811 
f 2802//2802 2810//2810 2812//2812 
f 2813//2813 2865//2865 2871//2871 
f 2821//2821 2813//2813 2871//2871 
f 2814//2814 2866//2866 2813//2813 
f 2813//2813 2866//2866 2865//2865 
f 2815//2815 2867//2867 2814//2814 
f 2814//2814 2867//2867 2866//2866 
f 2816//2816 2868//2868 2815//2815 
f 2815//2815 2868//2868 2867//2867 
f 2817//2817 2869//2869 2816//2816 
f 2816//2816 2869//2869 2868//2868 
f 2818//2818 2870//2870 2817//2817 
f 2817//2817 2870//2870 2869//2869 
f 2823//2823 2872//2872 2870//2870 
f 2823//2823 2870//2870 2819//2819 
f 2819//2819 2870//2870 2818//2818 
f 2819//2819 2820//2820 2824//2824 
f 2823//2823 2819//2819 2824//2824 
f 2820//2820 2822//2822 2824//2824 
f 2821//2821 2871//2871 2825//2825 
f 2871//2871 2879//2879 2825//2825 
f 2827//2827 2872//2872 2823//2823 
f 2880//2880 2872//2872 2827//2827 
f 2824//2824 2828//2828 2823//2823 
f 2828//2828 2827//2827 2823//2823 
f 2822//2822 2826//2826 2828//2828 
f 2824//2824 2822//2822 2828//2828 
f 2831//2831 2881//2881 2891//2891 
f 2831//2831 2832//2832 2882//2882 
f 2881//2881 2831//2831 2882//2882 
f 2832//2832 2879//2879 2882//2882 
f 2832//2832 2829//2829 2879//2879 
f 2829//2829 2825//2825 2879//2879 
f 2827//2827 2883//2883 2880//2880 
f 2828//2828 2883//2883 2827//2827 
f 2884//2884 2883//2883 2828//2828 
f 2884//2884 2828//2828 2826//2826 
f 2884//2884 2826//2826 2892//2892 
f 2892//2892 2826//2826 2830//2830 
f 2837//2837 2831//2831 2891//2891 
f 2903//2903 2837//2837 2891//2891 
f 2832//2832 2831//2831 2838//2838 
f 2838//2838 2831//2831 2837//2837 
f 2829//2829 2838//2838 2833//2833 
f 2832//2832 2838//2838 2829//2829 
f 2830//2830 2834//2834 2892//2892 
f 2892//2892 2834//2834 2904//2904 
f 2835//2835 2837//2837 2903//2903 
f 2835//2835 2903//2903 2839//2839 
f 2839//2839 2903//2903 2915//2915 
f 2836//2836 2837//2837 2835//2835 
f 2838//2838 2837//2837 2836//2836 
f 2833//2833 2838//2838 2836//2836 
f 2834//2834 2840//2840 2904//2904 
f 2904//2904 2840//2840 2916//2916 
f 2839//2839 2915//2915 2841//2841 
f 2915//2915 2927//2927 2841//2841 
f 2840//2840 2842//2842 2916//2916 
f 2916//2916 2842//2842 2928//2928 
f 2847//2847 2843//2843 2841//2841 
f 2847//2847 2841//2841 2939//2939 
f 2939//2939 2841//2841 2927//2927 
f 2843//2843 2848//2848 2844//2844 
f 2847//2847 2848//2848 2843//2843 
f 2844//2844 2848//2848 2845//2845 
f 2842//2842 2846//2846 2928//2928 
f 2928//2928 2846//2846 2940//2940 
f 2853//2853 2847//2847 2939//2939 
f 2951//2951 2853//2853 2939//2939 
f 2848//2848 2847//2847 2854//2854 
f 2854//2854 2847//2847 2853//2853 
f 2845//2845 2854//2854 2849//2849 
f 2848//2848 2854//2854 2845//2845 
f 2846//2846 2850//2850 2940//2940 
f 2940//2940 2850//2850 2952//2952 
f 2853//2853 2951//2951 2953//2953 
f 2854//2854 2853//2853 2953//2953 
f 2954//2954 2854//2854 2953//2953 
f 2954//2954 2849//2849 2854//2854 
f 2954//2954 2967//2967 2849//2849 
f 2967//2967 2855//2855 2849//2849 
f 2851//2851 2968//2968 2955//2955 
f 2856//2856 2968//2968 2851//2851 
f 2852//2852 2851//2851 2956//2956 
f 2851//2851 2955//2955 2956//2956 
f 2952//2952 2850//2850 2852//2852 
f 2956//2956 2952//2952 2852//2852 
f 2855//2855 2967//2967 2857//2857 
f 2967//2967 2975//2975 2857//2857 
f 2856//2856 2858//2858 2968//2968 
f 2968//2968 2858//2858 2976//2976 
f 2857//2857 2975//2975 2977//2977 
f 2859//2859 2857//2857 2977//2977 
f 2860//2860 2859//2859 2978//2978 
f 2859//2859 2977//2977 2978//2978 
f 2861//2861 2860//2860 2979//2979 
f 2860//2860 2978//2978 2979//2979 
f 2862//2862 2861//2861 2980//2980 
f 2861//2861 2979//2979 2980//2980 
f 2863//2863 2862//2862 2981//2981 
f 2862//2862 2980//2980 2981//2981 
f 2864//2864 2863//2863 2982//2982 
f 2863//2863 2981//2981 2982//2982 
f 2976//2976 2858//2858 2864//2864 
f 2982//2982 2976//2976 2864//2864 
f 2865//2865 2873//2873 2871//2871 
f 2865//2865 2866//2866 2874//2874 
f 2873//2873 2865//2865 2874//2874 
f 2866//2866 2867//2867 2875//2875 
f 2874//2874 2866//2866 2875//2875 
f 2867//2867 2868//2868 2876//2876 
f 2875//2875 2867//2867 2876//2876 
f 2868//2868 2869//2869 2877//2877 
f 2876//2876 2868//2868 2877//2877 
f 2869//2869 2870//2870 2878//2878 
f 2877//2877 2869//2869 2878//2878 
f 2870//2870 2872//2872 2878//2878 
f 2873//2873 2885//2885 2879//2879 
f 2871//2871 2873//2873 2879//2879 
f 2874//2874 2886//2886 2873//2873 
f 2886//2886 2885//2885 2873//2873 
f 2875//2875 2887//2887 2874//2874 
f 2887//2887 2886//2886 2874//2874 
f 2876//2876 2888//2888 2875//2875 
f 2888//2888 2887//2887 2875//2875 
f 2877//2877 2889//2889 2876//2876 
f 2889//2889 2888//2888 2876//2876 
f 2878//2878 2890//2890 2877//2877 
f 2890//2890 2889//2889 2877//2877 
f 2872//2872 2880//2880 2890//2890 
f 2878//2878 2872//2872 2890//2890 
f 2881//2881 2893//2893 2891//2891 
f 2881//2881 2882//2882 2894//2894 
f 2893//2893 2881//2881 2894//2894 
f 2882//2882 2879//2879 2885//2885 
f 2882//2882 2885//2885 2894//2894 
f 2894//2894 2885//2885 2895//2895 
f 2886//2886 2896//2896 2885//2885 
f 2896//2896 2895//2895 2885//2885 
f 2887//2887 2897//2897 2886//2886 
f 2897//2897 2896//2896 2886//2886 
f 2888//2888 2898//2898 2887//2887 
f 2898//2898 2897//2897 2887//2887 
f 2889//2889 2899//2899 2888//2888 
f 2899//2899 2898//2898 2888//2888 
f 2890//2890 2900//2900 2889//2889 
f 2900//2900 2899//2899 2889//2889 
f 2880//2880 2883//2883 2901//2901 
f 2880//2880 2901//2901 2890//2890 
f 2890//2890 2901//2901 2900//2900 
f 2883//2883 2884//2884 2902//2902 
f 2901//2901 2883//2883 2902//2902 
f 2884//2884 2892//2892 2902//2902 
f 2893//2893 2905//2905 2903//2903 
f 2891//2891 2893//2893 2903//2903 
f 2894//2894 2906//2906 2893//2893 
f 2906//2906 2905//2905 2893//2893 
f 2895//2895 2907//2907 2894//2894 
f 2907//2907 2906//2906 2894//2894 
f 2896//2896 2908//2908 2895//2895 
f 2908//2908 2907//2907 2895//2895 
f 2897//2897 2909//2909 2896//2896 
f 2909//2909 2908//2908 2896//2896 
f 2898//2898 2910//2910 2897//2897 
f 2910//2910 2909//2909 2897//2897 
f 2899//2899 2911//2911 2898//2898 
f 2911//2911 2910//2910 2898//2898 
f 2900//2900 2912//2912 2899//2899 
f 2912//2912 2911//2911 2899//2899 
f 2901//2901 2913//2913 2900//2900 
f 2913//2913 2912//2912 2900//2900 
f 2902//2902 2914//2914 2901//2901 
f 2914//2914 2913//2913 2901//2901 
f 2892//2892 2904//2904 2914//2914 
f 2902//2902 2892//2892 2914//2914 
f 2905//2905 2917//2917 2915//2915 
f 2903//2903 2905//2905 2915//2915 
f 2906//2906 2918//2918 2905//2905 
f 2918//2918 2917//2917 2905//2905 
f 2907//2907 2919//2919 2906//2906 
f 2919//2919 2918//2918 2906//2906 
f 2908//2908 2920//2920 2907//2907 
f 2920//2920 2919//2919 2907//2907 
f 2909//2909 2921//2921 2908//2908 
f 2921//2921 2920//2920 2908//2908 
f 2910//2910 2922//2922 2909//2909 
f 2922//2922 2921//2921 2909//2909 
f 2911//2911 2923//2923 2910//2910 
f 2923//2923 2922//2922 2910//2910 
f 2912//2912 2924//2924 2911//2911 
f 2924//2924 2923//2923 2911//2911 
f 2913//2913 2925//2925 2912//2912 
f 2925//2925 2924//2924 2912//2912 
f 2914//2914 2926//2926 2913//2913 
f 2926//2926 2925//2925 2913//2913 
f 2904//2904 2916//2916 2926//2926 
f 2914//2914 2904//2904 2926//2926 
f 2917//2917 2929//2929 2927//2927 
f 2915//2915 2917//2917 2927//2927 
f 2918//2918 2930//2930 2917//2917 
f 2930//2930 2929//2929 2917//2917 
f 2919//2919 2931//2931 2918//2918 
f 2931//2931 2930//2930 2918//2918 
f 2920//2920 2932//2932 2919//2919 
f 2932//2932 2931//2931 2919//2919 
f 2921//2921 2933//2933 2920//2920 
f 2933//2933 2932//2932 2920//2920 
f 2922//2922 2934//2934 2921//2921 
f 2934//2934 2933//2933 2921//2921 
f 2923//2923 2935//2935 2922//2922 
f 2935//2935 2934//2934 2922//2922 
f 2924//2924 2936//2936 2923//2923 
f 2936//2936 2935//2935 2923//2923 
f 2925//2925 2937//2937 2924//2924 
f 2937//2937 2936//2936 2924//2924 
f 2926//2926 2938//2938 2925//2925 
f 2938//2938 2937//2937 2925//2925 
f 2916//2916 2928//2928 2938//2938 
f 2926//2926 2916//2916 2938//2938 
f 2929//2929 2941//2941 2939//2939 
f 2927//2927 2929//2929 2939//2939 
f 2930//2930 2942//2942 2929//2929 
f 2942//2942 2941//2941 2929//2929 
f 2931//2931 2943//2943 2930//2930 
f 2943//2943 2942//2942 2930//2930 
f 2932//2932 2944//2944 2931//2931 
f 2944//2944 2943//2943 2931//2931 
f 2933//2933 2945//2945 2932//2932 
f 2945//2945 2944//2944 2932//2932 
f 2934//2934 2946//2946 2933//2933 
f 2946//2946 2945//2945 2933//2933 
f 2935//2935 2947//2947 2934//2934 
f 2947//2947 2946//2946 2934//2934 
f 2936//2936 2948//2948 2935//2935 
f 2948//2948 2947//2947 2935//2935 
f 2937//2937 2949//2949 2936//2936 
f 2949//2949 2948//2948 2936//2936 
f 2938//2938 2950//2950 2937//2937 
f 2950//2950 2949//2949 2937//2937 
f 2928//2928 2940//2940 2950//2950 
f 2938//2938 2928//2928 2950//2950 
f 2941//2941 2957//2957 2951//2951 
f 2939//2939 2941//2941 2951//2951 
f 2942//2942 2958//2958 2941//2941 
f 2958//2958 2957//2957 2941//2941 
f 2943//2943 2959//2959 2942//2942 
f 2959//2959 2958//2958 2942//2942 
f 2944//2944 2960//2960 2943//2943 
f 2960//2960 2959//2959 2943//2943 
f 2945//2945 2961//2961 2944//2944 
f 2961//2961 2960//2960 2944//2944 
f 2946//2946 2962//2962 2945//2945 
f 2962//2962 2961//2961 2945//2945 
f 2947//2947 2963//2963 2946//2946 
f 2963//2963 2962//2962 2946//2946 
f 2948//2948 2964//2964 2947//2947 
f 2964//2964 2963//2963 2947//2947 
f 2949//2949 2965//2965 2948//2948 
f 2965//2965 2964//2964 2948//2948 
f 2950//2950 2966//2966 2949//2949 
f 2966//2966 2965//2965 2949//2949 
f 2940//2940 2952//2952 2966//2966 
f 2950//2950 2940//2940 2966//2966 
f 2951//2951 2957//2957 2953//2953 
f 2954//2954 2953//2953 2957//2957 
f 2958//2958 2954//2954 2957//2957 
f 2967//2967 2954//2954 2958//2958 
f 2967//2967 2958//2958 2969//2969 
f 2969//2969 2958//2958 2959//2959 
f 2960//2960 2970//2970 2959//2959 
f 2970//2970 2969//2969 2959//2959 
f 2961//2961 2971//2971 2960//2960 
f 2971//2971 2970//2970 2960//2960 
f 2962//2962 2972//2972 2961//2961 
f 2972//2972 2971//2971 2961//2961 
f 2963//2963 2973//2973 2962//2962 
f 2973//2973 2972//2972 2962//2962 
f 2964//2964 2974//2974 2963//2963 
f 2974//2974 2973//2973 2963//2963 
f 2955//2955 2968//2968 2974//2974 
f 2955//2955 2974//2974 2965//2965 
f 2965//2965 2974//2974 2964//2964 
f 2956//2956 2955//2955 2965//2965 
f 2966//2966 2956//2956 2965//2965 
f 2952//2952 2956//2956 2966//2966 
f 2969//2969 2983//2983 2975//2975 
f 2967//2967 2969//2969 2975//2975 
f 2970//2970 2984//2984 2969//2969 
f 2984//2984 2983//2983 2969//2969 
f 2971//2971 2985//2985 2970//2970 
f 2985//2985 2984//2984 2970//2970 
f 2972//2972 2986//2986 2971//2971 
f 2986//2986 2985//2985 2971//2971 
f 2973//2973 2987//2987 2972//2972 
f 2987//2987 2986//2986 2972//2972 
f 2974//2974 2988//2988 2973//2973 
f 2988//2988 2987//2987 2973//2973 
f 2968//2968 2976//2976 2988//2988 
f 2974//2974 2968//2968 2988//2988 
f 2975//2975 2983//2983 2977//2977 
f 2978//2978 2977//2977 2983//2983 
f 2984//2984 2978//2978 2983//2983 
f 2979//2979 2978//2978 2984//2984 
f 2985//2985 2979//2979 2984//2984 
f 2980//2980 2979//2979 2985//2985 
f 2986//2986 2980//2980 2985//2985 
f 2981//2981 2980//2980 2986//2986 
f 2987//2987 2981//2981 2986//2986 
f 2982//2982 2981//2981 2987//2987 
f 2988//2988 2982//2982 2987//2987 
f 2976//2976 2982//2982 2988//2988 
